,ticker,close,strong,dd,fresh,r5,spy5,x5,r20,spy20,x20,r60,spy60,x60,r120,spy120,x120,r250,spy250,x250,worst60
2018-11-12,AAPL,48.5425,True,-0.16832997815565176,True,-0.04279754853993911,-0.012730674689070631,-0.03006687385086848,-0.1291136632847505,-0.026085042374435985,-0.1030286209103145,-0.1274141216459802,-0.00715412554573136,-0.12025999610024884,0.04496060153473769,0.054884983673918475,-0.009924382139180787,0.35036308389555537,0.13126903180834293,0.21909405208721244,-0.26868208271102634
2020-02-27,AAPL,68.38,True,-0.1657160286716487,True,0.07092717168762808,0.01663809619844714,0.05428907548918094,-0.05513307984790872,-0.12204631777083119,0.06691323792292247,0.165874524714829,-0.006957749319350559,0.17283227403417956,0.6900043872477333,0.1382474538670968,0.5517569333806365,0.8331383445451888,0.31682968639709586,0.5163086581480929,-0.22268938286048545
2020-09-08,AAPL,112.82,True,-0.1823452674300623,True,0.024109200496366112,0.02088772845953013,0.0032214720368359817,0.0030136500620456808,0.0051619099066655405,-0.0021482598446198597,0.09094132246055664,0.1007772875964108,-0.009835965135854163,0.10902322283283117,0.16004921821073803,-0.05102599537790686,0.36766530756957994,0.3597431049488311,0.00792220262074883,-0.08615493706789579
2021-02-25,AAPL,120.99,True,-0.16610379764284244,True,-0.007108025456649347,-0.014725498914550217,0.00761747345790087,-0.0033060583519298747,0.019276541207857045,-0.02258259955978692,0.03669724770642202,0.08529280987628485,-0.04859556216986283,0.24134225969088363,0.1614050689195199,0.07993719077136374,0.3581287709728076,0.12355818272173247,0.23457058825107513,-0.03950739730556241
2022-03-11,AAPL,154.73,True,-0.15420356401005797,True,0.05978155496671622,0.05820458495012737,0.0015769700165888523,0.09926969559878507,0.06546527959625781,0.03380441600252726,-0.038906482259419506,-0.01030780584188351,-0.028598676417535995,0.020875072707296605,-0.056300140452781644,0.07717521316007825,-0.04026368512893419,-0.08131978003666052,0.041056094907726326,-0.14295870225554175
2024-03-06,AAPL,169.12,True,-0.15279030157298867,True,0.01188505203405854,0.012202059833251733,-0.0003170077991931919,-0.0017738883632923974,0.0065129965669445955,-0.008286884930236993,0.13676679280983906,0.03456596370769982,0.10220082910213923,0.3483325449385051,0.10163805787150548,0.2466944870669996,0.3914971617786187,0.12351152525747922,0.2679856365211395,-0.02980132450331119
2025-03-11,AAPL,220.84,True,-0.15094194540561323,True,-0.03690454627784823,0.009173981867894643,-0.04607852814574287,-0.2192537583771057,-0.10692185926032516,-0.11233189911678054,-0.09151421843868868,0.06679018563822137,-0.15830440407691004,0.0402101068646985,0.15173046481508146,-0.11152035795038295,0.18108132584676673,0.21812491005900125,-0.037043584212234526,-0.23378916862887156
2018-03-22,ABBV,98.1,True,-0.22056252979501034,True,-0.03516819571865437,-0.0019721621724125837,-0.03319603354624179,-0.05606523955147813,0.011150301513255245,-0.06721554106473338,0.003873598369011244,0.04888686615845561,-0.04501326778944437,-0.04954128440366967,0.09652216786134171,-0.14606345226501138,-0.17186544342507648,0.0798725679827057,-0.2517380114077822,-0.10071355759429146
2020-03-12,ABBV,78.61,True,-0.1967095851216023,True,-0.09604376033583506,-0.030631574704768183,-0.06541218563106688,0.014501971759318222,0.12127685300874602,-0.1067748812494278,0.20328202518763527,0.3026480190238199,-0.09936599383618461,0.17338760971886513,0.42114384748700173,-0.2477562377681366,0.37387100877750923,0.5701906412478335,-0.19631963247032425,-0.20429970741635928
2022-04-29,ABBV,146.88,True,-0.1650275709169462,True,0.0405092592592593,-0.001601941747572888,0.04211120100683219,0.0212418300653594,0.007912621359223326,0.013329208706136075,0.029071350762527315,-0.0266019417475728,0.055673292510100114,-0.026892701525054408,-0.11308252427184462,0.08618982274679021,0.028867102396514133,0.009538834951456243,0.01932826744505789,-0.07570806100217864
2024-05-28,ABBV,155.34,True,-0.15063699491497617,True,0.04377494528131831,-0.0026802061116248943,0.046455151392943206,0.1017767477790652,0.029633264755289712,0.07214348302377549,0.26413029483713135,0.049848058738038326,0.21428223609909303,0.06212179734775325,0.10558502104528045,-0.0434632236975272,0.1786404016994978,0.1093222098488138,0.069318191850684,-0.011329985837517653
2024-11-11,ABBV,174.43,True,-0.1586436426779857,True,-0.046723614057214924,-0.017719954572783747,-0.029003659484431177,0.0071088688872325,0.00674727770726169,0.00036159117997081047,0.09121137419021963,0.010171020108223683,0.08104035408199595,0.07831221693516022,-0.06281314717081976,0.14112536410597998,0.290890328498538,0.14069076090587207,0.15019956759266595,-0.06088402224388012
2015-08-24,ABT,43.7,True,-0.15539234634712018,True,0.036384439359267606,0.04311345646437981,-0.0067290171051122005,-0.027917620137299926,0.023271767810026267,-0.05118938794732619,0.02448512585812357,0.08427440633245387,-0.0597892804743303,-0.13066361556064077,0.0014775725593667577,-0.13214118812000752,0.012356979405034219,0.15324538258575204,-0.14088840318071782,-0.10755148741418774
2020-02-28,ABT,77.03,True,-0.16679286100594914,True,0.061145008438270754,0.004050496185782793,0.05709451225248796,-0.032065429053615424,-0.1446027138324445,0.11253728477882907,0.16162534077632085,0.009518666036589352,0.1521066747397315,0.3044268466831106,0.13829069060959975,0.16613615607351084,0.5783460989224978,0.2905218389252684,0.2878242599972294,-0.20018174737115413
2022-01-26,ABT,120.07,True,-0.15799438990182335,True,0.08303489631048544,0.05530942821542295,0.02772546809506249,-0.011243441325893166,-0.011721814573815048,0.00047837324792188163,-0.0035812442741733896,-0.01693663759287456,0.01335539331870117,-0.09860914466561166,-0.08909040564862247,-0.009518739016989186,-0.07553926875989003,-0.07621486916793574,0.0006756004080457068,-0.051553260597984485
2013-08-14,ACN,71.5,True,-0.1510330087865115,True,0.018321678321678414,-0.024771838331160367,0.04309351665283878,0.03720279720279707,0.0012445181936706629,0.035958279009126404,0.056643356643356624,0.03668365532772322,0.019959701315633405,0.08489510489510477,0.038105961834775215,0.04678914306032955,0.09888111888111872,0.146912409624274,-0.048031290743155264,-0.024055944055944023
2020-02-28,ACN,180.59,True,-0.16544202597162527,True,-0.01018882551636302,0.004050496185782793,-0.014239321702145813,-0.09806744559499425,-0.1446027138324445,0.046535268237450245,0.08754637576831503,0.009518666036589352,0.07802770973172568,0.2992413754914447,0.13829069060959975,0.16095068488184494,0.4052826845340274,0.2905218389252684,0.11476084560875899,-0.24054488066891855
2022-01-14,ACN,353.36,True,-0.1533651196779835,True,-0.04063844238170711,-0.05353761404716828,0.012899171665461173,-0.07706022187004757,-0.05530211740402835,-0.021758104466019224,-0.07536223681231602,-0.05687295575830609,-0.01848928105400993,-0.22212474530224136,-0.1732010673093476,-0.048923677992893766,-0.20155082635272814,-0.14249440523325874,-0.059056421119469404,-0.15847860538827263
2014-04-28,ADBE,60.4,True,-0.15061172830825487,True,0.017218543046357615,0.00824058219178081,0.008977960854576805,0.08029801324503305,0.024828767123287854,0.0554692461217452,0.1927152317880796,0.06292808219178081,0.12978714959629878,0.04072847682119196,-0.0032641267123286744,0.043992603533520636,0.26721854304635784,0.1325449486301371,0.13467359441622073,-0.053807947019867575
2016-02-05,ADBE,79.2,True,-0.17859365276913497,True,-0.03194444444444444,-0.00702314445331198,-0.024921299991132462,0.07462121212121198,0.06725192870444285,0.0073692834167691235,0.1825757575757574,0.09688747007182763,0.08568828750392976,0.24292929292929277,0.15333865389731316,0.08959063903197961,0.4287878787878787,0.2118648576749136,0.21692302111296513,-0.10012626262626267
2018-11-14,ADBE,235.22,True,-0.15269622852202736,True,-0.03928237394779355,-0.01917098445595855,-0.020111389491834997,-0.022191990477000267,-0.03601036269430036,0.01381837221730009,0.10632599268769671,0.01772760917838645,0.08859838350931026,0.18391293257376073,0.06624722427831253,0.1176657082954482,0.2479381005016581,0.1439674315321986,0.1039706689694595,-0.12868803673157048
2020-03-09,ADBE,305.79,True,-0.20933419521654806,True,-0.06461951012132527,-0.12536921562192327,0.060749705500597995,0.04362470976814148,-0.03416839878933742,0.0777931085574789,0.275123450734164,0.1383874849578821,0.1367359657762819,0.6688577128094442,0.27021113663712937,0.3986465761723148,0.4416102554040353,0.3989352003792437,0.04267505502479163,-0.16566925013898437
2020-10-30,ADBE,447.1,True,-0.16722545075249584,True,0.10630731380004477,0.07233417039260126,0.03397314340744351,0.07016327443524939,0.10877687266491076,-0.03861359822966137,0.041534332364124404,0.15645862681447897,-0.11492429445035457,0.15343323641243578,0.2788938568016168,-0.12546062038918104,0.4298367255647504,0.4035646475163839,0.02627207804836651,-0.018250950570342206
2021-10-04,ADBE,558.49,True,-0.1712322668724402,True,0.026106107539974,0.014114408361328934,0.011991699178645066,0.146305215849881,0.07325494587532666,0.07305026997455433,0.019337857437017547,0.11394176931690936,-0.09460391187989181,-0.2271661086142993,0.0561076894363568,-0.2832737980506561,-0.5072427438271052,-0.16671332586786114,-0.3405294179592441,-0.036598685741911274
2021-12-29,ADBE,569.29,True,-0.18619378448694857,True,-0.09636564843928408,-0.019058389880204474,-0.0773072585590796,-0.13392120009134179,-0.09684175253413763,-0.03707944755720416,-0.2418275395668288,-0.05191840495937006,-0.18990913460745873,-0.3582708285759455,-0.21590433107145857,-0.14236649750448693,-0.4113896256740853,-0.20122308787802634,-0.21016653779605898,-0.28342321136854676
2015-07-24,ADI,58.49,True,-0.1519501232419892,True,-0.002735510343648495,0.012019230769230838,-0.014754741112879333,-0.08052658574115235,-0.04889423076923072,-0.03163235497192163,0.029577705590699166,-0.022259615384615405,0.05183732097531457,-0.13660454778594633,-0.07725961538461534,-0.059344932401330985,0.02496153188579253,0.039759615384615365,-0.014798083498822834,-0.1355787314070781
2017-07-03,ADI,76.11,True,-0.1589125870261907,True,0.049270792274339836,-8.257297386571327e-05,0.04935336524820555,0.03731441334910013,0.021097394822674476,0.016217018526425653,0.11575351464984895,0.03236860575533629,0.08338490889451267,0.16476152936539235,0.10474381734858174,0.06001771201681061,0.26028117198791234,0.1200198175137277,0.14026135447418464,0.0035474970437523456
2018-02-08,ADI,82.68,True,-0.1595852815612928,True,0.03289791969037248,0.059775647246050445,-0.026877727555677966,0.1457426221577165,0.08244381477312435,0.06329880738459215,0.09458151910982093,0.03605946512440328,0.058522053985417655,0.16158684083212393,0.09016807048868536,0.07141877034343858,0.2171020803096273,0.04855800954857736,0.16854407076104994,-0.020924044508950246
2019-05-20,ADI,97.5,True,-0.17749282942466682,True,-0.0040000000000000036,-0.013382637788343033,0.009382637788343029,0.1275897435897435,0.029758760345131252,0.09783098324461226,0.13138461538461543,-0.00017608733932039655,0.13156070272393583,0.1516923076923078,0.08533192463461892,0.06636038305768888,0.04410256410256408,0.008205670012326083,0.035896894090237996,-0.0204102564102564
2019-08-23,ADI,104.17,True,-0.16523759916659997,True,0.054334261303638165,0.02668070914516396,0.027653552158474204,0.09714889123548054,0.046901878181498935,0.050247013053981604,0.07487760391667453,0.09538353519396159,-0.02050593127728706,0.12940385907650964,0.18518518518518512,-0.05578132610867548,0.1274839205145435,0.18757240652975238,-0.060088486015208886,0.00393587405203033
2020-02-27,ADI,107.72,True,-0.15380989787902588,True,0.010675826216115958,0.01663809619844714,-0.005962269982331181,-0.1401782398811734,-0.12204631777083119,-0.018131922110342202,0.031006312662458235,-0.006957749319350559,0.037964061981808794,0.09431860378759738,0.1382474538670968,-0.043928850079499426,0.5016709988860006,0.31682968639709586,0.18484131248890479,-0.2658744894170071
2022-01-19,ADI,163.06,True,-0.15050794477728568,True,-0.02017662210229354,-0.040664084117321586,0.020487462015028046,0.03238071875383297,-0.011400110680686137,0.04378082943451911,-0.040230589966883334,-0.030902047592694992,-0.009328542374188342,-0.08506071384766345,-0.16141671278361924,0.0763559989359558,0.01803017294247522,-0.13339236303265078,0.151422535975126,-0.11805470379001592
2023-10-19,ADI,168.72,True,-0.15682158920539724,True,-0.046586059743954356,-0.032549304692446546,-0.01403675505150781,0.06590801327643425,0.05581220833431044,0.01009580494212381,0.09903982930298727,0.10754402832821341,-0.008504199025226145,0.13958036984352784,0.1979691860328776,-0.05838881618934977,0.3474395448079659,0.36564031611284387,-0.01820077130487796,-0.08137743006164055
2024-08-05,ADI,200.56,True,-0.17850413697059064,True,0.05743917032309542,0.03071243573388993,0.026726734589205492,0.09049660949341853,0.06706869225714174,0.023427917236276796,0.17286597526924607,0.12445397966678251,0.048411995602463564,0.04467491025129644,0.16842552862499516,-0.12375061837369872,0.10031910650179499,0.21375004832038358,-0.1134309418185886,0.0014958117271639537
2025-03-11,ADI,209.08,True,-0.1538648320518008,True,0.00038262865888638586,0.009173981867894643,-0.008791353209008257,-0.20561507556916014,-0.10692185926032516,-0.09869321630883499,0.042854409795293646,0.06679018563822137,-0.02393577584292772,0.18767935718385287,0.15173046481508146,0.03594889236877141,0.5248230342452649,0.21812491005900125,0.30669812418626363,-0.24119954084560935
2026-03-27,ADI,307.44,True,-0.15352422907488983,True,0.06479313036690093,0.03917424971218586,0.02561888065471507,0.27696461098100444,0.127868283682127,0.14909632729887745,0.34387197501951605,0.15636581557823015,0.1875061594412859,,,,,,,-0.022378350247202694
2026-07-02,ADI,377.16,True,-0.154179094436097,True,0.049024286774843384,0.013655039071940767,0.03536924770290262,-0.025851097677378254,0.0030210263433496642,-0.02887212402072792,,,,,,,,,,-0.07731466751511296
2017-08-21,ADP,102.89,True,-0.15504639894883798,True,0.01817474973272426,0.006875257307533911,0.01129949242519035,0.04461074934395959,0.029106628242074883,0.015504121101884705,0.08931868986296032,0.06105393165911899,0.028264758203841334,0.08513946933618421,0.09238369699464788,-0.0072442276584636645,0.38546020021382077,0.17356937011115692,0.21189083010266385,-0.000777529400330379
2018-12-18,ADP,130.0,True,-0.15314963194580156,True,-0.017692307692307674,-0.03489101458366006,0.01719870689135239,0.022615384615384704,0.03089226909204945,-0.008276884476664748,0.18992307692307686,0.10682923004547584,0.08309384687760102,0.2709230769230768,0.13058648267210282,0.140336594250974,0.296846153846154,0.25254822016622236,0.04429793367993162,-0.06615384615384612
2020-02-28,ADP,154.74,True,-0.15127248793330395,True,0.028499418379216657,0.004050496185782793,0.024448922193433864,-0.1509629055189351,-0.1446027138324445,-0.006360191686490602,-0.10223600878893646,0.009518666036589352,-0.11175467482552581,-0.10236525785188055,0.13829069060959975,-0.2406559484614803,0.13435440093059325,0.2905218389252684,-0.15616743799467514,-0.33365645599069416
2023-01-05,ADP,233.63,True,-0.15018914593336252,True,0.04549929375508288,0.046338763245294956,-0.0008394694902120747,-0.03561186491460855,0.08690495018187572,-0.12251681509648427,-0.07199417882977355,0.08321471875164743,-0.15520889758142098,-0.07349227410863324,0.15480520849807577,-0.228297482606709,0.00012840816675940836,0.23169381622647478,-0.23156540805971537,-0.10097162179514618
2017-12-04,AMAT,49.77,True,-0.18262440466414842,True,0.037170986538074935,0.008215340349814637,0.028955646188260298,0.08458910990556556,0.023964564246233167,0.060624545659332396,0.16596343178621664,0.018702203376997018,0.14726122840921962,0.04520795660036159,0.018475051109260177,0.02673290549110141,-0.2509543901948965,0.043575376694177326,-0.29452976688907384,-0.09322885272252357
2018-04-02,AMAT,52.89,True,-0.15240384615384617,True,0.002457931556059778,0.013710335184681677,-0.011252403628621899,-0.06088107392701836,0.02734299141647556,-0.08822406534349392,-0.11760257137455088,0.054880180215170604,-0.17248275158972148,-0.2552467385138968,0.14024934943876932,-0.3954960879526661,-0.25014180374361894,0.09713753058608776,-0.3472793343297067,-0.12875779920589903
2020-02-25,AMAT,58.86,True,-0.15236175115207373,True,-0.013931362555215765,-0.03969294738525497,0.025761584830039208,-0.2330954808019028,-0.22229329921637608,-0.010802181585526704,-0.033639143730886834,-0.05027986566448095,0.016640721933594116,0.14882772680937828,0.07737086198624654,0.07145686482313174,0.9576962283384303,0.23790180713257647,0.7197944212058538,-0.3775059463132857
2021-03-08,AMAT,105.68,True,-0.1511646586345381,True,0.08705526116578333,0.03848370533375256,0.048571555832030766,0.3204012112036334,0.06392119878444924,0.25648001241918417,0.31538607115821327,0.10114743791260605,0.2142386332456072,0.2536903860711581,0.16907681022739163,0.0846135758437665,0.23618470855412554,0.1414387509169024,0.09474595763722315,0.03529523088569264
2022-01-20,AMAT,139.15,True,-0.1670657248892613,True,-0.06467840459935326,-0.03471740346950192,-0.02996100112985134,-0.019259791591807462,-0.02168998321208726,0.002430191620279798,-0.17448796263025512,-0.019653049804140954,-0.15483491282611417,-0.3412145167085878,-0.1540906547285954,-0.18712386197999242,-0.23708228530362918,-0.1300727476217124,-0.10700953768191679,-0.1926697808120733
2023-10-25,AMAT,130.11,True,-0.1619863454849928,True,0.039812466374606004,0.012238055322715935,0.02757441105189007,0.14887402966720442,0.08973775595737021,0.05913627370983421,0.2839136115594496,0.16120225122739784,0.12271136033205177,0.49350549535008814,0.1963118189438391,0.29719367640624905,0.40419644915840425,0.3842414082145851,0.01995504094381917,-0.00691722388747984
2024-07-19,AMAT,210.26,True,-0.1783188088631834,True,-0.01802530200703889,-0.008287946957139414,-0.009737355049899477,-0.01122419861124313,0.009690522596039974,-0.020914721207283105,0.017264339389327477,0.06435454197708523,-0.04709020258775776,-0.1836297916864833,0.057378094318657924,-0.24100788600514123,-0.08394368876628922,0.14532140840452468,-0.2292650971708139,-0.18382003234091115
2026-03-06,AMAT,324.74,True,-0.1798459401439575,True,0.05170290078216411,-0.015006395193194355,0.06670929597535846,0.08585329802303376,-0.02000356941015502,0.10585686743318878,0.5090533965634045,0.12967369642166648,0.37937970014173805,0.4853729137155878,0.1468217377078438,0.338551176007744,,,,-0.02488144361643152
2026-07-02,AMAT,603.04,True,-0.18471750915949003,True,-0.0008954629875297382,0.013655039071940767,-0.014550502059470505,-0.15814871318652157,0.0030210263433496642,-0.16116973952987124,,,,,,,,,,-0.2933636243035288
2016-09-08,AMD,6.23,True,-0.22124999999999995,True,-0.03370786516853941,-0.014781932177017065,-0.018925932991522343,0.11717495987158899,-0.012493707381813102,0.1296686672534021,0.36918138041733517,0.0053544460207770594,0.3638269343965581,1.231139646869984,0.0904306439064575,1.1407090029635265,1.0642054574638844,0.1299254038716764,0.934280053592208,-0.0914927768860353
2017-01-17,AMD,9.82,True,-0.2093397745571658,True,0.06313645621181263,0.005966850828729164,0.057169605383083466,0.35030549898167007,0.03292817679558002,0.31737732218609005,0.29938900203665986,0.034386740331491694,0.26500226170516816,0.40631364562118133,0.07124861878453048,0.33506502683665085,0.2240325865580448,0.22837569060773477,-0.004343104049689961,-0.04073319755600813
2017-04-12,AMD,12.76,True,-0.1794212218649518,True,0.02742946708463956,0.0055975729607316005,0.021831894123907958,-0.13244514106583072,0.022860317053369217,-0.15530545811919994,0.08228840125391845,0.03563645686450467,0.04665194438941378,0.051724137931034475,0.08045977011494254,-0.028735632183908066,-0.2304075235109717,0.1270349955133956,-0.3574425190243673,-0.2280564263322884
2017-08-03,AMD,13.24,True,-0.15399361022364222,True,-0.08459214501510581,-0.012957563977972208,-0.0716345810371336,-0.01812688821752273,0.0021460965338515603,-0.02027298475137429,-0.10574018126888218,0.0435293164885,-0.14926949775738219,-0.06268882175226587,0.14714933592484614,-0.209838157677112,0.39577039274924464,0.13726919339164234,0.2585011993576023,-0.142749244712991
2018-10-03,AMD,28.43,True,-0.16725248974809614,True,-0.12064720365810766,-0.046003016591251944,-0.07464418706685572,-0.3594794231445656,-0.07229535170711654,-0.28718407143744906,-0.3506858951811467,-0.1432880844645552,-0.20739781071659147,-0.11853675694688715,-0.03774167009461138,-0.08079508685227577,-0.004220893422441141,-0.012546277252159732,0.008325383829718591,-0.43615898698557853
2019-06-21,AMD,29.1,True,-0.15160349854227395,True,0.043642611683848864,-0.003401360544217691,0.047043972228066555,0.12886597938144329,0.013265306122448806,0.11560067325899448,0.06494845360824741,0.02353741496598638,0.04141103864226103,0.35635738831615105,0.06945578231292515,0.2869016060032259,0.8570446735395187,0.06047619047619035,0.7965684830633284,-0.04982817869415812
2019-09-20,AMD,30.05,True,-0.1547116736990154,True,-0.044259567387687215,-0.009655357382325369,-0.034604210005361846,0.03061564059900168,-0.0010392919404584866,0.03165493253946017,0.4093178036605658,0.07114120960171655,0.33817659405884926,0.4608985024958401,-0.09708998256671575,0.5579884850625558,1.5474209650582362,0.12592195252782612,1.42149901253041,-0.08718801996672221
2020-02-24,AMD,49.12,True,-0.1712502108992746,True,-0.033794788273615595,-0.04134358910737557,0.007548800833759972,-0.15228013029315957,-0.3085106382978724,0.15623050800471283,0.1292752442996743,-0.09444203213200175,0.22371727643167605,0.6661237785016287,0.04469325724210638,0.6214305212595224,0.8236970684039089,0.2096954283233048,0.6140016400806041,-0.2518322475570032
2020-09-08,AMD,78.69,True,-0.16535850657615614,True,0.003049942813572404,0.02088772845953013,-0.017837785645957727,0.07357987037743041,0.0051619099066655405,0.06841796047076487,0.1912568306010929,0.1007772875964108,0.09047954300468208,0.0691320371076376,0.16004921821073803,-0.09091718110310043,0.39687380861608856,0.3597431049488311,0.03713070366725746,-0.06265090862879641
2021-02-25,AMD,82.42,True,-0.16940441398770534,True,-0.056661004610531474,-0.014725498914550217,-0.04193550569598126,-0.07522446008250427,0.019276541207857045,-0.09450100129036132,-0.06369813152147541,0.08529280987628485,-0.14899094139776026,0.30502305265712204,0.1614050689195199,0.14361798373760215,0.4031788400873575,0.12355818272173247,0.279620657365625,-0.12035913613200677
2021-08-18,AMD,103.44,True,-0.15552289982855738,True,0.04698375870069604,0.02215492508766337,0.024828833613032675,0.026875483372003073,0.018192996038070897,0.008682487333932176,0.41154292343387455,0.055990709959469864,0.3555522134744047,0.2396558391337973,0.026777175645521067,0.21287866348827622,-0.03132250580046403,-0.021585682408124307,-0.009736823392339722,-0.03799303944315535
2021-12-06,AMD,139.06,True,-0.1544448498115043,True,-0.03782539910829852,0.016957649469256042,-0.05478304857755456,0.03854451315978702,0.04089016761481279,-0.0023456544550257696,-0.1947360851431037,-0.05030624032781894,-0.14442984481528476,-0.2646339709477923,-0.0948800104623031,-0.16975396048548919,-0.4608082841938731,-0.11308005841452518,-0.3477282257793479,-0.28556018984610965
2023-07-11,AMD,111.32,True,-0.1619363095686217,True,0.05937836866690627,0.02651087103918992,0.03286749762771635,0.017157743442328455,0.014215974325362701,0.0029417691169657534,-0.06512756018684873,-0.040229625276861136,-0.024897934909987596,0.32420050305425807,0.07424399945757809,0.24995650359667998,0.590909090909091,0.2562039506396061,0.33470514026948495,-0.15145526410348542
2024-03-14,AMD,187.06,True,-0.1770347558293005,True,-0.044798460387041605,0.014079036799689248,-0.058877497186730854,-0.12712498663530414,-0.007961938052238104,-0.11916304858306603,-0.14284186891906336,0.040217496844353606,-0.18305936576341697,-0.25457072597027697,0.06730750558306631,-0.3218782315533433,-0.4602266652410991,0.09294106223905207,-0.5531677274801512,-0.24537581524644503
2025-11-19,AMD,223.55,True,-0.1629848734461583,True,-0.04164616416908973,0.025730799993963327,-0.06737696416305305,-0.10060389174681283,0.020886467561082478,-0.12149035930789531,-0.10480876761350932,0.03570620104734168,-0.140514968660851,1.0116305077163945,0.1290916499403889,0.8825388577760056,,,,-0.14685752628047422
2026-02-18,AMD,200.12,True,-0.25071139733413206,True,0.05366779932040777,0.00999577438109256,0.04367202493931521,-0.003298021187287614,-0.03622375380669984,0.03292573261941223,1.2471517089746151,0.09016596482536543,1.1569857441492497,1.3701778932640414,0.12279065701088454,1.2473872362531568,,,,-0.05946432140715574
2026-06-10,AMD,452.4,True,-0.172095747017056,True,0.13280282935455356,0.021407992500999562,0.111394836853554,0.2331786030061893,0.040693106157727366,0.19248549684846195,0.0556366047745358,0.06170133575948067,-0.006064730984944866,,,,,,,-0.06270999115826703
2026-09-04,AMD,477.57,True,-0.1832640705966857,True,,,,,,,,,,,,,,,,
2013-06-04,AMGN,97.29,True,-0.1536320139190952,True,0.006578271148113934,-0.002812423575446421,0.009390694723560356,-0.012642614862781398,-0.014367816091954033,0.0017252012291726349,0.12241751464693174,0.0021398875030569364,0.1202776271438748,0.153767088087162,0.09996331621423327,0.05380377187292873,0.19693699249665952,0.17938371239911954,0.01755328009753998,-0.032274642820433797
2015-08-24,AMGN,147.64,True,-0.1879434574555856,True,0.028041181251693414,0.04311345646437981,-0.015072275212686392,-0.011582227038742787,0.023271767810026267,-0.034853994848769054,0.0674613925765375,0.08427440633245387,-0.016813013755916373,-0.003318883771335601,0.0014775725593667577,-0.004796456330702359,0.17596857220265516,0.15324538258575204,0.022723189616903117,-0.1188702248713085
2016-10-28,AMGN,145.18,True,-0.17907831495617743,True,-0.06736465077834408,-0.0187729368589441,-0.04859171391939998,-0.0007576801212288986,0.0373576738496284,-0.0381153539708573,0.05372640859622524,0.07899689470217375,-0.02527048610594851,0.12370849979335974,0.11588406888115177,0.00782443091220797,0.21586995453919267,0.20269125811611932,0.013178696423073344,-0.07948753271800535
2017-05-19,AMGN,156.51,True,-0.1503718582053093,True,-0.00958405213724367,0.014267131047794868,-0.023851183185038538,0.05482077822503362,0.02664596533926389,0.02817481288576973,0.08644815027793751,0.034408963115269975,0.05203918716266753,0.1090665133218327,0.08728127229239235,0.02178524102944035,0.115903137179733,0.1414124459737316,-0.025509308793998597,-0.027793751198006533
2014-02-03,AMZN,17.3075,True,-0.15171788462480995,True,0.04252491694352156,0.03353045874720095,0.00899445819632061,0.051278347537194735,0.07699374174656959,-0.025715394209374853,-0.12139245991622138,0.08118504908996971,-0.2025775090061911,-0.06396071067456299,0.13521272320146993,-0.19917343387603292,0.02420915787953204,0.14514554745363717,-0.12093638957410513,-0.16799075545283837
2015-08-24,AMZN,23.1685,True,-0.20187057546893572,True,0.1068692405636964,0.04311345646437981,0.06375578409931659,0.16192243779269266,0.023271767810026267,0.1386506699826664,0.38830740013380227,0.08427440633245387,0.3040329938013484,0.12458726287847721,0.0014775725593667577,0.12310969031911045,0.6343526771262704,0.15324538258575204,0.48110729454051837,0.006215335477048445
2016-01-13,AMZN,29.0905,True,-0.1645942220435358,True,-0.011670476616077341,-0.011332944976963466,-0.00033753163911387496,-0.1340471975387154,-0.03161573902451942,-0.102431458514196,0.024269091284096378,0.08044272626171689,-0.05617363497762051,0.2677850157267836,0.11031086162156423,0.15747415410521937,0.3679723621113422,0.199279775459408,0.1686925866519342,-0.18530104329592134
2016-11-14,AMZN,35.9535,True,-0.15124939507324053,True,0.08473444866285629,0.01643658525324354,0.06829786340961275,0.07686317048409763,0.05157209474121616,0.025291075742881475,0.15073636780841926,0.06888591347707651,0.08185045433134275,0.32507266330120843,0.10549886883050918,0.21957379447069925,0.5650075792342888,0.1916062606768547,0.3734013185574341,0.009623541518906542
2018-04-02,AMZN,68.5995,True,-0.15180459215846276,True,0.02484711987696686,0.013710335184681677,0.011136784692285184,0.14150248908519725,0.02734299141647556,0.11415949766872169,0.23258187013024867,0.054880180215170604,0.17770168991507806,0.41713860888198884,0.14024934943876932,0.2768892594432195,0.2979322006720164,0.09713753058608776,0.20079467008592866,-0.013928672949511278
2018-10-11,AMZN,85.968,True,-0.16149231894659843,True,0.029871580122836416,0.015541756990116395,0.014329823132720021,0.020676298157453976,0.030605871330418477,-0.009929573172964501,-0.03486180904522618,-0.05217327405665573,0.01731146501142955,0.06858365903592034,0.06025645736120788,0.008327201674712459,0.0005234505862645733,0.077414851012235,-0.07689140042597042,-0.2398334263912154
2019-09-27,AMZN,86.2725,True,-0.15244621279104054,True,0.00822973717001374,-0.0035545023696681444,0.011784239539681884,0.020794575328175302,0.020988490182803243,-0.00019391485462794122,0.03914920745312833,0.08740690589031841,-0.04825769843719008,0.06991799240777774,-0.22545700744752872,0.29537499985530646,0.7501463386362979,0.0951252538930265,0.6550210847432714,-0.02340838621808794
2020-03-09,AMZN,90.0305,True,-0.17628033578078173,True,-0.06190124457822632,-0.12536921562192327,0.06346797104369695,0.10939626015628034,-0.03416839878933742,0.14356465894561776,0.37642243461937896,0.1383874849578821,0.23803494966149685,0.8882489822893351,0.27021113663712937,0.6180378456522058,0.6663575121764289,0.3989352003792437,0.26742231179718523,-0.09695603156707999
2020-09-17,AMZN,150.4365,True,-0.15300724892673667,True,0.0036759695951447124,-0.03674368747022383,0.04041965706536854,0.10965423949639885,0.034718913768461146,0.07493532572793771,0.03579251046122445,0.09069795140543135,-0.05490544094420691,0.03485191426282852,0.1717782277274893,-0.13692631346466078,0.15523493301160296,0.33361124344926174,-0.17837631043765878,-0.04577678954243147
2021-08-18,AMZN,160.061,True,-0.1515631791533707,True,0.030600833432253838,0.02215492508766337,0.00844590834459047,0.08965956728997071,0.018192996038070897,0.07146657125189981,0.08474269184873262,0.055990709959469864,0.028751981889262757,0.008449903474300413,0.026777175645521067,-0.018327272171220654,-0.0954698521188797,-0.021585682408124307,-0.0738841697107554,-0.007953217835700133
2025-03-04,AMZN,203.8,True,-0.15965693551047333,True,-0.03537782139352308,-0.03629996879658848,0.0009221474030653987,-0.05706575073601583,-0.027545678327497103,-0.029520072408518727,0.009322865554465043,0.022865166591547137,-0.013542301037082094,0.11844946025515202,0.11373643518358012,0.004713025071571897,0.02419038272816465,0.17936761085878716,-0.1551772281306225,-0.20814524043179594
2025-11-20,AMZN,217.14,True,-0.160324825986079,True,0.07405360596849975,0.04729284477342044,0.026760761195079308,0.04702035553099382,0.04300185432087433,0.004018501210119485,-0.05655337570231178,0.04896326605673318,-0.10551664175904496,0.21645021645021645,0.13277550457450227,0.08367471187571418,,,,-0.09735654416505479
2026-06-22,AMZN,232.79,True,-0.16430930499712815,True,0.031573521199364185,-0.0045540644017249,0.036127585601089085,0.06340478542892747,0.005225755316433656,0.05817903011249381,,,,,,,,,,-0.03110099231066621
2018-02-16,ANET,15.5931,True,-0.1995081984044682,True,0.041524776984692036,0.017538720662004126,0.02398605632268791,0.11183151522147616,-0.009593204203434569,0.12142471942491073,0.0002436975328832247,-0.007359671927062328,0.007603369459945553,0.07956083139337267,0.043791878730181866,0.0357689526631908,0.05796153426836237,0.015598110651385833,0.04236342361697654,-0.05711500599624186
2018-09-17,ANET,16.5675,True,-0.15408927057910493,True,0.03444092349479422,0.005806317826778207,0.02863460566801601,-0.16692922891202655,-0.051634754959563156,-0.1152944739524634,-0.12482873094914737,-0.08253266053777564,-0.04229607041137173,0.0754851365625473,-0.03404299440105052,0.10952813096359781,-0.07880488909008587,0.037395451717702644,-0.11620034080778852,-0.20569790251999398
2019-07-05,ANET,16.9212,True,-0.18272444504549756,True,0.013007351724464211,0.007337666689003486,0.005669685035460725,-0.09832045008628221,-0.01956711117067611,-0.0787533389156061,-0.1175271257357634,-0.0056624003216511065,-0.1118647254141123,-0.24414344136349664,0.07629163036922892,-0.32043507173272556,-0.22641420230243714,0.04040742478054016,-0.2668216270829773,-0.2093882230574663
2022-01-19,ANET,31.3275,True,-0.15655919768459303,True,-0.0587343388396776,-0.040664084117321586,-0.018070254722356016,0.05689889075093757,-0.011400110680686137,0.06829900143162371,0.010134865533476978,-0.030902047592694992,0.04103691312617197,-0.215545447290719,-0.16141671278361924,-0.05412873450709976,-0.08227595563003753,-0.13339236303265078,0.05111640740261325,-0.1363019711116431
2023-05-02,ANET,33.745,True,-0.2126691553896407,True,0.02622610757149224,0.00021906338233868006,0.02600704418915356,0.2323307156615797,0.01706260344659727,0.21526811221498243,0.11935101496518019,0.11216045175737532,0.007190563207804868,0.3818343458290119,0.023415441534417214,0.35841890429459466,0.9007260334864426,0.22183818518157938,0.6788878483048633,-0.02444806638020436
2023-07-28,ANET,37.7725,True,-0.152893025342005,True,0.18869547951552046,-0.02212641162566753,0.210821891141188,0.19729962274141233,-0.03709620940208347,0.2343958321434958,0.23449599576411417,-0.07979515013569127,0.31429114589980545,0.7440598318882785,0.05583034229186734,0.6882294895964112,1.112714276259183,0.19154337739648075,0.9211708988627023,-0.0024488715335231337
2024-04-17,ANET,64.8175,True,-0.15750308702151172,True,-0.017356423805299337,0.009709319748276934,-0.02706574355357627,0.25749218960928766,0.05839576465887508,0.19909642495041258,0.3901338373124543,0.1218259914094495,0.2683078459030048,0.5436417634126589,0.1450804115472979,0.398561351865361,0.10880549234388881,0.05016481869943057,0.05864067364445824,-0.0730898291356501
2024-07-25,ANET,78.53,True,-0.16568393094289502,True,0.07805934037947271,0.008543674894597064,0.06951566548487564,0.12113205144530759,0.0330788804071247,0.08805317103818289,0.2797656946389915,0.0857710666592375,0.19399462797975398,0.5042658856487965,0.098865177095522,0.4054007085532745,0.4552400356551636,0.18329897290169206,0.2719410627534715,-0.07056538902330323
2025-01-27,ANET,100.3,True,-0.2491109863372637,True,0.11166500498504495,-0.0026694696097570025,0.11433447459480195,-0.07397806580259225,-0.008558986936283097,-0.06541907886630915,-0.29451645064805576,-0.10669536346497166,-0.1878210871830841,0.11276171485543363,0.04905150407928316,0.06371021077615047,0.43290129611166495,0.15576355172931589,0.27713774438234906,-0.4074775672981057
2025-11-06,ANET,134.02,True,-0.18746210743300584,True,-0.027757051186390047,0.00258089540660289,-0.030337946592992937,-0.040516340844650056,0.0229446077188169,-0.06346094856346696,-0.027906282644381553,0.023690531246736812,-0.051596813891118365,0.28861363975526033,0.07509958079097734,0.213514058964283,,,,-0.1455006715415611
2026-05-06,ANET,147.06,True,-0.18209121245828708,True,-0.04331565347477229,0.011555809928730065,-0.05487146340350235,0.1288589691282469,0.03169671449790812,0.09716225463033878,0.2572419420644634,0.0324870882902033,0.22475485377426008,,,,,,,-0.0811233510131919
2014-10-10,AVGO,7.136,True,-0.21478873239436613,True,0.08113789237668168,-0.010863860606696751,0.09200175298337843,0.1917040358744393,0.06717749553899455,0.12452654033544475,0.38522982062780264,0.06177180644484093,0.3234580141829617,0.7633127802690582,0.09074210139603234,0.6725706788730259,0.6352298206278026,0.055998740421958626,0.579231080205844,-0.0358744394618834
2015-07-09,AVGO,12.468,True,-0.17156146179402,True,0.0803657362848893,0.036115178135675885,0.044250558149213415,-0.011308950914340699,0.01683748169838939,-0.028146432612730088,-0.010827718960538912,-0.04831625183016108,0.03748853286962217,0.18655758742380502,0.012201073694485087,0.17435651372931993,0.20813282001924938,0.02323084431429967,0.1849019757049497,-0.1979467436637793
2018-01-30,AVGO,24.098,True,-0.15646877625315048,True,-0.0024898331811767926,-0.04482538330494035,0.042335550123763555,0.022740476388082076,-0.035881601362862114,0.05862207775094419,-0.04382106398871266,-0.0548339011925042,0.011012837203791537,-0.10067225495891774,-0.005536626916524678,-0.09513562804239306,0.10515395468503619,-0.0651263486655308,0.17028030335056699,-0.06672752925553993
2019-05-20,AVGO,27.259,True,-0.15659034653465342,True,-0.06643677317583185,-0.013382637788343033,-0.05305413538748882,0.02003008180784316,0.029758760345131252,-0.009728678537288094,-0.003778568546168315,-0.00017608733932039655,-0.0036024812068479184,0.1436222898859092,0.08533192463461892,0.05829036525129028,-0.04468249018672732,0.008205670012326083,-0.0528881601990534,-0.08254154591144214
2020-02-27,AVGO,27.395,True,-0.17380421014536462,True,0.00032852710348607594,0.01663809619844714,-0.016309569094961063,-0.11235626939222487,-0.12204631777083119,0.00969004837860632,0.009855813104581168,-0.006957749319350559,0.016813562423931727,0.1996349698850155,0.1382474538670968,0.0613875160179187,0.7553568169373974,0.31682968639709586,0.43852713054030157,-0.43175762000365026
2022-01-19,AVGO,56.397,True,-0.16789128895184136,True,-0.012146036136673866,-0.040664084117321586,0.02851804798064772,0.05893930528219582,-0.011400110680686137,0.07033941596288196,0.0175186623401955,-0.030902047592694992,0.04842070993289049,-0.1458233593985495,-0.16141671278361924,0.01559335338506973,0.018298845683281106,-0.13339236303265078,0.1516912087159319,-0.08966789013600007
2024-04-19,AVGO,120.471,True,-0.162331296022028,True,0.11567929211179462,0.026456094999596003,0.08922319711219862,0.15819574835437566,0.06925034332337021,0.08894540503100545,0.29475143395505965,0.12476775183778988,0.16998368211726977,0.5413668019689386,0.16352290168834305,0.37784390028059556,0.3796681358999261,0.03780596170934647,0.3418621741905796,-0.003461413950245351
2024-07-17,AVGO,155.98,True,-0.15760253183698603,True,-0.029747403513270876,-0.028207706395662058,-0.0015396971176088181,0.010962943967175232,-0.02368298200883412,0.03464592597600935,0.19047313758174123,0.03445613531080527,0.15601700227093596,0.4658289524297987,0.056900204689912526,0.4089287477398862,0.8364533914604437,0.127661866628362,0.7087915248320817,-0.1761764328760097
2025-01-27,AVGO,202.13,True,-0.19751468953469908,True,0.07717805372779885,-0.0026694696097570025,0.07984752333755585,0.0020283975659229903,-0.008558986936283097,0.010587384502206088,-0.1247711868599416,-0.10669536346497166,-0.018075823394969937,0.4258645426210854,0.04905150407928316,0.37681303854180226,0.6071340226586852,0.15576355172931589,0.4513704709293693,-0.3167763320635235
2025-12-15,AVGO,339.81,True,-0.18041050625889388,True,0.004826226420646895,0.006022945955077574,-0.0011967195344306791,0.00023542567905598943,0.014146577938389582,-0.013911152259333592,-0.0519407904417174,-0.02708856668576387,-0.02485222375595353,0.15405667873223283,0.08273471126584697,0.07132196746638586,,,,-0.1309849621847503
2026-06-04,AVGO,418.91,True,-0.1537171717171717,True,-0.07958750089518041,-0.025531971099869266,-0.05405552979531114,-0.10744551335609087,-0.0076741206461583555,-0.09977139270993252,-0.11594375880260688,0.013155635393414133,-0.129099394196021,,,,,,,-0.1643551120765797
2018-12-20,AXP,95.77,True,-0.16394587516368397,True,-0.014096272319097825,0.0023465630942267612,-0.016442835413324586,0.042393233789286944,0.06347857749726926,-0.021085343707982318,0.1566252479899759,0.1390945503095038,0.017530697680472107,0.2738853503184715,0.1702876562689648,0.1035976940495067,0.2974835543489611,0.29299672290326484,0.004486831445696282,-0.07016811109950927
2020-02-27,AXP,112.81,True,-0.18330558169840006,True,-0.01657654463256808,0.01663809619844714,-0.03321464083101522,-0.17303430546937326,-0.12204631777083119,-0.05098798769854207,-0.20813757645598796,-0.006957749319350559,-0.2011798271366374,-0.1430724226575658,0.1382474538670968,-0.2813198765246626,0.24004964098927384,0.31682968639709586,-0.07678004540782202,-0.40608102118606504
2022-03-09,AXP,168.65,True,-0.15484840892007012,True,0.0709160984286985,0.01920872230411086,0.051707376124587645,0.08929736139934774,0.04471116726328339,0.04458619413606435,-0.010791580195671502,-0.03947029784048106,0.02867871764480956,-0.08295286095463983,-0.06831847640438937,-0.014634384550250457,0.036643937147939454,-0.06665730797126879,0.10330124511920824,-0.1123035873109991
2025-03-06,AXP,275.64,True,-0.15517822662212277,True,-0.06969235234363658,-0.0371741369977826,-0.032518215345853974,-0.10092874764185167,-0.06287649944998341,-0.038052248191868254,0.07143375417210862,0.03492168811440344,0.036512066057705184,0.16985923668553182,0.129070559270835,0.04078867741469683,0.11453344942678845,0.18962476646121051,-0.07509131703442207,-0.2002974894790306
2026-02-23,AXP,321.24,True,-0.17097215412010636,True,-0.04298966504793922,0.005847096235290783,-0.04883676128323,-0.06017307931764404,-0.03958147100631604,-0.020591608311328002,-0.03713734279666292,0.07523556910271267,-0.1123729118993756,0.06611878968995155,0.13767786749512756,-0.07155907780517601,,,,-0.09422861412028383
2015-01-15,BAC,15.2,True,-0.1652937946183416,True,0.03486842105263155,0.029896492814792452,0.004971928237839096,0.09276315789473677,0.05406491809868341,0.03869823979605336,0.04078947368421049,0.052607778112752523,-0.011818304428542037,0.08421052631578951,0.02954476936991246,0.05466575694587705,-0.019736842105263053,-0.05120088433323278,0.031464042227969724,-0.015131578947368385
2015-08-24,BAC,15.29,True,-0.17261904761904767,True,0.06867233485938518,0.04311345646437981,0.02555887839500537,0.01831262262916944,0.023271767810026267,-0.004959145180856828,0.1393067364290388,0.08427440633245387,0.055032330096584925,-0.19882275997383902,0.0014775725593667577,-0.20030033253320578,-0.004578155657292249,0.15324538258575204,-0.1578235382430443,-0.04316546762589912
2026-03-24,BAC,48.14,True,-0.1635099913119027,True,0.012671375155795639,-0.004347959214917707,0.017019334370713346,0.10344827586206895,0.08884227931045063,0.014605996551618317,0.1674283340257583,0.14323769864355929,0.02419063538219901,,,,,,,-0.02700457000415446
2014-04-07,BKNG,46.7892,True,-0.1517302894935313,True,-0.002154343309994644,-0.007594662037539335,0.005440318727544691,-0.0011712104502749066,0.0132364109797114,-0.014407621429986306,0.05822711223957655,0.06992513833134417,-0.011698026091767622,0.004026570234156646,0.07355972659216659,-0.06953315635800994,0.013062843562189563,0.12742757947271355,-0.11436473591052398,-0.07050344951399046
2015-08-24,BKNG,46.9648,True,-0.15833691756272406,True,0.06346881068374621,0.04311345646437981,0.020355354219366406,0.09780090621060888,0.023271767810026267,0.07452913840058262,0.07211358293871162,0.08427440633245387,-0.012160823393742248,-0.054031955847783864,0.0014775725593667577,-0.05550952840715062,0.2196368343951216,0.15324538258575204,0.06639145180936956,0.003977446938984164
2015-11-24,BKNG,49.6072,True,-0.16006555955896296,True,0.028431356738537916,-0.003916885598280406,0.03234824233681832,0.03134222451579616,-0.015906376880821527,0.047248601396617684,0.01750552339176581,-0.0813470265106282,0.098852549902394,0.021843603347901253,-0.021208502507762073,0.043052105855663325,0.2289990162718316,0.05158824934320516,0.17741076692862645,-0.2307406989308003
2023-10-20,BKNG,110.2656,True,-0.15224912430690307,True,-0.003801729641882856,-0.02495310904817305,0.021151379406290194,0.1373447385222588,0.07027707210522571,0.0670676664170331,0.2801127459515931,0.13129466511550603,0.14881808083608705,0.26444874920192674,0.19767800755003684,0.0667707416518899,0.5783054733298507,0.38794843182411753,0.19035704150573318,-0.008561146903476757
2024-08-02,BKNG,133.1252,True,-0.1969418384680719,True,0.0345299011757354,0.0001688872208669423,0.03436101395486846,0.17460255458771146,0.057759429536498264,0.11684312505121319,0.30631615952501856,0.08994182773503479,0.21637433178998378,0.40480089419583964,0.12473259523362734,0.2800682989622123,0.6453954623166762,0.18440607993995117,0.46098938237672504,-0.044508477733742446
2025-03-10,BKNG,178.0412,True,-0.16604274868658708,True,0.025243595302660182,0.01172000428127995,0.013523591021380232,-0.04636005598704118,-0.10025330907274621,0.05389325308570503,0.24847507206197217,0.0630596881800991,0.18541538388187306,0.25792232359701006,0.1506832209497304,0.10723910264727965,-0.0023230578090913667,0.20994327303863836,-0.21226633084772972,-0.07971188691156883
2013-06-20,BLK,252.01,True,-0.15472596766619706,True,0.04781556287448918,0.01053952321204532,0.03727603966244386,0.11392405063291156,0.06129234629861968,0.05263170433429187,0.08194119280980927,0.06844416562107902,0.013497027188730248,0.1880480933296298,0.1339397741530739,0.0541083191765559,0.26919566683861773,0.2312421580928481,0.03795350874576964,-0.0452759811118606
2020-03-19,BLK,397.36,True,-0.31110764376484445,True,0.13725588886651896,0.08602552908402972,0.05123035978248924,0.20009563116569362,0.19180075672529218,0.008294874440401445,0.36659452385745905,0.2766620930522641,0.08993243080519497,0.40975437890074473,0.4127894890025363,-0.0030351101017915827,0.8326454600362392,0.651740052388674,0.18090540764756513,-0.17888061203946048
2022-01-19,BLK,825.5,True,-0.151732500308274,True,-0.036377952755905496,-0.040664084117321586,0.00428613136141609,-0.05097516656571777,-0.011400110680686137,-0.03957505588503163,-0.16635978195033319,-0.030902047592694992,-0.1354577343576382,-0.27755299818291945,-0.16141671278361924,-0.11613628539930021,-0.09465778316172013,-0.13339236303265078,0.03873457987093065,-0.2003028467595397
2025-03-11,BLK,910.37,True,-0.16034568629982848,True,0.05300042839724517,0.009173981867894643,0.04382644652935053,-0.10396871601656466,-0.10692185926032516,0.002953143243760503,0.08248294649428267,0.06679018563822137,0.015692760856061305,0.22452409459889933,0.15173046481508146,0.07279362978381787,0.06260092050484967,0.21812491005900125,-0.1555239895541516,-0.15008183485835425
2013-08-15,BMY,41.98,True,-0.15311680451886234,True,-0.0076226774654597484,-0.0019233080899145882,-0.00569936937554516,0.037636969985707536,0.0177304964539009,0.019906473531806634,0.2470223916150549,0.06557278519052767,0.18144960642452723,0.16674606955693183,0.06671474936891442,0.10003132018801741,0.17127203430204863,0.1710542132467845,0.00021782105526413353,-0.020724154359218594
2014-04-11,BMY,48.83,True,-0.15063489302487398,True,0.03440507884497235,0.030466640956421154,0.003938437888551194,0.06512389924226913,0.04561732135970464,0.01950657788256449,-0.01863608437435993,0.08600077130736605,-0.10463685568172598,0.02826131476551308,0.07090518428736714,-0.04264386952185406,0.3237763669875078,0.15718142251115652,0.16659494447635126,-0.051812410403440534
2015-08-24,BMY,58.65,True,-0.16855684717890573,True,0.013981244671781745,0.04311345646437981,-0.02913221179259806,0.05865302642796255,0.023271767810026267,0.035381258617936284,0.12071611253196934,0.08427440633245387,0.03644170619951548,0.060187553282182504,0.0014775725593667577,0.05870998072281575,0.010912190963341839,0.15324538258575204,-0.1423331916224102,-0.03972719522591639
2016-02-02,BMY,58.87,True,-0.16932411457598429,True,0.03652114829284869,-0.02487379049221705,0.061394938785065745,0.10242908102598958,0.0464871687000421,0.055941912325947474,0.22745031425174123,0.09092343289861171,0.13652688135312951,0.28350603023611365,0.1393037442153977,0.14420228602071594,-0.17292339052148797,0.19662389566680694,-0.3695472861882949,-0.015797519959232176
2016-08-05,BMY,63.28,True,-0.1794605809128631,True,-0.041877370417193416,0.001283344027867006,-0.04316071444506042,-0.10951327433628322,0.0008708405903381511,-0.11038411492662137,-0.19548040455120108,-0.02580438170318089,-0.1696760228480202,-0.24557522123893805,0.04945457878815662,-0.29502980002709467,-0.12294563843236406,0.13190943257860477,-0.2548550710109688,-0.22518963337547404
2022-08-30,BMY,67.2,True,-0.16614964635810892,True,0.023214285714285854,-0.0010798322493157375,0.02429411796360159,0.07232142857142865,-0.06951106200246104,0.1418324905738897,0.17767857142857135,0.01057231109213741,0.16710626033643394,0.061160714285714235,0.0008287084704050596,0.060332005815309175,-0.0647321428571429,0.12794756535496354,-0.19267970821210645,-0.005505952380952417
2018-12-24,BRK-B,187.76,True,-0.16204757441870843,True,0.08010225820196015,0.0675940940513784,0.012508164150581758,0.07062207072858984,0.12464794742681584,-0.054025876698226005,0.06811887515977855,0.19164461892976026,-0.12352574376998171,0.09719855134213895,0.2477596654433727,-0.15056111410123374,0.20531529612270982,0.3686523854228898,-0.16333708930017998,-0.008841073711120528
2020-03-16,BRK-B,177.77,True,-0.23245973835326628,True,-0.08797884907464715,-0.07046070460704612,-0.017518144467601027,0.08533498340552392,0.18319783197831985,-0.09786284857279592,0.07729088147606444,0.3299979153637691,-0.25270703388770466,0.22714743770039925,0.4400250156347718,-0.21287757793437256,0.46267649209652895,0.6429435063581406,-0.18026701426161162,-0.102773246329527
2022-05-18,BRK-B,306.64,True,-0.1531621099143884,True,0.006522306287503277,0.014061144286224625,-0.007538837998721348,-0.12418471171406209,-0.06433420099014964,-0.05985051072391245,-0.012457605009131179,0.09442147705813309,-0.10687908206726426,-0.04575397860683528,-0.02516204767008634,-0.020591930936748937,0.06766892773284638,0.05963864645536665,0.008030281277479734,-0.14009913905557003
2017-12-04,BSX,24.9,True,-0.16805880387571004,True,0.024096385542168752,0.008215340349814637,0.015881045192354115,0.026506024096385472,0.023964564246233167,0.0025414598501523056,0.07510040160642584,0.018702203376997018,0.05639819822942882,0.21285140562248994,0.018475051109260177,0.19437635451322977,0.5128514056224902,0.043575376694177326,0.4692760289283129,-0.014457831325301207
2018-12-20,BSX,33.26,True,-0.15669371196754567,True,0.04239326518340358,0.0023465630942267612,0.04004670208917682,0.12026458208057722,0.06347857749726926,0.05678600458330796,0.13830426939266394,0.1390945503095038,-0.0007902809168398583,0.2152736019242334,0.1702876562689648,0.04498594565526859,0.3451593505712569,0.29299672290326484,0.05216262766799207,-0.05111244738424536
2020-02-26,BSX,39.39,True,-0.15508365508365507,True,-0.016247778624016274,0.004365971107544109,-0.020613749731560382,-0.24041634932724043,-0.20773675762439814,-0.03267959170284229,-0.11678090886011683,-0.05335473515248801,-0.06342617370762882,-0.0010154861640010449,0.08478330658105948,-0.08579879274506053,-0.016247778624016274,0.2439807383627608,-0.26022851698677707,-0.3881695861893881
2025-04-04,BSX,89.7,True,-0.16301203695063915,True,0.0442586399108138,0.05672102596580131,-0.012462386054987507,0.1620958751393533,0.11524303356554788,0.046852841573805426,0.1552954292084725,0.2279330272324258,-0.07263759802395331,0.0945373467112598,0.30980842305256506,-0.21527107634130527,-0.3022296544035674,0.30408882203926524,-0.6063184764428327,-0.04147157190635453
2013-06-24,BX,19.421,True,-0.16848631198568265,True,0.06063539467586643,0.0273780720743666,0.03325732260149983,0.21222903043097685,0.07691328154845278,0.13531574888252407,0.2380001029813088,0.10180822615560947,0.13619187682569933,0.4638690077750889,0.13415255316439567,0.3297164546106932,0.6872148705010042,0.2475487075003182,0.43966616300068595,0.009093249575202078
2014-04-10,BX,29.4799,True,-0.15117146221865185,True,0.04327355248830567,0.01763485477178417,0.025638697716521497,-0.05060057869938506,0.0262065953264905,-0.07680717402587556,0.08954575829633082,0.07141297226468679,0.018132786031644033,0.020970220387450444,0.0610941253548809,-0.04012390496743046,0.30492640748442157,0.1405328674383053,0.16439354004611628,-0.08255794626169022
2014-10-02,BX,29.9509,True,-0.15410381475006563,True,-0.024573552046850078,-0.008437082004321361,-0.016136470042528717,-0.024900754234430278,0.025722810988784817,-0.050623565223215095,0.11042072191486718,0.07377302191583501,0.03664769999903217,0.23165247121121557,0.05602428233357348,0.1756281888776421,0.037681672337058325,-0.014147546043831616,0.05182921838088994,-0.12974902256693455
2019-10-02,BX,46.66,True,-0.15425049845930772,True,-0.004072010287183847,0.011143511768381575,-0.015215522055565422,0.1352336048006859,0.055821703811705925,0.07941190098897999,0.20317188169738554,0.12080816496563229,0.08236371673175324,-0.08229747106729524,-0.14326876345205863,0.0609712923847634,0.1296613801971711,0.15382212039158505,-0.024160740194413943,-0.035147878268323884
2020-02-27,BX,53.29,True,-0.1797752808988764,True,0.08444361043347715,0.01663809619844714,0.06780551423503,-0.09926815537624323,-0.12204631777083119,0.022778162394587964,0.012385062863576657,-0.006957749319350559,0.019342812182927216,0.005066616626008713,0.1382474538670968,-0.1331808372410881,0.3109401388628261,0.31682968639709586,-0.0058895475342697345,-0.38074685682116716
2021-09-30,BX,116.34,True,-0.15012053473591924,True,-0.009111225717723936,0.02218390268909931,-0.03129512840682325,0.19795427196149218,0.06799645803234378,0.1299578139291484,0.16125150421179302,0.11213123922263124,0.04912026498916178,0.06395048994326968,0.034161345947709476,0.029789143995560208,-0.2607013924703455,-0.13657547653446434,-0.12412591593588118,-0.06472408457968026
2022-01-03,BX,126.63,True,-0.15456002136466818,True,-0.0940535418147358,-0.025538506625358504,-0.0685150351893773,0.06570322988233435,-0.05183060852818655,0.1175338384105209,0.004738213693437743,-0.03979401729082499,0.04453223098426273,-0.22711837637210763,-0.1865566975780285,-0.040561678794079126,-0.414119876806444,-0.19945155010361926,-0.21466832670282476,-0.19726763010345094
2023-10-19,BX,94.22,True,-0.1931837643432095,True,-0.02037783909997881,-0.032549304692446546,0.012171465592467734,0.10061558055614528,0.05581220833431044,0.044803372221834836,0.24156230099766507,0.10754402832821341,0.13401827266945165,0.31044364253873913,0.1979691860328776,0.11247445650586152,0.8014222033538525,0.36564031611284387,0.43578188724100864,-0.05975376777754182
2024-12-19,BX,168.91,True,-0.15948447452229308,True,0.03019359422177481,0.015202183927657265,0.014991410294117546,0.08205553253211773,0.03470397543081383,0.0473515571013039,-0.11935350186489846,-0.03516464767104588,-0.08418885419385258,-0.18145758096027476,0.028288687937211954,-0.2097462688974867,-0.1025398141021846,0.16121822214639137,-0.26375803624857597,-0.19720561245633772
2015-01-20,C,47.26,True,-0.17014925373134338,True,0.02221752010156597,0.0033653370286053086,0.01885218307296066,0.08802369868810844,0.03993863208947834,0.0480850665986301,0.14303851036817616,0.04112639809957441,0.10191211226860175,0.1752010156580619,0.03815698307433446,0.13704403258372744,-0.10135421074904782,-0.07052360684945069,-0.03083060389959713,-0.009098603470165001
2015-08-24,C,50.34,True,-0.17407711238720258,True,0.062375844259038304,0.04311345646437981,0.019262387794658498,0.0007945967421534306,0.023271767810026267,-0.022477171067872836,0.06257449344457688,0.08427440633245387,-0.021699912887876982,-0.22745331744139852,0.0014775725593667577,-0.22893089000076527,-0.07568533969010727,0.15324538258575204,-0.2289307222758593,-0.052244735796583286
2018-03-23,C,67.9,True,-0.15861214374225518,True,-0.0027982326951401237,-0.002247626428986571,-0.0005506062661535527,0.023269513991163393,0.03301685719821723,-0.009747343207053838,-0.016494845360824795,0.06762255376864945,-0.08411739912947425,0.03313696612665695,0.12702964541755457,-0.09389267929089762,-0.10191458026509581,0.08215462119744221,-0.18406920146253802,-0.0397643593519883
2025-03-31,C,70.99,True,-0.162261033750295,True,-0.17101000140864897,-0.09833926241084034,-0.07267073899780863,-0.029722496126214915,-0.009063444108761254,-0.02065905201745366,0.1884772503169463,0.09381647866425924,0.09466077165268705,0.4578109592900408,0.1920842346127032,0.2657267246773376,0.5110578954782363,0.12974847601852035,0.38130941945971597,-0.21805888153261022
2026-03-12,C,105.5,True,-0.15707893895813352,True,0.041232227488151585,-0.00939855268294143,0.050630780171093015,0.17905213270142184,0.02011830765997069,0.15893382504145115,0.2633175355450237,0.10983995435846627,0.1534775811865574,0.2733649289099527,0.1487853947091855,0.12457953420076717,,,,-0.001042654028436063
2018-02-08,CAT,145.99,True,-0.15729623643500346,True,0.09582848140283562,0.059775647246050445,0.036052834156785174,0.08397835468182735,0.08244381477312435,0.0015345399087030032,0.0262346736077812,0.03605946512440328,-0.009824791516622078,-0.05103089252688553,0.09016807048868536,-0.1411989630155709,-0.1178847866292212,0.04855800954857736,-0.16644279617779856,-0.054387286800465784
2020-02-27,CAT,123.27,True,-0.1812022583859184,True,-0.010545956031475567,0.01663809619844714,-0.027184052229922706,-0.103593737324572,-0.12204631777083119,0.018452580446259192,-0.08761255779995125,-0.006957749319350559,-0.08065480848060069,0.12249533544252467,0.1382474538670968,-0.015752118424572137,0.8047375679402937,0.31682968639709586,0.48790788154319786,-0.29017603634298694
2023-03-13,CAT,224.7,True,-0.15539016689219676,True,-0.01953716065865596,0.02174589993772047,-0.04128306059637643,-0.018246550956831253,0.06321361843471052,-0.08146016939154177,0.04828660436137078,0.10688706663898695,-0.05860046227761617,0.27392078326657776,0.17082727838903877,0.10309350487753899,0.49074321317312,0.3267593938135769,0.1639838193595431,-0.09194481530930132
2023-10-20,CAT,249.2,True,-0.15203484415407653,True,-0.04269662921348305,-0.02495310904817305,-0.01774352016531,0.015529695024077084,0.07027707210522571,-0.05474737708114863,0.1312199036918138,0.13129466511550603,-7.476142369222671e-05,0.46031300160513666,0.19767800755003684,0.2626349940550998,0.5804975922953453,0.38794843182411753,0.19254916047122772,-0.10208667736757626
2024-06-14,CAT,321.47,True,-0.15847752676631488,True,0.026534357793884356,-7.369468292850456e-05,0.02660805247681286,0.12165987494945085,0.04067946497660202,0.08098040997284883,0.042087908669549146,0.021445152732230355,0.02064275593731879,0.22866830497402546,0.11769040863701674,0.11097789633700872,0.12744579587519822,0.11035778768561855,0.017088008189579673,-0.04485644072541761
2025-01-10,CAT,351.0,True,-0.16129032258064513,True,0.0997720797720798,0.029440644972350993,0.07033143479972881,0.034814814814814854,0.04196454719288889,-0.007149732378074036,-0.2195441595441595,-0.14472256197350508,-0.07482159757065443,0.11541310541310534,0.06923461213802118,0.046178493275084165,0.7596011396011395,0.19566228531068597,0.5639388542904535,-0.2384615384615384
2026-03-30,CAT,667.43,True,-0.15494865853812945,True,0.08541719730908137,0.043119135401996855,0.042298061907084517,0.22540191480754546,0.12614522841274112,0.09925668639480434,0.583701661597471,0.16192224314445292,0.42177941845301814,,,,,,,0.0068471600017980805
2026-07-16,CAT,877.17,True,-0.18285730255435706,True,0.019802318820753007,-0.016703964194373477,0.036506283015126484,-0.025730474138422332,0.03617860187553279,-0.06190907601395512,,,,,,,,,,-0.12059235951981939
2023-03-13,CB,191.98,True,-0.17024679085447558,True,-0.012449213459735264,0.02174589993772047,-0.034195113397455734,0.03177414313991056,0.06321361843471052,-0.03143947529479996,0.0031774143139911004,0.10688706663898695,-0.10370965232499585,0.05891238670694876,0.17082727838903877,-0.11191489168209001,0.32826336076674667,0.3267593938135769,0.0015039669531697886,-0.04469215543285754
2015-08-24,CMCSA,25.4967,True,-0.16279367581145643,True,0.035286919483697776,0.04311345646437981,-0.00782653698068203,0.06065098620605802,0.023271767810026267,0.037379218396031755,0.12350617923103768,0.08427440633245387,0.03923177289858382,0.05642298807296631,0.0014775725593667577,0.05494541551359955,0.21834198151133277,0.15324538258575204,0.06509659892558073,-0.01047586550416324
2018-12-06,COP,66.61,True,-0.16986540378863402,True,-0.0072061252064254955,-0.016565372072339102,0.009359246865913606,-0.04714006905869994,-0.05729321079158012,0.010153141732880178,0.025221438222489123,0.027757189445597463,-0.00253575122310834,-0.11484762047740582,0.02012303587310993,-0.13497065635051575,-0.08977630986338381,0.15423954936258522,-0.24401585922596902,-0.14802582194865632
2022-04-26,COP,91.32,True,-0.1506696428571429,True,0.08333333333333348,0.0006729151646238662,0.08266041816870962,0.1988611476127904,-0.05337659216534496,0.25223773977813535,-0.03493210687691628,-0.05049267003124258,0.015560563154326301,0.29610162067455104,-0.11843306897380446,0.4145346896483555,0.11793692509855469,-0.024080749819754943,0.14201767491830963,-0.1425755584756898
2022-07-22,COP,88.13,True,-0.28973243068987753,True,0.10552592760694446,0.04277506390948904,0.06275086369745542,0.19301032565528198,0.0684654129438862,0.12454491271139578,0.3430159990922501,-0.07155331696575462,0.41456931605800473,0.36344037217746505,0.004733098787617962,0.3587072733898471,0.2809485986610689,0.1444987218102205,0.13644987685084842,-0.0038579371383182792
2022-12-06,COP,115.61,True,-0.1652104845115171,True,-0.019029495718363543,0.020668816494426645,-0.03969831221279019,0.010033734106046133,-0.03669095802757527,0.046724692133621404,-0.05233111322549955,0.02701673310819408,-0.07934784633369363,-0.14107776143932182,0.06099078282507686,-0.2020685442643987,-0.02136493382925353,0.159383490338471,-0.18074842416772452,-0.10941960038058995
2024-05-30,COP,113.58,True,-0.15978695073235694,True,-0.012150026413100812,0.023057346778668553,-0.035207373191769364,0.007043493572812087,0.04135014638066625,-0.034306652807854165,-0.00017608733932028553,0.07305639004228759,-0.07323247738160787,-0.004314139813347384,0.12952297124050438,-0.13383711105385176,-0.2485472794506075,0.12778171102734337,-0.3763289904779509,-0.09957739038563129
2016-02-04,COST,143.28,True,-0.1558357391150651,True,0.023520379676158498,-0.045615866388308834,0.06913624606446733,0.05318257956448913,0.04608559498956155,0.007096984574927578,0.053391959798994915,0.0854384133611692,-0.03204645356217428,0.15961753210496932,0.13006263048016709,0.029554901624802232,0.12967615857063097,0.18799582463465558,-0.05831966606402461,-0.011585706309324428
2017-07-07,COST,154.11,True,-0.15869636423190303,True,-0.007202647459606859,0.01424972120110679,-0.02145236866071365,0.015119070793588874,0.021890876048077157,-0.006771805254488283,0.0764389072740248,0.04217091404733386,0.03426799322669094,0.20887677632859636,0.1041262236173639,0.10475055271123246,0.35708260333527986,0.12804097311139562,0.22904163022388424,-0.02666926221530086
2021-02-25,COST,333.9,True,-0.1507058374666158,True,-0.044504342617549986,-0.014725498914550217,-0.02977884370299977,0.03725666367175795,0.019276541207857045,0.017980122463900905,0.14022162324049137,0.08529280987628485,0.05492881336420652,0.3547169811320754,0.1614050689195199,0.1933119122125555,0.5039832285115304,0.12355818272173247,0.38042504578979797,-0.08056304282719373
2022-01-20,COST,482.82,True,-0.15515582074926948,True,-0.0006213495712688033,-0.03471740346950192,0.034096053898233114,0.06667080899714173,-0.02168998321208726,0.08836079220922899,0.20566670808997145,-0.019653049804140954,0.2253197578941124,0.06031233171782446,-0.1540906547285954,0.21440298644641986,-0.027608632616710094,-0.1300727476217124,0.1024641150050023,-0.028602791930740223
2022-05-05,COST,517.32,True,-0.1550786417756871,True,-0.06019485038274186,-0.05188371474831455,-0.008311135634427314,-0.0793899327302251,-0.007902177327759108,-0.07148775540246599,0.050529652826103666,-0.013895265943307367,0.06442491876941103,-0.034543416067424504,-0.07682269640656347,0.04227928033913897,-0.05215340601561913,-0.02097581015441874,-0.03117759586120039,-0.21420010825021274
2025-03-13,COST,890.62,True,-0.1739981265592685,True,0.00536704767465368,0.025515940662290237,-0.020148892987636557,0.08274011362870803,-0.04867433172536351,0.13141444535407154,0.12975230738137467,0.08751949512168578,0.04223281225968889,0.07329725359861672,0.17717891987958367,-0.10388166628096696,0.126541061283151,0.20789960465706714,-0.08135854337391613,-0.02123239990119241
2026-07-01,COST,924.67,True,-0.1567077063383493,True,-0.012653162749953983,0.007978438103411367,-0.02063160085336535,0.03190327360031153,-0.0054575198455266705,0.0373607934458382,,,,,,,,,,-0.0188824121037775
2013-06-04,CRM,37.8,True,-0.20554854981084492,True,-0.005555555555555425,-0.002812423575446421,-0.0027431319801090037,0.009788359788359902,-0.014367816091954033,0.024156175880313935,0.13174603174603194,0.0021398875030569364,0.129606144242975,0.4402116402116403,0.09996331621423327,0.340248323997407,0.3857142857142859,0.17938371239911954,0.20633057331516635,-0.04523809523809508
2014-03-24,CRM,56.36,True,-0.1588059701492538,True,0.012952448545067385,0.008520735587553174,0.004431712957514211,0.012775017743080097,0.013266461737582835,-0.0004914439945027382,0.024840312278211485,0.05840478886911504,-0.03356447659090356,0.05127750177430812,0.07388232756296165,-0.022604825788653526,0.20102909865152596,0.13471390821334195,0.06631519043818401,-0.14513839602555
2016-01-20,CRM,70.33,True,-0.15162846803377572,True,-0.04123418171477311,0.013358470239698272,-0.05459265195447138,-0.12270723730982502,0.03468893078373281,-0.15739616809355783,0.08502772643253231,0.11920280096956626,-0.034175074537033945,0.16493672685909289,0.15782386210611365,0.007112864752979231,0.06668562491113317,0.21869108537570692,-0.15200546046457375,-0.25209725579411346
2018-10-24,CRM,133.26,True,-0.17327377628885166,True,0.02986642653459426,0.0200135685210312,0.00985285801356306,-0.07256491070088544,-0.001130710085934017,-0.07143420061495143,0.12374305868227542,-0.007198854213779415,0.13094191289605484,0.17056881284706593,0.09309513040856321,0.07747368243850272,0.08907399069488231,0.13025780189959302,-0.04118381120471071,-0.14753114212817053
2020-03-06,CRM,164.08,True,-0.16165951359084396,True,-0.09934178449536812,-0.09460095475021846,-0.004740829745149666,-0.1814358849341785,-0.16563571572648417,-0.015800169207694337,0.0618600682593855,0.035702279298056805,0.0261577889613287,0.6596782057532908,0.16845962482350574,0.4912185809297851,0.25140175524134567,0.26638875815235674,-0.014987002911011071,-0.29735494880546076
2020-09-08,CRM,241.27,True,-0.15195079086115992,True,0.043146682140340786,0.02088772845953013,0.022258953680810656,0.03676379160276855,0.0051619099066655405,0.03160188169610301,-0.08492560202263033,0.1007772875964108,-0.18570288961904113,-0.11522360840552082,0.16004921821073803,-0.27527282661625885,0.10697558751606073,0.3597431049488311,-0.25276751743277037,-0.10627098271645885
2021-12-01,CRM,251.5,True,-0.1932638331996792,True,0.05888667992047725,0.04221975582685911,0.01666692409361814,0.015228628230616437,0.05695893451720324,-0.041730306286586805,-0.16290258449304174,-0.03078801331853498,-0.13211457117450676,-0.37602385685884687,-0.12566037735849056,-0.2503634795003563,-0.39689860834990054,-0.12268590455049944,-0.2742127037994011,-0.2666401590457257
2025-02-21,CRM,309.8,True,-0.16043360433604337,True,-0.038573273079406056,-0.009600960096009747,-0.02897231298339631,-0.0941897998708845,-0.059939327266059994,-0.0342504726048245,-0.07156229825694005,-0.008484181751508557,-0.06307811650543149,-0.2467075532601679,0.0750241690835749,-0.3217317223437428,-0.4023240800516462,0.14916491649164887,-0.5514889965432951,-0.2575855390574564
2018-12-21,CSCO,41.85,True,-0.15403274711946624,True,0.03536439665471924,0.03830494391358541,-0.0029405472588661663,0.08626045400238946,0.09434981304528467,-0.008089359042895206,0.28888888888888875,0.18292480265891164,0.1059640862299771,0.3237753882915173,0.2022019110926465,0.1215734771988708,0.1440860215053763,0.3331948483589531,-0.18910882685357677,-0.03823178016726403
2019-08-15,CSCO,46.25,True,-0.20614486783384822,True,0.04172972972972966,0.02708589495872138,0.01464383477100828,0.0817297297297297,0.05775513788863518,0.023974591841094517,0.05578378378378379,0.0853328649218339,-0.029549081138050104,0.05275675675675662,0.1733005445283684,-0.12054378777161179,0.040000000000000036,0.18545582294045326,-0.14545582294045323,-0.015135135135135203
2026-07-16,CSCO,109.66,True,-0.15885556493058228,True,0.02826919569578701,-0.016703964194373477,0.044973159890160486,0.03474375341966085,0.03617860187553279,-0.0014348484558719399,,,,,,,,,,-0.018785336494619775
2018-03-23,DE,148.0,True,-0.15554034006618733,True,0.025810810810810825,-0.002247626428986571,0.028058437239797396,-0.01324324324324333,0.03301685719821723,-0.04626010044146056,-0.03864864864864859,0.06762255376864945,-0.10627120241729804,0.005878378378378457,0.12702964541755457,-0.12115126703917611,0.05364864864864871,0.08215462119744221,-0.0285059725487935,-0.11310810810810812
2019-05-17,DE,134.82,True,-0.20689452320724755,True,0.030633437175493272,-0.010705289672544138,0.04133872684803741,0.1450081590268506,0.012349566190876127,0.13265859283597448,0.09160361964100283,0.02347467114469648,0.06812894849630635,0.30522177718439414,0.07437727399944039,0.23084450318495375,-0.059486723038124856,-0.003043660789252556,-0.0564430622488723,-0.015873015873015817
2019-08-14,DE,143.17,True,-0.16382431958883314,True,0.08165118390724335,0.03011623811201125,0.0515349457952321,0.14032269330166947,0.06125396266290961,0.07906873063875985,0.24250890549696158,0.08552307150405092,0.15698583399291066,0.17587483411329186,0.1724550898203594,0.0034197442929324584,0.34958441014178954,0.1722437477985208,0.17734066234326873,-0.013410630718725947
2020-03-09,DE,150.0,True,-0.1757788889499423,True,-0.19966666666666666,-0.12536921562192327,-0.07429745104474339,-0.043399999999999994,-0.03416839878933742,-0.009231601210662577,0.05566666666666653,0.1383874849578821,-0.08272081829121558,0.3988666666666667,0.27021113663712937,0.12865553002953733,1.3321999999999998,0.3989352003792437,0.9332647996207561,-0.2924
2021-06-14,DE,335.54,True,-0.1618624169455961,True,0.006973833224056758,-0.0103466114847387,0.017320444708795457,0.04538952136854024,0.024291021963034343,0.0210984994055059,0.10338558741133697,0.06031604195080664,0.04306954546053032,0.04494248077725449,0.07557729389079615,-0.03063481311354166,0.02917684925791253,-0.0560127921741993,0.08518964143211183,-0.040650891100912134
2022-04-29,DE,377.55,True,-0.15491539081385974,True,-0.000238379022646118,-0.001601941747572888,0.0013635627249267701,-0.0445503906767315,0.007912621359223326,-0.052463012035954826,-0.13730631704410023,-0.0266019417475728,-0.11070437529652744,-0.031863329360349746,-0.11308252427184462,0.08121919491149487,0.0012448682293735303,0.009538834951456243,-0.008293966722082713,-0.24828499536485238
2023-09-22,DE,380.87,True,-0.15362222222222222,True,-0.009163231548822481,-0.006830537614423093,-0.002332693934399388,-0.015018247696064302,-0.021444170809906682,0.00642592311384238,0.004962323102370769,0.09653361832628593,-0.09157129522391516,0.0066164308031611,0.18449421495283658,-0.17787778414967548,0.06569170583138595,0.3202221086380743,-0.25453040280668837,-0.06634809777614403
2020-03-09,DHR,125.523,True,-0.16313034573384688,True,-0.0985237765190442,-0.12536921562192327,0.026845439102879065,0.0024720569138723114,-0.03416839878933742,0.03664045570320973,0.19810791647745818,0.1383874849578821,0.05972043151957607,0.4435346510201317,0.27021113663712937,0.1733235143830023,0.5421293308795998,0.3989352003792437,0.14319413050035612,-0.1553069955306995
2015-08-20,DIS,100.02,True,-0.18070117955439058,True,0.021495700859827993,-0.023042604304554515,0.04453830516438251,0.028194361127774625,-0.04177084865421388,0.0699652097819885,0.14817036592681476,-0.007010834926704956,0.15518120085351972,-0.09708058388322327,-0.1034956120998185,0.006415028216595231,-0.03149370125974793,0.07059861744374185,-0.10209231870348978,-0.10017996400719853
2021-05-17,DIS,170.08,True,-0.16225002462811544,True,0.024870649106302878,0.0087841740469774,0.016086475059325478,0.033984007525870163,0.021563342318059453,0.01242066520781071,0.0470954844778928,0.06801116673084318,-0.020915682252950374,0.0011759172154279796,0.12367635733538718,-0.1225004401199592,-0.38670037629350895,-0.05578552175587215,-0.3309148545376368,-0.017521166509877784
2014-08-07,ETN,66.72,True,-0.16579144786196554,True,0.02772781774580335,0.024760508820603988,0.0029673089251993634,0.03672062350119898,0.052766581165262005,-0.016045957664063026,0.025029976019184774,0.05564571009789043,-0.03061573407870566,-0.037919664268585174,0.057373187457467445,-0.09529285172605262,-0.10641486810551559,0.09967020886771705,-0.20608507697323264,-0.14403477218225424
2020-03-09,ETN,83.13,True,-0.2141236528644357,True,-0.09394923613617234,-0.12536921562192327,0.031419979485750926,-0.06892818477084073,-0.03416839878933742,-0.03475978598150331,0.07458198003127636,0.1383874849578821,-0.06380550492660575,0.2280765066762902,0.27021113663712937,-0.042134629960839165,0.6527126187898471,0.3989352003792437,0.2537774184106034,-0.32130398171538543
2023-10-05,ETN,203.18,True,-0.15496589585759435,True,0.07023329067821638,0.02157832744405197,0.048654963234164406,0.06388424057485964,0.014746760895170796,0.049137479679688845,0.17580470518751845,0.11342756183745584,0.062377143350062614,0.5389309971453884,0.23220259128386345,0.30672840586152494,0.6092135052662662,0.3376207302709071,0.27159277499535905,-0.055911014863667785
2024-07-25,ETN,292.88,True,-0.15153973174193924,True,0.017071838295547703,0.008543674894597064,0.008528163400950639,0.016423108440316803,0.0330788804071247,-0.016655771966807897,0.18881453154875727,0.0857710666592375,0.10304346488951976,0.17860557224801976,0.098865177095522,0.07974039515249776,0.3390125648729856,0.18329897290169206,0.15571359197129353,-0.12711690794864783
2025-01-27,ETN,311.55,True,-0.18011000289481305,True,0.012389664580324311,-0.0026694696097570025,0.015059134190081314,-0.0770341839191141,-0.008558986936283097,-0.068475196982831,-0.11519820253570856,-0.10669536346497166,-0.0085028390707369,0.19935804846734073,0.04905150407928316,0.15030654438805757,0.06653827636013476,0.15576355172931589,-0.08922527536918112,-0.25581768576472486
2026-03-30,ETN,343.53,True,-0.15894234300403975,True,0.0737053532442582,0.043119135401996855,0.030586217842261343,0.2024277355689461,0.12614522841274112,0.07628250715620499,0.22222222222222232,0.16192224314445292,0.060299979077769406,,,,,,,0.0074811515733708145
2026-07-29,ETN,361.88,True,-0.17140632870815586,True,0.2359898308831656,0.05528747292517733,0.18070235795798828,0.15905825135403995,0.05020151893181257,0.10885673242222738,,,,,,,,,,0.04614789432961208
2018-12-24,FISV,69.0,True,-0.166566010387728,True,0.04652173913043467,0.0675940940513784,-0.021072354920943726,0.1998550724637682,0.12464794742681584,0.07520712503695237,0.2402898550724637,0.19164461892976026,0.04864523614270344,0.29130434782608683,0.2477596654433727,0.04354468238271414,0.6908695652173913,0.3686523854228898,0.3222171797945015,-0.007971014492753614
2020-03-09,FISV,100.03,True,-0.20007996801279482,True,-0.1384584624612616,-0.12536921562192327,-0.01308924683933832,-0.041687493751874416,-0.03416839878933742,-0.0075190949625369985,0.08807357792662196,0.1383874849578821,-0.05031390703126015,-0.010296910926722025,0.27021113663712937,-0.2805080475638514,0.19654103768869335,0.3989352003792437,-0.20239416269055033,-0.26522043386983907
2025-04-04,FISV,198.6,True,-0.16760970702879419,True,0.048036253776434945,0.05672102596580131,-0.008684772189366363,-0.0659617321248741,0.11524303356554788,-0.181204765690422,-0.13167170191339383,0.2279330272324258,-0.35960472914581965,-0.34763343403826785,0.30980842305256506,-0.6574418570908329,-0.7164149043303122,0.30408882203926524,-1.0205037263695775,-0.21299093655589119
2021-12-06,GE,59.8158,True,-0.1735398109039058,True,-0.02999541927049376,0.016957649469256042,-0.046953068739749804,0.03499744214739242,0.04089016761481279,-0.005892725467420368,-0.03707883201428386,-0.05030624032781894,0.013227408313535083,-0.17966824818860572,-0.0948800104623031,-0.08478823772630262,-0.09509360403104206,-0.11308005841452518,0.01798645438348312,-0.08655238248088304
2024-12-12,GE,164.83,True,-0.15385010266940446,True,-0.00018200570284532258,-0.03016563797924976,0.029983632276404437,0.07298428684098779,-0.03663561299290119,0.10961989983388898,0.16738457805011198,-0.08755150331772388,0.25493608136783585,0.5252684584116967,-0.007694471563549854,0.5329629299752465,0.8189043256688708,0.12812536197110846,0.6907789636977624,-0.03172966086270712
2025-04-04,GE,166.81,True,-0.22127818495868545,True,0.08908338828607398,0.05672102596580131,0.032362362320272675,0.25256279599544396,0.11524303356554788,0.13731976242989608,0.4672381751693544,0.2279330272324258,0.23930514793692859,0.7683592110784725,0.30980842305256506,0.45855078802590743,0.7306516395899525,0.30408882203926524,0.42656281755068726,-0.04466159103171263
2026-03-19,GE,291.61,True,-0.16319444444444442,True,-0.021844244024553316,-0.022294634737799246,0.0004503907132459295,0.04293405575940468,0.07629584722643235,-0.03336179146702767,0.17369088851548287,0.14402849348287372,0.029662395032609146,,,,,,,-0.07784369534652447
2026-09-02,GE,329.5,True,-0.1526077564036621,True,,,,,,,,,,,,,,,,-0.0005462822458269789
2013-06-20,GILD,49.35,True,-0.15001722356183256,True,0.03363728470111438,0.01053952321204532,0.023097761489069057,0.2178318135764945,0.06129234629861968,0.15653946727787482,0.27700101317122594,0.06844416562107902,0.20855684755014692,0.47537993920972643,0.1339397741530739,0.34144016505665253,0.6103343465045592,0.2312421580928481,0.3790921884117111,-0.05369807497467072
2014-03-21,GILD,72.07,True,-0.15091894439208298,True,-0.04884140419037042,-0.0038131041890439032,-0.045028300001326516,-0.006521437491327831,0.004511278195488799,-0.01103271568681663,0.10711807964478992,0.0463480128893663,0.060770066755423624,0.47620369085611225,0.07572502685284643,0.4004786640032658,0.40752046621340376,0.12513426423200857,0.2823862019813952,-0.11891216872485078
2014-12-22,GILD,92.9,True,-0.20482752717623887,True,0.02561894510226037,0.0006265966163783165,0.024992348485882054,0.13175457481162534,-0.006603364341832618,0.13835793915345795,0.10107642626480096,0.014170723478093228,0.08690570278670773,0.2817007534983853,0.013399527642550702,0.2683012258558346,0.09364908503767477,-0.035908806092447065,0.12955789113012184,-0.07481162540365982
2015-08-24,GILD,100.66,True,-0.18408040852719465,True,0.04381084840055638,0.04311345646437981,0.0006973919361765724,0.058116431551758385,0.023271767810026267,0.03484466374173212,0.038446254718855544,0.08427440633245387,-0.04582815161359832,-0.09447645539439686,0.0014775725593667577,-0.09595402795376362,-0.19531094774488378,0.15324538258575204,-0.3485563303306358,-0.07421021259686067
2020-03-23,GILD,72.61,True,-0.15540304757473533,True,0.04572372951384107,0.17358152052029596,-0.1278577910064549,0.08153146949455992,0.22466920834267778,-0.14313773884811787,0.0158380388376258,0.39789190401435315,-0.38205386517672735,-0.09681862002479003,0.4983628616281679,-0.5951814816529579,-0.11224349263186895,0.7469387755102042,-0.8591822681420731,-0.04503511912959646
2025-04-10,GILD,101.4,True,-0.15471823941313767,True,0.030966469428007848,0.0034885050897859315,0.027477964338221916,-0.04428007889546359,0.07579396850813991,-0.1200740474036035,0.11676528599605507,0.18963742422509422,-0.07287213822903915,0.09033530571992099,0.27572534217850464,-0.18539003645858365,0.3707100591715977,0.2952457203858325,0.0754643387857652,-0.07919132149901387
2014-05-06,GOOGL,26.1285,True,-0.1503700476054214,True,0.036301356756032854,0.0170253774494058,0.019275979306627056,0.059685783722754904,0.03431844951279572,0.02536733420995918,0.10903802361406134,0.03378306028482703,0.07525496332923431,0.05038559427445133,0.051665060498982784,-0.0012794662245314559,0.057925254032952456,0.131384516543527,-0.07345926251057455,-0.021968348737968046
2018-02-08,GOOGL,50.3855,True,-0.1588397328881469,True,0.08300999295432221,0.059775647246050445,0.023234345708271764,0.15195840073036893,0.08244381477312435,0.06951458595724458,0.05135406019588973,0.03605946512440328,0.01529459507148645,0.22355638030782665,0.09016807048868536,0.1333883098191413,0.0974486707485287,0.04855800954857736,0.048890661199951335,-0.023528594536126435
2018-10-10,GOOGL,54.608,True,-0.15430836895248723,True,0.032440301787284076,0.0077254761049225795,0.024714825682361496,0.014723117491942661,0.009737693136902648,0.0049854243550400135,-0.006217037796659719,-0.07736255839022643,0.07114552059356671,0.11654885731028419,0.031908012935680796,0.0846408443746034,0.10093759156167592,0.04660438375853393,0.05433320780314199,-0.1048381189569293
2019-06-03,GOOGL,51.937,True,-0.1991025235741768,True,0.042378265976086515,0.0524456422770152,-0.010067376300928688,0.05897529699443571,0.0768110135848783,-0.017835716590442585,0.1271540520245682,0.044797319444950245,0.08235673257961795,0.2533068910410692,0.1318425173908293,0.12146437365023988,0.3800566070431486,0.10835124012091635,0.27170536692223224,-0.005525925640679996
2020-03-06,GOOGL,64.787,True,-0.15352051948730683,True,-0.0628752681865189,-0.09460095475021846,0.03172568656369956,-0.15669810301449372,-0.16563571572648417,0.00893761271199045,0.11311682899347075,0.035702279298056805,0.07741454969541395,0.2688733850926883,0.16845962482350574,0.10041376026918258,0.5697053421211045,0.26638875815235674,0.3033165839687477,-0.22139472425023543
2020-09-18,GOOGL,72.5545,True,-0.15932448873182325,True,-0.008290319690715253,-0.005806744291546817,-0.002483575399168436,0.08036028089229474,0.050325117193407154,0.03003516369888759,0.2075474298630684,0.1028580069559959,0.1046894229070725,0.4127311193654424,0.19177377892030867,0.2209573404451337,0.9793396688006948,0.35239679419325576,0.626942874607439,-0.03372637121060729
2022-01-25,GOOGL,126.935,True,-0.1591843223496603,True,0.08436601410170552,0.042534582364720075,0.04183143173698545,0.005144365226296799,-0.028816719221120057,0.033961084447416856,-0.01670540040178048,0.008262941054618222,-0.0249683414563987,-0.10339937763422224,-0.0971298363523374,-0.006269541281884838,-0.23031472801039898,-0.07887771307570146,-0.15143701493469752,-0.018974278173868542
2022-04-21,GOOGL,124.8145,True,-0.17639470393575574,True,-0.050410809641508014,-0.023398621193443825,-0.02701218844806419,-0.11561557351109042,-0.11094370634159711,-0.0046718671694933045,-0.08816683958995142,-0.10452905994612616,0.01636222035617474,-0.21836004630872208,-0.1860475733917728,-0.032312472916949275,-0.1564281393588084,-0.059763502716522865,-0.09666463664228553,-0.18371262954224066
2025-04-25,GOOGL,161.96,True,-0.2177734846655397,True,0.012780933563842911,0.029275025424960077,-0.016494091861117166,0.040195109903679915,0.051703472323114896,-0.011508362419434981,0.17454927142504317,0.15176885079180602,0.022780420633237153,0.5526055816250925,0.19976754322243218,0.35283803840266037,1.1264509755495182,0.2965639982565742,0.829886977292944,-0.08718202025191413
2026-03-24,GOOGL,290.44,True,-0.16779369627507168,True,-0.009915989533122116,-0.004347959214917707,-0.005568030318204409,0.1682963779093789,0.08884227931045063,0.07945409859892827,0.2671463985676903,0.14323769864355929,0.123908699924131,,,,,,,-0.06311114171601706
2026-06-23,GOOGL,346.13,True,-0.1529086414918872,True,0.03247334816398473,0.01798031571198777,0.014493032451996957,-0.011671915176378889,0.018852749529703505,-0.030524664706082394,,,,,,,,,,-0.09022621558374022
2015-08-24,GS,179.46,True,-0.17968642866937878,True,0.05093056948623631,0.04311345646437981,0.007817113021856503,0.0014487908168949737,0.023271767810026267,-0.021822976993131293,0.061907946060403285,0.08427440633245387,-0.02236646027205058,-0.1696199710241837,0.0014775725593667577,-0.17109754358355045,-0.07372116349047153,0.15324538258575204,-0.22696654607622357,-0.06670010030090268
2017-04-18,GS,215.59,True,-0.1550460513423476,True,0.0512083120738438,0.020011117287381808,0.03119719478646199,0.04643072498724421,0.026553213323641467,0.019877511663602743,0.06869520849761113,0.04511053149185429,0.023584677005756838,0.14114754858759682,0.08765553512635216,0.05349201346124466,0.1961593765944616,0.14307093684525585,0.05308843974920574,-0.027691451366018804
2022-01-18,GS,354.4,True,-0.1683874601088794,True,-0.0362584650112866,-0.04823763937873771,0.011979174367451106,0.026918735891647838,-0.022760630024754036,0.049679365916401874,-0.09150677200902924,-0.02887248351552063,-0.0626342884935086,-0.17457674943566592,-0.16574295165282926,-0.008833797782836661,-0.012641083521444552,-0.1286337050099674,0.11599262148852285,-0.13036117381489842
2025-03-06,GS,567.67,True,-0.15549175084425548,True,-0.07550161185195625,-0.0371741369977826,-0.03832747485417365,-0.09942396110416252,-0.06287649944998341,-0.0365474616541791,0.05469727130198887,0.03492168811440344,0.019775583187585433,0.32060880441101336,0.129070559270835,0.19153824514017836,0.4717353391935457,0.18962476646121051,0.2821105727323352,-0.2259939753730159
2026-03-05,GS,835.46,True,-0.1515588504112928,True,-0.05738156225313007,-0.022383349723327117,-0.03499821252980295,0.0330117540037822,-0.037398541045926104,0.0704102950497083,0.2550930026572187,0.113355154041479,0.14173784861573968,0.24537380604696812,0.12442206924894705,0.12095173679802107,,,,-0.06578411892849456
2026-07-29,GS,980.75,True,-0.15012261804695015,True,0.08119296456793279,0.05528747292517733,0.025905491642755463,0.060881978078001664,0.05020151893181257,0.010680459146189092,,,,,,,,,,0.016538363497323516
2016-02-08,HD,111.85,True,-0.17435594596589654,True,0.0677693339293699,0.023514184014669537,0.044255149914700365,0.1329459097004917,0.07000323589688295,0.06294267380360874,0.20840411265087178,0.10565203322187466,0.10275207942899711,0.23594099240053668,0.17096321863876618,0.0649777737617705,0.2336164506034868,0.23686765181749547,-0.003251201214008681,-0.010460438086723145
2018-03-22,HD,175.29,True,-0.155676508838688,True,0.016829254378458725,-0.0019721621724125837,0.018801416550871308,0.00981231102744018,0.011150301513255245,-0.001337990485815066,0.14490273261452447,0.04888686615845561,0.09601586645606885,0.20931028581208277,0.09652216786134171,0.11278811795074106,0.08374693365280406,0.0798725679827057,0.0038743656700983564,-0.02778253180443835
2018-10-18,HD,180.44,True,-0.16241934735180807,True,-0.007592551540678394,-0.022865412445730815,0.015272860905052421,-0.017069385945466586,-0.012228654124457283,-0.004840731821009303,-0.01884282864109954,-0.05578871201157731,0.03694588337047777,0.1297384172023941,0.04978292329956613,0.07995549390282797,0.3121813345156286,0.08277858176555708,0.2294027527500715,-0.12386388827311012
2020-03-12,HD,190.59,True,-0.22950355756791718,True,-0.15457264284589967,-0.030631574704768183,-0.12394106814113148,0.05740070307990974,0.12127685300874602,-0.06387614992883628,0.34723752557846677,0.3026480190238199,0.044589506554646885,0.5002885775748989,0.42114384748700173,0.07914473008789713,0.39692533711107614,0.5701906412478335,-0.17326530413675734,-0.2621333753082533
2022-01-20,HD,349.58,True,-0.16887377855971097,True,0.019594942502431545,-0.03471740346950192,0.05431234597193346,-0.0046913438983923195,-0.02168998321208726,0.01699863931369494,-0.14122661479489673,-0.019653049804140954,-0.12157356499075578,-0.17192059042279295,-0.1540906547285954,-0.017829935694197552,-0.11070427369986835,-0.1300727476217124,0.019368473921844043,-0.16016362492133418
2018-12-10,HON,136.3596,True,-0.15117802717408557,True,-0.025879366029234463,-0.032983678570076,0.00710431254084154,-0.016165345160883304,-0.023099935623130063,0.006934590462246759,0.09887606006471117,0.03934562805316766,0.05953043201154351,0.2189196800225286,0.06233195743552833,0.15658772258700027,0.27190971519423623,0.19237323436967468,0.07953648082456155,-0.1048932381731833
2020-03-09,HON,151.0977,True,-0.16950994294759747,True,-0.11507256563137624,-0.12536921562192327,0.010296649990547024,-0.12338109713119405,-0.03416839878933742,-0.08921269834185663,0.0032052109330584777,0.1383874849578821,-0.13518227402482363,0.08589541733593564,0.27021113663712937,-0.18431571930119373,0.3514322190212027,0.3989352003792437,-0.047502981358040985,-0.33874175450718313
2024-04-25,IBM,168.91,True,-0.15197308966763734,True,-0.024983719140370564,0.003058650618681602,-0.028042369759052166,0.010419750162808494,0.04462849311803607,-0.03420874295522758,0.08992954828014921,0.09988281793084264,-0.00995326965069343,0.3833994434906163,0.15652743847941353,0.22687200501120275,0.37593984962406024,0.09364634848755671,0.28229350113650353,-0.03723876620685562
2025-04-07,IBM,225.78,True,-0.15263651717020077,True,0.05881831871733545,0.06887664062809784,-0.010058321910762391,0.10337496678182312,0.10789484119116532,-0.004519874409342206,0.29316148463105685,0.23981918394861035,0.0533423006824465,0.23925945610771548,0.3158333002894642,-0.07657384418174873,0.08543715120914164,0.3069907609342164,-0.22155360972507476,-0.047036938612809
2025-08-01,IBM,250.05,True,-0.15569286871961108,True,-0.03111377724455111,0.02486649938879215,-0.05598027663334326,-0.026234753049390158,0.03752493083703268,-0.06375968388642284,0.25210957808438295,0.10216817860129956,0.14994139948308338,0.16952609478104375,0.10858585858585856,0.06094023619518518,-0.10557888422315542,0.20155375410152465,-0.3071326383246801,-0.06674665066986607
2026-06-08,IBM,280.82,True,-0.15532695662636098,True,-0.043123709137525834,0.02111685289900156,-0.0642405620365274,0.0756000284879994,0.00836016341549195,0.06723986507250745,-0.17491631650167372,0.03509104190903911,-0.21000735841071283,,,,,,,-0.29068442418631146
2014-04-01,ICE,38.628,True,-0.15843137254901962,True,-0.0063166614890752815,-0.016733067729083673,0.010416406240008391,0.05850678264471365,0.0003187250996015134,0.05818805754511214,-0.020140830485658068,0.03819389110225768,-0.05833472158791575,0.03945324634979808,0.057901726427622924,-0.018448480077824847,0.21663042352697537,0.10624169986719778,0.11038872365977759,-0.032308170239204625
2020-03-11,ICE,86.2,True,-0.15432159325026984,True,-0.18700696055684463,-0.12523691500218692,-0.061770045554657704,-0.00997679814385155,-0.0012027992418721656,-0.008773998901979385,0.13468677494199532,0.16394518151333992,-0.029258406571344597,0.23236658932714627,0.2731812217524421,-0.040814632425295816,0.3272621809744778,0.4111750984108471,-0.0839129174363693,-0.26322505800464047
2018-02-08,INTC,42.75,True,-0.15929203539823011,True,0.07415204678362586,0.059775647246050445,0.014376399537575413,0.22081871345029236,0.08244381477312435,0.138374898677168,0.24748538011695898,0.03605946512440328,0.2114259149925557,0.1417543859649124,0.09016807048868536,0.05158631547622705,0.15157894736842104,0.04855800954857736,0.10302093781984367,-0.01660818713450296
2018-06-27,INTC,48.76,True,-0.15347222222222223,True,0.04081214109926168,0.013959532207165282,0.026852608892096397,0.06972928630024611,0.051939855206979635,0.017789431093266472,-0.043068088597210896,0.0840542045665491,-0.12712229316376,-0.020918785890073788,-0.05297939483942826,0.032060608949354474,-0.011689909762100048,0.07841098941897151,-0.09010089918107156,-0.09639048400328132
2020-02-27,INTC,55.83,True,-0.1942560254004908,True,0.02024001432921363,0.01663809619844714,0.0036019181307664905,-0.005194339960594596,-0.12204631777083119,0.1168519778102366,0.11517105498835756,-0.006957749319350559,0.12212880430770812,-0.12860469281748166,0.1382474538670968,-0.26685214668457846,0.1318287658964714,0.31682968639709586,-0.18500092050062444,-0.21852050868708572
2026-02-26,INTC,45.46,True,-0.16739926739926736,True,0.010778706555213402,-0.011591469606847538,0.02237017616206094,-0.02991641003079626,-0.06413753082837648,0.03422112079758022,1.6361636603607566,0.0817350935731902,1.5544285667875664,1.0413550373955123,0.11571159146960674,0.9256434459259055,,,,-0.10624725032996041
2026-06-01,INTC,109.33,True,-0.176421845574388,True,0.008597823104362856,-0.02546998180715576,0.03406780491151862,0.27714259581084777,-0.015516650407361499,0.29265924621820927,-0.19290222262873868,0.009940148179397257,-0.20284237080813594,,,,,,,-0.25189792371718644
2026-08-26,INTC,88.24,True,-0.3801194239550404,True,0.020512239347234784,-0.0012009189640769247,0.02171315831131171,,,,,,,,,,,,,-0.02855847688123292
2013-04-25,INTU,57.09,True,-0.16547288408127458,True,0.052198283412156155,0.007759273277819778,0.044439010134336376,0.02925205815379206,0.043716881150643205,-0.014464822996851145,0.1282186022070413,0.06926570779712327,0.05895289440991802,0.1693816780521984,0.07052737824880118,0.09885429980339722,0.303030303030303,0.18250063083522572,0.12052967219507726,-0.006130670870555299
2018-11-20,INTU,195.18,True,-0.1581262939958592,True,0.07039655702428527,0.039603210661820265,0.030793346362465,-0.015985244389794095,-0.06417537482962299,0.04819013043982889,0.20898657649349306,0.05410419506285025,0.1548823814306428,0.26831642586330573,0.0892776010904135,0.17903882477289224,0.394917512040168,0.18101620475541425,0.21390130728475376,-0.06440209037811251
2020-03-09,INTU,260.04,True,-0.15266056241650094,True,-0.14078603291801262,-0.12536921562192327,-0.015416817296089347,-0.07660359944623907,-0.03416839878933742,-0.04243520065690165,0.11559760036917388,0.1383874849578821,-0.02278988458870823,0.3267189663128749,0.27021113663712937,0.056507829675745525,0.4698123365636053,0.3989352003792437,0.07087713618436164,-0.27826488232579605
2020-09-18,INTU,300.13,True,-0.1663055555555556,True,0.06120681038216769,-0.005806744291546817,0.0670135546737145,0.13667410788658252,0.050325117193407154,0.08634899069317536,0.21783893646086705,0.1028580069559959,0.11498092950487115,0.31926165328357703,0.19177377892030867,0.12748787436326836,0.9087728650917937,0.35239679419325576,0.5563760708985379,-0.015859794089227996
2021-12-20,INTU,604.63,True,-0.15655776581201353,True,0.0746737674280138,0.04811200492329326,0.026561762504720532,-0.0980434315201032,-0.007099213152226502,-0.0909442183678767,-0.21646296081901328,-0.03057277242955736,-0.18589018838945592,-0.3979954683029291,-0.17578794672293296,-0.22220752157999613,-0.3632800224930949,-0.15761132357466268,-0.2056686989184322,-0.3003489737525429
2024-05-30,INTU,562.97,True,-0.16796724897283555,True,0.01719452191058135,0.023057346778668553,-0.005862824868087202,0.16739790752615602,0.04135014638066625,0.12604776114548977,0.09618629767127906,0.07305639004228759,0.023129907628991475,0.14423503916727354,0.12952297124050438,0.014712067926769157,0.33838392809563556,0.12778171102734337,0.21060221706829219,-0.010089347567366014
2018-02-08,ISRG,127.29,True,-0.1551550541692357,True,0.09607981773902119,0.059775647246050445,0.036304170492970744,0.15342917746877194,0.08244381477312435,0.07098536269564759,0.21873909969361294,0.03605946512440328,0.18267963456920966,0.3520048707675385,0.09016807048868536,0.26183680027885314,0.3338573336475763,0.04855800954857736,0.28529932409899894,-0.0048966925917196535
2018-10-24,ISRG,161.0367,True,-0.1686570469684322,True,0.07880191285588944,0.0200135685210312,0.058788344334858245,0.017614618282664862,-0.001130710085934017,0.01874532836859888,0.09695491772993359,-0.007198854213779415,0.104153771943713,0.09304276602786832,0.09309513040856321,-5.2364380694891466e-05,0.11744714093122877,0.13025780189959302,-0.012810660968364251,-0.10943716556536498
2019-04-22,ISRG,163.6867,True,-0.16673437181836692,True,0.03926158936553792,0.01240224618458674,0.02685934318095118,-0.015965866499843995,-0.021772832190719016,0.005806965690875021,0.06606095669348822,0.025734660833017564,0.04032629586047065,0.041074198453509014,0.01023185310228425,0.030842345351224765,0.07182379509147663,-0.01250559823612496,0.08432939332760159,-0.07312750516688282
2020-03-09,ISRG,170.22,True,-0.1750240993576898,True,-0.20829925978145936,-0.12536921562192327,-0.08293004415953609,-0.020404770297262287,-0.03416839878933742,0.01376362849207513,0.1249365526965105,0.1383874849578821,-0.013450932261371618,0.3891628480789566,0.27021113663712937,0.11895171144182726,0.39695687933262835,0.3989352003792437,-0.001978321046615328,-0.29405064034778516
2020-09-18,ISRG,218.5233,True,-0.15826316397673434,True,0.02770139385594117,-0.005806744291546817,0.03350813814748799,0.14813065700545436,0.050325117193407154,0.0978055398120472,0.16660328669757418,0.1028580069559959,0.06374527974157829,0.11962111134144493,0.19177377892030867,-0.07215266757886374,0.577268877048809,0.35239679419325576,0.22487208285555327,-0.033985391946762644
2021-03-08,ISRG,228.3,True,-0.17163546300062438,True,0.07323696890056941,0.03848370533375256,0.03475326356681685,0.11965265002190106,0.06392119878444924,0.05573145123745182,0.19950372317126575,0.10114743791260605,0.09835628525865969,0.5217551467367498,0.16907681022739163,0.3526783365093582,0.31327201051248355,0.1414387509169024,0.17183325959558116,0.007460797196670921
2022-01-13,ISRG,313.21,True,-0.15277665070734947,True,-0.13945914881389487,-0.057154543301831895,-0.08230460551206298,-0.09594201973117067,-0.05181581383333689,-0.04412620589783378,-0.10935155327096835,-0.05297827912083175,-0.0563732741501366,-0.333322690846397,-0.16330484575807802,-0.17001784508831896,-0.17965582197247854,-0.1454588508815362,-0.03419697109094233,-0.18840394623415602
2023-08-25,ISRG,297.55,True,-0.16901723126762924,True,0.04321962695345327,0.025501738754915015,0.017717888198538256,-0.01445135271382969,-0.017592108552855867,0.003140755839026177,0.04634515207528134,0.03247948723776606,0.013865664837515279,0.2724920181482102,0.1353274086869558,0.13716460946125442,0.6351873634683247,0.2776552946791826,0.3575320687891421,-0.14350529322802896
2025-03-07,ISRG,518.26,True,-0.15866883116883124,True,-0.06525682090070617,-0.022763578274760388,-0.04249324262594578,-0.12866128970015056,-0.12265592443394913,-0.0060053652662014345,0.06481302820977897,0.03502222530907084,0.029790802900708124,-0.08570987535213992,0.1267537157938603,-0.21246359114600022,-0.054219889630687246,0.16748854007501057,-0.22170842970569782,-0.1799482885038397
2015-08-25,JPM,59.91,True,-0.15153660954539017,True,0.025705224503421942,0.024029476157419793,0.0016757483460021483,0.012184944082791027,0.033801463128103615,-0.021616519045312588,0.12585544984142882,0.11459390185293938,0.01126154798848944,-0.019028542814221172,0.0299567469429165,-0.04898528975713767,0.09831413787347687,0.16692476104020937,-0.0686106231667325,-0.0230345518277415
2018-12-10,JPM,101.36,True,-0.15059079862565994,True,-0.0231846882399368,-0.032983678570076,0.009798990330139201,-0.009471191791633693,-0.023099935623130063,0.01362874383149637,0.01627861089187066,0.03934562805316766,-0.023067017161297,0.08267561168113646,0.06233195743552833,0.020343654245608134,0.33228097868981843,0.19237323436967468,0.13990774432014375,-0.10112470402525653
2020-02-28,JPM,116.11,True,-0.17710843373493979,True,-0.06915855654121095,0.004050496185782793,-0.07320905272699374,-0.21514081474463875,-0.1446027138324445,-0.07053810091219426,-0.17474808371371975,0.009518666036589352,-0.1842667497503091,-0.15123589699422968,0.13829069060959975,-0.28952658760382943,0.3020411678580657,0.2905218389252684,0.01151932893279728,-0.3376108862285764
2025-03-10,JPM,232.22,True,-0.17138269402319362,True,0.007363706829730532,0.01172000428127995,-0.004356297451549418,-0.07656532598398069,-0.10025330907274621,0.02368798308876552,0.13780036172594956,0.0630596881800991,0.07474067354585046,0.2979932822323659,0.1506832209497304,0.14731006128263546,0.24847127723710272,0.20994327303863836,0.03852800419846436,-0.1294462147963138
2026-03-12,JPM,282.89,True,-0.1611860637509267,True,0.017957509986213926,-0.00939855268294143,0.027356062669155357,0.09537275972993053,0.02011830765997069,0.07525445206995984,0.09975608893916377,0.10983995435846627,-0.010083865419302507,0.25921736363957737,0.1487853947091855,0.11043196893039187,,,,-0.004029834918165998
2014-10-16,KLAC,6.823,True,-0.16045281161560232,True,0.04059797742928328,0.0464916519031513,-0.005893674473868016,0.16429722995749674,0.09620443442314919,0.06809279553434755,-0.0328301333724168,0.08487679175390572,-0.11770692512632253,-0.13351897992085604,0.12761045793740267,-0.2611294378582587,-0.2292246812252675,0.06989853438556914,-0.29912321561083666,-0.042796423860472
2017-06-29,KLAC,9.251,True,-0.1558536362806826,True,0.022267862933736948,0.0031489538015330165,0.01911890913220393,0.02043022375959347,0.023037083074373355,-0.0026068593147798858,0.07026267430548061,0.031406670810026904,0.038856003495453706,0.20657226245811278,0.10698156204681997,0.09959070041129281,0.087882391092855,0.11601408742490182,-0.02813169633204682,-0.049508161279861684
2018-02-05,KLAC,10.12,True,-0.1681052198931361,True,0.026778656126482225,0.00534232561664072,0.021436330509841506,0.14693675889328062,0.03391050657371264,0.11302625231956798,0.009584980237154372,-0.0027658848937218705,0.012350865130876243,0.06294466403162069,0.0662675709468421,-0.003322906915221413,0.05760869565217397,0.03042473383094002,0.02718396182123395,-0.050197628458497956
2018-05-02,KLAC,10.217,True,-0.17578251048725402,True,0.06851326221004195,0.02393617021276606,0.044577091997275886,0.10825095429186637,0.02940729483282678,0.0788436594590396,0.05285308799060373,0.06922492401215807,-0.016371836021554342,-0.11637466966820009,0.04487082066869297,-0.16124549033689306,0.23284721542527165,0.10870060790273572,0.12414660752253592,-0.022805128707056865
2020-02-24,KLAC,15.373,True,-0.16677506775067752,True,0.03258960515188969,-0.04134358910737557,0.07393319425926526,-0.24308853184154033,-0.3085106382978724,0.06542210645633206,0.12222728159760621,-0.09444203213200175,0.21666931372960796,0.3657711572237039,0.04469325724210638,0.3210778999815975,1.1509789891367985,0.2096954283233048,0.9412835608134937,-0.2832238339946659
2020-09-08,KLAC,17.447,True,-0.20176602461453996,True,0.03605204333123191,0.02088772845953013,0.015164314871701778,0.1453545022066831,0.0051619099066655405,0.14019259230001757,0.4691350948587152,0.1007772875964108,0.3683578072623044,0.775778070728492,0.16004921821073803,0.615728852517754,0.9587894767008653,0.3597431049488311,0.5990463717520342,-0.018111996331747537
2021-03-04,KLAC,28.762,True,-0.15952193097805434,True,0.030387316598289305,0.04467746217148916,-0.014290145573199853,0.20746123357207424,0.06347225909211573,0.1439889744799585,0.10176621931715446,0.11505176533050188,-0.013285546013347416,0.14039357485571236,0.18919564640297337,-0.04880207154726102,0.17095473193797384,0.14143881072471465,0.02951592121325919,-0.04999652319032055
2021-06-18,KLAC,30.448,True,-0.15349328588506772,True,0.038688912243825646,0.028174105851730413,0.010514806392095233,-0.03333552285864427,0.024221536681769962,-0.057557059540414235,0.1704873883342093,0.07049551720813652,0.09999187112607277,0.38360483447188654,0.13159163212185465,0.2520132023500319,0.06341960063058316,-0.08608888460426112,0.14950848523484428,-0.05596426694692591
2022-01-20,KLAC,38.328,True,-0.16153307665383265,True,-0.05604257983719485,-0.03471740346950192,-0.021325176367692933,-0.044954080567731314,-0.02168998321208726,-0.023264097355644053,-0.14456793988728878,-0.019653049804140954,-0.12491489008314782,-0.16747547484867464,-0.1540906547285954,-0.013384820120079244,0.04910248382383631,-0.1300727476217124,0.1791752314455487,-0.18975683573366742
2023-04-19,KLAC,36.126,True,-0.15880407954175013,True,-0.010795548912140851,-0.023615202588496587,0.012819653676355736,0.1538227315506837,0.00263196020669354,0.15119077134399017,0.35741571167580144,0.08861737576664885,0.2687983359091526,0.31246193876986106,0.04925870478582128,0.2632032339840398,0.824115595416044,0.2086492490462164,0.6154663463698276,-0.014892321319824986
2024-07-24,KLAC,75.577,True,-0.15680783648696905,True,0.08904825542162298,0.017700423110322605,0.07134783231130037,0.09443349167074633,0.035825804186759846,0.05860768748398648,-0.11315611892506972,0.07597509376789913,-0.18913121269296884,-0.052291040925149135,0.09524601370951347,-0.1475370546346626,0.19636926578191782,0.1721818820094967,0.024187383772421134,-0.14259629252285755
2026-01-30,KLAC,142.794,True,-0.15673664629285144,True,0.010511646147597142,-0.0019509516308511277,0.01246259777844827,0.07494012353460233,-0.008078384901079594,0.08301850843568193,0.26683894281272313,0.028498345303987316,0.23834059750873582,0.4742916369035113,0.06786421376649265,0.40642742313701863,,,,-0.10007423281090255
2026-07-02,KLAC,235.55,True,-0.2336597585971305,True,-0.017108894077690562,0.013655039071940767,-0.03076393314963133,-0.22385905327955857,0.0030210263433496642,-0.22688007962290824,,,,,,,,,,-0.2908087454892804
2020-03-12,KO,47.16,True,-0.21569931814402132,True,-0.11301950805767602,-0.030631574704768183,-0.08238793335290784,0.03901611535199323,0.12127685300874602,-0.08226073765675279,0.05703986429177288,0.3026480190238199,-0.245608154732047,0.04156064461407971,0.42114384748700173,-0.379583202872922,0.09075487701441909,0.5701906412478335,-0.4794357642334144,-0.23091603053435106
2020-02-28,LIN,191.01,True,-0.16168531928900598,True,-0.009475943667870856,0.004050496185782793,-0.013526439853653649,-0.12392021360138206,-0.1446027138324445,0.02068250023106244,0.010418302706664662,0.009518666036589352,0.00089963667007531,0.2943824930631904,0.13829069060959975,0.15609180245359067,0.2931260143447987,0.2905218389252684,0.0026041754195302858,-0.23192503010313592
2020-10-28,LIN,216.91,True,-0.1673000882951361,True,0.08473560462864782,0.05167452396987682,0.033061080658771,0.1679498409478586,0.11020633074144359,0.057743510206414994,0.1795214605135771,0.17489132431274101,0.004630136200836077,0.33096676040754236,0.2620767770770831,0.06888998333045926,0.4603752708496611,0.39582440457968504,0.06455086626997608,-0.012770273385275033
2022-02-04,LIN,297.98,True,-0.15389857459253786,True,-0.010906772266595088,-0.01836416313795408,0.007457390871358993,-0.09057654876166188,-0.06523289503008689,-0.02534365373157499,0.0537955567487749,-0.07203030978381986,0.12582586653259475,0.013490838311295938,-0.08181412970804547,0.09530496801934141,0.08597892476005109,-0.08101181190104745,0.16699073666109854,-0.10225518491173913
2013-06-20,LLY,49.41,True,-0.15393835616438356,True,0.006274033596437967,0.01053952321204532,-0.004265489615607354,0.024084193483100647,0.06129234629861968,-0.037208152815519036,0.0856102003642989,0.06844416562107902,0.01716603474321987,0.021857923497267784,0.1339397741530739,-0.11208185065580611,0.2141266950010121,0.2312421580928481,-0.01711546309183598,-0.014774337178708685
2015-10-20,LLY,77.79,True,-0.16219709208400634,True,0.04010798303123786,0.017182807345773154,0.022925175685464705,0.045121480910142564,0.011619319580522758,0.033502161329619806,0.044350173544157157,-0.07532863965338987,0.11967881319754703,-0.03380897287569107,0.02407562404608332,-0.05788459692177439,0.009512790847152619,0.04564029343705367,-0.03612750258990105,-0.03380897287569107
2019-06-11,LLY,112.21,True,-0.1507606145462802,True,0.021744942518492127,0.012114918656974671,0.009630023861517456,0.02067551911594334,0.03361024575977867,-0.012934726643835326,0.021299349434096726,0.030875735548632877,-0.00957638611453615,0.04580696907584003,0.08795430944963667,-0.04214734037379664,0.32973888245254446,0.11872620283835245,0.211012679614192,-0.0629177435166205
2020-03-20,LLY,122.4,True,-0.17224589166159465,True,0.09566993464052298,0.1076048951048949,-0.011934960464371924,0.28913398692810444,0.2307255244755244,0.05840846245258002,0.3374999999999999,0.36783216783216766,-0.030332167832167745,0.19460784313725488,0.45930944055944045,-0.2647015974221856,0.5026960784313725,0.7110139860139859,-0.20831790758261337,-0.043627450980392224
2020-10-01,LLY,144.29,True,-0.15496339677891657,True,0.06382978723404253,0.019997626394492984,0.04383216083954955,-0.08136391988356773,-0.020947068597199192,-0.060416851286368534,0.15392612100630676,0.10423095181580821,0.049695169190498545,0.2689029038741424,0.15624258248279133,0.11266032139135107,0.5965070344445216,0.28901614051744584,0.30749089392707574,-0.10451174717582634
2021-03-18,LLY,183.93,True,-0.15628440366972474,True,-0.004566954819768432,-0.004546847859405401,-2.0106960363031057e-05,0.028924047191866364,0.06585266169408399,-0.03692861450221763,0.22927200565432493,0.08628793297231008,0.14298407268201485,0.385527102702115,0.15180852150812307,0.23371858119399191,0.49763496982547695,0.08861244508020838,0.40902252474526857,-0.029087152721143927
2021-09-14,LLY,233.09,True,-0.15507304165005253,True,-0.012527349950662847,-0.02372965306076502,0.011202303110102174,-0.0013299583851731356,-0.023752166963099786,0.02242220857792665,0.04817881504998067,0.0570727424184434,-0.008893927368462728,0.122484877086104,-0.05569939437602722,0.17818427146213123,0.3523531683040886,-0.07474615575117627,0.42709932405526485,-0.055300527693165846
2022-01-24,LLY,240.42,True,-0.15315251849242684,True,0.02067215705848091,0.02289468897781033,-0.002222531919329418,-0.00536561018218118,-0.023349399781738778,0.017983789599557598,0.21836785625155986,0.01107220807566378,0.20729564817589607,0.3383661924964645,-0.1316160421971626,0.4699822346936271,0.42338407786373855,-0.08914605311022183,0.5125301309739604,-0.035562765160968235
2023-02-27,LLY,316.62,True,-0.15624250499666892,True,0.007390562819783897,0.01694616951198058,-0.009555606692196683,0.056787316025519674,-0.003117692907248615,0.05990500893276829,0.3366496115216979,0.04113343222789312,0.2955161792938048,0.7258227528267323,0.09747818872099168,0.6283445641057406,1.4380013896784787,0.2721947049505946,1.165806684727884,-0.0234350325311099
2024-07-26,LLY,804.62,True,-0.1671462581513301,True,-0.00019885163182620236,-0.021196091396664563,0.02099723976483836,0.18408689816310808,0.03249210197634245,0.15159479618676563,0.12615893216673713,0.07198222026302248,0.05417671190371465,-0.09805871094429663,0.09760487840717058,-0.19566358935146722,0.004337451219209143,0.16989934611711122,-0.16556189489790207,-0.07092789142700906
2024-11-01,LLY,818.93,True,-0.15793857258902044,True,0.015398141477293459,0.04754483048472968,-0.032146689007436224,-0.02335974991757539,0.057071308489773154,-0.08043105840734854,-0.009585678873652137,0.05390165312412454,-0.06348733199777667,0.08092266738304876,-0.029279910339030435,0.1102025777220792,0.0947577937064219,0.19665872793499584,-0.10190093422857394,-0.13130548398520014
2026-03-17,LLY,930.35,True,-0.17954936284668632,True,-0.0293760412747891,-0.026252627498919212,-0.0031234137758698877,-0.027215564035040662,0.043456223259142446,-0.07067178729418311,0.24786370720696516,0.09983750503138089,0.14802620217558426,,,,,,,-0.08581716558284525
2018-05-01,LMT,308.46,True,-0.15024793388429758,True,0.05099526680931077,0.007321307268473021,0.04367395954083775,0.040783245801724766,0.028794626009510216,0.01198861979221455,0.046942877520586235,0.06928824816967305,-0.022345370649086815,0.0638008169616806,0.042531511812212264,0.021269305149468343,0.08062633728846524,0.1095931768435352,-0.028966839555069956,-0.054917979640796255
2020-02-28,LMT,369.87,True,-0.16419225815198968,True,0.034066023197339756,0.004050496185782793,0.030015527011556964,-0.05810149511990703,-0.1446027138324445,0.08650121871253746,0.006299510638873018,0.009518666036589352,-0.0032191553977163334,0.054559710168437636,0.13829069060959975,-0.08373098044116212,-0.07618893124611348,0.2905218389252684,-0.3667107701713819,-0.2805309973774569
2024-11-25,LMT,521.89,True,-0.1568139591243235,True,-0.009369790568893754,0.010677288169631538,-0.020047078738525292,-0.06468796106459218,0.006309306645691404,-0.07099726771028358,-0.1407001475406695,-0.005505999698759867,-0.13519414784190964,-0.09889057080994079,-0.02455106856559497,-0.07433950224434582,-0.13313150280710484,0.12968386524525966,-0.2628153680523645,-0.19580754565138248
2016-02-05,LOW,65.84,True,-0.15730193267630865,True,-0.01473268529769134,-0.00702314445331198,-0.007709540844379359,0.07487849331713226,0.06725192870444285,0.0076265646126894016,0.14990886998784925,0.09688747007182763,0.053021399916021617,0.24954434993924646,0.15333865389731316,0.0962056960419333,0.09280072904009717,0.2118648576749136,-0.11906412863481641,-0.048906439854192074
2016-09-13,LOW,71.08,True,-0.1502689778840407,True,0.004079909960607919,0.0008910566055433389,0.0031888533550645803,-0.013927968486212694,0.0009379543216245789,-0.014865922807837273,0.07484524479459775,0.053322703184354836,0.021522541610242918,0.13731007315700627,0.11147587112507629,0.025834202031929987,0.09032076533483391,0.16873798246025418,-0.07841721712542027,-0.08736634777715246
2017-07-20,LOW,72.56,True,-0.1587246376811594,True,0.061190738699007596,0.00040469445568591667,0.06078604424332168,0.02149944873208387,-0.01622824767300679,0.03772769640509066,0.13464718853362734,0.03176851477134757,0.10287867376227977,0.2978224917309813,0.10934844192634574,0.18847404980463556,0.39264057331863267,0.13743423715095116,0.2552063361676815,-0.02480705622932744
2018-10-19,LOW,99.59,True,-0.15386576040781652,True,-0.05833919068179538,-0.039529411764705924,-0.01880977891708946,-0.06366101014158054,-0.009122171945701307,-0.054538838195879236,-0.07571041269203738,-0.048108597285068,-0.027601815406969377,0.1766241590521136,0.049665158371040796,0.1269590006810728,0.133045486494628,0.07862443438914046,0.05442105210548753,-0.14901094487398336
2020-02-27,LOW,107.62,True,-0.15079302454036136,True,-0.0009291953168556466,0.01663809619844714,-0.017567291515302785,-0.1812860063185282,-0.12204631777083119,-0.05923968854769701,0.13594127485597474,-0.006957749319350559,0.1428990241753253,0.4672923248466827,0.1382474538670968,0.3290448709795859,0.5081769187883292,0.31682968639709586,0.1913472323912333,-0.44248280988663824
2020-11-09,LOW,153.45,True,-0.15066142691094264,True,0.0550667970022809,0.02259138086642598,0.03247541613585492,-0.014402085369827122,0.04402639891696758,-0.0584284842867947,0.140632127728902,0.09349616425992768,0.04713596346897431,0.30531117627891846,0.1722134476534296,0.13309772862548885,0.5349625285109156,0.32144065884476536,0.21352186966615028,-0.04385793418051476
2022-02-17,LOW,223.79,True,-0.1500892484144165,True,-0.02059966933285662,0.0015787306090697673,-0.022178399941926386,0.05308548192501905,0.01706859470095634,0.03601688722406271,-0.1298538808704589,-0.08458792843087914,-0.04526595243957976,-0.09656374279458413,-0.03905642245915886,-0.05750732033542527,-0.04370168461504087,-0.06584908250583454,0.022147397890793674,-0.16336744269180925
2017-06-30,LRCX,14.143,True,-0.1533672553127805,True,0.06653468146786379,0.002357320099255489,0.0641773613686083,0.12748356077211342,0.020554177005789986,0.10692938376632344,0.19804850456055978,0.03010752688172036,0.16794097767883942,0.33514812981687037,0.10434243176178648,0.23080569805508389,0.20815951354026718,0.12030603804797346,0.08785347549229372,-0.01548469207381753
2017-12-04,LRCX,18.074,True,-0.1773327264451524,True,0.026668142082549418,0.008215340349814637,0.01845280173273478,0.06506584043377228,0.023964564246233167,0.041101276187539115,0.07629744384198278,0.018702203376997018,0.057595240464985764,0.10811109881597858,0.018475051109260177,0.0896360477067184,-0.13157021135332536,0.043575376694177326,-0.1751455880475027,-0.1322894765962156
2018-03-28,LRCX,19.621,True,-0.1646372615803815,True,-0.0060649304316803265,0.0223607743524612,-0.028425704784141526,-0.029611130931145202,0.02493938344302049,-0.05455051437416569,-0.10962743998776825,0.05738367394065369,-0.16701111392842194,-0.21691045308597923,0.11961667243967233,-0.33652712552565156,-0.09464349421538143,0.0762806450371396,-0.17092413925252103,-0.13098211100351664
2020-02-25,LRCX,29.222,True,-0.15131273234200748,True,-0.002600780234070288,-0.03969294738525497,0.037092167151184685,-0.2107316405447951,-0.22229329921637608,0.011561658671580988,-0.07203476832523448,-0.05027986566448095,-0.021754902660753528,0.2786256929710491,0.07737086198624654,0.20125483098480257,0.9430566011908836,0.23790180713257647,0.7051547940583072,-0.37930326466360953
2020-09-08,LRCX,30.272,True,-0.21919009543461454,True,0.020514006342494895,0.02088772845953013,-0.0003737221170352356,0.12638742071881603,0.0051619099066655405,0.1212255108121505,0.5830470401691332,0.1007772875964108,0.4822697525727224,0.8940274841437632,0.16004921821073803,0.7339782659330252,1.0174088266384778,0.3597431049488311,0.6576657216896467,-0.034487315010570674
2021-01-29,LRCX,48.395,True,-0.17332855044241735,True,0.05333195578055583,0.04766665765936162,0.005665298121194207,0.23733856803388775,0.05271975572189036,0.1846188123119974,0.3325343527223885,0.12821898559731948,0.20431536712506904,0.31404070668457473,0.17669630069986764,0.1373444059847071,0.23291662361814236,0.17107574242710832,0.061840881191034036,0.00613699762372133
2021-05-12,LRCX,55.767,True,-0.16641255605381167,True,0.07985009055534631,0.013443180977282143,0.06640690957806417,0.14901285706600675,0.044892824547988486,0.10412003251801827,0.16190578657629073,0.09146296341974791,0.07044282315654282,0.027059013395018594,0.13475247280530822,-0.10769345941028963,-0.19818172037226311,-0.01785846427073834,-0.18032325610152478,0.014990944465364864
2021-08-18,LRCX,56.951,True,-0.15477886613238345,True,0.033818545767414054,0.02215492508766337,0.011663620679750686,0.08136819371038251,0.018192996038070897,0.06317519767231161,0.0775930185598146,0.055990709959469864,0.021602308600344733,0.011904970939930815,0.026777175645521067,-0.014872204705590253,-0.10386121402609261,-0.021585682408124307,-0.0822755316179683,-0.060578391950975474
2022-01-20,LRCX,61.967,True,-0.15328277652524425,True,-0.10387787047944874,-0.03471740346950192,-0.06916046700994682,-0.06303355011538403,-0.02168998321208726,-0.04134356690329677,-0.24064421385576196,-0.019653049804140954,-0.220991164051621,-0.32331724950376806,-0.1540906547285954,-0.16922659477517266,-0.2675294915035421,-0.1300727476217124,-0.1374567438818297,-0.2721932641567285
2023-09-21,LRCX,61.039,True,-0.15985575268743213,True,0.028064024639984364,-0.006652912677623468,0.03471693731760783,-0.013827225216664796,-0.01149771668327959,-0.002329508533385205,0.2672225953898326,0.0879482602749253,0.1792743351149073,0.5165386064647193,0.1936994367046061,0.3228391697601132,0.2927308769802912,0.32358190964092826,-0.030851032660637046,-0.05892953685348712
2024-07-18,LRCX,95.26,True,-0.1569911504424778,True,-0.07188746588284689,-0.02578438823146234,-0.04610307765138455,-0.06560990972076419,0.0007418666087650738,-0.06635177632952927,-0.12985513331933662,0.04870987587305042,-0.17856500919238705,-0.19126600881797184,0.06664133463612365,-0.2579073434540955,0.05668696199874024,0.13556255202113432,-0.07887559002239408,-0.24772202393449505
2025-11-20,LRCX,139.59,True,-0.1648818426562968,True,0.1175585643670749,0.04729284477342044,0.07026571959365446,0.2341141915610001,0.04300185432087433,0.19111233724012577,0.700623253814743,0.04896326605673318,0.6516599877580098,1.0396876567089333,0.13277550457450227,0.906912152134431,,,,-0.029300093129880356
2026-03-03,LRCX,217.27,True,-0.15353747857254163,True,-0.009389239195471188,-0.0046301059779814135,-0.004759133217489775,-0.016615271321397396,-0.04408154866020908,0.027466277338811684,0.4636166981175496,0.10916760983640295,0.35444908828114663,0.4275785888525798,0.1222054003204327,0.3053731885321471,,,,-0.10673355732498735
2026-07-02,LRCX,351.41,True,-0.19860889395667036,True,-0.0030733331436215705,0.013655039071940767,-0.016728372215562337,-0.16615918727412438,0.0030210263433496642,-0.16918021361747404,,,,,,,,,,-0.2871574514100339
2014-04-07,MA,71.33,True,-0.15832822013498848,True,-0.0021029020047664826,-0.007594662037539335,0.005491760032772852,0.03476797981214075,0.0132364109797114,0.02153156883242935,0.06827421842142156,0.06992513833134417,-0.0016509199099226102,0.052292163185195584,0.07355972659216659,-0.021267563406971002,0.22444974064208623,0.12742757947271355,0.09702216116937268,-0.03715126875087604
2016-01-19,MA,86.22,True,-0.1527122641509434,True,0.009046624913013224,0.011379347016909458,-0.0023327221038962342,0.01148225469728592,0.02563011804743165,-0.014147863350145728,0.11540245882625855,0.10608316494735726,0.009319293878901291,0.029343539781953254,0.1347442305647133,-0.10540069078276004,0.26072836928786836,0.20732744868658948,0.05340092060127888,-0.08930642542333567
2018-10-29,MA,191.04,True,-0.1522520523629909,True,0.036327470686767116,0.036117638141438535,0.00020983254532858098,0.010154941373534232,0.017206094140832073,-0.007051152767297841,0.047738693467336724,-0.0003789888577276912,0.048117682325064415,0.2839719430485763,0.10751913893731535,0.17645280411126096,0.44435720268006706,0.14947320548775855,0.2948839971923085,-0.10024078726968177
2020-02-27,MA,285.82,True,-0.1769042476601872,True,0.017178643901756496,0.01663809619844714,0.0005405477033093575,-0.07921069204394371,-0.12204631777083119,0.04283562572688748,0.03180323280386266,-0.006957749319350559,0.03876098212321322,0.15807151353999016,0.1382474538670968,0.019824059672893357,0.2851444965362815,0.31682968639709586,-0.03168518986081437,-0.30029389126023365
2020-10-28,MA,291.38,True,-0.20658951667801229,True,0.0542933626192601,0.05167452396987682,0.0026188386493832816,0.1713913103164253,0.11020633074144359,0.0611849795749817,0.12464822568467282,0.17489132431274101,-0.050243098628068195,0.31567025876861843,0.2620767770770831,0.05359348169153533,0.22630242295284497,0.39582440457968504,-0.16952198162684007,-0.03493719541492213
2025-04-04,MA,489.77,True,-0.15880322209436137,True,0.0407946587173571,0.05672102596580131,-0.015926367248444206,0.14568062559977135,0.11524303356554788,0.03043759203422347,0.14649733548400268,0.2279330272324258,-0.08143569174842313,0.15386814218919098,0.30980842305256506,-0.15594028086337408,0.023950017355085063,0.30408882203926524,-0.2801388046841802,-0.04937011250178658
2018-03-02,MCD,148.27,True,-0.17028539451594837,True,0.06049774060834956,0.03638323175263869,0.02411450885571087,0.06373507789842847,-0.043147019473762316,0.10688209737219079,0.0832939906926553,-0.00022298201278425633,0.08351697270543956,0.08282187900451876,0.0635127099747288,0.019309169029789963,0.24806096985229642,0.04214360041623322,0.2059173694360632,-0.002360558440682725
2020-03-12,MDLZ,47.51,True,-0.20763842561707813,True,-0.042938328772889944,-0.030631574704768183,-0.012306754068121761,0.10166280782993065,0.12127685300874602,-0.019614045178815376,0.12839402231109243,0.3026480190238199,-0.17425399671272745,0.22500526205009486,0.42114384748700173,-0.19613858543690688,0.1826983792885708,0.5701906412478335,-0.3874922619592627,-0.13302462639444324
2020-03-25,MDT,86.82,True,-0.28923454768726986,True,-0.03121400598940327,-0.0025932979456216865,-0.028620708043781584,0.10377793135222313,0.13083998541269892,-0.027062054060475793,0.08166321124164932,0.25061793427610524,-0.1689547230344559,0.23900023036166784,0.3783783783783785,-0.13937814801671067,0.3249251324579592,0.5782649215932574,-0.2533397891352982,-0.0632342778161713
2015-08-24,META,82.09,True,-0.17281338170092697,True,0.08941405774150324,0.04311345646437981,0.04630060127712343,0.1324156413692288,0.023271767810026267,0.10914387355920252,0.28066755999512716,0.08427440633245387,0.1963931536626733,0.23778779388476057,0.0014775725593667577,0.2363102213253938,0.5051772444877574,0.15324538258575204,0.3519318619020053,0.011085394079668687
2016-02-08,META,99.75,True,-0.1517135810868271,True,0.018646616541353467,0.023514184014669537,-0.00486756747331607,0.061954887218045096,0.07000323589688295,-0.008048348678837858,0.1835588972431077,0.10565203322187466,0.07790686402123304,0.24250626566416034,0.17096321863876618,0.07154304702539416,0.3130827067669173,0.23686765181749547,0.07621505494942182,-0.02937343358395994
2018-03-22,META,164.89,True,-0.15579561744829007,True,-0.03092971071623507,-0.0019721621724125837,-0.028957548543822487,0.008429862332464122,0.011150301513255245,-0.0027204391807911232,0.2026805749287406,0.04888686615845561,0.15379370877028498,-0.017526836072533136,0.09652216786134171,-0.11404900393387485,0.0072169325004549645,0.0798725679827057,-0.07265563548225074,-0.0962459821699313
2018-07-26,META,176.26,True,-0.19376086359893885,True,0.0006240780664927836,-0.0033528622855932833,0.003976940352086067,-0.019062748212867242,0.008646855368109163,-0.027709603580976405,-0.1260070350618403,-0.02502294063669086,-0.10098409442514944,-0.1586292976285032,-0.07192771934778008,-0.08670157828072311,0.1387155338704189,0.05879861650314111,0.0799169173672778,-0.15375014183592417
2019-09-27,META,177.1,True,-0.15125083868494205,True,0.018915866741953558,-0.0035545023696681444,0.022470369111621702,0.060926030491247785,0.020988490182803243,0.03993754030844454,0.16420101637492945,0.08740690589031841,0.07679411048461104,-0.15454545454545454,-0.22545700744752872,0.07091155290207418,0.40897797854319595,0.0951252538930265,0.31385272465016945,-0.022642574816487793
2020-02-27,META,189.75,True,-0.153657448706512,True,-0.02413702239789206,0.01663809619844714,-0.0407751185963392,-0.13918313570487484,-0.12204631777083119,-0.017136817934043647,0.23799736495388668,-0.006957749319350559,0.24495511427323724,0.38255599472990753,0.1382474538670968,0.24430854086281073,0.39293807641633727,0.31682968639709586,0.07610839001924141,-0.27747035573122536
2020-09-17,META,254.82,True,-0.16361965405192513,True,-0.02075975198179103,-0.03674368747022383,0.0159839354884328,0.04669963111215769,0.034718913768461146,0.011980717343696545,0.07350286476728685,0.09069795140543135,-0.017195086638144508,0.0747978965544307,0.1717782277274893,-0.0969803311730586,0.4673887449964682,0.33361124344926174,0.13377750154720647,-0.04195118122596342
2021-10-04,META,326.23,True,-0.1511721697499544,True,-0.002390951169420452,0.014114408361328934,-0.016505359530749386,0.011494957545290063,0.07325494587532666,-0.0617599883300366,0.05122153082181269,0.11394176931690936,-0.06272023849509667,-0.32005027128099817,0.0561076894363568,-0.37615796071735497,-0.5840971094013426,-0.16671332586786114,-0.4173837835334815,-0.08193605738282816
2024-04-25,META,441.38,True,-0.1695422303335905,True,0.0006796864379898793,0.003058650618681602,-0.0023789641806917228,0.055281163623181806,0.04462849311803607,0.010652670505145734,0.10718655127101373,0.09988281793084264,0.0073037333401710924,0.3067878018940595,0.15652743847941353,0.150260363414646,0.2399066563958494,0.09364634848755671,0.1462603079082927,-0.032330418233721514
2024-07-24,META,461.27,True,-0.15021830843204798,True,0.029397099312767017,0.017700423110322605,0.011696676202444412,0.16018817612244463,0.035825804186759846,0.12436237193568478,0.2507425152296918,0.07597509376789913,0.1747674214617927,0.3378715286058058,0.09524601370951347,0.24262551489629236,0.5496347041862684,0.1721818820094967,0.3774528221767717,-0.04036681336310621
2025-03-06,META,627.93,True,-0.1524881564562498,True,-0.05938560030576656,-0.0371741369977826,-0.02221146330798396,-0.1533769687704043,-0.06287649944998341,-0.09050046932042088,0.06843119455990321,0.03492168811440344,0.03350950644549977,0.19022821015081304,0.129070559270835,0.06115765087997804,0.05198031627729227,0.18962476646121051,-0.13764445018391824,-0.2359020909974041
2025-10-30,META,666.47,True,-0.16298901098901097,True,-0.07131603823127819,-0.014003500875218955,-0.057312537356059234,-0.027788197518267888,0.005236603268464091,-0.03302480078673198,0.003391000345101869,0.022932203639145055,-0.019541203294043186,0.012843788917730636,0.050174308282953106,-0.03733051936522247,,,,-0.1278677209776885
2020-03-12,MRK,71.0401,True,-0.19635077700688608,True,-0.049966145880988355,-0.030631574704768183,-0.019334571176220172,0.10799112050799486,0.12127685300874602,-0.013285732500751157,0.11349927716881036,0.3026480190238199,-0.18914874185500952,0.13404964238507566,0.42114384748700173,-0.28709420510192607,0.004163845490082307,0.5701906412478335,-0.5660267957577512,-0.12357246118741383
2024-07-31,MRK,113.13,True,-0.15969694718859095,True,-0.005657208521170354,-0.058368584448357796,0.05271137592718744,0.037744188102183385,0.013598155443800941,0.024146032658382444,-0.06408556527888265,0.05161489442820577,-0.11570045970708842,-0.14584990718642266,0.10700604564187288,-0.25285595282829554,-0.30946698488464597,0.14754634084348517,-0.45701332572813114,-0.0695659860337664
2018-12-24,MRSH,75.52,True,-0.15704877776537562,True,0.04661016949152552,0.0675940940513784,-0.020983924559852873,0.09904661016949157,0.12464794742681584,-0.025601337257324275,0.21914724576271194,0.19164461892976026,0.027502626832951682,0.2869438559322035,0.2477596654433727,0.03918419048883082,0.4872881355932204,0.3686523854228898,0.11863575017033057,-0.01615466101694918
2020-03-09,MRSH,99.88,True,-0.16683350016683351,True,-0.12034441329595513,-0.12536921562192327,0.005024802325968136,-0.12565078093712456,-0.03416839878933742,-0.09148238214778714,0.09361233480176212,0.1383874849578821,-0.04477515015611999,0.1481778133760514,0.27021113663712937,-0.12203332326107796,0.17150580696836215,0.3989352003792437,-0.22742939341088153,-0.2558069683620344
2022-01-27,MRSH,147.31,True,-0.1588053905893102,True,0.03204127350485364,0.03561821723402292,-0.0035769437291692796,0.055597040255243924,0.015096002226138605,0.04050103802910532,0.16556920779308926,-0.006330581578703365,0.17189978937179262,0.07338266241259928,-0.07524812169557549,0.14863078410817476,0.19245129319122944,-0.06142751136258229,0.25387880455381173,-0.030615708370103856
2022-05-18,MRSH,152.45,True,-0.16757671726547996,True,0.0002623811085602501,0.014061144286224625,-0.013798763177664375,-0.05319776976057711,-0.06433420099014964,0.01113643122957253,0.13584781895703513,0.09442147705813309,0.04142634189890204,0.0608724171859627,-0.02516204767008634,0.08603446485604904,0.1682518858642179,0.05963864645536665,0.10861323940885126,-0.0598228927517217
2015-08-21,MS,34.21,True,-0.1664230019493177,True,-0.004676995030692854,0.0073295253500480495,-0.012006520380740904,-0.025431160479391868,-0.006925137744528187,-0.01850602273486368,-0.004676995030692854,0.039377243087499236,-0.04405423811819209,-0.32505115463314826,-0.05661426477278475,-0.2684368898603635,-0.10698626132709732,0.1063033918010412,-0.21328965312813852,-0.11867874890382935
2018-05-29,MS,49.96,True,-0.15863927248231735,True,0.016413130504403517,0.022600550144970866,-0.006187419640567349,-0.04343474779823864,0.00959036502862265,-0.05302511282686129,-0.027221777421937543,0.06374990707010642,-0.09097168449204396,-0.1132906325060049,0.014868782990112184,-0.1281594154961171,-0.1559247397918334,0.04137238866998727,-0.19729712846182068,-0.0736589271417134
2022-02-24,MS,91.81,True,-0.16330994258634834,True,-0.04389500054460305,0.017300957272939455,-0.0611959578175425,0.0034854591003157243,0.05180947933691327,-0.04832402023659754,-0.13549722252477936,-0.09028718188185858,-0.04521004064292078,-0.005010347456704145,-0.003852439878589853,-0.0011579075781142922,0.06676832589042592,-0.06453420499649776,0.13130253088692367,-0.1640344189086156
2023-05-03,MS,84.75,True,-0.16080800079215762,True,-0.012153392330383483,0.01183765501691103,-0.023991047347294514,-0.03162241887905615,0.03382187147688831,-0.06544429035594446,0.08035398230088497,0.12197931473947365,-0.04162533243858868,-0.15563421828908552,0.038257928532914987,-0.1938921468220005,0.08011799410029496,0.22628792706239897,-0.146169932962104,-0.047315634218289104
2025-03-06,MS,119.37,True,-0.15954375836090962,True,-0.06442154645220743,-0.0371741369977826,-0.02724740945442483,-0.09583647482617075,-0.06287649944998341,-0.032959975376187334,0.07564714752450374,0.03492168811440344,0.040725459410100306,0.25140320013403694,0.129070559270835,0.12233264086320195,0.36173242858339627,0.18962476646121051,0.17210766212218576,-0.20976794839574442
2026-03-17,MS,157.83,True,-0.18086983599750883,True,0.0509408857631628,-0.026252627498919212,0.07719351326208201,0.21409111068871556,0.043456223259142446,0.1706348874295731,0.34739910029778853,0.09983750503138089,0.24756159526640764,,,,,,,-0.008300069695241774
2018-12-21,MSFT,98.23,True,-0.15450163539335515,True,0.03400183243408317,0.03830494391358541,-0.004303111479502242,0.08632800570090593,0.09434981304528467,-0.00802180734437874,0.22386236383996727,0.18292480265891164,0.040937561181055626,0.35243815534968936,0.2022019110926465,0.15023624425704285,0.585157283925481,0.3331948483589531,0.251962435566528,-0.04346940853099879
2020-02-27,MSFT,158.18,True,-0.17052962768746716,True,0.05114426602604638,0.01663809619844714,0.03450616982759924,-0.013086357314451846,-0.12204631777083119,0.10895996045637935,0.16013402452901748,-0.006957749319350559,0.16709177384836804,0.33702111518523203,0.1382474538670968,0.19877366131813523,0.48280440005057534,0.31682968639709586,0.1659747136534795,-0.16222025540523455
2022-01-21,MSFT,296.03,True,-0.15340177882003048,True,0.04131338040063515,0.009064340837481089,0.03224903956315406,-0.027362091679897227,-0.008562034796109397,-0.01880005688378783,-0.036246326385839134,0.01611945750947541,-0.052365783895314544,-0.1327905955477484,-0.12066761039316865,-0.012122985154579768,-0.18852818971050223,-0.09612311064432166,-0.09240507906618056,-0.08793027733675629
2024-08-05,MSFT,395.15,True,-0.15629337034269253,True,0.02950778185499181,0.03071243573388993,-0.001204653878898121,0.03616348222194099,0.06706869225714174,-0.030905210035200747,0.09312919144628617,0.12445397966678251,-0.031324788220496336,0.13172213083639117,0.16842552862499516,-0.036703397788603986,0.33556877135265095,0.21375004832038358,0.12181872303226737,0.005871188156396423
2014-04-07,MU,21.71,True,-0.15459501557632394,True,0.008751727314601387,-0.007594662037539335,0.016346389352140722,0.22892676186089345,0.0132364109797114,0.21569035088118205,0.5550437586365728,0.06992513833134417,0.4851186203052287,0.558268079226163,0.07355972659216659,0.48470835263399636,0.2634730538922154,0.12742757947271355,0.13604547441950188,-0.031782588668816225
2014-10-10,MU,27.79,True,-0.20258249641319948,True,0.035264483627204024,-0.010863860606696751,0.046128344233900775,0.18783735156531112,0.06717749553899455,0.12065985602631657,0.15509175962576482,0.06177180644484093,0.0933199531809239,-0.01295430010795251,0.09074210139603234,-0.10369640150398485,-0.3263763943864699,0.055998740421958626,-0.38237513480842855,-0.052896725440806036
2015-01-13,MU,30.84,True,-0.15714676141022144,True,-0.011348897535668034,0.004948535233570972,-0.016297432769239006,0.005836575875486361,0.024000395882818548,-0.018163820007332188,-0.09143968871595332,0.03939034045922396,-0.13083002917517728,-0.4098573281452659,0.029394299287410997,-0.43925162743267687,-0.5937094682230869,-0.049336896278701525,-0.5443725719443854,-0.16958495460440992
2018-01-30,MU,41.67,True,-0.16476247745039085,True,0.053035757139428874,-0.04482538330494035,0.09786114044436922,0.17134629229661624,-0.035881601362862114,0.20722789365947836,0.203263738900888,-0.0548339011925042,0.2580976400933922,0.3028557715382769,-0.005536626916524678,0.3083923984548016,-0.1027117830573554,-0.0651263486655308,-0.0375854343918246,-0.09959203263738892
2018-04-26,MU,50.14,True,-0.20939766635130874,True,-0.0702034303948944,-0.013856032443393063,-0.05634739795150134,0.22636617471080966,0.02437009500206533,0.20199607970874434,0.08276824890307144,0.05215726033569901,0.030610988567372432,-0.13821300358994815,0.05290826480417543,-0.19112126839412358,-0.1473873155165537,0.09665427509293689,-0.2440415906094906,-0.09613083366573594
2018-07-23,MU,54.29,True,-0.160377358490566,True,-0.023577086019524796,-0.0008922198429692774,-0.022684866176555518,-0.11456990237612819,0.01952177016416856,-0.13409167254029675,-0.20408915085651125,0.0007137758743753775,-0.20480292673088663,-0.36139252164302815,-0.08137044967880092,-0.28002207196422724,-0.13077914901455157,0.06316916488222701,-0.19394831389677858,-0.25069073494197824
2020-02-27,MU,50.58,True,-0.17339434548128774,True,0.06207987346777388,0.01663809619844714,0.045441777269326744,-0.11447212336892054,-0.12204631777083119,0.00757419440191065,-0.11150652431791219,-0.006957749319350559,-0.10454877499856163,-0.12218268090154216,0.1382474538670968,-0.26043013476863897,0.8291814946619216,0.31682968639709586,0.5123518082648257,-0.3845393436140767
2021-05-10,MU,80.85,True,-0.1661509900990099,True,-0.005689548546691348,-0.005790304828444337,0.00010075628175298945,-0.003957946815089541,0.01038426568406936,-0.014342212499158902,0.013976499690785626,0.050342154376226356,-0.03636565468544073,-0.1393939393939394,0.09661673924486758,-0.23601067863880698,-0.11824366110080387,-0.00988180121548543,-0.10836185988531843,-0.10315398886827443
2022-01-21,MU,81.93,True,-0.16780091416962917,True,-0.032466739899914665,0.009064340837481089,-0.041531080737395754,0.1082631514707677,-0.008562034796109397,0.1168251862668771,-0.11229098010496763,0.01611945750947541,-0.12841043761444304,-0.24899304284145007,-0.12066761039316865,-0.12832543244828143,-0.28646405468082514,-0.09612311064432166,-0.19034094403650348,-0.1658733064811425
2023-08-22,MU,63.41,True,-0.15193259328607733,True,0.05156915313042121,0.025128380691544105,0.026440772438877103,0.09888030279135807,0.0011183384685609088,0.09776196432279716,0.21652736161488728,0.026315188862261918,0.19021217275262536,0.28575934395205804,0.1276503480543194,0.15810899589773864,0.7030436839615202,0.27513408650005733,0.42790959746146284,-0.012300898911843494
2024-04-19,MU,106.77,True,-0.1820897809100659,True,0.07558302894071378,0.026456094999596003,0.04912693394111778,0.17345696356654505,0.06925034332337021,0.10420662024317484,0.11922824763510365,0.12476775183778988,-0.0055395042026862296,-0.010115200899128984,0.16352290168834305,-0.17363810258747203,-0.3749180481408636,0.03780596170934647,-0.41272400985021007,-0.0013112297461833622
2024-07-17,MU,119.5,True,-0.24146248571791284,True,-0.07715481171548111,-0.028207706395662058,-0.04894710531981905,-0.1597489539748954,-0.02368298200883412,-0.1360659719660613,-0.11556485355648538,0.03445613531080527,-0.15002098886729065,-0.1471966527196653,0.056900204689912526,-0.20409685740957784,-0.05221757322175724,0.127661866628362,-0.17987943985011923,-0.29606694560669455
2025-11-20,MU,201.37,True,-0.22722388517921555,True,0.1743556637036301,0.04729284477342044,0.12706281893020965,0.3205542037046234,0.04300185432087433,0.27755234938374906,1.0725530118686994,0.04896326605673318,1.0235897458119663,2.598649252619556,0.13277550457450227,2.4658737480450537,,,,-0.04360133088344842
2026-03-03,MU,379.68,True,-0.1664544456641054,True,0.06170986093552466,-0.0046301059779814135,0.06633996691350608,-0.11019806152549527,-0.04408154866020908,-0.06611651286528619,1.43236409608091,0.10916760983640295,1.3231964862445071,1.397887694900969,0.1222054003204327,1.2756822945805364,,,,-0.17959860935524652
2026-06-05,MU,864.01,True,-0.20681361253660635,True,0.13610953576926188,0.005694529184462116,0.13041500658479976,0.08607539264591835,0.013775337265270249,0.0723000553806481,0.08035786622840013,0.03285201003321814,0.047505856195181995,,,,,,,-0.14598210668858003
2026-09-01,MU,933.44,True,-0.2562231075697211,True,,,,,,,,,,,,,,,,-0.01559821734658906
2020-03-12,NEE,52.2225,True,-0.26278454208575974,True,-0.008569103355833163,-0.030631574704768183,0.02206247134893502,0.17420652017808425,0.12127685300874602,0.052929667169338224,0.2469720905739865,0.3026480190238199,-0.05567592844983338,0.32667911340897127,0.42114384748700173,-0.09446473407803047,0.4258222030733878,0.5701906412478335,-0.14436843817444567,-0.16319594044712515
2021-02-24,NEE,73.76,True,-0.15885505758923468,True,-0.016811279826464354,-0.02641856191132541,0.009607282084861057,-0.012608459869848265,-0.010848201751027409,-0.0017602581188208566,0.0071854663774404415,0.06000969956862434,-0.0528242331911839,0.13815075921908893,0.14089899686040286,-0.002748237641313933,0.00528741865509752,0.10837991678791137,-0.10309249813281385,-0.07361713665943614
2022-01-25,NEE,75.1,True,-0.19876240264589784,True,0.028362183754993442,0.042534582364720075,-0.014172398609726633,-0.03701731025299604,-0.028816719221120057,-0.008200591031875981,0.014380825565912358,0.008262941054618222,0.006117884511294136,0.050998668442077344,-0.0971298363523374,0.14812850479441475,0.11717709720372849,-0.07887771307570146,0.19605481027942995,-0.07070572569906775
2013-04-04,NFLX,2.3813,True,-0.15649463355885385,True,0.037920463612312716,0.021365327858334338,0.01655513575397838,0.2867341368160248,0.024958295906582828,0.26177584090944195,0.26636711040188144,0.029257025535736947,0.2371100848661445,0.838659555704867,0.08770691646349271,0.7509526392413743,1.1878385755679672,0.2078147055049402,0.980023870063027,-0.046151261915760355
2013-06-28,NFLX,3.0156,True,-0.15172995780590715,True,0.10425785913251095,0.02200473756389476,0.0822531215686162,0.16043241809258513,0.05092881186884446,0.10950360622374067,0.45191669982756344,0.05678843037027814,0.3951282694572853,0.7823650351505504,0.13265178905373398,0.6497132460968165,1.0825374718132377,0.21830195736192493,0.8642355144513127,0.004310916567183964
2013-10-22,NFLX,4.6074,True,-0.17124150088139012,True,0.014823978816686179,0.010033635482583625,0.004790343334102554,0.04579589356252978,0.02063736389031412,0.025158529672215657,0.02333203108043591,0.04691864773958154,-0.02358661665914563,0.011633459217780029,0.050111168120403615,-0.038477708902623586,0.11379519902765112,0.08488683655435847,0.028908362473292648,-0.041303121066111115
2014-03-24,NFLX,5.4129,True,-0.17270629231686263,True,-0.0709231650316835,0.008520735587553174,-0.07944390061923667,-0.01585102255722437,0.013266461737582835,-0.029117484294807205,0.18415267231982857,0.05840478886911504,0.12574788345071353,0.257717674444383,0.07388232756296165,0.18383534688142134,0.13037373681390751,0.13471390821334195,-0.004340171399434434,-0.20955495205897023
2014-10-16,NFLX,5.1671,True,-0.26077626289360367,True,0.059007954171585775,0.0464916519031513,0.012516302268434476,0.048963635308006515,0.09620443442314919,-0.04724079911514267,-0.10479766213156305,0.08487679175390572,-0.18967445388546877,0.25677846374175073,0.12761045793740267,0.12916800580434806,1.1333049486172126,0.06989853438556914,1.0634064142316435,-0.12761510324940484
2015-08-21,NFLX,10.396,True,-0.19591615747544278,True,0.13149288187764507,0.0073295253500480495,0.12416335652759702,-0.035205848403232154,-0.006925137744528187,-0.028280710658703967,0.07108503270488642,0.039377243087499236,0.03170778961738718,-0.15929203539823011,-0.05661426477278475,-0.10267777062544536,-0.07502885725278963,0.1063033918010412,-0.18133224905383083,-0.17756829549826858
2016-01-04,NFLX,10.996,True,-0.17490808133863578,True,0.04556202255365571,-0.044323947865884006,0.08988597041953972,-0.16797017097126243,-0.05402447517659936,-0.11394569579466307,-0.07029829028737722,0.022385832255497062,-0.09268412254287428,-0.19570753001091312,0.011043677246045158,-0.20675120725695828,0.13977810112768263,0.11605810367127645,0.023719997456406183,-0.2729174245180066
2018-04-02,NFLX,28.029,True,-0.16075812922929522,True,0.03439295015876409,0.013710335184681677,0.020682614974082414,0.11477398408790895,0.02734299141647556,0.0874309926714334,0.4249170501980093,0.054880180215170604,0.3700368699828387,0.30350708195083675,0.14024934943876932,0.16325773251206743,0.272111027863998,0.09713753058608776,0.17497349727791023,-0.0323593421099575
2018-07-24,NFLX,35.732,True,-0.1556910280947993,True,-0.05560841822456064,-0.000994282873477581,-0.05461413535108306,-0.05401320944811372,0.01679627854124477,-0.07080948798935849,0.020653755737154444,-0.004119171904406915,0.02477292764156136,-0.007500279861188841,-0.07549447817904187,0.06799419831785303,-0.13998656666293519,0.06540960903376991,-0.2053961756967051,-0.12982760550766814
2020-07-23,NFLX,47.758,True,-0.1699601995237846,True,0.01721177603752233,0.003096358682189715,0.014115417355332616,0.042547845387160166,0.04743621501114692,-0.004888369623986755,0.11141588843753913,0.07533440673767666,0.03608148169986247,0.06325641777293867,0.1759660639088434,-0.11270964613590473,0.07548473554168922,0.34552266534555365,-0.27003792980386443,-0.039742032748440126
2021-03-08,NFLX,49.333,True,-0.168484215139308,True,0.05456793626983969,0.03848370533375256,0.01608423093608713,0.10378448503030446,0.06392119878444924,0.03986328624585522,0.011979810674396463,0.10114743791260605,-0.08916762723820959,0.11511564267326135,0.16907681022739163,-0.053961167554130274,-0.25390712099406065,0.1414387509169024,-0.39534587191096304,-0.029979932296839817
2021-12-16,NFLX,59.106,True,-0.15682106734760837,True,0.03896389537441203,0.008896987887233365,0.030066907487178662,-0.11059790884174192,-0.0037088648300995786,-0.10688904401164234,-0.4184177579264373,-0.0863543788187372,-0.3320633791077001,-0.6738571380232126,-0.1393718512166363,-0.5344852868065763,-0.4622711738233005,-0.1437453103226498,-0.3185258635006507,-0.4419855852197747
2025-03-07,NFLX,89.111,True,-0.16288398309065288,True,0.030175848099561087,-0.022763578274760388,0.052939426374321474,-0.03955740593192769,-0.12265592443394913,0.08309851850202143,0.36676729023352883,0.03502222530907084,0.331745064924458,0.38192815701765204,0.1267537157938603,0.25517444122379174,0.11119839301545253,0.16748854007501057,-0.05629014705955804,-0.0785649358665036
2016-01-13,NOW,15.358,True,-0.15874233128834359,True,-0.030993618960802216,-0.011332944976963466,-0.01966067398383875,-0.3615054043495247,-0.03161573902451942,-0.3298896653250053,-0.17554369058471153,0.08044272626171689,-0.2559864168464284,-0.1492381820549551,0.11031086162156423,-0.2595490436765193,0.06354994139861958,0.199279775459408,-0.13572983406078842,-0.40096366714415943
2016-12-22,NOW,14.91,True,-0.16972936852656184,True,-0.0028169014084507005,-0.008208359215547079,0.005391457807096378,0.12635814889336028,0.00985003105865645,0.11650811783470383,0.14071093226022802,0.03948886325317247,0.10122206900705555,0.35747820254862495,0.07658177300559044,0.2808964295430345,0.7303822937625755,0.18479900612299227,0.5455832876395832,-0.011938296445338725
2018-10-10,NOW,34.428,True,-0.16558410082404273,True,0.10526315789473695,0.0077254761049225795,0.09753768178981437,0.10857441617288255,0.009737693136902648,0.0988367230359799,0.0927733240385733,-0.07736255839022643,0.17013588242879973,0.3769606134541652,0.031908012935680796,0.3450526005184844,0.5221331474381319,0.04660438375853393,0.47552876367959795,-0.14238410596026485
2019-08-05,NOW,51.362,True,-0.1529175050301811,True,0.006853315680853456,0.014974279472905305,-0.00812096379205185,0.025583115922277244,0.02438165034176598,0.0012014655805112628,-0.06140726607219349,0.0683179479952083,-0.12972521406740178,0.1978894902846462,0.13980691987879634,0.058082570405849854,0.7102137767220902,0.15044746670424924,0.5597663100178409,-0.16673805537167552
2020-03-09,NOW,58.418,True,-0.19523350323736055,True,-0.09127323770070872,-0.12536921562192327,0.03409597792121455,-0.07579855523982326,-0.03416839878933742,-0.041630156450485845,0.3286658221780958,0.1383874849578821,0.1902783372202137,0.6452120921633744,0.27021113663712937,0.375000955526245,0.6671573829983908,0.3989352003792437,0.2682221826191471,-0.18199869903112054
2021-03-04,NOW,98.126,True,-0.18005581830639905,True,0.024947516458430963,0.04467746217148916,-0.019729945713058195,0.03338564702525315,0.06347225909211573,-0.030086612066862584,-0.03413977946721569,0.11505176533050188,-0.14919154479771757,0.2674520514440617,0.18919564640297337,0.07825640504108833,0.1639524692741985,0.14143881072471465,0.02251365854948384,-0.08633797362574658
2021-12-01,NOW,119.914,True,-0.15267100056529115,True,0.11047917674333285,0.04221975582685911,0.06825942091647375,0.09168237236686272,0.05695893451720324,0.03472343784965948,-0.03277348766616084,-0.03078801331853498,-0.0019854743476258596,-0.3000817252364194,-0.12566037735849056,-0.17442134787792885,-0.3381089781009723,-0.12268590455049944,-0.21542307355047285,-0.20051036576212955
2024-05-01,NOW,137.122,True,-0.15909090909090895,True,0.05166202359942229,0.03365644049165595,0.018005583107766343,-0.06172605417073862,0.04448885779954037,-0.10621491197027899,0.16547308236460956,0.088757869491356,0.07671521287325356,0.3388807047738509,0.16582392325372242,0.1730567815201285,0.3972229109843788,0.11615868891775749,0.2810642220666213,-0.06945639649363355
2025-01-30,NOW,202.55,True,-0.15469622482451229,True,0.010417180942976945,0.002115562607430954,0.00830161833554599,-0.08194519871636641,-0.0179492264974217,-0.06399597221894471,-0.07439150826956309,-0.08956432632553213,0.01517281805596904,-0.0163613922488276,0.0485587729736876,-0.0649201652225152,-0.42369785238212787,0.1470977125479307,-0.5707955649300586,-0.3298839792643792
2015-08-25,NVDA,0.507,True,-0.15316519124770334,True,0.0631163708086786,0.024029476157419793,0.03908689465125881,0.1341222879684416,0.033801463128103615,0.100320824840338,0.5299802761341221,0.11459390185293938,0.41538637428118275,0.36390532544378695,0.0299567469429165,0.33394857850087045,2.0828402366863905,0.16692476104020937,1.9159154756461811,0.024654832347140054
2016-01-14,NVDA,0.7168,True,-0.1552150854449028,True,-0.007672991071428492,-0.007346428385348824,-0.00032656268607966776,-0.1026785714285714,-0.027614234356275746,-0.07506433707229565,0.25,0.0728911582347731,0.1771088417652269,0.705078125,0.091700098994425,0.613378026005575,2.667689732142857,0.18324389100192762,2.4844458411409294,-0.1368582589285714
2017-01-05,NVDA,2.5435,True,-0.1516859553747124,True,0.016709258895223122,0.0005742049469963373,0.016135053948226785,0.12423825437389446,0.01298586572438154,0.11125238864951292,0.0652643994495774,0.03944346289752643,0.025820936552050977,0.4915667387458227,0.07548586572438154,0.41608087302144114,1.0883428346766268,0.1946554770318023,0.8936873576448245,-0.06455671319048539
2017-04-04,NVDA,2.5195,True,-0.16655640092623225,True,-0.026394125818614778,-0.00178359096313907,-0.024610534855475708,0.03445128001587627,0.012739935450993611,0.021711344564882662,0.4554475094264736,0.02492780703244435,0.43051970239402926,0.6967652311966663,0.057117377271955316,0.639647853924711,1.2360388966064697,0.107397655851877,1.1286412407545927,-0.05251041873387574
2017-07-03,NVDA,3.4832,True,-0.1731275964391692,True,0.11879880569591172,-8.257297386571327e-05,0.11888137866977744,0.18058107487367914,0.021097394822674476,0.15948368005100466,0.2612540192926045,0.03236860575533629,0.2288854135372682,0.4059772622875517,0.10474381734858174,0.30123344493897,0.7003043178686266,0.1200198175137277,0.5802845003548989,0.0031005971520441378
2018-04-06,NVDA,5.3562,True,-0.15816110019646357,True,0.08052350547029596,0.020907130756198766,0.0596163747140972,0.11580971584332156,0.024256892037578748,0.09155282380574281,0.13065232814308647,0.04674264592638222,0.08390968221670425,0.2458459355513236,0.11612505775450477,0.12972087779681885,-0.12129868190134796,0.10572924688125673,-0.2270279287826047,-0.018427243194802267
2018-10-10,NVDA,6.1423,True,-0.16077332968984837,True,-0.010712599514839605,0.0077254761049225795,-0.018438075619762184,-0.12985363788808757,0.009737693136902648,-0.13959133102499022,-0.43088094036435864,-0.07736255839022643,-0.3535183819741322,-0.23375608485420762,0.031908012935680796,-0.2656640977898884,-0.26449375641046513,0.04660438375853393,-0.31109814016899906,-0.49343079953763247
2020-02-25,NVDA,6.5512,True,-0.17157309054122416,True,0.014669068262303187,-0.03969294738525497,0.05436201564755816,-0.04910550738795949,-0.22229329921637608,0.1731877918284166,0.3692148003419222,-0.05027986566448095,0.41949466600640317,0.7651727927707901,0.07737086198624654,0.6878019307845435,1.1913237269507877,0.23790180713257647,0.9534219198182112,-0.3105079985346195
2020-09-08,NVDA,11.913,True,-0.1910666268299971,True,0.09048938134810713,0.02088772845953013,0.069601652888577,0.1530680768907915,0.0051619099066655405,0.14790616698412595,0.13695122974901364,0.1007772875964108,0.036173942152602834,0.12534206329220177,0.16004921821073803,-0.034707154918536265,0.9174851003105851,0.3597431049488311,0.557741995361754,-0.0014438008897843524
2021-03-03,NVDA,12.8048,True,-0.1670320377297122,True,-0.026279207797076154,0.021393739185150196,-0.04767294698222635,0.0424450206172684,0.039090766084631134,0.0033542545326372686,0.20954642009246527,0.09928687536049496,0.1102595447319703,0.7148256903661125,0.17261811126841797,0.5422075790976946,0.9043639885043109,0.14474857112893913,0.7596154173753717,-0.09670592277895795
2021-12-13,NVDA,28.161,True,-0.1872023551822668,True,-0.015695465359894856,-0.024840859892406253,0.009145394532511397,-0.01221547530272371,0.00681569753734701,-0.01903117284007072,-0.19541209474095378,-0.08806824270741787,-0.10734385203353591,-0.33290721210184293,-0.11741003493580804,-0.2154971771660349,-0.39629274528603387,-0.15708253852583753,-0.23921020676019633,-0.26671638081034066
2023-08-11,NVDA,40.855,True,-0.1504117451339212,True,0.05982131929996326,-0.02053180747223149,0.08035312677219475,0.10581324195324937,0.0062829574778413555,0.09953028447540802,0.11983845306572016,-0.022349377314035634,0.1421878303797558,0.6193856321135724,0.10927858184674077,0.5101070502668317,1.5639456614857425,0.19598339504095152,1.367962266444791,-0.0397748133643373
2024-04-19,NVDA,76.2,True,-0.21765913757700206,True,0.15137795275590538,0.026456094999596003,0.12492185775630937,0.21363517060367454,0.06925034332337021,0.14438482728030433,0.5484251968503935,0.12476775183778988,0.4236574450126036,0.7691601049868766,0.16352290168834305,0.6056372032985335,0.27178477690288694,0.03780596170934647,0.23397881519354047,0.002624671916010568
2024-07-17,NVDA,117.99,True,-0.16176470588235292,True,-0.031697601491651795,-0.028207706395662058,-0.003489895095989737,0.0007627765064837089,-0.02368298200883412,0.024445758515317828,0.1425544537672685,0.03445613531080527,0.10809831845646323,0.18772777354013037,0.056900204689912526,0.13082756885021785,0.46622595135180944,0.127661866628362,0.33856408472344746,-0.23137554030002538
2024-12-18,NVDA,128.91,True,-0.15684479037216292,True,0.08548599798308909,0.025687384867298935,0.059798613115790156,0.0924676130633777,0.02860407996179304,0.06386353310158466,-0.08835621751609646,-0.03266357371904205,-0.05569264379705441,0.10131099216507633,0.018284778604080065,0.08302621356099626,0.35086494453494677,0.1538343453639901,0.19703059917095667,-0.18726243115351793
2025-03-19,NVDA,117.52,True,-0.23254750865277873,True,-0.03199455411844787,0.002574365665720446,-0.03456891978416832,-0.11087474472430225,-0.07312256449138654,-0.03775218023291571,0.2080496936691627,0.052668700297991755,0.15538099337117095,0.5089346494213753,0.15001851427362345,0.3589161351477519,0.535057862491491,0.16627580977906287,0.36878205271242814,-0.262933968686181
2025-11-21,NVDA,178.88,True,-0.15698195013902638,True,0.005813953488372103,0.0322291853178156,-0.026415231829443497,0.026889534883721034,0.039148445442544366,-0.012258910558823333,0.06115831842576025,0.04612840083152503,0.01502991759423522,0.24284436493738815,0.12081392349361941,0.12203044144376873,,,,-0.05215787119856874
2026-06-10,NVDA,200.42,True,-0.1527014458442547,True,0.021105678076040357,0.021407992500999562,-0.0003023144249592047,0.05258956191996811,0.040693106157727366,0.011896455762240743,0.14938628879353377,0.06170133575948067,0.0876849530340531,,,,,,,-0.0529887236802713
2021-12-22,ORCL,89.86,True,-0.1549746097423359,True,-0.02058758068105937,0.018110286728388436,-0.038697867409447806,-0.08502114400178051,-0.0635249844982787,-0.02149615950350181,-0.09904295570888055,-0.04981932476640516,-0.049223630942475394,-0.22434898731359887,-0.18920652569009389,-0.035142461623504984,-0.09926552414867573,-0.1863413799739143,0.08707585582523858,-0.21845092365902508
2023-09-25,ORCL,108.3,True,-0.1508546338403639,True,-0.01468144044321329,-0.011382828586632199,-0.0032986118565810907,-0.04284395198522628,-0.02723087245216671,-0.01561307953305957,-0.018928901200369275,0.09858177359276299,-0.11751067479313226,0.18005540166204992,0.18654420100409497,-0.0064887993420450485,0.5323176361957525,0.3179788538509589,0.21433878234479353,-0.08347183748845788
2024-12-18,ORCL,165.41,True,-0.1659018708083304,True,0.03790580980593683,0.025687384867298935,0.012218424938637895,0.04328637929992141,0.02860407996179304,0.014682299338128368,-0.07835076476633829,-0.03266357371904205,-0.04568719104729624,0.30113052415210695,0.018284778604080065,0.2828457455480269,0.08838643371017474,0.1538343453639901,-0.06544791165381536,-0.16752312435765682
2025-09-12,ORCL,292.18,True,-0.15486520883952337,True,0.05640358683003632,0.009567849591579192,0.04683573723845713,0.002669587240741844,-0.006677720144202204,0.009347307384944048,-0.2451913204189199,0.03988378637380019,-0.2850751067927201,-0.476487096995003,0.022771177803805998,-0.499258274798809,,,,-0.3646724621808475
2015-08-20,PANW,26.77,True,-0.19910246821241584,True,0.04457601793051924,-0.023042604304554515,0.06761862223507376,0.1516623085543518,-0.04177084865421388,0.1934331572085657,-0.024777736271946238,-0.007010834926704956,-0.01776690134524128,-0.22568920433320883,-0.1034956120998185,-0.12219359223339032,-0.15265969368696308,0.07059861744374185,-0.22325831113070493,-0.12595069107209567
2019-05-15,PANW,36.625,True,-0.15685006089096487,True,0.03754266211604085,0.0019995790359923493,0.0355430830800485,-0.06498293515358367,0.015856310952080177,-0.08083924610566384,-0.020750853242320733,0.023012699080895205,-0.04376355232321594,0.06493651877133111,0.07826422507542263,-0.013327706304091524,-0.025392491467576828,0.005647933768329505,-0.031040425235906333,-0.11412969283276453
2020-03-03,PANW,30.34,True,-0.27505931658690086,True,-0.08003625576796314,-0.03936850519584334,-0.0406677505721198,-0.09931773236651287,-0.14152011723954172,0.04220238487302885,0.2601087673038891,0.009092725819344505,0.2510160414845446,0.4795088991430456,0.130695443645084,0.3488134554979616,1.0181839156229398,0.2975619504396483,0.7206219651832915,-0.3107547791694133
2020-10-26,PANW,38.6033,True,-0.15783744161541768,True,-0.04218033173329727,-0.02707799286956014,-0.01510233886373713,0.27812907186691316,0.053242582279972916,0.22488648958694024,0.5742177482235977,0.12814166593005094,0.4460760822935468,0.5542712669642234,0.2144435605056132,0.33982770645861016,1.1765419018581311,0.33510121099619905,0.8414406908619321,-0.05301619291614956
2021-03-04,PANW,55.94,True,-0.16714681531175435,True,0.026010010725777688,0.04467746217148916,-0.01866745144571147,-0.022613514479799757,0.06347225909211573,-0.08608577357191549,0.08226135144797997,0.11505176533050188,-0.03279041388252191,0.31649982123703957,0.18919564640297337,0.1273041748340662,0.7183589560243118,0.14143881072471465,0.5769201452995971,-0.0717429388630676
2022-01-21,PANW,80.605,True,-0.1554822148881554,True,0.025928912598473852,0.009064340837481089,0.016864571760992764,-0.0030184231747411028,-0.008562034796109397,0.005543611621368294,0.2996712362756653,0.01611945750947541,0.28355177876618987,0.05237516283108978,-0.12066761039316865,0.17304277322425843,-0.09372867688108688,-0.09612311064432166,0.0023944337632347823,-0.057626698095651796
2022-05-05,PANW,88.2733,True,-0.173600195475052,True,-0.09653655182257836,-0.05188371474831455,-0.04465283707426382,-0.032210192663013615,-0.007902177327759108,-0.024308015335254507,-0.03577865560707494,-0.013895265943307367,-0.021883389663767572,-0.05560344974074849,-0.07682269640656347,0.021219246665814984,0.013953256533968839,-0.02097581015441874,0.03492906668838758,-0.20408209503893027
2023-08-04,PANW,109.16,True,-0.1566749072929543,True,-0.0016489556614143197,-0.0025961818222510757,0.000947226160836756,0.11176255038475635,0.009802824466775606,0.10195972591798075,0.09266214730670574,-0.06987310042299866,0.1625352477297044,0.5685232685965556,0.09086636377878743,0.4776569048177681,0.399780139245145,0.19267697679102969,0.2071031624541153,-0.07855441553682674
2024-02-21,PANW,130.985,True,-0.31212582711899994,True,0.20681757453143468,0.01820156473120016,0.18861600980023452,0.0766499980913844,0.046801150419339965,0.029848847672044432,0.20922243004924201,0.0633132881478653,0.14590914190137672,0.27201587968087937,0.09016311015466294,0.18185276952621643,0.5178073825247165,0.22761006415800167,0.2901973183667148,0.011566209871359145
2025-01-07,PANW,175.51,True,-0.15310750820304964,True,-0.007520938977836011,0.007050269269320175,-0.014571208247156187,0.06757449717964792,0.030052834548018437,0.03752166263162948,-0.1250071221013047,-0.14159998640911953,0.016592864307814814,0.12227223520027364,0.05405772726500535,0.06821450793526829,0.10478035439576106,0.17149992355129706,-0.06671956915553601,-0.12603270468919148
2025-04-04,PANW,153.57,True,-0.26306444647056004,True,0.09617763886175701,0.05672102596580131,0.0394566128959557,0.22504395389724552,0.11524303356554788,0.10980092033169764,0.2826072800677215,0.2279330272324258,0.0546742528352957,0.31777039786416617,0.30980842305256506,0.007961974811601102,0.05456794946929744,0.30408882203926524,-0.2495208725699678,-0.061340105489353314
2025-07-31,PANW,173.6,True,-0.1748657255572983,True,-0.03168202764976957,0.0002689532970510111,-0.031950980946820584,0.10034562211981579,0.026642197190228867,0.07370342492958692,0.2506336405529954,0.07146247310467024,0.17917116744832517,0.04994239631336406,0.09002025060118979,-0.04007785428782573,0.8760368663594471,0.1734115934691811,0.702625272890266,-0.04832949308755752
2025-11-20,PANW,185.07,True,-0.17235365144671533,True,0.027341006105797927,0.04729284477342044,-0.019951838667622512,0.009780083211757828,0.04300185432087433,-0.033221771109116505,-0.18414653914734957,0.04896326605673318,-0.23310980520408275,0.3120981250337711,0.13277550457450227,0.17932262045926883,,,,-0.20489544496676926
2026-09-02,PANW,328.48,True,-0.1764941837144003,True,,,,,,,,,,,,,,,,-0.021492937165124237
2020-03-12,PEP,115.34,True,-0.21644021739130426,True,0.017340038148083936,-0.030631574704768183,0.04797161285285212,0.15857464886422745,0.12127685300874602,0.03729779585548143,0.14626322177908802,0.3026480190238199,-0.15638479724473187,0.20677995491590084,0.42114384748700173,-0.2143638925711009,0.15814114791052547,0.5701906412478335,-0.412049493337308,-0.12068666551066409
2020-03-12,PG,101.84,True,-0.20493403075962213,True,0.08827572663000782,-0.030631574704768183,0.118907301334776,0.12588373919874307,0.12127685300874602,0.00460688618999705,0.16899057344854662,0.3026480190238199,-0.13365744557527326,0.35683424980361345,0.42114384748700173,-0.06430959768338829,0.25039277297721907,0.5701906412478335,-0.3197978682706144,-0.07364493322859389
2018-11-27,PGR,61.89,True,-0.16013027547835523,True,0.044272095653578925,0.006892697466468034,0.03737939818711089,-0.027306511552754875,-0.0757451564828614,0.04843864493010652,0.16852480206818532,0.04068554396423263,0.1278392581039527,0.2998868961059946,0.06419523099850966,0.23569166510748496,0.1552754887703991,0.16754843517138607,-0.012272946400986973,-0.0836968815640653
2023-05-03,PGR,125.05,True,-0.16561019550276912,True,0.07461015593762488,0.01183765501691103,0.06277250092071385,0.02622950819672143,0.03382187147688831,-0.0075923632801668806,0.0074370251899240625,0.12197931473947365,-0.11454228954954959,0.24942023190723717,0.038257928532914987,0.21116230337432218,0.6937225109956018,0.22628792706239897,0.4674345839332028,-0.1090763694522191
2013-06-25,PLD,36.92,True,-0.1889279437609842,True,0.028981581798483314,0.016648798637825646,0.012332783160657668,0.07963163596966405,0.06274831304786543,0.016883322921798616,0.053358613217768136,0.08948729267831235,-0.03612867946054421,-0.017063921993499487,0.1232263353723908,-0.1402902573658903,0.1161971830985915,0.235290408021694,-0.11909322492310248,-0.06283856988082337
2018-12-24,PLD,55.94,True,-0.1886874546773024,True,0.01948516267429401,0.0675940940513784,-0.048108931377084385,0.15713264211655353,0.12464794742681584,0.03248469468973769,0.27046835895602417,0.19164461892976026,0.07882374002626391,0.4386843046120845,0.2477596654433727,0.19092463916871183,0.5736503396496246,0.3686523854228898,0.20499795422673484,-0.013049696102967356
2020-02-28,PLD,84.28,True,-0.15542639543040393,True,0.0189843379212149,0.004050496185782793,0.014933841735432107,-0.06063122923588038,-0.1446027138324445,0.08397148459656412,0.06810631229235864,0.009518666036589352,0.05858764625576929,0.20716658756525863,0.13829069060959975,0.06887589695565888,0.2030137636449929,0.2905218389252684,-0.08750807528027549,-0.29022306597057423
2021-01-06,PLD,93.91,True,-0.16427872207884675,True,0.01597273985731018,0.016704591085530796,-0.0007318512282206147,0.13310616547758491,0.03383750501940841,0.0992686604581765,0.15397721222447025,0.08783295408914471,0.06614425813532554,0.29325950378021526,0.14496051398741794,0.14829898979279732,0.7559365349803004,0.2788381742738588,0.4770983607064416,-0.008838249387711605
2022-02-16,PLD,144.38,True,-0.1503560289530984,True,-0.007272475412106849,-0.040976265114196164,0.033703789702089315,0.08505333148635552,-0.012382445141065901,0.09743577662742142,-0.11102645795816601,-0.10049261083743843,-0.01053384712072758,-0.06905388557972014,-0.05958351992834754,-0.009470365651372603,-0.11670591494666849,-0.0730407523510972,-0.043665162595571294,-0.1659509627372212
2022-05-13,PLD,128.35,True,-0.2646384782857798,True,-0.067238021036229,-0.030095588967440134,-0.037142432068788866,-0.15520062329567574,-0.0665139898436723,-0.08868663345200345,0.04721464744838344,0.045479438414816276,0.0017352090335671644,-0.15847292559407866,-0.07644628099173567,-0.08202664460234299,-0.024776003116478318,0.024569351787314453,-0.04934535490379277,-0.1705492793143748
2023-10-03,PLTR,14.9,True,-0.2638339920948616,True,0.19463087248322153,0.03071704736829628,0.16391382511492525,-0.006711409395973145,-0.008040987689461265,0.0013295782934881206,0.1785234899328858,0.13069569961336858,0.04782779031951723,0.6704697986577182,0.230603192675348,0.43986660598237015,1.4469798657718123,0.3487511563367254,1.0982287094350869,-0.028187919463087296
2025-01-07,PLTR,69.99,True,-0.1746170265457505,True,-0.026432347478211105,0.007050269269320175,-0.03348261674753128,0.5899414202028863,0.030052834548018437,0.5598885856548679,0.05743677668238334,-0.14159998640911953,0.19903676309150287,0.8876982426060869,0.05405772726500535,0.8336405153410815,1.5957993999142737,0.17149992355129706,1.4242994763629766,-0.09415630804400621
2025-04-04,PLTR,74.01,True,-0.4098556733912766,True,0.19645993784623683,0.05672102596580131,0.13973891188043552,0.6723415754627751,0.11524303356554788,0.5570985418972272,0.7851641670044589,0.2279330272324258,0.5572311397720331,1.3992703688690713,0.30980842305256506,1.0894619458165062,0.9987839481151195,0.30408882203926524,0.6946951260758543,-0.10660721524118366
2025-08-19,PLTR,157.75,True,-0.16973684210526319,True,0.019778129952456425,0.00836185742642348,0.011416272526032945,0.06706814580031706,0.030274612775667675,0.03679353302464938,0.16748019017432636,0.0680983416951908,0.09938184847913556,-0.11562599049128375,0.08175864709835734,-0.1973846375896411,0.08741679873217101,0.19949672559040987,-0.11207992685823887,-0.09768621236133124
2025-11-13,PLTR,172.14,True,-0.1704895913646879,True,-0.095242244684559,-0.029031010058925055,-0.06621123462563394,0.06639944231439521,0.014463424796143043,0.051936017518252164,-0.21180434530033687,0.029641092792095813,-0.24144543809243268,-0.19948878819565452,0.09758347717397786,-0.2970722653696324,,,,-0.254560241663762
2025-07-28,PM,157.77,True,-0.1549092077775992,True,0.0330861380490588,-0.009058938047539988,0.04214507609659879,0.06084806997528047,0.008682136464973178,0.052165933510307294,-0.0365722253913926,0.05392972650485128,-0.09050195189624388,0.1004626988654369,0.08591076082519522,0.014551938040241685,0.24015972618368497,0.16037617357992895,0.07978355260375602,-0.0978639792102427
2026-03-26,PM,162.49,True,-0.15060115002613694,True,-0.027017047202904876,0.016648839696786544,-0.04366588689969142,0.010523724536894541,0.10672929358694128,-0.09620556905004674,0.09969844298110653,0.13717465779968685,-0.03747621481858032,,,,,,,-0.06683488214659372
2019-05-20,QCOM,76.62,True,-0.15187071064866065,True,-0.14682850430696948,-0.013382637788343033,-0.13344586651862644,-0.06081962933959817,0.029758760345131252,-0.09057838968472942,-0.07491516575306723,-0.00017608733932039655,-0.07473907841374683,0.1743670060036544,0.08533192463461892,0.08903508136903548,-0.011093709214304415,0.008205670012326083,-0.019299379226630498,-0.15478987209605843
2020-02-25,QCOM,80.22,True,-0.16585213684101074,True,-0.020693093991523304,-0.03969294738525497,0.01899985339373167,-0.18399401645474955,-0.22229329921637608,0.03829928276162653,0.005110944901520753,-0.05027986566448095,0.0553908105660017,0.41785090999750674,0.07737086198624654,0.3404800480112602,0.7384692096733982,0.23790180713257647,0.5005674025408218,-0.2769882822238843
2021-02-22,QCOM,139.46,True,-0.16958437537215665,True,0.00021511544528896032,0.006588636539803128,-0.006373521094514167,-0.038505664706726006,0.014365811435806064,-0.05287147614253207,-0.07564893159328845,0.06436193576725335,-0.1400108673605418,0.05514125914240631,0.15006588636539808,-0.09492462722299178,0.237630861895884,0.15391571712787133,0.08371514476801267,-0.11809837946364554
2022-01-27,QCOM,161.2,True,-0.16726934600681898,True,0.1110421836228288,0.03561821723402292,0.07542396638880589,0.0603598014888338,0.015096002226138605,0.04526379926269519,-0.1528535980148883,-0.006330581578703365,-0.14652301643618493,-0.03312655086848615,-0.07524812169557549,0.04212157082708934,-0.1689826302729528,-0.06142751136258229,-0.1075551189103705,-0.18790322580645158
2024-06-27,QCOM,195.15,True,-0.15383948315483675,True,0.0543171919036638,0.015136262971978676,0.03918092893168512,-0.07737637714578527,-0.0035324047806430947,-0.07384397236514217,-0.14957724827056107,0.04264509398393024,-0.1922223422544913,-0.19077632590315152,0.10600874865018195,-0.29678507455333347,-0.18759928260312586,0.12544612625144125,-0.3130454088545671,-0.22423776582116328
2026-05-12,QCOM,210.31,True,-0.15163372327551428,True,-0.06989681898150346,-0.006028339971280605,-0.06386847901022286,-0.09086586467595459,-0.017272210030073953,-0.07359365464588064,-0.2018448956302601,0.04752228453764662,-0.2493671801679067,,,,,,,-0.32057439018591605
2013-02-19,REGN,160.42,True,-0.1509923260121725,True,0.0075427004114201335,-0.021076672104404448,0.02861937251582458,0.09263184141628233,0.008874388254486165,0.08375745316179617,0.7087021568382996,0.08398042414355622,0.6247217326947434,0.5584715122802644,0.10479608482871128,0.4536754274515531,1.0196359556165069,0.2007830342577488,0.8188529213587581,-0.03902256576486718
2013-06-03,REGN,236.07,True,-0.16873833585689646,True,0.07099589104926518,0.0027380590203833766,0.0682578320288818,-0.025119667895115882,-0.018192881046546927,-0.0069267868485689554,0.013131698225102628,-0.006206267112868757,0.019337965337971386,0.16355318337781166,0.085914207484028,0.07763897589378366,0.30029228618630066,0.17237602677213282,0.12791625941416784,-0.12610666327784126
2013-12-11,REGN,270.02,True,-0.1557389863364913,True,0.006295829938523179,0.016674127126230953,-0.010378297187707775,0.016146952077623844,0.03032676812891677,-0.014179816051292926,0.2175764758166061,0.047616383169203136,0.16996009264740297,0.14265609954818181,0.08801477170993732,0.05464132783824449,0.6023627879416342,0.1552708146821844,0.4470919732594498,-0.04566328420117027
2014-04-03,REGN,298.6,True,-0.1528837697523333,True,-0.01667782987273947,-0.02899856862641148,0.012320738753672011,-0.01677829872739467,-0.0030217886868472155,-0.013756510040547454,-0.05401875418620228,0.03758681015745102,-0.0916055643436533,0.2203951774949766,0.05794412341621169,0.16245105407876492,0.47749497655726714,0.09049461909558398,0.38700035746168315,-0.09745478901540527
2015-08-24,REGN,504.58,True,-0.16726354529401077,True,0.01767806888897705,0.04311345646437981,-0.025435387575402757,0.05073526497284875,0.023271767810026267,0.02746349716282248,0.13145586428316625,0.08427440633245387,0.04718145795071238,-0.22359189821237468,0.0014775725593667577,-0.22506947077174144,-0.19873954576083075,0.15324538258575204,-0.3519849283465828,-0.1368663046494114
2017-08-10,REGN,460.08,True,-0.1535645294821083,True,0.008563728047296104,-0.002748605185428188,0.011312333232724292,0.024800034776560675,0.011568756153593762,0.013231278622966913,-0.11230655538167267,0.060264194289465056,-0.17257074967113772,-0.24841331942270906,0.1551526091237283,-0.40356592854643736,-0.18651104155798992,0.17106990482441753,-0.35758094638240745,-0.14241001564945222
2022-05-06,REGN,623.05,True,-0.1663990795001472,True,0.036064521306476305,-0.0233869791413428,0.059451500447819106,-0.022502206885482656,0.0010939855107698904,-0.023596192396252547,-0.022919508867667027,0.007560655418874962,-0.03048016428654199,0.1634379263301502,-0.0762386347060825,0.2396765610362327,0.22317631008747307,0.0031360917975398195,0.22004021828993325,-0.13648984832677946
2024-10-03,REGN,1014.59,True,-0.16232661822985472,True,-0.015346100395233542,0.014634919516748113,-0.029981019911981655,-0.173853477759489,0.0014441196153709424,-0.17529759737485995,-0.30751337978888027,0.035926878236060666,-0.34344025802494094,-0.37180535980051055,-0.02141523722306382,-0.3503901225774467,-0.408628115790615,0.17856010707618597,-0.587188222866801,-0.3169654737381603
2026-04-22,RTX,180.91,True,-0.15659673659673656,True,-0.044884196561826295,0.0005202401541035684,-0.04540443671592986,-0.033497319108949264,0.042237876295327714,-0.07573519540427698,0.07478856890166385,0.043418962050589816,0.03136960685107404,,,,,,,-0.055994693494002545
2014-02-03,SBUX,34.485,True,-0.16400000000000003,True,0.08452950558213712,0.03353045874720095,0.05099904683493617,0.03900246483978531,0.07699374174656959,-0.03799127690678428,0.02392344497607657,0.08118504908996971,-0.05726160411389314,0.14165579237349557,0.13521272320146993,0.0064430691720256394,0.26910250833695804,0.14514554745363717,0.12395696088332087,-0.015079019863708742
2015-08-24,SBUX,50.34,True,-0.15138233310856364,True,0.0868096940802543,0.04311345646437981,0.04369623761587449,0.13468414779499382,0.023271767810026267,0.11141237998496756,0.20282081843464428,0.08427440633245387,0.11854641210219041,0.12058005562177176,0.0014775725593667577,0.119102483062405,0.09137862534763586,0.15324538258575204,-0.06186675723811619,0.01410409217322206
2017-07-28,SBUX,54.0,True,-0.16756590103283497,True,0.026666666666666616,0.002025029362925812,0.024641637303740804,0.006666666666666599,-0.009517638005751006,0.016184304672417604,0.0050000000000001155,0.0372605402778341,-0.03226054027783398,0.13444444444444437,0.1356769673160263,-0.0012325228715819314,-0.047222222222222165,0.14754363938277093,-0.1947658616049931,-0.026296296296296373
2019-10-02,SBUX,84.32,True,-0.1544324107501004,True,0.01814516129032251,0.011143511768381575,0.007001649521940934,-0.0015417457305502147,0.055821703811705925,-0.05736344954225614,0.04518500948766602,0.12080816496563229,-0.07562315547796628,-0.2195208728652751,-0.14326876345205863,-0.07625210941321647,0.00569259962049351,0.15382212039158505,-0.14812952077109154,-0.039018026565464825
2014-10-10,SCHW,26.23,True,-0.15387096774193543,True,-0.014868471216164747,-0.010863860606696751,-0.004004610609467996,0.08959207014868453,0.06717749553899455,0.022414574609689986,0.09378574151734664,0.06177180644484093,0.03201393507250572,0.14258482653450244,0.09074210139603234,0.0518427251384701,0.08006099885627127,0.055998740421958626,0.024062258434312644,-0.10979794128860076
2015-08-24,SCHW,29.55,True,-0.17273236282194848,True,0.028087986463620984,0.04311345646437981,-0.015025470000758823,-0.04128595600676832,0.023271767810026267,-0.06455772381679459,0.11032148900169214,0.08427440633245387,0.026047082669238275,-0.20203045685279197,0.0014775725593667577,-0.20350802941215873,0.030456852791878042,0.15324538258575204,-0.122788529793874,-0.1065989847715737
2018-06-29,SCHW,51.1,True,-0.1514447027565592,True,0.015655577299412915,0.024402831023296878,-0.008747253723883963,0.004305283757338518,0.03195959893836631,-0.02765431518102779,0.010176125244618417,0.07177086405190214,-0.06159473880728372,-0.22465753424657542,-0.08887496313771748,-0.13578257110885794,-0.21350293542074372,0.08006487761722214,-0.29356781303796586,-0.03816046966731901
2022-03-01,SCHW,77.86,True,-0.19098088113050704,True,-0.02787053686103269,-0.03193171775431425,0.004061180893281557,0.17159003339327006,0.07342201962882,0.09816801376445006,-0.1548933984073979,-0.07584073677845482,-0.07905266162894309,-0.06819933213460061,-0.03867621749848826,-0.029523114636112346,0.0007706139224248343,-0.07842225219777665,0.07919286612020149,-0.2097354225533008
2013-03-01,SPGI,44.7114,True,-0.19379070589338387,True,0.0063496110611611645,0.021892051804615065,-0.0155424407434539,0.09077550691769898,0.025902307540595526,0.06487319937710345,0.1510800377532353,0.09328775228453101,0.057792285468704296,0.2537048716882049,0.08184866215238973,0.17185620953581515,0.6862053078185877,0.221615935835908,0.4645893719826797,-0.014810540488555457
2018-10-10,SPGI,172.3463,True,-0.16170431336345448,True,0.04644021948832089,0.0077254761049225795,0.03871474338339831,0.024976457283968356,0.009737693136902648,0.015238764147065709,-0.03809655327674588,-0.07736255839022643,0.03926600511348055,0.16731603753605384,0.031908012935680796,0.13540802460037304,0.36570207773535035,0.04660438375853393,0.3190976939768164,-0.13992467491324168
2020-02-28,SPGI,251.5705,True,-0.15028424568581888,True,0.019367135653822753,0.004050496185782793,0.015316639468039961,-0.09837918197880913,-0.1446027138324445,0.04622353185363537,0.1746079130899687,0.009518666036589352,0.16508924705337935,0.3467338181543542,0.13829069060959975,0.20844312754475447,0.24308971043902194,0.2905218389252684,-0.04743212848624645,-0.300289580853081
2020-10-30,SPGI,305.3264,True,-0.1504197448418827,True,0.0980075748444944,0.07233417039260126,0.025673404451893145,0.09001317933857012,0.10877687266491076,-0.018763693326340647,-0.011650482893061254,0.15645862681447897,-0.16810910970754023,0.18963214448537702,0.2788938568016168,-0.0892617123162398,0.4548073799055701,0.4035646475163839,0.051242732389186196,-0.059585414166609896
2022-01-25,SPGI,377.9849,True,-0.17488273261814502,True,0.04487771866018986,0.042534582364720075,0.002343136295469783,-0.06547695423811906,-0.028816719221120057,-0.036660235016999,-0.021775737602216294,0.008262941054618222,-0.030038678656834517,-0.10609974102140052,-0.0971298363523374,-0.008969904669063111,-0.07961852444370121,-0.07887771307570146,-0.0007408113679997497,-0.09008084714495201
2020-02-28,SYK,190.59,True,-0.1577993813521874,True,-0.024712734141350556,0.004050496185782793,-0.02876323032713335,-0.16459415499239205,-0.1446027138324445,-0.019991441159947554,-0.022509050842121736,0.009518666036589352,-0.03202771687871109,-0.02355842384175455,0.13829069060959975,-0.1618491144513543,0.289574479248649,0.2905218389252684,-0.0009473596766194081,-0.3465554331287056
2025-04-08,SYK,337.37,True,-0.16942810015017606,True,0.02795150724723605,0.08284321624234603,-0.05489170899510998,0.1383940480777781,0.1302570093457942,0.008137038731983903,0.1634407327266798,0.2501611343860779,-0.0867204016593981,0.09574058155734066,0.34180631646793413,-0.24606573491059347,0.007825236387349221,0.3616057041572671,-0.3537804677699179,-0.021845451581349873
2018-11-20,TJX,46.82,True,-0.17337570621468923,True,0.0219991456642461,0.039603210661820265,-0.017604064997574165,-0.09376334899615546,-0.06417537482962299,-0.02958797416653247,0.07881247330200769,0.05410419506285025,0.024708278239157444,0.12537377189235355,0.0892776010904135,0.03609617080194005,0.2951730029901751,0.18101620475541425,0.11415679823476088,-0.1138402392140111
2020-03-12,TJX,49.36,True,-0.24003079291762897,True,-0.15619935170178278,-0.030631574704768183,-0.1255677769970146,-0.011142625607779566,0.12127685300874602,-0.1324194786165256,0.16329011345218802,0.3026480190238199,-0.13935790557163186,0.1197325769854134,0.42114384748700173,-0.30141127050158834,0.3290113452188006,0.5701906412478335,-0.24117929602903287,-0.3371150729335495
2015-08-25,TMO,120.05,True,-0.1500884955752213,True,0.011661807580174877,0.024029476157419793,-0.012367668577244917,0.038067471886714,0.033801463128103615,0.0042660087586103845,0.1472719700124947,0.11459390185293938,0.03267806815955532,0.08871303623490201,0.0299567469429165,0.05875628929198551,0.28271553519366943,0.16692476104020937,0.11579077415346006,-0.024573094543940077
2016-02-08,TMO,121.94,True,-0.15113122171945703,True,0.04494013449237344,0.023514184014669537,0.021425950477703903,0.14056093160570793,0.07000323589688295,0.07055769570882497,0.18541905855338703,0.10565203322187466,0.07976702533151236,0.3026078399212728,0.17096321863876618,0.13164462128250665,0.2418402493029359,0.23686765181749547,0.004972597485440433,-0.009922912907987524
2018-12-21,TMO,215.79,True,-0.15013193651293766,True,0.03707308030956025,0.03830494391358541,-0.001231863604025163,0.11895824644330144,0.09434981304528467,0.02460843339801677,0.25608230223828743,0.18292480265891164,0.07315749957937578,0.3250382316140694,0.2022019110926465,0.1228363205214229,0.49798415125816775,0.3331948483589531,0.16478930289921467,-0.03452430603827794
2020-02-28,TMO,290.8,True,-0.15035353240226723,True,0.07004814305364504,0.004050496185782793,0.06599764686786225,-0.05660247592847334,-0.1446027138324445,0.08800023790397116,0.1436382393397524,0.009518666036589352,0.13411957330316304,0.4464236588720769,0.13829069060959975,0.30813296826247716,0.5525103163686382,0.2905218389252684,0.26198847744336984,-0.13958046767537824
2020-11-20,TMO,451.04,True,-0.15308785699532457,True,0.030906349769421748,0.018940140151408658,0.01196620961801309,0.026250443419652214,0.03526299496242946,-0.009012551542777247,0.06167967364313576,0.0976557003348999,-0.03597602669176414,0.004168144732174417,0.16939183294402382,-0.1652236882118494,0.41368836466832204,0.32195423972082304,0.091734124947499,-0.03385509045760915
2022-01-25,TMO,567.75,True,-0.15556117440580663,True,0.04678115367679436,0.042534582364720075,0.004246571312074288,-0.06899163364156757,-0.028816719221120057,-0.040174914420447516,0.02233377366798761,0.008262941054618222,0.014070832613369388,-0.0543901365037428,-0.0971298363523374,0.0427396998485946,0.022844561867018998,-0.07887771307570146,0.10172227494272046,-0.0947776309995596
2014-08-07,TMUS,29.86,True,-0.15887323943661968,True,-0.03918285331547211,0.024760508820603988,-0.0639433621360761,0.02712659075686541,0.052766581165262005,-0.025639990408396596,-0.022438044206296026,0.05564571009789043,-0.07808375430418646,-0.010381781647689214,0.057373187457467445,-0.06775496910515666,0.3643670462156732,0.09967020886771705,0.2646968373479561,-0.17950435365036832
2015-11-27,TMUS,36.89,True,-0.15058715173842963,True,-0.039034968826240135,0.00028631418209590365,-0.03932128300833604,0.07834101382488479,-0.020757778201946908,0.0990987920268317,0.03984819734345346,-0.06690208054972324,0.1067502778931767,0.13038763892653837,-0.019421645352166395,0.14980928427870477,0.47302792084575773,0.05315899980912375,0.419868921036634,-0.09921387910002721
2020-03-09,TMUS,79.75,True,-0.21312284163788842,True,-0.0403761755485893,-0.12536921562192327,0.08499304007333397,0.07949843260188083,-0.03416839878933742,0.11366683139121825,0.26909090909090905,0.1383874849578821,0.13070342413302694,0.44501567398119124,0.27021113663712937,0.17480453734406187,0.5633855799373042,0.3989352003792437,0.16445037955806052,-0.20376175548589337
2021-09-15,TMUS,127.07,True,-0.1539946737683089,True,0.005193987565908609,-0.022372063945699683,0.02756605151160829,-0.08349728496104514,-0.028355809591854908,-0.05514147536919023,-0.10293538994255136,0.041238724658390735,-0.1441741146009421,-0.06130479263398125,-0.07062159507010801,0.009316802436126759,0.08396946564885499,-0.12230954720014287,0.20627901284899786,-0.16030534351145032
2025-04-25,TMUS,232.77,True,-0.1581250678143875,True,0.06920994973579053,0.029275025424960077,0.039934924310830455,0.04343343214331741,0.051703472323114896,-0.008270040179797489,0.004983460067878198,0.15176885079180602,-0.14678539072392782,-0.027151265197405294,0.19976754322243218,-0.22691880841983747,-0.1846028268247626,0.2965639982565742,-0.4811668250813368,-0.05486102160931394
2013-07-16,TSLA,7.27,True,-0.18167492120666373,True,0.12554332874828078,0.009670487106017145,0.11587284164226364,0.3336038514442916,0.012476122254059252,0.32112772919023236,0.5477303988995876,-0.01146131805157602,0.5591917169511637,0.34800550206327396,0.08858643744030559,0.2594190646229684,1.0788583218707015,0.17956064947468953,0.899297672396012,-0.041719394773039764
2013-10-23,TSLA,10.9667,True,-0.15424124873714973,True,-0.03209716687791231,0.009852781119321863,-0.04194994799723417,-0.2637712347378883,0.02234060835195062,-0.28611184308983895,0.07404232813882028,0.05504955032365255,0.018992777815167727,0.21039145777672408,0.06621985449962775,0.14417160327709633,0.43063090993644404,0.11170304175975243,0.3189278681766916,-0.2942270692186345
2014-03-24,TSLA,14.678,True,-0.16917137892192646,True,-0.05322932279602133,0.008520735587553174,-0.0617500583835745,-0.0069491756370078095,0.013266461737582835,-0.020215637374590645,0.03156424581005579,0.05840478886911504,-0.026840543059059252,0.26810873415996705,0.07388232756296165,0.1942264065970054,-0.10033383294726816,0.13471390821334195,-0.2350477411606101,-0.1950742607984739
2014-09-25,TSLA,16.4633,True,-0.15259934115709284,True,0.018100866776405544,-0.009982683100743683,0.028083549877149228,-0.04721410652785285,-0.007181419985738957,-0.04003268654211389,-0.11200670582447014,0.05184883365590309,-0.16385553948037324,-0.2077347797829111,0.06702658653356419,-0.2747613663164753,0.057139212673036344,-0.013955383518386544,0.07109459619142289,-0.21988301251875386
2015-10-01,TSLA,15.992,True,-0.16316064887493453,True,-0.054858679339669925,0.04725966793317027,-0.1021183472728402,-0.11776513256628318,0.08692031437047842,-0.2046854469367616,-0.0455665332666334,0.06807890490813517,-0.11364543817476858,-0.05056903451725869,0.05720085358871607,-0.10776988810597476,-0.14011380690345177,0.12756987456409719,-0.26768368146754895,-0.15791020510255138
2017-07-05,TSLA,21.806,True,-0.1547832693135084,True,0.007429147940933634,0.005107715121308143,0.0023214328196254908,-0.003668715032559944,0.019236314206862337,-0.02290502923942228,0.03824635421443645,0.031222968241545468,0.007023385972890983,-0.005778226176281764,0.10190715492029478,-0.10768538109657655,0.024396954966523055,0.11982534909585207,-0.09542839412932902,-0.07325048151884805
2017-10-25,TSLA,21.7227,True,-0.16367521367521365,True,-0.014611443328867879,0.00861765051510055,-0.02322909384396843,-0.04063491186638857,0.017509499001135964,-0.05814441086752453,0.08270610927739197,0.10967918837400625,-0.026973079096614283,-0.07906015366413943,0.053272748638802936,-0.13233290230294237,-0.09728993173040179,0.07176152610756414,-0.16905145783796593,-0.10192103191592194
2020-02-05,TSLA,48.98,True,-0.2417874497092074,True,0.04435892200898328,0.013699453223577462,0.03065946878540582,-0.01382809309922406,-0.09132968815718334,0.07750159505795928,-0.04543282972641893,-0.15042360151415002,0.10499077178773109,1.0096508779093507,-0.035119870215706284,1.044770748125057,4.9397713352388735,0.1462777143543832,4.79349362088449,-0.5229216006533279
2020-07-13,TSLA,99.804,True,-0.1659786405495295,True,0.09748406877479865,0.030110532333883944,0.0673735364409147,-0.05242976233417507,0.0658429678566892,-0.11827273019086426,0.38264298024127297,0.06381018930250293,0.31883279093877004,1.356852430764298,0.18752382162368186,1.169328609140616,1.1941335016632602,0.38330580612374554,0.8108276955395146,-0.08821289727866621
2020-10-06,TSLA,137.9933,True,-0.17614317177592154,True,0.07891687494972577,0.04538261726330872,0.033534257686417046,0.023962757612145058,0.00328426835458151,0.020678489257563548,0.7045994262040258,0.11629295673722861,0.5883064694667972,0.5353883123311058,0.17854477054906992,0.3568435417820359,0.8878452794447265,0.27978980682530663,0.6080554726194198,-0.08423090106548647
2021-02-22,TSLA,238.1667,True,-0.20646359467609898,True,0.005500349125213466,0.006588636539803128,-0.0010882874145896615,-0.06228158680453644,0.014365811435806064,-0.0766473982403425,-0.19122488576278718,0.06436193576725335,-0.25558682153004053,0.010846604500125423,0.15006588636539808,-0.13921928186527266,0.29235825159436635,0.15391571712787133,0.13844253446649502,-0.24494062352125623
2021-11-09,TSLA,341.1667,True,-0.17691335057673552,True,0.030512942793068598,0.004065214600539102,0.026447728192529496,0.044416116813276396,0.004578715392186128,0.03983740142109027,-0.0978800099775271,-0.03996747828319569,-0.057912531694331415,-0.11162695538573952,-0.10911891822499897,-0.0025080371607405505,-0.42233518101268375,-0.18706405922375802,-0.23527112178892573,-0.2261750633927636
2025-02-03,TSLA,383.68,True,-0.21463953821590864,True,-0.08587885738115097,0.011844020275356915,-0.09772287765650789,-0.2909716430358632,-0.03498000903357479,-0.2559916340022884,-0.2645954962468724,-0.0723187848169029,-0.1922767114299695,-0.151402210175146,0.06552687488498932,-0.2169290850601353,0.09937969140950798,0.1633404152098632,-0.06396072380035522,-0.44159195162635534
2026-01-20,TSLA,419.25,True,-0.15953330794058096,True,0.02778771615980924,0.026432303196670448,0.0013554129631387912,-0.01891472868217059,0.012854570678000998,-0.03176929936017159,-0.07239117471675616,0.03553823902712594,-0.1079294137438821,-0.05502683363148475,0.10958115646860889,-0.16460799010009364,,,,-0.19561121049493135
2018-02-07,TXN,101.98,True,-0.1554451345755693,True,0.0068640909982349285,0.007173011544065355,-0.0003089205458304267,0.07364189056677772,0.024022116785594294,0.04961977378118343,0.026573838007452277,-0.006164306795681362,0.03273814480313364,0.09158658560502042,0.051032988381215505,0.040553597223804916,0.04412629927436762,0.018941233608547714,0.025185065665819906,-0.04893116297313205
2020-02-27,TXN,113.13,True,-0.16632277081798086,True,0.014054627419782584,0.01663809619844714,-0.002583468778664555,-0.04746751524794479,-0.12204631777083119,0.0745788025228864,0.0026518164942987976,-0.006957749319350559,0.009609565813649357,0.23141518606912403,0.1382474538670968,0.09316773220202723,0.5856978697074162,0.31682968639709586,0.26886818331032036,-0.1771413418191461
2024-04-19,UBER,69.2,True,-0.157535914292671,True,-0.0021676300578035157,0.026456094999596003,-0.02862372505739952,-0.051011560693641655,0.06925034332337021,-0.12026190401701187,-0.008381502890173365,0.12476775183778988,-0.13314925472796324,0.1260115606936416,0.16352290168834305,-0.037511340994701436,0.0537572254335259,0.03780596170934647,0.015951263724179432,-0.09089595375722548
2024-10-31,UBER,72.05,True,-0.17183908045977014,True,0.014989590562109578,0.04742895329206531,-0.032439362729955734,-0.0012491325468425574,0.059633511536297146,-0.0608826440831397,-0.07578070784177648,0.06401238041643209,-0.13979308825820858,0.08716169326856349,-0.03128517163759137,0.11844686490615486,0.33934767522553777,0.1994583567810917,0.13988931844444608,-0.17654406662040245
2025-11-20,UBER,83.36,True,-0.18266496715364244,True,0.050143953934741026,0.04729284477342044,0.0028511091613205863,-0.04858445297504799,0.04300185432087433,-0.09158630729592232,-0.125,0.04896326605673318,-0.17396326605673318,-0.09920825335892514,0.13277550457450227,-0.2319837579334274,,,,-0.17202495201535517
2018-03-23,UNH,212.55,True,-0.1524781689860042,True,0.02187720536344373,-0.002247626428986571,0.0241248317924303,0.10251705481063267,0.03301685719821723,0.06950019761241544,0.1904022582921665,0.06762255376864945,0.12277970452351705,0.24907080686897198,0.12702964541755457,0.12204116145141741,0.1625029404845919,0.08215462119744221,0.0803483192871497,0.0068219242531168955
2018-12-20,UNH,242.44,True,-0.15801903174272414,True,0.01567398119122254,0.0023465630942267612,0.01332741809699578,0.09590001649892765,0.06347857749726926,0.03242143900165839,0.033245339052961675,0.1390945503095038,-0.10584921125654212,0.012085464444811178,0.1702876562689648,-0.15820219182415363,0.20813397129186595,0.29299672290326484,-0.08486275161139889,-0.04384590001649891
2020-02-27,UNH,253.92,True,-0.17211698346972704,True,0.11436672967863881,0.01663809619844714,0.09772863348019167,0.005789224952740923,-0.12204631777083119,0.12783554272357212,0.141855702583491,-0.006957749319350559,0.14881345190284156,0.24767643352236934,0.1382474538670968,0.10942897965527254,0.308325456836799,0.31682968639709586,-0.008504229560296839,-0.2607120352867044
2022-06-13,UNH,469.7,True,-0.15107809647743498,True,0.022610176708537377,0.0001866666666665573,0.02242351004187082,0.0671492441984245,0.010213333333333185,0.05693591086509131,0.12307856078347879,0.06767999999999996,0.05539856078347882,0.14149457100276774,0.08509333333333347,0.05640123766943428,0.04873323397913554,0.15680000000000005,-0.10806676602086451,-0.042580370449222915
2018-10-24,UNP,140.45,True,-0.15202559922719316,True,0.0410822356710574,0.0200135685210312,0.0210686671500262,0.025987896048415893,-0.001130710085934017,0.02711860613434991,0.09882520469918132,-0.007198854213779415,0.10602405891296074,0.2578141687433251,0.09309513040856321,0.16471903833476187,0.21060875756496977,0.13025780189959302,0.08035095566537676,-0.088074047703809
2019-10-02,UNP,152.02,True,-0.15797053284590667,True,0.007959479015918758,0.011143511768381575,-0.0031840327524628176,0.10478884357321383,0.055821703811705925,0.048967139761507905,0.1933298250230231,0.12080816496563229,0.0725216600573908,-0.12570714379686887,-0.14326876345205863,0.017561619655189764,0.2974608604131035,0.15382212039158505,0.14363874002151844,-0.019273779765820342
2020-02-27,UNP,159.62,True,-0.15527095681625747,True,-0.02919433654930459,0.01663809619844714,-0.04583243274775173,-0.10731737877458958,-0.12204631777083119,0.014728938996241614,0.03470743014659816,-0.006957749319350559,0.04166517946594872,0.19471244204986826,0.1382474538670968,0.05646498818277146,0.32282921939606557,0.31682968639709586,0.005999532998969714,-0.3416865054504449
2020-10-28,UNP,173.37,True,-0.17814648020858015,True,0.07711830189767555,0.05167452396987682,0.025443777927798727,0.19536251946703587,0.11020633074144359,0.08515618872559227,0.15389052315856255,0.17489132431274101,-0.02100080115417846,0.25731095345215427,0.2620767770770831,-0.004765823624928833,0.38847551479494724,0.39582440457968504,-0.0073488897847378,-0.010786179846570931
2022-06-16,UNP,208.19,True,-0.2536387753638776,True,0.036457082472741265,0.06390290467748527,-0.027445822204744008,0.009750708487439308,0.04172916950770489,-0.03197846102026558,0.0869398145924396,0.07213964271103235,0.014800171881407254,0.019357317834670207,0.07230328651302353,-0.05294596867835333,-0.010903501609107136,0.20714577935360712,-0.21804928096271425,-0.027907200153705736
2014-04-11,V,49.1575,True,-0.16505307855626328,True,0.06357117428673154,0.030466640956421154,0.03310453333031038,0.07664140772008343,0.04561732135970464,0.03102408636037879,0.09932360270558926,0.08600077130736605,0.013322831398223212,0.06657173371306513,0.07090518428736714,-0.004333450574302011,0.34953974469816407,0.15718142251115652,0.19235832218700755,0.007018257641255188
2016-02-08,V,67.77,True,-0.16343661276385646,True,0.049136786188578974,0.023514184014669537,0.025622602173909437,0.0420540061974326,0.07000323589688295,-0.02794922969945035,0.13722886232846387,0.10565203322187466,0.03157682910658921,0.15168953814372155,0.17096321863876618,-0.01927368049504463,0.27017854507894357,0.23686765181749547,0.033310893261448093,-0.02434705621956601
2018-12-20,V,128.76,True,-0.15043547110055433,True,0.016930723827275562,0.0023465630942267612,0.014584160733048801,0.07214973594283958,0.06347857749726926,0.008671158445570315,0.19408201304753048,0.1390945503095038,0.05498746273802668,0.3176452314383349,0.1702876562689648,0.1473575751693701,0.43600497048772935,0.29299672290326484,0.1430082475844645,-0.055607331469400445
2020-02-27,V,180.01,True,-0.1594994630433767,True,0.038608966168546255,0.01663809619844714,0.021970869970099116,-0.061829898338981115,-0.12204631777083119,0.06021641943185008,0.06027442919837789,-0.006957749319350559,0.06723217851772845,0.10554969168379524,0.1382474538670968,-0.03269776218330156,0.21898783400922173,0.31682968639709586,-0.09784185238787413,-0.2559857785678573
2020-10-28,V,180.87,True,-0.16783988957901996,True,0.07242771051031127,0.05167452396987682,0.020753186540434454,0.1659755625587438,0.11020633074144359,0.0557692318173002,0.11687952673190671,0.17489132431274101,-0.0580117975808343,0.25819649471996464,0.2620767770770831,-0.0038802823571184586,0.2816940343893404,0.39582440457968504,-0.11413037019034467,-0.009067285895947408
2025-04-08,V,308.27,True,-0.15897309979811214,True,0.08933726927693253,0.08284321624234603,0.0064940530345865,0.13488175949654546,0.1302570093457942,0.004624750150751256,0.15690790540759725,0.2501611343860779,-0.09325322897848065,0.10740584552502686,0.34180631646793413,-0.23440047094290728,0.002238297596262928,0.3616057041572671,-0.3593674065610042,-0.008531482142277835
2013-08-19,VRTX,75.28,True,-0.1631836371720764,True,0.03546758767268865,0.007464951144018794,0.028002636528669855,0.036530286928799116,0.03823511561570658,-0.001704828686907467,-0.20058448459086076,0.07398191418340705,-0.2745663987742678,0.09152497343251853,0.09249256539418571,-0.0009675919616671802,0.2072263549415514,0.18783759179462267,0.019388763146928722,-0.22874601487778956
2015-02-09,VRTX,107.88,True,-0.15514135797634898,True,0.05116796440489435,0.026780042027073403,0.024387922377820948,0.1507230255839822,0.0017104041440649809,0.14901262143991723,0.13950685947348918,0.0166642232321752,0.12284263624131397,0.25139043381535053,0.028685920930459963,0.22270451288489057,-0.19716351501668516,-0.08151297463715002,-0.11565054037953515,-0.006025213199851609
2015-08-24,VRTX,119.27,True,-0.16856047403276397,True,0.0691707889662112,0.04311345646437981,0.0260573325018314,-0.04074788295464071,0.023271767810026267,-0.06401965076466698,0.0753751991280287,0.08427440633245387,-0.008899207204425164,-0.2842290601157038,0.0014775725593667577,-0.28570663267507057,-0.17825102708141183,0.15324538258575204,-0.33149640966716387,-0.18294625639305773
2018-10-24,VRTX,163.09,True,-0.1632977631848963,True,0.0390581887301491,0.0200135685210312,0.019044620209117902,-0.017413697958182595,-0.001130710085934017,-0.016282987872248578,0.16432644552087794,-0.007198854213779415,0.17152529973465735,0.031087129805628777,0.09309513040856321,-0.06200800060293443,0.1681280274694954,0.13025780189959302,0.03787022556990238,-0.06922558096756393
2020-03-12,VRTX,204.06,True,-0.18326996197718626,True,0.05699304126237381,-0.030631574704768183,0.087624615967142,0.20851710281289826,0.12127685300874602,0.08724024980415224,0.2986866607860432,0.3026480190238199,-0.003961358237776658,0.3500441046750955,0.42114384748700173,-0.07109974281190623,0.05013231402528673,0.5701906412478335,-0.5200583272225467,-0.03229442320886011
2020-09-08,VRTX,258.61,True,-0.15509017250392043,True,0.03186265032288005,0.02088772845953013,0.010974921863349918,0.009164378794323413,0.0051619099066655405,0.004002468887657873,-0.12339043347125023,0.1007772875964108,-0.22416772106766103,-0.18000077336529918,0.16004921821073803,-0.3400499915760372,-0.2341750125671861,0.3597431049488311,-0.5939181175160172,-0.21669695680754808
2022-05-10,VRTX,240.16,True,-0.17964133219470535,True,0.09027315123251167,0.02312761532486407,0.0671455359076476,0.1431545636242506,0.03039414668370566,0.11276041694054495,0.19932544970019972,0.03603197273797898,0.16329347696222074,0.29913391072618256,-0.03227342203512995,0.3314073327613125,0.4358344437041972,0.02966749354782139,0.40616695015637583,-0.029771818787475035
2024-12-19,VRTX,396.64,True,-0.2370547049319074,True,0.030556676079064093,0.015202183927657265,0.015354492151406829,0.07906413876563123,0.03470397543081383,0.044360163334817404,0.28625453812020973,-0.03516464767104588,0.3214191857912556,0.13682432432432434,0.028288687937211954,0.10853563638711239,0.1501613553852359,0.16121822214639137,-0.01105686676115547,-0.025589955627268957
2025-05-07,VRTX,434.82,True,-0.16361468031084092,True,-0.031415298284347526,0.04711752650806389,-0.07853282479241142,0.020698219953084074,0.056847545219638196,-0.03614932526655412,0.08612759302699957,0.12477947072975137,-0.0386518777027518,-0.028586541557426126,0.22437850842020834,-0.25296504997763447,-0.01648958189595695,0.3077252071638601,-0.32421478905981704,-0.041902396393910024
2020-03-16,VZ,50.99,True,-0.1804885888781742,True,-0.013335948225142169,-0.07046070460704612,0.05712475638190395,0.14022357324965684,0.18319783197831985,-0.042974258728663006,0.13845852127868197,0.3299979153637691,-0.19153939408508713,0.18866444400862914,0.4400250156347718,-0.25136057162614267,0.09099823494802894,0.6429435063581406,-0.5519452714101116,-0.04216513041772896
2025-03-10,WFC,66.78,True,-0.18061349693251527,True,0.06079664570230614,0.01172000428127995,0.04907664142102619,-0.06903264450434266,-0.10025330907274621,0.031220664568403556,0.1287810721772984,0.0630596881800991,0.06572138399719929,0.23060796645702308,0.1506832209497304,0.07992474550729267,0.1804432464809822,0.20994327303863836,-0.029500026557656156,-0.12518718179095534
2026-02-27,WFC,81.45,True,-0.1668371522094927,True,-0.012645794966236967,-0.01983993935771655,0.007194144391479584,-0.05230202578268883,-0.07565707954926448,0.02335505376657565,-0.04825046040515657,0.09417046895727355,-0.14242092936243012,0.027624309392265234,0.11167801279902045,-0.08405370340675522,,,,-0.10644567219152856
2021-02-26,WMT,43.3067,True,-0.15449629051151892,True,-0.006158400432265676,0.008597118519297453,-0.014755518951563129,0.0401000307111834,0.04106635818698079,-0.0009663274757973905,0.09113139537300241,0.10203491429172362,-0.010903518918721211,0.14762842701013934,0.15464296981806713,-0.007014542807927793,0.03948580704602289,0.1093437795772425,-0.06985797253121961,-0.028018759222014133
2025-03-10,WMT,87.82,True,-0.16600189933523268,True,-0.004099294010475929,0.01172000428127995,-0.01581929829175588,-0.045433841949442,-0.10025330907274621,0.05481946712330421,0.13129127761329995,0.0630596881800991,0.06823158943320085,0.10430425871099991,0.1506832209497304,-0.0463789622387305,0.41585060350717384,0.20994327303863836,0.2059073304685355,-0.09120929173309034
2026-06-01,WMT,114.6,True,-0.15211601065403968,True,0.04563699825479928,-0.02546998180715576,0.07110698006195504,-0.011692844677137826,-0.015516650407361499,0.0038238057302236728,-0.08952879581151829,0.009940148179397257,-0.09946894399091555,,,,,,,-0.10863874345549729
2023-03-15,XOM,101.62,True,-0.15054752152470108,True,0.02922653021058852,0.007269831483764921,0.021956698726823598,0.13924424325920093,0.062140361693382884,0.07710388156581804,0.056780161385554084,0.10434648581997541,-0.047566324434421325,0.12684510923046655,0.14627003699136876,-0.01942492776090221,0.07783900806927768,0.3254469790382246,-0.24760797096894693,-0.03542609722495582
2023-07-14,XOM,100.94,True,-0.15827218145430288,True,0.02922528234594801,0.006454772079772075,0.022770510266175936,0.10788587279572015,-0.008079594017094016,0.11596546681281417,0.09887061620764825,-0.037816061253561184,0.13668667746120944,0.0136714880126807,0.040064102564102644,-0.026392614551421945,0.12215177333069138,0.2464164886039888,-0.12426471527329741,-0.007132950267485616
2023-11-16,XOM,102.46,True,-0.15111847555923785,True,0.020593402303337838,0.01126091108988736,0.009332491213450478,-0.01522545383564311,0.042422761699575595,-0.057648215535218705,-0.015811048213937084,0.10736734557892635,-0.12317839379286344,0.15127854772594174,0.15683095306843176,-0.005552405342490019,0.17665430411868055,0.3178819714368213,-0.14122766731814074,-0.06529377317977747
2024-12-18,XOM,106.42,True,-0.15766977995884124,True,0.0006577710956585658,0.025687384867298935,-0.02502961377164037,0.047453486186807003,0.02860407996179304,0.018849406225013965,0.08447660214245434,-0.03266357371904205,0.11714017586149639,0.05356136064649508,0.018284778604080065,0.03527658204241502,0.09509490697237366,0.1538343453639901,-0.05873943839161644,-0.025841007329449384
