,ticker,close,ret3y,sma200_rising,strong,hi252,dd,fresh,r5,spy5,x5,r20,spy20,x20,r60,spy60,x60,r120,spy120,x120,r250,spy250,x250,worst60
2014-12-17,AA,36.1651,0.6834444299625748,True,True,42.6533,-0.1521148422279167,True,0.04784170374200536,0.029634768819069457,0.018206934922935902,0.015282689664897875,-0.0007929035135536555,0.01607559317845153,-0.13222416086226785,0.030576341741414437,-0.16280050260368228,-0.1966758007028877,0.048763566083552146,-0.24543936678643985,-0.3940179897193703,0.016056296149462357,-0.41007428586883266,-0.13554780714003278
2018-02-22,AA,48.01,0.2881501455574784,True,True,57.5,-0.16504347826086962,True,-0.06123724224119975,-0.009985207100591698,-0.051252035140608054,-0.06436159133513841,-0.024889053254437687,-0.039472538080700725,0.05873776296604882,0.003439349112426049,0.055298413853622774,-0.08081649656321588,0.04992603550295849,-0.13074253206617437,-0.383878358675276,0.02596153846153859,-0.40983989713681457,-0.09006456988127465
2018-05-18,AA,50.83,0.6171829265188729,True,True,62.35,-0.18476343223736968,True,-0.0570529215030493,0.0030221501492646574,-0.06007507165231396,-0.09935077710013762,0.019275421073968957,-0.11862619817410658,-0.131811922093252,0.046327350458850836,-0.17813927255210282,-0.2754278969112729,0.03567611395717396,-0.31110401086844686,-0.5180011804052724,0.053477315446135654,-0.5714784958514081,-0.21247294904583902
2018-08-14,AA,44.13,0.9725637965483487,True,True,62.35,-0.2922213311948677,False,-0.024926353954226155,0.008594575554772721,-0.033520929508998876,-0.04781327894856102,0.018386755899964857,-0.06620003484852588,-0.1654203489689554,-0.01017964071856281,-0.1552407082503926,-0.35304781327894863,-0.03930961606199357,-0.31373819721695506,-0.5669612508497621,0.030468474815075863,-0.597429725664838,-0.2503965556310901
2022-03-14,AA,73.5,1.6353531731803512,True,True,92.32,-0.20385615251299816,True,0.23387755102040808,0.06568345323740998,0.1681940977829981,0.12285714285714278,0.05496402877697837,0.06789311408016441,-0.15265306122448974,-0.0138609112709831,-0.13879214995350664,-0.3299319727891157,-0.05937649880095919,-0.2705554739881565,-0.3917006802721088,-0.0758752997601918,-0.315825380511917,-0.27428571428571424
2022-06-08,AA,62.28,1.8860055607043562,True,True,98.09,-0.3650728922418187,True,-0.17935131663455361,-0.07786586255532324,-0.10148545407923037,-0.2801862556197817,-0.05483682700257775,-0.22534942861720397,-0.20921644187540145,-0.04615534263897669,-0.16306109923642476,-0.2341040462427746,-0.038884295510918765,-0.19521975073185582,-0.4324020552344252,0.03727931520840433,-0.46968137044282954,-0.36472382787411695
2022-09-02,AA,49.25,1.6942013129102844,True,True,98.09,-0.497910082577225,False,0.06274111675126903,0.047751376708137894,0.014989740043131139,-0.2408121827411167,-0.06534264735875994,-0.17546953538235677,-0.03147208121827405,0.007622883948602999,-0.03909496516687705,-0.024568527918781724,0.013996532735060185,-0.03856506065384191,-0.36852791878172586,0.1502906383846625,-0.5188185571663884,-0.318781725888325
2026-04-30,AA,63.79,0.7843356643356643,True,True,75.7,-0.15733157199471604,True,-0.018027904060197497,0.01797790332006799,-0.03600580738026549,0.21711867063803103,0.05262572009016786,0.16449295054786317,-0.3045931964257721,0.03089082459020953,-0.3354840210159816,,,,,,,-0.32998902649318074
2026-08-21,AA,51.85,0.7690208120095532,True,True,84.38,-0.3855178952358378,True,-0.02950819672131144,0.004740636263908415,-0.03424883298521986,,,,,,,,,,,,,-0.05988428158148518
2013-02-25,AAL,13.02,0.8363892806770099,True,True,15.64,-0.1675191815856778,True,0.06758832565284179,0.02630872483221469,0.041279600820627094,0.2749615975422428,0.03993288590604016,0.23502871163620265,0.3786482334869432,0.12194630872483203,0.2567019247621112,0.20737327188940102,0.11664429530201348,0.09072897658738754,1.7780337941628268,0.23416107382550333,1.5438727203373235,-0.02457757296466978
2013-06-06,AAL,16.64,0.9371362048894063,True,True,19.7,-0.15532994923857857,True,0.022235576923076872,0.009094819639894336,0.013140757283182536,0.012019230769230616,0.0017820930375469501,0.010237137731683665,-0.028846153846153855,0.005653536532907344,-0.0344996903790612,0.45673076923076916,0.10999815645547839,0.34673261277529077,1.5733173076923075,0.18718122042647334,1.3861360872658341,-0.08173076923076927
2013-08-30,AAL,16.16,0.8218714768883879,True,True,19.7,-0.17969543147208122,False,0.08106435643564347,0.02432019553926046,0.05674416089638301,0.1732673267326732,0.026642224259089353,0.14662510247358385,0.5,0.10375802016498614,0.39624197983501386,1.2679455445544554,0.12991139627253268,1.1380341482819227,1.4238861386138613,0.22297586312251738,1.2009102754913439,-0.0030940594059406523
2014-04-11,AAL,33.68,3.241813602015113,True,True,39.88,-0.15546639919759286,True,0.05908551068883616,0.030466640956421154,0.02861886973241501,0.16953681710213786,0.04561732135970464,0.12391949574243322,0.24673396674584325,0.08600077130736605,0.1607331954384772,0.007422802850356236,0.07090518428736714,-0.0634823814370109,0.4171615201900236,0.15718142251115652,0.2599800976788671,-0.05403800475059384
2014-08-04,AAL,38.14,5.399328859060403,True,True,44.88,-0.15017825311942967,True,-0.004457262716308419,-0.00046418072102727415,-0.003993081995281145,0.06187729417933929,0.03465882717004498,0.02721846700929431,0.05506030414263252,0.0233121873227089,0.03174811681992362,0.4538542212899843,0.05962143483418436,0.39423278645579996,0.051389617199790294,0.08566713084738775,-0.03427751364759746,-0.26324069218668067
2015-02-03,AAL,47.5,4.627962085308058,True,True,56.2,-0.15480427046263345,True,0.011578947368420911,0.009617262253466041,0.0019616851149548697,0.030526315789473735,0.026313220074204224,0.00421309571526951,0.01663157894736833,0.017672329623120486,-0.0010407506757521556,-0.1549473684210526,0.0095196250732279,-0.1644669934942805,-0.17094736842105263,-0.05462800234329235,-0.11631936607776028,-0.032631578947368345
2015-05-05,AAL,47.01,3.6269685039370074,True,True,56.2,-0.1635231316725979,False,0.039140608381195596,0.005169937769267552,0.033970670611928044,-0.08253563071686865,0.014456677836285126,-0.09699230855315377,-0.14337375026590082,0.00919100047869792,-0.15256475074459874,-0.028504573495001018,-0.006653901388224082,-0.021850672106776936,-0.2676026377366517,-0.004451890856869367,-0.26315074687978235,-0.19591576260370136
2015-07-30,AAL,40.27,2.598748882931189,True,True,56.2,-0.28345195729537365,False,0.04742984852247312,-0.011716155962432362,0.05914600448490548,-0.03079215296746962,-0.05478607342756847,0.02399392046009885,0.13409485969704482,-0.015700597666255534,0.14979545736330035,-0.01191954308418186,-0.11445783132530118,0.10253828824111932,-0.10106779240129127,0.027037282990228784,-0.12810507539152005,-0.15321579339458657
2015-10-23,AAL,45.67,2.981691368788143,True,True,56.2,-0.18736654804270458,False,0.012042916575432328,0.0020239988434294087,0.010018917732002919,-0.07597985548500108,0.008674280757553943,-0.08465413624255502,-0.1287497262973506,-0.1003325140957062,-0.028417212201644393,-0.1040070067878257,0.008336947616982338,-0.11234395440480804,-0.11123275673308508,0.03069731579201007,-0.14193007252509515,-0.2073571272169914
2017-09-21,AAL,46.29,0.3010118043844856,True,True,54.48,-0.15033039647577084,True,0.025923525599481634,0.0038493925177434107,0.022074133081738223,0.11276733635774461,0.025662616784955405,0.0871047195727892,0.10304601425793924,0.06864749989975549,0.03439851435818375,0.19183408943616342,0.10269056497854767,0.08914352445761575,-0.10131777921797358,0.16772925939291894,-0.2690470386108925,-0.022034996759559222
2023-08-02,AAL,15.95,0.42665474060822905,True,True,19.08,-0.16404612159329135,True,-0.011912225705329127,-0.00973052229355964,-0.0021817034117694867,-0.07398119122257052,0.001954990780441257,-0.07593618200301178,-0.30094043887147326,-0.08348699264656878,-0.21745344622490448,-0.12664576802507832,0.07833292604358744,-0.20497869406866576,-0.33291536050156734,0.22366871792593246,-0.5565840784274998,-0.31410658307210026
2025-02-21,AFRM,68.55,0.5301339285714286,True,True,82.527,-0.16936275400777934,True,-0.06418672501823475,-0.009600960096009747,-0.054585764922225,-0.2720641867250182,-0.059939327266059994,-0.2121248594589582,-0.24566010211524425,-0.008484181751508557,-0.2371759203637357,0.12355944566010213,0.0750241690835749,0.04853527657652723,-0.25470459518599553,0.14916491649164887,-0.4038695116776444,-0.5492195477753464
2025-05-19,AFRM,51.71,1.866407982261641,True,True,82.527,-0.3734171846789536,False,-0.010249468187971456,-0.0062200554761705495,-0.004029412711800906,0.15838329143299168,0.004505337480037008,0.15387795395295467,0.48946045252368964,0.08422291333949739,0.40523753918419225,0.42370914716689234,0.12796503320164754,0.2957441139652448,0.2456004641268612,0.24174161553332763,0.0038588485935335815,-0.09678978920905057
2025-09-02,AFRM,82.22,1.6327249439641371,True,True,100.0,-0.17779999999999996,True,0.07540744344441741,0.015712121448763883,0.05969532199565353,-0.11116516662612508,0.04046730285660738,-0.15163246948273246,-0.16285575285818532,0.054273978165461534,-0.21712973102364685,-0.41778156166382874,0.07353147890733602,-0.49131304057116476,-0.09450255412308439,0.1980102144407827,-0.2925127685638671,-0.2667234249574313
2025-11-25,AFRM,68.83,4.094744633604737,True,True,100.0,-0.3117,False,0.011768124364376131,0.013140351396995653,-0.0013722270326195218,0.10402440796164458,0.02275488133684922,0.08126952662479536,-0.30451837861397646,0.018266125448134884,-0.32278450406211134,-0.024843818102571413,0.09811561138929226,-0.12295942949186367,,,,-0.32346360598576196
2026-02-24,AFRM,47.87,2.5250368188512518,True,True,100.0,-0.5213000000000001,False,-0.0008355964069354238,-0.010213137411798856,0.009377541004863432,-0.06434092333402963,-0.049712664581363364,-0.014628258752666268,0.40213077083768556,0.07841710918745903,0.3237136616502265,0.5567161061207437,0.12412890085109463,0.4325872052696491,,,,-0.1206392312513056
2026-05-20,AFRM,67.12,4.24375,True,True,100.0,-0.3288,False,0.0876042908224075,0.01801011804384478,0.06959417277856272,0.10131108462455307,0.007406408094435157,0.09390467653011791,0.11025029797377828,0.04238785834738601,0.06786243962639227,,,,,,,-0.08849821215733022
2017-03-02,AMC,297.5,0.2962962962962963,True,True,356.5,-0.16549789621318378,False,-0.006722689075630228,-0.005917656440172947,-0.0008050326354572812,0.04705882352941182,-0.00830990053300884,0.05536872406242066,-0.16974789915966382,0.01443740294623752,-0.18418530210590134,-0.5680672268907563,0.030091912536198473,-0.5981591394269548,-0.4957983193277311,0.1400931716120366,-0.6358914909397677,-0.2225210084033613
2021-05-28,AMC,261.2,0.8076124567474048,True,True,367.2,-0.28867102396514166,True,1.105666156202144,0.005118560137129746,1.1005475960650142,1.2247320061255746,0.01768879154366254,1.207043214581912,0.694486983154671,0.06649366726978378,0.6279933158848872,0.6129402756508424,0.11451290353299681,0.4984273721178456,-0.545176110260337,-0.05397105037615468,-0.4912050598841823,0.09226646248085757
2021-08-24,AMC,442.6,1.3294736842105266,True,True,726.2,-0.3905260258881851,True,0.06484410302756438,0.008013929504207873,0.05683017352335651,-0.09444193402620882,-0.022568475567560364,-0.07187345845864845,-0.04812471757794856,0.04502533651807039,-0.09315005409601895,-0.5989606868504294,-0.019979016451994625,-0.5789816703984347,-0.763669227293267,-0.07728196084559236,-0.6863872664476747,-0.2376863985539992
2021-11-17,AMC,421.3,1.8582089552238807,True,True,726.2,-0.419856788763426,False,-0.07690481841917884,0.0027769470671166196,-0.07968176548629546,-0.41965345359601236,-0.003610031187251672,-0.4160434224087607,-0.5786850225492524,-0.06220361430341348,-0.5164814082458389,-0.7538571089484928,-0.16104156876148157,-0.5928155401870112,-0.8112983622122003,-0.14878027940359717,-0.6625180828086031,-0.68193686209352
2022-03-28,AMC,293.3,0.9857819905213272,True,True,726.2,-0.5961167722390526,False,-0.20525059665871126,0.0019521396766906118,-0.20720273633540187,-0.47153085577906584,-0.08731986576297956,-0.3842109900160863,-0.5891578588475963,-0.1707573863262486,-0.4184004725213477,-0.6870098874872145,-0.14774845912570467,-0.5392614283615098,-0.8448687350835322,-0.1303327411111842,-0.714535993972348,-0.6692806000681896
2022-06-16,APA,41.76,0.4581005586592177,True,True,51.95,-0.19615014436958622,True,-0.12715517241379304,0.06390290467748527,-0.1910580770912783,-0.2145593869731801,0.04172916950770489,-0.256288556480885,-0.06345785440613028,0.07213964271103235,-0.13559749711716262,0.045498084291187624,0.07230328651302353,-0.02680520222183591,-0.16977969348658994,0.20714577935360712,-0.37692547284019706,-0.2780172413793104
2022-09-13,APA,39.11,0.6405201342281879,True,True,51.95,-0.24716073147256978,False,0.012528765021733612,-0.022920376494530825,0.03544914151626444,0.03502940424443879,-0.08995166624268636,0.12498107048712515,0.11633853234466884,0.0001526329178325181,0.11618589942683633,0.0005113781641523651,0.01315186975324334,-0.012640491589090974,0.1301457427767836,0.13454591706944785,-0.004400174292664261,-0.18614165175147024
2022-12-07,APA,43.66,1.1840920460230113,True,True,51.95,-0.15957651588065458,False,0.03160787906550633,0.01587140095635342,0.015736478109152907,-0.017636280348144684,-0.012920948214467542,-0.0047153321336771414,-0.10375629867155278,0.012997253026757472,-0.11675355169831025,-0.266147503435639,0.07289653067453439,-0.33904403411017336,-0.22056802565277134,0.15667921456913203,-0.37724724022190337,-0.15071003206596423
2023-03-07,APA,39.13,0.6076417419884965,True,True,51.95,-0.24677574590952833,False,-0.10989010989010994,-0.016421020915459272,-0.09346908897465067,-0.02632251469460778,0.026112938458834556,-0.052435453153442335,-0.18119090212113476,0.05913074045245681,-0.24032164257359157,0.09634551495016597,0.11170813769553312,-0.01536262274536715,-0.22156912854587274,0.27345770457227525,-0.495026833118148,-0.21620240224891385
2023-06-01,APA,32.04,1.7314578005115089,True,True,51.95,-0.38325312800769973,False,0.06117353308364537,0.017329666682471156,0.043843866401174214,0.06647940074906367,0.05087478071215212,0.015604620036911543,0.33895131086142327,0.04964202740505419,0.2893092834563691,0.1429463171036205,0.07455786828505051,0.06838844881856998,-0.07209737827715357,0.23894078042767064,-0.3110381587048242,0.0024968789013732895
2014-02-04,BA,122.04,0.7362355953905249,True,True,144.57,-0.15584146088400075,True,0.06653556211078326,0.03757340783397001,0.028962154276813257,0.055309734513274256,0.07047152061120943,-0.01516178609793517,0.05260570304818102,0.07377843662694583,-0.021172733578764813,0.00835791543756148,0.12777239295284804,-0.11941447751528655,0.19845952146837087,0.15126289982325103,0.04719662164511984,-0.026794493608652936
2014-07-29,BA,122.32,0.7434435575826681,True,True,144.57,-0.1539046828525974,False,-0.00858404185742312,-0.02508250825082503,0.01649846639340191,0.051340745585349845,0.017161716171617325,0.03417902941373252,-0.007112491824721956,-0.02162985529322159,0.014517363468499633,0.07275997383911048,0.025945671490225974,0.04681430234888451,0.1529594506213212,0.049961919268850075,0.10299753135247114,-0.049051667756703776
2014-10-22,BA,121.45,0.9244176834099191,True,True,144.57,-0.1599225288787438,False,0.013421160971593293,0.028128081374228175,-0.014706920402634882,0.083655825442569,0.0650267268669884,0.018629098575580594,0.08044462741869074,0.048627328870206155,0.031817298548484585,0.2512968299711815,0.09175359385541548,0.15954323611576604,0.14351585014409207,0.05407649592609909,0.08943935421799298,-0.007163441745574373
2015-08-21,BA,131.71,0.7820322013259371,True,True,158.83,-0.17074859913114648,False,0.011616430035684466,0.0073295253500480495,0.004286904685636417,0.032723407486143774,-0.006925137744528187,0.03964854523067196,0.09649988611343097,0.039377243087499236,0.05712264302593173,-0.17523346746640356,-0.05661426477278475,-0.11861920269361881,0.024979120795687537,0.1063033918010412,-0.08132427100535367,-0.1258066965302559
2016-01-07,BA,133.01,0.7471430447918035,True,True,158.83,-0.1625637474028837,False,-0.02864446282234423,-0.010925019324916296,-0.017719443497427934,-0.07856552138936912,-0.031435197114145996,-0.04713032427522312,-0.044959025637170025,0.052254573563514484,-0.09721359920068451,-0.045259754905646155,0.06498325173924235,-0.11024300664488851,0.1925419141417939,0.16763720690543682,0.02490470723635707,-0.23238854221487104
2018-11-19,BA,320.94,1.1644186673860264,True,True,394.28,-0.18600994217307487,True,-0.009067115348663335,-0.002601263470828896,-0.006465851877834439,-0.004331027606406135,-0.06629505759940557,0.061964029992999436,0.29700255499470307,0.03251579338535859,0.2644867616093445,0.0769614258116782,0.05930880713489395,0.01765261867678425,0.15118090608836532,0.15949461166852452,-0.008313705580159203,-0.08870816975135531
2019-03-12,BA,375.41,2.055591730424874,True,True,446.01,-0.15829241496827418,True,-0.005274233504701575,0.010411821532076093,-0.01568605503677767,-0.016968114861085182,0.027979534151490126,-0.04494764901257531,-0.06598119389467527,0.018998890836881444,-0.08498008473155672,-0.03015369862283912,0.046370174245947915,-0.07652387286878704,-0.3948749367358355,-0.01881999355969799,-0.3760549431761375,-0.11917636717189206
2019-06-06,BA,350.64,1.752708431464908,True,True,446.01,-0.21382928633887133,False,-0.005076431667807357,0.016783707865168473,-0.02186013953297583,0.014887063655030897,0.047963483146067354,-0.03307641949103646,0.038358430298881974,0.026860955056179803,0.011497475242702171,0.06413985854437598,0.10031601123595513,-0.036176152691579144,-0.5061601642710472,0.09613764044943829,-0.6022978047204854,-0.08866643851243439
2019-08-30,BA,364.09,1.739578630549285,True,True,446.01,-0.18367301181587858,False,-0.01458430607816752,0.019661480594973524,-0.03424578667314104,0.04498887637672011,0.014771755855701896,0.030217120521018215,0.02482902579032653,0.07153359548640803,-0.0467045696960815,-0.12686423686451154,0.1024790562489315,-0.22934329311344304,-0.5215468702793266,0.19107539750384683,-0.7126222677831734,-0.10901150814359084
2019-11-25,BA,373.13,1.4955189941144997,True,True,446.01,-0.16340440797291544,False,-0.05641465440999116,-0.012190062864983808,-0.04422459154500735,-0.1075496475759119,0.025082171235281114,-0.13263181881119301,-0.14801811701015732,0.028879599195838823,-0.17689771620599615,-0.6504167448342401,-0.06828988097137567,-0.5821268638628644,-0.465012194141452,0.1338992245588282,-0.5989114187002802,-0.18870098893147147
2023-09-27,BA,195.46,0.338308798356727,True,True,243.1,-0.19596873714520768,True,-0.044663869845492754,-0.0032625278723154016,-0.04140134197317735,-0.09070909649033054,-0.019950710010562145,-0.0707583864797684,0.3405300317200448,0.10949419082267342,0.2310358408973714,-0.03929192673692827,0.22164065250557452,-0.2609325792425028,-0.22122173334697637,0.33796502757892255,-0.5591867609258989,-0.09828097820525938
2015-04-24,BBY,35.39,0.6483465300419191,True,True,42.0,-0.1573809523809524,True,-0.005933879627013305,-0.004394046775336724,-0.0015398328516765813,-0.029951963831590933,0.006331207181667908,-0.03628317101325884,-0.07516247527550168,0.00047247814788553555,-0.07563495342338722,-0.01582367900536885,-0.05839829907866767,0.04257462007329882,-0.07148912122068385,-0.012662414363335706,-0.05882670685734814,-0.08646510313647926
2015-07-21,BBY,32.73,0.7391073326248669,True,True,42.0,-0.22071428571428575,False,-0.018331805682859637,-0.011428571428571344,-0.006903234254288293,-0.009471432936144053,-0.008358913813459323,-0.0011125191226847297,0.06416131989000928,-0.058842975206611636,0.12300429509662092,-0.10082493125572867,-0.09275088547815813,-0.008074045777570538,-0.0229147571035746,0.022007083825265727,-0.04492184092884033,-0.13473877176901916
2015-10-14,BBY,34.83,0.9567415730337077,True,True,42.0,-0.1707142857142857,False,0.00028710881424065526,0.01284560188669781,-0.012558493072457155,-0.013781223083548566,0.0424005218525767,-0.056181744936125266,-0.15503875968992242,-0.03602789904159753,-0.11901086064832489,-0.13235716336491532,0.023383009684379452,-0.15574017304929477,0.10048808498420891,0.07095187917105727,0.02953620581315164,-0.17772035601492964
2017-09-19,BBY,52.76,0.5091533180778032,True,True,63.32,-0.1667719519898927,True,0.03563305534495842,-0.0035604272512701485,0.03919348259622857,0.03582259287338885,0.022002640316838074,0.013819952556550774,0.22043214556482194,0.06712805536664401,0.15330409019817792,0.3555724033358605,0.107012841540985,0.24855956179487548,0.46019711902956795,0.15749889986798404,0.3026982191615839,-0.013457164518574705
2018-03-23,BBY,66.68,0.6323133414932682,True,True,78.59,-0.15154599821860282,True,0.033593281343731185,-0.002247626428986571,0.035840907772717756,0.10227954409118167,0.03301685719821723,0.06926268689296444,0.14592081583683236,0.06762255376864945,0.07829826206818291,0.17816436712657469,0.12702964541755457,0.051134721709020114,0.05143971205758846,0.08215462119744221,-0.030714909139853752,0.010647870425914752
2018-10-08,BBY,71.38,0.9141861088763743,True,True,84.37,-0.1539646793884083,True,0.022555337629588168,-0.046626363699534434,0.0691817013291226,-0.003922667413841396,-0.050135501355013545,0.04621283394117215,-0.2609974782852339,-0.1230977694392329,-0.137899708846001,0.0009806668534604324,-0.006427628378847805,0.007408295232308237,-0.06388344073970298,0.018275310958237867,-0.08215875169794085,-0.33146539646959927
2019-01-04,BBY,52.75,0.7210440456769984,True,True,84.37,-0.37477776460827317,False,0.0712796208530806,0.02611038472205718,0.045169236131023416,0.12246445497630343,0.07753872974365073,0.0449257252326527,0.35450236966824655,0.1330480605412261,0.22145430912702047,0.29800947867298566,0.15495859582392346,0.1430508828490622,0.6551658767772512,0.2871746107215025,0.3679912660557487,0.003601895734597127
2020-02-28,BBY,75.65,0.6392199349945831,True,True,91.99,-0.177628003043809,True,-0.024190350297422558,0.004050496185782793,-0.02824084648320535,-0.17422339722405822,-0.1446027138324445,-0.029620683391613722,0.05049570389953728,0.009518666036589352,0.04097703786294793,0.47997356245869116,0.13829069060959975,0.3416828718490914,0.3607402511566422,0.2905218389252684,0.07021841223137382,-0.3640449438202248
2020-05-29,BBY,78.09,0.3242326606749195,True,True,91.99,-0.15110338080226104,False,0.056857472147522126,0.04935594111461605,0.0075015310329060725,0.08592649506979111,-0.01403128286014721,0.09995777792993832,0.5030093481879883,0.12684016824395372,0.37616917994403454,0.5241388141887564,0.1850026288117772,0.3391361853769792,0.49775899603022133,0.3770701892744479,0.12068880675577343,-0.03611217825585866
2020-12-04,BBY,105.57,0.6877697841726618,True,True,124.89,-0.15469613259668513,True,-0.04707776830538979,-0.009598485872651108,-0.03747928243273868,-0.04328881310978494,0.0040016222793022305,-0.04729043538908717,-0.06943260395945816,0.0185210220359604,-0.08795362599541856,0.10107037984275835,0.1357036636474247,-0.03463328380466635,-0.015629440181869736,0.23671758821143696,-0.2523470283933067,-0.09131382021407586
2021-03-09,BBY,105.82,0.43699076588810426,True,True,124.89,-0.15269437104652095,False,0.0721035721035721,0.02257406307306864,0.04952950903050346,0.13957663957663957,0.05015884495182976,0.08941779462480981,0.09204309204309213,0.08161789394839469,0.010425198094697441,0.1103761103761105,0.16292584652736508,-0.05254973615125458,0.0026460026460026764,0.1162280135341065,-0.11358201088810382,0.007560007560007742
2021-10-11,BBY,108.88,0.5262125035043452,True,True,128.57,-0.1531461460682897,False,0.06181116825863331,0.02875612505463665,0.03305504320399666,0.19480161645848648,0.07876877774966062,0.11603283870882586,-0.0540044085231447,0.0775035082472566,-0.1315079167704013,-0.16991182953710504,0.04193793277968205,-0.2118497623167871,-0.40732916972814104,-0.16540523131426987,-0.24192393841387116,-0.1317046289493019
2022-01-05,BBY,103.0,0.8472022955523673,True,True,141.97,-0.27449461153764876,True,-0.003106796116504773,0.005636449037106583,-0.008743245153611356,-0.057281553398058294,-0.046500704556129535,-0.010780848841928758,-0.12252427184466019,-0.03300738716426832,-0.08951688468039187,-0.34805825242718436,-0.18796703531320724,-0.1600912171139771,-0.20446601941747578,-0.1806652717878645,-0.023800747629611263,-0.169126213592233
2013-06-19,BIIB,203.8,3.1583350336665994,True,True,242.64,-0.16007253544345523,True,0.022718351324828134,-0.02025084123585197,0.0429691925606801,0.09479882237487725,0.033159987763842214,0.06163883461103503,0.1516683022571148,0.035974304068522533,0.11569399818859227,0.4042198233562315,0.10981951667176526,0.29440030668446626,0.49553483807654564,0.1919853166105845,0.30354952146596115,-0.04484789008832191
2014-03-28,BIIB,294.12,3.130898876404494,True,True,358.89,-0.18047312547019978,True,-0.01988984088127299,0.004905924847700582,-0.024795765728973573,-0.03739970080239363,0.007493665426707485,-0.04489336622910112,0.06837345301237585,0.04965227235969594,0.018721180652679914,0.12195702434380529,0.08803709094829903,0.03391993339550625,0.4583503331973344,0.10663647635991169,0.35171385683742273,-0.07513939888480903
2014-07-16,BIIB,303.74,1.8842465103029151,True,True,358.89,-0.1536682548970436,False,0.11147692105089879,0.00343503738128903,0.10804188366960976,0.10173174425495479,-0.015760759749444353,0.11749250400439915,0.05086587212747751,-0.02636896342695494,0.07723483555443245,0.10176466714953558,0.009395837542937935,0.09236882960659765,0.31757424112727994,0.06425540513235006,0.2533188359949299,-0.017877131757424114
2014-10-13,BIIB,301.74,1.9970202622169246,True,True,358.89,-0.15924099306194095,False,0.03204745807648979,0.015420735286270748,0.01662672279021904,0.086597733147743,0.08841577290432734,-0.0018180397565843442,0.16076754822032213,0.09866069046475645,0.06210685775556568,0.3855968714787563,0.1060242249613148,0.2795726465174415,-0.10797375223702521,0.07427565231311029,-0.1822494045501355,-0.03609067409027633
2015-04-24,BIIB,401.71,2.1573528255914485,True,True,480.18,-0.1634178849598068,True,-0.038560155335938706,-0.004394046775336724,-0.03416610856060198,-0.007542754723556699,0.006331207181667908,-0.013873961905224608,0.019392098777725186,0.00047247814788553555,0.01891962062983965,-0.360757760573548,-0.05839829907866767,-0.30235946149488035,-0.30397550471733326,-0.012662414363335706,-0.29131309035399755,-0.08172562296183805
2015-07-22,BIIB,391.74,1.7024006622516556,True,True,480.18,-0.18418093215044362,False,-0.20013274110379342,-0.00283862421346448,-0.19729411689032894,-0.19380201153826526,-0.01442967308511145,-0.1793723384531538,-0.31482616020830134,-0.04267398400908362,-0.2721521761992177,-0.2886353193444632,-0.08378672470076176,-0.20484859464370142,-0.33675396946954617,0.022803614514831816,-0.359557583984378,-0.35161076224026144
2015-10-15,BIIB,268.41,0.8246770904146841,True,True,480.18,-0.44102211670623515,False,0.03136991915353371,0.014381022979985225,0.016988896173548484,0.08539175142505862,0.01230541141586361,0.073086340009195,0.03822510338660989,-0.04294539164813438,0.08117049503474427,0.009016057523937082,0.010625154435384365,-0.001609096911447283,0.08744085540777147,0.05614035087719316,0.03130050453057831,-0.022204835885399343
2020-03-18,BIIB,298.68,0.07069113851448239,True,True,374.99,-0.20349875996693245,True,-0.045868488013927955,0.028291666666666604,-0.07416015468059456,0.1327842507030934,0.16291666666666682,-0.03013241596357341,-0.06498593812776221,0.26754166666666657,-0.3325276047944288,-0.09970537029596904,0.3883749999999999,-0.48808037029596896,-0.1297709923664122,0.6496250000000001,-0.7793959923664123,-0.12197000133922598
2016-02-19,CCL,46.39,0.27061079156395507,True,True,55.77,-0.16819078357539896,True,0.04203492131924991,0.016093750000000018,0.02594117131924989,0.06984263849967665,0.06447916666666664,0.005363471833010003,0.07760293166630738,0.0769791666666666,0.0006237649996407857,-0.020478551411942325,0.13354166666666667,-0.154020218078609,0.21750377236473373,0.22354166666666653,-0.0060378943019328,-0.014011640439749895
2016-06-06,CCL,47.07,0.4618012422360247,True,True,55.77,-0.15599784830554064,False,-0.009135330359039684,-0.01372131535367871,0.004585984994639025,-0.07053324835351604,-0.013910574875798387,-0.056622673477717655,0.0072232844699382515,0.031464395552401214,-0.024241111082462963,0.11111111111111094,0.04423941329548131,0.06687169781562963,0.390907159549607,0.15528743789921928,0.2356197216503877,-0.08774166135542816
2025-05-13,CCL,22.74,0.4283919597989949,True,True,28.72,-0.20821727019498615,False,0.0070360598065084545,0.010241292345443354,-0.003205232538934899,0.04969217238346535,0.02474268965987325,0.024949482723592098,0.24758135444151286,0.0857814736555107,0.16179988078600216,0.2625329815303432,0.16444005180287635,0.09809292972746686,0.09278803869832908,0.2578897144025627,-0.16510167570423362,-0.049252418645558405
2025-10-10,CCL,27.69,2.72678331090175,True,True,32.8,-0.15579268292682913,True,0.02239075478512098,0.017411411595356974,0.004979343189764007,-0.034669555796316365,0.027487672659336715,-0.06215722845565308,0.15962441314553977,0.05598603411840375,0.10363837902713602,-0.062116287468400255,0.009050258797586475,-0.07116654626598673,,,,-0.11159263271939324
2026-03-03,CCL,28.53,1.6940509915014164,True,True,34.03,-0.16162209814869233,True,-0.08131791097090779,-0.0046301059779814135,-0.07668780499292638,-0.09288468279004569,-0.04408154866020908,-0.04880313412983661,-0.020679985979670468,0.10916760983640295,-0.1298475958160734,-0.09884332281808628,0.1222054003204327,-0.22104872313851898,,,,-0.17805818436733267
2026-05-28,CCL,27.94,1.4901960784313726,True,True,34.03,-0.178959741404643,False,-0.003221188260558283,0.0032997614630267957,-0.006520949723585079,0.04044380816034354,-0.033938510469122773,0.07438231862946632,-0.07981388690050106,0.011754571958653592,-0.09156845885915466,,,,,,,-0.10164638511095203
2025-06-11,CHWY,40.76,0.46829971181556185,True,True,48.62,-0.16166186754422052,True,0.019381746810598566,-0.006518557935346503,0.02590030474594507,-0.06795878312070647,0.03701609684714646,-0.10497487996785293,0.021099116781158056,0.07893774112012775,-0.05783862433896969,-0.17885181550539742,0.13331448716243166,-0.3121663026678291,-0.5098135426889107,0.20631568444858317,-0.7161292271374938,-0.16621687929342488
2014-02-10,CI,76.74,0.8137556133301818,True,True,90.63,-0.15326050976497851,True,0.011076361740943508,0.023498694516971286,-0.012422332776027778,0.041959864477456366,0.04010888283984215,0.001850981637614213,0.11245764920510837,0.04371979334481413,0.06873785586029424,0.18269481365650253,0.0693850341647686,0.11330977949173393,0.4555642428980977,0.14188100661074388,0.31368323628735384,-0.042611415168100075
2015-07-30,CI,143.9,2.628340897629854,True,True,170.68,-0.1569018045465198,True,0.020152883947185618,-0.011716155962432362,0.03186903990961798,-0.03891591382904791,-0.05478607342756847,0.01587015959852056,-0.07894371091035446,-0.015700597666255534,-0.06324311324409893,-0.026198749131341237,-0.11445783132530118,0.08825908219395995,-0.04009728978457272,0.027037282990228784,-0.0671345727748015,-0.13710910354412786
2015-10-23,CI,132.54,1.6689488521949256,True,True,170.68,-0.2234591047574409,False,0.011317338162064372,0.0020239988434294087,0.009293339318634963,-0.002791610079975859,0.008674280757553943,-0.011465890837529802,0.05726573110004529,-0.1003325140957062,0.1575982451957515,0.03455560585483641,0.008336947616982338,0.026218658237854076,-0.0672249886826618,0.03069731579201007,-0.09792230447467187,-0.03847894975101851
2016-01-21,CI,140.13,1.4876619918338365,True,True,170.68,-0.17898992266229208,False,-0.07350317562263597,0.012962665381113236,-0.08646584100374921,-0.0441732676800114,0.02844287321227701,-0.0726161408922884,-0.02148005423535282,0.12078847286946282,-0.14226852710481563,-0.07093413259116532,0.15121324120199264,-0.22214737379315797,0.013130664383072865,0.21458032031710328,-0.2014496559340304,-0.11839006636694493
2016-04-18,CI,137.12,1.1137659935255124,True,True,170.68,-0.1966252636512773,False,0.022826721120186688,-0.0030108965780921704,0.02583761769827886,-0.05185239206534431,-0.011756834257312221,-0.04009555780803209,-0.05053967327887987,0.02714586121200524,-0.07768553449088511,-0.07453325554259038,0.03125597400114688,-0.10578922954373726,0.09692240373395555,0.11121200535270503,-0.014289601618749481,-0.11121645274212366
2018-02-08,CI,189.27,0.7048279589263198,True,True,227.13,-0.16668868049134855,True,0.014106831510540374,0.059775647246050445,-0.04566881573551007,-0.08405980873883867,0.08244381477312435,-0.16650362351196302,-0.0881280710096688,0.03605946512440328,-0.12418753613407207,-0.033497120515665446,0.09016807048868536,-0.1236651910043508,-0.01748824430707452,0.04855800954857736,-0.06604625385565188,-0.1386907592328419
2018-05-07,CI,172.59,0.37752414398595247,True,True,227.13,-0.2401267996301677,False,0.028680688336520044,0.022703431739847124,0.00597725659667292,-0.010197578075207048,0.030645886407912437,-0.040843464483119485,0.05991077119184185,0.052225385883410747,0.007685385308431103,0.21890028390984417,0.011838753184474582,0.2070615307253696,-0.07990034185062866,0.097032818822119,-0.17693316067274767,-0.04994495625470774
2019-01-07,CI,186.5,0.293880949077286,True,True,227.13,-0.17888433936512127,False,0.029758713136729176,0.01187200251592091,0.017886710620808266,-0.0002680965147453529,0.07359069109206717,-0.07385878760681253,-0.14745308310991956,0.12595329821526868,-0.27340638132518824,-0.15522788203753346,0.15182011164399722,-0.3070479936815307,0.08943699731903498,0.2674345467410961,-0.17799754942206114,-0.15281501340482573
2020-03-09,CI,181.6,0.19599578503688075,True,True,224.64,-0.19159544159544162,True,-0.17020925110132157,-0.12536921562192327,-0.0448400354793983,-0.04465859030836994,-0.03416839878933742,-0.010490191519032521,0.10881057268722483,0.1383874849578821,-0.029576912270657285,-0.024889867841409563,0.27021113663712937,-0.29510100447853893,0.2699339207048459,0.3989352003792437,-0.12900127967439778,-0.34746696035242286
2023-02-06,CI,288.44,0.3969391708640062,True,True,340.11,-0.15192143718208817,True,0.03508528636804886,0.007320108337603326,0.027765178030445536,-0.023297739564554054,-0.02820681746089848,0.004909077896344427,-0.1471363195118569,-0.0044164653636873386,-0.14271985414816957,0.02308972403272791,0.117024131957153,-0.09393440792442509,0.11381916516433233,0.2018397872288511,-0.08802062206451877,-0.15004853695742615
2023-06-20,CI,270.05,0.4079770594369134,True,True,340.11,-0.2059921790009115,False,0.021292353267913455,-0.002310261219634957,0.023602614487548412,0.08372523606739501,0.04121871997804094,0.042506516089354074,0.04910201814478787,0.030147765222562795,0.01895425292222508,-0.04165895204591741,0.05265565670890715,-0.09431460875482456,0.236437696722829,0.25142961709135836,-0.014991920368529366,-0.01662655063877061
2024-10-28,CI,314.92,0.4605324181430295,True,True,370.83,-0.15076989456084988,True,-0.008256065032389293,-0.018972849198560793,0.0107167841661715,0.05744316016766149,0.028751958404352296,0.028691201763309193,-0.029213768576146326,0.0319198388512989,-0.061133607427445225,0.0691286675981202,-0.07818122342165534,0.14730989101977554,-0.020671916677251323,0.18289344558648812,-0.20356536226373945,-0.1679474152165631
2025-03-28,CL,92.82,0.26062746163248685,True,True,109.3,-0.15077767612076853,False,-0.01249730661495363,-0.09066695461253282,0.0781696479975792,-0.020038784744667137,-0.008656372601950735,-0.011382412142716403,-0.05408317173023047,0.09261058920922882,-0.1466937609394593,-0.12551174315880187,0.19443544613612662,-0.3199471892949285,-0.09189829778065062,0.1411474642767161,-0.2330457620573667,-0.06334841628959276
2025-01-28,COIN,281.82,0.4680418815439913,True,True,349.75,-0.1942244460328807,True,-0.0050741608118657355,-0.004532521670085332,-0.0005416391417804034,-0.2443403590944574,-0.016508965791040886,-0.2278313933034165,-0.2765949897097437,-0.0956626745186262,-0.18093231519111752,0.435100418706976,0.04026334943426191,0.3948370692727141,-0.2518983748491944,0.1504830278568121,-0.40238140270600653,-0.4940742317791498
2025-04-24,COIN,203.87,0.3477226151913795,True,True,349.75,-0.4170979270907791,False,-0.012606072497179488,0.021547860762040516,-0.034153933259220004,0.33393829401088926,0.06658252391666197,0.2673557700942273,0.9838132143032323,0.15030456017121208,0.8335086541320202,0.6495806150978565,0.21672245696829995,0.4328581581295565,-0.02913621425418156,0.2958898095812983,-0.32502602383547985,-0.05165056163241277
2025-07-29,COIN,371.44,4.244846088675516,True,True,444.65,-0.16464635106263348,True,-0.19774391557182858,-0.011475616283096679,-0.1862682992887319,-0.16950247684686615,0.015584170260995567,-0.1850866471078617,-0.13759961231962092,0.05122312124169626,-0.18882273356131718,-0.38689963385741977,0.06661839246922518,-0.45351802632664495,-0.5479754469093259,0.1662311494506188,-0.7142065963599447,-0.21532414387249632
2025-10-22,COIN,320.33,3.6310539251120426,True,True,444.65,-0.2795906893061959,False,0.08828395716916937,0.029335130278526522,0.05894882689064285,-0.19679705303905337,-0.007741838873914331,-0.18905521416513904,-0.2890768894577467,0.014645103324348652,-0.30372199278209533,-0.37617456997471355,0.050703803533992176,-0.4268783735087057,,,,-0.29613211375768733
2026-01-20,COIN,227.73,3.789274447949527,True,True,444.65,-0.48784437197796016,False,-0.07421068809555165,0.026432303196670448,-0.1006429912922221,-0.2796293856760198,0.012854570678000998,-0.2924839563540208,-0.12251350283230134,0.03553823902712594,-0.15805174185942727,-0.2908268563649936,0.10958115646860889,-0.4004080128336025,,,,-0.3880472489351424
2016-09-01,CPB,56.91,0.3312280701754384,True,True,67.89,-0.16173221387538672,True,-0.0344403444034439,-0.018906113436680583,-0.015534230966763318,-0.03883324547531175,-0.005014030084180443,-0.03381921539113131,0.008082937972236914,0.014214085284511624,-0.0061311473122747095,0.038657529432437165,0.08901053406320458,-0.05035300463076742,-0.11702688455455978,0.13165278991673945,-0.24867967447129924,-0.07590933052187654
2016-11-28,CPB,57.37,0.4797523858653596,True,True,67.89,-0.15495654735601716,False,0.002963221195746879,0.002358490566037874,0.0006047306297090049,0.05438382429841382,0.02626088534107418,0.028122938957339638,0.030329440474115454,0.07374818577648767,-0.04341874530237222,0.002091685549939104,0.08635703918722792,-0.08426535363728882,-0.19748997734007323,0.1808780841799711,-0.3783680615200443,-0.022485619661844147
2024-04-04,CRWD,77.2975,0.653157247500401,True,True,91.25,-0.1529041095890411,True,0.027846954946796565,0.009608825306488322,0.018238129640308243,-0.018273553478443616,-0.01567037636190005,-0.0026031771165435647,0.2683139816941038,0.06289590114409327,0.20541808055001054,-0.0734823247841132,0.11103748026585047,-0.18451980504996368,0.12354862705779612,0.04605609371040997,0.07749253334738615,-0.09156182282738767
2025-02-25,CRWD,94.9375,1.235796290844863,True,True,113.8975,-0.1664654623674795,True,0.027412771560237026,-0.029247442110931554,0.05666021367116858,0.013693219223173125,-0.03160339256865907,0.0452966117918322,0.14480579328505594,-0.019150511577813667,0.1639563048628696,0.12268597761685318,0.08255923532579423,0.04012674229105895,-0.07768268597761685,0.15668753365643506,-0.2343702196340519,-0.21527320605661615
2025-08-07,CRWD,106.25,1.2589560965238653,True,True,129.495,-0.1795050001930577,True,-0.00032941176470580036,0.02008699090549637,-0.02041640267020217,-0.017341176470588193,0.02370897587979437,-0.04105015235038256,0.2776705882352941,0.07878212732305245,0.19888846091224166,0.046164705882352886,0.09773032819296157,-0.05156562231060868,0.9519058823529412,0.21559509687623568,0.7363107854767055,-0.05256470588235285
2025-12-17,CRWD,117.505,2.965075080141724,True,True,141.725,-0.1708943376256835,True,0.015084464490872751,0.02826928805481077,-0.01318482356393802,-0.03433896429939154,0.03017575215966639,-0.06451471645905793,-0.07833709203863659,-0.0009085492999701961,-0.0774285427386664,0.4712778179651931,0.09883824843610367,0.3724395695290894,,,,-0.2708395387430321
2026-03-17,CRWD,108.3,2.618443033745406,True,True,141.725,-0.23584406420885518,False,-0.09282086795937206,-0.026252627498919212,-0.06656824046045284,-0.050877192982456076,0.043456223259142446,-0.09433341624159852,0.5963296398891966,0.09983750503138089,0.49649213485781574,,,,,,,-0.16480332409972287
2026-07-23,CRWD,183.42,3.7968617195161816,True,True,217.5,-0.15668965517241384,True,0.00981354268891077,0.004754937820043992,0.005058604868866778,0.03772761967070126,0.03308136226936531,0.0046462574013359514,,,,,,,,,,-0.050594264529495114
2015-09-23,CSCO,25.28,0.3221757322175731,True,True,30.31,-0.1659518310788518,False,0.03837025316455689,-0.010175619834710714,0.0485458729992676,0.11867088607594933,0.042613636363636465,0.07605724971231287,0.056962025316455556,0.05816115702479352,-0.0011991317083379638,0.10284810126582267,0.05030991735537205,0.05253818391045062,0.23022151898734178,0.10237603305785115,0.12784548592949063,-0.014240506329113889
2018-12-21,CSCO,41.85,0.570945945945946,True,True,49.47,-0.15403274711946624,True,0.03536439665471924,0.03830494391358541,-0.0029405472588661663,0.08626045400238946,0.09434981304528467,-0.008089359042895206,0.28888888888888875,0.18292480265891164,0.1059640862299771,0.3237753882915173,0.2022019110926465,0.1215734771988708,0.1440860215053763,0.3331948483589531,-0.18910882685357677,-0.03823178016726403
2019-08-15,CSCO,46.25,0.4982183349530287,True,True,58.26,-0.20614486783384822,True,0.04172972972972966,0.02708589495872138,0.01464383477100828,0.0817297297297297,0.05775513788863518,0.023974591841094517,0.05578378378378379,0.0853328649218339,-0.029549081138050104,0.05275675675675662,0.1733005445283684,-0.12054378777161179,0.040000000000000036,0.18545582294045326,-0.14545582294045323,-0.015135135135135203
2019-11-08,CSCO,48.83,0.5782159017453135,True,True,58.26,-0.1618606247854446,False,-0.07659225885725973,0.009225092250922495,-0.08581735110818223,-0.10096252303911535,0.01599015990159902,-0.11695268294071437,-0.0028670899037477326,0.08105133682915788,-0.08391842673290562,-0.15318451771451969,-0.08211950540558044,-0.07106501230893925,-0.2375588777390949,0.13368291577652625,-0.37124179351562114,-0.1112021298382142
2026-07-16,CSCO,109.66,1.1039907904834996,True,True,130.37,-0.15885556493058228,True,0.02826919569578701,-0.016703964194373477,0.044973159890160486,0.03474375341966085,0.03617860187553279,-0.0014348484558719399,,,,,,,,,,-0.018785336494619775
2020-04-30,CVNA,16.022,6.217117117117116,True,True,23.046,-0.304781740866094,True,0.21919860192235685,-0.009639217846323378,0.22883781976868023,0.16065410061165908,0.04764527678325514,0.11300882382840394,0.8827861690176011,0.11270999724593778,0.7700761717716633,1.4963175633503938,0.18211236573946565,1.3142051976109281,2.6635875670952442,0.43693197466262723,2.226655592432617,-0.10672824865809505
2020-08-10,CVNA,38.024,8.886635465418617,True,True,45.09,-0.1567088046129963,True,0.025667999158426325,0.006973209762493715,0.01869478939593261,-0.04796970334525552,-0.007032809845933796,-0.040936893499321725,0.004628655585945829,0.001370801919122533,0.003257853666823296,0.3898590363980643,0.12116696963375762,0.2686920667643067,0.8180622764569743,0.31862204607086464,0.49944023038610963,-0.16763096991373871
2020-11-03,CVNA,38.2,12.633119200571022,True,True,48.43,-0.21123270699979346,True,0.007801047120418625,0.05359640508287966,-0.045795357962461036,0.18036649214659684,0.09153944588280827,0.08882704626378857,0.38345549738219886,0.11963217569859852,0.26382332168360034,0.5365968586387433,0.2421509984227599,0.2944458602159834,0.5807329842931936,0.3690444305567957,0.21168855373639794,-0.04680628272251319
2021-02-25,CVNA,52.732,11.332086061739945,True,True,62.913,-0.16182664950010328,True,0.024008192368959902,-0.014725498914550217,0.03873369128351012,-0.02768717287415612,0.019276541207857045,-0.046963714082013164,-0.06538724114389749,0.08529280987628485,-0.15068005102018234,0.33615262079951447,0.1614050689195199,0.17474755187999458,-0.5477129636653265,0.12355818272173247,-0.671271146387059,-0.16786770841234921
2021-05-21,CVNA,49.284,8.222305389221557,True,True,64.678,-0.2380098333281796,True,0.07576495414333251,0.0122909336289585,0.06347402051437401,0.20010551091632167,0.01426712295753596,0.1858383879587857,0.42963233503774045,0.07013062129464509,0.35950171374309536,0.16573330086843607,0.11731816648190097,0.04841513438653511,-0.8577631685739794,-0.055622499638501965,-0.8021406689354774,0.0049914779644508744
2021-09-02,CVNA,64.004,3.943157244362064,True,True,75.366,-0.15075763606931503,True,0.030310605587150707,-0.017100995167589783,0.04741160075474049,-0.05371539278795079,-0.041814691409784,-0.01190070137816679,-0.08765077182676095,0.025177078046735524,-0.11282784987349648,-0.6061183676020249,-0.0549217767382334,-0.5511965908637915,-0.8969126929566902,-0.1280037070544363,-0.7689089859022539,-0.13964752202987318
2021-11-29,CVNA,58.394,5.343037149684988,True,True,75.366,-0.22519438473582254,False,-0.09881152173168473,-0.012505380972879898,-0.08630614075880483,-0.19936979826694512,0.026409814894532868,-0.225779613161478,-0.5682775627632976,-0.07813172621609987,-0.4901458365471977,-0.885022433811693,-0.16136461472234187,-0.7236578190893511,-0.9727026749323561,-0.13402927249246677,-0.8386734024398893,-0.6318114874815906
2025-02-20,CVNA,49.544,0.7615018132688613,True,True,58.568,-0.1540773118426445,True,-0.098942354270951,-0.04149873849077634,-0.05744361578017465,-0.25149362183109947,-0.07354434942167176,-0.1779492724094277,0.2106006781850478,-0.02650807693567936,0.23710875512072715,0.41236072985628947,0.05653854975588968,0.3558221801003998,0.34341191668012305,0.12139978374127591,0.22201213293884714,-0.4015420636202164
2025-06-13,CVNA,59.406,10.786904761904761,True,True,70.286,-0.15479611871496457,True,0.07760158906507764,0.0052763819095476006,0.07232520715553004,0.17297916035417304,0.04211055276381903,0.130868607590354,0.22923610409722928,0.09247906197654943,0.13675704212067985,0.3427936572063428,0.14638190954773878,0.19641174765860403,0.07901558765107897,0.24246231155778886,-0.1634467239067099,-0.044978621688044895
2025-10-10,CVNA,65.848,14.277958236658934,True,True,82.667,-0.2034548247789324,True,0.01388045194994536,0.017411411595356974,-0.0035309596454116132,-0.07669177499696267,0.027487672659336715,-0.10417944765629938,0.3691532013121128,0.05598603411840375,0.3131671671937091,-0.037632122463856166,0.009050258797586475,-0.04668238126144264,,,,-0.13429413194022588
2026-01-28,CVNA,82.008,56.108635097493035,True,True,97.378,-0.1578385261558053,True,-0.041459369817578695,-0.013272554715135998,-0.028186815102442697,-0.13691347185640423,-0.0088004371458974,-0.12811303471050683,-0.0023412350014632155,0.02663138822582045,-0.028972623227283667,-0.23483074821968586,0.07476057634235422,-0.3095913245620401,,,,-0.3358696712515852
2026-04-24,CVNA,81.816,46.40208574739282,True,True,97.378,-0.15981022407525314,False,-0.06473061503862332,0.009398548897666448,-0.07412916393628977,-0.1654444118509827,0.04440149032131546,-0.20984590217229815,-0.23303510315830644,0.04688069025408281,-0.27991579341238926,,,,,,,-0.2540578859880708
2026-07-22,CVNA,62.75,7.588831097727894,True,True,97.378,-0.3556039351804309,False,0.05689243027888424,-0.02401626951739999,0.08090869979628423,0.12254980079681266,0.028966698331571727,0.09358310246524093,,,,,,,,,,-0.10565737051792834
2015-09-28,CVS,96.35,1.0043686290825877,True,True,113.65,-0.15222173339199307,True,0.0583290088220032,0.055635338545822144,0.0026936702761810594,0.07389724961079414,0.10100526567735768,-0.027108016066563545,0.01992734820965225,0.08238923461518,-0.062461886405527745,0.055941878567721925,0.08861230785596508,-0.03267042928824315,-0.05967825635703161,0.14882187117706525,-0.20850012753409686,-0.06486766995329529
2016-01-04,CVS,96.46,0.9416264090177133,True,True,113.65,-0.15125384953805554,False,-0.01596516690856309,-0.044323947865884006,0.028358780957320917,-0.015757827078581754,-0.05402447517659936,0.03826664809801761,0.07536802819821697,0.022385832255497062,0.05298219594271991,-0.03027161517727539,0.011043677246045158,-0.04131529242332055,-0.18100767157370923,0.11605810367127645,-0.2970657752449857,-0.10325523533070702
2022-05-18,CVS,94.02,0.7739622641509434,True,True,111.25,-0.154876404494382,False,0.033290789193788584,0.014061144286224625,0.01922964490756396,-0.04435226547543081,-0.06433420099014964,0.01998193551471883,0.13029142735588173,0.09442147705813309,0.03586995029774864,0.08115294618166358,-0.02516204767008634,0.10631499385174992,-0.2615400978515209,0.05963864645536665,-0.32117874430688753,-0.059561795362688685
2022-10-07,CVS,88.25,0.4615766810202053,True,True,111.25,-0.20674157303370788,False,0.011898016997167193,-0.014223104275200571,0.026121121272367764,0.12815864022662882,0.037376994955759635,0.09078164527086918,0.04226628895184148,0.05780203423468122,-0.015535745282839741,-0.1579603399433428,0.12844896496595815,-0.28640930490930094,-0.20793201133144468,0.18399073844372782,-0.3919227497751725,-0.022322946175637348
2023-01-04,CVS,91.98,0.2502378686964797,True,True,111.25,-0.17321348314606733,False,-0.02424440095672975,0.03064415259537201,-0.05488855355210176,-0.06305718634485757,0.08604336043360439,-0.14910054677846196,-0.19210697977821267,0.06678653324994777,-0.25889351302816044,-0.2591867797347249,0.13714300604544505,-0.39632978578017,-0.12067840834964128,0.22157077340004183,-0.3422491817496831,-0.21602522287453796
2014-08-05,DAL,36.23,3.876177658142665,True,True,42.66,-0.15072667604313172,True,0.007728401876897717,0.00791625436175214,-0.00018785248485442274,0.07148771736130288,0.04421644706004901,0.02727127030125387,0.09246480817002478,0.03176917868861007,0.060695629481414715,0.35743858680651397,0.055882506119472986,0.301556080687041,0.2622136351090256,0.09259934378417789,0.16961429132484773,-0.16864476952801533
2015-04-01,DAL,43.26,3.3259999999999996,True,True,51.06,-0.15276145710928324,True,-0.002773925104022079,0.015556635877491676,-0.018330560981513755,0.03190013869625519,0.013417598444336543,0.018482540251918644,-0.021035598705501535,0.020029168692270227,-0.04106476739777176,0.07397133610725848,-0.05731648031113268,0.13128781641839116,0.14031437817845593,0.0015556635877491676,0.13875871459070677,-0.0991678224687933
2015-06-26,DAL,42.35,2.8360507246376816,True,True,51.06,-0.17058362710536623,False,-0.04415584415584428,-0.01477456867791438,-0.029381275477929902,0.03730814639905544,-0.014440949385187363,0.051749095784242805,0.09704840613931531,-0.07582689924697361,0.17287530538628892,0.2306965761511215,-0.0085311219140215,0.239227698065143,-0.09539551357733178,0.004718329997140502,-0.10011384357447228,-0.18276269185360094
2016-01-15,DAL,44.5,2.2648569332355097,True,True,52.77,-0.15671783210157286,True,0.032359550561797734,-0.0009051701187371419,0.033264720680534876,0.0017977528089887507,0.0104893243171289,-0.00869157150814015,0.07955056179775277,0.10750226292529685,-0.027951701127544082,-0.16022471910112368,0.13226132793780954,-0.2924860470389332,0.14359550561797763,0.2061658058676321,-0.06257030024965449,-0.10044943820224717
2016-04-22,DAL,44.62,1.6686602870813396,True,True,52.77,-0.1544438127724087,False,-0.06611385029134909,-0.01263339235296923,-0.053480457938379855,-0.034065441506051064,-0.016653108101641334,-0.01741233340440973,-0.09166293142088744,0.03455041393501457,-0.126213345355902,-0.1199013895114297,0.02268268172464949,-0.1425840712360792,0.029359031824294002,0.126190362252955,-0.09683133042866099,-0.26938592559390395
2017-04-13,DAL,44.03,0.3876457611093602,True,True,52.76,-0.16546626231993933,False,0.0340676811265046,0.008945851791320791,0.02512182933518381,0.11265046559164205,0.027826760139348927,0.08482370545229312,0.23279582103111518,0.04163261795191597,0.1911632030791992,0.1710197592550533,0.08881338437056474,0.08220637488448856,0.2032704973881443,0.14373575330093336,0.059534744087210933,-0.0013627072450602684
2019-10-09,DAL,53.92,0.3500250375563345,True,True,63.44,-0.15006305170239587,True,-0.01390949554896137,0.024479005733511805,-0.038388501282473175,0.06787833827893164,0.054348199265286556,0.013530139013645082,0.0693620178041543,0.11113399938201662,-0.04177198157786233,-0.5573071216617211,-0.15490781748892768,-0.40239930417279346,-0.4239614243323443,0.1498952861606071,-0.5738567104929514,-0.052856083086053385
2023-08-17,DAL,41.78,0.4431778929188257,True,True,49.81,-0.1612126079100582,True,0.002872187649592961,0.0013752320704119025,0.0014969555791810585,-0.044997606510292054,0.016227738430860228,-0.06122534494115228,-0.18477740545715649,0.009901670906965476,-0.19467907636412196,-0.03422690282431784,0.1421760755460817,-0.17640297837039953,-0.038295835327908145,0.2676660019711661,-0.3059618372990742,-0.26759214935375775
2025-03-03,DAL,58.45,0.449293330027275,True,True,69.98,-0.1647613603886825,True,-0.13892215568862287,-0.03972454905185252,-0.09919760663677035,-0.2540633019674936,-0.04176302310841595,-0.21230027885907765,-0.16852010265183914,0.006783493499152193,-0.17530359615099134,0.0554319931565439,0.10541822978227722,-0.049986236625733316,0.0992301112061591,0.17577127978484675,-0.07654116857868765,-0.4056458511548332
2025-06-24,DAL,49.56,0.6754563894523329,True,True,69.98,-0.29179765647327804,False,-0.011299435028248594,0.01791423580210294,-0.029213670830351535,0.1295399515738498,0.045205840667128294,0.0843341109067215,0.19995964487489903,0.09143346847292277,0.10852617640197626,0.4085956416464891,0.12357032202775309,0.285025319618736,0.7497982243744954,0.20897195029500004,0.5408262740794954,-0.029055690072639306
2025-09-18,DAL,59.47,0.8736609955891621,True,True,69.98,-0.15018576736210354,False,-0.045905498570707914,-0.0063570199015492435,-0.03954847866915867,0.015638136875735675,-0.0024461691782683426,0.018084306054004018,0.1738691777366741,0.029444628997674638,0.14442454873899946,-0.02572725744072646,0.00573792770211079,-0.03146518514283725,,,,-0.07465949218093149
2026-03-03,DAL,64.6,0.7291220556745182,True,True,76.39,-0.15433957324257108,True,-0.08250773993808036,-0.0046301059779814135,-0.07787763396009895,0.029102167182662786,-0.04408154866020908,0.07318371584287187,0.2769349845201239,0.10916760983640295,0.16776737468372094,0.27678018575851415,0.1222054003204327,0.15457478543808145,,,,-0.1442724458204333
2026-08-20,DAL,81.06,0.8842398884239888,True,True,95.68,-0.15280100334448166,True,0.0009869232667159,0.011146079202727588,-0.010159155936011688,,,,,,,,,,,,,-0.06254626202812741
2025-03-06,DASH,180.11,0.7583715708288588,True,True,215.245,-0.16323259541452761,True,-0.01010493587252248,-0.0371741369977826,0.027069201125260123,-0.03397923491199828,-0.06287649944998341,0.028897264537985135,0.18144467270001652,0.03492168811440344,0.14652298458561308,0.3638887346621509,0.129070559270835,0.2348181753913159,0.018710787851868194,0.18962476646121051,-0.17091397860934232,-0.1371939370384765
2025-11-03,DASH,242.05,4.223349158394475,True,True,285.5,-0.1521891418563922,True,-0.15686841561660814,-0.002780460678432406,-0.15408795493817573,-0.10357364180954354,-0.002648754646296214,-0.10092488716324732,-0.15463747159677754,0.012629145081511473,-0.16726661667828902,-0.2895269572402397,0.04148740012292573,-0.3310143573631654,,,,-0.24792398264821325
2026-01-30,DASH,204.62,2.4372585251133883,True,True,285.5,-0.283292469352014,False,-0.10824943798260189,-0.0019509516308511277,-0.10629848635175076,-0.13786531130876756,-0.008078384901079594,-0.12978692640768796,-0.1595640699833839,0.028498345303987316,-0.18806241528737122,-0.15497018864236145,0.06786421376649265,-0.2228344024088541,,,,-0.29967745088456643
2024-05-07,DDOG,112.4,0.4646859525671099,True,True,138.61,-0.18909169612582066,True,0.03870106761565828,0.011911668020265331,0.02678939959539295,-0.01708185053380784,0.03389797733689126,-0.0509798278706991,-0.0458185053380783,0.030475306493406018,-0.07629381183148432,0.12428825622775808,0.1231581389952432,0.0011301172325148823,-0.05676156583629899,0.08510268012530453,-0.14186424596160352,-0.05516014234875444
2025-07-31,DDOG,139.98,0.632991133924405,True,True,170.08,-0.17697554092191925,False,-0.025717959708529747,0.0002689532970510111,-0.02598691300558076,0.007001000142877745,0.026642197190228867,-0.019641197047351122,0.11780254322046013,0.07146247310467024,0.04634007011578989,-0.062366052293184704,0.09002025060118979,-0.1523863028943745,0.9185597942563224,0.1734115934691811,0.7451482007871413,-0.11830261465923697
2025-11-20,DDOG,159.57,0.8533101045296168,True,True,201.69,-0.2088353413654619,True,0.0027574105408285643,0.04729284477342044,-0.044535434232591875,-0.12019803221156866,0.04300185432087433,-0.163199886532443,-0.24421883812746759,0.04896326605673318,-0.29318210418420076,0.3033778279125148,0.13277550457450227,0.1706023233380125,,,,-0.33784545967287083
2026-03-09,DDOG,128.56,0.7349527665317142,True,True,201.69,-0.36258614705736525,False,-0.015479153702551374,-0.013622893537971636,-0.0018562601645797372,-0.09349719975108894,-0.028086160378610225,-0.06541103937247872,0.9471841941505912,0.11200554351511949,0.8351786506354717,0.8433416303671437,0.13428280773143442,0.7090588226357093,,,,-0.21596919726197883
2026-06-05,DDOG,234.11,1.46665261826994,True,True,278.705,-0.16000789365099288,True,-0.017982999444705494,0.005694529184462116,-0.02367752862916761,0.09696296612703414,0.013775337265270249,0.0831876288617639,-0.043868267053949084,0.03285201003321814,-0.07672027708716722,,,,,,,-0.09132459100422885
2026-09-01,DDOG,223.84,1.4172786177105832,True,True,292.72,-0.23531019404208808,True,,,,,,,,,,,,,,,,-0.0697819871336669
2021-04-29,DOCU,224.59,4.652907123080796,True,True,290.23,-0.22616545498397822,False,-0.13789572109176718,-0.002356806170547121,-0.13553891492122006,-0.11215993588316486,-0.0018330714659809955,-0.11032686441718387,0.36145865799902044,0.04989763367138034,0.3115610243276401,0.2150585511376284,0.07279912393467591,0.14225942720295248,-0.6242486308384168,-0.009427224682188262,-0.6148214061562285,-0.2008103655550113
2021-09-27,DOCU,263.82,3.940449438202247,True,True,314.76,-0.16183759054517732,True,-0.0653854901068911,-0.03162841135008132,-0.03375707875680978,0.05321810325221743,0.02916591360925369,0.02405218964296374,-0.41535895686452884,0.04613229712633293,-0.46149125399086177,-0.6379728602835266,0.004247243809867962,-0.6422201040933946,-0.8014176332347813,-0.1687375745526839,-0.6326800586820974,-0.5015161852778409
2021-12-21,DOCU,154.24,2.8646955650212984,True,True,314.76,-0.5099758546193924,False,-0.011410788381742809,0.031140672914957035,-0.042551461296699844,-0.19320539419087146,-0.035222217423228064,-0.1579831767676434,-0.38077022821576767,-0.040038008033516204,-0.34073222018225147,-0.6286307053941909,-0.19261002893793455,-0.4360206764562563,-0.6484699170124482,-0.1793288126808621,-0.46914110433158607,-0.5396784232365146
2022-03-14,DVN,52.69,0.7861016949152542,True,True,63.1,-0.16497622820919178,True,0.16606566710950843,0.06568345323740998,0.10038221387209845,0.13930537103814777,0.05496402877697837,0.0843413422611694,0.47902827861074226,-0.0138609112709831,0.49288918988172536,0.3349781742266087,-0.05937649880095919,0.3943546730275679,-0.05143290947048773,-0.0758752997601918,0.024442390289704075,-0.04725754412602001
2022-06-16,DVN,63.27,1.3520446096654277,True,True,79.4,-0.2031486146095718,True,-0.1501501501501501,0.06390290467748527,-0.21405305482763537,-0.13671566303145255,0.04172916950770489,-0.17844483253915744,0.0916706179864073,0.07213964271103235,0.01953097527537495,0.015489173383910204,0.07230328651302353,-0.05681411312911333,-0.21605816342658446,0.20714577935360712,-0.4232039427801916,-0.2277540698593331
2022-09-16,DVN,66.82,1.5044977511244375,True,True,79.4,-0.1584382871536525,False,-0.13663573780305294,-0.045673825085589814,-0.09096191271746312,0.017958695001496494,-0.0724400871459695,0.090398782147466,-0.08590242442382512,0.03472870629733382,-0.12063113072115894,-0.22538162226878178,0.0009077705156137483,-0.22628939278439553,-0.2565100269380425,0.1499377528789294,-0.4064477798169719,-0.17449865309787482
2022-12-12,DVN,61.08,1.6080273270708791,True,True,79.4,-0.23073047858942075,False,-0.02979698755730187,-0.04744955508209048,0.01765256752478861,0.02897838899803551,-0.008597568617621287,0.037575957615656796,-0.15258677144728228,-0.03268580022559209,-0.11990097122169019,-0.19859201047806152,0.072891339766888,-0.2714833502449495,-0.27292075965946305,0.15801478882065423,-0.4309355484801173,-0.1594629993451211
2023-03-10,DVN,51.76,4.7447280799112095,True,True,79.4,-0.348110831234257,False,-0.10838485316846991,0.010572413256976887,-0.1189572664254468,0.031491499227202624,0.061413282889792864,-0.02992178366259024,-0.05428902627511578,0.10914461921173313,-0.1634336454868489,-0.012944358578052428,0.16698193879401924,-0.17992629737207166,-0.10819165378670792,0.32600865486771524,-0.43420030865442316,-0.14934312210200917
2013-11-25,EBAY,20.6397,0.6249173358526217,True,True,24.4276,-0.1550664003012986,False,0.0589349651399973,-0.004871837457786632,0.06380680259778393,0.12500181688687317,0.012733211537397038,0.11226860534947614,0.148044787472686,0.023694845817416876,0.12434994165526914,0.059545439129444766,0.03831035819077688,0.021235080938667883,0.10970605192904936,0.1442174611083431,-0.03451140917929374,-0.019980910575250643
2014-05-28,EBAY,21.2079,0.6349738655812016,True,True,25.1263,-0.15594814994647055,True,0.001192951683099297,0.009457623576131224,-0.008264671893031927,-0.021232653869548535,0.02194586686174116,-0.043178520731289693,0.10914800616751319,0.04242867593269928,0.06671933023481391,0.07878667854903121,0.06719615424809278,0.011590524300938432,0.16550907916389646,0.10095098756400867,0.06455809159988779,-0.04465317169545302
2016-11-03,EBAY,28.06,0.2978483284305562,True,True,33.19,-0.15456462789996983,True,0.0035637918745545782,0.03898840885142252,-0.03542461697686794,0.012829650748396482,0.05220806590669613,-0.03937841515829965,0.1468282252316464,0.09023852859469295,0.05658969663695346,0.19066286528866705,0.14033911294185275,0.0503237523468143,0.33784746970776913,0.23330778810230868,0.10453968160546045,-0.027797576621525266
2018-03-23,EBAY,39.71,0.5854637211883593,True,True,46.99,-0.15492658012343052,True,-0.0088139007806598,-0.002247626428986571,-0.006566274351673229,0.04759506421556292,0.03301685719821723,0.01457820701734569,-0.013346764039284809,0.06762255376864945,-0.08096931780793426,-0.13271216318307744,0.12702964541755457,-0.259741808600632,-0.07705867539662559,0.08215462119744221,-0.1592132965940678,-0.07302946361118101
2018-06-19,EBAY,39.18,0.5338900438086513,True,True,46.99,-0.16620557565439464,False,-0.053854007146503347,-0.014156079854809378,-0.03969792729169397,-0.03139356814701366,0.020181488203266706,-0.05157505635028037,-0.12098009188361414,0.05564428312159708,-0.17662437500521122,-0.2603369065849923,-0.041488203266787704,-0.2188487033182046,0.01250638080653399,0.06134301270417408,-0.04883663189764009,-0.16156202143950993
2020-09-08,EBAY,51.53,0.40179542981501637,True,True,61.06,-0.15607599082869306,True,0.00485154279060751,0.02088772845953013,-0.01603618566892262,-0.03628954007374352,0.0051619099066655405,-0.04145144998040906,-0.0034931108092373098,0.1007772875964108,-0.10427039840564811,0.10595769454686588,0.16004921821073803,-0.054091523663872154,0.48515427906074127,0.3597431049488311,0.12541117411191016,-0.11973607607219094
2020-12-02,EBAY,51.35,0.48110758580905677,True,True,61.06,-0.15902391090730428,False,-0.036027263875365145,0.00016358134082183895,-0.036190845216186984,-0.02142161635832529,0.019329861773766943,-0.040751478132092234,0.10983446932814012,0.05384552468715076,0.05598894464098936,0.19649464459591037,0.14253387496932834,0.05396076962658203,0.31372930866601734,0.24201859374573997,0.07171071492027736,-0.05219084712755595
2021-11-30,EBAY,67.46,1.266801075268817,True,True,81.19,-0.1691094962433798,True,-0.003409427809071941,0.02792167881288954,-0.03133110662196148,-0.01482359916987841,0.04811660374045146,-0.06294020291032987,-0.1906314853246367,-0.03909474053911666,-0.15153674478552004,-0.33012155351319294,-0.1287206954078497,-0.20140085810534325,-0.3428698487992884,-0.13093774694881022,-0.21193210185047817,-0.2657871331159205
2022-04-18,EBAY,54.56,0.5168195718654436,True,True,81.19,-0.3279960586279098,False,-0.017045454545454586,-0.02159965294426569,0.0045541983988111046,-0.17357038123167157,-0.08648994223348638,-0.08708043899818518,-0.2296554252199413,-0.1371326803205699,-0.0925227448993714,-0.3117668621700881,-0.17165559284882526,-0.14011126932126283,-0.19758064516129037,-0.05486677169669163,-0.14271387346459874,-0.25733137829912023
2025-10-30,EBAY,83.73,1.1485758275596614,True,True,101.15,-0.17221947602570442,True,-0.03439627373701193,-0.014003500875218955,-0.020392772861792974,-0.011226561566941351,0.005236603268464091,-0.01646316483540544,0.13662964289979684,0.022932203639145055,0.11369743926065179,0.16971217007046446,0.050174308282953106,0.11953786178751136,,,,-0.05517735578645655
2026-02-04,EBAY,85.84,0.7557782777664144,True,True,101.15,-0.15135936727632227,False,-0.034482758620689724,0.008408749763185064,-0.04289150838387479,0.0838769804287045,-0.007111732901966095,0.0909887133306706,0.21237185461323382,0.05021932700855447,0.16215252760467935,0.34319664492078283,0.06305833661230853,0.2801383083084743,,,,-0.09098322460391428
2026-08-17,EBAY,100.94,1.3317163317163319,True,True,119.31,-0.15396865308859276,False,0.060828214781058154,-0.011906764854336171,0.07273497963539433,,,,,,,,,,,,,-0.002377650089161798
2018-10-05,ETSY,44.4,2.1556503198294243,True,True,53.25,-0.16619718309859155,True,-0.06418918918918926,-0.04124105343617546,-0.0229481357530138,-0.035135135135135,-0.05534709193245779,0.020211956797322794,0.036711711711711725,-0.15151831005489536,0.18823002176660708,0.535135135135135,-0.0069140434994093836,0.5420491786345444,0.27207207207207196,0.02268779098047391,0.24938428109159805,-0.14369369369369356
2019-01-03,ETSY,46.03,4.572639225181598,True,True,58.3,-0.2104631217838765,True,0.11535954812079074,0.0600712501535563,0.055288297967234445,0.18140343254399305,0.10585152123172681,0.07555191131226624,0.48077340864653473,0.17042709143769685,0.3103463172088379,0.3113187051922659,0.18942713238606124,0.12189157280620466,-0.03758418422767773,0.317964047336309,-0.35554823156398674,0.029980447534216692
2019-05-09,ETSY,60.76,6.347037484885127,True,True,73.345,-0.17158633853705096,True,0.04756418696510867,0.003627991348635895,0.04393619561647277,0.05151415404871629,0.003453568687643793,0.048060585361072494,-0.11224489795918369,-0.009907207144352337,-0.10233769081483135,-0.10450954575378546,0.05773390078839036,-0.16224344654217582,0.2876892692560895,-0.008407172259820128,0.29609644151590964,-0.13066161948650423
2019-08-05,ETSY,53.94,3.2439024390243896,True,True,73.345,-0.2645715454359534,False,0.019095291064145314,0.014974279472905305,0.004121011591240009,-0.06748238783833893,0.02438165034176598,-0.09186403818010491,0.00871338524286247,0.0683179479952083,-0.059604562752345824,-0.08565072302558396,0.13980691987879634,-0.2254576429043803,1.1946607341490547,0.15044746670424924,1.0442132674448055,-0.11570263255469038
2019-10-29,ETSY,54.41,3.1439451637471434,True,True,73.345,-0.25816347399277395,False,-0.20547693438706116,0.012598529072260112,-0.21807546345932127,-0.20272008821907728,0.03584974110352568,-0.23856982932260296,-0.0935489799669178,0.06691731803040812,-0.16046629799732592,0.15328064693990084,-0.07951584710266801,0.23279649404256886,1.5680941003492004,0.11932324131789862,1.4487708590313018,-0.2692519757397537
2020-08-28,ETSY,119.66,6.559065066329754,True,True,141.41,-0.15380807580793443,True,-0.06368042787899042,-0.022847852130754687,-0.04083257574823573,0.03367875647668406,-0.046751098180158546,0.0804298546568426,0.1716530168811632,0.01962462205488058,0.1520283948262826,0.781046297843891,0.10397056306691765,0.6770757347769734,0.776617081731573,0.2729191625306635,0.5036979192009094,-0.13872639144242016
2021-01-06,ETSY,167.57,7.283242708848245,True,True,198.5,-0.15581863979848865,True,0.2354836784627321,0.016704591085530796,0.2187790873772013,0.31789699826938,0.03383750501940841,0.2840594932499716,0.17682162678283708,0.08783295408914471,0.08898867269369237,0.20862922957569974,0.14496051398741794,0.0636687155882818,0.2527898788565974,0.2788381742738588,-0.02604829541726139,-0.0019096496986333866
2021-04-05,ETSY,197.2,6.085878548329141,True,True,251.86,-0.21702533153339165,True,0.10613590263691686,0.012993404862683189,0.09314249777423367,-0.03291075050709924,0.029136726055714046,-0.062047476562813286,0.0270283975659229,0.052515011320011684,-0.025486613754088783,0.13417849898580125,0.09060931194015165,0.043569187045649604,-0.3176470588235294,0.12880204744561463,-0.446449106269144,-0.22008113590263678
2021-06-29,ETSY,202.53,4.01063829787234,True,True,251.86,-0.1958627809100294,False,-0.0475485113316545,0.015805471124620052,-0.06335398245627455,0.0020243914481805625,0.026022913256955826,-0.023998521808775264,0.10433022268305936,0.03619359364040209,0.06813662904265727,0.09415889004098155,0.07521627308861345,0.018942616952368097,-0.6017873895225399,-0.09144259995323833,-0.5103447895693015,-0.1363995457463092
2021-09-28,ETSY,212.35,3.1719056974459727,True,True,251.86,-0.15687286587786875,False,-0.04101718860372028,-0.001429493682560179,-0.0395876949211601,0.16562279255945378,0.05127732177441646,0.11434547078503732,0.0600423828584884,0.07832241999446632,-0.018280037135977922,-0.33002119142924413,0.02460112514986612,-0.35462231657911025,-0.5559218271721216,-0.16003412339758372,-0.39588770377453786,-0.08467153284671525
2021-12-22,ETSY,225.1,4.153388278388278,True,True,307.75,-0.26856214459788796,True,-0.013727232341181672,0.018110286728388436,-0.03183751906957011,-0.33873833851621504,-0.0635249844982787,-0.27521335401793634,-0.36796979120390927,-0.04981932476640516,-0.3181504664375041,-0.6621501554864504,-0.18920652569009389,-0.4729436297963565,-0.43536206130608623,-0.1863413799739143,-0.24902068133217192,-0.5140826299422478
2022-03-21,ETSY,142.27,1.0488191244239635,True,True,307.75,-0.5377091795288382,False,-0.026217754972938878,0.025923175589009695,-0.05214093056194857,-0.18963941800801298,0.001462679178199311,-0.1911020971862123,-0.46545301187882204,-0.14669547019509888,-0.31875754168372317,-0.19814437337456958,-0.07520421251603315,-0.12294016085853643,-0.2383496169255641,-0.11397646211660928,-0.12437315480895483,-0.5192310395726436
2023-04-21,ETSY,102.05,0.6628645918201075,True,True,149.91,-0.31925822159962647,True,-0.009995100440960303,0.009049005337214977,-0.01904410577817528,-0.1268985791278785,0.015574963609898074,-0.14247354273777657,-0.0584027437530622,0.10431829209121779,-0.16272103584428,-0.3654091131798137,0.05206210577389636,-0.4174712189537101,-0.34581087702106805,0.2012615235322659,-0.547072400553334,-0.21175894169524745
2022-11-28,EXC,40.23,0.2815816048600073,True,True,50.71,-0.20666535200157765,False,0.03778274919214519,0.009295041802429793,0.0284877073897154,0.07258264976385798,-0.03664974362860263,0.1092323933924606,0.027094208302262057,0.0011871384910711047,0.025907069811190953,-0.0027342779020631536,0.05779091207597675,-0.060525189978039906,-0.027094208302261946,0.1479376626000859,-0.17503187090234784,-0.01541138453890123
2022-01-20,F,21.65,1.5470588235294116,True,True,25.87,-0.16312330885195214,True,-0.09699769053117768,-0.03471740346950192,-0.062280287061675765,-0.18983833718244802,-0.02168998321208726,-0.16814835397036076,-0.2762124711316397,-0.019653049804140954,-0.25655942132749876,-0.4739030023094688,-0.1540906547285954,-0.3198123475808734,-0.43741339491916853,-0.1300727476217124,-0.30734064729745614,-0.32748267898383365
2022-04-18,F,15.67,0.6494736842105262,True,True,25.87,-0.3942790877464245,False,-0.030631780472240022,-0.02159965294426569,-0.009032127527974332,-0.1671984684109763,-0.08648994223348638,-0.08070852617748991,-0.2731333758774729,-0.1371326803205699,-0.13600069555690297,-0.22144224633056797,-0.17165559284882526,-0.049786653481742715,-0.19081046585832806,-0.05486677169669163,-0.13594369416163643,-0.32291001914486284
2022-07-26,F,12.54,0.3117154811715479,True,True,25.87,-0.515268650947043,False,0.2089314194577354,0.043925401007956166,0.16500601844977925,0.22169059011164283,0.05490035559876194,0.16679023451288089,-0.03269537480063778,-0.057279541559006386,0.02458416675836861,0.010366826156299913,0.01760085957686308,-0.0072340334205631684,0.08293460925039886,0.1651359717567602,-0.08220136250636134,-0.11244019138755967
2018-07-26,FCX,15.97,0.4045734388742306,True,True,20.25,-0.211358024691358,False,-0.03381340012523493,-0.0033528622855932833,-0.030460537839641644,-0.11208515967438948,0.008646855368109163,-0.12073201504249864,-0.24733876017532885,-0.02502294063669086,-0.222315819538638,-0.24045084533500316,-0.07192771934778008,-0.16852312598722308,-0.284909204758923,0.05879861650314111,-0.3437078212620641,-0.2523481527864747
2021-01-26,FCX,27.01,0.37806122448979584,True,True,32.49,-0.1686672822406895,True,0.0418363569048501,-0.0058365251830427844,0.04767288208789289,0.4028137726767864,0.020792620964589892,0.3820211517121965,0.2861902998889301,0.07420724875582985,0.21198305113310023,0.1995557201036653,0.10729826207040305,0.09225745803326224,0.5175860792299147,0.14119700878084362,0.3763890704490711,-0.08515364679748239
2021-06-15,FCX,37.6,1.111173498034812,True,True,46.1,-0.18438177874186545,True,-0.02952127659574466,-0.0032274783264228946,-0.026293798269321766,-0.0819148936170212,0.02770448548812654,-0.10961937910514774,-0.07420212765957446,0.05771767810026396,-0.13191980575983842,-0.02765957446808509,0.06817753486618927,-0.09583710933427436,0.06941489361702136,-0.08169996230682253,0.15111485592384388,-0.16595744680851066
2021-09-09,FCX,34.81,1.6411229135053111,True,True,46.1,-0.24490238611713666,False,-0.014650962367136033,-0.004031359971490955,-0.010619602395645078,-0.014076414823326666,-0.022985433649605702,0.008909018826279036,0.050272910083309474,0.009889081919016496,0.04038382816429298,0.3835104854926743,-0.02470043209051631,0.4082109175831906,-0.18471703533467398,-0.11403625996703648,-0.0706807753676375,-0.13760413674231553
2021-12-03,FCX,36.56,2.02398676592225,True,True,46.1,-0.206941431670282,False,0.04950765864332585,0.038198579683295764,0.011309078960030083,0.13457330415754898,0.05357064090688546,0.08100266325066352,0.3172866520787745,-0.03425080499316313,0.3515374570719376,0.05278993435448576,-0.10610471527502097,0.15889464962950672,0.08233041575492339,-0.10153941158307977,0.18386982733800317,-0.04431072210065656
2022-04-22,FCX,41.91,2.0861561119293075,True,True,51.99,-0.1938834391229084,True,-0.03245048914340254,-0.03295465214533855,0.0005041630019360088,-0.13361966117871615,-0.08546145901793267,-0.04815820216078348,-0.31830112145072764,-0.07339686414421187,-0.24490425730651577,-0.2994512049630159,-0.14099615059618809,-0.15845505436682783,-0.05368647100930568,-0.032485212656088724,-0.021201258353216956,-0.4082557862085421
2022-07-20,FCX,28.57,1.4865100087032204,True,True,51.99,-0.45047124447009046,False,0.02520126006300316,0.015882665856068234,0.009318594206934927,0.058802940147007376,0.08075588317248017,-0.021952943025472793,0.02765138256912847,-0.07295387187476243,0.1006052544438909,0.5649282464123206,-0.01061377510955741,0.5755420215218781,0.4235211760588029,0.15307647490944087,0.27044470114936203,-0.08890444522226104
2023-05-15,FCX,36.13,3.3011904761904765,True,True,46.73,-0.2268350096297881,False,-0.01411569332964313,0.01399481852739659,-0.02811051185703972,0.10213119291447548,0.057262536016077226,0.04486865689839825,0.1729864378632715,0.07965908815767175,0.09332734970559975,-0.027124273456961112,0.05249267572213756,-0.07961694917909867,0.4403542762247439,0.2612527541706011,0.17910152205414276,-0.0852477165790203
2023-08-16,FCX,39.01,1.8288614938361132,True,True,46.73,-0.1652043655039589,False,0.006408613176108746,0.007710854335365225,-0.0013022411592564787,0.042809536016406025,0.02438358657083084,0.018425949445575185,-0.14791079210458846,-0.013192612137203241,-0.13471817996738522,0.004870546013842736,0.13297243198981,-0.12810188597596728,0.07433991284286079,0.23680738786279698,-0.1624674750199362,-0.15201230453729808
2023-11-09,FCX,33.24,0.7384937238493725,True,True,46.73,-0.2886796490477208,False,0.06919374247894106,0.03777890466531453,0.03141483781362653,0.1477135980746087,0.06075972708832755,0.08695387098628116,0.17930204572803854,0.14811912225705348,0.031182923470985058,0.5177496991576414,0.1785220357735573,0.33922766338408405,0.46149217809867626,0.3728794025447171,0.08861277555395919,-0.012334536702767851
2024-07-18,FCX,45.92,0.33527188136086084,True,True,55.24,-0.16871832005792908,True,-0.030270034843205562,-0.02578438823146234,-0.0044856466117432214,-0.05095818815331021,0.0007418666087650738,-0.05170005476207529,0.08950348432055755,0.04870987587305042,0.040793608447507124,-0.13458188153310102,0.06664133463612365,-0.20122321616922467,-0.024390243902439157,0.13556255202113432,-0.15995279592357348,-0.14895470383275267
2013-06-20,GILD,49.35,1.7401443642420875,True,True,58.06,-0.15001722356183256,True,0.03363728470111438,0.01053952321204532,0.023097761489069057,0.2178318135764945,0.06129234629861968,0.15653946727787482,0.27700101317122594,0.06844416562107902,0.20855684755014692,0.47537993920972643,0.1339397741530739,0.34144016505665253,0.6103343465045592,0.2312421580928481,0.3790921884117111,-0.05369807497467072
2014-03-21,GILD,72.07,2.590037359900373,True,True,84.88,-0.15091894439208298,True,-0.04884140419037042,-0.0038131041890439032,-0.045028300001326516,-0.006521437491327831,0.004511278195488799,-0.01103271568681663,0.10711807964478992,0.0463480128893663,0.060770066755423624,0.47620369085611225,0.07572502685284643,0.4004786640032658,0.40752046621340376,0.12513426423200857,0.2823862019813952,-0.11891216872485078
2014-12-22,GILD,92.9,3.9586335735254874,True,True,116.83,-0.20482752717623887,True,0.02561894510226037,0.0006265966163783165,0.024992348485882054,0.13175457481162534,-0.006603364341832618,0.13835793915345795,0.10107642626480096,0.014170723478093228,0.08690570278670773,0.2817007534983853,0.013399527642550702,0.2683012258558346,0.09364908503767477,-0.035908806092447065,0.12955789113012184,-0.07481162540365982
2015-03-31,GILD,98.13,3.141380037982697,True,True,116.83,-0.16006162800650525,False,0.01773158055640489,0.007508598556411394,0.010222981999993497,0.042698461224905726,0.02005522453131814,0.022643236693587587,0.22521145419341693,0.016615801966768373,0.20859565222664855,0.0775501885254255,-0.048297243617691166,0.12584743214311667,-0.060430041781310395,-0.006345976844450929,-0.054084064936859466,-0.028024049729950096
2015-08-24,GILD,100.66,2.563816604708798,True,True,123.37,-0.18408040852719465,True,0.04381084840055638,0.04311345646437981,0.0006973919361765724,0.058116431551758385,0.023271767810026267,0.03484466374173212,0.038446254718855544,0.08427440633245387,-0.04582815161359832,-0.09447645539439686,0.0014775725593667577,-0.09595402795376362,-0.19531094774488378,0.15324538258575204,-0.3485563303306358,-0.07421021259686067
2015-11-17,GILD,104.53,1.868157497599122,True,True,123.37,-0.15271135608332664,False,0.019515928441595554,0.018883535309290878,0.0006323931323046761,-0.011384291590930795,0.012459239791697163,-0.023843531382627958,-0.12800153066105424,-0.07636151262958091,-0.051640018031473334,-0.19735960968143107,0.005012897259940585,-0.20237250694137165,-0.26576102554290637,0.05411982284518424,-0.3198808483880906,-0.21658853917535636
2020-03-23,GILD,72.61,0.07189253026276954,True,True,85.97,-0.15540304757473533,True,0.04572372951384107,0.17358152052029596,-0.1278577910064549,0.08153146949455992,0.22466920834267778,-0.14313773884811787,0.0158380388376258,0.39789190401435315,-0.38205386517672735,-0.09681862002479003,0.4983628616281679,-0.5951814816529579,-0.11224349263186895,0.7469387755102042,-0.8591822681420731,-0.04503511912959646
2023-11-09,GILD,74.98,0.2693414592855934,True,True,89.74,-0.1644751504345887,False,-0.00613496932515345,0.03777890466531453,-0.04391387399046798,0.053881034942651285,0.06075972708832755,-0.006878692145676268,-0.0074686583088824365,0.14811912225705348,-0.15558778056593592,-0.13603627634035742,0.1785220357735573,-0.3145583121139147,0.3056815150706855,0.3728794025447171,-0.06719788747403155,-0.013870365430781573
2025-04-10,GILD,101.4,0.697071129707113,True,True,119.96,-0.15471823941313767,True,0.030966469428007848,0.0034885050897859315,0.027477964338221916,-0.04428007889546359,0.07579396850813991,-0.1200740474036035,0.11676528599605507,0.18963742422509422,-0.07287213822903915,0.09033530571992099,0.27572534217850464,-0.18539003645858365,0.3707100591715977,0.2952457203858325,0.0754643387857652,-0.07919132149901387
2026-07-02,GILD,131.27,0.7270096039994738,True,True,157.29,-0.16542691843092372,False,-0.010969756989411161,0.013655039071940767,-0.024624796061351928,-0.008074960006094312,0.0030210263433496642,-0.011095986349443976,,,,,,,,,,-0.027881465681420026
2016-10-11,GIS,61.95,0.2786377708978327,True,True,72.95,-0.1507882111034955,False,-0.0006456820016143006,0.0013119055428010284,-0.001957587544415329,0.028410008071025006,0.0031860563182308788,0.025223951752794127,-0.0077481840193704965,0.06456449421355948,-0.07231267823292997,-0.057627118644067776,0.10331256149557233,-0.1609396801396401,-0.1898305084745764,0.18985147355104703,-0.3796819820256234,-0.02550443906376121
2017-01-09,GIS,60.56,0.24686020177064028,True,True,72.95,-0.1698423577793009,False,0.023447820343460934,-0.0009273160823103366,0.02437513642577127,0.020805812417437286,0.010951161352998229,0.009854651064439057,-0.038143989431968284,0.036739380022962065,-0.07488336945493035,-0.08520475561426688,0.0677382319173363,-0.15294298753160318,-0.010568031704095149,0.2073655391680651,-0.21793357087216025,-0.04062087186261565
2015-07-01,GM,33.04,0.6805696846388605,True,True,38.99,-0.1526032315978456,False,-0.06144067796610164,-0.012530120481927698,-0.048910557484173944,-0.03420096852300236,0.016000000000000014,-0.050200968523002376,-0.10986682808716708,-0.07060240963855424,-0.03926441844861284,0.023910411622275918,-0.028096385542168756,0.052006797164444674,-0.16041162227602912,-0.020722891566265167,-0.13968873070976395,-0.2548426150121065
2021-09-27,GM,53.24,0.5868852459016396,True,True,64.3,-0.17200622083981332,False,0.013899323816679132,-0.03162841135008132,0.04552773516676045,0.08489857250187827,0.02916591360925369,0.055732658892624576,0.029113448534936026,0.04613229712633293,-0.017018848591396907,-0.15815176558978217,0.004247243809867962,-0.16239900939965013,-0.3335837716003006,-0.1687375745526839,-0.16484619704761672,-0.019909842223891805
2023-08-03,GM,36.92,0.4833266372036964,True,True,43.63,-0.15379326151730466,False,-0.07475622968580731,-0.006527938686391455,-0.06822829099941585,-0.09236186348862419,0.0033642277871848147,-0.095726091275809,-0.26273022751896,-0.08501916050262892,-0.1777110670163311,-0.047670639219935085,0.08731396488726495,-0.13498460410720003,0.1747020585048753,0.20980750378754132,-0.035105445282666015,-0.2654387865655471
2026-03-12,GM,73.45,0.8482637141419225,True,True,87.62,-0.16172106824925814,True,0.004628999319264748,-0.00939855268294143,0.014027552002206178,0.04043567052416619,0.02011830765997069,0.0203173628641955,0.14050374404356702,0.10983995435846627,0.03066378968510075,0.15547991831177677,0.1487853947091855,0.0066945236025912624,,,,-0.04111640571817554
2013-03-01,GME,6.0125,0.37507146941109215,True,True,7.0875,-0.15167548500881833,True,0.025779625779625892,0.021892051804615065,0.0038875739750108274,0.2374220374220375,0.025902307540595526,0.21151972988144196,0.31891891891891877,0.09328775228453101,0.22563116663438776,0.9800415800415798,0.08184866215238973,0.8981929178891901,0.5488565488565489,0.221615935835908,0.3272406130206409,-0.028690228690228747
2013-11-21,GME,12.2,1.4254473161033796,True,True,14.435,-0.15483200554208532,True,-0.01127049180327866,0.006058584847979498,-0.017329076651258157,0.009221311475409832,0.009171252292813126,5.005918259670672e-05,-0.26967213114754096,0.023289422489022327,-0.2929615536365633,-0.25778688524590165,0.04524484464454459,-0.30303172989044624,-0.10635245901639345,0.14068145183702963,-0.24703391085342308,-0.3217213114754097
2014-02-20,GME,8.91,0.7582634435125801,True,True,14.435,-0.38275025978524424,False,0.045173961840628385,0.009342748506246501,0.035831213334381884,0.0785634118967451,0.01982618142313952,0.05873723047360557,0.01627384960718281,0.02145573058120598,-0.0051818809740231675,0.14842873176206517,0.051222161868549776,0.0972065698935154,0.05218855218855212,0.1413905486148832,-0.08920199642633109,-0.015151515151515138
2014-06-17,GME,10.0725,0.5244040862656072,True,True,14.435,-0.30221683408382405,False,-0.0012410027302058868,-0.0006672483703742405,-0.0005737543598316464,0.031025068255150057,0.016065287686701124,0.014959780568448933,0.09108960039712088,0.028075758353436342,0.06301384204368454,-0.0712335567138247,0.0675973925986757,-0.1388309493125004,0.05534872176718797,0.07329466714571686,-0.017945945378528894,-0.02208984859766694
2015-09-28,GME,10.075,0.8210573881608676,True,True,11.9575,-0.1574325736985156,True,0.05409429280397027,0.055635338545822144,-0.0015410457418518764,0.10843672456575693,0.10100526567735768,0.007431458888399245,-0.29032258064516125,0.08238923461518,-0.37271181526034125,-0.23449131513647636,0.08861230785596508,-0.32310362299244144,-0.3004962779156327,0.14882187117706525,-0.44931814909269796,-0.3076923076923077
2021-01-13,GME,7.85,0.5731462925851702,True,True,9.6625,-0.18758085381630019,True,0.3703821656050956,0.011717001500829438,0.3586651641042662,0.6273885350318473,0.028752731772821782,0.5986358032590255,3.4933121019108286,0.08386213433739687,3.4094499675734316,5.071974522292994,0.1439479712472682,4.9280265510457255,3.1767515923566885,0.22570367834856087,2.951047914008128,0.052547770700636987
2021-04-12,GME,35.2725,9.31359649122807,True,True,120.75,-0.707888198757764,True,0.16500106315118002,0.008672626566903041,0.15632843658427698,0.015096746757388813,0.015304635118064347,-0.0002078883606755344,0.35133602664965613,0.055436789427655286,0.29589923722200084,0.24367425047841795,0.042512875327956445,0.2011613751504615,0.11021333900347274,0.08473423379652112,0.025479105206951624,-0.06442696151392735
2021-07-07,GME,47.665,12.032125768967873,True,True,120.75,-0.6052587991718427,False,-0.12084338613238221,0.004097040003682828,-0.12494042613606504,-0.23004300849680048,0.010403719559913593,-0.24044672805671408,-0.07967061785377105,-0.01224508585370343,-0.06742553200006762,-0.2221231511591314,0.09851309671776454,-0.32063624787689593,-0.36940102800797225,-0.12083966302996829,-0.24856136497800396,-0.23833001153886502
2021-09-30,GME,43.8675,10.491159135559922,True,True,120.75,-0.6367080745341616,False,-0.019091582606713398,0.02218390268909931,-0.04127548529581271,0.04205847153359543,0.06799645803234378,-0.025937986498748344,-0.15478429361144352,0.11213123922263124,-0.26691553283407476,-0.19644383655325692,0.034161345947709476,-0.2306051825009664,-0.37744343762466526,-0.13657547653446434,-0.24086796109020092,-0.26198210520316867
2021-12-27,GME,37.0775,10.960483870967742,True,True,120.75,-0.6929399585921325,False,0.030544130537387915,0.0009428822863848385,0.029601248251003076,-0.3271525858000135,-0.0896576289653438,-0.2374949568346697,-0.049288652147528866,-0.07010853622763269,0.020819884080103823,-0.08880048546962449,-0.23341574822947653,0.14461526275985204,-0.4657137077742567,-0.20227967983908135,-0.26343402793517534,-0.47690647967095945
2022-03-23,GME,35.25,12.905325443786982,True,True,86.165,-0.5909011779724946,False,0.18333333333333335,0.03357368183866605,0.1497596514946673,0.003971631205673676,-0.012933753943217718,0.016905385148891394,-0.0415602836879434,-0.17561964849031098,0.13405936480236758,-0.2019858156028369,-0.1108607480847228,-0.09112506751811411,-0.32283687943262407,-0.11647138350608377,-0.2063654959265403,-0.4484397163120568
2014-10-01,HAL,62.47,0.9239297813366185,True,True,74.33,-0.15955872460648457,True,-0.03297582839763091,0.011782865963468003,-0.044758694361098916,-0.1288618536897711,0.01934653974787759,-0.1482083934376487,-0.3640147270689932,0.07249807049138157,-0.43651279756037475,-0.3043060669121178,0.05870851556470291,-0.3630145824768207,-0.4448535296942533,-0.032055569848211896,-0.4127979598460414,-0.40435408996318234
2022-05-11,HAL,34.69,0.40730223123732245,True,True,42.6,-0.18568075117370897,True,0.03776304410492948,-0.0022660725652450253,0.0400291166701745,0.2167771692130298,0.02212603437301075,0.19465113484001906,-0.192850965696166,0.05153405474220252,-0.24438502043836852,0.05217641971749787,-0.020954805856142622,0.07313122557364049,-0.14788123378495244,0.05117759388924248,-0.19905882767419492,-0.241279907754396
2022-08-09,HAL,28.31,0.420471650777722,True,True,43.99,-0.3564446465105706,True,-0.0035323207347226493,0.0446092135650904,-0.04814153429981305,0.013069586718474024,-0.03298893885985188,0.046058525578325904,0.26421759095725905,-0.08868360277136267,0.3529011937286217,0.45602260685270224,-0.011839066488391836,0.4678616733410941,0.4051571882726952,0.09092014099914913,0.31423704727354607,-0.17696926880960784
2022-11-02,HAL,35.79,0.7814833250373319,True,True,43.99,-0.18640600136394636,False,0.02849958088851645,-0.0019740176594552628,0.030473598547971714,0.058675607711651256,0.08672339744444746,-0.028047789732796202,0.1517183570829841,0.08432256515592074,0.06739579192706335,-0.1058955015367421,0.10014138234587988,-0.20603688388262198,0.10142497904442593,0.1274841945207672,-0.02605921547634127,-0.07879295892707461
2023-02-17,HAL,36.5,0.6382405745062836,True,True,43.99,-0.17026596953853157,False,0.018630136986301338,-0.02340028483032941,0.04203042181663075,-0.15917808219178076,-0.03319746599224083,-0.12598061619953993,-0.23616438356164382,0.007341747286745637,-0.24350613084838946,0.1150684931506849,0.09426410646761285,0.02080438668307205,-0.03260273972602734,0.2265137749840398,-0.25911651471006714,-0.23726027397260274
2023-05-16,HAL,27.88,1.8020100502512566,True,True,43.99,-0.3662195953625824,False,0.09684361549497855,0.009360146252285206,0.08748346924269335,0.1495695839311333,0.06564290067032297,0.08392668326081032,0.4598278335724535,0.086288848263254,0.3735389853091995,0.4175035868005741,0.062010968921389464,0.3554926178791846,0.3472022955523675,0.2755636806825106,0.0716386148698569,0.00035868005738892705
2023-11-16,HAL,37.18,1.5945568736915563,True,True,43.85,-0.15210946408209813,True,0.02366863905325456,0.01126091108988736,0.012407727963367199,-0.036578805809575066,0.042422761699575595,-0.07900156750915066,-0.080150618612157,0.10736734557892635,-0.18751796419108335,-0.00295857988165682,0.15683095306843176,-0.15978953295008858,-0.1901559978483055,0.3178819714368213,-0.5080379692851268,-0.11672942442173206
2024-02-14,HAL,34.2,0.7601646937725168,True,True,43.85,-0.22006841505131125,False,0.03216374269005828,0.01791122610666518,0.014252516583393104,0.09970760233918119,0.03285396233227034,0.06685364000691085,0.08391812865497061,0.04466774976432597,0.039250378890644644,-0.10116959064327502,0.04029524439898102,-0.14146483504225604,-0.2315789473684211,0.22295765890446684,-0.45453660627288794,0.0
2024-05-10,HAL,37.07,0.6301671064204046,True,True,43.85,-0.154618015963512,False,0.02239007283517669,0.016530988403348434,0.005859084431828254,-0.06905853790126792,0.028454035788341825,-0.09751257368960975,-0.1707580253574319,-0.004185546425005904,-0.166572478932426,-0.2516859994604802,0.09177482528223635,-0.34346082474271655,-0.42676018343674127,0.11932647262115048,-0.5460866560578918,-0.18235770164553555
2015-08-24,HAS,71.18,0.8672612801678912,True,True,84.42,-0.15683487325278367,True,0.04790671536948565,0.04311345646437981,0.004793258905105846,0.06139364990165763,0.023271767810026267,0.038121882091631365,0.05029502669289121,0.08427440633245387,-0.03397937963956266,-0.001966844619275099,0.0014775725593667577,-0.0034444171786418565,0.13360494520932842,0.15324538258575204,-0.019640437376423625,-0.015032312447316731
2015-12-03,HAS,70.41,0.8676392572944294,True,True,84.42,-0.16595593461265112,False,-0.03110353642948438,0.0012645299353144512,-0.03236806636479883,-0.04899872177247555,-0.022323816934973983,-0.026674904837501567,0.12114756426643947,-0.03214824181703235,0.15329580608347182,0.2320693083368841,0.01814114099508779,0.21392816734179632,0.21275387018889358,0.07183502747920811,0.14091884270968547,-0.0781139042749609
2017-08-10,HAS,97.82,0.9347310126582276,True,True,116.2,-0.15817555938037875,True,-0.0067470864853812484,-0.002748605185428188,-0.0039984812999530606,-0.03813126150071555,0.011568756153593762,-0.049700017654309314,-0.07288897975874054,0.060264194289465056,-0.1331531740482056,-0.021263545287262264,0.1551526091237283,-0.17641615441099057,-0.0014312001635655713,0.17106990482441753,-0.1725011049879831,-0.0936413821304436
2017-11-03,HAS,90.69,0.5810669456066946,True,True,116.2,-0.2195352839931154,False,0.008380196273018115,-0.0013929193267556705,0.009773115599773785,0.01598853236299491,0.02201586380344356,-0.006027331440448647,0.05568419891939569,0.08949506674405105,-0.033810867824655366,-0.02866909251295613,0.023447475333720158,-0.05211656784667629,0.07564229793803068,0.0582704585026117,0.01737183943541898,-0.03054361010034179
2018-02-01,HAS,95.74,0.7502742230347348,True,True,116.2,-0.1760757314974183,False,0.0077292667641530866,-0.08505575680090915,0.09278502356506224,-0.0009400459578022824,-0.04439235741174796,0.04345231145394568,-0.07990390641320233,-0.060622203281483045,-0.019281703131719286,0.06193858366409022,0.008629874280843941,0.05330870938324628,-0.054104867349070274,-0.041373677107749085,-0.012731190241321189,-0.17484854815124296
2018-12-21,HAS,78.11,0.19598836319093538,True,True,109.6,-0.2873175182481752,False,0.0401997183459224,0.03830494391358541,0.0018947744323369875,0.12917680194597359,0.09434981304528467,0.034826988900688916,0.08782486237357578,0.18292480265891164,-0.09509994028533586,0.36461400588913073,0.2022019110926465,0.16241209479648422,0.33632057355012157,0.3331948483589531,0.0031257251911684936,-0.016259121751376227
2019-08-27,HAS,107.26,0.32077330378032287,True,True,126.87,-0.15456766769133756,True,0.02153645347753108,0.02499389967581145,-0.0034574461982803673,0.10768226738765607,0.03747342001603515,0.07020884737162092,-0.11514077941450684,0.08331299891937105,-0.1984537783338779,-0.08931568152153646,0.17941924913723972,-0.2687349306587762,-0.25470818571694953,0.195384669013839,-0.4500928547307885,-0.13677046429237372
2026-03-27,HAS,88.59,0.8105456774984672,True,True,106.98,-0.17190128996074028,True,0.020656959024720534,0.03917424971218586,-0.018517290687465326,0.068856530082402,0.127868283682127,-0.05901175359972499,-0.05993904503894343,0.15636581557823015,-0.21630486061717358,,,,,,,-0.07258155548030254
2024-12-18,HOOD,37.08,0.9015384615384614,True,True,43.83,-0.1540041067761807,True,0.08899676375404542,0.025687384867298935,0.06330937888674648,0.348435814455232,0.02860407996179304,0.31983173449343894,0.15426105717367844,-0.03266357371904205,0.1869246308927205,0.9579288025889967,0.018284778604080065,0.9396440239849166,2.1596548004314995,0.1538343453639901,2.0058204550675094,-0.08252427184466005
2025-03-19,HOOD,42.8,3.018779342723004,True,True,66.91,-0.36033477806008074,True,0.045093457943925275,0.002574365665720446,0.04251909227820483,-0.050000000000000044,-0.07312256449138654,0.0231225644913865,0.6962616822429906,0.052668700297991755,0.6435929819449988,1.744392523364486,0.15001851427362345,1.5943740090908625,0.7500000000000002,0.16627580977906287,0.5837241902209374,-0.30700934579439243
2025-10-17,HOOD,129.91,11.186679174484052,True,True,153.86,-0.15566099051085414,True,0.07605265183588639,0.019356101085205912,0.056696550750680474,-0.05703948887691479,0.011348756001746008,-0.0683882448786608,-0.07882380109306442,0.03908848718373248,-0.1179122882767969,-0.44831036871680396,0.03267659055675143,-0.4809869592735554,,,,-0.21407128011700405
2026-01-14,HOOD,119.67,12.996491228070175,True,True,153.86,-0.2222150006499416,False,-0.11214172307178072,-0.001998957065878715,-0.110142766005902,-0.40569900559872984,-0.0131670432817661,-0.39253196231696375,-0.4011030333416896,-0.006170693551190709,-0.3949323397904989,-0.038104788167460546,0.08886667825482353,-0.12697146642228407,,,,-0.46924876744380384
2026-04-13,HOOD,71.67,6.350769230769231,True,True,153.86,-0.5341869231769141,False,0.27354541649225617,0.03296895496283336,0.2405764615294228,0.12711036695967626,0.0775397172423844,0.04957064971729186,0.6061113436584344,0.09562745955400098,0.5104838841044335,,,,,,,-0.024277940560904043
2026-07-09,HOOD,115.11,9.798311444652908,True,True,153.86,-0.251852333290004,False,-0.07896794370602034,-0.0013169972462785395,-0.0776509464597418,-0.2119711580227609,0.022415559191709455,-0.23438671721447035,,,,,,,,,,-0.2730431760924332
2015-07-01,HPQ,13.8601,0.5643277163914628,True,True,18.6649,-0.2574243633772483,False,-0.0042568235438416036,-0.012530120481927698,0.008273296938086094,0.00327558964221053,0.016000000000000014,-0.012724410357789484,-0.18053260798984128,-0.07060240963855424,-0.10993019835128703,-0.17533062532016364,-0.028096385542168756,-0.14723423977799488,-0.14935678674757036,-0.020722891566265167,-0.1286338951813052,-0.18872879705052625
2018-04-06,HPQ,20.78,0.45632428795694113,True,True,24.75,-0.16040404040404033,True,0.04764196342637139,0.020907130756198766,0.026734832670172626,0.04331087584215587,0.024256892037578748,0.019053983804577124,0.1000962463907602,0.04674264592638222,0.05335360046437798,0.24975938402309894,0.11612505775450477,0.13363432626859417,-0.04908565928777664,0.10572924688125673,-0.15481490616903337,-0.0009624639076034613
2018-10-11,HPQ,23.01,0.7292820586047002,True,True,27.08,-0.15029542097488913,True,0.03302911777488049,0.015541756990116395,0.017487360784764094,0.10821382007822677,0.030605871330418477,0.0776079487478083,-0.07822685788787487,-0.05217327405665573,-0.02605358383121914,-0.1399391568883095,0.06025645736120788,-0.20019561424951737,-0.30334637114298135,0.077414851012235,-0.38076122215521635,-0.16471099521946986
2019-01-09,HPQ,21.21,0.9693593314763234,True,True,27.08,-0.21676514032496297,False,-0.007543611504007508,0.01166802341357509,-0.0192116349175826,0.0777934936350777,0.04717602822033551,0.030617465414742195,-0.06694955209806708,0.11861844400511679,-0.18556799610318386,-0.007072135785007205,0.14908710315152907,-0.15615923893653627,-0.025931164545025975,0.25103694228011,-0.27696810682513595,-0.12965582272512965
2022-05-20,HPQ,34.65,0.8046875,True,True,41.47,-0.16445623342175064,True,0.11832611832611839,0.06578035572209529,0.052545762604023105,-0.010389610389610393,-0.03736878577111624,0.02697917538150585,-0.009812409812409717,0.09501321766804405,-0.10482562748045376,-0.15440115440115432,0.012986679670456525,-0.16738783407161084,-0.11861471861471862,0.07440392166927601,-0.19301864028399462,-0.13391053391053387
2022-08-17,HPQ,34.31,0.7982180293501051,True,True,41.47,-0.17265493127562082,False,-0.03176916350918113,-0.030423063400914052,-0.0013461001082670787,-0.2148061789565724,-0.08562053205203324,-0.12918564690453915,-0.14602156805596045,-0.07490917613969295,-0.0711123919162675,-0.13698630136986312,-0.037501464900972725,-0.09948483646889039,-0.08772952491984853,0.030446501816477234,-0.11817602673632577,-0.2981638006412126
2023-09-19,HPQ,27.57,0.4204018547140649,True,True,33.9,-0.1867256637168141,True,-0.06710192237939794,-0.038015856881479904,-0.029086065497918034,-0.01704751541530647,-0.015111472521515235,-0.0019360428937912344,0.0935799782372142,0.06277246956246763,0.030807508674746575,0.10627493652520847,0.1673104289489733,-0.061035492423764826,0.2488211824446862,0.27187097648573566,-0.023049794041049454,-0.08523757707653257
2015-06-24,HUM,184.23,1.30316289536192,True,True,219.79,-0.1617908003093862,True,0.04836345872007808,-0.014251781472684133,0.06261524019276221,0.002713998805840445,-0.001520190023752921,0.004234188829593366,0.019866471258752627,-0.07149643705463193,0.09136290831338456,-0.05069749769310106,-0.03610451306413298,-0.014592984628968075,0.031699506052217385,-0.009786223277909789,0.041485729330127175,-0.08049720458122989
2015-09-24,HUM,185.97,1.659754004576659,True,True,219.79,-0.1538741526002093,False,-0.03172554713125775,-0.003991705546915525,-0.027733841584342223,-0.11216862934881966,0.06407465007776048,-0.17624327942658014,-0.05694466849491853,0.03691031622602381,-0.09385498472094234,-0.018443835027154964,0.06080870917573877,-0.07925254420289374,-0.05441737914717426,0.11881804043545863,-0.1732354195826329,-0.12776254234553952
2015-12-18,HUM,175.38,1.5666617883799208,True,True,219.79,-0.20205650848537238,False,0.014140723001482502,0.025947405259474143,-0.01180668225799164,-0.0606682631999087,-0.07184281571842821,0.01117455251851951,0.04082563576234466,0.023047695230476783,0.017777940531867875,0.053084730299920224,0.04214578542145775,0.010938944878462475,0.1668947428441101,0.1339366063393661,0.032958136504743996,-0.11483635534268433
2016-03-17,HUM,182.54,1.5943718021603184,True,True,219.79,-0.16947995814186267,False,0.008381724553522485,-0.00737917216439421,0.015760896717916695,-0.06940944450531383,0.015393637296584162,-0.084803081801898,0.011778240385668992,0.01866783951522266,-0.00688959912955367,-0.03495124356305468,0.07027317597615212,-0.1052244195392068,0.2001753040429497,0.1677173434980208,0.03245796054492889,-0.11991892188013575
2018-12-14,HUM,299.93,0.7149636914632056,True,True,355.88,-0.1572159154771271,True,-0.08431967459073786,-0.0759012554228895,-0.008418419167848357,-0.03774213983262764,-0.00046070564748346143,-0.03728143418514418,-0.06704897809488886,0.07943333205359537,-0.14648231014848423,-0.16757243356783258,0.10941759127730633,-0.2769900248451389,0.15703664188310595,0.21752984988674307,-0.06049320800363711,-0.11482679291834763
2019-03-14,HUM,279.82,0.4970841581509817,True,True,355.88,-0.2137237270990221,False,-0.010935601458080257,0.012697396500213287,-0.023632997958293545,-0.06818669144449996,0.025074690567648217,-0.09326138201214818,-0.10774783789579012,0.02777777777777768,-0.1355256156735678,-0.020155814452147758,0.04581021482429937,-0.06596602927644712,0.17296833678793533,-0.02418551714326367,0.197153853931199,-0.19358873561575296
2020-02-27,HUM,314.33,0.5164511771516789,True,True,385.0,-0.1835584415584416,True,0.1790156841535966,0.01663809619844714,0.16237758795514945,-0.031336493494098505,-0.12204631777083119,0.09070982427673269,0.25482772882003,-0.006957749319350559,0.2617854781393806,0.32717208029777645,0.1382474538670968,0.18892462643067964,0.2133744790506793,0.31682968639709586,-0.10345520734641656,-0.33747971876690097
2020-11-25,HUM,401.04,0.6674566546089562,True,True,474.7,-0.155171687381504,True,0.006956912028725171,0.011112336623834818,-0.004155424595109647,0.00945042888489911,0.01748193900623174,-0.00803151012133263,-0.04897267105525649,0.08026801963271368,-0.12924069068797017,0.09652403750249339,0.14509457894446576,-0.04857054144197237,0.0902403750249352,0.2909888049412672,-0.20074842991633202,-0.07685018950728106
2021-02-25,HUM,380.59,0.4034072052804305,True,True,474.7,-0.19825152728038764,False,0.02094117028823672,-0.014725498914550217,0.03566666920278694,0.09422212880002112,0.019276541207857045,0.07494558759216408,0.17186473633043442,0.08529280987628485,0.08657192645414957,0.08610315562679016,0.1614050689195199,-0.07530191329272973,0.10504742636432907,0.12355818272173247,-0.018510756357403402,-0.004177724060012045
2023-01-09,HUM,481.71,0.2845599999999999,True,True,571.3,-0.15681778400140023,True,0.018164455792904377,0.025550456350229345,-0.007386000557324968,-0.0014739158414813769,0.07046356932913933,-0.07193748517062071,0.07166137302526421,0.050894652709740695,0.020766720315523512,-0.07357123580577529,0.14420151601093179,-0.21777275181670708,-0.043532415768823496,0.2236373949363173,-0.2671698107051408,-0.021070768719769095
2024-04-25,IBM,168.91,0.24046754559127637,True,True,199.18,-0.15197308966763734,True,-0.024983719140370564,0.003058650618681602,-0.028042369759052166,0.010419750162808494,0.04462849311803607,-0.03420874295522758,0.08992954828014921,0.09988281793084264,-0.00995326965069343,0.3833994434906163,0.15652743847941353,0.22687200501120275,0.37593984962406024,0.09364634848755671,0.28229350113650353,-0.03723876620685562
2025-04-07,IBM,225.78,0.7365020766035992,True,True,266.45,-0.15263651717020077,True,0.05881831871733545,0.06887664062809784,-0.010058321910762391,0.10337496678182312,0.10789484119116532,-0.004519874409342206,0.29316148463105685,0.23981918394861035,0.0533423006824465,0.23925945610771548,0.3158333002894642,-0.07657384418174873,0.08543715120914164,0.3069907609342164,-0.22155360972507476,-0.047036938612809
2025-08-01,IBM,250.05,0.9365706319702602,True,True,296.16,-0.15569286871961108,True,-0.03111377724455111,0.02486649938879215,-0.05598027663334326,-0.026234753049390158,0.03752493083703268,-0.06375968388642284,0.25210957808438295,0.10216817860129956,0.14994139948308338,0.16952609478104375,0.10858585858585856,0.06094023619518518,-0.10557888422315542,0.20155375410152465,-0.3071326383246801,-0.06674665066986607
2026-02-11,IBM,272.81,1.0033044499926569,True,True,324.9,-0.16032625423207136,False,-0.06059162054176914,-0.010809873403086923,-0.04978174713868222,-0.09211539166452842,-0.03742990924330902,-0.0546854824212194,-0.15780213335288296,0.0659864732065436,-0.22378860655942656,-0.1352223158975111,0.11247759986126349,-0.2476999157587746,,,,-0.19093874857959758
2026-05-08,IBM,229.76,0.861158363710004,True,True,324.9,-0.29282856263465684,False,-0.04552576601671299,0.002101353000189654,-0.04762711901690264,0.22223189415041777,0.0021691385808411123,0.22006275556957666,0.0268105849582172,0.04361324259103605,-0.01680265763281885,,,,,,,-0.1330518802228412
2014-03-21,ILMN,148.4436,1.456931095380042,True,True,178.3074,-0.16748491649813746,True,-0.06933205608055848,-0.0038131041890439032,-0.06551895189151458,-0.07463979585512615,0.004511278195488799,-0.07915107405061494,0.11304023885165826,0.0463480128893663,0.06669222596229196,0.1608125914488736,0.07572502685284643,0.08508756459602718,0.30937069701893516,0.12513426423200857,0.18423643278692658,-0.16323708128878578
2014-10-10,ILMN,149.7276,4.6629840731929635,True,True,179.9611,-0.16800019559782642,True,0.07140099754487483,-0.010863860606696751,0.08226485815157158,0.2106939535529857,0.06717749553899455,0.14351645801399115,0.26637239894314746,0.06177180644484093,0.20460059249830653,0.18756528522463456,0.09074210139603234,0.09682318382860222,-0.08803253374795306,0.055998740421958626,-0.14403127416991168,-0.05717249191197871
2015-08-19,ILMN,200.0486,3.937569726228909,True,True,235.7685,-0.15150412374850752,True,-0.048383242871982146,-0.06653225806451601,0.01814901519253387,0.021444289037763964,-0.04123463901689706,0.06267892805466102,-0.24439561186631642,-0.016705069124423932,-0.2276905427418925,-0.32555289064757265,-0.11064708141321034,-0.2149058092343623,-0.17505446176579087,0.04627496159754241,-0.22132942336333328,-0.3678581104791535
2015-11-12,ILMN,151.1576,2.222523056456874,True,True,235.7685,-0.3588727925910373,False,0.11828316935436933,0.018111696934192567,0.10017147242017677,0.1250403552318904,-0.01445030267525882,0.1394906579071492,-0.1074071035793106,-0.0955379808631126,-0.011869122716198,-0.09447225941666182,0.004296035930482223,-0.09876829534714404,-0.14325247291568544,0.05633665299746138,-0.19958912591314681,-0.16101406743690028
2018-10-10,ILMN,296.4591,1.0623944746638316,True,True,362.4611,-0.1820940233310554,True,0.07940690638270187,0.0077254761049225795,0.07168143027777929,0.12442593261599999,0.009737693136902648,0.11468823947909734,-0.036126737212654136,-0.07736255839022643,0.041235821177572296,0.03366602678076003,0.031908012935680796,0.0017580138450792315,-0.0255937496943085,0.04660438375853393,-0.07219813345284243,-0.1107754830261577
2019-01-08,ILMN,285.749,0.654370535137911,True,True,362.4611,-0.21164229761483366,False,0.0399318982743595,0.01394243875842216,0.02598945951593734,-0.03257859170110833,0.062195739377653325,-0.09477433107876165,0.0724086523487395,0.11843283872726573,-0.04602418637852623,0.26185533457684884,0.15145850371928193,0.11039683085756691,0.10818725524848727,0.26042762004907116,-0.1522403648005839,-0.08554885581401872
2019-04-04,ILMN,306.4397,0.8795945655840771,True,True,362.4611,-0.15455837881637502,False,0.04285443433079972,0.0035866007382128196,0.0392678335925869,0.0333311904430138,0.023852635977435588,0.009478554465578215,0.1766553093479728,0.029528518699073913,0.1471267906488989,-0.04720341391797478,0.03635350651159541,-0.08355692042957019,-0.1858930158200781,-0.14287206629988158,-0.04302094952019653,-0.04656837870550057
2019-07-12,ILMN,296.7412,1.1845452551079751,True,True,370.3891,-0.19883927469787854,True,-0.03884597083249641,-0.01157492100449009,-0.027271049828006322,-0.03622348362815808,-0.03003492433061694,-0.006188559297541141,-0.01121111594884694,-0.025178779311491706,0.013967663362644767,0.07195563002373784,0.08055878928987203,-0.008603159266134197,0.22143942263494254,0.04566771994012986,0.17577170269481268,-0.13686269382209137
2020-08-11,ILMN,331.9164,0.7126439924975554,True,True,393.1907,-0.1558386299574227,True,0.0435507254236307,0.017548076923076916,0.026002648500553782,0.016968730680376076,0.021003605769230882,-0.004034875088854806,-0.08757084615282651,0.032271634615384626,-0.11984248076821113,0.29026104163578537,0.146484375,0.14377666663578537,0.48339702406991636,0.32851562499999987,0.1548813990699165,-0.23677528437883766
2020-11-04,ILMN,302.8502,0.49090125007199736,True,True,393.1907,-0.22976255542158053,False,-0.028843963121041316,0.03821971240612454,-0.06706367552716586,0.11136099629453766,0.06738662164522324,0.04397437464931442,0.4140944929209227,0.1106421377423299,0.3034523551785928,0.2845855805939703,0.2227397100774291,0.061845870516541224,0.3400892586499862,0.3445304768003725,-0.004441218150386339,-0.060000620768947854
2021-02-22,ILMN,457.7432,1.0768860810494432,True,True,540.6323,-0.1533188083656859,True,-0.05113063394497175,0.006588636539803128,-0.057719270484774876,-0.08636523710237531,0.014365811435806064,-0.10073104853818138,-0.17893570019172322,0.06436193576725335,-0.24329763595897658,0.08511125888926352,0.15006588636539808,-0.06495462747613456,-0.29050502552522894,0.15391571712787133,-0.4444207426531003,-0.22594349845065964
2021-06-07,ILMN,418.6187,0.5418850230940928,True,True,540.6323,-0.22568684852902798,False,0.050657555431709245,0.007271607570051408,0.043385947861657836,0.10342992322129896,0.025438783486108063,0.0779911397351909,0.06232282504341069,0.06956583528742977,-0.007243010244019077,-0.15053221463828537,0.11191643572798982,-0.2624486503662752,-0.4224799322151638,-0.011369288708875214,-0.41111064350628856,-0.009597039023818033
2018-02-08,INTC,42.75,0.29820832068023084,True,True,50.85,-0.15929203539823011,True,0.07415204678362586,0.059775647246050445,0.014376399537575413,0.22081871345029236,0.08244381477312435,0.138374898677168,0.24748538011695898,0.03605946512440328,0.2114259149925557,0.1417543859649124,0.09016807048868536,0.05158631547622705,0.15157894736842104,0.04855800954857736,0.10302093781984367,-0.01660818713450296
2018-06-27,INTC,48.76,0.5718891038039975,True,True,57.6,-0.15347222222222223,True,0.04081214109926168,0.013959532207165282,0.026852608892096397,0.06972928630024611,0.051939855206979635,0.017789431093266472,-0.043068088597210896,0.0840542045665491,-0.12712229316376,-0.020918785890073788,-0.05297939483942826,0.032060608949354474,-0.011689909762100048,0.07841098941897151,-0.09010089918107156,-0.09639048400328132
2018-09-21,INTC,46.66,0.6274851761423088,True,True,57.6,-0.1899305555555556,False,0.013501928846978206,-0.00434946402274039,0.017851392869718596,-0.0570081440205743,-0.05390595568341383,-0.003102188337160472,0.02314616373767686,-0.12640843864515905,0.1495546023828359,0.15945135019288492,-0.033083324771396416,0.19253467496428134,0.08701243034719242,0.021541833624439066,0.06547059672275335,-0.09215602228889841
2018-12-18,INTC,47.74,0.3524079320113316,True,True,57.6,-0.17118055555555556,False,-0.032467532467532534,-0.03489101458366006,0.002423482116127529,0.015291160452450603,0.03089226909204945,-0.015601108639598849,0.13322161709258484,0.10682923004547584,0.026392387047109,-0.029744449099287862,0.13058648267210282,-0.16033093177139068,0.20863007959782154,0.25254822016622236,-0.04391814056840082,-0.08860494344365322
2019-08-05,INTC,46.97,0.3590856481481479,True,True,59.59,-0.2117805000839068,False,-0.029167553757717624,0.014974279472905305,-0.04414183323062293,0.0002129018522460946,0.02438165034176598,-0.024168748489519887,0.1994890355546095,0.0683179479952083,0.1311710875594012,0.3985522674047264,0.13980691987879634,0.25874534752593004,0.016180540770704743,0.15044746670424924,-0.1342669259335445,-0.046199701937406856
2020-02-27,INTC,55.83,0.5283328770873255,True,True,69.29,-0.1942560254004908,True,0.02024001432921363,0.01663809619844714,0.0036019181307664905,-0.005194339960594596,-0.12204631777083119,0.1168519778102366,0.11517105498835756,-0.006957749319350559,0.12212880430770812,-0.12860469281748166,0.1382474538670968,-0.26685214668457846,0.1318287658964714,0.31682968639709586,-0.18500092050062444,-0.21852050868708572
2020-06-25,INTC,58.51,0.7113190991517988,True,True,69.29,-0.15557800548419698,False,0.010596479234318945,0.015877663901090022,-0.005281184666771077,-0.13536147667065446,0.044021473889702234,-0.1793829505603567,-0.15023072978977947,0.06383601756954604,-0.21406674735932552,-0.13399418902751659,0.20250528713193416,-0.33649947615945075,-0.055546060502478234,0.37497966487717593,-0.43052572537965417,-0.19723124252264568
2020-09-21,INTC,49.72,0.3354821380607038,True,True,69.29,-0.2824361379708472,False,0.034392598551890696,0.022081536532403412,0.012311062019487284,0.09774738535800487,0.04599810380157199,0.05174928155643288,0.019106999195494856,0.130348350001529,-0.11124135080603414,0.28298471440064366,0.21237422393491756,0.0706104904657261,0.09131134352373294,0.34997094534666773,-0.2586596018229348,-0.12288817377312955
2026-02-26,INTC,45.46,0.7444359171143515,True,True,54.6,-0.16739926739926736,True,0.010778706555213402,-0.011591469606847538,0.02237017616206094,-0.02991641003079626,-0.06413753082837648,0.03422112079758022,1.6361636603607566,0.0817350935731902,1.5544285667875664,1.0413550373955123,0.11571159146960674,0.9256434459259055,,,,-0.10624725032996041
2026-06-01,INTC,109.33,2.77,True,True,132.75,-0.176421845574388,True,0.008597823104362856,-0.02546998180715576,0.03406780491151862,0.27714259581084777,-0.015516650407361499,0.29265924621820927,-0.19290222262873868,0.009940148179397257,-0.20284237080813594,,,,,,,-0.25189792371718644
2026-08-26,INTC,88.24,1.6626433313216653,True,True,142.35,-0.3801194239550404,True,0.020512239347234784,-0.0012009189640769247,0.02171315831131171,,,,,,,,,,,,,-0.02855847688123292
2022-08-26,KHC,38.11,0.5244,True,True,44.87,-0.15065745486962334,False,-0.020991865652059793,-0.03224692210900293,0.011255056456943136,-0.10627131986355276,-0.10115713898003997,-0.005114180883512787,0.008659144581474543,-0.026448890972342265,0.03510803555381681,0.04959328260299145,0.004811132219782355,0.044782150383209096,-0.11178168459721849,0.0855147911475167,-0.1972964757447352,-0.14117029651010238
2023-03-09,KHC,37.79,0.5772120200333888,True,True,44.87,-0.15778916870960547,False,0.010320190526594386,0.011620185922974757,-0.0012999953963803712,0.03572373643821125,0.0450250280927571,-0.009301291654545851,0.00714474728764225,0.09076514455000506,-0.08362039726236281,-0.10902355120402218,0.15182858310348357,-0.26085213430750576,-0.08706006880127015,0.31476657472673386,-0.401826643528004,-0.015003969304048681
2014-01-17,KR,18.395,0.7159514925373134,True,True,21.925,-0.16100342075256557,True,-0.0274531122587659,-0.030657808756262228,0.003204696497496329,0.022016852405545073,0.003267262034415186,0.018749590371129887,0.1965207936939386,0.0030494445654540847,0.19347134912848452,0.3269910301712422,0.07062731431060776,0.25636371586063444,0.8105463441152487,0.08375081681550878,0.72679552729974,-0.04512095678173411
2016-04-19,KR,36.23,1.1463270142180093,True,True,42.75,-0.15251461988304105,False,0.004692243996687884,-0.004668889947594179,0.009361133944282063,-0.0488545404361026,-0.024059075750357373,-0.024795464685745228,0.02953353574385864,0.02963315864697469,-9.962290311604782e-05,-0.19955837703560575,0.024487851357789303,-0.22404622839339505,-0.17195694176097154,0.11753215817055729,-0.2894890999315288,-0.07203974606679542
2016-07-19,KR,36.21,0.8815276695245517,True,True,42.75,-0.1529824561403509,False,0.0057995028997515075,0.0025903140755816345,0.003209188824169873,-0.11350455675227833,0.008187242703177722,-0.12169179945545605,-0.13918806959403474,-0.01147139090614735,-0.12771667868788739,-0.09085887876277265,0.047504509921828086,-0.13836338868460074,-0.36840651753659204,0.1357139553170823,-0.5041204728536743,-0.20712510356255176
2020-03-23,KR,31.08,0.07431731766332517,True,True,36.84,-0.1563517915309447,True,-0.04601029601029605,0.17358152052029596,-0.219591816530592,0.035070785070785204,0.22466920834267778,-0.18959842327189258,0.0556628056628059,0.39789190401435315,-0.34222909835154725,0.10585585585585577,0.4983628616281679,-0.3925070057723121,0.13899613899613894,0.7469387755102042,-0.6079426365140652,-0.12065637065637069
2020-11-09,KR,31.01,0.45518535898639145,True,True,37.22,-0.16684578183772159,True,0.04159948403740721,0.02259138086642598,0.019008103170981228,0.009351821992905407,0.04402639891696758,-0.03467457692406217,0.06900999677523378,0.09349616425992768,-0.0244861674846939,0.1573685907771687,0.1722134476534296,-0.014844856876260915,0.3647210577233151,0.32144065884476536,0.04328039887854973,-0.02128345694937117
2021-03-10,KR,35.24,0.5335073977371627,True,True,42.99,-0.18027448243777622,True,0.0011350737797957144,0.019713537655937197,-0.018578463876141482,0.05646992054483535,0.048616458750449176,0.007853461794386174,0.09562996594778661,0.08475794445300067,0.010872021494785944,0.3110102156640182,0.16081421017506048,0.15019600548895773,0.640749148694665,0.07662097643616206,0.564128172258503,-0.020431328036322305
2022-05-16,KR,53.2,1.157339821573398,True,True,62.78,-0.15259636827014966,True,-0.05601503759398507,-0.007923217276112782,-0.04809182031787229,-0.052819548872180544,-0.06553525456772225,0.012715705695541701,-0.11296992481203016,0.049738808768027276,-0.16270873358005744,-0.1278195488721805,-0.059336649253917795,-0.0684828996182627,-0.0776315789473685,0.03229273413481981,-0.10992431308218831,-0.16654135338345866
2022-08-11,KR,47.19,1.0455136540962289,True,True,62.78,-0.2483274928321122,False,0.05149396058486966,0.018809971665991965,0.03268398891887769,0.10065691883873695,-0.03188171146932062,0.13253863030805757,-0.016740834922653103,-0.1039072358865687,0.08716640096391559,-0.04704386522568338,-0.0076430391199791,-0.03940082610570428,0.0400508582326764,0.061715755137027095,-0.021664896904350694,-0.11379529561347734
2022-11-04,KR,46.4,0.6672655407833274,True,True,62.78,-0.2609111181905066,False,0.015086206896551824,0.05888136043576453,-0.043795153539212706,-0.007112068965517193,0.06175102962667722,-0.06886309859219442,-0.030818965517241392,0.10742659758203787,-0.13824556309927927,0.0620689655172415,0.10405207918161286,-0.04198311366437135,-0.022198275862069017,0.15501527833134032,-0.17721355419340934,-0.07198275862068959
2014-10-13,LUV,28.88,2.6235884567126724,True,True,35.49,-0.18624964778810937,True,0.13711911357340734,0.015420735286270748,0.12169837828713659,0.3545706371191135,0.08841577290432734,0.2661548642147862,0.4501385041551247,0.09866069046475645,0.35147781369036823,0.43144044321329655,0.1060242249613148,0.32541621825198175,0.38296398891966765,0.07427565231311029,0.30868833660655737,-0.016620498614958512
2015-05-20,LUV,37.19,3.5298416565164423,True,True,47.17,-0.2115751536993853,False,-0.010217800484001005,-0.001972942502818431,-0.008244857981182574,-0.08954019897821996,-0.00046974821495671115,-0.08907045076326325,0.0583490185533746,-0.016253288237504715,0.07460230679087931,0.2468405485345524,-0.022547914317925466,0.26938846285247786,0.1347136326969618,-0.037720781661029656,0.17243441435799145,-0.1567625705834902
2015-08-14,LUV,39.36,3.3395810363836826,True,True,47.17,-0.16557133771464916,False,-0.03683943089430897,-0.05534332919491913,0.018503898300610166,-0.01244918699186992,-0.06403399866297388,0.05158481167110396,0.17809959349593485,-0.0063986247731829815,0.18449821826911783,-0.0932418699186992,-0.10252124916435867,0.00927937924565947,-0.05386178861788615,0.044074109445134235,-0.09793589806302039,-0.16310975609756106
2015-12-11,LUV,43.42,3.2905138339920956,True,True,51.34,-0.15426567978184658,True,-0.01566098572086594,-0.009213394095502259,-0.00644759162536368,-0.01704283740211887,-0.040717257776897164,0.023674420374778293,-0.026715799170889065,-0.011591044184664168,-0.015124754986224898,-0.03800092123445409,0.046909054884089585,-0.08490997611854367,0.1423307231690465,0.11526649494749353,0.027064228221552966,-0.21787194841087054
2016-04-05,LUV,43.63,2.40859375,True,True,51.34,-0.15017530190884298,False,0.023378409351363594,0.008472501101914887,0.014905908249448707,-0.011230804492321833,0.009647876977324943,-0.020878681469646776,-0.1086408434563374,0.012096576717762764,-0.12073742017410016,-0.14645885858354346,0.05778931387433284,-0.2042481724578763,0.23217969287187712,0.15451295362162698,0.07766673925025014,-0.1638780655512263
2016-06-29,LUV,38.89,2.017067494181536,True,True,51.34,-0.24250097389949365,False,0.024685008999742797,0.013887544759508375,0.010797464240234422,-0.0365132424787864,0.04892093293332045,-0.08543417541210685,-0.04242735921830798,0.04514661763282701,-0.087573976851135,0.2946772949344305,0.0913093970773251,0.2033678978571054,0.5816405245564411,0.16776347624116905,0.41387704831527206,-0.08922602211365382
2016-09-23,LUV,37.24,1.5333333333333337,True,True,51.34,-0.27463965718737826,False,0.04430719656283566,0.0014352516320199626,0.0428719449308157,0.13936627282491942,-0.009305986388258858,0.14867225921317828,0.3520408163265305,0.04416871151442203,0.30787210481210847,0.4280343716433941,0.0974119172183896,0.3306224544250045,0.4669709989258861,0.15463678874021936,0.31233421018566676,-0.016917293233082775
2017-08-09,LUV,54.69,0.9338755304101838,True,True,64.39,-0.15064451001708346,True,0.011336624611446355,-0.0012537917087968031,0.012590416320243158,-0.04534649844578531,-0.0015369059656218376,-0.04380959248016347,-0.012799414883890914,0.041820020222446797,-0.05461943510633771,0.11172060705796305,0.14014155712841236,-0.028420950070449313,0.062168586578899454,0.15502527805864497,-0.09285669147974551,-0.0901444505394039
2017-11-02,LUV,53.99,0.529028603794959,True,True,64.39,-0.16151576331728523,False,-0.009816632709761075,0.0022516402034242766,-0.012068272913185352,0.1098351546582701,0.026670289995729624,0.08316486466254047,0.12613446934617523,0.09437478162972157,0.031759687716453655,-0.008520096314132308,0.03482278038743747,-0.04334287670156978,-0.09057232820892758,0.05062308319422337,-0.14119541140315095,-0.022411557695869666
2018-02-08,LUV,55.63,0.2859454461396209,True,True,66.99,-0.16957754888789356,True,0.04583857630774757,0.059775647246050445,-0.013937070938302876,0.07316196296962074,0.08244381477312435,-0.009281851803503605,-0.06525256156749959,0.03605946512440328,-0.10131202669190287,0.015998561927017763,0.09016807048868536,-0.0741695085616676,0.03325543771346395,0.04855800954857736,-0.01530257183511341,-0.08322847384504772
2018-05-18,LUV,52.19,0.27572720606208767,True,True,66.99,-0.2209284967905657,False,0.0128377083732516,0.0030221501492646574,0.009815558223986942,0.003448936577888473,0.019275421073968957,-0.015826484496080484,0.13220923548572538,0.046327350458850836,0.08588188502687455,0.013220923548572516,0.03567611395717396,-0.022455190408601444,0.0009580379383025139,0.053477315446135654,-0.05251927750783314,-0.04330331481126648
2013-06-24,LVS,49.47,0.8997695852534562,True,True,60.54,-0.18285431119920714,True,0.07074994946432178,0.0273780720743666,0.04337187738995518,0.12613705275924803,0.07691328154845278,0.04922377121079524,0.30665049524964627,0.10180822615560947,0.2048422690940368,0.5399231857691531,0.13415255316439567,0.40577063260475743,0.5235496260359815,0.2475487075003182,0.27600091853566333,0.018799272286234014
2014-04-11,LVS,74.62,0.6723442402510087,True,True,88.28,-0.15473493429995466,True,0.014875368533905142,0.030466640956421154,-0.015591272422516012,0.01755561511659076,0.04561732135970464,-0.028061706243113882,0.017019565800053593,0.08600077130736605,-0.06898120550731246,-0.17086571964620756,0.07090518428736714,-0.2417709039335747,-0.2054409005628518,0.15718142251115652,-0.3626223230740083,-0.047306352184400935
2014-07-10,LVS,74.93,0.6540838852097133,True,True,88.28,-0.15122338015405523,False,-0.02095288936340589,-0.0032087195680960967,-0.017744169795309794,-0.10943547310823443,-0.02704492207395337,-0.08239055103428106,-0.1660216201788336,0.0009167770194560276,-0.16693839719828962,-0.21940477779260648,0.05734949577263926,-0.27675427356524573,-0.2819965300947552,0.041713354385250145,-0.32370988448000537,-0.211530762044575
2018-09-28,LVS,59.33,0.5691615974609889,True,True,81.45,-0.2715776550030694,False,-0.010618574077195242,-0.009975233902036473,-0.0006433401751587686,-0.11697286364402493,-0.0873348926802423,-0.029637970963782623,-0.13281645036237988,-0.15320583379196484,0.020389383429584962,-0.0008427439743805554,-0.040176114474408386,0.03933337050002783,-0.03741783246249786,0.016097963676389382,-0.05351579613888724,-0.20124726108208324
2025-11-17,LYFT,21.58,0.9131205673758864,True,True,25.54,-0.15505090054815984,True,-0.07877664504170523,0.004596872324124757,-0.08337351736582999,-0.11075069508804436,0.019829645319753064,-0.13058034040779742,-0.38507877664504164,0.024156113389517397,-0.40923489003455904,-0.3568118628359591,0.10892784713146142,-0.46573970996742053,,,,-0.40083410565338273
2026-06-01,LYFT,14.86,0.8598247809762201,True,True,25.54,-0.418167580266249,False,-0.05652759084791381,-0.02546998180715576,-0.03105760904075805,-0.01682368775235532,-0.015516650407361499,-0.0013070373449938222,0.17025572005383593,0.009940148179397257,0.16031557187443868,,,,,,,-0.11440107671601607
2014-04-07,MGM,23.92,0.8039215686274512,True,True,28.75,-0.16799999999999993,True,-0.010033444816053616,-0.007594662037539335,-0.0024387827785142813,0.0735785953177257,0.0132364109797114,0.060342184338014304,0.12541806020066892,0.06992513833134417,0.05549292186932475,-0.05560200668896331,0.07355972659216659,-0.1291617332811299,-0.10785953177257535,0.12742757947271355,-0.2352871112452889,-0.05852842809364556
2014-09-02,MGM,23.83,1.1353046594982077,True,True,28.75,-0.1711304347826088,False,0.019303399076793903,-0.006430387318678177,0.02573378639547208,-0.04406210658833387,-0.01789541897213498,-0.02616668761619889,-0.042803189257238805,0.03240117641194362,-0.07520436566918243,-0.08182962652119175,0.05582971935596426,-0.137659345877156,-0.1254720939991607,-0.006629779173520811,-0.1188423148256399,-0.17960553923625677
2014-11-25,MGM,22.81,1.3442959917780057,True,True,28.75,-0.206608695652174,False,-0.02981148619026741,0.003766114625078254,-0.033577600815345665,-0.08943445857080223,0.003186712375066403,-0.09262117094586864,-0.040771591407277485,0.02269325479213946,-0.06346484619941695,-0.12012275317843046,0.027859591521413707,-0.14798234469984417,-0.006137658921525513,0.009463570083530382,-0.015601229005055894,-0.2437527400263042
2016-03-24,MGM,20.52,0.5616438356164382,True,True,24.41,-0.15936091765669813,False,0.06822612085769997,0.0187081528160693,0.04951796804163067,0.08040935672514626,0.028800708940527775,0.05160864778461849,0.18323586744639386,0.023286727057896695,0.15994914038849717,0.22904483430799227,0.049379677038204006,0.17966515726978827,0.2685185185185186,0.1534068530917685,0.11511166542675011,-0.01851851851851849
2018-04-26,MGM,32.29,0.4730839416058392,True,True,38.41,-0.15933350689924497,False,-0.03127903375658092,-0.013856032443393063,-0.017423001313187858,-0.030040260142458974,0.02437009500206533,-0.0544103551445243,-0.04087952926602667,0.05215726033569901,-0.09303678960172568,-0.14493651285227627,0.05290826480417543,-0.1978447776564517,-0.14060080520284912,0.09665427509293689,-0.237255080295786,-0.13657479095695257
2018-07-23,MGM,30.97,0.6722462203023758,True,True,38.41,-0.19369955740692524,False,-0.006457862447529883,-0.0008922198429692774,-0.0055656426045606056,-0.07717145624798194,0.01952177016416856,-0.0966932264121505,-0.10849208911850172,0.0007137758743753775,-0.1092058649928771,-0.11527284468840815,-0.08137044967880092,-0.033902395009607234,-0.08459799806264123,0.06316916488222701,-0.14776716294486825,-0.170164675492412
2022-02-22,MGM,43.23,0.5600866113316492,True,True,51.17,-0.1551690443619309,False,-0.030303030303030165,0.0009544428149079742,-0.03125747311793814,-0.029146426092990896,0.046604744279162835,-0.07575117037215373,-0.23664122137404575,-0.08778545987848307,-0.14885576149556268,-0.17788572750404807,-0.0016528156063039257,-0.17623291189774415,-0.005783021050196568,-0.07095467560583846,0.06517165455564189,-0.24797594263243117
2023-05-31,MGM,39.29,1.2869615832363213,True,True,46.37,-0.15268492559844726,True,0.05701196233138206,0.02082086873279887,0.03619109359858319,0.09468058030033077,0.048486298911092574,0.0461942813892382,0.07330109442606259,0.0529376570539668,0.020363437372095783,0.025960804275897198,0.08713653224841433,-0.061175727972517135,-0.015016543649783554,0.25906425750867546,-0.274080801158459,-0.015525579027742431
2023-08-25,MGM,42.17,0.8935788055680289,True,True,51.35,-0.17877312560856862,True,0.05169551814085849,0.025501738754915015,0.026193779385943472,-0.12591889969172398,-0.017592108552855867,-0.10832679113886812,-0.04410718520275081,0.03247948723776606,-0.07658667244051687,0.008774009959686913,0.1353274086869558,-0.1265533987272689,-0.0768318709983401,0.2776552946791826,-0.3544871656775227,-0.19089400047427085
2023-11-20,MGM,40.31,0.5257380772142317,True,True,51.35,-0.2149951314508276,False,-0.014388489208633226,0.001474926253687281,-0.015863415462320507,0.11684445547010669,0.04530445119535065,0.07154000427475604,0.055321260233192726,0.09961255668559854,-0.044291296452405815,0.02431158521458676,0.15198344560383914,-0.12767186038925238,-0.07839245844703557,0.29474309866596227,-0.37313555711299784,-0.03026544281815924
2015-08-20,MMM,119.8579,0.5292308163398101,True,True,142.5585,-0.15923708512645696,False,0.003836209377938493,-0.023042604304554515,0.026878813682493008,-0.026020812979369756,-0.04177084865421388,0.01575003567484412,0.08580327204130889,-0.007010834926704956,0.09281410696801384,0.051063801384806595,-0.1034956120998185,0.1545594134846251,0.2547608459684343,0.07059861744374185,0.18416222852469244,-0.0652255712806582
2018-03-23,MMM,180.0669,0.29485378981544397,True,True,217.199,-0.17095889023430133,True,-0.012723049044549573,-0.002247626428986571,-0.010475422615563001,0.0024146581076254225,0.03301685719821723,-0.03060219909059181,-0.07415466140639948,0.06762255376864945,-0.14177721517504893,-0.029299665846415968,0.12702964541755457,-0.15632931126397054,-0.04968431177523469,0.08215462119744221,-0.1318389329726769,-0.11106983015756922
2018-07-24,MMM,167.7926,0.3423407999999999,True,True,217.199,-0.22747066054631937,False,0.058003153893556814,-0.000994282873477581,0.058997436767034395,0.024965344121254507,0.01679627854124477,0.008169065580009738,0.011212055835597035,-0.004119171904406915,0.01533122774000395,-0.0585007920492322,-0.07549447817904187,0.01699368612980967,-0.11540735407878533,0.06540960903376991,-0.18081696311255524,-0.023669101021141503
2026-03-23,MMM,146.56,0.6820437014601968,True,True,177.41,-0.17389098697931338,True,-0.027565502183406032,-0.03571973511550541,0.008154232932099381,0.013032205240174566,0.07430803503311068,-0.06127582979293611,0.08644923580786013,0.13058073178919116,-0.04413149598133104,,,,,,,-0.03527565502183416
2017-07-31,MO,64.97,0.5800097276264593,True,True,77.79,-0.1648026738655355,True,0.01569955364014164,0.004457592089800233,0.011241961550341406,-0.016007388025242375,-0.008915184179600466,-0.007092203845641909,-0.01292904417423435,0.03967256959922194,-0.05260161377345629,0.09712174849930744,0.1455606435142034,-0.048438895014895955,-0.1088194551331384,0.1404141508287069,-0.2492336059618453,-0.06449130367862088
2017-10-24,MO,64.13,0.3607044345427539,True,True,77.79,-0.17560097698933042,False,0.0014033993450803806,0.002299657000311761,-0.0008962576552313806,0.023701855605800848,0.013369192391643248,0.0103326632141576,0.11149228130360211,0.10184752104770811,0.009644760255894003,-0.04101044752845773,0.053905519176800754,-0.09491596670525848,-0.04397317947918278,0.07191300280636104,-0.11588618228554382,-0.013722126929674006
2022-04-22,MOS,66.77,1.5368541033434648,True,True,79.28,-0.15779515640766906,True,-0.06514901902051806,-0.03295465214533855,-0.032194366875179514,-0.13209525235884367,-0.08546145901793267,-0.046633793340911,-0.28066496929758866,-0.07339686414421187,-0.2072681051533768,-0.22120712895012729,-0.14099615059618809,-0.0802109783539392,-0.3402725775048675,-0.032485212656088724,-0.3077873648487788,-0.3634865957765463
2022-07-20,MOS,48.03,0.9830718414533446,True,True,79.28,-0.3941725529767911,False,0.06433479075577764,0.015882665856068234,0.0484521248997094,0.12866958151155528,0.08075588317248017,0.047913698339075106,0.08265667291276291,-0.07295387187476243,0.15561054478752534,-0.06662502602540088,-0.01061377510955741,-0.05601125091584347,-0.2082032063293775,0.15307647490944087,-0.3612796812388184,-0.03414532583801788
2022-10-13,MOS,52.0,1.5922233300099702,True,True,79.28,-0.34409687184661963,False,-0.00903846153846155,-0.0015301800694046408,-0.00750828146905691,0.028846153846153744,0.07847637784517847,-0.049630223999024725,-0.13788461538461538,0.0672459491215125,-0.20513056450612788,-0.16019230769230763,0.11809711178511884,-0.27828941947742647,-0.30499999999999994,0.18496051588928042,-0.48996051588928036,-0.1940384615384616
2023-01-10,MOS,44.83,1.1246445497630329,True,True,79.28,-0.4345358224016146,False,0.04974347535132728,0.0023298684008399295,0.04741360695048735,0.11554762435868837,0.05138511956577396,0.06416250479291441,-0.02587552977916563,0.04764708894464653,-0.07352261872381216,-0.21458844523756404,0.1345434994111323,-0.34913194464869635,-0.23734106625027884,0.21327256899994884,-0.4506136352502277,-0.08186482266339512
2020-03-12,MRK,71.0401,0.13490927448342838,True,True,88.3969,-0.19635077700688608,True,-0.049966145880988355,-0.030631574704768183,-0.019334571176220172,0.10799112050799486,0.12127685300874602,-0.013285732500751157,0.11349927716881036,0.3026480190238199,-0.18914874185500952,0.13404964238507566,0.42114384748700173,-0.28709420510192607,0.004163845490082307,0.5701906412478335,-0.5660267957577512,-0.12357246118741383
2023-10-19,MRK,100.43,0.31843405269797853,True,True,119.65,-0.16063518595904724,False,0.050980782634670874,-0.032549304692446546,0.08353008732711742,0.015533207209001088,0.05581220833431044,-0.040279001125309355,0.17624215871751447,0.10754402832821341,0.06869813038930106,0.25201632978193755,0.1979691860328776,0.054047143749059945,0.0928009558896743,0.36564031611284387,-0.27283936022316957,-0.006273025988250636
2024-07-31,MRK,113.13,0.44427422443508235,True,True,134.63,-0.15969694718859095,True,-0.005657208521170354,-0.058368584448357796,0.05271137592718744,0.037744188102183385,0.013598155443800941,0.024146032658382444,-0.06408556527888265,0.05161489442820577,-0.11570045970708842,-0.14584990718642266,0.10700604564187288,-0.25285595282829554,-0.30946698488464597,0.14754634084348517,-0.45701332572813114,-0.0695659860337664
2024-10-24,MRK,105.88,0.3044228163114451,True,True,134.63,-0.2135482433335809,False,-0.03362296939931997,-0.01829984117118988,-0.01532312822813009,-0.05685681904042306,0.024911953594364933,-0.08176877263478799,-0.08736305251227805,0.05267246737103792,-0.14003551988331597,-0.26473366074801663,-0.1128375112216008,-0.15189614952641584,-0.17368719304873448,0.1692044748290864,-0.3428916678778209,-0.1076690593124291
2021-12-08,MRNA,283.4,14.236559139784944,True,True,497.49,-0.4303403083479066,False,-0.0004234297812280019,0.002300221502811395,-0.0027236512840393967,-0.2376146788990825,-0.003365138865224049,-0.23424954003385845,-0.5537755822159491,-0.10668342136650188,-0.44709216084944725,-0.494001411432604,-0.12764099505878346,-0.36636041637382055,-0.3876499647141849,-0.161207190322031,-0.22644277439215388,-0.5544107268877911
2022-03-07,MRNA,126.46,5.141816415735794,True,True,497.49,-0.7458039357575027,False,0.18669935157362016,-0.005793576997353611,0.19249292857097378,0.3643839949391112,0.08909710797987747,0.27528688695923376,0.1339554009172863,-0.02346041055718484,0.15741581147447115,0.08097422109758012,-0.03366473547433424,0.11463895657191436,0.1389372133480944,-0.035667453448728015,0.1746046667968224,-0.05891190890400122
2023-04-06,MRNA,158.27,3.568995381062356,True,True,217.25,-0.27148446490218636,False,-0.0073924306564732145,0.007991397639238507,-0.015383828295711721,-0.1341378656725849,0.008406852562379274,-0.14254471823496417,-0.21943514247804385,0.08294435347882412,-0.30237949595686797,-0.36646237442345364,0.047239668613602515,-0.41370204303705616,-0.3499715675743983,0.26696644590532514,-0.6169380134797234,-0.25932267643899665
2023-08-03,NET,65.04,0.5627102354637197,True,True,80.99,-0.1969378935671069,False,-0.026906519065190704,-0.006527938686391455,-0.02037858037879925,-0.00015375153751540083,0.0033642277871848147,-0.0035179793247002156,-0.14898523985239853,-0.08501916050262892,-0.06396607934976961,0.2586100861008609,0.08731396488726495,0.17129612121359594,0.1439114391143912,0.20980750378754132,-0.06589606467315012,-0.16036285362853642
2024-02-28,NET,97.48,0.35917456776352497,True,True,116.0,-0.15965517241379312,True,0.00010258514567085264,0.006893690988819978,-0.006791105843149126,-0.009540418547394403,0.0334018093469759,-0.0429422278943703,-0.24476815757078374,0.03891281159878335,-0.2836809691695671,-0.1554164956914239,0.10358313909848715,-0.25899963478991106,0.44357816988100107,0.15563149369888984,0.2879466761821112,-0.2637464095199016
2025-02-25,NET,143.14,0.378865234563144,True,True,177.368,-0.19297731270578689,True,-0.015439429928740922,-0.029247442110931554,0.013808012182190632,-0.10926365795724458,-0.03160339256865907,-0.0776602653885855,0.09347491965907517,-0.019150511577813667,0.11262543123688884,0.4137906944250387,0.08255923532579423,0.33123145909924445,0.14440407992175497,0.15668753365643506,-0.012283453734680094,-0.37529691211401417
2025-11-13,NET,213.54,4.290882061446977,True,True,260.0,-0.1786923076923077,True,-0.10372763884986425,-0.029031010058925055,-0.07469662879093919,-0.05198089350941271,0.014463424796143043,-0.06644431830555575,-0.11299990634073243,0.029641092792095813,-0.14264099913282824,-0.08153039243233118,0.09758347717397786,-0.17911386960630904,,,,-0.24908682214105082
2026-02-11,NET,189.41,2.34351279788173,True,True,260.0,-0.27149999999999996,False,0.01705295390950834,-0.010809873403086923,0.027862827312595262,0.11984583707301621,-0.03742990924330902,0.15727574631632524,0.03547859141544807,0.0659864732065436,-0.030507881791095537,0.5466976400401244,0.11247759986126349,0.43422004017886096,,,,-0.16144870914946408
2026-05-08,NET,196.13,3.68090692124105,True,True,260.0,-0.24565384615384622,False,0.007291082445316954,0.002101353000189654,0.0051897294451273,0.2633967266608881,0.0021691385808411123,0.261227588080047,0.49370315606995363,0.04361324259103605,0.4500899134789176,,,,,,,-0.052924080966705755
2026-08-20,NET,278.91,3.4905812268555794,True,True,332.22,-0.16046595629402205,True,0.10512351654655627,0.011146079202727588,0.09397743734382868,,,,,,,,,,,,,-0.03445555914094156
2016-01-15,NKE,57.56,1.1461595824011934,True,True,68.195,-0.15594984969572534,True,0.054551772063933246,-0.0009051701187371419,0.05545694218267039,0.003995830437804049,0.0104893243171289,-0.006493493879324852,0.035093815149409346,0.10750226292529685,-0.07240844777588751,-0.014593467685893091,0.13226132793780954,-0.14685479562370263,-0.0896455872133427,0.2061658058676321,-0.2958113930809748,-0.06810284920083398
2016-05-11,NKE,57.01,0.7606547251389746,True,True,68.195,-0.1640149571082924,False,-0.015611296263813412,-0.0076997578692493684,-0.007911538394564044,-0.036309419400105236,0.027021791767554593,-0.06333121116765983,-0.02034730748991398,0.05656174334140429,-0.07690905083131827,-0.11980354323802844,0.029297820823244614,-0.14910136406127306,-0.037186458516049736,0.1595157384987893,-0.19670219701483904,-0.09700052622346955
2016-08-05,NKE,55.85,0.6786895100691313,True,True,68.195,-0.18102500183297887,False,0.0107430617726052,0.001283344027867006,0.009459717744738194,0.038854073410922174,0.0008708405903381511,0.03798323282058402,-0.10152193375111906,-0.02580438170318089,-0.07571755204793817,-0.047627573858549765,0.04945457878815662,-0.09708215264670639,0.07681289167412708,0.13190943257860477,-0.05509654090447769,-0.10474485228290065
2020-02-27,NKE,88.55,0.5304182509505704,True,True,105.62,-0.1616171179700815,True,0.02292490118577084,0.01663809619844714,0.006286804987323702,-0.047995482778091514,-0.12204631777083119,0.07405083499273968,0.05872388481084134,-0.006957749319350559,0.0656816341301919,0.20801806888763408,0.1382474538670968,0.06977061502053727,0.5319028797289669,0.31682968639709586,0.21507319333187103,-0.3224167137210615
2021-09-27,NKE,148.04,0.7459606085623303,True,True,174.38,-0.15104943227434342,True,-0.006079437989732539,-0.03162841135008132,0.02554897336034878,0.10929478519319114,0.02916591360925369,0.08012887158393744,0.12557416914347486,0.04613229712633293,0.07944187201714192,-0.11348284247500662,0.004247243809867962,-0.11773008628487458,-0.344636584706836,-0.1687375745526839,-0.1758990101541521,-0.024790597135909143
2022-01-10,NKE,150.44,0.9685946087411672,True,True,179.1,-0.16002233389168063,True,-0.023198617388992315,-0.019376597710038412,-0.003822019678953903,-0.04593193299654341,-0.03129900539193575,-0.01463292760460766,-0.1467694762031374,-0.040793967906167405,-0.10597550829697,-0.30656740228662593,-0.17948056969775084,-0.1270868325888751,-0.17010103695825585,-0.1668062984683465,-0.0032947384899093546,-0.2239431002392981
2022-04-14,NKE,133.46,0.5200455580865606,True,True,179.1,-0.2548297040759352,False,-0.03289375093661029,-0.026839352200826894,-0.006054398735783395,-0.1532294320395624,-0.08239110075607026,-0.07083833128349215,-0.2124231979619362,-0.13467644304346837,-0.07774675491846783,-0.32436685149108346,-0.1475364900979923,-0.17683036139309116,-0.05627154203506668,-0.05785879074442091,0.0015872487093542276,-0.25423347819571407
2014-01-31,NVAX,108.8,1.5302325581395348,True,True,130.0,-0.16307692307692312,True,-0.018382352941176516,0.008418453249523061,-0.026800806190699578,0.15808823529411775,0.03816365473117056,0.11992458056294719,-0.17463235294117652,0.05370973173195637,-0.22834208467313288,-0.1783088235294117,0.11488382534515651,-0.2931926488745682,0.44485294117647056,0.13362891458076098,0.3112240265957096,-0.38602941176470584
2014-04-29,NVAX,89.8,0.796,True,True,139.0,-0.35395683453237414,True,-0.08463251670378613,-0.005166444740346221,-0.07946607196343991,0.09576837416481077,0.01933422103861515,0.07643415312619561,-0.00445434298440972,0.058055925432756394,-0.06251026841716611,0.0868596881959911,0.0038348868175765993,0.0830248013784145,0.8329621380846326,0.12260985352862863,0.710352284556004,-0.15367483296213802
2014-07-24,NVAX,89.4,1.108490566037736,True,True,139.0,-0.3568345323741007,False,-0.02908277404921711,-0.027988925245406526,-0.001093848803810582,0.0022371364653241965,0.004278882456581812,-0.0020417459912576152,0.0917225950782996,-0.05124590989176947,0.14296850497006908,0.30425055928411626,0.011125094387113066,0.2931254648970032,1.7785234899328857,0.06403221746790844,1.7144912724649772,-0.12304250559284113
2014-10-17,NVAX,97.6,1.8538011695906427,True,True,139.0,-0.2978417266187051,False,0.05122950819672134,0.04223483843582532,0.008994669760896024,0.08196721311475419,0.08367379423780985,-0.0017065811230556616,0.194672131147541,0.06573990555526077,0.12893222559228024,0.7049180327868854,0.10940733273199976,0.5955107000548856,0.6024590163934427,0.0736456730514139,0.5288133433420288,-0.012295081967212962
2015-01-14,NVAX,116.6,3.383458646616541,True,True,139.0,-0.1611510791366907,False,0.2624356775300172,0.026087822363835445,0.23634785516618173,0.44082332761578047,0.040127451956586624,0.40069587565919385,0.4271012006861066,0.040973812605795024,0.38612738808031155,0.8713550600343054,0.018271432838793178,0.8530836271955122,0.13893653516295035,-0.035845862790003125,0.17478239795295347,0.013722126929674117
2015-04-13,NVAX,166.4,5.991596638655462,True,True,199.0,-0.16381909547738693,True,-0.0036057692307691624,0.003634798412166962,-0.007240567642936124,0.024038461538461453,0.007269596824334146,0.016768864714127307,0.31129807692307687,-0.021808790473002104,0.333106867396079,-0.18629807692307687,-0.08111339614520063,-0.10518468077787624,-0.3377403846153846,-0.0219522693576929,-0.3157881152576917,-0.08653846153846156
2015-08-07,NVAX,216.6,4.181818181818182,True,True,262.4,-0.17454268292682917,True,0.22807017543859653,0.007069006972830083,0.22100116846576645,-0.052631578947368474,-0.0738639095936523,0.021232330646283826,-0.29085872576177285,0.011733589805241529,-0.3025923155670144,-0.5244690674053555,-0.0684299110363068,-0.4560391563690487,-0.306555863342567,0.04068285645587877,-0.3472387197984458,-0.42289935364727604
2015-11-02,NVAX,153.6,2.657142857142857,True,True,300.2,-0.4883411059293804,True,-0.0234375,-0.010979609297019688,-0.012457890702980312,0.11328125,0.0013783925091497284,0.11190285749085027,-0.32942708333333326,-0.07923380388801748,-0.2501932794453158,-0.28385416666666663,-0.006987024098103478,-0.27686714256856315,-0.8125,0.010219116878178669,-0.8227191168781787,-0.375
2016-01-29,NVAX,103.0,1.8142076502732238,True,True,300.2,-0.6568954030646236,False,-0.06601941747572815,-0.02978525707206281,-0.03623416040366534,-0.15339805825242714,-0.0008259343382200912,-0.15257212391420705,0.06796116504854366,0.07846376213091055,-0.010502597082366893,0.44466019417475744,0.11640512079289711,0.32825507338186033,-0.7436893203883495,0.18382201115011365,-0.9275113315384631,-0.20776699029126222
2020-05-21,NVAX,50.07,1.4072115384615382,True,True,61.5,-0.1858536585365853,True,-0.08048731775514284,0.03201302224633751,-0.11250034000148035,0.2931895346514879,0.046663049376017396,0.2465264852754705,2.1062512482524465,0.145923765599566,1.9603274826528805,0.5725983622927899,0.20062398263700487,0.37197437965578506,1.8388256440982622,0.39331253391209997,1.4455131101861622,-0.19113241461953268
2020-08-17,NVAX,155.53,6.69950495049505,True,True,189.4,-0.17882787750791973,True,-0.2332025975696007,0.014826433073895418,-0.24802903064349613,-0.29055487687262904,0.0066881714065876174,-0.29724304827921666,-0.4937311129685592,0.047734603888609284,-0.5414657168571685,1.0570307979168008,0.15566275043650668,0.9013680474802941,0.6541503246961999,0.3196413246130625,0.33450900008313744,-0.5075548125763518
2020-11-10,NVAX,78.74,2.4535087719298243,True,True,189.4,-0.5842661034846885,False,0.17970535941071897,0.01858547056829729,0.16111988884242168,0.46329692659385335,0.036182352276578955,0.4271145743172744,3.063119126238253,0.10301095921364811,2.9601081670246048,1.1811023622047245,0.17430233871878875,1.0068000234859358,1.1973583947167898,0.32451135464919223,0.8728470400675976,0.016129032258064724
2021-02-16,NVAX,262.7,5.600502512562814,True,True,331.68,-0.20797153883260977,True,-0.07411496003045304,-0.012235534030079043,-0.061879426000373994,-0.15405405405405403,0.009202141218455306,-0.16325619527250934,-0.5134373810430148,0.03341830231965326,-0.5468556833626681,-0.27716025885039974,0.12793780270201371,-0.40509806155241346,-0.6650171298058623,0.14534794799898032,-0.8103650778048426,-0.5365816520746098
2021-05-12,NVAX,127.82,2.994375,True,True,331.68,-0.6146285576459238,False,0.11203254576748556,0.013443180977282143,0.09858936479020342,0.6033484587701456,0.044892824547988486,0.5584556342221572,0.485604756689094,0.09146296341974791,0.39414179326934606,0.34916288530746353,0.13475247280530822,0.2144104125021553,-0.5833202941636677,-0.01785846427073834,-0.5654618298929294,-0.08371146925363782
2021-08-06,NVAX,189.89,6.978571428571428,True,True,331.68,-0.42749035214664743,False,0.3548370109010479,0.0077515876064995215,0.3470854232945484,0.32439833587866684,0.02393274424280767,0.3004655916358592,-0.09184264574227186,0.03966191326357671,-0.13150455900584856,-0.6159882036968771,-0.02542430337408752,-0.5905639003227896,-0.6738638158934119,-0.06400144636036975,-0.6098623695330422,-0.3609458107325293
2021-11-01,NVAX,172.45,4.072058823529411,True,True,331.68,-0.4800711529184757,False,0.003305305885764165,0.019324406573341335,-0.01601910068757717,0.20979994201217744,-0.009738283627510724,0.21953822563968817,-0.5771527979124383,-0.06260325189113991,-0.5145495460212984,-0.7088431429399826,-0.06853751847665424,-0.6403056244633284,-0.8665120324731806,-0.15437788018433185,-0.7121341522888488,-0.6150768338648884
2022-01-27,NVAX,72.92,0.6724770642201834,True,True,331.68,-0.7801495417269657,False,0.2135216675809104,0.03561821723402292,0.17790345034688748,0.11944596818431141,0.015096002226138605,0.10434996595817281,-0.3114371914426769,-0.006330581578703365,-0.30510660986397353,-0.19157981349424025,-0.07524812169557549,-0.11633169179866476,-0.8494240263302248,-0.06142751136258229,-0.7879965149676426,-0.3687602852441031
2020-09-11,OKTA,193.66,5.414706856575024,True,True,231.29,-0.16269618228198368,True,0.020603118868119497,-0.01020774711129746,0.030810865979416957,0.2209542497159971,0.038286535352930695,0.1826677143630664,0.27052566353402874,0.1048614021433274,0.16566426139070134,0.11515026334813605,0.1483865173920853,-0.033236254043949254,0.3759165547867396,0.3440100580734,0.03190649671333956,-0.04446968914592586
2021-01-06,OKTA,239.72,8.022205494919081,True,True,287.35,-0.165756046633026,True,0.07041548473218762,0.016704591085530796,0.05371089364665682,0.18313031870515606,0.03383750501940841,0.14929281368574765,-0.05377106624395123,0.08783295408914471,-0.14160402033309594,0.03470715835141003,0.14496051398741794,-0.11025335563600791,-0.07116636075421323,0.2788381742738588,-0.35000453502807205,-0.16953111963957945
2021-04-05,OKTA,226.83,4.817645550141062,True,True,294.0,-0.22846938775510195,True,0.09756205087510472,0.012993404862683189,0.08456864601242153,0.12824582286293684,0.029136726055714046,0.0991090968072228,0.09350614998016127,0.052515011320011684,0.040991138660149584,0.12586518538112235,0.09060931194015165,0.0352558734409707,-0.3272494819909184,0.12880204744561463,-0.45605152943653304,-0.07573954062513777
2021-06-29,OKTA,248.04,4.134340716207824,True,True,294.0,-0.15632653061224488,False,0.008990485405579784,0.015805471124620052,-0.006814985719040267,0.009917755200774092,0.026022913256955826,-0.016105158056181734,0.029592001290114522,0.03619359364040209,-0.006601592350287566,-0.12147234317045641,0.07521627308861345,-0.19668861625906986,-0.607885824866957,-0.09144259995323833,-0.5164432249137186,-0.0886147395581357
2021-09-27,OKTA,241.46,2.4782483434168827,True,True,294.0,-0.17870748299319728,False,-0.06833429967696514,-0.03162841135008132,-0.03670588832688382,0.08113145034374214,0.02916591360925369,0.05196553673448845,-0.05417046301664874,0.04613229712633293,-0.10030276014298167,-0.2773130125072476,0.004247243809867962,-0.28156025631711556,-0.7756150086970927,-0.1687375745526839,-0.6068774341444088,-0.18504100057980621
2021-12-21,OKTA,228.38,2.8859962565935,True,True,294.0,-0.2231972789115646,False,-0.018390401961642877,0.031140672914957035,-0.04953107487659991,-0.12286539977230937,-0.035222217423228064,-0.0876431823490813,-0.2359225851650757,-0.040038008033516204,-0.1958845771315595,-0.6432699886154655,-0.19261002893793455,-0.4506599596775309,-0.7138541028111043,-0.1793288126808621,-0.5345252901302422,-0.37253699973727994
2025-11-11,OKTA,85.58,0.9009329187027986,True,True,127.567,-0.32913684573596613,False,-0.053166627716756176,-0.03355783308931182,-0.01960879462744436,0.04977798551063328,0.0066910688140557895,0.04308691669657749,0.030380930123860894,0.016032210834553418,0.014348719289307477,-0.09511568123393321,0.07442166910688153,-0.16953735034081474,,,,-0.12304276700163597
2026-08-24,OKTA,130.97,0.8522132654504315,True,True,157.0,-0.165796178343949,True,0.32121859967931576,0.004689116795682846,0.3165294828836329,,,,,,,,,,,,,-0.025731083454226145
2022-09-07,OXY,65.43,0.43928728552573704,True,True,77.13,-0.15169194865810953,True,0.02705181109582755,-0.007994368746543246,0.035046179842370795,0.03530490600641878,-0.05201367590125194,0.08731858190767072,0.05150542564572813,0.024133943385791223,0.027371482259936908,-0.0874216720158949,-0.00764241540550048,-0.07977925661039442,0.0021396912731161954,0.12177585600080465,-0.11963616472768845,-0.12226807274950335
2022-12-06,OXY,64.14,0.6887835703001581,True,True,77.13,-0.16841695838195248,False,0.002182725288431664,0.020668816494426645,-0.01848609120599498,-0.029934518241347075,-0.03669095802757527,0.006756439786228197,-0.03835360149672595,0.02701673310819408,-0.06537033460492003,-0.10102899906454632,0.06099078282507686,-0.16201978188962318,-0.1069535391331462,0.159383490338471,-0.2663370294716172,-0.09635173058933577
2023-03-06,OXY,61.68,0.8730640753112664,True,True,77.13,-0.20031116297160634,False,-0.041018158236057034,-0.0472470146117141,0.006228856375657066,0.05674448767833984,0.016020965708210655,0.040723521970129184,-0.06517509727626469,0.033080327341953764,-0.09825542461821846,0.0025940337224383825,0.08776917941998175,-0.08517514569754336,-0.01621271076524,0.2665957920241302,-0.2828085027893702,-0.10003242542153046
2023-05-31,OXY,57.66,3.4525096525096526,True,True,77.13,-0.25243096071567483,False,0.04127644814429421,0.02082086873279887,0.02045557941149534,0.014915019077350156,0.048486298911092574,-0.03357127983374242,0.07249392993409653,0.0529376570539668,0.019556272880129733,0.060353798126951075,0.08713653224841433,-0.02678273412146326,0.060006937218175516,0.25906425750867546,-0.19905732029049994,-0.030697190426638876
2024-06-04,OXY,59.89,1.0489223400615804,True,True,71.19,-0.15873015873015872,True,0.012022040407413614,0.016200155188402565,-0.004178114780988951,0.04057438637502098,0.04366093226594003,-0.003086545890919057,-0.04474870596092839,0.056700543159408756,-0.10144924912033715,-0.13291033561529475,0.12702738507541778,-0.2599377206907125,-0.3002170646184672,0.12782225250288604,-0.42803931712135324,-0.08098179996660548
2024-08-29,OXY,57.21,1.38375,True,True,71.19,-0.1963758954909397,False,-0.09054361125677324,-0.03221993373332144,-0.0583236775234518,-0.10802307288935498,0.023497806035640778,-0.13152087892499575,-0.09229155742003148,0.0665532372167994,-0.15884479463683088,-0.12847404299947562,0.06959792245007623,-0.19807196544955186,-0.16780283167278454,0.15527894689710742,-0.32308177856989195,-0.1536444677503933
2023-10-02,PCG,15.22,0.6208732694355696,True,True,18.19,-0.16327652556349648,True,0.023653088042049797,0.011654302497016156,0.011998785545033641,0.06438896189224685,-0.02742739463153221,0.09181635652377906,0.17805519053876462,0.11513889213919626,0.06291629839956836,0.07818659658344274,0.21637686925183108,-0.13819027266838835,0.2989487516425755,0.3427254218249045,-0.043776670182329,-0.033508541392904045
2025-01-10,PCG,17.17,0.4477234401349075,True,True,21.72,-0.2094843462246776,True,-0.00931857891671517,0.029440644972350993,-0.03875922388906616,-0.08852649970879445,0.04196454719288889,-0.13049104690168334,-0.07163657542224822,-0.14472256197350508,0.07308598655125687,-0.20559114735002915,0.06923461213802118,-0.2748257594880503,-0.07687827606290054,0.19566228531068597,-0.2725405613735865,-0.12696563774024472
2025-04-08,PCG,15.94,0.2991035044824777,True,True,21.72,-0.2661141804788213,False,0.0765370138017567,0.08284321624234603,-0.006306202440589326,0.0790464240903388,0.1302570093457942,-0.05121058525545541,-0.14429109159347542,0.2501611343860779,-0.3944522259795533,-0.05395232120451687,0.34180631646793413,-0.395758637672451,0.15370138017565882,0.3616057041572671,-0.2079043239816083,-0.1631116687578419
2022-07-12,PFE,52.04,0.27617833145323467,True,True,61.71,-0.15670069680764875,False,-0.01287471176018451,0.03003965023763877,-0.04291436199782328,-0.043428132205995396,0.08014074521440029,-0.12356887742039568,-0.15219062259800153,-0.009820654885381974,-0.14236996771261956,-0.01537279016141424,0.0042013496835859865,-0.019574139845000227,-0.3078401229823212,0.16183073812462245,-0.46967086110694367,-0.16429669485011522
2022-10-05,PFE,44.12,0.29425155181113083,True,True,61.71,-0.2850429427969535,False,-0.047370806890299155,-0.05444323636267201,0.007072429472372854,0.06686310063463297,-0.005887188734784776,0.07275028936941774,0.16137805983680886,0.014161075605293227,0.14721698423151564,-0.08771532184950126,0.06433477419183764,-0.1520500960413389,-0.24501359927470523,0.12615025590707796,-0.3711638551817832,-0.06051677243880316
2014-05-28,PLUG,4.36,0.5298245614035089,True,True,11.72,-0.6279863481228669,True,-0.002293577981651529,0.009457623576131224,-0.011751201557782753,0.03899082568807333,0.02194586686174116,0.01704495882633217,0.33256880733944927,0.04242867593269928,0.29014013140675,-0.14678899082568808,0.06719615424809278,-0.21398514507378086,-0.40825688073394495,0.10095098756400867,-0.5092078682979536,-0.07568807339449546
2014-08-21,PLUG,5.81,2.5864197530864192,True,True,11.72,-0.5042662116040957,False,-0.04475043029259895,0.0032080200501252154,-0.04795845034272417,-0.23752151462994842,0.006015037593984918,-0.24353655222393333,-0.3597246127366609,0.023759398496240758,-0.38348401123290166,-0.45783132530120485,0.04721804511278194,-0.5050493704139868,-0.6230636833046471,0.04421052631578948,-0.6672742096204366,-0.3803786574870912
2014-11-18,PLUG,4.04,0.6489795918367345,True,True,11.72,-0.6552901023890785,False,-0.00990099009900991,0.007589394307954356,-0.017490384406964266,-0.2722772277227723,-0.018292386280710393,-0.2539848414420619,-0.22277227722772275,0.02218438336171258,-0.24495666058943533,-0.35148514851485146,0.021746533690099712,-0.3732316822049512,-0.5247524752475248,0.0003405497445876371,-0.5250930249921124,-0.38613861386138615
2019-08-19,PLUG,2.23,0.35151515151515156,True,True,2.87,-0.22299651567944256,True,-0.0358744394618834,-0.014812027503164127,-0.021062411958719274,0.21973094170403606,0.02938459959634665,0.19034634210768941,0.37668161434977576,0.05702459549139682,0.31965701885837894,0.9641255605381165,0.14487052303903125,0.8192550374990852,4.112107623318386,0.15225943283275756,3.9598481904856286,-0.07623318385650224
2019-12-03,PLUG,3.38,1.4671532846715327,True,True,4.04,-0.1633663366336634,True,-0.09171597633136097,0.012857373606848466,-0.10457334993820944,-0.041420118343195145,0.049491196898723944,-0.09091131524191909,0.289940828402367,-0.0014860281053142854,0.2914268565076813,0.28106508875739644,-0.019447585204328988,0.30051267396172543,6.807692307692308,0.1696333387174931,6.638058968974815,-0.18639053254437865
2020-03-02,PLUG,4.36,3.037037037037037,True,True,6.05,-0.2793388429752065,True,-0.0986238532110092,-0.11278268465495478,0.014158831443945585,-0.17889908256880738,-0.15348280436118933,-0.025416278207618048,-0.006880733944954143,-0.017988288200847635,0.011107554255893493,2.135321100917431,0.09443851305445006,2.0408825878629813,10.096330275229358,0.2305800899414412,9.865750185287917,-0.4197247706422019
2020-05-27,PLUG,4.33,1.3155080213903743,True,True,6.05,-0.284297520661157,False,-0.036951501154734445,0.028498006786808583,-0.06544950794154303,0.7482678983833719,0.0018449576648107424,0.7464229407185612,2.1570438799076213,0.11448621223602284,2.0425576676715984,4.4110854503464205,0.17978453530128835,4.231300915045132,5.281755196304849,0.3809837577834154,4.900771438521434,-0.05542725173210161
2020-09-03,PLUG,11.55,4.273972602739726,True,True,14.35,-0.19512195121951215,True,0.013852813852813783,-0.032803497495584644,0.04665631134839843,0.22424242424242413,-0.03344045861200384,0.257682882854428,1.2848484848484847,0.04826428095775803,1.2365842038907267,3.188744588744589,0.10124786473262115,3.0874967240119675,1.3316017316017312,0.3080865109007209,1.0235152207010103,-0.08571428571428574
2020-12-02,PLUG,24.07,9.156118143459915,True,True,28.7,-0.16132404181184667,True,0.1109264644786041,0.00016358134082183895,0.11076288313778226,0.4088076443705857,0.019329861773766943,0.38947778259681876,1.0265891150810136,0.05384552468715076,0.9727435903938628,0.2334856668051517,0.14253387496932834,0.09095179183582336,0.6555878687162444,0.24201859374573997,0.41356927497050444,-0.01080182800166185
2021-03-02,PLUG,48.78,25.225806451612904,True,True,75.49,-0.3538216982381772,True,-0.13243132431324312,0.0016298442593263296,-0.13406116857256944,-0.3021730217302173,0.021187975371242285,-0.3233609971014596,-0.3913489134891349,0.08415687897759594,-0.47550579246673086,-0.503280032800328,0.14699642986495576,-0.6502764626652837,-0.53690036900369,0.13248305479381162,-0.6693834237975016,-0.6213612136121361
2021-05-26,PLUG,29.69,12.809302325581397,True,True,75.49,-0.6067028745529208,False,0.011451667228022933,-0.0007158708568973937,0.012167538084920326,0.10811721118221618,0.014389004223638091,0.09372820695857809,-0.18390030313236783,0.05796167704679411,-0.24186198017916194,0.40855506904681715,0.11539838213186338,0.2931566869149538,-0.4395419333108791,-0.05285513160092581,-0.3866868017099533,-0.20747726507241493
2021-08-20,PLUG,24.23,11.425641025641026,True,True,75.49,-0.6790303351437277,False,0.09781262897234844,0.015540418621436292,0.08227221035091214,0.06149401568303747,-0.021021291952363796,0.08251530763540127,0.7259595542715642,0.05428996752075066,0.6716695867508136,-0.08089145687164678,0.013442800433056679,-0.09433425730470346,0.17333883615352863,-0.034892638036809864,0.2082314741903385,-0.044160132067684654
2021-11-15,PLUG,41.82,22.104972375690608,True,True,75.49,-0.4460193403099748,False,0.023672883787661414,0.00029951008707174154,0.023373373700589672,-0.26948828311812534,-0.008707186102731912,-0.2607810970153934,-0.467479674796748,-0.03874376912051003,-0.428735905676238,-0.6023433763749402,-0.14817191878997926,-0.4541714575849609,-0.5722142515542803,-0.14744453714994765,-0.42476971440433264,-0.5813008130081301
2018-10-10,PYPL,75.45,1.3533998752339365,True,True,93.7,-0.19477054429028817,True,0.061497680583167735,0.0077254761049225795,0.053772204478245156,0.16938369781312135,0.009737693136902648,0.1596460046762187,0.175612988734261,-0.07736255839022643,0.25297554712448744,0.38449304174950294,0.031908012935680796,0.35258502881382214,0.3239231278992709,0.04660438375853393,0.277318744140737,-0.010470510271703204
2019-08-12,PYPL,102.72,1.696062992125984,True,True,121.48,-0.15442871254527502,True,0.04818925233644866,0.014788072343527636,0.033401179992921026,0.0032126168224297924,0.03492206755302529,-0.0317094507305955,-0.016841900311526548,0.06581733606415097,-0.08265923637567751,0.13424844236760136,0.12514319436248145,0.009105248005119915,0.9337032710280373,0.16141909952442113,0.7722841715036162,-0.07739485981308414
2019-11-05,PYPL,100.99,1.4423216444981861,True,True,121.48,-0.16866973987487655,False,0.010298049311813218,0.006416311109663564,0.003881738202149654,0.03970690167343305,0.014428557469954084,0.025278344203478964,0.1536785820378257,0.05566231312901038,0.09801626890881532,0.22368551341717002,-0.04501188808911183,0.26869740150628185,0.8591939796019408,0.07546493827964706,0.7837290413222937,-0.013763738984057805
2020-03-09,PYPL,101.63,1.3695500116577288,True,True,124.45,-0.18336681398151877,True,-0.08767096329823865,-0.12536921562192327,0.03769825232368462,0.0003935845714848618,-0.03416839878933742,0.03456198336082228,0.542654727934665,0.1383874849578821,0.40426724297678285,1.0106267834300895,0.27021113663712937,0.7404156467929601,1.3521597953360232,0.3989352003792437,0.9532245949567795,-0.19246285545606612
2020-09-17,PYPL,175.79,1.81264,True,True,212.45,-0.17255824899976469,True,0.03640707662551912,-0.03674368747022383,0.07315076409574295,0.15558336651686666,0.034718913768461146,0.12086445274840552,0.21770294100915866,0.09069795140543135,0.1270049896037273,0.44393879060242347,0.1717782277274893,0.2721605628749342,0.6066329142727118,0.33361124344926174,0.2730216708234501,-0.023664599806587416
2021-02-25,PYPL,253.94,2.1865980675116075,True,True,309.14,-0.17855987578443422,True,-0.05855713948176733,-0.014725498914550217,-0.04383164056721711,-0.07757738048357876,0.019276541207857045,-0.09685392169143581,-0.012798298810742681,0.08529280987628485,-0.09809110868702753,0.0675750177207215,0.1614050689195199,-0.09383005119879839,-0.5937229266755926,0.12355818272173247,-0.717281109397325,-0.1214853902496652
2021-05-21,PYPL,250.69,2.0854153846153847,True,True,309.14,-0.18907291194927867,False,0.037217280306354406,0.0122909336289585,0.024926346677395905,0.1292831784275401,0.01426712295753596,0.11501605547000415,0.08141529378914214,0.07013062129464509,0.01128467249449705,-0.1836930072998525,0.11731816648190097,-0.30101117378175346,-0.6921297219673701,-0.055622499638501965,-0.6365072223288681,0.0069408432725677205
2021-09-28,PYPL,262.19,1.9180856983861996,True,True,310.16,-0.15466210987877227,True,-0.0077806171097296595,-0.001429493682560179,-0.0063511234271694805,-0.07319119722338763,0.05127732177441646,-0.12446851899780409,-0.2689271139250162,0.07832241999446632,-0.34724953391948254,-0.5627216903772073,0.02460112514986612,-0.5873228155270734,-0.6786300011442084,-0.16003412339758372,-0.5185958777466246,-0.3167168847019337
2021-12-22,PYPL,191.68,1.4530330176606094,True,True,310.16,-0.38199638896053656,False,0.0010434056761268184,0.018110286728388436,-0.017066881052261618,-0.14680717863105186,-0.0635249844982787,-0.08328219413277316,-0.4018676961602671,-0.04981932476640516,-0.3520483713938619,-0.6043927378964942,-0.18920652569009389,-0.4151862122064003,-0.6412771285475793,-0.1863413799739143,-0.45493574857366503,-0.5187291318864775
2025-03-11,RBLX,54.75,0.29463230078032643,True,True,75.74,-0.27713229469236855,True,0.02246575342465751,0.009173981867894643,0.013291771556762866,-0.06447488584474892,-0.10692185926032516,0.04244697341557624,0.7205479452054795,0.06679018563822137,0.6537577595672581,1.34648401826484,0.15173046481508146,1.1947535534497586,0.07452054794520535,0.21812491005900125,-0.1436043621137959,-0.08493150684931505
2025-08-01,RBLX,125.03,1.9804529201430272,True,True,150.59,-0.16973238594860218,True,0.029432936095337148,0.02486649938879215,0.004566436706544996,-0.003519155402703311,0.03752493083703268,-0.04104408623973599,0.027673358393985437,0.10216817860129956,-0.07449482020731413,-0.40718227625369907,0.10858585858585856,-0.5157681348395576,-0.7152683355994561,0.20155375410152465,-0.9168220897009808,-0.10421498840278332
2025-10-30,RBLX,113.0,1.4721067600087507,True,True,150.59,-0.24961816853708751,False,-0.10371681415929201,-0.014003500875218955,-0.08971331328407306,-0.15902654867256638,0.005236603268464091,-0.16426315194103047,-0.33389380530973456,0.022932203639145055,-0.3568260089488796,-0.5036283185840708,0.050174308282953106,-0.5538026268670239,,,,-0.37566371681415933
2026-01-28,RBLX,75.27,1.0616269515201315,True,True,150.59,-0.5001660136795272,False,-0.16208316726451433,-0.013272554715135998,-0.14881061254937833,-0.05141490633718604,-0.0088004371458974,-0.04261446919128864,-0.2548159957486381,0.02663138822582045,-0.28144738397445856,-0.3405075063106151,0.07476057634235422,-0.41526808265296933,,,,-0.3193835525441743
2014-10-09,RCL,58.18,1.6373526745240254,True,True,69.31,-0.16058288847208202,True,-0.03128222756961152,-0.03356853792674064,0.0022863103571291177,0.1650051564111379,0.05401058420670335,0.11099457220443454,0.4085596424888278,0.03673342326450135,0.37182621922432646,0.417153661051908,0.07108021168413403,0.34607344936777396,0.5656583018219321,0.034606205250596656,0.5310520965713355,-0.10072189755929872
2015-04-20,RCL,72.71,1.6969584569732934,True,True,85.56,-0.1501870032725574,True,-0.03094484940173292,0.004384083869430677,-0.0353289332711636,0.04139733186631833,0.015487252799618823,0.02591007906669951,0.1496355384403798,0.00362163450083397,0.14601390393954583,0.26420024755879545,-0.04117226590421719,0.30537251346301264,0.11470224178242328,-0.009864188706218746,0.12456643048864202,-0.09352221152523721
2016-01-15,RCL,82.92,1.2906077348066298,True,True,103.4,-0.19806576402321086,True,0.00542691751085389,-0.0009051701187371419,0.006332087629591032,-0.12554269175108534,0.0104893243171289,-0.13603201606821425,0.01808972503617956,0.10750226292529685,-0.0894125378891173,-0.17534973468403292,0.13226132793780954,-0.30761106262184246,0.03581765557163519,0.2061658058676321,-0.17034815029599693,-0.22563917028461178
2016-04-13,RCL,84.42,1.5366586538461537,True,True,103.4,-0.18355899419729205,False,-0.061952144041696355,0.010096153846153921,-0.07204829788785028,-0.11016346837242352,-0.007211538461538436,-0.10295192991088509,-0.19000236910684676,0.022355769230769207,-0.21235813833761596,-0.11667851220090031,0.037403846153846176,-0.15408235835474648,0.16027007818052597,0.1314423076923077,0.028827770488218274,-0.23063255152807394
2018-04-06,RCL,114.83,0.4225718533201188,True,True,135.65,-0.153483228897899,True,-0.009492292954802806,0.020907130756198766,-0.030399423711001572,-0.06505268658016194,0.024256892037578748,-0.08930957861774069,-0.09466167377862933,0.04674264592638222,-0.14140431970501155,0.1260123661064183,0.11612505775450477,0.009887308351913537,0.009056866672472408,0.10572924688125673,-0.09667238020878433,-0.11869720456326738
2018-07-02,RCL,103.96,0.31594936708860755,True,True,135.65,-0.2336159233321048,False,0.04973066564063111,0.025895681600823783,0.023834984039807328,0.08464794151596777,0.03483410578974455,0.04981383572622322,0.2437475952289343,0.06628411682483626,0.17746347840409804,-0.11004232397075797,-0.11461781799455606,0.004575494023798088,0.13572527895344355,0.08754505995733108,0.04818021899611247,-0.007502885725278796
2019-07-08,RCL,111.89,0.6623087208438567,True,True,133.6,-0.16249999999999998,False,0.0085798552149432,0.013240347685465892,-0.0046604924705226924,-0.03753686656537669,-0.04379758776362774,0.006260721198251051,-0.06470640807936356,-0.012061181861060533,-0.05264522621830303,0.1991241397801411,0.0879994609527659,0.1111246788273752,-0.5575118419876665,0.0519169867259619,-0.6094288287136284,-0.10054517830011622
2019-10-01,RCL,104.65,0.41018730629295264,True,True,131.48,-0.20406145421356847,False,-0.03459149546106077,-0.016061928795525926,-0.018529566665534847,0.08236980410893446,0.033999454371845594,0.04837034973708887,0.2820831342570471,0.10128222616286986,0.18080090809417726,-0.6706163401815576,-0.17081571409084706,-0.4998006260907105,-0.36846631629240323,0.1396467057700177,-0.5081130220624209,-0.044433827042522744
2023-09-18,RCL,95.92,0.41704830846506136,True,True,112.95,-0.15077467906153164,True,-0.05160550458715596,-0.025697089917273375,-0.025908414669882585,-0.09612176814011675,-0.017108851971237238,-0.07901291616887951,0.25417014178482056,0.04614205531636739,0.20802808646845317,0.33236030025020846,0.152491941482767,0.17986835876744145,0.7695996663886573,0.268714920091067,0.5008847462975903,-0.18317347789824856
2024-08-02,RCL,138.85,0.8062963444776894,True,True,173.37,-0.1991117263655766,True,0.12171407994238392,0.0001688872208669423,0.12154519272151698,0.18559596687072388,0.057759429536498264,0.12783653733422562,0.46575441123514594,0.08994182773503479,0.37581258350011115,0.7055815628375945,0.12473259523362734,0.5808489676039672,1.2736766294562476,0.18440607993995117,1.0892705495162964,-0.06316168527187604
2025-02-21,RCL,234.26,1.715428306479657,True,True,277.08,-0.15454020499494725,True,0.05054213267309837,-0.009600960096009747,0.06014309276910812,-0.08012464782720052,-0.059939327266059994,-0.02018532056114053,0.08439340903269876,-0.008484181751508557,0.09287759078420732,0.3331341244770769,0.0750241690835749,0.258109955393502,0.3450439682404165,0.14916491649164887,0.19587905174876763,-0.299880474686246
2025-08-08,RCL,301.44,6.7610710607621005,True,True,355.91,-0.15304430895451104,True,0.04150079617834401,0.009824539376628527,0.031676256801715486,0.1646098726114651,0.018283687498038326,0.14632618511342677,-0.07842356687898089,0.07244420728836443,-0.15086777416734531,0.07699708067940536,0.08598826077403565,-0.008991180094630291,0.06157112526539277,0.21356602529897373,-0.15199490003358096,-0.08701565817409773
2025-11-03,RCL,277.8,4.52066772655008,True,True,366.5,-0.24201909959072299,True,-0.04614830813534909,-0.002780460678432406,-0.043367847456916686,-0.045788336933045404,-0.002648754646296214,-0.04313958228674919,0.16864650827933758,0.012629145081511473,0.1560173631978261,-0.0788696904247661,0.04148740012292573,-0.12035709054769184,,,,-0.12005039596832257
2026-02-19,RCL,310.35,3.1944857413163943,True,True,366.5,-0.15320600272851292,False,0.027678427581762532,0.007041841982234676,0.020636585599527857,-0.12357016271951027,-0.03605656848994865,-0.08751359422956162,-0.16130175608184305,0.07990007012622713,-0.24120182620807018,-0.007572096020621921,0.1285793595137914,-0.13615145553441332,,,,-0.19323344610923154
2026-05-15,RCL,260.29,2.373379989631934,True,True,366.5,-0.28979536152796725,False,-0.016097429789849738,0.008753060865565487,-0.024850490655415225,0.20507895040147517,0.021185924753439833,0.18389302564803534,0.18329555495793137,0.045077587023282906,0.13821796793464847,,,,,,,-0.10830227822813021
2020-10-30,ROKU,202.4,9.37948717948718,True,True,239.14,-0.15363385464581414,True,0.2517786561264823,0.07233417039260126,0.17944448573388105,0.4504446640316204,0.10877687266491076,0.34166779136670966,0.996096837944664,0.15645862681447897,0.839638211130185,0.8212944664031621,0.2788938568016168,0.5424006096015452,0.583794466403162,0.4035646475163839,0.18022981888677814,-0.02905138339920943
2021-02-25,ROKU,382.34,8.208574181117532,True,True,486.72,-0.2144559500328732,True,-0.05856044358424439,-0.014725498914550217,-0.043834944669694176,-0.16927342156196046,0.019276541207857045,-0.1885499627698175,-0.13519380655960667,0.08529280987628485,-0.2204866164358915,-0.06617147041899873,0.1614050689195199,-0.22757653933851862,-0.6809907412250876,0.12355818272173247,-0.8045489239468201,-0.2875189621802583
2021-05-21,ROKU,330.65,8.517846862406447,True,True,486.72,-0.32065664036817887,False,0.04857099652200203,0.0122909336289585,0.03628006289304353,0.15750793890821124,0.01426712295753596,0.14324081595067528,0.07981249054891904,0.07013062129464509,0.009681869254273945,-0.1695145924693784,0.11731816648190097,-0.28683275895127935,-0.713171026765462,-0.055622499638501965,-0.65754852712696,-0.021624073794041965
2021-08-17,ROKU,357.04,5.549990827371126,True,True,490.761,-0.27247682680571605,True,-0.000616177459108247,0.008850554004143696,-0.009466731463251943,-0.10729890208380011,0.008647869561300814,-0.11594677164510092,-0.230898498767645,0.044095126565174336,-0.27499362533281935,-0.563718350885055,0.00725159895504901,-0.570969949840104,-0.7636679363656733,-0.03418610935951716,-0.7294818270061562,-0.2389844275151244
2021-11-10,ROKU,274.6,5.0034980323567995,True,True,490.761,-0.4404608353149496,False,-0.10739257101238164,0.009749363703032587,-0.11714193471541423,-0.1438820101966497,0.005888443121522036,-0.14977045331817174,-0.4327385287691188,-0.035287519951684554,-0.3974510088174342,-0.5993809176984706,-0.07454380742849753,-0.524837110269973,-0.8137654770575382,-0.17604935076139938,-0.6377161262961388,-0.49210123816460316
2025-11-17,ROKU,96.89,0.745451270041434,True,True,116.66,-0.16946682667581003,True,-0.03416245226545567,0.004596872324124757,-0.038759324589580424,0.1465579523170606,0.019829645319753064,0.12672830699730753,-0.07049231086799457,0.024156113389517397,-0.09464842425751196,0.3172670038187635,0.10892784713146142,0.20833915668730207,,,,-0.18949323975642485
2018-06-27,SHOP,14.47,3.3168257756563246,True,True,17.511,-0.17366226943064356,True,0.05514858327574301,0.013959532207165282,0.04118905106857773,0.1768486523842432,0.051939855206979635,0.12490879717726355,0.11624049758120258,0.0840542045665491,0.03218629301465348,-0.07125086385625434,-0.05297939483942826,-0.01827146901682608,0.9974429854872147,0.07841098941897151,0.9190319960682432,-0.09744298548721497
2018-10-04,SHOP,14.891,3.0508705114254626,True,True,17.6599,-0.15679024230035277,True,-0.13780135652407488,-0.05966694306246534,-0.07813441346160954,-0.030622523672016677,-0.0550373134328358,0.024414789760819122,-0.07595191726546235,-0.13564123825317853,0.05968932098771618,0.3875495265596669,-0.024046434494195634,0.41159596105386254,1.1863541736619436,0.003385848535102376,1.1829683251268412,-0.20999261298771077
2019-01-02,SHOP,13.76,4.296381832178599,True,True,17.6599,-0.22083364005458694,False,0.08008720930232571,0.03113758094172203,0.04894962836060368,0.22434593023255833,0.07894316092413467,0.14540276930842366,0.5015988372093023,0.12910704292909103,0.3724917942802113,1.0642441860465115,0.16220321368614599,0.9020409723603655,1.8805232558139537,0.28339595491246294,1.5971273009014908,-0.05901162790697667
2019-06-25,SHOP,28.404,8.528346192552835,True,True,33.894,-0.16197557089750392,True,0.09829601464582449,0.019500619067271963,0.07879539557855253,0.160294324742994,0.03673132480396202,0.12356299993903197,0.1442050415434446,0.03549319026000819,0.10871185128343641,0.35744965497817227,0.09134681524281185,0.2661028397353604,2.18550204196592,0.06830375567478342,2.1171982862911367,-0.00827348260808336
2019-09-19,SHOP,32.5,6.833212822366836,True,True,40.961,-0.2065623397866263,True,-0.03649230769230771,-0.013551215623754387,-0.022941092068553326,0.019507692307692226,-0.005978477481068167,0.025486169788760393,0.18636923076923084,0.053939152384748335,0.1324300783844825,0.16239999999999988,-0.17593330676232222,0.3383333067623221,1.7236307692307693,0.125348744519729,1.5982820247110403,-0.13206153846153856
2020-02-24,SHOP,49.096,6.783132530120482,True,True,59.389,-0.17331492363905787,True,-0.005214274075280967,-0.04134358910737557,0.0361293150320946,-0.23539595893759158,-0.3085106382978724,0.07311467936028082,0.5337502036825812,-0.09444203213200175,0.6281922358145829,1.036622128075607,0.04469325724210638,0.9919288708335006,1.9228654065504323,0.2096954283233048,1.7131699782271275,-0.3781570800065178
2020-09-04,SHOP,97.302,7.7920845757657915,True,True,114.691,-0.15161608147108319,True,-0.042332120614170354,-0.011997547946405174,-0.03033457266776518,0.09507512692442077,-0.008202703097177189,0.10327783002159796,0.09870300713243307,0.06845316285722625,0.030249844275206828,0.34626215288483264,0.13722742797092558,0.20903472491390707,0.5853733736202749,0.322912105555069,0.26246126806520587,-0.13732502929025103
2021-01-04,SHOP,109.24,9.355483932126267,True,True,128.5185,-0.15000564121118742,True,0.07803002563163686,0.026844545676401044,0.05118547995523581,0.13085865983156353,0.034599636649583765,0.09625902318197976,0.012907359941413565,0.07467664524526141,-0.06176928530384784,0.3489015012815819,0.1567829930312643,0.19211850825031762,0.27997070670084234,0.2911412999267875,-0.011170593225945158,-0.07987916514097404
2021-03-31,SHOP,110.65,7.881130106750142,True,True,149.975,-0.26221036839473244,True,0.10500677812923631,0.03075719728509063,0.07424958084414568,0.11438770899231798,0.059874347134963424,0.05451336185735456,0.33171260732037955,0.07640097898216136,0.2553116283382182,0.29882512426570274,0.09411349128251723,0.2047116329831855,-0.3659286037053774,0.1503292710619939,-0.5162578747673713,-0.07358788974243125
2021-09-28,SHOP,136.931,7.4525308641975325,True,True,165.0,-0.17011515151515144,True,-0.037413003629565345,-0.001429493682560179,-0.035983509947005166,-0.0040969539403057365,0.05127732177441646,-0.0553742757147222,0.011918411462707335,0.07832241999446632,-0.06640400853175898,-0.5008800052581228,0.02460112514986612,-0.5254811304079889,-0.7936917133446773,-0.16003412339758372,-0.6336575899470935,-0.07114605166105559
2021-12-22,SHOP,138.563,10.319581733518502,True,True,176.2918,-0.21401335739949334,True,0.009100553538823775,0.018110286728388436,-0.009009733189564662,-0.3633798344435383,-0.0635249844982787,-0.29985484994525957,-0.5067586585163427,-0.04981932476640516,-0.45693933374993756,-0.7647063068784596,-0.18920652569009389,-0.5754997811883658,-0.7402625520521351,-0.1863413799739143,-0.5539211720782208,-0.631921941643873
2022-03-21,SHOP,68.345,2.3339024390243903,True,True,176.2918,-0.6123188940154902,False,0.026556441583144297,0.025923175589009695,0.0006332659941346019,-0.11386348672177915,0.001462679178199311,-0.11532616589997846,-0.5229643719364987,-0.14669547019509888,-0.3762689017413998,-0.4855512473480138,-0.07520421251603315,-0.41034703483198065,-0.35796327456287946,-0.11397646211660928,-0.24398681244627018,-0.5645021581681177
2025-03-03,SHOP,106.58,0.6051688303864575,True,True,129.38,-0.1762250734271139,True,-0.12976168136611,-0.03972454905185252,-0.09003713231425747,-0.10414711953462186,-0.04176302310841595,-0.062384096426205904,0.004972790392193671,0.006783493499152193,-0.0018107031069585222,0.33336460874460516,0.10541822978227722,0.22794637896232794,0.12009757928316755,0.17577127978484675,-0.05567370050167919,-0.3447175830362169
2025-05-28,SHOP,107.11,1.9437955201319226,True,True,129.38,-0.1721286133869222,False,-0.03295677341051262,0.013951984754904334,-0.04690875816541695,0.0556437307440949,0.04107328194919435,0.014570448794900548,0.3267668751750539,0.09797015636431672,0.22879671881073715,0.30641396694986467,0.1326119136338113,0.17380205331605336,-0.0047614601811222235,0.27687883892263465,-0.2816402991037569,-0.04014564466436377
2025-11-07,SHOP,152.41,3.548194568785437,True,True,182.19,-0.16345573302596195,True,-0.04179515779804477,0.0014307644156965615,-0.04322592221374133,0.03936749557115671,0.018868205731999987,0.02049928983915672,-0.27012663211075394,0.00991102433789881,-0.28003765644865275,-0.1631126566498261,0.07010745636913707,-0.23322011301896317,,,,-0.28622137655009505
2026-02-05,SHOP,111.24,1.2577633448345846,True,True,182.19,-0.38942861847521815,False,-0.005213951815893569,0.00538649980815209,-0.01060045162404566,0.17044228694714136,-0.007732947669785384,0.17817523461692675,0.14661992089176556,0.05960567869897582,0.08701424219278975,0.10032362459546929,0.09455151855021993,0.005772106045249359,,,,-0.05681409564904705
2026-05-04,SHOP,127.55,1.6801849127968058,True,True,182.19,-0.2999066908172787,False,-0.19607996863974908,0.02965139761284652,-0.2257313662525956,-0.08263426107408856,0.057882202197740984,-0.14051646327182954,-0.040376323010584025,0.0329800420606956,-0.07335636507127963,,,,,,,-0.26303410427283413
2022-10-05,SLB,41.57,0.303952321204517,True,True,49.83,-0.1657635962271724,False,0.010825114265095026,-0.05444323636267201,0.06526835062776704,0.230214096704354,-0.005887188734784776,0.23610128543913877,0.28602357469328843,0.014161075605293227,0.2718624990879952,0.17151792157806112,0.06433477419183764,0.10718314738622348,0.34303584315612223,0.12615025590707796,0.21688558724904428,-0.011306230454654731
2023-03-13,SLB,48.84,1.8101265822784813,True,True,59.45,-0.17846930193439858,True,-0.05364455364455378,0.02174589993772047,-0.07539045358227425,0.047092547092546955,0.06321361843471052,-0.016121071342163562,-0.01453726453726456,0.10688706663898695,-0.12142433117625151,0.23095823095823076,0.17082727838903877,0.06013095256919199,0.05507780507780513,0.3267593938135769,-0.27168158873577175,-0.1251023751023752
2023-06-07,SLB,48.13,1.1887221464301958,True,True,59.45,-0.19041211101766187,False,-0.017868273426137504,0.024920876802250636,-0.04278915022838814,0.10845626428423016,0.028132692533114456,0.08032357175111571,0.24911697485975481,0.05776579533466175,0.19135117952509306,0.08684811967587791,0.06653381784081591,0.020314301835062,-0.10243091626843959,0.2534755597233618,-0.35590647599180136,-0.04944940785372953
2023-11-09,SLB,52.74,2.4651773981603156,True,True,62.12,-0.1509980682549903,True,-0.011945392491467643,0.03777890466531453,-0.04972429715678217,-0.07470610542282907,0.06075972708832755,-0.13546583251115663,-0.10030337504740228,0.14811912225705348,-0.24842249730445576,-0.09632157755024662,0.1785220357735573,-0.2748436133238039,-0.180128934395146,0.3728794025447171,-0.5530083369398631,-0.10693970420932875
2024-02-07,SLB,47.45,0.912535268037082,True,True,62.12,-0.236155827430779,False,0.006322444678608985,0.0009435856253763308,0.005378859053232654,0.07017913593256053,0.03354748042561728,0.03663165550694325,0.004425711275026112,0.026480626380244843,-0.02205491510521873,0.017702845100105336,0.1058221240714714,-0.08811927897136607,-0.1559536354056903,0.21726560931539862,-0.3732192447210889,-0.011380400421496462
2024-05-03,SLB,47.66,0.6888731396172927,True,True,62.12,-0.2327752736638764,False,0.017624842635333593,0.018678245222867762,-0.001053402587534169,-0.0753252203105329,0.03229087210780568,-0.10761609241833858,0.013218631976500195,0.07729468599033806,-0.06407605401383787,-0.13449433487201,0.1328991374757964,-0.2673934723478064,-0.29164918170373477,0.10213381838095792,-0.3937830000846927,-0.10595887536718418
2020-07-23,SNAP,21.97,0.5172651933701655,True,True,26.76,-0.17899850523168914,True,0.020027309968138507,0.003096358682189715,0.016930951285948792,-0.006372325898953091,0.04743621501114692,-0.05380854091010001,0.266727355484752,0.07533440673767666,0.19139294874707535,1.4319526627218937,0.1759660639088434,1.2559865988130503,1.8852981338188441,0.34552266534555365,1.5397754684732905,-0.0619025944469731
2020-11-10,SNAP,38.54,1.9852827265685513,True,True,45.6,-0.15482456140350886,True,0.018941359626362342,0.01858547056829729,0.0003558890580650509,0.27529839128178524,0.036182352276578955,0.23911603900520628,0.6549039958484693,0.10301095921364811,0.5518930366348211,0.4029579657498703,0.17430233871878875,0.22865562703108155,0.4244940321743642,0.32451135464919223,0.09998267752517198,-0.005189413596263459
2021-03-03,SNAP,60.02,2.487507263219059,True,True,73.59,-0.18440005435521134,True,-0.08247250916361215,0.021393739185150196,-0.10386624834876235,-0.12879040319893376,0.039090766084631134,-0.1678811692835649,0.017494168610463046,0.09928687536049496,-0.08179270675003192,0.2579140286571142,0.17261811126841797,0.08529591738869624,-0.3345551482839054,0.14474857112893913,-0.47930371941284455,-0.20159946684438523
2021-05-27,SNAP,61.07,4.702147525676937,True,True,73.59,-0.17013181138741684,False,-0.0011462256427050566,0.007894297502921699,-0.009040523145626755,0.10807270345505171,0.017458083903741928,0.09061461955130978,0.2362862289176355,0.06670800639175734,0.16957822252587818,-0.09759292615031934,0.11922535715137483,-0.21681828330169417,-0.7905682004257409,-0.06057859715232905,-0.7299896032734119,-0.05878500081873261
2021-10-22,SNAP,55.14,7.06140350877193,True,True,83.34,-0.3383729301655868,True,-0.046427276024664565,0.013528425141242861,-0.05995570116590743,-0.06927820094305404,0.034803142655367214,-0.10408134359842125,-0.36434530286543354,-0.003023481638418035,-0.3613218212270155,-0.39807762060210383,-0.03383209745762705,-0.3642455231444768,-0.804316285817918,-0.19356903248587565,-0.6107472533320424,-0.3696046427276025
2022-01-19,SNAP,35.05,4.671521035598706,True,True,83.34,-0.5794336453083754,False,-0.18316690442225392,-0.040664084117321586,-0.14250282030493233,0.14151212553495007,-0.011400110680686137,0.1529122362156362,-0.05306704707560628,-0.030902047592694992,-0.022164999482911285,-0.6054208273894437,-0.16141671278361924,-0.44400411460582445,-0.7315263908701855,-0.13339236303265078,-0.5981340278375347,-0.3061340941512125
2025-02-04,SOFI,15.29,0.3774774774774774,True,True,18.42,-0.16992399565689476,True,-0.03008502289077819,0.005865931071155517,-0.03595095396193371,-0.12164813603662517,-0.03110771378244548,-0.09054042225417969,-0.18181818181818177,-0.071969822858852,-0.10984835895932976,0.4650098103335514,0.055634949649373544,0.40937486068417783,0.42315238718116444,0.14581740835521284,0.2773349788259516,-0.4375408763897972
2025-05-01,SOFI,12.51,0.9888712241653417,True,True,18.42,-0.3208469055374593,False,0.05995203836930463,0.011800096692749618,0.04815194167655501,0.06314948041566759,0.055365552312568234,0.007783928103099358,0.7905675459632293,0.1375006714774294,0.6530668744857999,1.173461231015188,0.19576700628502852,0.9776942247301594,0.2869704236610713,0.2868372517771769,0.0001331718838943896,-0.006394884092725817
2025-08-01,SOFI,21.23,2.2965838509316767,True,True,25.11,-0.15452011150935874,True,0.04097974564295814,0.02486649938879215,0.01611324625416599,0.20301460197833254,0.03752493083703268,0.16548967114129987,0.4130946773433819,0.10216817860129956,0.31092649874208234,0.21761658031088094,0.10858585858585856,0.10903072172502237,-0.23174752708431468,0.20155375410152465,-0.4333012811858393,-0.024964672633066454
2025-11-06,SOFI,27.16,3.7399650959860384,True,True,32.565,-0.16597574082604016,True,0.04528718703976442,0.00258089540660289,0.04270629163316153,0.022827687776141525,0.0229446077188169,-0.00011691994267537531,-0.2360088365243005,0.023690531246736812,-0.2596993677710373,-0.39506627393225335,0.07509958079097734,-0.4701658547232307,,,,-0.26104565537555224
2026-02-04,SOFI,20.75,2.106287425149701,True,True,32.73,-0.3660250534677665,True,-0.009638554216867434,0.008408749763185064,-0.018047303980052498,-0.07228915662650603,-0.007111732901966095,-0.06517742372453994,-0.2081927710843373,0.05021932700855447,-0.2584120980928918,-0.2650602409638554,0.06305833661230853,-0.3281185775761639,,,,-0.28048192771084335
2026-05-01,SOFI,16.43,1.8977072310405645,True,True,32.73,-0.49801405438435686,False,-0.04138770541692027,0.02354818566571848,-0.06493589108263875,0.13085818624467427,0.05257753417054056,0.0782806520741337,-0.07181984175289102,0.012225074585443751,-0.08404491633833477,,,,,,,-0.09433962264150941
2018-07-31,TDOC,59.85,0.9362665803946943,True,True,71.3,-0.16058906030855535,True,0.11445279866332503,0.015106814061778051,0.09934598460154698,0.24477861319966587,0.030533537127217292,0.21424507607244858,0.03842940685045937,-0.0569082572068389,0.09533766405729827,0.0053467000835421,-0.06369743717342613,0.06904413725696823,0.1719298245614036,0.06892261756655893,0.10300720699484467,-0.0008354218880535225
2018-10-24,TDOC,62.15,2.4148351648351647,True,True,89.046,-0.30204613345911113,True,0.11568785197103781,0.0200135685210312,0.09567428345000661,-0.11633145615446494,-0.001130710085934017,-0.11520074606853092,-0.031858407079645934,-0.007198854213779415,-0.02465955286586652,-0.1697506033789219,0.09309513040856321,-0.2628457337874851,0.08736926790024135,0.13025780189959302,-0.04288853399935166,-0.3229283990345937
2019-01-23,TDOC,60.17,2.682374541003672,True,True,89.046,-0.3242818318621836,False,0.03157719793917235,0.015830834060969412,0.01574636387820294,0.13428618913079604,0.05318704680915687,0.08109914232163917,-0.14242978228352998,0.10102122166964023,-0.2434510039531702,0.15007478810038233,0.1380737253710942,0.012001062729288137,0.6328735250124646,0.25773508978398696,0.3751384352284777,-0.19278710320757853
2019-04-18,TDOC,51.6,3.631956912028725,True,True,89.046,-0.42052422343507856,False,0.1191860465116279,0.011688849044893646,0.10749719746673425,0.15174418604651163,-0.01441279911730231,0.16615698516381394,0.3410852713178294,0.033652851527480765,0.30743241979034863,0.31414728682170545,0.004310047582925414,0.30983723923878004,2.376937984496124,-0.03765257568443536,2.4145905601805593,0.002131782945736349
2019-07-16,TDOC,69.2,3.2874845105328374,True,True,89.046,-0.2228735709633224,False,-0.029768786127167712,0.0008339448929215454,-0.030602731020089258,-0.04739884393063587,-0.02411768630328892,-0.02328115762734695,-0.02008670520231215,-0.028387484155046994,0.008300778952734844,0.25635838150289003,0.07959170058042564,0.1767666809224644,2.1567919075144504,0.05023684034958964,2.1065550671648605,-0.21125722543352599
2020-02-28,TDOC,124.96,4.718993135011441,True,True,148.0,-0.15567567567567575,True,0.08754801536491685,0.004050496185782793,0.08349751917913406,0.31370038412291934,-0.1446027138324445,0.45830309795536384,0.3161811779769528,0.009518666036589352,0.3066625119403634,0.7326344430217671,0.13829069060959975,0.5943437524121673,0.7569622279129322,0.2905218389252684,0.4664403889876638,-0.18365877080665804
2020-05-26,TDOC,164.47,4.661617900172117,True,True,203.85,-0.19318126073092956,True,0.03283273545327425,0.03009228300120359,0.002740452452070663,0.20435337751565652,0.04336632339173474,0.16098705412392178,0.316410287590442,0.1275578440551024,0.1888524435353396,0.13692466711254347,0.18098836431723964,-0.04406369720469616,-0.1456192618714659,0.3873879898354955,-0.5330072517069614,-0.10190308262905079
2020-08-24,TDOC,210.63,6.238144329896906,True,True,253.0,-0.16747035573122526,True,0.024023168589469623,0.018634083751312147,0.005389084838157476,0.022076627261073956,-0.036801586375831086,0.05887821363690504,-0.14855433698903286,0.05161553715152212,-0.20016987414055498,0.38256658595641646,0.1439986002566196,0.23856798569979687,-0.3344727721597113,0.2928963023445701,-0.6273690745042814,-0.20001899064710627
2020-11-17,TDOC,179.34,5.393582887700535,True,True,253.0,-0.29114624505928854,False,0.03947808631649363,0.007209805335256059,0.032268280981237574,0.04310248689639784,0.026482169596805605,0.016620317299592235,0.6237872198059551,0.08784870500804165,0.5359385147979134,-0.21891379502620711,0.12420276191004387,-0.343116556936251,-0.24763019962083188,0.29618434917641845,-0.5438145487972503,-0.011375041820006593
2021-02-23,TDOC,256.0,5.623544631306598,True,True,308.0,-0.16883116883116878,True,-0.14875000000000005,-0.0024774193548386947,-0.14627258064516135,-0.24320312499999996,0.005161290322580614,-0.24836441532258058,-0.4651953125,0.060283870967742015,-0.525479183467742,-0.4375,0.1507612903225808,-0.5882612903225808,-0.7246484375,0.1278967741935484,-0.8525452116935484,-0.49320312499999996
2021-05-19,TDOC,136.91,1.8112936344969195,True,True,308.0,-0.555487012987013,False,0.0833394200569717,0.019982475782504894,0.06335694427446681,0.13797385143524954,0.027040841162439877,0.11093301027280966,0.051785844715506624,0.08533320352431484,-0.033547358808808214,0.0681469578555256,0.14133768193545238,-0.07319072407992677,-0.7682419107442846,-0.026213308669619906,-0.7420286020746647,-0.02673289021985248
2020-02-26,TGT,110.66,0.7029855340104647,True,True,130.24,-0.15033783783783794,True,-0.025664196638351733,0.004365971107544109,-0.03003016774589584,-0.17729983733959864,-0.20773675762439814,0.030436920284799496,0.07247424543647218,-0.05335473515248801,0.1258289805889602,0.24923188143864095,0.08478330658105948,0.16444857485758146,0.6840773540574736,0.2439807383627608,0.4400966156947128,-0.18516175673233326
2021-03-04,TGT,169.82,1.2597471723220224,True,True,199.96,-0.15073014602920587,True,0.05594158520786707,0.04467746217148916,0.011264123036377915,0.18195736662348372,0.06347225909211573,0.11848510753136798,0.3362383700388647,0.11505176533050188,0.22118660470836282,0.4759745613002002,0.18919564640297337,0.28677891489722684,0.292132846543399,0.14143881072471465,0.15069403581868435,-0.01631138852903058
2021-10-04,TGT,225.89,1.6078272916185634,True,True,267.06,-0.1541601138320977,True,0.01252822170082779,0.014114408361328934,-0.0015861866605011432,0.1417946788259774,0.07325494587532666,0.06853973295065074,0.008986674930275829,0.11394176931690936,-0.10495509438663353,-0.032228075612023455,0.0561076894363568,-0.08833576504838025,-0.3430873433972288,-0.16671332586786114,-0.17637401752936765,-0.04998007879941557
2021-12-29,TGT,227.92,2.5086206896551726,True,True,268.98,-0.15265075470295197,True,0.004124254124254323,-0.019058389880204474,0.023182644004458797,-0.06905931905931895,-0.09684175253413763,0.02778243347481868,-0.04084766584766575,-0.05191840495937006,0.011070739111704309,-0.3821955071955071,-0.21590433107145857,-0.16629117612404853,-0.3613987363987363,-0.20122308787802634,-0.16017564852070998,-0.19269919269919267
2022-03-25,TGT,218.61,1.7387872713605619,True,True,268.98,-0.18726299353111753,False,-0.03691505420612062,0.0005080739578962046,-0.03742312816401683,0.10543890947349155,-0.05341403609534123,0.15885294556883278,-0.35588490919903026,-0.17296604740550936,-0.1829188617935209,-0.24939389780888344,-0.14829132518942323,-0.10110257261946021,-0.2853940807831298,-0.1257814398374163,-0.15961264094571348,-0.3660857234344266
2019-08-05,TWLO,124.52,2.2828895333509096,True,True,151.0,-0.175364238410596,True,0.05597494378413126,0.014974279472905305,0.041000664311225954,0.04159974301317049,0.02438165034176598,0.017218092671404506,-0.15595888210729203,0.0683179479952083,-0.22427683010250032,-0.03188242852553802,0.13980691987879634,-0.17168934840433436,1.22791519434629,0.15044746670424924,1.0774677276420408,-0.19932540957275935
2019-10-29,TWLO,105.1,1.6783893985728846,True,True,151.0,-0.3039735099337749,False,-0.13101807802093246,0.012598529072260112,-0.14361660709319257,-0.02388201712654603,0.03584974110352568,-0.05973175823007171,0.1470028544243578,0.06691731803040812,0.08008553639394966,0.026546146527117065,-0.07951584710266801,0.10606199362978508,1.8603235014272124,0.11932324131789862,1.7410002601093137,-0.14548049476688862
2020-01-27,TWLO,120.55,3.1959624086320915,True,True,151.0,-0.20165562913907287,False,0.06329323931978448,0.0019165378670789046,0.06137670145270557,-0.06835338034010785,-0.0335394126738795,-0.03481396766622835,-0.10501866445458319,-0.13724884080370936,0.03223017634912617,0.9790128577353796,-0.005502318392581085,0.9845151761279607,2.251845707175446,0.1835548686244204,2.0682908385510257,-0.43545416839485696
2020-08-11,TWLO,244.49,6.408787878787879,True,True,288.811,-0.15346022139045945,True,0.03047159393022203,0.017548076923076916,0.012923517007145113,-0.04654587099676877,0.021003605769230882,-0.06754947676599965,0.2523620597979468,0.032271634615384626,0.22009042518256217,0.5839093623461082,0.146484375,0.43742498734610824,0.5379770133747801,0.32851562499999987,0.20946138837478023,-0.11558754959303041
2020-11-09,TWLO,274.0,8.654686398872446,True,True,341.7,-0.19812701199882932,True,0.01649635036496333,0.02259138086642598,-0.0060950305014626505,0.1708029197080292,0.04402639891696758,0.1267765207910616,0.4600729927007299,0.09349616425992768,0.3665768284408022,0.2482846715328466,0.1722134476534296,0.076071223879417,0.1335766423357665,0.32144065884476536,-0.18786401650899887,-0.07000000000000006
2021-02-25,TWLO,377.59,10.264618138424819,True,True,457.3,-0.17430570741307683,True,-0.08352975449561684,-0.014725498914550217,-0.06880425558106662,-0.13236579358563516,0.019276541207857045,-0.1516423347934922,-0.1667152202123997,0.08529280987628485,-0.25200803008868455,-0.087475833576101,0.1614050689195199,-0.2488809024956209,-0.5730024629889563,0.12355818272173247,-0.6965606457106888,-0.2701077888715272
2021-05-21,TWLO,314.64,4.695872556118754,True,True,457.3,-0.31196151322982735,False,0.06788710907704054,0.0122909336289585,0.05559617544808204,0.1543033307907451,0.01426712295753596,0.14003620783320914,0.0950928044749555,0.07013062129464509,0.024962183180310404,-0.05517416730231384,0.11731816648190097,-0.1724923337842148,-0.6897724383422323,-0.055622499638501965,-0.6341499387037304,-0.03222730739893209
2021-08-17,TWLO,344.56,3.61691008977623,True,True,457.3,-0.246534003936147,False,0.03320176456930568,0.008850554004143696,0.024351210565161985,-0.007371720455073172,0.008647869561300814,-0.016019590016373986,-0.13721848154167637,0.044095126565174336,-0.1813136081068507,-0.4317970745298352,0.00725159895504901,-0.4390486734848842,-0.74616902716508,-0.03418610935951716,-0.7119829178055629,-0.1931739029486882
2021-11-10,TWLO,297.28,2.233061446438281,True,True,457.3,-0.3499234638093156,False,0.01850107642626475,0.009749363703032587,0.008751712723232163,-0.09751749192680281,0.005888443121522036,-0.10340593504832485,-0.3414289558665231,-0.035287519951684554,-0.30614143591483856,-0.6014531754574811,-0.07454380742849753,-0.5269093680289836,-0.8504440258342303,-0.17604935076139938,-0.6743946750728309,-0.4193689451022604
2025-07-31,TWLO,129.0,0.6339455351488283,True,True,151.95,-0.15103652517275412,False,-0.05124031007751939,0.0002689532970510111,-0.0515092633745704,-0.17527131782945737,0.026642197190228867,-0.20191351501968624,-0.1274418604651163,0.07146247310467024,-0.19890433356978654,-0.020000000000000018,0.09002025060118979,-0.1100202506011898,0.48015503875969,0.1734115934691811,0.3067434452905089,-0.2880620155038759
2025-11-07,TWLO,127.68,0.8946431221249445,True,True,151.95,-0.1597235932872655,False,-0.018170426065162948,0.0014307644156965615,-0.01960119048085951,0.01918859649122795,0.018868205731999987,0.000320390759227962,-0.14591165413533846,0.00991102433789881,-0.15582267847323727,0.4855106516290726,0.07010745636913707,0.4154031952599355,,,,-0.17763157894736847
2026-02-05,TWLO,109.05,0.8223596256684491,True,True,149.19,-0.2690528855821436,False,0.01247134342044931,0.00538649980815209,0.00708484361229722,0.174048601558918,-0.007732947669785384,0.18178154922870338,0.7392939018798717,0.05960567869897582,0.6796882231808958,0.7509399358092619,0.09455151855021993,0.656388417259042,,,,-0.03576341127922966
2026-06-15,TWLO,202.0,2.2053316407489683,True,True,238.48,-0.15296880241529687,True,-0.08891089108910899,-0.028152034232873602,-0.06075885685623539,0.04722772277227727,-2.6496032219269772e-05,0.04725421880449654,,,,,,,,,,-0.11287128712871297
2024-04-19,UBER,69.2,0.19619706136560078,True,True,82.14,-0.157535914292671,True,-0.0021676300578035157,0.026456094999596003,-0.02862372505739952,-0.051011560693641655,0.06925034332337021,-0.12026190401701187,-0.008381502890173365,0.12476775183778988,-0.13314925472796324,0.1260115606936416,0.16352290168834305,-0.037511340994701436,0.0537572254335259,0.03780596170934647,0.015951263724179432,-0.09089595375722548
2024-07-17,UBER,68.62,0.4553552492046662,True,True,82.14,-0.16459702946189425,False,-0.03614106674438944,-0.028207706395662058,-0.00793336034872738,0.04823666569513274,-0.02368298200883412,0.07191964770396686,0.1355290002914602,0.03445613531080527,0.10107286498065493,-0.03599533663654908,0.056900204689912526,-0.0928955413264616,0.3188574759545322,0.127661866628362,0.1911956093261702,-0.20081608860390554
2024-10-31,UBER,72.05,0.6147467503361721,True,True,87.0,-0.17183908045977014,True,0.014989590562109578,0.04742895329206531,-0.032439362729955734,-0.0012491325468425574,0.059633511536297146,-0.0608826440831397,-0.07578070784177648,0.06401238041643209,-0.13979308825820858,0.08716169326856349,-0.03128517163759137,0.11844686490615486,0.33934767522553777,0.1994583567810917,0.13988931844444608,-0.17654406662040245
2025-01-30,UBER,66.59,0.9124066628374499,True,True,87.0,-0.23459770114942524,False,0.051058717525153785,0.002115562607430954,0.04894315491772283,0.14146268208439716,-0.0179492264974217,0.15941190858181886,0.17630274816038427,-0.08956432632553213,0.2658670744859164,0.3646193122090404,0.0485587729736876,0.3160605392353528,0.22691094758972818,0.1470977125479307,0.07981323504179749,-0.08950292836762275
2025-11-20,UBER,83.36,1.6404814697497625,True,True,101.99,-0.18266496715364244,True,0.050143953934741026,0.04729284477342044,0.0028511091613205863,-0.04858445297504799,0.04300185432087433,-0.09158630729592232,-0.125,0.04896326605673318,-0.17396326605673318,-0.09920825335892514,0.13277550457450227,-0.2319837579334274,,,,-0.17202495201535517
2026-02-19,UBER,72.94,1.1812200956937802,True,True,101.99,-0.28483184625943714,False,0.02550041129695635,0.007041841982234676,0.018458569314721673,0.0329037565122019,-0.03605656848994865,0.06896032500215055,0.0294762818755141,0.07990007012622713,-0.05042378825071303,0.03317795448313676,0.1285793595137914,-0.09540140503065464,,,,-0.06142034548944342
2023-12-19,UPST,47.31,0.6053613844587717,True,True,72.58,-0.3481675392670157,False,-0.008243500317057673,0.0035169741386573694,-0.011760474455715042,-0.30902557598816327,0.015984331564316445,-0.3250099075524797,-0.48974846755442825,0.08006907589925039,-0.5698175434536786,-0.4719932361023039,0.14008929323561636,-0.6120825293379203,0.7541745931092789,0.2726181450593883,0.4815564480498906,-0.517860917353625
2025-05-16,UPST,48.08,0.7171428571428571,True,True,96.429,-0.5013948086156654,False,-0.05865224625623966,-0.025395489734096333,-0.03325675652214333,0.1451747088186357,0.014271289128239495,0.1309034196903962,0.38997504159733776,0.08530797711208327,0.3046670644852545,-0.21537021630615638,0.1280881857960281,-0.3434584021021845,-0.3862312811980033,0.24397509256142702,-0.6302063737594303,-0.09983361064891838
2025-08-13,UPST,66.83,1.0709637434149362,True,True,96.429,-0.30695122836491096,False,-0.04414185246146929,-0.010513420893485614,-0.033628431567983674,-0.0694298967529553,0.01975530710663831,-0.08918520385959361,-0.43550800538680234,0.039417575090325396,-0.47492558047712774,-0.4325901541224001,0.06404192963141009,-0.4966320837538102,-0.5645668113122848,0.19786320147622072,-0.7624300127885055,-0.4361813556785874
2025-11-07,UPST,38.6,0.8893783651492904,True,True,96.429,-0.5997054827904469,False,0.0031088082901553626,0.0014307644156965615,0.001678043874458801,0.21528497409326408,0.018868205731999987,0.1964167683612641,-0.10310880829015556,0.00991102433789881,-0.11301983262805437,-0.16891191709844566,0.07010745636913707,-0.23901937346758273,,,,-0.11321243523316071
2015-10-23,VFC,60.0282,0.5290497599246025,True,True,73.2863,-0.1809083007328791,False,0.05913887139711016,0.0020239988434294087,0.05711487255368075,0.01537277479584609,0.008674280757553943,0.0066984940382921465,-0.10588190217264548,-0.1003325140957062,-0.005549388076939277,0.012549101922096684,0.008336947616982338,0.004212154305114346,-0.14823532939518425,0.03069731579201007,-0.17893264518719432,-0.18101825475359912
2019-01-18,VFC,77.533,0.5248143959880034,True,True,91.3371,-0.15113354814199276,False,0.01651683799156478,-0.010132852961044714,0.026649690952609495,0.05331536249081048,0.04274562786159297,0.010569734629217509,0.13334838068951282,0.08894393154694913,0.044404449142563696,0.14635058620200425,0.12831194175485994,0.018038644447144314,0.22696142287800036,0.24191248217368466,-0.0149510592956843,-0.014816916667741431
2020-01-24,VFC,84.53,0.7230484483798902,True,True,100.25,-0.15680798004987528,True,-0.018454986395362583,-0.021413145968306013,0.0029581595729434307,-0.03194132260735838,-0.01931441433220782,-0.012626908275150561,-0.36898142671240974,-0.16951060011558217,-0.19947082659682758,-0.26274695374423285,-0.024272287617483235,-0.2384746661267496,-0.004258843014314451,0.1687197737019801,-0.17297861671629455,-0.4668165148468
2020-03-16,VZ,50.99,0.03302269043760142,True,True,62.22,-0.1804885888781742,True,-0.013335948225142169,-0.07046070460704612,0.05712475638190395,0.14022357324965684,0.18319783197831985,-0.042974258728663006,0.13845852127868197,0.3299979153637691,-0.19153939408508713,0.18866444400862914,0.4400250156347718,-0.25136057162614267,0.09099823494802894,0.6429435063581406,-0.5519452714101116,-0.04216513041772896
2017-10-05,W,71.17,1.1698170731707318,True,True,84.19,-0.1546501959852714,True,-0.027961219615006305,-7.853608733221495e-05,-0.02788268352767409,-0.11704369818743854,0.011505536794156779,-0.12854923498159532,0.1384010116622172,0.05540720961281709,0.0829938020494001,-0.05114514542644377,0.03333856907248878,-0.08448371449893255,0.9408458620205142,0.14552736982643544,0.7953184921940788,-0.22256568778979913
2018-02-22,W,73.95,2.0270159639787146,True,True,100.14,-0.2615338526063511,True,0.072075726842461,-0.009985207100591698,0.0820609339430527,-0.06328600405679519,-0.024889053254437687,-0.0383969508023575,0.1591615956727519,0.003439349112426049,0.15572224656032585,0.6530087897227856,0.04992603550295849,0.6030827542198272,0.5859364435429344,0.02596153846153859,0.5599749050813958,-0.18147396889790401
2018-05-22,W,84.66,1.8267111853088482,True,True,100.14,-0.1545835829838227,False,0.11764705882352944,0.0,0.11764705882352944,0.3720765414599574,0.012325299878948037,0.35975124158100935,0.4018426647767541,0.042001393932724396,0.3598412708440297,0.1033545948499881,0.018891456659696937,0.08446313819029116,0.7987243090007088,0.050988591761123914,0.7477357172395849,-0.011457595086227235
2018-10-09,W,127.71,2.237262357414448,True,True,151.199,-0.15535155655791388,True,-0.0203586250097878,-0.02435629784272786,0.003997672832940058,-0.2678725236864772,-0.04272790535838544,-0.22514461832809174,-0.2518205308902983,-0.11489213639526785,-0.13692839449503047,0.2218307102028032,-0.0034098816979817315,0.22524059190078494,-0.18181818181818177,0.0039318023660404045,-0.18574998418422217,-0.4002035862500979
2019-01-07,W,95.55,1.198573400828348,True,True,151.199,-0.3680513760011641,False,-0.01978021978021982,0.01187200251592091,-0.03165222229614073,0.22448979591836737,0.07359069109206717,0.1508991048263002,0.6330716902145472,0.12595329821526868,0.5071183919992786,0.5279958137100995,0.15182011164399722,0.3761757020661023,-0.015803244374672842,0.2674345467410961,-0.28323779111576897,-0.03160648874934591
2019-04-09,W,145.63,2.4517658212846647,True,True,173.718,-0.16168733234322286,True,0.026780196388106914,0.009919599039365234,0.01686059734874168,0.022248163153196554,0.0007657234346174491,0.021482439718579105,-0.0032960241708438476,0.038808255890849574,-0.04210428006169342,-0.23010368742704113,0.032926107688559414,-0.26302979511560054,-0.5090297328847078,-0.07813859594166572,-0.43089113694304204,-0.07155119137540333
2019-07-05,W,145.15,2.8137151865475563,True,True,173.718,-0.16445043115854419,False,0.03417154667585254,0.007337666689003486,0.026833879986849052,-0.12270065449534961,-0.01956711117067611,-0.1031335433246735,-0.22755769893213917,-0.0056624003216511065,-0.22189529861048807,-0.3757492249397175,0.07629163036922892,-0.45204085530894644,0.5100930072338958,0.04040742478054016,0.4696855824533557,-0.26944540130899064
2019-09-30,W,112.12,1.7187196896217265,True,True,173.718,-0.35458616838784696,False,-0.07456296824830533,-0.01243387134818208,-0.06212909690012325,-0.025062433107384985,0.02200357178960144,-0.047066004896986424,-0.19184801997859435,0.08242072985813942,-0.27426874983673377,-0.7285051730288976,-0.24874481922027158,-0.479760353808626,1.6198715661790937,0.10769282609428199,1.5121787400848117,-0.29887620406707105
2020-08-31,W,296.56,3.3426563186410894,True,True,349.082,-0.15045748563374794,True,-0.14998651200431612,-0.04609086484784297,-0.10389564715647315,-0.006406797949824572,-0.04849560562251298,0.04208880767268841,-0.1848867008362558,0.03982136211388165,-0.22470806295013745,-0.11350148367952528,0.10932982164839244,-0.22283130532791773,-0.018343674130024246,0.2889696830895194,-0.30731335721954367,-0.2544847585648773
2020-11-24,W,241.73,2.541831501831502,True,True,349.082,-0.3075265983350617,False,0.003971373019484581,0.009828753923242006,-0.005857380903757425,0.06581723410416584,0.011976212763614269,0.053841021340551576,0.08757704877342487,0.06684653928748419,0.020730509485940685,0.2512720804203039,0.13116017840427285,0.12011190201603106,0.0694990278409795,0.28729144870877144,-0.21779242086779194,-0.08046580896041033
2021-02-23,W,262.9,1.7474135228341519,True,True,369.0,-0.2875338753387534,True,0.2174591099277292,-0.0024774193548386947,0.2199365292825679,0.277786230505896,0.005161290322580614,0.2726249401833154,0.1505135032331688,0.060283870967742015,0.0902296322654268,0.18630658044883996,0.1507612903225808,0.03554529012625918,-0.502472422974515,0.1278967741935484,-0.6303691971680634,-0.04435146443514637
2021-05-19,W,302.47,2.526935634328358,True,True,369.0,-0.18029810298102977,False,0.07405693126591051,0.019982475782504894,0.054074455483405615,0.022316262769861428,0.027040841162439877,-0.004724578392578449,0.03111052335768827,0.08533320352431484,-0.05422268016662657,-0.19264720468145613,0.14133768193545238,-0.3339848866169085,-0.8320163983204946,-0.026213308669619906,-0.8058030896508747,-0.22577445697093934
2021-08-13,W,311.88,1.5507483438292304,True,True,369.0,-0.15479674796747966,False,-0.06848787995382843,-0.005740940078937884,-0.06274693987489055,-0.1402141849429268,0.001480086114101109,-0.14169427105702792,-0.217006540977299,0.05160118406889125,-0.26860772504619024,-0.5557586251122226,0.0015249372084678026,-0.5572835623206904,-0.7931255611132487,-0.05814944384642984,-0.7349761172668189,-0.28498140310375786
2021-11-08,W,244.2,1.611764705882353,True,True,369.0,-0.3382113821138212,False,0.03820638820638833,-0.0031987716716780357,0.04140515987806637,-0.05757575757575761,-0.0013861343910606116,-0.056189623184697,-0.43263718263718254,-0.04761904761904756,-0.385018135018135,-0.6421375921375921,-0.11611541168191408,-0.5260221804556781,-0.8659295659295659,-0.1974281875759708,-0.6685013783535951,-0.4696969696969697
2025-10-10,W,74.28,1.0882766376159685,True,True,91.77,-0.19058515854854519,True,0.10810446957458275,0.017411411595356974,0.09069305797922578,0.43887991383952607,0.027487672659336715,0.41139224118018936,0.480748519116855,0.05598603411840375,0.42476248499845126,-0.03136779752288632,0.009050258797586475,-0.040418056320472795,,,,-0.00901992460958534
2026-02-18,W,91.48,0.753834355828221,True,True,119.98,-0.23753958993165525,True,-0.1719501530389157,0.00999577438109256,-0.18194592742000826,-0.16090948841276775,-0.03622375380669984,-0.12468573460606791,-0.3232400524704854,0.09016596482536543,-0.4134060172958508,0.12811543506777445,0.12279065701088454,0.005324778056889912,,,,-0.3609532138172278
2026-05-21,W,66.34,0.864006743467266,True,True,119.98,-0.4470745124187364,False,0.08923726258667464,0.01852649719948296,0.07071076538719168,0.28188121796804344,0.002248492029297555,0.2796327259387459,0.5328610189930658,0.03329653166738478,0.49956448732568104,,,,,,,-0.019143804642749673
2014-04-14,WBD,39.3817,0.9162072606425684,True,True,46.3771,-0.1508373744800774,False,0.006358283161976175,0.02705805182026877,-0.020699768658292594,-0.05540390587506372,0.03837323712692697,-0.09377714300199069,0.011289507563157608,0.07324805947305135,-0.061958551909893744,-0.06047732830223185,0.07423198863015212,-0.13470931693238397,-0.1612855717249383,0.14294304143435,-0.3042286131592883,-0.07149259681527209
2021-03-24,WBD,61.94,1.8782527881040894,True,True,78.14,-0.2073201945226517,True,-0.2983532450758798,0.02273431048720065,-0.32108755556308044,-0.38311268969970935,0.06386767134599514,-0.4469803610457045,-0.5305134000645786,0.07070602807597037,-0.601219428140549,-0.5760413303196641,0.1461860033030553,-0.7222273336227194,-0.5778172424927349,0.14675371593724207,-0.724570958429977,-0.5335808847271553
2026-07-27,WBD,25.28,0.9282990083905418,True,True,30.0,-0.15733333333333333,False,0.03204113924050622,0.02513902231122045,0.006902116929285773,0.13528481012658222,0.032986510438512306,0.10229829968806992,,,,,,,,,,-0.0003955696202532222
2014-04-07,WYNN,210.71,0.5847623345367028,True,True,249.31,-0.15482732341261884,True,-0.001471216363722716,-0.007594662037539335,0.006123445673816619,-0.014996915191495375,0.0132364109797114,-0.028233326171206774,0.004366190498789724,0.06992513833134417,-0.06555894783255445,-0.12438897062313137,0.07355972659216659,-0.19794869721529795,-0.3796212804328224,0.12742757947271355,-0.5070488599055359,-0.1057377438185183
2014-07-02,WYNN,211.63,0.5093787889594179,True,True,249.31,-0.1511371385022663,False,-0.03988092425459533,-0.004512498098666495,-0.035368426155928834,0.007418607947833555,-0.020990721492673448,0.028409329440507003,-0.12819543542975942,0.0033970491304569084,-0.13159248456021633,-0.30312337570287773,0.05191907924757899,-0.3550424549504567,-0.5337617540046307,0.04370531866348926,-0.5774670726681199,-0.18475641449699942
2018-06-19,WYNN,172.42,0.638039141174235,True,True,203.63,-0.15326818248784568,False,-0.03027491010323624,-0.014156079854809378,-0.016118830248426863,-0.04332444032014848,0.020181488203266706,-0.06350592852341519,-0.21598422456791544,0.05564428312159708,-0.2716285076895125,-0.3838301821134439,-0.041488203266787704,-0.3423419788466562,-0.29242547268298336,0.06134301270417408,-0.35376848538715744,-0.2636585082937014
2018-09-13,WYNN,135.18,0.9742953118153936,True,True,203.63,-0.33614889751018995,False,0.015756768752773986,0.009455695767286665,0.0063010729854873215,-0.14025743453173556,-0.06416119382457097,-0.07609624070716459,-0.21408492380529676,-0.09201251590276105,-0.1220724079025357,-0.11532771119988161,-0.0562871780765396,-0.05904053312334201,-0.13389554667850279,0.03596602826393447,-0.16986157494243725,-0.3157271785767126
2023-10-02,WYNN,92.63,0.30501549732318955,True,True,117.86,-0.21406753775666043,False,0.0047500809672891275,0.011654302497016156,-0.006904221529727028,-0.04912015545719528,-0.02742739463153221,-0.02169276082566307,-0.021591277124041852,0.11513889213919626,-0.1367301692632381,0.07319442945050203,0.21637686925183108,-0.14318243980132905,0.03508582532656801,0.3427254218249045,-0.3076395964983365,-0.11853611141098985
2021-03-18,ZS,178.21,4.40030303030303,True,True,230.881,-0.22813050879024255,True,-0.030076875596206754,-0.004546847859405401,-0.025530027736801353,0.08013018349138656,0.06585266169408399,0.014277521797302573,0.18640929240783355,0.08628793297231008,0.10012135943552347,0.5748835643342125,0.15180852150812307,0.42307504282608943,0.10324897592727678,0.08861244508020838,0.014636530847068396,-0.11884854946411538
2021-12-01,ZS,318.21,7.472044728434504,True,True,376.11,-0.1539443247985962,True,-0.020112504321045832,0.04221975582685911,-0.06233226014790494,0.020049652745042668,0.05695893451720324,-0.036909281772160574,-0.24845227994091945,-0.03078801331853498,-0.21766426662238447,-0.598347003551114,-0.12566037735849056,-0.47268662619262347,-0.5762232487979636,-0.12268590455049944,-0.45353734424746417,-0.3526287671663366
2022-02-28,ZS,239.15,3.813808373590982,True,True,376.11,-0.364148786259339,False,-0.1454317374033034,-0.03939262075441452,-0.10603911664888888,-0.005101400794480404,0.04415637954332041,-0.049257780337800816,-0.46556554463725697,-0.097886082037423,-0.367679462599834,-0.3049550491323437,-0.03318599271694567,-0.27176905641539806,-0.4487141961112273,-0.08909145042713507,-0.35962274568409225,-0.4768137152414802
2022-05-24,ZS,127.81,0.7327819956616051,True,True,376.11,-0.6601792028927707,False,0.16532352711055465,0.03985884383965055,0.1254646832709041,0.2734527814724981,-0.04018888522176234,0.3136416666942604,0.3005242156325796,0.07172053111274712,0.22880368451983246,0.07072998982865175,0.0031226992307498147,0.06760729059790194,-0.026132540489789524,0.051283353220442196,-0.07741589371023172,-0.0097019012596824
2025-08-08,ZS,269.695,0.6316474075866658,True,True,318.46,-0.15312755134082767,True,0.019559131611635472,0.009824539376628527,0.009734592235006945,0.04414245722019339,0.018283687498038326,0.02585876972215506,0.24685292645395718,0.07244420728836443,0.17440871916559275,-0.2583844713472626,0.08598826077403565,-0.34437273212129826,-0.37455273549750645,0.21356602529897373,-0.5881187607964802,-0.0344648584512135
2025-11-20,ZS,279.73,0.8995653945402691,True,True,336.99,-0.1699160212469213,True,-0.10091874307367821,0.04729284477342044,-0.14821158784709865,-0.1686626389732957,0.04300185432087433,-0.21166449329417003,-0.3958817431094269,0.04896326605673318,-0.4448450091661601,-0.424266256747578,0.13277550457450227,-0.5570417613220803,,,,-0.41774925821327713
