,ticker,close,ret3y,sma200_rising,strong,hi252,dd,fresh,r5,spy5,x5,r20,spy20,x20,r60,spy60,x60,r120,spy120,x120,r250,spy250,x250,worst60
2018-03-05,AA,45.65,0.30206104997746697,True,True,57.5,-0.20608695652173914,True,0.059364731653888336,0.023255813953488413,0.03610891770039992,-0.006571741511500528,-0.04195598662698852,0.03538424511548799,0.06330777656078856,0.0015430397883831048,0.06176473677240546,-0.07951807228915653,0.049965097909548506,-0.12948317019870503,-0.3612267250821467,0.026488849700576633,-0.38771557478272334,-0.043023001095290225
2018-05-30,AA,48.54,0.615980024968789,True,True,62.35,-0.22149157979149958,True,0.032756489493201535,0.017570888815523933,0.015185600677677602,-0.057684384013184986,-0.011958475477788721,-0.045725908535396265,-0.13432220848784504,0.048347456072777906,-0.18266966456062295,-0.25937371240214246,0.004108433292982605,-0.26348214569512507,-0.5372888339513803,0.020762261105608637,-0.5580510950569889,-0.17531932426864438
2018-08-23,AA,42.02,1.132496980400516,True,True,62.35,-0.3260625501202886,False,0.05592574964302699,0.01578081808320797,0.04014493155981902,0.042122798667301176,0.021694251023478772,0.020428547643822403,-0.1444550214183722,-0.04219881731341191,-0.10225620410496028,-0.32722513089005245,-0.029462192518982522,-0.29776293837106993,-0.5704426463588768,0.02298890793939612,-0.5934315542982729,-0.21275583055687775
2022-03-14,AA,73.5,1.6353531731803512,True,True,92.32,-0.20385615251299816,True,0.23387755102040808,0.06568345323740998,0.1681940977829981,0.12285714285714278,0.05496402877697837,0.06789311408016441,-0.15265306122448974,-0.0138609112709831,-0.13879214995350664,-0.3299319727891157,-0.05937649880095919,-0.2705554739881565,-0.3917006802721088,-0.0758752997601918,-0.315825380511917,-0.27428571428571424
2022-06-08,AA,62.28,1.8860055607043562,True,True,98.09,-0.3650728922418187,True,-0.17935131663455361,-0.07786586255532324,-0.10148545407923037,-0.2801862556197817,-0.05483682700257775,-0.22534942861720397,-0.20921644187540145,-0.04615534263897669,-0.16306109923642476,-0.2341040462427746,-0.038884295510918765,-0.19521975073185582,-0.4324020552344252,0.03727931520840433,-0.46968137044282954,-0.36472382787411695
2022-09-02,AA,49.25,1.6942013129102844,True,True,98.09,-0.497910082577225,False,0.06274111675126903,0.047751376708137894,0.014989740043131139,-0.2408121827411167,-0.06534264735875994,-0.17546953538235677,-0.03147208121827405,0.007622883948602999,-0.03909496516687705,-0.024568527918781724,0.013996532735060185,-0.03856506065384191,-0.36852791878172586,0.1502906383846625,-0.5188185571663884,-0.318781725888325
2026-06-10,AA,65.55,0.9404973357015984,True,True,84.38,-0.2231571462431856,True,-0.058276125095347076,0.021407992500999562,-0.07968411759634664,-0.25736079328756667,0.040693106157727366,-0.29805389944529403,-0.2376811594202899,0.06170133575948067,-0.29938249517977056,,,,,,,-0.35194508009153325
2013-08-15,AAL,15.72,0.7199124726477024,True,True,19.7,-0.20203045685279186,False,0.03498727735368945,-0.0019233080899145882,0.03691058544360404,0.13676844783715025,0.0177304964539009,0.11903795138324935,0.4764631043256997,0.06557278519052767,0.41089031913517204,1.2048346055979642,0.06671474936891442,1.1381198562290498,1.4249363867684477,0.1710542132467845,1.2538821735216632,-0.027989821882951738
2014-09-22,AAL,35.58,5.134482758620689,True,True,44.88,-0.20721925133689845,False,-0.015458122540753183,-0.00808435852372591,-0.007373764017027273,-0.010118043844856595,-0.04443886517700224,0.034320821332145646,0.34794828555368196,-0.006226462465478311,0.35417474801916027,0.4114671163575043,0.04735124278182279,0.36411587357568154,0.2223159078133785,-0.018578960582475657,0.24089486839585417,-0.21023046655424393
2015-05-20,AAL,43.06,2.8688230008984723,True,True,56.2,-0.23380782918149468,False,-0.025313516024152438,-0.001972942502818431,-0.023340573521334007,-0.0715281003251278,-0.00046974821495671115,-0.07105835211017109,-0.004180213655364584,-0.016253288237504715,0.01207307458214013,0.036925220622387345,-0.022547914317925466,0.05947313494031281,-0.2419879238272179,-0.037720781661029656,-0.20426714216618824,-0.12215513237343256
2015-08-14,AAL,42.88,3.258192651439921,True,True,56.2,-0.23701067615658367,False,-0.07299440298507465,-0.05534332919491913,-0.017651073790155514,-0.013759328358209033,-0.06403399866297388,0.050274670304764846,0.041277985074626766,-0.0063986247731829815,0.04767660984780975,-0.14295708955223885,-0.10252124916435867,-0.04043584038788017,-0.1847014925373135,0.044074109445134235,-0.22877560198244773,-0.20475746268656714
2025-02-25,AFRM,63.96,0.6979028404565968,True,True,82.527,-0.22498091533679887,True,-0.1086616635397124,-0.029247442110931554,-0.07941422142878085,-0.20372107567229525,-0.03160339256865907,-0.17211768310363618,-0.26141338336460285,-0.019150511577813667,-0.24226287178678918,0.22326454033771093,0.08255923532579423,0.1407053050119167,-0.25156347717323335,0.15668753365643506,-0.4082510108296684,-0.516869918699187
2025-05-21,AFRM,47.24,1.05838779956427,True,True,82.527,-0.42758127643074384,False,0.1018204911092293,0.012335723844490776,0.08948476726473853,0.31371718882303123,0.01959304121058225,0.294124147612449,0.6562235393734122,0.10369557011975417,0.552527969253658,0.5906011854360711,0.1718079813334248,0.4187932041026463,0.4208298052497883,0.2717462169303091,0.1490835883194792,-0.011325148179508915
2025-09-25,AFRM,77.94,2.5203252032520322,True,True,100.0,-0.22060000000000002,True,-0.0065434949961508115,0.016974394043006047,-0.02351788903915686,-0.030792917628945204,0.020834283109186336,-0.05162720073813154,-0.022068257634077493,0.03425271635893945,-0.05632097399301694,-0.42994611239414937,0.00265937238811631,-0.4326054847822657,,,,-0.22645624839620215
2025-12-19,AFRM,76.22,5.745132743362832,True,True,100.0,-0.2378,False,-0.009315140383101439,0.010667215210332204,-0.019982355593433643,-0.05851482550511666,0.007067397405192466,-0.06558222291030913,-0.4170821306743637,-0.03054702537504239,-0.38653510529932134,-0.05667803726056142,0.10908182606268091,-0.16575986332324233,,,,-0.4387168722120178
2026-03-19,AFRM,44.43,3.4385614385614387,True,True,100.0,-0.5557000000000001,False,-0.013054242628854351,-0.022294634737799246,0.009240392108944895,0.45172180958811614,0.07629584722643235,0.3754259623616838,0.6182759396803963,0.14402849348287372,0.47424744619752257,,,,,,,-0.05255458023857751
2026-06-15,AFRM,71.9,2.8143236074270557,True,True,100.0,-0.2809999999999999,False,-0.0009735744089013343,-0.028152034232873602,0.027178459823972267,0.13643949930458943,-2.6496032219269772e-05,0.1364659953368087,,,,,,,,,,-0.03696801112656467
2017-05-10,AMC,279.5,0.3221381267738883,True,True,356.5,-0.2159887798036466,False,-0.11985688729874777,-0.016884145578855314,-0.10297274171989246,-0.15384615384615385,0.016300496102055195,-0.17014664994820905,-0.41860465116279066,0.0314336932505106,-0.45003834441330126,-0.5026833631484795,0.07037145120273469,-0.5730548143512142,-0.3989266547406082,0.11276941676741581,-0.511696071508024,-0.47048300536672627
2021-05-28,AMC,261.2,0.8076124567474048,True,True,367.2,-0.28867102396514166,True,1.105666156202144,0.005118560137129746,1.1005475960650142,1.2247320061255746,0.01768879154366254,1.207043214581912,0.694486983154671,0.06649366726978378,0.6279933158848872,0.6129402756508424,0.11451290353299681,0.4984273721178456,-0.545176110260337,-0.05397105037615468,-0.4912050598841823,0.09226646248085757
2021-08-24,AMC,442.6,1.3294736842105266,True,True,726.2,-0.3905260258881851,True,0.06484410302756438,0.008013929504207873,0.05683017352335651,-0.09444193402620882,-0.022568475567560364,-0.07187345845864845,-0.04812471757794856,0.04502533651807039,-0.09315005409601895,-0.5989606868504294,-0.019979016451994625,-0.5789816703984347,-0.763669227293267,-0.07728196084559236,-0.6863872664476747,-0.2376863985539992
2021-11-17,AMC,421.3,1.8582089552238807,True,True,726.2,-0.419856788763426,False,-0.07690481841917884,0.0027769470671166196,-0.07968176548629546,-0.41965345359601236,-0.003610031187251672,-0.4160434224087607,-0.5786850225492524,-0.06220361430341348,-0.5164814082458389,-0.7538571089484928,-0.16104156876148157,-0.5928155401870112,-0.8112983622122003,-0.14878027940359717,-0.6625180828086031,-0.68193686209352
2022-03-28,AMC,293.3,0.9857819905213272,True,True,726.2,-0.5961167722390526,False,-0.20525059665871126,0.0019521396766906118,-0.20720273633540187,-0.47153085577906584,-0.08731986576297956,-0.3842109900160863,-0.5891578588475963,-0.1707573863262486,-0.4184004725213477,-0.6870098874872145,-0.14774845912570467,-0.5392614283615098,-0.8448687350835322,-0.1303327411111842,-0.714535993972348,-0.6692806000681896
2022-06-17,APA,39.22,0.37037037037037024,True,True,51.95,-0.2450433108758422,True,-0.044620091789903116,0.06212758978844346,-0.10674768157834658,-0.1244263131055583,0.07218608210791011,-0.1966123952134684,0.06425293217746053,0.07855463838626808,-0.014301706208807552,0.0905150433452322,0.08303722735472574,0.007477815990506453,-0.12340642529321766,0.20116984638932922,-0.3245762716825469,-0.23125956144824067
2022-09-15,APA,41.49,0.45834797891036927,True,True,51.95,-0.20134744947064487,False,-0.10556760665220544,-0.04075669024915407,-0.06481091640305137,0.008917811520848362,-0.06190402952937557,0.07082184105022393,0.008917811520848362,0.00810007177278771,0.000817739748060653,-0.10797782598216443,0.0036911719470931192,-0.11166899792925755,0.03591226801638947,0.15441402645339908,-0.11850175843700961,-0.23282718727404206
2023-02-09,APA,41.05,0.4676439041830531,True,True,51.95,-0.20981713185755546,False,-0.022168087697929217,0.002923186518951626,-0.025091274216880843,-0.12423873325213142,-0.052027807118818825,-0.07221092613331259,-0.1941534713763703,0.013878994816870938,-0.20803246619324123,0.014859926918392219,0.10255717408926768,-0.08769724717087546,-0.2577344701583435,0.2241027782554228,-0.4818372484137663,-0.2467722289890376
2023-05-08,APA,33.08,1.8492678725236864,True,True,51.95,-0.3632338787295477,False,-0.004232164449818665,0.0006541648495419494,-0.0048863292993606144,0.007859733978234695,0.037045113146290554,-0.02918537916805586,0.25937122128174117,0.08746426321655276,0.1719069580651884,0.21311970979443795,-0.004991035518728482,0.21811074531316643,-0.09552599758162017,0.25156272714057293,-0.3470887247221931,-0.07285368802902048
2015-08-25,BA,125.49,0.7127064282789681,True,True,158.83,-0.20990996663098915,False,0.015539086779823075,0.024029476157419793,-0.008490389377596719,0.04924695194836226,0.033801463128103615,0.015445488820258646,0.1816080962626505,0.11459390185293938,0.06701419440971113,-0.07291417642840059,0.0299567469429165,-0.10287092337131709,0.07570324328631783,0.16692476104020937,-0.09122151775389153,-0.002071878237309699
2016-01-15,BA,125.63,0.6328307772290096,True,True,158.83,-0.20902852106025316,False,-0.012895009153864434,-0.0009051701187371419,-0.011989839035127292,-0.1037172649844782,0.0104893243171289,-0.1142065893016071,0.04385895088752689,0.10750226292529685,-0.06364331203776996,0.03550107458409624,0.13226132793780954,-0.0967602533537133,0.25996975244766385,0.2061658058676321,0.053803946580031736,-0.1872960280187853
2018-11-23,BA,312.32,1.1054334636645544,True,True,394.28,-0.20787257786344726,True,0.11027151639344268,0.047103513770180294,0.06316800262326239,-0.05814549180327855,-0.10981956315289643,0.05167407134961788,0.3577420594262295,0.06036087369420695,0.29738118573202255,0.129578637295082,0.07863247863247858,0.050946158662603436,0.17328381147540983,0.17861348528015197,-0.005329673804742141,-0.06355660860655732
2019-05-09,BA,354.13,1.6574365901245685,True,True,446.01,-0.20600434967825831,True,-0.0009036229633185844,0.003627991348635895,-0.004531614311954479,-0.0012142433569592992,0.003453568687643793,-0.004667812044603092,-0.06514556801174709,-0.009907207144352337,-0.055238360867394753,-0.014683873153926497,0.05773390078839036,-0.07241777394231685,-0.6558890802812527,-0.008407172259820128,-0.6474819080214326,-0.0767232372292661
2019-08-05,BA,331.06,1.5156534954407297,True,True,446.01,-0.25772964731732473,False,0.005678728931311605,0.014974279472905305,-0.0092955505415937,0.07056122757204131,0.02438165034176598,0.046179577230275326,0.05397813085241343,0.0683179479952083,-0.014339817142794864,-0.04367788316317278,0.13980691987879634,-0.18348480304196912,-0.5227451217301999,0.15044746670424924,-0.6731925884344492,-0.03476711170180624
2019-10-29,BA,348.93,1.3974852274288856,True,True,446.01,-0.2176632810923521,False,0.02682486458602007,0.012598529072260112,0.014226335513759958,0.07044392858166382,0.03584974110352568,0.03459418747813814,-0.09265468718654168,0.06691731803040812,-0.1595720052169498,-0.6131888917547932,-0.07951584710266801,-0.5336730446521252,-0.5390766056229043,0.11932324131789862,-0.6583998469408029,-0.13243343937179375
2023-11-02,BA,192.01,0.32980123277235274,True,True,243.1,-0.21016042780748667,False,0.006874641945732174,0.007150153217568844,-0.00027551127183667035,0.2180094786729858,0.06579069551490391,0.1522187831580819,0.0991094213843029,0.12099544990249789,-0.02188602851819499,-0.1291078589656789,0.17991456959791985,-0.30902242856359874,-0.2223842508202697,0.32008543040208015,-0.5424696812223498,-0.012707671475443938
2015-06-29,BBY,32.73,0.7682333873581844,True,True,42.0,-0.22071428571428575,False,0.03269172013443322,0.012656995424009443,0.02003472471042378,-0.018331805682859637,0.019034173887644945,-0.03736597957050458,0.1258783990223038,-0.05754064842761164,0.18341904744991544,-0.08952031775129843,-0.002726122091324945,-0.08679419565997348,-0.07882676443629688,-0.010612403855515429,-0.06821436058078145,-0.13473877176901916
2015-11-13,BBY,32.04,1.040764331210191,True,True,42.0,-0.2371428571428572,False,-0.047752808988763995,0.033425496198281834,-0.08117830518704583,-0.06679151061173538,0.001777426681149441,-0.06856893729288482,-0.15948813982521848,-0.09716599190283393,-0.06232214792238455,0.019350811485642883,0.016539942727362478,0.002810868758280405,0.2478152309612982,0.07099832131924555,0.17681690964205266,-0.21004993757802748
2018-11-12,BBY,67.15,0.9548762736535663,True,True,84.37,-0.2041009837620007,True,-0.0737155621742368,-0.012730674689070631,-0.06098488748516617,-0.12166790766939695,-0.026085042374435985,-0.09558286529496096,-0.12956068503350715,-0.00715412554573136,-0.12240655948777579,0.09426656738644823,0.054884983673918475,0.039381583712529755,0.1355174981384959,0.13126903180834293,0.004248466330152967,-0.2893521965748326
2020-03-09,BBY,66.87,0.5010101010101011,True,True,91.99,-0.2730731601261006,True,-0.1431135038133693,-0.12536921562192327,-0.017744288191446023,-0.10049349484073589,-0.03416839878933742,-0.06632509605139847,0.22954987288769235,0.1383874849578821,0.09116238792981024,0.6632271571706294,0.27021113663712937,0.39301602053350004,0.5380589202931059,0.3989352003792437,0.1391237199138622,-0.28054433976372073
2020-12-31,BBY,99.79,0.4574266101942457,True,True,124.89,-0.20097685963648004,True,0.07796372382002192,0.019738953674975912,0.05822477014504601,0.07916624912315862,0.006285439178346008,0.07288080994481261,0.1596352339913818,0.05576655611426129,0.10386867787712051,0.11614390219460846,0.13699582753824768,-0.02085192534363922,0.010722517286301247,0.2770942548411255,-0.26637173755482424,-0.0386812305842269
2021-12-09,BBY,104.38,0.7794067507671327,True,True,141.97,-0.2647742480805805,True,-0.03985437823337801,0.00021443122118580682,-0.040068809454563814,-0.01801111324008431,-0.000557521175083231,-0.017453592065001078,-0.031136232994826596,-0.10743004181408822,0.07629380881926162,-0.22149837133550476,-0.10498552589257004,-0.11651284544293472,-0.22044452960337224,-0.15694221078589043,-0.0635023188174818,-0.1801111324008431
2014-04-08,BIIB,285.92,2.903344709897611,True,True,358.89,-0.20332135194627876,True,-0.0015039171796307205,-0.004862236628849326,0.0033583194492186053,-0.006715165081141672,0.015018908698001043,-0.021734073779142715,0.15819110240626744,0.07077255537547278,0.08741854703079466,0.1547285954113038,0.06720691518098332,0.08752168023032048,0.46226217123670943,0.11982712047541866,0.34243505076129077,-0.048614997202014676
2015-04-28,BIIB,374.68,1.9331454516987634,True,True,480.18,-0.21970927568828358,True,0.029678659122451156,-0.012012864169504311,0.04169152329195547,0.07537098323903058,0.00595913734392739,0.06941184589510319,0.027676950998185124,-0.005959137343927279,0.0336360883421124,-0.2730596775915448,-0.03863980325387806,-0.23441987433766676,-0.23975125440375777,-0.013384411653424078,-0.2263668427503337,-0.01547987616099078
2015-07-24,BIIB,300.03,1.1097672456226704,True,True,480.18,-0.3751718105710359,False,0.06249375062493745,0.012019230769230838,0.05047451985570661,-0.014631870146318615,-0.04889423076923072,0.0342623606229121,-0.09002433090024331,-0.022259615384615405,-0.0677647155156279,-0.06486018064860177,-0.07725961538461534,0.01239943473601357,-0.05859414058594137,0.039759615384615365,-0.09835375597055673,-0.1534179915341798
2015-10-19,BIIB,273.02,0.8273207951275015,True,True,480.18,-0.4314215502519889,False,0.005787121822577346,0.01784924030092938,-0.012062118478352035,0.038495348326129886,0.011063578698923049,0.027431769627206837,0.027653651747124863,-0.056252151251413696,0.08390580299853856,-0.01981539813933031,0.012538722525446078,-0.03235412066477639,0.06402461358142264,0.04794217436200032,0.016082439219422318,-0.03871511244597459
2020-03-18,BIIB,298.68,0.07069113851448239,True,True,374.99,-0.20349875996693245,True,-0.045868488013927955,0.028291666666666604,-0.07416015468059456,0.1327842507030934,0.16291666666666682,-0.03013241596357341,-0.06498593812776221,0.26754166666666657,-0.3325276047944288,-0.09970537029596904,0.3883749999999999,-0.48808037029596896,-0.1297709923664122,0.6496250000000001,-0.7793959923664123,-0.12197000133922598
2016-06-27,CCL,43.64,0.2547441058079356,True,True,55.77,-0.21750044826967907,False,0.0025206232813932417,0.044138276553106204,-0.04161765327171296,0.057974335472044114,0.08592184368737477,-0.027947508215330652,0.04995417048579287,0.08126252505010023,-0.03130835456430736,0.21356553620531615,0.13632264529058125,0.07724289091473491,0.522685609532539,0.2180861723446894,0.30459943718784954,-0.016040329972502376
2025-05-13,CCL,22.74,0.4283919597989949,True,True,28.72,-0.20821727019498615,False,0.0070360598065084545,0.010241292345443354,-0.003205232538934899,0.04969217238346535,0.02474268965987325,0.024949482723592098,0.24758135444151286,0.0857814736555107,0.16179988078600216,0.2625329815303432,0.16444005180287635,0.09809292972746686,0.09278803869832908,0.2578897144025627,-0.16510167570423362,-0.049252418645558405
2025-11-04,CCL,26.11,1.9205816554809845,True,True,32.8,-0.20396341463414625,True,0.026043661432401333,0.011492210177122208,0.014551451255279124,-0.002680965147453085,0.012810260055683864,-0.015491225203136949,0.24281884335503645,0.029870860730999205,0.21294798262403725,-0.020298736116430516,0.05381790178306978,-0.07411663789950029,,,,-0.05783224818077359
2026-03-05,CCL,27.16,1.5574387947269304,True,True,34.03,-0.20188069350573024,True,-0.11929307805596456,-0.022383349723327117,-0.09690972833263745,-0.055964653902798256,-0.037398541045926104,-0.018566112856872152,0.012886597938144284,0.113355154041479,-0.10046855610333472,-0.057805596465390297,0.12442206924894705,-0.18222766571433735,,,,-0.13659793814432997
2026-06-03,CCL,27.17,1.4086879432624118,True,True,34.03,-0.20158683514545983,False,-0.04343025395656985,-0.03819739075095463,-0.0052328632056152236,0.027235921972764032,-0.012542426813746288,0.03977834878651032,-0.08870077291129919,0.020033411115825128,-0.10873418402712431,,,,,,,-0.09127714390872288
2015-08-24,CI,135.75,2.0498764322624132,True,True,170.68,-0.20465198031403797,True,0.037127071823204405,0.04311345646437981,-0.005986384641175402,0.03977900552486191,0.023271767810026267,0.016507237714835643,-0.014659300184162172,0.08427440633245387,-0.09893370651661604,-0.011565377532228305,0.0014775725593667577,-0.013042950091595062,-0.02025782688766109,0.15324538258575204,-0.17350320947341313,-0.05930018416206262
2015-11-17,CI,133.76,1.6294476115588754,True,True,170.68,-0.21631122568549344,False,0.003738038277512068,0.018883535309290878,-0.01514549703177881,0.055547248803827776,0.012459239791697163,0.04308800901213061,0.003139952153110137,-0.07636151262958091,0.07950146478269104,-0.024297248803827776,0.005012897259940585,-0.02931014606376836,0.017643540669856517,0.05411982284518424,-0.03647628217532772,-0.07640550239234434
2016-02-16,CI,134.18,1.1680400710938765,True,True,170.68,-0.21385048043121635,False,0.027276792368460256,0.013383918221097968,0.013892874147362289,0.06863914145178107,0.06528612077141949,0.0033530206803615847,-0.027351319123565476,0.08810201285699226,-0.11545333198055774,-0.04233119689968701,0.14964695963747499,-0.191978156537162,0.08473692055447901,0.21988618400252924,-0.13514926344805023,-0.03823222536890736
2016-05-11,CI,130.51,0.8963963963963963,True,True,170.68,-0.23535270681977982,False,-0.00789211554670144,-0.0076997578692493684,-0.00019235767745207077,-0.009654432610527897,0.027021791767554593,-0.03667622437808249,-0.015401118688223026,0.05656174334140429,-0.07196286202962732,-0.08949505784997314,0.029297820823244614,-0.11879287867321775,0.24626465404949816,0.1595157384987893,0.08674891555070885,-0.06620182361504856
2018-03-08,CI,172.0,0.40972051471190873,True,True,227.13,-0.24272443094263196,True,-0.029651162790697683,0.0032834731849689103,-0.03293463597566659,-0.024302325581395334,-0.05246260488872667,0.028160279307331337,-0.005813953488372103,0.002918642831083451,-0.008732596319455554,0.09279069767441861,0.057716161984677106,0.035074535689741504,-0.0476162790697674,0.0033199562203574118,-0.05093623529012481,-0.0522093023255813
2020-03-12,CI,164.27,0.08129278567667209,True,True,224.64,-0.2687410968660968,True,-0.10805381384306323,-0.030631574704768183,-0.07742223913829505,0.10689718146953187,0.12127685300874602,-0.014379671539214156,0.3139343763316491,0.3026480190238199,0.011286357307829231,0.07231996103975158,0.42114384748700173,-0.34882388644725015,0.45017349485602964,0.5701906412478335,-0.12001714639180383,-0.2786266512449017
2023-03-09,CI,271.93,0.4974118942731278,True,True,340.11,-0.2004645555849578,True,0.009193542455778969,0.011620185922974757,-0.002426643467195788,-0.02441804876254916,0.0450250280927571,-0.06944307685530626,-0.03379546206744377,0.09076514455000506,-0.12456060661744883,0.03949545839002688,0.15182858310348357,-0.11233312471345669,0.260397896517486,0.31476657472673386,-0.054368678209247845,-0.11558121575405433
2023-06-20,CI,270.05,0.4079770594369134,True,True,340.11,-0.2059921790009115,False,0.021292353267913455,-0.002310261219634957,0.023602614487548412,0.08372523606739501,0.04121871997804094,0.042506516089354074,0.04910201814478787,0.030147765222562795,0.01895425292222508,-0.04165895204591741,0.05265565670890715,-0.09431460875482456,0.236437696722829,0.25142961709135836,-0.014991920368529366,-0.01662655063877061
2024-12-11,CI,294.03,0.411502088233882,True,True,370.83,-0.20710298519537262,False,-0.03951977689351405,-0.034866493267046494,-0.0046532836264675526,-0.039383736353433285,-0.04291640601850333,0.003532669665070043,0.05788524980444176,-0.07998880584729862,0.13787405565174038,0.06172839506172845,-0.013696375069963573,0.07542477013169202,-0.07404006393905382,0.13451091429888384,-0.20855097823793767,-0.10883243206475535
2025-02-05,COIN,275.14,0.4469629240073625,True,True,349.75,-0.21332380271622586,True,-0.0008722832012794113,-0.001423322630829893,0.0005510394295504817,-0.22159627825834116,-0.052149879183079006,-0.16944639907526216,-0.2551791815075961,-0.0619972857568436,-0.1931818957507525,0.3719560950788692,0.05004799576313257,0.3219080993157366,-0.38714836083448423,0.13566250703386196,-0.5228108678683462,-0.4817910881732935
2025-05-02,COIN,204.93,0.6722154222766219,True,True,349.75,-0.4140671908506075,False,-0.027375201288244777,-0.004269884960124148,-0.02310531632812063,0.20392329087981254,0.04578657632860472,0.1581367145512078,0.8419948275020739,0.11945091396711138,0.7225439135349625,0.5749768213536328,0.1852636036417532,0.3897132177118796,-0.06675450153711027,0.271525866327899,-0.33828036786500926,-0.05655589713560727
2025-08-01,COIN,314.69,4.349141594424613,True,True,444.65,-0.2922748228944113,True,-0.013187581429343065,0.02486649938879215,-0.038054080818135216,-0.03225396421875493,0.03752493083703268,-0.0697788950557876,0.1485271219295179,0.10216817860129956,0.04635894332821833,-0.31059137563951833,0.10858585858585856,-0.4191772342253769,-0.5352251422034383,0.20155375410152465,-0.736778896304963,-0.07381867869967274
2025-10-28,COIN,355.22,4.351310635733656,True,True,444.65,-0.20112447992803317,False,-0.13484601092280846,-0.01720373766483263,-0.11764227325797583,-0.284612352908057,-0.017523942595988662,-0.2670884103120683,-0.3990203254321266,0.008252554362064624,-0.40727287979419124,-0.4194020606947807,0.03514976857916352,-0.4545518292739442,,,,-0.4063115815550927
2026-01-26,COIN,213.48,3.319708619991906,True,True,444.65,-0.5198920499269089,False,-0.12001124227093862,0.003868751172895646,-0.12387999344383427,-0.24100618324901624,-0.007766373623200984,-0.23323980962581525,-0.03391418399850099,0.026677060326534274,-0.060591244325035265,-0.24850103054150263,0.07125431264706306,-0.3197553431885657,,,,-0.3471988008244331
2016-10-04,CPB,53.65,0.3126988010765843,True,True,67.89,-0.20975106790396236,False,0.0037278657968313755,-0.0058226197130613055,0.009550485509892681,-0.004473438956197562,-0.017095211477548,0.012621772521350438,0.1360671015843431,0.04504378610024218,0.09102331548410092,0.0739981360671016,0.09614309670206822,-0.022144960634966626,-0.12656104380242306,0.1753307247997018,-0.30189176860212485,-0.019757688723205824
2024-04-19,CRWD,70.66,0.3246473262408023,True,True,91.25,-0.22564383561643842,True,0.07582083215397684,0.026456094999596003,0.04936473715438083,0.22392442683272007,0.06925034332337021,0.15467408350934986,0.25580243419190496,0.12476775183778988,0.13103468235411508,0.11420888763090864,0.16352290168834305,-0.04931401405743441,0.2832224738182847,0.03780596170934647,0.24541651210893822,-0.004387206340220828
2025-03-06,CRWD,86.9325,0.7594110503946572,True,True,113.8975,-0.23674795320353814,True,-0.04371207546084621,-0.0371741369977826,-0.006537938463063608,-0.0009777701089926927,-0.06287649944998341,0.06189872934099072,0.37799442095878977,0.03492168811440344,0.34307273284438633,0.21533948753343113,0.129070559270835,0.08626892826259613,0.22554855778908922,0.18962476646121051,0.03592379132787871,-0.14301325741236026
2025-08-21,CRWD,103.515,1.0660645676363454,True,True,129.495,-0.2006255067763234,True,0.06747814326426127,0.021036897175674696,0.046441246088586574,0.21371298845577935,0.04429234521280789,0.16942064324297146,0.29824180070521167,0.05724175910628593,0.24100004159892574,-0.006086074481959081,0.07193769176303988,-0.07802376624499896,0.8387673284065111,0.19990559358036353,0.6388617348261476,-0.027532241704100846
2026-01-20,CRWD,110.6825,3.5185752194325373,True,True,141.725,-0.21903333921326507,True,0.07663813159261856,0.026432303196670448,0.050205828395948116,-0.06091748921464557,0.012854570678000998,-0.07377205989264657,-0.05540622953041363,0.03553823902712594,-0.09094446855753957,0.9039143496035957,0.10958115646860889,0.7943331931349868,,,,-0.22589388566394863
2026-04-16,CRWD,104.55,2.2203911905128595,True,True,141.725,-0.26230375727641564,False,0.06501673840267808,0.009677051563435457,0.05533968683924262,0.38677666188426607,0.06628566542199921,0.32049099646226686,1.0155906264945003,0.07150186700111183,0.9440887594933884,,,,,,,-0.0028216164514586195
2019-08-15,CSCO,46.25,0.4982183349530287,True,True,58.26,-0.20614486783384822,True,0.04172972972972966,0.02708589495872138,0.01464383477100828,0.0817297297297297,0.05775513788863518,0.023974591841094517,0.05578378378378379,0.0853328649218339,-0.029549081138050104,0.05275675675675662,0.1733005445283684,-0.12054378777161179,0.040000000000000036,0.18545582294045326,-0.14545582294045323,-0.015135135135135203
2019-11-14,CSCO,44.91,0.43207908163265296,True,True,58.26,-0.22914521112255415,False,-0.001558672901358138,0.0023259570344047464,-0.0038846299357628844,0.00868403473613899,0.025100952996284898,-0.016416918260145907,0.11177911378312189,0.09003392020675172,0.02174519357637017,-0.04275217100868389,-0.055273784525924796,0.012521613517240904,-0.12424849699398799,0.1522209659182685,-0.2764694629122565,-0.03362280115787131
2020-04-30,CVNA,16.022,6.217117117117116,True,True,23.046,-0.304781740866094,True,0.21919860192235685,-0.009639217846323378,0.22883781976868023,0.16065410061165908,0.04764527678325514,0.11300882382840394,0.8827861690176011,0.11270999724593778,0.7700761717716633,1.4963175633503938,0.18211236573946565,1.3142051976109281,2.6635875670952442,0.43693197466262723,2.226655592432617,-0.10672824865809505
2020-09-04,CVNA,37.4,10.17084826762246,True,True,47.0,-0.20425531914893624,True,-0.08262032085561488,-0.011997547946405174,-0.07062277290920971,0.2032620320855616,-0.008202703097177189,0.21146473518273878,0.3429411764705883,0.06845316285722625,0.27448801361336206,0.6680213903743317,0.13722742797092558,0.5307939624034061,0.7113368983957222,0.322912105555069,0.38842479284065323,-0.15374331550802145
2021-01-27,CVNA,47.862,10.765486725663719,True,True,60.492,-0.20878793890101166,True,0.18595127658685384,0.019871264122218957,0.16608001246463489,0.10175086707617731,0.021153281162362036,0.08059758591381527,0.16171493042497165,0.11305787772762477,0.04865705269734688,0.3594918724666749,0.15130471942522905,0.20818715304144586,-0.3401863691446242,0.17475494778451406,-0.5149413169291382,0.005056203251013303
2021-05-07,CVNA,49.562,8.818145800316957,True,True,64.678,-0.2337116175515631,True,-0.041483394536136475,-0.01312423007675545,-0.028359164459381025,0.12929260320406777,0.0001658296219084754,0.1291267735821593,0.34122916750736465,0.04508196721311464,0.29614720029425,0.17642548726847185,0.0753814081303894,0.10104407913808244,-0.7592913925991687,0.016440822514924625,-0.7757322151140933,-0.11464428392720216
2021-10-04,CVNA,58.814,4.39974293059126,True,True,75.366,-0.21962158002282195,True,-0.038528241575135125,0.014114408361328934,-0.05264264993646406,0.026694324480565967,0.07325494587532666,-0.04656062139476069,-0.2338898901622063,0.11394176931690936,-0.34783165947911565,-0.5629611997143538,0.0561076894363568,-0.6190688891507106,-0.9309688169483457,-0.16671332586786114,-0.7642554910804845,-0.33792974461862824
2021-12-29,CVNA,45.058,6.086819754639825,True,True,75.366,-0.4021442029562402,False,-0.12113276221758618,-0.019058389880204474,-0.1020743723373817,-0.37112166540902836,-0.09684175253413763,-0.27427991287489073,-0.4295352656575968,-0.05191840495937006,-0.37761686069822675,-0.8884104931421724,-0.21590433107145857,-0.6725061620707138,-0.9834879488659062,-0.20122308787802634,-0.7822648609878798,-0.566350037729149
2025-02-21,CVNA,44.66,0.567017543859649,True,True,58.568,-0.23746755907662886,True,0.043887147335423204,-0.009600960096009747,0.05348810743143295,-0.14487236901029998,-0.059939327266059994,-0.08493304174423999,0.36681594267801176,-0.008484181751508557,0.3753001244295203,0.5342140618002689,0.0750241690835749,0.45918989271669397,0.5074787281683835,0.14916491649164887,0.3583138116767346,-0.33609493954321534
2025-10-10,CVNA,65.848,14.277958236658934,True,True,82.667,-0.2034548247789324,True,0.01388045194994536,0.017411411595356974,-0.0035309596454116132,-0.07669177499696267,0.027487672659336715,-0.10417944765629938,0.3691532013121128,0.05598603411840375,0.3131671671937091,-0.037632122463856166,0.009050258797586475,-0.04668238126144264,,,,-0.13429413194022588
2026-02-05,CVNA,76.738,36.727630285152415,True,True,97.378,-0.2119575263406519,True,-0.10307800568167003,0.00538649980815209,-0.10846450548982212,-0.17198780265318359,-0.007732947669785384,-0.1642548549833982,-0.018608772707133348,0.05960567869897582,-0.07821445140610916,-0.1993536448695562,0.09455151855021993,-0.2939051634197761,,,,-0.29026036644165865
2026-05-04,CVNA,75.31,50.30108991825613,True,True,97.378,-0.22662202961654576,False,0.012216173150976006,0.02965139761284652,-0.017435224461870513,-0.1289337405391051,0.057882202197740984,-0.1868159427368461,-0.18417208870003987,0.0329800420606956,-0.21715213076073547,,,,,,,-0.25481343779046617
2026-07-30,CVNA,61.44,5.964407163908411,True,True,97.378,-0.3690566657766642,False,0.1123046875,0.03622807372352321,0.07607661377647679,0.20589192708333348,0.03965268508406483,0.16623924199926865,,,,,,,,,,-0.02848307291666663
2016-02-08,CVS,89.65,0.7496096799375489,True,True,113.65,-0.21117465904091504,False,0.08131622978248743,0.023514184014669537,0.05780204576781789,0.1047406581148913,0.07000323589688295,0.03473742221800835,0.15895147796988285,0.10565203322187466,0.053299444748008185,0.03424428332403795,0.17096321863876618,-0.13671893531472823,-0.15828220858895714,0.23686765181749547,-0.3951498604064526,-0.03513664249860571
2022-06-17,CVS,88.66,0.6152304609218435,True,True,111.25,-0.2030561797752809,False,0.06632077599819541,0.06212758978844346,0.0041931862097519534,0.0916986239566886,0.07218608210791011,0.019512541848778486,0.13974734942476874,0.07855463838626808,0.06119271103850066,0.1564403338596887,0.08303722735472574,0.07340310650496296,-0.2361831716670426,0.20116984638932922,-0.43735301805637183,0.00823370178208882
2022-10-07,CVS,88.25,0.4615766810202053,True,True,111.25,-0.20674157303370788,False,0.011898016997167193,-0.014223104275200571,0.026121121272367764,0.12815864022662882,0.037376994955759635,0.09078164527086918,0.04226628895184148,0.05780203423468122,-0.015535745282839741,-0.1579603399433428,0.12844896496595815,-0.28640930490930094,-0.20793201133144468,0.18399073844372782,-0.3919227497751725,-0.022322946175637348
2014-10-09,DAL,33.71,3.332904884318766,True,True,42.66,-0.20979840600093758,False,-0.011569267279738948,-0.03356853792674064,0.02199927064700169,0.2726194007712843,0.05401058420670335,0.21860881656458098,0.40077128448531596,0.03673342326450135,0.3640378612208146,0.2533372886383862,0.07108021168413403,0.1822570769542522,0.36428359537229316,0.034606205250596656,0.3296773901216965,-0.10649658854939181
2015-06-08,DAL,40.75,3.0029469548133596,True,True,51.06,-0.20191931061496282,False,-0.0012269938650305567,0.0030218726016886244,-0.004248866466719181,0.010552147239263787,-0.002206446661550121,0.012758593900813908,0.07411042944785273,-0.08015157329240208,0.1542620027402548,0.15018404907975458,0.004029163468917796,0.14615488561083678,0.02012269938650313,0.008633921719109816,0.011488777667393313,-0.1506748466257669
2016-02-05,DAL,42.01,2.0157932519741566,True,True,52.77,-0.20390373318173216,True,0.02332777910021444,-0.00702314445331198,0.03035092355352642,0.15186860271363978,0.06725192870444285,0.08461667400919692,0.021661509164484727,0.09688747007182763,-0.0752259609073429,-0.06308021899547722,0.15333865389731316,-0.21641887289279038,0.12782670792668416,0.2118648576749136,-0.08403814974822943,-0.047131635324922594
2016-05-04,DAL,41.43,1.3067928730512248,True,True,52.77,-0.2148948266060262,False,0.020999275887038316,0.007267938149358555,0.01373133773767976,0.024619840695148554,0.028779083947124473,-0.004159243251975919,-0.06468742457156651,0.059070289254182784,-0.1237577138257493,-0.0014482259232441175,0.04819277108433728,-0.0496409970075814,0.15447743181269602,0.16467489390761436,-0.010197462094918341,-0.21313058170407917
2025-03-06,DAL,54.96,0.4601487778958555,True,True,69.98,-0.21463275221491862,True,-0.20087336244541487,-0.0371741369977826,-0.16369922544763227,-0.29566957787481807,-0.06287649944998341,-0.23279307842483465,-0.1175400291120815,0.03492168811440344,-0.15246171722648494,0.11462882096069871,0.129070559270835,-0.014441738310136287,0.11553857350800589,0.18962476646121051,-0.07408619295320462,-0.3679039301310043
2025-06-24,DAL,49.56,0.6754563894523329,True,True,69.98,-0.29179765647327804,False,-0.011299435028248594,0.01791423580210294,-0.029213670830351535,0.1295399515738498,0.045205840667128294,0.0843341109067215,0.19995964487489903,0.09143346847292277,0.10852617640197626,0.4085956416464891,0.12357032202775309,0.285025319618736,0.7497982243744954,0.20897195029500004,0.5408262740794954,-0.029055690072639306
2026-09-01,DAL,76.38,0.8316546762589925,True,True,95.68,-0.20171404682274263,True,,,,,,,,,,,,,,,,0.00811730819586276
2025-04-04,DASH,163.16,0.38002199103442424,True,True,215.245,-0.24198006922344306,True,0.106214758519245,0.05672102596580131,0.04949373255344369,0.25888698210345673,0.11524303356554788,0.14364394853790885,0.46359401814170154,0.2279330272324258,0.23566099090927572,0.6086663397891643,0.30980842305256506,0.2988579167365992,-0.049583231184113785,0.30408882203926524,-0.353672053223379,-0.04756067663643049
2025-11-06,DASH,196.46,3.35609756097561,True,True,285.5,-0.3118739054290718,True,-0.006362618344701199,0.00258089540660289,-0.008943513751304089,0.14527130204621796,0.0229446077188169,0.12232669432740106,-0.0032067596457293623,0.023690531246736812,-0.026897290892466175,-0.10495775221419124,0.07509958079097734,-0.18005733300516857,,,,-0.0733991652244732
2026-02-04,DASH,195.83,2.4623408769448374,True,True,285.5,-0.3140805604203152,False,-0.10396772711024871,0.008408749763185064,-0.11237647687343377,-0.06306490323239555,-0.007111732901966095,-0.05595317033042946,-0.10207833324822557,0.05021932700855447,-0.15229766025678004,-0.01174488076392799,0.06305833661230853,-0.07480321737623652,,,,-0.2682428637083184
2025-11-20,DDOG,159.57,0.8533101045296168,True,True,201.69,-0.2088353413654619,True,0.0027574105408285643,0.04729284477342044,-0.044535434232591875,-0.12019803221156866,0.04300185432087433,-0.163199886532443,-0.24421883812746759,0.04896326605673318,-0.29318210418420076,0.3033778279125148,0.13277550457450227,0.1706023233380125,,,,-0.33784545967287083
2026-03-09,DDOG,128.56,0.7349527665317142,True,True,201.69,-0.36258614705736525,False,-0.015479153702551374,-0.013622893537971636,-0.0018562601645797372,-0.09349719975108894,-0.028086160378610225,-0.06541103937247872,0.9471841941505912,0.11200554351511949,0.8351786506354717,0.8433416303671437,0.13428280773143442,0.7090588226357093,,,,-0.21596919726197883
2026-06-22,DDOG,221.37,1.2992314083921896,True,True,278.705,-0.20571930894673573,True,0.12287121109454757,-0.0045540644017249,0.12742527549627247,0.15096896598455078,0.005225755316433656,0.14574321066811713,,,,,,,,,,-0.05940280977548906
2021-04-29,DOCU,224.59,4.652907123080796,True,True,290.23,-0.22616545498397822,False,-0.13789572109176718,-0.002356806170547121,-0.13553891492122006,-0.11215993588316486,-0.0018330714659809955,-0.11032686441718387,0.36145865799902044,0.04989763367138034,0.3115610243276401,0.2150585511376284,0.07279912393467591,0.14225942720295248,-0.6242486308384168,-0.009427224682188262,-0.6148214061562285,-0.2008103655550113
2021-10-04,DOCU,246.57,4.3140086206896555,True,True,314.76,-0.21664125047655358,True,0.060550756377499404,0.014114408361328934,0.04643634801617047,0.12730664719957807,0.07325494587532666,0.05405170132425141,-0.38159549012450833,0.11394176931690936,-0.4955372594414177,-0.5926106176744941,0.0561076894363568,-0.6487183071108509,-0.7831447459139392,-0.16671332586786114,-0.6164314200460781,-0.4666423328060997
2021-12-29,DOCU,152.48,2.764938271604938,True,True,314.76,-0.515567416444275,False,-0.05449895068205668,-0.019058389880204474,-0.035440560801852206,-0.27406873032528856,-0.09684175253413763,-0.17722697779115093,-0.34122507869884566,-0.05191840495937006,-0.2893066737394756,-0.5930613850996852,-0.21590433107145857,-0.37715705402822663,-0.6562172088142707,-0.20122308787802634,-0.45499412093624436,-0.5343651626442811
2022-06-16,DVN,63.27,1.3520446096654277,True,True,79.4,-0.2031486146095718,True,-0.1501501501501501,0.06390290467748527,-0.21405305482763537,-0.13671566303145255,0.04172916950770489,-0.17844483253915744,0.0916706179864073,0.07213964271103235,0.01953097527537495,0.015489173383910204,0.07230328651302353,-0.05681411312911333,-0.21605816342658446,0.20714577935360712,-0.4232039427801916,-0.2277540698593331
2022-09-22,DVN,63.12,1.443670150987224,True,True,79.4,-0.20503778337531497,False,-0.03406210392902409,-0.03054353054353054,-0.003518573385493551,0.13561470215462634,-0.023542301320079062,0.1591570034747054,-0.04816223067173642,0.02418363529474621,-0.07234586596648263,-0.2669518377693282,0.058495002939447316,-0.3254468407087755,-0.26473384030418257,0.1527710972155416,-0.4175049375197242,-0.12610899873257286
2022-12-16,DVN,60.08,1.485726106743897,True,True,79.4,-0.24332493702770785,False,0.040446071904127745,-0.0009392856211024592,0.041385357525230204,0.04227696404793613,0.021447021681843204,0.020829942366092924,-0.22986018641810912,0.03350118715266004,-0.26336137357076916,-0.177762982689747,0.13183917342865348,-0.3096021561184005,-0.2531624500665779,0.22454144597803127,-0.47770389604460917,-0.2671438082556591
2023-03-16,DVN,46.27,5.112285336856011,True,True,79.4,-0.41725440806045344,False,0.009725524097687455,-0.007422180707379211,0.017147704805066666,0.20380376053598437,0.041276413117568245,0.16252734741841612,0.06764642316835956,0.09515033702759323,-0.027503913859233675,0.13464447806354007,0.12304662846179104,0.011597849601749033,0.034363518478495614,0.3000176718588272,-0.2656541533803316,-0.02658309920034585
2018-05-02,EBAY,37.18,0.4897086693992685,True,True,46.99,-0.20876782294105134,False,0.02824098977945133,0.02393617021276606,0.0043048195666852695,0.01452393760086057,0.02940729483282678,-0.01488335723196621,-0.09064012910166752,0.06922492401215807,-0.1598650531138256,-0.23372781065088766,0.04487082066869297,-0.2785986313195806,0.01667563206024747,0.10870060790273572,-0.09202497584248825,-0.10193652501344808
2020-10-30,EBAY,47.63,0.28729729729729736,True,True,61.06,-0.21994759253193574,False,0.06424522359857221,0.07233417039260126,-0.00808894679402905,0.05878647910980472,0.10877687266491076,-0.04999039355510604,0.18496745748477839,0.15645862681447897,0.028508830670299412,0.2928826369934914,0.2788938568016168,0.01398878019187455,0.5202603401217718,0.4035646475163839,0.11669569260538792,-0.04765903842116315
2021-12-16,EBAY,64.04,1.2485955056179776,True,True,81.19,-0.2112329104569527,True,0.013272954403497739,0.008896987887233365,0.0043759665162643735,-0.009212991880074961,-0.0037088648300995786,-0.0055041270499753825,-0.15771392879450352,-0.0863543788187372,-0.07135954997576632,-0.2709244222361026,-0.1393718512166363,-0.13155257101946627,-0.3168332292317302,-0.1437453103226498,-0.17308791890908037,-0.2265771392879451
2022-04-18,EBAY,54.56,0.5168195718654436,True,True,81.19,-0.3279960586279098,False,-0.017045454545454586,-0.02159965294426569,0.0045541983988111046,-0.17357038123167157,-0.08648994223348638,-0.08708043899818518,-0.2296554252199413,-0.1371326803205699,-0.0925227448993714,-0.3117668621700881,-0.17165559284882526,-0.14011126932126283,-0.19758064516129037,-0.05486677169669163,-0.14271387346459874,-0.25733137829912023
2025-11-06,EBAY,80.85,1.0308967596081384,True,True,101.15,-0.20069204152249143,True,0.0442795299938159,0.00258089540660289,0.04169863458721301,0.020037105751391504,0.0229446077188169,-0.0029075019674253966,0.0617192331478047,0.023690531246736812,0.038028701901067885,0.2871985157699444,0.07509958079097734,0.21209893497896704,,,,-0.013234384662956011
2018-10-09,ETSY,42.25,2.1134856300663225,True,True,53.25,-0.20657276995305163,True,0.027455621301775146,-0.02435629784272786,0.051811919144503005,-0.043076923076923124,-0.04272790535838544,-0.0003490177185376808,0.22059171597633132,-0.11489213639526785,0.33548385237159917,0.644023668639053,-0.0034098816979817315,0.6474335503370348,0.30674556213017756,0.0039318023660404045,0.30281375976413716,-0.10011834319526625
2019-05-13,ETSY,57.23,5.804994054696789,True,True,73.345,-0.2197150453336969,True,0.10291804997379006,0.011001922666096897,0.09191612730769316,0.17385986370784567,0.02862636188848522,0.14523350181936046,-0.020443823169666198,0.025315103610339618,-0.045758926780005815,-0.22261051895858808,0.08000427259132659,-0.30261479154991466,0.41027433164424254,0.041230506302072145,0.3690438253421704,-0.07704001397868254
2019-08-07,ETSY,56.06,2.984363894811656,True,True,73.345,-0.23566705296884582,False,-0.057438458794149105,-0.014133416675348287,-0.04330504211880082,-0.10631466286122015,0.034204951904712066,-0.14051961476593222,-0.20638601498394582,0.05333888946765275,-0.25972490445159857,-0.10542276132714956,0.13421536965656133,-0.2396381309837109,1.3153763824473779,0.14616105844358773,1.1692153240037901,-0.22315376382447383
2019-10-31,ETSY,44.49,2.5792437650844735,True,True,73.345,-0.393414684027541,False,-0.05911440773207466,0.015989186694359336,-0.075103594426434,-0.024724657226342983,0.03619819998021967,-0.06092285720656265,0.12721959991009202,0.07678106352817071,0.050438536381921306,0.48775005619240264,-0.06712161672106276,0.5548716729134654,2.138682850078669,0.07691293310915515,2.0617699169695136,-0.10631602607327495
2020-09-04,ETSY,112.04,5.865196078431373,True,True,141.41,-0.20769393960823135,True,0.004551945733666463,-0.011997547946405174,0.016549493680071636,0.22001071046054976,-0.008202703097177189,0.22821341355772695,0.3804891110317741,0.06845316285722625,0.31203594817454783,1.182970367725812,0.13722742797092558,1.0457429397548865,0.9054801856479828,0.322912105555069,0.5825680800929138,-0.06908247054623362
2021-03-04,ETSY,198.1,6.705173084402956,True,True,251.86,-0.2134519177320734,True,0.11479050984351336,0.04467746217148916,0.0701130476720242,0.05098435133770818,0.06347225909211573,-0.012487907754407557,-0.16845027763755682,0.11505176533050188,-0.2835020429680587,0.01665825340737004,0.18919564640297337,-0.17253739299560333,-0.2047955577990913,0.14143881072471465,-0.34623436852380596,-0.22362443210499738
2021-05-28,ETSY,164.73,4.41696810259783,True,True,251.86,-0.3459461605653935,False,0.021793237418806566,0.005118560137129746,0.01667467728167682,0.20445577611849708,0.01768879154366254,0.18676698457483454,0.22260668973471742,0.06649366726978378,0.15611302246493364,0.713834759910156,0.11451290353299681,0.5993218563771592,-0.5654100649547744,-0.05397105037615468,-0.5114390145786197,-0.017276755903599894
2021-08-24,ETSY,201.4,3.209866220735786,True,True,251.86,-0.20034940046057337,False,0.07378351539225414,0.008013929504207873,0.06576958588804627,0.08922542204568029,-0.022568475567560364,0.11179389761324066,0.40178748758689165,0.04502533651807039,0.35676215106882125,-0.29170804369414105,-0.019979016451994625,-0.2717290272421464,-0.4849056603773585,-0.07728196084559236,-0.40762369953176614,-0.03490566037735854
2021-12-03,ETSY,231.33,3.0863804981452043,True,True,307.75,-0.2483184402924451,True,-0.02615311459819314,0.038198579683295764,-0.0643516942814889,-0.09250853758699695,0.05357064090688546,-0.1460791784938824,-0.2995720399429387,-0.03425080499316313,-0.26532123494977555,-0.6617386417671725,-0.10610471527502097,-0.5556339264921515,-0.3974408853153505,-0.10153941158307977,-0.2959014737322707,-0.5271689793801064
2022-03-02,ETSY,162.03,1.3486012465574722,True,True,307.75,-0.47350121852152716,False,-0.10683206813553048,-0.023932951197789265,-0.08289911693774121,-0.16953650558538547,0.04752335061316759,-0.21705985619855306,-0.5170647410973277,-0.07440224713969257,-0.44266249395763513,-0.35974819477874476,-0.05832515015186457,-0.3014230446268802,-0.27001172622353886,-0.0985407294069286,-0.17147099681661027,-0.5778621242979696
2023-04-21,ETSY,102.05,0.6628645918201075,True,True,149.91,-0.31925822159962647,True,-0.009995100440960303,0.009049005337214977,-0.01904410577817528,-0.1268985791278785,0.015574963609898074,-0.14247354273777657,-0.0584027437530622,0.10431829209121779,-0.16272103584428,-0.3654091131798137,0.05206210577389636,-0.4174712189537101,-0.34581087702106805,0.2012615235322659,-0.547072400553334,-0.21175894169524745
2022-11-28,EXC,40.23,0.2815816048600073,True,True,50.71,-0.20666535200157765,False,0.03778274919214519,0.009295041802429793,0.0284877073897154,0.07258264976385798,-0.03664974362860263,0.1092323933924606,0.027094208302262057,0.0011871384910711047,0.025907069811190953,-0.0027342779020631536,0.05779091207597675,-0.060525189978039906,-0.027094208302261946,0.1479376626000859,-0.17503187090234784,-0.01541138453890123
2022-01-21,F,20.65,1.4760191846522779,True,True,25.87,-0.2017781213761114,True,-0.05375302663438253,0.009064340837481089,-0.06281736747186362,-0.12639225181598057,-0.008562034796109397,-0.11783021701987118,-0.21791767554479424,0.01611945750947541,-0.23403713305426965,-0.42469733656174324,-0.12066761039316865,-0.3040297261685746,-0.3995157384987893,-0.09612311064432166,-0.30339262785446763,-0.29491525423728804
2022-04-19,F,16.15,0.6910994764397902,True,True,25.87,-0.37572477773482804,False,-0.08916408668730635,-0.06502786266403016,-0.024136224023276198,-0.16222910216718267,-0.08250943735394578,-0.07971966481323689,-0.2643962848297212,-0.13461711306848823,-0.129779171761233,-0.29659442724458207,-0.19103900772964233,-0.10555541951493974,-0.21176470588235285,-0.06927467193960102,-0.14249003394275184,-0.3430340557275542
2022-07-26,F,12.54,0.3117154811715479,True,True,25.87,-0.515268650947043,False,0.2089314194577354,0.043925401007956166,0.16500601844977925,0.22169059011164283,0.05490035559876194,0.16679023451288089,-0.03269537480063778,-0.057279541559006386,0.02458416675836861,0.010366826156299913,0.01760085957686308,-0.0072340334205631684,0.08293460925039886,0.1651359717567602,-0.08220136250636134,-0.11244019138755967
2018-07-26,FCX,15.97,0.4045734388742306,True,True,20.25,-0.211358024691358,False,-0.03381340012523493,-0.0033528622855932833,-0.030460537839641644,-0.11208515967438948,0.008646855368109163,-0.12073201504249864,-0.24733876017532885,-0.02502294063669086,-0.222315819538638,-0.24045084533500316,-0.07192771934778008,-0.16852312598722308,-0.284909204758923,0.05879861650314111,-0.3437078212620641,-0.2523481527864747
2021-03-25,FCX,31.11,0.7756849315068493,True,True,39.1,-0.20434782608695656,True,0.08518161362905818,0.02799589427764948,0.057185719351408704,0.17454194792671163,0.06938670772389033,0.1051552402028213,0.1501125040180007,0.07995894277649485,0.07015356124150585,0.18097074895531984,0.14929432897100336,0.03167641998431647,0.6027000964320155,0.15368231973312807,0.4490177766988874,0.00867888138862094
2021-06-21,FCX,35.78,1.200492004920049,True,True,46.1,-0.22386117136659434,True,0.02683063163778643,0.015705935465475385,0.011124696172311044,-0.07909446618222471,0.024236088010264778,-0.10333055419248949,0.02683063163778643,0.06420187235660313,-0.0373712407188167,0.07518166573504748,0.108088200351661,-0.032906534616613525,-0.025433202906651853,-0.12880767951337746,0.10337447660672561,-0.12353269983230863
2021-09-15,FCX,36.74,1.7054491899852726,True,True,46.1,-0.2030368763557484,False,-0.140990745781165,-0.022372063945699683,-0.11861868183546531,-0.025040827436037083,-0.028355809591854908,0.003314982155817825,0.04708764289602607,0.041238724658390735,0.005848918237635337,0.2702776265650517,-0.07062159507010801,0.34089922163515973,-0.1548720740337507,-0.12230954720014287,-0.03256252683360783,-0.18290691344583565
2022-01-28,FCX,36.04,2.1978704525288375,True,True,46.2,-0.21991341991341995,True,0.0660377358490567,0.015273220952596533,0.05076451489646017,0.3027192008879025,-0.012037560810046366,0.31475676169794886,0.1148723640399556,-0.0584907794999433,0.1733631435398989,-0.2297447280799112,-0.10603009390202511,-0.12371463417788608,0.24361820199778017,-0.08206810725195157,0.32568630924973174,-0.011098779134295134
2022-04-26,FCX,40.18,2.2144,True,True,51.99,-0.22715906905174077,True,-0.0007466401194624606,0.0006729151646238662,-0.0014195552840863268,-0.06719761075161779,-0.05337659216534496,-0.013821018586272826,-0.30910900945744146,-0.05049267003124258,-0.2586163394261989,-0.2827277252364361,-0.11843306897380446,-0.16429465626263162,-0.060477849676455975,-0.024080749819754943,-0.03639709985670103,-0.38277750124440013
2022-07-22,FCX,27.76,1.382832618025751,True,True,51.99,-0.46605116368532407,False,0.1365273775216138,0.04277506390948904,0.09375231361212477,0.09690201729106618,0.0684654129438862,0.028436604347179983,0.03818443804034577,-0.07155331696575462,0.10973775500610039,0.6246397694524495,0.004733098787617962,0.6199066706648315,0.46289625360230535,0.1444987218102205,0.31839753179208485,-0.06231988472622485
2023-05-15,FCX,36.13,3.3011904761904765,True,True,46.73,-0.2268350096297881,False,-0.01411569332964313,0.01399481852739659,-0.02811051185703972,0.10213119291447548,0.057262536016077226,0.04486865689839825,0.1729864378632715,0.07965908815767175,0.09332734970559975,-0.027124273456961112,0.05249267572213756,-0.07961694917909867,0.4403542762247439,0.2612527541706011,0.17910152205414276,-0.0852477165790203
2023-09-21,FCX,37.23,1.19,True,True,46.73,-0.20329552749839508,False,0.002686005909213085,-0.006652912677623468,0.009338918586836553,-0.053720118184260035,-0.01149771668327959,-0.042222401500980444,0.1146924523233952,0.0879482602749253,0.026744192048469895,0.16357775987107193,0.1936994367046061,-0.030121676833534172,0.21246306741874843,0.32358190964092826,-0.11111884222217983,-0.11818426000537197
2024-07-24,FCX,44.18,0.2750360750360752,True,True,55.24,-0.20021723388848667,True,0.027840651878678013,0.017700423110322605,0.010140228768355408,-0.0065640561339972425,0.035825804186759846,-0.04238986032075709,0.08533272974196482,0.07597509376789913,0.009357635974065692,-0.09393390674513347,0.09524601370951347,-0.18917992045464693,0.009053870529651453,0.1721818820094967,-0.16312801147984524,-0.11543684925305575
2014-04-10,GILD,65.48,2.1556626506024097,True,True,84.88,-0.2285579641847313,True,0.06902871105681108,0.01763485477178417,0.051393856285026907,0.21808185705558958,0.0262065953264905,0.19187526172909908,0.3303298717165546,0.07141297226468679,0.2589168994518678,0.6125534514355528,0.0610941253548809,0.5514593260806719,0.544899205864386,0.1405328674383053,0.4043663384260807,-0.030238240684178463
2014-12-22,GILD,92.9,3.9586335735254874,True,True,116.83,-0.20482752717623887,True,0.02561894510226037,0.0006265966163783165,0.024992348485882054,0.13175457481162534,-0.006603364341832618,0.13835793915345795,0.10107642626480096,0.014170723478093228,0.08690570278670773,0.2817007534983853,0.013399527642550702,0.2683012258558346,0.09364908503767477,-0.035908806092447065,0.12955789113012184,-0.07481162540365982
2015-09-28,GILD,94.8,1.8231089934484812,True,True,123.37,-0.23157980059982175,False,0.04704641350210981,0.055635338545822144,-0.008588925043712337,0.14588607594936698,0.10100526567735768,0.0448808102720093,0.08502109704641359,0.08238923461518,0.002631862431233589,-0.022468354430379645,0.08861230785596508,-0.11108066228634472,-0.1416666666666666,0.14882187117706525,-0.29048853784373185,-0.01698312236286914
2016-01-04,GILD,98.01,1.6115107913669067,True,True,123.37,-0.2055605090378536,False,-0.015406591164166983,-0.044323947865884006,0.028917356701717023,-0.15610651974288348,-0.05402447517659936,-0.10208204456628411,-0.0627486991123355,0.022385832255497062,-0.08513453136783256,-0.178961330476482,0.011043677246045158,-0.19000500772252715,-0.26405468829711265,0.11605810367127645,-0.3801127919683891,-0.16447301295786143
2015-07-08,GM,31.19,0.5089501693275278,True,True,38.99,-0.20005129520389842,False,0.007694773966014701,0.029726690461057137,-0.022031916495042436,0.013145238858608632,0.02708649097931848,-0.013941252120709846,-0.016672010259698555,-0.060626802913998024,0.04395479265429947,0.10644437319653721,0.003324695643670994,0.10311967755286622,-0.09682590573901895,0.018970322202122025,-0.11579622794114097,-0.21064443731965377
2013-12-03,GME,11.4875,1.2668968919585595,True,True,14.435,-0.20419120193972984,True,-0.00391730141458102,0.0055632823365785455,-0.009480583751159566,0.08052230685527739,0.017635605006953936,0.06288670184832346,-0.1906420021762787,0.02909596662030589,-0.21973796879658458,-0.16844396082698587,0.06470097357440885,-0.23314493440139472,-0.22023939064200226,0.14470097357440892,-0.3649403642164112,-0.279651795429815
2014-03-03,GME,9.2975,0.8641604010025061,True,True,14.435,-0.3559057845514375,False,0.03549341220758273,0.01719104768083035,0.01830236452675238,0.10513578919064281,0.010974159368580372,0.09416162982206244,0.02742672761495024,0.03459833495513043,-0.007171607340180186,0.08873353051895694,0.07849497242945191,0.010238558089505023,-0.0059155687012637514,0.13882581900746027,-0.14474138770872402,-0.05619790266200586
2014-06-17,GME,10.0725,0.5244040862656072,True,True,14.435,-0.30221683408382405,False,-0.0012410027302058868,-0.0006672483703742405,-0.0005737543598316464,0.031025068255150057,0.016065287686701124,0.014959780568448933,0.09108960039712088,0.028075758353436342,0.06301384204368454,-0.0712335567138247,0.0675973925986757,-0.1388309493125004,0.05534872176718797,0.07329466714571686,-0.017945945378528894,-0.02208984859766694
2015-11-13,GME,9.295,0.5984522785898536,True,True,11.9575,-0.2226636002508885,False,0.055944055944055826,0.033425496198281834,0.02251855974577399,-0.18585260892953204,0.001777426681149441,-0.18763003561068148,-0.2826788596019365,-0.09716599190283393,-0.18551286769910258,-0.18800430338891871,0.016539942727362478,-0.2045442461162812,-0.4117805271651426,0.07099832131924555,-0.4827788484843881,-0.34561592253899953
2021-01-25,GME,19.1975,3.413218390804598,True,True,39.795,-0.5175901495162709,True,1.9300690194035681,-0.021228439865761284,1.9512974592693295,-0.41437687198854023,0.008090741174328286,-0.4224676131628685,1.064201067847376,0.08241629594942634,0.9817847718979495,1.2013282979554627,0.12214157496292821,1.0791867229925345,0.33702304987628584,0.16223106740549964,0.1747919824707862,-0.49863263445761175
2021-04-21,GME,39.6275,10.724112426035502,True,True,120.75,-0.6718219461697723,True,0.12661661724812334,0.0031965774989783924,0.12342003974914495,0.06510630244148641,-0.012521931405773068,0.07762823384725948,0.06643113999116768,0.03670055519503923,0.029730584796128445,0.12358841713456559,0.04475208498569949,0.0788363321488661,-0.10756419153365704,0.05263537385536088,-0.16019956538901792,-0.1388555927070847
2021-07-16,GME,42.26,10.106438896189223,True,True,120.75,-0.6500207039337474,False,0.06696639848556574,0.019937868039134,0.04702853044643174,-0.03857075248461894,0.033801641396578264,-0.0723723938811972,0.05359678182678662,0.007766495108267213,0.04583028671851941,-0.23467818267865592,0.08587193397319992,-0.32055011665185584,-0.1942735447231425,-0.1238698010849909,-0.0704037436381516,-0.1409133932796971
2021-10-11,GME,44.525,11.066395663956639,True,True,120.75,-0.6312629399585921,False,0.0444693992139249,0.02875612505463665,0.01571327415928825,0.22762492981471083,0.07876877774966062,0.1488561520650502,-0.2736103312745648,0.0775035082472566,-0.3511138395218214,-0.07355418304323413,0.04193793277968205,-0.11549211582291619,-0.43065693430656926,-0.16540523131426987,-0.2652517029922994,-0.27484559236384043
2022-01-05,GME,32.3425,7.3572351421188635,True,True,120.75,-0.7321532091097309,False,-0.010125995207544314,0.005636449037106583,-0.015762444244650897,-0.23297518744685786,-0.046500704556129535,-0.18647448289072832,0.2754116101105357,-0.03300738716426832,0.30841899727480404,-0.05032078534436113,-0.18796703531320724,0.1376462499688461,-0.46448171910025504,-0.1806652717878645,-0.28381644731239053,-0.4003246502280282
2022-04-01,GME,41.25,16.133956386292834,True,True,86.165,-0.5212673359252598,False,-0.11399999999999999,-0.01181224057228658,-0.10218775942771341,-0.27533333333333343,-0.084871500485737,-0.19046183284759644,-0.2553939393939394,-0.16024905060496342,-0.09514488878897598,-0.39296969696969697,-0.1876048750331185,-0.20536482193657846,-0.44193939393939397,-0.09610968824516475,-0.3458297056942292,-0.5286666666666666
2014-10-09,HAL,57.28,0.6626995645863569,True,True,74.33,-0.22938248351944035,True,-0.10666899441340782,-0.03356853792674064,-0.07310045648666719,-0.07175279329608941,0.05401058420670335,-0.12576337750279276,-0.3308310055865922,0.03673342326450135,-0.3675644288510935,-0.23254189944134074,0.07108021168413403,-0.30362211112547477,-0.3041201117318436,0.034606205250596656,-0.33872631698244027,-0.35038407821229045
2022-06-16,HAL,33.47,0.5063006300630064,True,True,43.99,-0.2391452602864288,True,-0.07529130564684794,0.06390290467748527,-0.1391942103243332,-0.1380340603525545,0.04172916950770489,-0.1797632298602594,-0.1290708096803107,0.07213964271103235,-0.20121045239134305,0.04720645354048392,0.07230328651302353,-0.025096832972539618,-0.02270690170301759,0.20714577935360712,-0.2298526810566247,-0.2136241410218105
2022-09-13,HAL,29.15,0.47594936708860747,True,True,43.99,-0.33734939759036153,False,-0.05248713550600337,-0.022920376494530825,-0.029566759011472543,0.014065180102915908,-0.08995166624268636,0.10401684634560227,0.20240137221269294,0.0001526329178325181,0.20224873929486042,0.29845626072041176,0.01315186975324334,0.2853043909671684,0.4531732418524872,0.13454591706944785,0.31862732478303935,-0.20068610634648365
2022-12-07,HAL,35.05,0.5696372592924317,True,True,43.99,-0.2032280063650831,False,0.042796005706134066,0.01587140095635342,0.026924604749780645,0.1472182596291014,-0.012920948214467542,0.16013920784356894,0.07988587731811703,0.012997253026757472,0.06688862429135956,-0.14407988587731801,0.07289653067453439,-0.2169764165518524,-0.005420827389443605,0.15667921456913203,-0.16210004195857564,-0.059343794579172604
2023-03-10,HAL,34.53,2.98729792147806,True,True,43.99,-0.21504887474426004,False,-0.1326382855487982,0.010572413256976887,-0.14321069880577508,-0.04170286707211113,0.061413282889792864,-0.10311614996190399,-0.0955690703735882,0.10914461921173313,-0.20471368958532132,0.11844772661453806,0.16698193879401924,-0.04853421217948117,0.04865334491746309,0.32600865486771524,-0.27735530995025215,-0.19374456993918332
2023-06-06,HAL,31.23,1.367702805155421,True,True,43.99,-0.29006592407365317,False,0.047070124879923236,0.02016213816788559,0.026907986712037646,0.056996477745757224,0.02717099268742862,0.029825485058328605,0.23663144412423942,0.05214587762540024,0.18448556649883918,0.20685238552673701,0.061794734013971064,0.14505765151276595,0.08453410182516796,0.23446954652711272,-0.14993544470194475,-0.0381043868075569
2023-12-06,HAL,34.86,0.9345172031076581,True,True,43.85,-0.2050171037628279,True,-0.0048766494549628,0.03461166329492471,-0.03948831274988751,0.03184165232358005,0.028938341102999532,0.002903311220580518,0.009179575444635768,0.11526959275222093,-0.10609001730758516,0.031554790590935244,0.14919957779927873,-0.11764478720834348,-0.12220309810671248,0.3362213035447268,-0.4584244016514393,-0.05794606999426266
2024-06-03,HAL,34.74,0.48843187660668397,True,True,43.85,-0.2077537058152793,False,-0.006620610247553338,0.014892004547176985,-0.021512614794730323,-0.032239493379389916,0.04018567639257298,-0.0724251697719629,-0.10765687967760507,0.057787040545661306,-0.16544392022326637,-0.0826137017846863,0.12480106100795751,-0.20741476279264381,-0.4119170984455959,0.1293861311102693,-0.5413032295558652,-0.12751871042026486
2015-12-17,HAS,66.39,0.8065306122448981,True,True,84.42,-0.21357498223169868,False,0.018526886579304236,0.004002733574148154,0.014524153005156082,0.06115378822111772,-0.0820072244459632,0.14316101266708092,0.1807501129688207,-0.007419701259396727,0.18816981422821744,0.2941708088567556,0.02543200234306342,0.2687388065136922,0.28151830094893815,0.10260665820560377,0.17891164274333438,-0.02229251393282128
2017-09-07,HAS,92.67,0.7161111111111111,True,True,116.2,-0.20249569707401038,True,0.02589834898025245,0.013043302142828228,0.012855046837424222,0.042192726880327935,0.03155506946976128,0.010637657410566659,-0.008956512355670632,0.07125207599141237,-0.080208588347083,0.01866839322326541,0.08437639243326434,-0.06570799920999892,0.08006906226394728,0.1707781423421233,-0.09070908007817602,-0.05125714902341638
2017-12-01,HAS,91.84,0.5983292725374174,True,True,116.2,-0.2096385542168675,False,-0.005226480836237002,0.003970354685018496,-0.009196835521255498,0.002613240418118501,0.016297360659456972,-0.013684120241338471,0.027874564459930307,0.012251380170914317,0.01562318428901599,-0.04573170731707321,0.029078121455040407,-0.07480982877211362,0.05455139372822293,0.035997882477501575,0.018553511250721355,-0.038545296167247445
2018-03-09,HAS,91.46,0.4907905460472697,True,True,116.2,-0.21290877796901897,False,-0.04067351847802314,-0.01674615412199243,-0.02392736435603071,-0.07664552809971559,-0.06408003729336254,-0.012565490806353052,-0.04810846271594127,-0.013518843905762523,-0.034589618810178746,0.10233982068663905,0.04521820202961968,0.05712161865701937,-0.04821780013120491,-0.01581382005952603,-0.032403980071678884,-0.13623441941832493
2018-12-21,HAS,78.11,0.19598836319093538,True,True,109.6,-0.2873175182481752,False,0.0401997183459224,0.03830494391358541,0.0018947744323369875,0.12917680194597359,0.09434981304528467,0.034826988900688916,0.08782486237357578,0.18292480265891164,-0.09509994028533586,0.36461400588913073,0.2022019110926465,0.16241209479648422,0.33632057355012157,0.3331948483589531,0.0031257251911684936,-0.016259121751376227
2025-02-21,HOOD,51.6,2.774689100219459,True,True,66.91,-0.22881482588551783,True,-0.029069767441860517,-0.009600960096009747,-0.01946880734585077,-0.14031007751937985,-0.059939327266059994,-0.08037075025331986,0.24554263565891454,-0.008484181751508557,0.2540268174104231,1.1455426356589147,0.0750241690835749,1.0705184665753398,0.47499999999999987,0.14916491649164887,0.325835083508351,-0.42519379844961247
2025-11-13,HOOD,121.53,11.47741273100616,True,True,153.86,-0.21012608865202143,True,-0.12605940919937475,-0.029031010058925055,-0.0970283991404497,-0.016703694561013727,0.014463424796143043,-0.03116711935715677,-0.35843001727968404,0.029641092792095813,-0.38807111007177986,-0.36616473298773966,0.09758347717397786,-0.4637482101617175,,,,-0.4086233851723854
2026-02-11,HOOD,77.97,6.3556603773584905,True,True,153.86,-0.49324060834524897,False,-0.029755033987430957,-0.010809873403086923,-0.018945160584344034,-0.02372707451583933,-0.03742990924330902,0.013702834727469693,-0.012055918943183253,0.0659864732065436,-0.07804239214972686,0.19020135949724248,0.11247759986126349,0.077723759635979,,,,-0.18539181736565347
2026-05-08,HOOD,77.03,8.192124105011933,True,True,153.86,-0.49935005849473546,False,0.0014280150590679774,0.002101353000189654,-0.0006733379411216767,0.10398546021030763,0.0021691385808411123,0.10181632162946652,0.20472543165000645,0.04361324259103605,0.1611121890589704,,,,,,,-0.049980527067376324
2015-07-01,HPQ,13.8601,0.5643277163914628,True,True,18.6649,-0.2574243633772483,False,-0.0042568235438416036,-0.012530120481927698,0.008273296938086094,0.00327558964221053,0.016000000000000014,-0.012724410357789484,-0.18053260798984128,-0.07060240963855424,-0.10993019835128703,-0.17533062532016364,-0.028096385542168756,-0.14723423977799488,-0.14935678674757036,-0.020722891566265167,-0.1286338951813052,-0.18872879705052625
2018-12-17,HPQ,21.42,0.7542997542997543,True,True,27.08,-0.20901033973412098,True,-0.09523809523809534,-0.08231516290726826,-0.012922932330827086,-0.01727357609710556,0.02200814536340845,-0.03928172146051401,-0.06909430438842201,0.10162124060150379,-0.1707155449899258,-0.07282913165266114,0.13134398496240585,-0.20417311661506699,-0.04995331465919706,0.2426378446115287,-0.29259115927072576,-0.13818860877684414
2019-03-15,HPQ,19.94,0.7384481255448998,True,True,27.08,-0.2636632200886262,False,-0.030090270812437425,-0.007322882229568783,-0.022767388582868642,0.01354062186559668,0.03145995520955536,-0.017919333343958677,-0.004012036108325012,0.026980910739042185,-0.030992946847367198,-0.05165496489468413,0.05868970175251498,-0.11034466664719911,-0.12186559679037112,-0.11801926700081755,-0.003846329789553571,-0.09428284854563707
2022-06-16,HPQ,32.71,0.5940545808966862,True,True,41.47,-0.21123703882324563,True,0.0770406603485172,0.06390290467748527,0.013137755671031925,-0.036991745643534135,0.04172916950770489,-0.07872091515123902,-0.17578722103332312,0.07213964271103235,-0.24792686374435546,-0.1491898501987161,0.07230328651302353,-0.22149313671173965,-0.04922042188933051,0.20714577935360712,-0.25636620124293763,-0.18037297462549684
2022-09-13,HPQ,26.96,0.4378666666666666,True,True,41.47,-0.3498914878225222,False,-0.018916913946587566,-0.022920376494530825,0.0040034625479432595,-0.08086053412462901,-0.08995166624268636,0.009091132118057343,0.032270029673590495,0.0001526329178325181,0.032117396755757976,0.02596439169139453,0.01315186975324334,0.012812521938151189,0.07344213649851628,0.13454591706944785,-0.061103780570931576,-0.10682492581602387
2023-09-20,HPQ,27.06,0.4137931034482758,True,True,33.9,-0.2017699115044248,True,-0.0524759793052475,-0.02870235272660948,-0.02377362657863802,-0.0007390983000739038,-0.01921849352544225,0.018479395225368345,0.1430155210643016,0.07607605325551714,0.06693946780878446,0.13636363636363646,0.17629491154477495,-0.03993127518113848,0.2760532150776054,0.27986503738829116,-0.003811822310685775,-0.0679970436067997
2015-08-24,HUM,175.18,1.5671160609613133,True,True,219.79,-0.20296646799217433,False,0.04344103208128769,0.04311345646437981,0.0003275756169078825,0.07689233930814021,0.023271767810026267,0.053620571498113945,-0.03230962438634544,0.08427440633245387,-0.1165840307187993,-0.04874985728964509,0.0014775725593667577,-0.05022742984901185,0.016097728051147397,0.15324538258575204,-0.13714765453460465,-0.07403813220687294
2015-11-17,HUM,169.52,1.5642111632128275,True,True,219.79,-0.22871832203466935,False,-0.006547899952808023,0.018883535309290878,-0.0254314352620989,0.04034922133081653,0.012459239791697163,0.02788998153911937,-0.01698914582350175,-0.07636151262958091,0.05937236680607916,0.0031854648419065157,0.005012897259940585,-0.0018274324180340695,0.17295894289759306,0.05411982284518424,0.11883912005240882,-0.084237848041529
2016-02-16,HUM,166.64,1.1339480087079008,True,True,219.79,-0.2418217389326175,False,0.03714594335093624,0.013383918221097968,0.02376202512983827,0.10363658185309665,0.06528612077141949,0.03835046108167717,0.020523283725396135,0.08810201285699226,-0.06757872913159613,0.07393182909265494,0.14964695963747499,-0.07571513054482004,0.23277724435909763,0.21988618400252924,0.012891060356568396,-0.013022083533365314
2018-12-19,HUM,283.29,0.6015943012211671,True,True,355.88,-0.20397324940991335,True,0.004024144869215318,-0.012696012099020937,0.016720156968236255,0.04331250661865926,0.060495104672450895,-0.01718259805379163,0.011895937025662828,0.1239353657565867,-0.11203942873092387,-0.1008154188287621,0.15251134283212608,-0.2533267616608882,0.28462000070599025,0.27186977632731035,0.012750224378679897,-0.0628331391859932
2019-03-20,HUM,275.31,0.5082173770132574,True,True,355.88,-0.2263965381589299,False,-0.04511278195488733,-0.006748357307760688,-0.03836442464712664,-0.15408085430968732,0.028058959332267763,-0.18213981364195508,-0.08528567796302344,0.02738412360149156,-0.112669801564515,0.005593694380879866,0.05888829692772157,-0.05329460254684171,-0.009916094584286883,-0.10211330136743024,0.09219720678314336,-0.18037848243797894
2020-03-12,HUM,293.05,0.3446978387555637,True,True,385.0,-0.23883116883116884,True,-0.125780583518171,-0.030631574704768183,-0.09514900881340282,0.1666951032247055,0.12127685300874602,0.045418250215959466,0.35847125063982266,0.3026480190238199,0.05582323161600278,0.4156287322982426,0.42114384748700173,-0.005515115188759134,0.3752260706364101,0.5701906412478335,-0.19496457061142336,-0.2893704146050162
2021-01-27,HUM,377.93,0.321849533069847,True,True,474.7,-0.20385506635769957,True,0.005291985288280898,0.019871264122218957,-0.014579278833938059,0.007038340433413559,0.021153281162362036,-0.014114940728948477,0.18709813986717116,0.11305787772762477,0.0740402621395464,0.2184796126266768,0.15130471942522905,0.06717489320144776,0.003095811393644343,0.17475494778451406,-0.17165913639086972,-0.02040060328632276
2025-08-11,IBM,236.3,0.7950470981464604,True,True,296.16,-0.2021204754186926,True,0.013330512060939492,0.01160523336268704,0.0017252786982524526,0.096529834955565,0.022660083029311995,0.073869751926253,0.2731696995344901,0.06183167694049585,0.21133802259399426,0.33190859077443924,0.09354950308214871,0.23835908769229053,4.231908590779376e-05,0.21560888162032965,-0.21556656253442186,-0.012441811256876822
2026-02-12,IBM,259.52,0.9104829210836276,True,True,324.9,-0.20123114804555253,False,-0.009093711467324073,0.01197763001453156,-0.021071341481855632,-0.05101726263871753,-0.027859732558310202,-0.02315753008040733,-0.1386020345252773,0.08517915070383242,-0.22378118522910972,-0.10053175092478417,0.12812834852554777,-0.22866009945033194,,,,-0.1495067817509247
2026-05-15,IBM,219.3,0.7972463530568761,True,True,324.9,-0.325023084025854,False,0.1575011399908801,0.008753060865565487,0.14874807912531463,0.22530779753761965,0.021185924753439833,0.20412187278417981,0.07606019151846777,0.045077587023282906,0.030982604495184862,,,,,,,-0.09170086639306896
2014-03-26,ILMN,136.177,1.2146814922513713,True,True,178.3074,-0.23627959355584793,True,0.11843776849247667,0.02113856301021788,0.09729920548225879,0.08350602524655404,0.015461966805427885,0.06804405844112615,0.2502324181029103,0.05930691463480553,0.19092550346810477,0.2359458645733128,0.08385143536789741,0.15209442920541538,0.3637405729308181,0.1289398280802292,0.23480074485058888,-0.08786285496082291
2015-08-24,ILMN,186.5467,3.6523506570267825,True,True,235.7685,-0.20877174007554022,True,0.030452964324750864,0.04311345646437981,-0.012660492139628943,0.006882994981953772,0.023271767810026267,-0.016388772828072495,-0.09537450943919135,0.08427440633245387,-0.1796489157716452,-0.22245421655810582,0.0014775725593667577,-0.22393178911747258,-0.10481289671701499,0.15324538258575204,-0.25805827930276704,-0.3221048670386557
2015-11-17,ILMN,168.7549,2.5946981073798336,True,True,235.7685,-0.28423474722026054,False,0.016197455599807897,0.018883535309290878,-0.0026860797094829802,0.07747271338491513,0.012459239791697163,0.06501347359321796,-0.14047769872163707,-0.07636151262958091,-0.06411618609205616,-0.19956220530485336,0.005012897259940585,-0.20457510256479394,-0.21385749391573217,0.05411982284518424,-0.2679773167609164,-0.24850122870506275
2018-10-24,ILMN,281.6148,0.9636438181939888,True,True,362.4611,-0.2230482112425305,True,0.07478406674649185,0.0200135685210312,0.05477049822546065,0.07039722344138166,-0.001130710085934017,0.07152793352731568,0.044179496248066386,-0.007198854213779415,0.0513783504618458,0.1020035168606197,0.09309513040856321,0.008908386452056494,0.07975823713810493,0.13025780189959302,-0.05049956476148809,-0.0639032465623256
2019-01-25,ILMN,285.8755,0.6843194624798794,True,True,362.4611,-0.21129329464596336,False,-0.03749849147618456,0.016103544284746807,-0.053602035760931366,0.036953848790819865,0.05169689216645357,-0.014743043375633702,0.0958892944655978,0.1019640304010836,-0.006074735935485798,0.01589083359714283,0.12435096696515924,-0.10846013336801641,0.11269905955564563,0.24809993227481408,-0.13540087271916845,-0.08595350073720909
2019-07-15,ILMN,294.0564,1.0289280689758429,True,True,370.3891,-0.20608786813650837,True,-0.013265482404055784,-0.009476309226932766,-0.0037891731771230175,-0.039531532046233386,-0.04216126350789695,0.0026297314616635648,-0.04608163603988891,-0.0406317539484623,-0.0054498820914266055,0.06761730062668247,0.07201995012468831,-0.0044026494980058395,0.2248174159787033,0.05599334995843708,0.16882406602026623,-0.12898205922401285
2020-09-16,ILMN,313.6868,0.5280045281886565,True,True,393.1907,-0.2022018832083261,True,-0.1534097067520851,-0.04775396965940615,-0.10565573709267895,0.02372302564213724,0.02688743285520334,-0.0031644072130661005,0.06586633546582132,0.08237412195265925,-0.016507786486837928,0.23871964009961522,0.14981406056313085,0.08890557953648437,0.391912251328395,0.3109320583200521,0.08098019300834292,-0.19242123034823277
2021-02-26,ILMN,427.4416,0.8824055806087936,True,True,540.6323,-0.20936725386182065,True,-0.09230547518070298,0.008597118519297453,-0.10090259370000043,-0.08636571639260193,0.04106635818698079,-0.12743207457958272,-0.08971120265318111,0.10203491429172362,-0.19174611694490473,0.16203546870496455,0.15464296981806713,0.007392498886897414,-0.28249239194313325,0.1093437795772425,-0.39183617152037575,-0.1710701532092337
2021-06-07,ILMN,418.6187,0.5418850230940928,True,True,540.6323,-0.22568684852902798,False,0.050657555431709245,0.007271607570051408,0.043385947861657836,0.10342992322129896,0.025438783486108063,0.0779911397351909,0.06232282504341069,0.06956583528742977,-0.007243010244019077,-0.15053221463828537,0.11191643572798982,-0.2624486503662752,-0.4224799322151638,-0.011369288708875214,-0.41111064350628856,-0.009597039023818033
2018-09-11,INTC,44.93,0.5350187905705501,True,True,57.6,-0.21996527777777786,False,0.026040507456042805,0.006434872859366836,0.01960563459667597,0.036056087246828294,-0.00570835495589006,0.041764442202718355,0.0765635432895615,-0.06645909012281626,0.14302263341237775,0.17849988871578026,-0.0405466182321399,0.21904650694792016,0.1533496550189184,0.0314132503027158,0.1219364047162026,-0.057200089027375944
2018-12-19,INTC,45.57,0.3053566313377256,True,True,57.6,-0.20885416666666667,False,0.017335966644722367,-0.012696012099020937,0.030031978743743304,0.07943822690366464,0.060495104672450895,0.01894312223121375,0.18872064955014256,0.1239353657565867,0.06478528379355586,0.024797015580425796,0.15251134283212608,-0.1277143272517003,0.2574061882817642,0.27186977632731035,-0.01446358804554615,-0.04520517884573194
2019-08-05,INTC,46.97,0.3590856481481479,True,True,59.59,-0.2117805000839068,False,-0.029167553757717624,0.014974279472905305,-0.04414183323062293,0.0002129018522460946,0.02438165034176598,-0.024168748489519887,0.1994890355546095,0.0683179479952083,0.1311710875594012,0.3985522674047264,0.13980691987879634,0.25874534752593004,0.016180540770704743,0.15044746670424924,-0.1342669259335445,-0.046199701937406856
2020-03-09,INTC,50.85,0.42039106145251415,True,True,69.29,-0.2661278683792756,True,-0.12271386430678466,-0.12536921562192327,0.00265535131513861,0.1490658800393314,-0.03416839878933742,0.18323427882866883,0.21789577187807274,0.1383874849578821,0.07950828692019063,-0.02851524090462154,0.27021113663712937,-0.2987263775417509,0.19449360865290077,0.3989352003792437,-0.2044415917263429,-0.14198623402163224
2020-07-24,INTC,50.59,0.4663768115942031,True,True,69.29,-0.26988021359503533,False,-0.0565329116426172,0.01757666417352266,-0.07410957581613986,-0.025894445542597344,0.057965594614809435,-0.08386004015740678,0.07886934176714755,0.06585016205435057,0.01301917971279698,0.17118007511365874,0.17944402892046862,-0.008263953806809887,0.10614745997232644,0.3570805285464971,-0.25093306857417064,-0.0715556434077882
2020-10-19,INTC,54.58,0.37170143252073373,True,True,69.29,-0.21229614663010543,False,-0.1440087944301942,-0.007660594719452685,-0.13634819971074152,-0.1537193111029681,0.06011520130990333,-0.21383451241287144,0.08556247709783804,0.10657583111604918,-0.02101335401821114,0.1949432026383291,0.2071576854477939,-0.0122144828094648,-0.0021986075485525003,0.3036753311306688,-0.3058739386792213,-0.20098937339684864
2026-03-06,INTC,43.42,0.7141729174891436,True,True,54.6,-0.2047619047619047,True,0.054122524182404375,-0.015006395193194355,0.06912891937559873,0.1695071395670198,-0.02000356941015502,0.1895107089771748,1.485720865960387,0.12967369642166648,1.3560471695387206,1.1209120221096267,0.1468217377078438,0.9740902844017829,,,,-0.0642561031782588
2026-06-05,INTC,99.17,2.1542620865139948,True,True,132.75,-0.25295668549905836,True,0.2561258445094281,0.005694529184462116,0.250431315324966,0.11313905414944037,0.013775337265270249,0.09936371688417012,-0.10285368559040031,0.03285201003321814,-0.13570569562361845,,,,,,,-0.17525461329030956
2026-09-01,INTC,88.97,1.6757894736842105,True,True,142.35,-0.3749912188268353,True,,,,,,,,,,,,,,,,-0.016522423288748977
2022-09-30,KHC,33.35,0.21982443306510624,True,True,44.87,-0.2567416982393581,False,-0.009595202398800629,0.015706366537880045,-0.025301568936680674,0.16761619190404775,0.08914272915616772,0.07847346274788003,0.22818590704647668,0.06780894786942149,0.1603769591770552,0.1448275862068964,0.1079847695839633,0.036842816622933094,0.008695652173912993,0.1968195307688001,-0.1881238785948871,-0.01619190404797599
2016-07-29,KR,34.19,0.7267676767676765,True,True,42.75,-0.200233918128655,False,-0.045919859608072544,0.004882092851879127,-0.05080195245995167,-0.04416496051477037,0.0007829771554899168,-0.044947937670260285,-0.08803743784732376,-0.010270817980840174,-0.07776661986648359,-0.002924831822170071,0.04430729550479007,-0.04723212732696014,-0.299502778590231,0.13854089904200428,-0.4380436776322353,-0.16028078385492828
2022-05-18,KR,47.9,0.9900290818446198,True,True,62.78,-0.23701815864925135,True,0.06805845511482245,0.014061144286224625,0.05399731082859782,0.040083507306889476,-0.06433420099014964,0.10441770829703911,-0.007933194154488454,0.09442147705813309,-0.10235467121262154,-0.01628392484342378,-0.02516204767008634,0.00887812282666256,0.028183716075156573,0.05963864645536665,-0.03145493038021008,-0.07432150313152386
2022-08-15,KR,47.52,1.1492537313432836,True,True,62.78,-0.24307104173303595,False,0.05471380471380449,-0.036165648463368005,0.0908794531771725,0.038930976430976205,-0.08338385487105349,0.12231483130202969,-0.008417508417508546,-0.10926642727230329,0.10084891885479474,-0.06271043771043783,-0.04437345520682745,-0.018336982503610377,0.02188552188552184,0.044886443128293596,-0.023000921242771755,-0.11994949494949503
2022-11-08,KR,47.12,0.7542814594192107,True,True,62.78,-0.24944249761070414,False,-0.005305602716468627,0.043167539267015664,-0.04847314198348429,-0.0038200339558573937,0.02921465968586401,-0.0330346936417214,-0.05475382003395579,0.07285340314136124,-0.12760722317531703,0.0386247877758914,0.06811518324607335,-0.02949039547018195,-0.042657045840407415,0.14379581151832466,-0.18645285735873207,-0.08616298811544987
2015-05-20,LUV,37.19,3.5298416565164423,True,True,47.17,-0.2115751536993853,False,-0.010217800484001005,-0.001972942502818431,-0.008244857981182574,-0.08954019897821996,-0.00046974821495671115,-0.08907045076326325,0.0583490185533746,-0.016253288237504715,0.07460230679087931,0.2468405485345524,-0.022547914317925466,0.26938846285247786,0.1347136326969618,-0.037720781661029656,0.17243441435799145,-0.1567625705834902
2015-08-24,LUV,37.21,2.9417372881355934,True,True,47.17,-0.21115115539537843,False,-0.01370599301263098,0.04311345646437981,-0.056819449477010786,0.02768073098629409,0.023271767810026267,0.004408963176267822,0.2343456060198872,0.08427440633245387,0.15007119968743332,-0.003493684493415805,0.0014775725593667577,-0.004971257052782563,-0.023112066648750318,0.15324538258575204,-0.17635744923450236,-0.03547433485622142
2016-01-13,LUV,40.4,2.6561085972850673,True,True,51.34,-0.2130892091936113,True,-0.022277227722772297,-0.011332944976963466,-0.010944282745808831,-0.12524752475247514,-0.03161573902451942,-0.09363178572795572,0.09826732673267324,0.08044272626171689,0.017824600470956353,-0.03143564356435635,0.11031086162156423,-0.14174650518592058,0.2707920792079208,0.199279775459408,0.0715123037485128,-0.15940594059405933
2016-06-14,LUV,39.88,1.8526466380543636,True,True,51.34,-0.22321776392676274,False,0.016048144433299827,0.001922707171697846,0.01412543726160198,0.06318956870611836,0.033070563353201354,0.030119005352917005,-0.028084252758274975,0.05032686021918864,-0.07841111297746362,0.2013540621865595,0.055950778696404635,0.14540328349015486,0.4791875626880642,0.16977504326091153,0.30941251942715264,-0.11183550651955865
2016-09-08,LUV,38.76,1.9208741522230595,True,True,51.34,-0.2450331125827816,False,-0.04566563467492246,-0.014781932177017065,-0.030883702497905396,0.010577915376677183,-0.012493707381813102,0.023071622758490284,0.23606811145510842,0.0053544460207770594,0.23071366543433136,0.4852941176470589,0.0904306439064575,0.3948634737406014,0.33307533539731704,0.1299254038716764,0.20314993152564065,-0.06320949432404532
2017-08-24,LUV,50.71,0.5777846919726197,True,True,64.39,-0.2124553502096599,True,0.02819956616052055,0.014344850198778625,0.013854715961741926,0.08321830013803977,0.02233698102381232,0.06088131911422745,0.0788799053441136,0.05684659207344556,0.022033313270668042,0.14730822323013215,0.11902127136358032,0.028286951866551835,0.195227765726681,0.17287593753842367,0.022351828188257317,-0.018733977519227007
2018-04-27,LUV,53.53,0.27787061351157805,True,True,66.99,-0.20092551127033875,False,-0.014010835045768721,-0.00202581032412974,-0.011985024721638982,-0.012516345974220133,0.02097088835534211,-0.03348723432956224,-0.03026340369886049,0.05646008403361358,-0.08672348773247407,0.10592191294601161,0.05210834333733483,0.05381356960867678,-0.010274612366897196,0.10072779111644659,-0.11100240348334378,-0.06725200821968991
2014-08-08,LVS,68.13,0.6271793647002628,True,True,88.28,-0.22825101948346183,False,0.004256568325260668,0.012833781825708934,-0.008577213500448266,-0.08366358432408627,0.03803560339474221,-0.12169918771882848,-0.08454425363276086,0.044141999586007064,-0.12868625321876792,-0.2019668281227066,0.03213620368453718,-0.2341030318072438,-0.17760164391604283,0.07819292072034778,-0.2557945646363906,-0.14956700425656833
2018-09-28,LVS,59.33,0.5691615974609889,True,True,81.45,-0.2715776550030694,False,-0.010618574077195242,-0.009975233902036473,-0.0006433401751587686,-0.11697286364402493,-0.0873348926802423,-0.029637970963782623,-0.13281645036237988,-0.15320583379196484,0.020389383429584962,-0.0008427439743805554,-0.040176114474408386,0.03933337050002783,-0.03741783246249786,0.016097963676389382,-0.05351579613888724,-0.20124726108208324
2025-11-24,LYFT,19.88,0.7515418502202642,True,True,25.54,-0.2216131558339859,True,0.11871227364185111,0.019140759349812297,0.09957151429203881,-0.014084507042253391,0.028756000179444685,-0.042840507221698076,-0.3314889336016097,0.02042677911862789,-0.3519157127202376,-0.3370221327967806,0.09719916857326583,-0.43422130137004644,,,,-0.3495975855130784
2026-06-01,LYFT,14.86,0.8598247809762201,True,True,25.54,-0.418167580266249,False,-0.05652759084791381,-0.02546998180715576,-0.03105760904075805,-0.01682368775235532,-0.015516650407361499,-0.0013070373449938222,0.17025572005383593,0.009940148179397257,0.16031557187443868,,,,,,,-0.11440107671601607
2014-09-16,MGM,22.82,1.167141500474834,True,True,28.75,-0.2062608695652174,False,-0.0030674846625766694,-0.01232043096568236,0.009252946303105691,-0.09640666082383875,-0.06374700718276138,-0.03265965364107737,-0.09202453987730064,0.013367916999202034,-0.10539245687650267,-0.12226117440841366,0.022446129289704686,-0.14470730369811835,-0.07975460122699385,-0.02229648842777332,-0.05745811279922053,-0.14329535495179668
2014-12-10,MGM,20.72,0.982775119617225,True,True,28.75,-0.27930434782608704,False,-0.13079150579150567,-0.006743453435715696,-0.12404805235578997,-0.010135135135134976,0.00536522937586148,-0.015500364510996456,-0.03330115830115821,0.008958456389053016,-0.04225961469021122,-0.021235521235521082,0.034307934632801684,-0.055543455868322766,0.057432432432432456,0.018655247095884953,0.038777185336547504,-0.1674710424710424
2018-06-19,MGM,29.91,0.5338461538461539,True,True,38.41,-0.22129653736006238,False,-0.025075225677031132,-0.014156079854809378,-0.010919145822221754,0.03711133400200595,0.020181488203266706,0.01692984579873924,-0.08124373119358075,0.05564428312159708,-0.13688801431517783,-0.13674356402540955,-0.041488203266787704,-0.09525536075862184,-0.05650284185891008,0.06134301270417408,-0.11784585456308416,-0.12036108324974926
2022-03-10,MGM,40.89,0.5366403607666292,True,True,51.17,-0.2008989642368576,False,0.02567865003668368,0.0366409701983641,-0.010962320161680417,-0.04181951577402787,0.054738178057722964,-0.09655769383175083,-0.1364636830520909,-0.032175425401898994,-0.1042882576501919,-0.2017608217168012,-0.07121368806994455,-0.13054713364685666,0.05600391293714835,-0.07972172605057826,0.1357256389877266,-0.2492051846417217
2023-09-15,MGM,41.08,0.7814397224631398,True,True,51.35,-0.20000000000000007,True,-0.11051606621226873,-0.029208110607393367,-0.08130795560487536,-0.11295034079844213,-0.02677222184631345,-0.08617811895212868,0.059883154819863726,0.041996526603062856,0.01788662821680087,0.03383641674780913,0.1541601822405667,-0.12032376549275758,-0.11124634858812077,0.2675868913097412,-0.378833239897862,-0.16942551119766314
2018-04-24,MMM,168.1689,0.2597393160792538,True,True,217.199,-0.22573814796569047,False,-0.030378387442624666,0.007605141075367028,-0.037983528517991694,-0.010739203265288766,0.03661875427789174,-0.04735795754318051,0.0023369362587255527,0.06471975055137258,-0.062382814292647026,-0.01441883725231008,0.049319339873754586,-0.06373817712606467,0.09133377217785221,0.11369685907673577,-0.022363086898883555,-0.04817775462645002
2018-07-24,MMM,167.7926,0.3423407999999999,True,True,217.199,-0.22747066054631937,False,0.058003153893556814,-0.000994282873477581,0.058997436767034395,0.024965344121254507,0.01679627854124477,0.008169065580009738,0.011212055835597035,-0.004119171904406915,0.01533122774000395,-0.0585007920492322,-0.07549447817904187,0.01699368612980967,-0.11540735407878533,0.06540960903376991,-0.18081696311255524,-0.023669101021141503
2017-09-08,MO,62.23,0.42565864833906075,True,True,77.79,-0.20002571024553295,True,0.002571107183030774,0.0105848000648876,-0.008013692881856826,0.005142214366061326,0.03159218103658046,-0.02644996667051913,0.12614494616744332,0.07121421039824782,0.05493073576919549,0.005142214366061326,0.09124827642144528,-0.08610606205538396,-0.02313996464727619,0.16862681482683106,-0.19176677947410725,-0.02330065884621557
2022-04-29,MOS,62.42,1.4184424641611781,True,True,79.28,-0.21266397578203833,True,0.02611342518423565,-0.001601941747572888,0.02771536693180854,-0.04117270105735338,0.007912621359223326,-0.049085322416576704,-0.18103172060237105,-0.0266019417475728,-0.15442977885479825,-0.17446331304069207,-0.11308252427184462,-0.06138078876884745,-0.31352130727330985,0.009538834951456243,-0.3230601422247661,-0.319128484460109
2022-07-27,MOS,51.12,1.1028383381324556,True,True,79.28,-0.35519677093844604,False,0.03540688575899842,0.033438061041292544,0.001968824717705875,0.187206572769953,0.031493117893476974,0.15571345487647603,0.008020344287950065,-0.08884400558547778,0.09686434987342785,-0.07942097026604056,-0.023813085976461257,-0.0556078842895793,-0.20852895148669792,0.1358218631557948,-0.34435081464249273,-0.09057120500782467
2022-10-20,MOS,51.53,1.6466358500256808,True,True,79.28,-0.35002522704339056,False,0.03900640403648348,0.03987301934812937,-0.0008666153116458908,-0.03007956530176603,0.07889767658246893,-0.10897724188423497,-0.08674558509606056,0.07137188363755786,-0.15811746873361843,-0.08810401707743065,0.12875947565748058,-0.21686349273491123,-0.2928391228410635,0.16699050381762937,-0.45982962665869287,-0.18668736658257334
2023-01-18,MOS,47.06,1.1371480472297915,True,True,79.28,-0.40640766902119074,False,0.022099447513812098,0.02263148483997046,-0.0005320373261583633,0.05439864003399908,0.05744718894480072,-0.0030485489108016406,-0.0014874628134297074,0.05356458657947827,-0.055052049392907976,-0.2375690607734806,0.1392883598559349,-0.3768574206294155,-0.32809179770505736,0.20639096784081334,-0.5344827655458707,-0.12537186570335757
2020-03-16,MRK,66.7176,0.08909801745035462,True,True,88.3969,-0.24524955060641263,True,-0.05034353753732157,-0.07046070460704612,0.02011716706972455,0.184781826684413,0.18319783197831985,0.0015839947060931614,0.16947851841193318,0.3299979153637691,-0.16051939695183592,0.22268187105051718,0.4400250156347718,-0.21734314458425463,0.06693286329244441,0.6429435063581406,-0.5760106430656962,-0.06679047207933153
2024-10-21,MRK,106.34,0.37835385612443284,True,True,134.63,-0.21013147144024358,False,-0.019842016174534516,-0.0047975600980072475,-0.015044456076527268,-0.09196915553883767,0.007744632729640433,-0.0997137882684781,-0.07917998871544107,0.023902129774000747,-0.10308211848944182,-0.262836185819071,-0.07885132703939135,-0.18398485877967963,-0.176039119804401,0.1501978993540427,-0.3262370191584437,-0.11152905773932664
2021-12-08,MRNA,283.4,14.236559139784944,True,True,497.49,-0.4303403083479066,False,-0.0004234297812280019,0.002300221502811395,-0.0027236512840393967,-0.2376146788990825,-0.003365138865224049,-0.23424954003385845,-0.5537755822159491,-0.10668342136650188,-0.44709216084944725,-0.494001411432604,-0.12764099505878346,-0.36636041637382055,-0.3876499647141849,-0.161207190322031,-0.22644277439215388,-0.5544107268877911
2022-03-07,MRNA,126.46,5.141816415735794,True,True,497.49,-0.7458039357575027,False,0.18669935157362016,-0.005793576997353611,0.19249292857097378,0.3643839949391112,0.08909710797987747,0.27528688695923376,0.1339554009172863,-0.02346041055718484,0.15741581147447115,0.08097422109758012,-0.03366473547433424,0.11463895657191436,0.1389372133480944,-0.035667453448728015,0.1746046667968224,-0.05891190890400122
2023-04-06,MRNA,158.27,3.568995381062356,True,True,217.25,-0.27148446490218636,False,-0.0073924306564732145,0.007991397639238507,-0.015383828295711721,-0.1341378656725849,0.008406852562379274,-0.14254471823496417,-0.21943514247804385,0.08294435347882412,-0.30237949595686797,-0.36646237442345364,0.047239668613602515,-0.41370204303705616,-0.3499715675743983,0.26696644590532514,-0.6169380134797234,-0.25932267643899665
2023-08-09,NET,63.59,0.5378476420798066,True,True,80.99,-0.21484133843684394,False,-0.04308853593332285,-0.013707234997195727,-0.02938130093612712,-0.0009435445824815814,-0.002019068984856931,0.0010755244023753496,-0.11023745871992463,-0.03362871564778469,-0.07660874307213994,0.24311998741940544,0.08329781267526637,0.15982217474413907,0.20097499606856428,0.16356702187324723,0.03740797419531705,-0.1526812391885517
2025-02-27,NET,140.72,0.48548506281009174,True,True,177.368,-0.2066212620089306,True,-0.06893121091529275,-0.021092214340654558,-0.04783899657463819,-0.15740477544059128,-0.030715323476625755,-0.12668945196396553,0.12308129619101749,-0.010152978377916289,0.13323427456893377,0.37293916998294474,0.0906931031535767,0.28224606682936804,0.24118817509948842,0.17818989829929066,0.06299827680019776,-0.3645537237066515
2025-11-17,NET,202.25,3.278612227628517,True,True,260.0,-0.2221153846153846,True,-0.040840543881334956,0.004596872324124757,-0.04543741620545971,-0.023337453646477102,0.019829645319753064,-0.043167098966230166,-0.0316440049443758,0.024156113389517397,-0.0558001183338932,-0.07644004944375782,0.10892784713146142,-0.18536789657521924,,,,-0.20716934487021021
2026-02-13,NET,195.85,2.372653693817806,True,True,260.0,-0.2467307692307692,False,-0.18207812101097776,0.0009387605427209067,-0.18301688155369866,0.058616287975491455,-0.018657865786578687,0.07727415376207014,-0.04625989277508302,0.08277227722772262,-0.12903217000280565,0.5331631350523358,0.13422808947561427,0.39893504557672155,,,,-0.18902221087567006
2026-05-12,NET,186.79,3.238484229634672,True,True,260.0,-0.28157692307692306,False,0.106750896728947,-0.006028339971280605,0.1127792367002276,0.17602655388404087,-0.017272210030073953,0.19329876391411482,0.607527169548691,0.04752228453764662,0.5600048850110444,,,,,,,-0.005567749879543782
2016-06-02,NKE,54.53,0.7302871648421387,True,True,68.195,-0.20038125962313946,False,0.007518796992481036,0.005547389881940257,0.0019714071105407793,0.012286814597469276,-0.006780143189037968,0.019066957786507244,0.08197322574729515,0.030249869612630986,0.05172335613466417,-0.059600220062350995,0.04381015599070692,-0.10341037605305792,-0.028241335044929428,0.1447536864065242,-0.17299502145145362,-0.05593251421236023
2020-03-09,NKE,84.11,0.4873563218390806,True,True,105.62,-0.2036546108691536,True,-0.20592081797645934,-0.12536921562192327,-0.08055160235453607,0.0061823802163831765,-0.03416839878933742,0.040350779005720594,0.23778385447628114,0.1383874849578821,0.09939636951839903,0.3177981215075496,0.27021113663712937,0.047586984870420235,0.5854238497206039,0.3989352003792437,0.18648864934136022,-0.2866484365711568
2022-01-20,NKE,142.73,0.7675541795665632,True,True,179.1,-0.20307091010608602,True,0.013381909899810918,-0.03471740346950192,0.048099313369312835,0.0004904364884747991,-0.02168998321208726,0.02218041970056206,-0.07776921460099484,-0.019653049804140954,-0.058116164796853886,-0.27681636656624387,-0.1540906547285954,-0.12272571183764847,-0.127513487003433,-0.1300727476217124,0.00255926061827938,-0.18202199957962584
2022-04-19,NKE,137.05,0.5364349775784754,True,True,179.1,-0.23478503629257386,False,-0.12061291499452764,-0.06502786266403016,-0.055585052330497486,-0.15432323969354256,-0.08250943735394578,-0.07181380233959678,-0.23604523896388185,-0.13461711306848823,-0.10142812589539363,-0.3674571324334185,-0.19103900772964233,-0.17641812470377616,-0.07909522072236419,-0.06927467193960102,-0.009820548782763172,-0.2737686975556367
2014-03-13,NVAX,108.0,1.1600000000000001,True,True,139.0,-0.2230215827338129,True,-0.08148148148148149,0.013878388594880553,-0.09535987007636204,-0.2518518518518519,-0.010908305432552168,-0.24094354641929971,-0.188888888888889,0.056161572524030756,-0.24505046141291975,-0.11666666666666659,0.08273031644886042,-0.199396983115527,0.6703703703703705,0.10433092126579546,0.566039449104575,-0.38148148148148153
2014-06-09,NVAX,87.6,1.0184331797235022,True,True,139.0,-0.3697841726618706,False,0.05022831050228316,-0.006595766438286188,0.056824076940569346,-0.0091324200913242,0.003374578177727683,-0.012506998269051883,0.08904109589041109,0.025155946415788888,0.0638851494746222,0.24200913242009148,0.06166274670211669,0.1803463857179748,1.0114155251141552,0.07255343082114729,0.9388620942930079,-0.08447488584474871
2014-09-03,NVAX,95.4,1.433673469387755,True,True,139.0,-0.31366906474820144,False,0.01467505241090139,-0.00214463840399004,0.01681969081489143,-0.13626834381551367,-0.03067331670822948,-0.10559502710728419,0.14046121593291394,0.03561097256857848,0.10485024336433546,0.9559748427672954,0.055511221945137024,0.9004636208221584,1.2578616352201255,-0.014114713216957675,1.2719763484370832,-0.17819706498951782
2014-11-26,NVAX,108.8,3.3520000000000003,True,True,139.0,-0.21726618705035972,False,-0.016544117647058765,9.63205548063506e-05,-0.016640438201865115,0.08823529411764719,0.0038528221922558004,0.08438247192539139,0.7150735294117647,0.01921595068387605,0.6958575787278887,0.6286764705882353,0.02822192255827405,0.6004545480299612,0.4154411764705883,0.008235407435946973,0.40720576903464134,-0.0625
2015-03-26,NVAX,151.6,4.742424242424242,True,True,199.0,-0.23819095477386942,True,0.0474934036939314,0.005699810006333017,0.041793593687598385,0.13192612137203175,0.03108101524820972,0.10084510612382203,0.31398416886543523,0.03225020704438042,0.2817339618210548,0.3126649076517152,-0.02479660934379113,0.3374615169955063,-0.3192612137203166,-0.01003556291713359,-0.309225650803183,0.0026385224274407815
2015-08-24,NVAX,214.6,4.365,True,True,300.2,-0.285143237841439,True,0.0037278657968313755,0.04311345646437981,-0.03938559066754843,-0.08946877912395146,0.023271767810026267,-0.11274054693397773,-0.303821062441752,0.08427440633245387,-0.38809546877420587,-0.5433364398881639,0.0014775725593667577,-0.5448140124475307,-0.34575955265610436,0.15324538258575204,-0.4990049352418564,-0.4175209692451072
2015-11-17,NVAX,149.4,3.757961783439491,True,True,300.2,-0.5023317788141239,False,0.0307898259705488,0.018883535309290878,0.011906290661257923,0.17402945113788482,0.012459239791697163,0.16157021134618765,-0.3440428380187417,-0.07636151262958091,-0.2676813253891608,-0.4029451137884873,0.005012897259940585,-0.4079580110484279,-0.8192771084337349,0.05411982284518424,-0.8733969312789192,-0.4538152610441768
2016-02-16,NVAX,98.0,1.5789473684210527,True,True,300.2,-0.6735509660226515,False,-0.014285714285714346,0.013383918221097968,-0.027669632506812314,0.01836734693877551,0.06528612077141949,-0.04691877383264398,-0.0897959183673469,0.08810201285699226,-0.17789793122433917,0.5591836734693878,0.14964695963747499,0.4095367138319128,-0.726530612244898,0.21988618400252924,-0.9464167962474272,-0.13877551020408152
2020-05-22,NVAX,46.11,1.2602941176470588,True,True,61.5,-0.2502439024390244,True,0.14552157883322492,0.03422014622258329,0.11130143261064163,0.4302754283235741,0.051380991064175596,0.37889443725939853,2.17132942962481,0.14622258326563764,2.025106846359172,0.8436347863803948,0.20725020308692121,0.6363845832934736,2.1747993927564515,0.405632277281343,1.7691671154751085,-0.12166558230318802
2020-08-18,NVAX,146.23,6.239108910891089,True,True,189.4,-0.22793030623020072,True,-0.22649251179648489,0.016182376565083922,-0.2426748883615688,-0.17848594679614305,0.000531537916371283,-0.17901748471251433,-0.4186555426383094,0.05324238128986547,-0.47189792392817487,1.160090268754702,0.1524037325773684,1.0076865361773335,0.5681460712576081,0.31989723600283493,0.24824883525477315,-0.47623606647062844
2020-11-11,NVAX,85.01,2.761504424778761,True,True,189.4,-0.5511615628299894,False,0.05764027761439827,-0.0010934477247876995,0.05873372533918597,0.35384072462063276,0.028205343875290945,0.3256353807453418,2.7156805081755087,0.09414865281632867,2.62153185535918,1.029408304905305,0.17495163596601904,0.8544566689392861,0.991530408187272,0.31039896823394164,0.6811314399533304,-0.004822962004470188
2021-02-16,NVAX,262.7,5.600502512562814,True,True,331.68,-0.20797153883260977,True,-0.07411496003045304,-0.012235534030079043,-0.061879426000373994,-0.15405405405405403,0.009202141218455306,-0.16325619527250934,-0.5134373810430148,0.03341830231965326,-0.5468556833626681,-0.27716025885039974,0.12793780270201371,-0.40509806155241346,-0.6650171298058623,0.14534794799898032,-0.8103650778048426,-0.5365816520746098
2021-05-12,NVAX,127.82,2.994375,True,True,331.68,-0.6146285576459238,False,0.11203254576748556,0.013443180977282143,0.09858936479020342,0.6033484587701456,0.044892824547988486,0.5584556342221572,0.485604756689094,0.09146296341974791,0.39414179326934606,0.34916288530746353,0.13475247280530822,0.2144104125021553,-0.5833202941636677,-0.01785846427073834,-0.5654618298929294,-0.08371146925363782
2021-08-06,NVAX,189.89,6.978571428571428,True,True,331.68,-0.42749035214664743,False,0.3548370109010479,0.0077515876064995215,0.3470854232945484,0.32439833587866684,0.02393274424280767,0.3004655916358592,-0.09184264574227186,0.03966191326357671,-0.13150455900584856,-0.6159882036968771,-0.02542430337408752,-0.5905639003227896,-0.6738638158934119,-0.06400144636036975,-0.6098623695330422,-0.3609458107325293
2021-11-01,NVAX,172.45,4.072058823529411,True,True,331.68,-0.4800711529184757,False,0.003305305885764165,0.019324406573341335,-0.01601910068757717,0.20979994201217744,-0.009738283627510724,0.21953822563968817,-0.5771527979124383,-0.06260325189113991,-0.5145495460212984,-0.7088431429399826,-0.06853751847665424,-0.6403056244633284,-0.8665120324731806,-0.15437788018433185,-0.7121341522888488,-0.6150768338648884
2022-01-27,NVAX,72.92,0.6724770642201834,True,True,331.68,-0.7801495417269657,False,0.2135216675809104,0.03561821723402292,0.17790345034688748,0.11944596818431141,0.015096002226138605,0.10434996595817281,-0.3114371914426769,-0.006330581578703365,-0.30510660986397353,-0.19157981349424025,-0.07524812169557549,-0.11633169179866476,-0.8494240263302248,-0.06142751136258229,-0.7879965149676426,-0.3687602852441031
2021-03-04,OKTA,226.22,5.035752401280684,True,True,294.0,-0.23054421768707478,True,0.05742197860489795,0.04467746217148916,0.012744516433408792,0.01538325523826356,0.06347225909211573,-0.048089003853852175,-0.016709397931217396,0.11505176533050188,-0.13176116326171927,0.09428874546901245,0.18919564640297337,-0.09490690093396092,-0.18601361506498104,0.14143881072471465,-0.3274524257896957,-0.1199717089558836
2021-05-28,OKTA,222.44,3.1453596720089454,True,True,294.0,-0.24340136054421768,False,-0.026973565905412666,0.005118560137129746,-0.03209212604254241,0.11225499010969253,0.01768879154366254,0.09456619856602999,0.11288437331415224,0.06649366726978378,0.04639070604436846,0.19771623808667504,0.11451290353299681,0.08320333455367823,-0.6287987771983456,-0.05397105037615468,-0.574827726822191,-0.05749865132170473
2021-09-29,OKTA,233.33,2.3138758699048436,True,True,294.0,-0.20636054421768701,False,-0.006042943470621065,0.001035792381171463,-0.007078735851792528,0.07148673552479301,0.044861318908965275,0.026625416615827735,-0.021514593065615317,0.08320865462078508,-0.1047232476864004,-0.28671838169116703,0.034848659224306466,-0.3215670409154735,-0.7682681181159731,-0.1635861433997008,-0.6046819747162723,-0.15664509492992762
2021-12-23,OKTA,228.31,3.247627906976744,True,True,294.0,-0.22343537414965986,False,-0.018133239893127873,0.009264768380790489,-0.02739800827391836,-0.163856160483553,-0.06536336591585223,-0.09849279456770077,-0.2710349962769918,-0.04464513387165325,-0.22638986240533854,-0.6538040383688843,-0.22088822779430528,-0.43291581057457906,-0.7024221453287197,-0.17928176795580109,-0.5231403773729186,-0.3723446191581621
2025-11-11,OKTA,85.58,0.9009329187027986,True,True,127.567,-0.32913684573596613,False,-0.053166627716756176,-0.03355783308931182,-0.01960879462744436,0.04977798551063328,0.0066910688140557895,0.04308691669657749,0.030380930123860894,0.016032210834553418,0.014348719289307477,-0.09511568123393321,0.07442166910688153,-0.16953735034081474,,,,-0.12304276700163597
2022-09-23,OXY,58.73,0.2916208489113701,True,True,77.13,-0.23855827823155706,True,0.04631363868551008,-0.029270281288218514,0.0755839199737286,0.21334922526817657,0.0172306019839652,0.19611862328421137,0.06265962880980758,0.032803370023100964,0.029856258786706613,-0.00425676826153587,0.05989944285908422,-0.06415621112062009,0.07083262387195655,0.16977850251392868,-0.09894587864197213,-0.022135194959986282
2023-01-03,OXY,61.05,0.4337717238139971,True,True,77.13,-0.20847919097627376,False,0.050778050778050865,0.025628906044850464,0.0251491447332004,0.040131040131040185,0.07872485688776854,-0.03859381675672835,0.020802620802620853,0.06008087810514162,-0.03927825730252077,-0.06420966420966412,0.14534425712935262,-0.20955392133901674,-0.016380016380016404,0.2411375452969906,-0.257517561677007,-0.0907452907452907
2023-04-25,OXY,61.33,3.4217736121124727,True,True,77.13,-0.20484895630753275,False,-0.021033751834338754,0.011721828211189944,-0.0327555800455287,-0.026903636067177494,0.01972517730496448,-0.046628813372141975,-0.00962008804826342,0.11352442868400314,-0.12314451673226656,0.06587314527963484,0.07377856579984243,-0.007905420520207596,0.09880971791945226,0.24519799054373514,-0.1463882726242829,-0.0887004728517854
2024-08-05,OXY,56.18,1.1783637068631254,True,True,71.19,-0.2108442196937772,False,0.049839800640797405,0.03071243573388993,0.019127364906907474,-0.013883944464222142,0.06706869225714174,-0.08095263672136388,-0.10857956568173732,0.12445397966678251,-0.23303354534851983,-0.12780348878604486,0.16842552862499516,-0.29622901741104,-0.23317906728373095,0.21375004832038358,-0.4469291156041145,-0.11445354218583126
2025-01-10,PCG,17.17,0.4477234401349075,True,True,21.72,-0.2094843462246776,True,-0.00931857891671517,0.029440644972350993,-0.03875922388906616,-0.08852649970879445,0.04196454719288889,-0.13049104690168334,-0.07163657542224822,-0.14472256197350508,0.07308598655125687,-0.20559114735002915,0.06923461213802118,-0.2748257594880503,-0.07687827606290054,0.19566228531068597,-0.2725405613735865,-0.12696563774024472
2025-04-08,PCG,15.94,0.2991035044824777,True,True,21.72,-0.2661141804788213,False,0.0765370138017567,0.08284321624234603,-0.006306202440589326,0.0790464240903388,0.1302570093457942,-0.05121058525545541,-0.14429109159347542,0.2501611343860779,-0.3944522259795533,-0.05395232120451687,0.34180631646793413,-0.395758637672451,0.15370138017565882,0.3616057041572671,-0.2079043239816083,-0.1631116687578419
2022-08-17,PFE,49.27,0.4987163420005598,True,True,61.71,-0.20158807324582717,False,-0.03734524051146748,-0.030423063400914052,-0.006922177110553429,-0.06758676679521014,-0.08562053205203324,0.018033765256823098,-0.038360056829713884,-0.07490917613969295,0.03654911930997906,-0.10736756647046897,-0.037501464900972725,-0.06986610156949624,-0.2798863405723565,0.030446501816477234,-0.31033284238883374,-0.15871727217373655
2014-05-28,PLUG,4.36,0.5298245614035089,True,True,11.72,-0.6279863481228669,True,-0.002293577981651529,0.009457623576131224,-0.011751201557782753,0.03899082568807333,0.02194586686174116,0.01704495882633217,0.33256880733944927,0.04242867593269928,0.29014013140675,-0.14678899082568808,0.06719615424809278,-0.21398514507378086,-0.40825688073394495,0.10095098756400867,-0.5092078682979536,-0.07568807339449546
2014-08-21,PLUG,5.81,2.5864197530864192,True,True,11.72,-0.5042662116040957,False,-0.04475043029259895,0.0032080200501252154,-0.04795845034272417,-0.23752151462994842,0.006015037593984918,-0.24353655222393333,-0.3597246127366609,0.023759398496240758,-0.38348401123290166,-0.45783132530120485,0.04721804511278194,-0.5050493704139868,-0.6230636833046471,0.04421052631578948,-0.6672742096204366,-0.3803786574870912
2014-11-18,PLUG,4.04,0.6489795918367345,True,True,11.72,-0.6552901023890785,False,-0.00990099009900991,0.007589394307954356,-0.017490384406964266,-0.2722772277227723,-0.018292386280710393,-0.2539848414420619,-0.22277227722772275,0.02218438336171258,-0.24495666058943533,-0.35148514851485146,0.021746533690099712,-0.3732316822049512,-0.5247524752475248,0.0003405497445876371,-0.5250930249921124,-0.38613861386138615
2019-08-19,PLUG,2.23,0.35151515151515156,True,True,2.87,-0.22299651567944256,True,-0.0358744394618834,-0.014812027503164127,-0.021062411958719274,0.21973094170403606,0.02938459959634665,0.19034634210768941,0.37668161434977576,0.05702459549139682,0.31965701885837894,0.9641255605381165,0.14487052303903125,0.8192550374990852,4.112107623318386,0.15225943283275756,3.9598481904856286,-0.07623318385650224
2019-12-05,PLUG,3.09,1.1608391608391608,True,True,4.04,-0.23514851485148514,True,0.016181229773462924,0.016377155310557168,-0.00019592553709424365,0.2362459546925566,0.03724120248702012,0.19900475220553648,0.5404530744336569,0.0026921351195436927,0.5377609393141132,0.3624595469255665,-0.024677905262483146,0.3871374521880496,6.789644012944985,0.17553361963976677,6.614110393305218,-0.11003236245954684
2020-03-04,PLUG,4.76,3.4485981308411207,True,True,6.05,-0.21322314049586777,True,-0.20588235294117652,-0.12305823691107842,-0.0828241160300981,-0.3046218487394957,-0.21322636322955957,-0.09139548550993615,-0.11554621848739488,-0.02729655436936651,-0.08824966411802837,1.592436974789916,0.0960813143258965,1.4963556604640196,9.247899159663866,0.23550469858722756,9.012394461076639,-0.4684873949579832
2020-05-29,PLUG,4.21,1.2157894736842105,True,True,6.05,-0.3041322314049587,False,0.15914489311163904,0.04935594111461605,0.10978895199702299,0.6223277909738718,-0.01403128286014721,0.636359073834019,1.9311163895486936,0.12684016824395372,1.8042762213047399,4.458432304038005,0.1850026288117772,4.273429675226227,6.052256532066509,0.3770701892744479,5.6751863427920615,-0.02375296912114011
2020-09-24,PLUG,11.24,3.373540856031129,True,True,14.35,-0.2167247386759582,True,0.24555160142348753,0.04185471406491503,0.2036968873585725,0.33096085409252685,0.06525502318392595,0.2657058309086009,1.8140569395017794,0.14120556414219476,1.6728513753595846,2.2348754448398576,0.21013910355486876,2.0247363412849886,1.395017793594306,0.3535085007727976,1.0415092928215084,0.005338078291815096
2021-02-16,PLUG,59.0,32.146067415730336,True,True,75.49,-0.21843952841435943,True,-0.2105084745762712,-0.012235534030079043,-0.19827294054619216,-0.2766101694915254,0.009202141218455306,-0.2858123107099807,-0.6230508474576271,0.03341830231965326,-0.6564691497772803,-0.5610169491525424,0.12793780270201371,-0.6889547518545561,-0.6225423728813559,0.14534794799898032,-0.7678903208803363,-0.6869491525423729
2021-05-12,PLUG,22.24,10.009900990099009,True,True,75.49,-0.7053914425751755,False,0.23516187050359716,0.013443180977282143,0.22171868952631502,0.4159172661870505,0.044892824547988486,0.371024441639062,0.16456834532374098,0.09146296341974791,0.07310538190399307,0.872751798561151,0.13475247280530822,0.7379993257558428,-0.25224820143884896,-0.01785846427073834,-0.23438973716811062,-0.04226618705035956
2021-08-06,PLUG,25.9,12.147208121827411,True,True,75.49,-0.6569081997615578,False,-0.03513513513513511,0.0077515876064995215,-0.04288672274163463,0.019305019305019266,0.02393274424280767,-0.004627724937788402,0.6081081081081081,0.03966191326357671,0.5684461948445314,-0.2949806949806949,-0.02542430337408752,-0.2695563916066074,-0.06911196911196904,-0.06400144636036975,-0.005110522751599289,-0.10579150579150576
2021-11-01,PLUG,41.65,21.63586956521739,True,True,75.49,-0.44827129421115375,False,-0.01704681872749103,0.019324406573341335,-0.036371225300832366,-0.043217286914765785,-0.009738283627510724,-0.03347900328725506,-0.5615846338535413,-0.06260325189113991,-0.4989813819624014,-0.45378151260504196,-0.06853751847665424,-0.3852439941283877,-0.6136854741896758,-0.15437788018433185,-0.45930759400534393,-0.5656662665066026
2019-10-23,PYPL,96.64,1.4105762035420302,True,True,121.48,-0.20447810339150485,False,0.10202814569536423,0.014205682272909081,0.08782246342245514,0.0770902317880795,0.03631452581032413,0.04077570597775537,0.2018832781456954,0.10477524343070566,0.09710803471498974,0.12075745033112595,-0.06929438442043478,0.19005183475156073,1.089817880794702,0.14505802320928374,0.9447598575854184,0.0306291390728477
2020-03-12,PYPL,96.96,1.255408234473133,True,True,124.45,-0.2208919244676577,True,-0.03372524752475248,-0.030631574704768183,-0.0030936728199842944,0.09158415841584167,0.12127685300874602,-0.029692694592904356,0.6098391089108912,0.3026480190238199,0.30719108988707133,1.1548061056105614,0.42114384748700173,0.7336622581235597,1.4965965346534653,0.5701906412478335,0.9264058934056318,-0.15356848184818483
2021-03-04,PYPL,239.07,2.03119056675542,True,True,309.14,-0.22666105971404538,True,0.06173923955326899,0.04467746217148916,0.01706177738177983,0.03542895386288536,0.06347225909211573,-0.028043305229230375,0.08763123771280368,0.11505176533050188,-0.027420527617698198,0.16915547747521642,0.18919564640297337,-0.02004016892775695,-0.5544819508930439,0.14143881072471465,-0.6959207616177585,-0.06684234742962303
2021-10-21,PYPL,243.21,1.8687190375088463,True,True,310.16,-0.21585633221563072,False,-0.026232473993668015,0.010427919486761139,-0.036660393480429154,-0.1756095555281444,0.03558279503516393,-0.21119235056330832,-0.2826775214834917,0.00639343900879652,-0.2890709604922882,-0.5675753464084536,-0.022663638969113054,-0.5449117074393406,-0.652686978331483,-0.1875923190546528,-0.46509465927683025,-0.2845688910817812
2022-01-18,PYPL,174.46,0.9298672566371682,True,True,310.16,-0.4375161207118906,False,-0.09320188008712604,-0.04823763937873771,-0.04496424070838834,-0.3381864037601743,-0.022760630024754036,-0.31542577373542025,-0.39716840536512665,-0.02887248351552063,-0.368295921849606,-0.5905651725323856,-0.16574295165282926,-0.42482222087955634,-0.5404104092628683,-0.1286337050099674,-0.4117767042529009,-0.47122549581565976
2025-03-11,RBLX,54.75,0.29463230078032643,True,True,75.74,-0.27713229469236855,True,0.02246575342465751,0.009173981867894643,0.013291771556762866,-0.06447488584474892,-0.10692185926032516,0.04244697341557624,0.7205479452054795,0.06679018563822137,0.6537577595672581,1.34648401826484,0.15173046481508146,1.1947535534497586,0.07452054794520535,0.21812491005900125,-0.1436043621137959,-0.08493150684931505
2025-08-15,RBLX,117.34,1.4440741512184965,True,True,150.59,-0.22079819377116672,True,0.0015340037497868497,0.002906253885365917,-0.0013722501355790673,0.16967785921254475,0.02715093870446328,0.14252692050808147,-0.10209647179137549,0.059057565584980765,-0.16115403737635625,-0.4339526163286177,0.07332463011314183,-0.5072772464417595,-0.6741946480313619,0.20654606490115612,-0.880740712932518,-0.1426623487301859
2025-11-10,RBLX,105.36,1.4332563510392613,True,True,150.59,-0.3003519490005977,False,-0.03881928625664388,-0.023142169523362455,-0.015677116733281427,-0.06036446469248291,0.002347969006808892,-0.0627124336992918,-0.36958997722095666,0.01347147217656719,-0.38306144939752385,-0.5820045558086561,0.06211845503639335,-0.6441230108450494,,,,-0.42985952923310555
2026-02-06,RBLX,66.42,0.7369246861924685,True,True,150.59,-0.5589348562321536,False,-0.04893104486600419,-0.01284353189887344,-0.03608751296713075,-0.056760012044564934,-0.017882482407112432,-0.0388775296374525,-0.3369467028003613,0.0480003475138282,-0.3849470503141895,-0.46401686239084616,0.08168022935912655,-0.5456970917499727,,,,-0.3714242697982536
2014-10-13,RCL,55.35,1.3868046571798187,True,True,69.31,-0.20141393738277302,True,0.10623306233062313,0.015420735286270748,0.09081232704435238,0.22818428184281836,0.08841577290432734,0.13976850893849102,0.526829268292683,0.09866069046475645,0.4281685778279265,0.4583559168925022,0.1060242249613148,0.3523316919311874,0.6711833785004517,0.07427565231311029,0.5969077261873414,-0.05474254742547424
2015-04-30,RCL,68.06,1.457039711191336,True,True,85.56,-0.20453482935951384,False,0.00925653834851592,0.001966804183056725,0.007289734165459194,0.11636791066705854,0.012856183440468127,0.10351172722659041,0.2002644725242433,-0.008011129233426173,0.20827560175766946,0.3805465765501028,-0.025664396047203275,0.4062109725973061,0.14575374669409347,0.004269404202244864,0.1414843424918486,-0.03158977372906269
2016-01-19,RCL,81.08,1.2153005464480873,True,True,103.4,-0.2158607350096713,True,0.04242723236309809,0.011379347016909458,0.03104788534618863,-0.09595461272816974,0.02563011804743165,-0.12158473077560139,0.022446965959546317,0.10608316494735726,-0.08363619898781094,-0.14208189442525898,0.1347442305647133,-0.2768261249899723,0.04945732609768139,0.20732744868658948,-0.1578701225889081,-0.20806610754810073
2016-04-15,RCL,81.05,1.445684972842486,True,True,103.4,-0.21615087040618963,False,-0.08945095619987664,0.005727211473674165,-0.0951781676735508,-0.0667489204194941,-0.01453460390797967,-0.052214316511514425,-0.09944478716841454,0.03450765232457398,-0.13395243949298852,-0.07649599012954966,0.03778034459524493,-0.11427633472479459,0.16866132017273294,0.12633554721339868,0.04232577295933426,-0.19864281307834664
2018-04-30,RCL,108.19,0.5768838361754847,True,True,135.65,-0.20243273129377082,False,-0.028930585081800464,0.009111186722619236,-0.0380417718044197,-0.022275626213143496,0.01705039507012973,-0.03932602128327323,0.023846935946020942,0.07372122036974038,-0.04987428442371944,0.07801090673814581,0.044951041548523696,0.03305986518962212,0.13023384786024583,0.11099769384900382,0.019236154011242013,-0.06460855901654494
2019-08-14,RCL,104.19,0.4666385135135134,True,True,133.6,-0.22013473053892219,False,0.033400518283904335,0.03011623811201125,0.0032842801718930836,0.08714847874076215,0.06125396266290961,0.025894516077852536,0.10365678088108266,0.08552307150405092,0.018133709377031737,0.13504175064785495,0.1724550898203594,-0.037413339172504445,-0.43689413571360014,0.1722437477985208,-0.609137883512121,-0.04021499184182742
2023-10-03,RCL,86.78,0.3406457593078942,True,True,112.95,-0.2316954404603807,True,0.02938465084120767,0.03071704736829628,-0.0013323965270886085,-0.02362295459783359,-0.008040987689461265,-0.015581966908372324,0.4976953215026503,0.13069569961336858,0.3669996218892817,0.5772067296612122,0.230603192675348,0.3466035369858642,0.9961972804793731,0.3487511563367254,0.6474461241426477,-0.09714219866328655
2025-03-06,RCL,215.54,1.9257499660648838,True,True,277.08,-0.22210192002309803,True,-0.035445856917509455,-0.0371741369977826,0.001728280080273148,-0.12475642572144374,-0.06287649944998341,-0.06187992627146033,0.2152268720423125,0.03492168811440344,0.18030518392790906,0.6659088800222697,0.129070559270835,0.5368383207514347,0.313259719773592,0.18962476646121051,0.1236349533123815,-0.2390739537904797
2025-10-28,RCL,292.95,4.954268292682927,True,True,366.5,-0.20068212824010923,True,-0.12142003754906983,-0.01720373766483263,-0.1042162998842372,-0.0905956647892131,-0.017523942595988662,-0.07307172219322444,0.0006827103601296791,0.008252554362064624,-0.0075698440019349444,-0.09322409967571255,0.03514976857916352,-0.12837386825487607,,,,-0.16555726233145585
2026-01-26,RCL,293.15,3.8231326094109903,True,True,366.5,-0.20013642564802192,False,0.13951901756779828,0.003868751172895646,0.13565026639490263,0.0796520552618114,-0.007766373623200984,0.08741842888501239,-0.09384274262323045,0.026677060326534274,-0.12051980294976472,-0.023844448234692006,0.07125431264706306,-0.09509876088175506,,,,-0.12618113593723335
2026-04-22,RCL,265.64,3.2058264724509185,True,True,366.5,-0.27519781718963165,False,-0.043781057069718354,0.0005202401541035684,-0.04430129722382192,-0.0442327962656226,0.042237876295327714,-0.08647067256095031,0.0772474024996237,0.043418962050589816,0.03382844044903388,,,,,,,-0.1262611052552326
2026-07-20,RCL,286.16,1.8826432960612474,True,True,366.5,-0.21920873124147333,False,0.06597707576181144,-0.004042636337910466,0.07001971209972191,0.05461979312272858,0.041207939737767596,0.013411853384960981,,,,,,,,,,-0.08428850992451775
2021-02-25,ROKU,382.34,8.208574181117532,True,True,486.72,-0.2144559500328732,True,-0.05856044358424439,-0.014725498914550217,-0.043834944669694176,-0.16927342156196046,0.019276541207857045,-0.1885499627698175,-0.13519380655960667,0.08529280987628485,-0.2204866164358915,-0.06617147041899873,0.1614050689195199,-0.22757653933851862,-0.6809907412250876,0.12355818272173247,-0.8045489239468201,-0.2875189621802583
2021-05-21,ROKU,330.65,8.517846862406447,True,True,486.72,-0.32065664036817887,False,0.04857099652200203,0.0122909336289585,0.03628006289304353,0.15750793890821124,0.01426712295753596,0.14324081595067528,0.07981249054891904,0.07013062129464509,0.009681869254273945,-0.1695145924693784,0.11731816648190097,-0.28683275895127935,-0.713171026765462,-0.055622499638501965,-0.65754852712696,-0.021624073794041965
2021-08-17,ROKU,357.04,5.549990827371126,True,True,490.761,-0.27247682680571605,True,-0.000616177459108247,0.008850554004143696,-0.009466731463251943,-0.10729890208380011,0.008647869561300814,-0.11594677164510092,-0.230898498767645,0.044095126565174336,-0.27499362533281935,-0.563718350885055,0.00725159895504901,-0.570969949840104,-0.7636679363656733,-0.03418610935951716,-0.7294818270061562,-0.2389844275151244
2021-11-10,ROKU,274.6,5.0034980323567995,True,True,490.761,-0.4404608353149496,False,-0.10739257101238164,0.009749363703032587,-0.11714193471541423,-0.1438820101966497,0.005888443121522036,-0.14977045331817174,-0.4327385287691188,-0.035287519951684554,-0.3974510088174342,-0.5993809176984706,-0.07454380742849753,-0.524837110269973,-0.8137654770575382,-0.17604935076139938,-0.6377161262961388,-0.49210123816460316
2018-07-31,SHOP,13.821,2.6247049567269864,True,True,17.6599,-0.21737948686006148,True,0.025106721655451913,0.015106814061778051,0.009999907593673862,0.049128138340206906,0.030533537127217292,0.018594601212989614,-0.11533174155270964,-0.0569082572068389,-0.058423484345870746,0.13305838940742354,-0.06369743717342613,0.19675582658084967,1.2740756819332901,0.06892261756655893,1.2051530643667312,-0.11692352217639823
2018-10-24,SHOP,12.227,2.8619709412507897,True,True,17.6599,-0.30764047361536584,False,0.12987650282162422,0.0200135685210312,0.10986293430059302,0.0845669420135764,-0.001130710085934017,0.08569765209951041,0.2807720618303753,-0.007198854213779415,0.2879709160441547,0.8051852457675635,0.09309513040856321,0.7120901153590002,1.4301954690439191,0.13025780189959302,1.2999376671443261,-0.037867015621166344
2019-09-18,SHOP,32.585,6.801053387598756,True,True,40.961,-0.20448719513683744,True,-0.03452508823078104,-0.011557622052474348,-0.022967466178306695,-0.006782261776891341,-0.008967120557954344,0.002184858781063004,0.14178302900107398,0.053238126868150104,0.08854490213292388,0.29602577873254576,-0.08880770508136837,0.38483348381391413,1.8522019334049404,0.1297575556293591,1.7224443777755813,-0.1343256099432255
2020-02-25,SHOP,46.646,6.335430099072181,True,True,59.389,-0.21456835440906563,True,0.02246709256956647,-0.03969294738525497,0.062160039954821444,-0.07816318655404542,-0.22229329921637608,0.14413011266233067,0.6678814903743084,-0.05027986566448095,0.7181613560387894,1.1178664837285086,0.07737086198624654,1.040495621742262,1.9612399777044116,0.23790180713257647,1.7233381705718351,-0.34549586245337216
2020-09-08,SHOP,91.74,7.323353293413174,True,True,114.691,-0.20011160422352237,True,0.013069544364508356,0.02088772845953013,-0.007818184095021774,0.1350010900370613,0.0051619099066655405,0.12983918013039575,0.1766296054065839,0.1007772875964108,0.0758523178101731,0.42692391541312413,0.16004921821073803,0.2668746972023861,0.694190102463484,0.3597431049488311,0.3344469975146529,-0.0850228907782864
2021-03-04,SHOP,114.944,7.405411334552102,True,True,149.975,-0.23357892982163686,True,-0.00626391982182628,0.04467746217148916,-0.05094138199331544,0.00519383351893099,0.06347225909211573,-0.058278425573184744,0.08128305957683746,0.11505176533050188,-0.03376870575366442,0.3384865673719375,0.18919564640297337,0.14929092096896412,-0.41411469933184863,0.14143881072471465,-0.5555535100565633,-0.12553939309576845
2021-06-03,SHOP,119.9,6.950928381962865,True,True,149.975,-0.2005334222370394,False,0.02677231025854865,0.011557656947728034,0.015214653310820614,0.21601334445371156,0.02784344628316271,0.18816989817054885,0.27724770642201824,0.07517252907323835,0.2020751773487799,0.33028356964136774,0.11653174773742148,0.21375182190394626,-0.6871392827356131,-0.01394560259808486,-0.6731936801375282,-0.013761467889908285
2021-10-04,SHOP,131.49,7.396551724137932,True,True,165.0,-0.203090909090909,True,0.03202524906837012,0.014114408361328934,0.017910840707041187,0.16177656095520554,0.07325494587532666,0.08852161507987888,0.058696478819681985,0.11394176931690936,-0.05524529049722737,-0.48320784850558984,0.0561076894363568,-0.5393155379419466,-0.7951174994296144,-0.16671332586786114,-0.6284041735617533,-0.03271047227926083
2021-12-29,SHOP,139.208,9.430690843698486,True,True,176.2918,-0.2103546506417201,True,-0.14515688753519906,-0.019058389880204474,-0.1260984976549946,-0.41399919544853747,-0.09684175253413763,-0.31715744291439985,-0.511859950577553,-0.05191840495937006,-0.4599415456181829,-0.7568099534509511,-0.21590433107145857,-0.5409056223794926,-0.7601430952244124,-0.20122308787802634,-0.558920007346386,-0.6336273777369117
2025-03-04,SHOP,101.73,0.5027697762020831,True,True,129.38,-0.21371154737981135,True,-0.08630689078934439,-0.03629996879658848,-0.050006921992755915,-0.040204462793669515,-0.027545678327497103,-0.012658784466172412,0.05868475375995286,0.022865166591547137,0.03581958716840572,0.38140174972967644,0.11373643518358012,0.2676653145460963,0.19797503194731148,0.17936761085878716,0.018607421088524312,-0.31347685048658214
2025-11-17,SHOP,139.93,2.8326485894275546,True,True,182.19,-0.23195565069433,True,0.10991209890659603,0.004596872324124757,0.10531522658247128,0.16586864861001915,0.019829645319753064,0.1460390032902661,-0.19459729864932473,0.024156113389517397,-0.21875341203884213,-0.2865003930536697,0.10892784713146142,-0.3954282401851311,,,,-0.25019652683484606
2026-02-13,SHOP,112.7,1.2630522088353415,True,True,182.19,-0.3814150063120918,False,0.04063886424134866,0.0009387605427209067,0.03970010369862775,0.12315882874889073,-0.018657865786578687,0.1418166945354694,-0.1141082519964507,0.08277227722772262,-0.19688052922417332,0.3448979591836734,0.13422808947561427,0.21066986970805912,,,,-0.1254214729370009
2026-05-28,SHOP,115.03,0.853528843055108,True,True,182.19,-0.3686261595038147,False,0.00878031817786673,0.0032997614630267957,0.005480556714839935,0.015908893332174268,-0.033938510469122773,0.04984740380129704,0.3022689733113102,0.011754571958653592,0.2905144013526566,,,,,,,-0.09493175693297407
2023-03-15,SLB,45.32,1.8044554455445545,True,True,59.45,-0.2376787216148024,True,0.04589585172109434,0.007269831483764921,0.03862602023732942,0.1449691085613416,0.062140361693382884,0.08282874686795871,0.04876434245366279,0.10434648581997541,-0.05558214336631262,0.3459841129744041,0.14627003699136876,0.19971407598303537,0.15997352162400702,0.3254469790382246,-0.1654734574142176,-0.05714916151809368
2023-06-09,SLB,47.53,1.1115059973345178,True,True,59.45,-0.20050462573591255,False,0.005259835893120179,0.022237729704582376,-0.016977893811462197,0.1792552072375342,0.029216096766689903,0.15003911047084428,0.2833999579213129,0.03796231681786466,0.24543764110344823,0.09488743951188727,0.061642242381949375,0.0332451971299379,-0.06269724384599207,0.24217259827866955,-0.3048698421246616,-0.037450031559015384
2023-12-06,SLB,49.13,1.2260987766198461,True,True,62.12,-0.20911139729555694,False,0.0012212497455728055,0.03461166329492471,-0.033390413549351905,0.05556686342356998,0.028938341102999532,0.026628522320570447,0.010787706085894522,0.11526959275222093,-0.1044818866663264,-0.07205373498880518,0.14919957779927873,-0.2212533127880839,-0.13006309790352133,0.3362213035447268,-0.4662844014482481,-0.04518624058620002
2024-03-05,SLB,49.66,0.7504406062742333,True,True,62.12,-0.20057952350289765,False,0.03846153846153855,0.01892819117473077,0.01953334728680778,0.10471204188481686,0.024113726881974662,0.0805983150028422,-0.08195730970600068,0.0304231239402184,-0.11238043364621908,-0.08175594039468381,0.10570211759138748,-0.1874580579860713,-0.2060008054772452,0.1496115777436018,-0.355612383220847,-0.08558195730970597
2020-08-03,SNAP,21.22,0.6198473282442747,True,True,26.76,-0.20702541106128558,True,0.03770028275212067,0.02062106511755224,0.017079217634568433,0.0645617342130067,0.06241065725843242,0.0021510769545742825,0.9575871819038644,0.028680920952583788,0.9289062609512806,1.5282752120640906,0.16910489978405652,1.359170312280034,2.507068803016023,0.3337084461206239,2.173360356895399,-0.025447690857681393
2021-03-04,SNAP,57.71,2.2043309272626317,True,True,73.59,-0.2157901888843593,True,0.03309651706809902,0.04467746217148916,-0.011580945103390139,-0.05579622249176919,0.06347225909211573,-0.11926848158388492,0.07641656558655341,0.11505176533050188,-0.03863519974394847,0.29319008837289884,0.18919564640297337,0.10399444196992547,-0.34430774562467503,0.14143881072471465,-0.4857465563493897,-0.1696413099982672
2021-10-22,SNAP,55.14,7.06140350877193,True,True,83.34,-0.3383729301655868,True,-0.046427276024664565,0.013528425141242861,-0.05995570116590743,-0.06927820094305404,0.034803142655367214,-0.10408134359842125,-0.36434530286543354,-0.003023481638418035,-0.3613218212270155,-0.39807762060210383,-0.03383209745762705,-0.3642455231444768,-0.804316285817918,-0.19356903248587565,-0.6107472533320424,-0.3696046427276025
2022-01-19,SNAP,35.05,4.671521035598706,True,True,83.34,-0.5794336453083754,False,-0.18316690442225392,-0.040664084117321586,-0.14250282030493233,0.14151212553495007,-0.011400110680686137,0.1529122362156362,-0.05306704707560628,-0.030902047592694992,-0.022164999482911285,-0.6054208273894437,-0.16141671278361924,-0.44400411460582445,-0.7315263908701855,-0.13339236303265078,-0.5981340278375347,-0.3061340941512125
2025-02-27,SOFI,14.07,0.3713450292397662,True,True,18.42,-0.23615635179153105,True,-0.11513859275053306,-0.021092214340654558,-0.0940463784098785,-0.13290689410092404,-0.030715323476625755,-0.10219157062429829,-0.06965174129353235,-0.010152978377916289,-0.059498762915616066,0.6005685856432124,0.0906931031535767,0.5098754824896357,0.3574982231698651,0.17818989829929066,0.17930832487057446,-0.38877043354655294
2025-05-23,SOFI,13.09,0.8105117565698476,True,True,18.42,-0.2893593919652553,False,0.044308632543926585,0.02348431213413682,0.020824320409789765,0.21084797555385792,0.04778021446702696,0.16306776108683096,0.7203972498090145,0.10188047175838788,0.6185167780506267,1.168831168831169,0.16047037695774535,1.0083607918734236,0.19327731092436973,0.2875619485071921,-0.09428463758282235,-0.017570664629488197
2025-11-20,SOFI,24.91,3.258119658119658,True,True,32.73,-0.23892453406660552,True,0.19309514251304694,0.04729284477342044,0.1458022977396265,0.09353673223604964,0.04300185432087433,0.0505348779151753,-0.22521075873143315,0.04896326605673318,-0.2741740247881663,-0.37334403853873954,0.13277550457450227,-0.5061195431132418,,,,-0.23845845042151748
2026-02-19,SOFI,19.3,1.8550295857988166,True,True,32.73,-0.4103269172013443,False,-0.01036269430051806,0.007041841982234676,-0.017404536282752736,-0.11502590673575142,-0.03605656848994865,-0.07896933824580277,-0.1911917098445597,0.07990007012622713,-0.2710917799707868,-0.07046632124352326,0.1285793595137914,-0.19904568075731466,,,,-0.22642487046632132
2026-05-15,SOFI,15.61,1.848540145985401,True,True,32.73,-0.5230675221509318,False,0.0006406149903908087,0.008753060865565487,-0.008112445875174679,0.09737347853939782,0.021185924753439833,0.07618755378595798,0.14926329276105066,0.045077587023282906,0.10418570573776775,,,,,,,-0.04676489429852648
2018-10-08,TDOC,71.0,3.3746149106592727,True,True,89.046,-0.20265929968780183,True,-0.06521126760563378,-0.046626363699534434,-0.018584903906099348,-0.10788732394366196,-0.050135501355013545,-0.057751822588648416,-0.303661971830986,-0.1230977694392329,-0.18056420239175308,-0.2180281690140845,-0.006427628378847805,-0.2116005406352367,-0.04394366197183108,0.018275310958237867,-0.06221897293006895,-0.4073239436619719
2019-01-04,TDOC,49.44,1.7481934408004447,True,True,89.046,-0.4447813489657032,False,0.12196601941747565,0.02611038472205718,0.09585563469541847,0.3029935275080906,0.07753872974365073,0.22545479776443988,0.12297734627831725,0.1330480605412261,-0.010070714262908842,0.2706310679611652,0.15495859582392346,0.11567247213724174,0.6840614886731393,0.2871746107215025,0.3968868779516368,-0.020024271844660047
2019-04-02,TDOC,55.52,4.783333333333334,True,True,89.046,-0.3765020326572782,False,0.0073847262247837,0.004685806203447829,0.002698920021335871,0.04466858789625361,0.020421722558310318,0.02424686533794329,0.13148414985590762,0.019337692764975323,0.1121464570909323,0.3004322766570604,0.04280169248522547,0.25763058417183493,1.945965417867435,-0.08504388572227872,2.031009303589714,-0.12518011527377526
2019-06-27,TDOC,62.82,3.8027522935779814,True,True,89.046,-0.294521932484334,False,0.08691499522445079,0.023876500857632932,0.06303849436681785,0.10681311684177008,0.03605488850771876,0.07075822833405132,0.14931550461636434,0.02301886792452823,0.1262966366918361,0.26185928048392215,0.09629502572898807,0.16556425475493408,2.1361031518624642,0.043190394511149144,2.092912757351315,-0.13115249920407512
2020-03-12,TDOC,118.8,4.657142857142857,True,True,153.75,-0.2273170731707317,True,0.17533670033670035,-0.030631574704768183,0.20596827504146853,0.23451178451178456,0.12127685300874602,0.11323493150303854,0.4002525252525253,0.3026480190238199,0.09760450622870542,0.8872053872053871,0.42114384748700173,0.4660615397183854,0.5526094276094276,0.5701906412478335,-0.017581213638405924,-0.1413299663299663
2020-08-05,TDOC,202.01,5.678016528925619,True,True,253.0,-0.20154150197628462,True,-0.08375822979060432,0.016048899461021948,-0.09980712925162627,0.1046482847383794,0.07705278371623847,0.027595501022140922,0.07860996980347501,-0.006413537683297665,0.08502350748677268,0.3560714816098214,0.12736743849929244,0.22870404311052894,-0.2504826493737934,0.32832495257595373,-0.5788076019497471,-0.10400475223998806
2020-10-30,TDOC,196.46,5.139375,True,True,253.0,-0.22347826086956524,False,0.04927211646136609,0.07233417039260126,-0.02306205393123517,0.011758118701007847,0.10877687266491076,-0.09701875396390292,0.3378804845770129,0.15645862681447897,0.18142185776253394,-0.03257660592487022,0.2788938568016168,-0.31147046272648704,-0.24065967626997864,0.4035646475163839,-0.6442243237863625,-0.14231904713427668
2021-02-25,TDOC,219.55,4.7852437417654805,True,True,308.0,-0.2871753246753246,True,-0.10735595536324305,-0.014725498914550217,-0.09263045644869283,-0.1976315190161695,0.019276541207857045,-0.21690806022402653,-0.35996356183101796,0.08529280987628485,-0.4452563717073028,-0.3671601002049647,0.1614050689195199,-0.5285651691244846,-0.7025734456843544,0.12355818272173247,-0.8261316284060869,-0.40906399453427467
2021-05-21,TDOC,140.52,1.8160320641282568,True,True,308.0,-0.5437662337662337,False,0.07159123256475941,0.0122909336289585,0.05930029893580091,0.10582123541132926,0.01426712295753596,0.0915541124537933,-0.011243951038998112,0.07013062129464509,-0.0813745723336432,-0.02476515798462864,0.11731816648190097,-0.1420833244665296,-0.7803159692570453,-0.055622499638501965,-0.7246934696185433,-0.05173640762880738
2020-02-28,TGT,103.0,0.5393812584068152,True,True,130.24,-0.20915233415233425,True,0.02864077669902909,0.004050496185782793,0.0245902805132463,-0.08019417475728163,-0.1446027138324445,0.06440853907516286,0.11766990291262136,0.009518666036589352,0.10815123687603201,0.49728155339805835,0.13829069060959975,0.3589908627884586,0.7968932038834953,0.2905218389252684,0.5063713649582269,-0.12456310679611649
2022-01-25,TGT,214.68,1.9656029838375466,True,True,268.98,-0.20187374525987067,True,0.02119433575554308,0.042534582364720075,-0.021340246609176994,-0.11542761319172723,-0.028816719221120057,-0.08661089397060717,0.1559996273523383,0.008262941054618222,0.14773668629772008,-0.28563443264393507,-0.0971298363523374,-0.18850459629159766,-0.23816843674305943,-0.07887771307570146,-0.15929072366735797,-0.14291037823737662
2022-05-11,TGT,213.49,1.9783761160714284,True,True,268.98,-0.2062978660123429,False,-0.2430090402360766,-0.0022660725652450253,-0.2407429676708316,-0.2760785048480022,0.02212603437301075,-0.298204539221013,-0.2179024778678159,0.05153405474220252,-0.26943653261001843,-0.22905054100894662,-0.020954805856142622,-0.208095735152804,-0.26118319359220576,0.05117759388924248,-0.31236078748144824,-0.35753431074055
2019-09-09,TWLO,111.88,0.8905035484961135,True,True,151.0,-0.25907284768211924,True,-0.010993922059349237,0.0065727699530517825,-0.01756669201240102,0.00920629245620308,-0.01716968477531855,0.02637597723152163,-0.11262066499821233,0.03806170355466132,-0.15068236855287365,-0.003575259206292425,0.03651911468812874,-0.040094373894421165,1.2201465856274578,0.15824949698189128,1.0618970886455665,-0.1972649267071862
2019-12-03,TWLO,99.28,1.9268867924528301,True,True,151.0,-0.3425165562913908,False,-0.019339242546333568,0.012857373606848466,-0.032196616153182034,0.038980660757453656,0.049491196898723944,-0.010510536141270288,0.12288477034649481,-0.0014860281053142854,0.1243707984518091,0.9374496373892023,-0.019447585204328988,0.9568972225935313,2.224113618049959,0.1696333387174931,2.0544802793324664,-0.04250604351329568
2020-09-08,TWLO,226.16,6.568942436412316,True,True,288.811,-0.21692733310019352,True,0.0007516802263884959,0.02088772845953013,-0.020136048233141635,0.302219667492041,0.0051619099066655405,0.29705775758537545,0.4164308454191721,0.1007772875964108,0.3156535578227613,0.744870887866997,0.16004921821073803,0.5848216696562589,0.6237619384506545,0.3597431049488311,0.2640188335018234,-0.043906968517863465
2021-03-03,TWLO,364.52,9.426773455377573,True,True,457.3,-0.20288650776295658,True,-0.032234170964556164,0.021393739185150196,-0.05362791014970636,-0.06518160869088119,0.039090766084631134,-0.10427237477551232,-0.07086030944804123,0.09928687536049496,-0.1701471848085362,-0.04224733896631183,0.17261811126841797,-0.2148654502347298,-0.5204652693953692,0.14474857112893913,-0.6652138405243083,-0.24393723252496424
2021-05-27,TWLO,338.69,5.3603755868544605,True,True,457.3,-0.25937021648808223,False,-0.08497446042103396,0.007894297502921699,-0.09286875792395566,0.13286486167291622,0.017458083903741928,0.1154067777691743,0.03079512238330029,0.06670800639175734,-0.03591288400845705,-0.08249431633647286,0.11922535715137483,-0.2017196734878477,-0.7278632377690513,-0.06057859715232905,-0.6672846406167222,-0.1009477693466001
2021-08-23,TWLO,349.12,3.6064124554690586,True,True,457.3,-0.2365624316641155,False,0.050297891842346454,0.011112104815990786,0.03918578702635567,-0.014379010082493093,-0.030474444394759215,0.01609543431226612,-0.1099049037580202,0.04923310825917815,-0.15913801201719835,-0.45325389550870765,-0.015203684657693506,-0.43805021085101414,-0.7821952337305225,-0.056164199794303094,-0.7260310339362194,-0.20371219065077906
2021-11-16,TWLO,310.75,2.701167222486899,True,True,457.3,-0.3204679641373278,False,-0.114625905068383,-0.002322707125809731,-0.11230319794257326,-0.1577473853580048,0.0028128196385954762,-0.1605602049966003,-0.3857441673370877,-0.06141322877599731,-0.3243309385610904,-0.685374094931617,-0.14956955335833622,-0.5358045415732808,-0.8299597747385358,-0.15802932151380833,-0.6719304532247274,-0.4445374094931617
2025-11-17,TWLO,120.22,1.3707355551173337,True,True,151.95,-0.2088186903586705,False,0.03468640825153879,0.004596872324124757,0.030089535927414035,0.14373648311429044,0.019829645319753064,0.12390683779453737,-0.06005656296789219,0.024156113389517397,-0.08421267635740959,0.6035601397438031,0.10892784713146142,0.49463229261234165,,,,-0.12660123107636
2026-02-13,TWLO,113.0,0.8094475580464371,True,True,147.42,-0.23348256681590007,False,-0.03982300884955747,0.0009387605427209067,-0.04076176939227838,0.11787610619469024,-0.018657865786578687,0.13653397198126893,0.7060176991150442,0.08277227722772262,0.6232454218873216,1.135221238938053,0.13422808947561427,1.0009931494624387,,,,-0.06548672566371683
2026-06-17,TWLO,188.11,1.8441185364378594,True,True,238.48,-0.21121268030862117,True,0.014725426612088643,-0.008988339451522442,0.023713766063611086,0.09925043857317517,0.0031445692075144915,0.09610586936566068,,,,,,,,,,-0.04736590292913734
2024-05-14,UBER,65.32,0.4909837936544166,True,True,82.14,-0.20477233990747512,True,-0.02066748315982847,0.015402254920695801,-0.03606973808052427,0.11987140232700577,0.034511752340913526,0.08535964998609225,0.04929577464788748,0.01851710300019116,0.03077867164769632,0.12140232700551135,0.08887827250143321,0.03252405450407814,0.3841090018371096,0.12285495891458065,0.26125404292252896,-0.16044090630740948
2024-11-18,UBER,69.33,0.5897729878468241,True,True,87.0,-0.20310344827586213,True,0.058993220827924464,0.015948312505313256,0.04304490832261121,-0.11971729410067788,0.02744197908696755,-0.14715927318764543,0.17539304774267994,0.03968375414435088,0.13570929359832906,0.30405307947497473,-0.0009521380600185925,0.3050052175349933,0.3105437761430838,0.12229873331633101,0.1882450428267528,-0.1442377037357565
2025-03-13,UBER,69.51,1.2612231620039038,True,True,87.0,-0.20103448275862068,False,0.0696302690260393,0.025515940662290237,0.04411432836374907,0.020572579484966047,-0.04867433172536351,0.06924691121032955,0.2533448424687095,0.08751949512168578,0.1658253473470237,0.32326283987915394,0.17717891987958367,0.14608391999957027,0.04977701050208583,0.20789960465706714,-0.1581225941549813,-0.12775140267587404
2025-12-16,UBER,80.92,2.047834274952919,True,True,101.99,-0.2065888812628689,False,0.0006178942165100398,0.013389897918600013,-0.012772003702089973,0.04275827978250124,0.01969449231811682,0.023063787464384422,-0.0773603559070688,-0.014494674974590227,-0.06286568093247857,-0.15212555610479483,0.0685845596358654,-0.22071011574066024,,,,-0.1470588235294118
2026-03-16,UBER,74.66,1.3100247524752473,True,True,101.99,-0.26796744778899895,False,0.006161264398607091,-0.02040267252589567,0.026563936924502762,-0.023439592820787558,0.03801025365080801,-0.06144984647159557,-0.08103402089472267,0.08430115241468994,-0.1653351733094126,0.014733458344495132,0.15120398188422057,-0.13647052353972544,,,,-0.08304312885079024
2023-12-19,UPST,47.31,0.6053613844587717,True,True,72.58,-0.3481675392670157,False,-0.008243500317057673,0.0035169741386573694,-0.011760474455715042,-0.30902557598816327,0.015984331564316445,-0.3250099075524797,-0.48974846755442825,0.08006907589925039,-0.5698175434536786,-0.4719932361023039,0.14008929323561636,-0.6120825293379203,0.7541745931092789,0.2726181450593883,0.4815564480498906,-0.517860917353625
2025-05-16,UPST,48.08,0.7171428571428571,True,True,96.429,-0.5013948086156654,False,-0.05865224625623966,-0.025395489734096333,-0.03325675652214333,0.1451747088186357,0.014271289128239495,0.1309034196903962,0.38997504159733776,0.08530797711208327,0.3046670644852545,-0.21537021630615638,0.1280881857960281,-0.3434584021021845,-0.3862312811980033,0.24397509256142702,-0.6302063737594303,-0.09983361064891838
2025-08-13,UPST,66.83,1.0709637434149362,True,True,96.429,-0.30695122836491096,False,-0.04414185246146929,-0.010513420893485614,-0.033628431567983674,-0.0694298967529553,0.01975530710663831,-0.08918520385959361,-0.43550800538680234,0.039417575090325396,-0.47492558047712774,-0.4325901541224001,0.06404192963141009,-0.4966320837538102,-0.5645668113122848,0.19786320147622072,-0.7624300127885055,-0.4361813556785874
2025-11-07,UPST,38.6,0.8893783651492904,True,True,96.429,-0.5997054827904469,False,0.0031088082901553626,0.0014307644156965615,0.001678043874458801,0.21528497409326408,0.018868205731999987,0.1964167683612641,-0.10310880829015556,0.00991102433789881,-0.11301983262805437,-0.16891191709844566,0.07010745636913707,-0.23901937346758273,,,,-0.11321243523316071
2015-11-13,VFC,58.4275,0.5855366170696035,True,True,73.2863,-0.2027500365006829,False,0.04319027855034019,0.033425496198281834,0.009764782352058354,0.006123828676565024,0.001777426681149441,0.004346401995415583,-0.08444824782850546,-0.09716599190283393,0.012717744074328463,0.04093449146377992,0.016539942727362478,0.024394548736417443,-0.09218433100851475,0.07099832131924555,-0.1631826523277603,-0.1585811475760558
2020-02-25,VFC,77.24,0.5332515493304428,True,True,100.25,-0.22952618453865337,True,-0.07418436043500765,-0.03969294738525497,-0.03449141304975267,-0.321206628689798,-0.22229329921637608,-0.09891332947342191,-0.27524598653547383,-0.05027986566448095,-0.22496612087099288,-0.16830657690315898,0.07737086198624654,-0.24567743888940552,0.046219575349560005,0.23790180713257647,-0.19168223178301647,-0.4164940445365095
2017-10-10,W,65.95,1.469112691875702,True,True,84.19,-0.2166528091222235,True,0.02744503411675514,0.0033383080669231457,0.024106726049831995,-0.08627748294162252,0.015906056083575537,-0.10218353902519806,0.22441243366186492,0.07383551959783219,0.15057691406403273,0.021228203184230354,0.03511114602152232,-0.013882942837291967,0.9578468536770279,0.13039038567276728,0.8274564680042606,-0.16103108415466272
2018-02-22,W,73.95,2.0270159639787146,True,True,100.14,-0.2615338526063511,True,0.072075726842461,-0.009985207100591698,0.0820609339430527,-0.06328600405679519,-0.024889053254437687,-0.0383969508023575,0.1591615956727519,0.003439349112426049,0.15572224656032585,0.6530087897227856,0.04992603550295849,0.6030827542198272,0.5859364435429344,0.02596153846153859,0.5599749050813958,-0.18147396889790401
2018-10-10,W,119.59,2.0609163040696186,True,True,151.199,-0.2090556154471922,True,0.04281294422610582,0.0077254761049225795,0.03508746812118324,-0.18111882264403378,0.009737693136902648,-0.19085651578093643,-0.19090224935195244,-0.07736255839022643,-0.113539690961726,0.2963458483150765,0.031908012935680796,0.2644378353793957,-0.12501045237896147,0.04660438375853393,-0.1716148361374954,-0.3594782172422444
2019-01-08,W,96.76,1.2523277467411544,True,True,151.199,-0.36004867757061887,False,-0.02986771393137666,0.01394243875842216,-0.04381015268979882,0.23656469615543618,0.062195739377653325,0.17436895677778286,0.6022116577097973,0.11843283872726573,0.4837788189825316,0.4789169078131459,0.15145850371928193,0.32745840409386395,-0.021599834642414217,0.26042762004907116,-0.2820274546914854,-0.04371641174038865
2019-05-13,W,137.78,2.560206718346253,True,True,173.718,-0.20687551088545797,True,0.10857889388880837,0.011001922666096897,0.09757697122271147,0.14167513427202794,0.02862636188848522,0.11304877238354272,-0.10857889388880826,0.025315103610339618,-0.13389399749914788,-0.4031789809841777,0.08000427259132659,-0.4831832535755043,0.3648570184351867,0.041230506302072145,0.32362651213311455,-0.13412686892146908
2019-08-07,W,122.82,1.5829652996845427,True,True,173.718,-0.29299209062964116,False,-0.08760788145253207,-0.014133416675348287,-0.07347446477718378,-0.02621722846441943,0.034204951904712066,-0.060422180369131495,-0.33048363458720076,0.05333888946765275,-0.3838225240548535,-0.1538837322911577,0.13421536965656133,-0.28809910194771904,1.3680996580361509,0.14616105844358773,1.2219385995925631,-0.3384627910763719
2019-10-31,W,82.23,1.4641893916691644,True,True,173.718,-0.5266466342002556,False,0.019336008755928447,0.015989186694359336,0.0033468220615691102,0.03271312173172802,0.03619819998021967,-0.0034850782484916465,0.2637723458591754,0.07678106352817071,0.1869912823310047,0.4886294539705702,-0.06712161672106276,0.555751070691633,2.438404475252341,0.07691293310915515,2.3614915421431855,-0.044022862702176924
2020-09-03,W,275.7,2.8048578526083356,True,True,349.082,-0.2102142190087143,True,-0.08494740660137823,-0.032803497495584644,-0.052143909105793584,0.10758070366340244,-0.03344045861200384,0.1410211622754063,-0.0774029742473702,0.04826428095775803,-0.12566725520512823,0.0481682988755896,0.10124786473262115,-0.05307956585703155,0.012223431265868667,0.3080865109007209,-0.29586307963485226,-0.19807762060210365
2020-11-30,W,254.36,2.6300842015127737,True,True,349.082,-0.27134598747572203,False,-0.06942915552759876,0.019416671269955277,-0.08884582679755404,-0.0825601509671332,0.025962547644036826,-0.10852269861117003,0.1361063060229597,0.05054410871126325,0.08556219731169645,0.23313414058814286,0.15773628680329232,0.07539785378485053,0.08672747287309335,0.2676628183174061,-0.18093534544431278,-0.12612439062745717
2021-02-26,W,288.98,2.8525529929342754,True,True,369.0,-0.21685636856368562,True,0.02311578655962343,0.008597118519297453,0.014518668040325977,0.18928645581009063,0.04106635818698079,0.14822009762310984,0.08540383417537556,0.10203491429172362,-0.016631080116348063,-0.02934459132119871,0.15464296981806713,-0.18398756113926584,-0.5801785590698318,0.1093437795772425,-0.6895223386470744,-0.08699563983666703
2021-07-13,W,288.73,1.46419732013314,True,True,369.0,-0.21753387533875335,False,0.0313095279326705,-0.010399687779792832,0.04170921571246333,-0.012191320610951517,0.016276774030625107,-0.028468094641576625,-0.16641845322619753,-0.001584058403544586,-0.16483439482265294,-0.3420496657777162,0.09038315847471257,-0.4324328242524288,-0.8267585633636962,-0.11790904290732096,-0.7088495204563753,-0.188930835036193
2021-10-06,W,240.68,0.8073139596005108,True,True,369.0,-0.347750677506775,False,-0.021688549110852606,0.0006438261669350354,-0.02233237527778764,0.11725112182150554,0.06856748677856994,0.0486836350429356,-0.2106946983546618,0.09211312945504724,-0.30280782780970905,-0.4618580688050523,0.0612784548171994,-0.5231365236222517,-0.8445238490942331,-0.13090365601287646,-0.7136201930813566,-0.23657969087585173
2026-02-18,W,91.48,0.753834355828221,True,True,119.98,-0.23753958993165525,True,-0.1719501530389157,0.00999577438109256,-0.18194592742000826,-0.16090948841276775,-0.03622375380669984,-0.12468573460606791,-0.3232400524704854,0.09016596482536543,-0.4134060172958508,0.12811543506777445,0.12279065701088454,0.005324778056889912,,,,-0.3609532138172278
2026-05-21,W,66.34,0.864006743467266,True,True,119.98,-0.4470745124187364,False,0.08923726258667464,0.01852649719948296,0.07071076538719168,0.28188121796804344,0.002248492029297555,0.2796327259387459,0.5328610189930658,0.03329653166738478,0.49956448732568104,,,,,,,-0.019143804642749673
2014-05-14,WBD,36.9647,0.6485833173520767,True,True,46.3771,-0.2029536128822198,False,0.027096121434774245,0.0003702528297895302,0.026725868604984715,0.08515421469672413,0.023696181106527048,0.06145803359019708,0.14379394395193246,0.022109383264572235,0.12168456068736022,-0.035025307928915894,0.0672273352374908,-0.1022526431664067,-0.13376816259837077,0.11065270284565742,-0.2444208654440282,-0.01078055550295276
2021-03-24,WBD,61.94,1.8782527881040894,True,True,78.14,-0.2073201945226517,True,-0.2983532450758798,0.02273431048720065,-0.32108755556308044,-0.38311268969970935,0.06386767134599514,-0.4469803610457045,-0.5305134000645786,0.07070602807597037,-0.601219428140549,-0.5760413303196641,0.1461860033030553,-0.7222273336227194,-0.5778172424927349,0.14675371593724207,-0.724570958429977,-0.5335808847271553
2014-06-16,WYNN,199.12,0.5342887964247187,True,True,249.31,-0.20131563114195172,False,0.010245078344716774,0.008183643007874775,0.002061435336841999,0.017024909602249894,0.015132019146636422,0.0018928904556134718,-0.0845721173161913,0.0297493437644758,-0.1143214610806671,-0.18179991964644449,0.06881465850018009,-0.2506145781466246,-0.4837786259541984,0.08090997992691329,-0.5646886058811117,-0.09285857774206518
2018-07-02,WYNN,154.14,0.49548850295915403,True,True,203.63,-0.24303884496390515,False,0.07292072142208395,0.025895681600823783,0.04702503982126016,0.08200337355650711,0.03483410578974455,0.04716926776676256,-0.14577656675749318,0.06628411682483626,-0.21206068358232943,-0.3939924743739457,-0.11461781799455606,-0.27937465637938963,-0.14850136239782008,0.08754505995733108,-0.23604642235515116,-0.17633320358116
2018-09-26,WYNN,131.67,1.2612055641421946,True,True,203.63,-0.3533860433138536,False,-0.03440419229892899,0.006347454118945883,-0.040751646417874876,-0.24493050808840278,-0.08472471367462397,-0.1602057944137788,-0.2905749221538695,-0.1696564095487788,-0.12091851260509068,-0.07997265892002725,-0.017765972126397078,-0.06220668679363017,-0.15698336750968322,0.026700703739478415,-0.18368407124916164,-0.2974861395914027
2023-10-02,WYNN,92.63,0.30501549732318955,True,True,117.86,-0.21406753775666043,False,0.0047500809672891275,0.011654302497016156,-0.006904221529727028,-0.04912015545719528,-0.02742739463153221,-0.02169276082566307,-0.021591277124041852,0.11513889213919626,-0.1367301692632381,0.07319442945050203,0.21637686925183108,-0.14318243980132905,0.03508582532656801,0.3427254218249045,-0.3076395964983365,-0.11853611141098985
2021-03-18,ZS,178.21,4.40030303030303,True,True,230.881,-0.22813050879024255,True,-0.030076875596206754,-0.004546847859405401,-0.025530027736801353,0.08013018349138656,0.06585266169408399,0.014277521797302573,0.18640929240783355,0.08628793297231008,0.10012135943552347,0.5748835643342125,0.15180852150812307,0.42307504282608943,0.10324897592727678,0.08861244508020838,0.014636530847068396,-0.11884854946411538
2021-12-06,ZS,274.36,6.3732867508734214,True,True,376.11,-0.2705325569647178,True,0.1245808426884385,0.016957649469256042,0.10762319321918246,0.02631578947368407,0.04089016761481279,-0.014574378141128719,-0.11783787724158046,-0.05030624032781894,-0.06753163691376152,-0.416824610001458,-0.0948800104623031,-0.3219445995391549,-0.5298512902755503,-0.11308005841452518,-0.41677123186102516,-0.2491616853768771
2022-03-03,ZS,242.03,3.2070224230836084,True,True,376.11,-0.3564914519688389,False,-0.13890839978515057,-0.023478919464781534,-0.11542948032036904,-0.003098789406271951,0.03656101535424949,-0.039659804760521444,-0.33892492666198404,-0.04693488788414313,-0.2919900387778409,-0.31558071313473535,-0.05058410410594194,-0.2649966090287934,-0.4458125025823245,-0.08698446214225053,-0.358828040440074,-0.4830392926496715
2022-05-27,ZS,160.0,1.1920811070009592,True,True,376.11,-0.57459253941666,False,-0.008937500000000043,-0.008356210566873745,-0.0005812894331262974,-0.031750000000000056,-0.08334537398256514,0.051595373982565085,0.03531250000000008,-0.003828926455714421,0.0391414264557145,-0.14531249999999996,-0.05061888937051484,-0.09469361062948511,-0.18362499999999993,0.011462698068679833,-0.19508769806867976,-0.16678125
2025-11-26,ZS,251.97,0.8538110653325488,True,True,336.99,-0.2522923528888098,True,-0.04016351152915032,0.006929731638418035,-0.047093243167568355,-0.08512918204548159,0.015639712806026385,-0.10076889485150797,-0.38206929396356715,0.019818149717514055,-0.4018874436810812,-0.32130809223320245,0.09274952919020718,-0.4140576214234096,,,,-0.4381870857641783
