,ticker,close,ret3y,sma200_rising,strong,hi252,dd,fresh,r5,spy5,x5,r20,spy20,x20,r60,spy60,x60,r120,spy120,x120,r250,spy250,x250,worst60
2014-12-17,AA,36.1651,0.6834444299625748,True,True,42.6533,-0.1521148422279167,True,0.04784170374200536,0.029634768819069457,0.018206934922935902,0.015282689664897875,-0.0007929035135536555,0.01607559317845153,-0.13222416086226785,0.030576341741414437,-0.16280050260368228,-0.1966758007028877,0.048763566083552146,-0.24543936678643985,-0.3940179897193703,0.016056296149462357,-0.41007428586883266,-0.13554780714003278
2018-02-22,AA,48.01,0.2881501455574784,True,True,57.5,-0.16504347826086962,True,-0.06123724224119975,-0.009985207100591698,-0.051252035140608054,-0.06436159133513841,-0.024889053254437687,-0.039472538080700725,0.05873776296604882,0.003439349112426049,0.055298413853622774,-0.08081649656321588,0.04992603550295849,-0.13074253206617437,-0.383878358675276,0.02596153846153859,-0.40983989713681457,-0.09006456988127465
2018-05-18,AA,50.83,0.6171829265188729,True,True,62.35,-0.18476343223736968,True,-0.0570529215030493,0.0030221501492646574,-0.06007507165231396,-0.09935077710013762,0.019275421073968957,-0.11862619817410658,-0.131811922093252,0.046327350458850836,-0.17813927255210282,-0.2754278969112729,0.03567611395717396,-0.31110401086844686,-0.5180011804052724,0.053477315446135654,-0.5714784958514081,-0.21247294904583902
2022-03-14,AA,73.5,1.6353531731803512,True,True,92.32,-0.20385615251299816,True,0.23387755102040808,0.06568345323740998,0.1681940977829981,0.12285714285714278,0.05496402877697837,0.06789311408016441,-0.15265306122448974,-0.0138609112709831,-0.13879214995350664,-0.3299319727891157,-0.05937649880095919,-0.2705554739881565,-0.3917006802721088,-0.0758752997601918,-0.315825380511917,-0.27428571428571424
2022-06-08,AA,62.28,1.8860055607043562,True,True,98.09,-0.3650728922418187,True,-0.17935131663455361,-0.07786586255532324,-0.10148545407923037,-0.2801862556197817,-0.05483682700257775,-0.22534942861720397,-0.20921644187540145,-0.04615534263897669,-0.16306109923642476,-0.2341040462427746,-0.038884295510918765,-0.19521975073185582,-0.4324020552344252,0.03727931520840433,-0.46968137044282954,-0.36472382787411695
2026-04-30,AA,63.79,0.7843356643356643,True,True,75.7,-0.15733157199471604,True,-0.018027904060197497,0.01797790332006799,-0.03600580738026549,0.21711867063803103,0.05262572009016786,0.16449295054786317,-0.3045931964257721,0.03089082459020953,-0.3354840210159816,,,,,,,-0.32998902649318074
2026-08-21,AA,51.85,0.7690208120095532,True,True,84.38,-0.3855178952358378,True,-0.02950819672131144,0.004740636263908415,-0.03424883298521986,,,,,,,,,,,,,-0.05988428158148518
2013-02-25,AAL,13.02,0.8363892806770099,True,True,15.64,-0.1675191815856778,True,0.06758832565284179,0.02630872483221469,0.041279600820627094,0.2749615975422428,0.03993288590604016,0.23502871163620265,0.3786482334869432,0.12194630872483203,0.2567019247621112,0.20737327188940102,0.11664429530201348,0.09072897658738754,1.7780337941628268,0.23416107382550333,1.5438727203373235,-0.02457757296466978
2013-06-06,AAL,16.64,0.9371362048894063,True,True,19.7,-0.15532994923857857,True,0.022235576923076872,0.009094819639894336,0.013140757283182536,0.012019230769230616,0.0017820930375469501,0.010237137731683665,-0.028846153846153855,0.005653536532907344,-0.0344996903790612,0.45673076923076916,0.10999815645547839,0.34673261277529077,1.5733173076923075,0.18718122042647334,1.3861360872658341,-0.08173076923076927
2014-04-11,AAL,33.68,3.241813602015113,True,True,39.88,-0.15546639919759286,True,0.05908551068883616,0.030466640956421154,0.02861886973241501,0.16953681710213786,0.04561732135970464,0.12391949574243322,0.24673396674584325,0.08600077130736605,0.1607331954384772,0.007422802850356236,0.07090518428736714,-0.0634823814370109,0.4171615201900236,0.15718142251115652,0.2599800976788671,-0.05403800475059384
2014-08-04,AAL,38.14,5.399328859060403,True,True,44.88,-0.15017825311942967,True,-0.004457262716308419,-0.00046418072102727415,-0.003993081995281145,0.06187729417933929,0.03465882717004498,0.02721846700929431,0.05506030414263252,0.0233121873227089,0.03174811681992362,0.4538542212899843,0.05962143483418436,0.39423278645579996,0.051389617199790294,0.08566713084738775,-0.03427751364759746,-0.26324069218668067
2015-02-03,AAL,47.5,4.627962085308058,True,True,56.2,-0.15480427046263345,True,0.011578947368420911,0.009617262253466041,0.0019616851149548697,0.030526315789473735,0.026313220074204224,0.00421309571526951,0.01663157894736833,0.017672329623120486,-0.0010407506757521556,-0.1549473684210526,0.0095196250732279,-0.1644669934942805,-0.17094736842105263,-0.05462800234329235,-0.11631936607776028,-0.032631578947368345
2017-09-21,AAL,46.29,0.3010118043844856,True,True,54.48,-0.15033039647577084,True,0.025923525599481634,0.0038493925177434107,0.022074133081738223,0.11276733635774461,0.025662616784955405,0.0871047195727892,0.10304601425793924,0.06864749989975549,0.03439851435818375,0.19183408943616342,0.10269056497854767,0.08914352445761575,-0.10131777921797358,0.16772925939291894,-0.2690470386108925,-0.022034996759559222
2023-08-02,AAL,15.95,0.42665474060822905,True,True,19.08,-0.16404612159329135,True,-0.011912225705329127,-0.00973052229355964,-0.0021817034117694867,-0.07398119122257052,0.001954990780441257,-0.07593618200301178,-0.30094043887147326,-0.08348699264656878,-0.21745344622490448,-0.12664576802507832,0.07833292604358744,-0.20497869406866576,-0.33291536050156734,0.22366871792593246,-0.5565840784274998,-0.31410658307210026
2025-02-21,AFRM,68.55,0.5301339285714286,True,True,82.527,-0.16936275400777934,True,-0.06418672501823475,-0.009600960096009747,-0.054585764922225,-0.2720641867250182,-0.059939327266059994,-0.2121248594589582,-0.24566010211524425,-0.008484181751508557,-0.2371759203637357,0.12355944566010213,0.0750241690835749,0.04853527657652723,-0.25470459518599553,0.14916491649164887,-0.4038695116776444,-0.5492195477753464
2025-09-02,AFRM,82.22,1.6327249439641371,True,True,100.0,-0.17779999999999996,True,0.07540744344441741,0.015712121448763883,0.05969532199565353,-0.11116516662612508,0.04046730285660738,-0.15163246948273246,-0.16285575285818532,0.054273978165461534,-0.21712973102364685,-0.41778156166382874,0.07353147890733602,-0.49131304057116476,-0.09450255412308439,0.1980102144407827,-0.2925127685638671,-0.2667234249574313
2021-05-28,AMC,261.2,0.8076124567474048,True,True,367.2,-0.28867102396514166,True,1.105666156202144,0.005118560137129746,1.1005475960650142,1.2247320061255746,0.01768879154366254,1.207043214581912,0.694486983154671,0.06649366726978378,0.6279933158848872,0.6129402756508424,0.11451290353299681,0.4984273721178456,-0.545176110260337,-0.05397105037615468,-0.4912050598841823,0.09226646248085757
2021-08-24,AMC,442.6,1.3294736842105266,True,True,726.2,-0.3905260258881851,True,0.06484410302756438,0.008013929504207873,0.05683017352335651,-0.09444193402620882,-0.022568475567560364,-0.07187345845864845,-0.04812471757794856,0.04502533651807039,-0.09315005409601895,-0.5989606868504294,-0.019979016451994625,-0.5789816703984347,-0.763669227293267,-0.07728196084559236,-0.6863872664476747,-0.2376863985539992
2022-06-16,APA,41.76,0.4581005586592177,True,True,51.95,-0.19615014436958622,True,-0.12715517241379304,0.06390290467748527,-0.1910580770912783,-0.2145593869731801,0.04172916950770489,-0.256288556480885,-0.06345785440613028,0.07213964271103235,-0.13559749711716262,0.045498084291187624,0.07230328651302353,-0.02680520222183591,-0.16977969348658994,0.20714577935360712,-0.37692547284019706,-0.2780172413793104
2014-02-04,BA,122.04,0.7362355953905249,True,True,144.57,-0.15584146088400075,True,0.06653556211078326,0.03757340783397001,0.028962154276813257,0.055309734513274256,0.07047152061120943,-0.01516178609793517,0.05260570304818102,0.07377843662694583,-0.021172733578764813,0.00835791543756148,0.12777239295284804,-0.11941447751528655,0.19845952146837087,0.15126289982325103,0.04719662164511984,-0.026794493608652936
2018-11-19,BA,320.94,1.1644186673860264,True,True,394.28,-0.18600994217307487,True,-0.009067115348663335,-0.002601263470828896,-0.006465851877834439,-0.004331027606406135,-0.06629505759940557,0.061964029992999436,0.29700255499470307,0.03251579338535859,0.2644867616093445,0.0769614258116782,0.05930880713489395,0.01765261867678425,0.15118090608836532,0.15949461166852452,-0.008313705580159203,-0.08870816975135531
2019-03-12,BA,375.41,2.055591730424874,True,True,446.01,-0.15829241496827418,True,-0.005274233504701575,0.010411821532076093,-0.01568605503677767,-0.016968114861085182,0.027979534151490126,-0.04494764901257531,-0.06598119389467527,0.018998890836881444,-0.08498008473155672,-0.03015369862283912,0.046370174245947915,-0.07652387286878704,-0.3948749367358355,-0.01881999355969799,-0.3760549431761375,-0.11917636717189206
2023-09-27,BA,195.46,0.338308798356727,True,True,243.1,-0.19596873714520768,True,-0.044663869845492754,-0.0032625278723154016,-0.04140134197317735,-0.09070909649033054,-0.019950710010562145,-0.0707583864797684,0.3405300317200448,0.10949419082267342,0.2310358408973714,-0.03929192673692827,0.22164065250557452,-0.2609325792425028,-0.22122173334697637,0.33796502757892255,-0.5591867609258989,-0.09828097820525938
2015-04-24,BBY,35.39,0.6483465300419191,True,True,42.0,-0.1573809523809524,True,-0.005933879627013305,-0.004394046775336724,-0.0015398328516765813,-0.029951963831590933,0.006331207181667908,-0.03628317101325884,-0.07516247527550168,0.00047247814788553555,-0.07563495342338722,-0.01582367900536885,-0.05839829907866767,0.04257462007329882,-0.07148912122068385,-0.012662414363335706,-0.05882670685734814,-0.08646510313647926
2017-09-19,BBY,52.76,0.5091533180778032,True,True,63.32,-0.1667719519898927,True,0.03563305534495842,-0.0035604272512701485,0.03919348259622857,0.03582259287338885,0.022002640316838074,0.013819952556550774,0.22043214556482194,0.06712805536664401,0.15330409019817792,0.3555724033358605,0.107012841540985,0.24855956179487548,0.46019711902956795,0.15749889986798404,0.3026982191615839,-0.013457164518574705
2018-03-23,BBY,66.68,0.6323133414932682,True,True,78.59,-0.15154599821860282,True,0.033593281343731185,-0.002247626428986571,0.035840907772717756,0.10227954409118167,0.03301685719821723,0.06926268689296444,0.14592081583683236,0.06762255376864945,0.07829826206818291,0.17816436712657469,0.12702964541755457,0.051134721709020114,0.05143971205758846,0.08215462119744221,-0.030714909139853752,0.010647870425914752
2018-10-08,BBY,71.38,0.9141861088763743,True,True,84.37,-0.1539646793884083,True,0.022555337629588168,-0.046626363699534434,0.0691817013291226,-0.003922667413841396,-0.050135501355013545,0.04621283394117215,-0.2609974782852339,-0.1230977694392329,-0.137899708846001,0.0009806668534604324,-0.006427628378847805,0.007408295232308237,-0.06388344073970298,0.018275310958237867,-0.08215875169794085,-0.33146539646959927
2020-02-28,BBY,75.65,0.6392199349945831,True,True,91.99,-0.177628003043809,True,-0.024190350297422558,0.004050496185782793,-0.02824084648320535,-0.17422339722405822,-0.1446027138324445,-0.029620683391613722,0.05049570389953728,0.009518666036589352,0.04097703786294793,0.47997356245869116,0.13829069060959975,0.3416828718490914,0.3607402511566422,0.2905218389252684,0.07021841223137382,-0.3640449438202248
2020-12-04,BBY,105.57,0.6877697841726618,True,True,124.89,-0.15469613259668513,True,-0.04707776830538979,-0.009598485872651108,-0.03747928243273868,-0.04328881310978494,0.0040016222793022305,-0.04729043538908717,-0.06943260395945816,0.0185210220359604,-0.08795362599541856,0.10107037984275835,0.1357036636474247,-0.03463328380466635,-0.015629440181869736,0.23671758821143696,-0.2523470283933067,-0.09131382021407586
2021-11-24,BBY,116.69,0.8655475619504398,True,True,141.97,-0.17806578854687616,True,-0.10943525580598168,-0.025647580095432887,-0.08378767571054879,-0.15948238923643843,0.002471029311520212,-0.16195341854795864,-0.22401234038906503,-0.08493098159509205,-0.139081358793973,-0.3519581797926129,-0.16526073619631898,-0.18669744359629392,-0.31545119547519074,-0.14813394683026593,-0.1673172486449248,-0.2335247236267033
2013-06-19,BIIB,203.8,3.1583350336665994,True,True,242.64,-0.16007253544345523,True,0.022718351324828134,-0.02025084123585197,0.0429691925606801,0.09479882237487725,0.033159987763842214,0.06163883461103503,0.1516683022571148,0.035974304068522533,0.11569399818859227,0.4042198233562315,0.10981951667176526,0.29440030668446626,0.49553483807654564,0.1919853166105845,0.30354952146596115,-0.04484789008832191
2014-03-28,BIIB,294.12,3.130898876404494,True,True,358.89,-0.18047312547019978,True,-0.01988984088127299,0.004905924847700582,-0.024795765728973573,-0.03739970080239363,0.007493665426707485,-0.04489336622910112,0.06837345301237585,0.04965227235969594,0.018721180652679914,0.12195702434380529,0.08803709094829903,0.03391993339550625,0.4583503331973344,0.10663647635991169,0.35171385683742273,-0.07513939888480903
2015-04-24,BIIB,401.71,2.1573528255914485,True,True,480.18,-0.1634178849598068,True,-0.038560155335938706,-0.004394046775336724,-0.03416610856060198,-0.007542754723556699,0.006331207181667908,-0.013873961905224608,0.019392098777725186,0.00047247814788553555,0.01891962062983965,-0.360757760573548,-0.05839829907866767,-0.30235946149488035,-0.30397550471733326,-0.012662414363335706,-0.29131309035399755,-0.08172562296183805
2020-03-18,BIIB,298.68,0.07069113851448239,True,True,374.99,-0.20349875996693245,True,-0.045868488013927955,0.028291666666666604,-0.07416015468059456,0.1327842507030934,0.16291666666666682,-0.03013241596357341,-0.06498593812776221,0.26754166666666657,-0.3325276047944288,-0.09970537029596904,0.3883749999999999,-0.48808037029596896,-0.1297709923664122,0.6496250000000001,-0.7793959923664123,-0.12197000133922598
2016-02-19,CCL,46.39,0.27061079156395507,True,True,55.77,-0.16819078357539896,True,0.04203492131924991,0.016093750000000018,0.02594117131924989,0.06984263849967665,0.06447916666666664,0.005363471833010003,0.07760293166630738,0.0769791666666666,0.0006237649996407857,-0.020478551411942325,0.13354166666666667,-0.154020218078609,0.21750377236473373,0.22354166666666653,-0.0060378943019328,-0.014011640439749895
2025-10-10,CCL,27.69,2.72678331090175,True,True,32.8,-0.15579268292682913,True,0.02239075478512098,0.017411411595356974,0.004979343189764007,-0.034669555796316365,0.027487672659336715,-0.06215722845565308,0.15962441314553977,0.05598603411840375,0.10363837902713602,-0.062116287468400255,0.009050258797586475,-0.07116654626598673,,,,-0.11159263271939324
2026-03-03,CCL,28.53,1.6940509915014164,True,True,34.03,-0.16162209814869233,True,-0.08131791097090779,-0.0046301059779814135,-0.07668780499292638,-0.09288468279004569,-0.04408154866020908,-0.04880313412983661,-0.020679985979670468,0.10916760983640295,-0.1298475958160734,-0.09884332281808628,0.1222054003204327,-0.22104872313851898,,,,-0.17805818436733267
2025-06-11,CHWY,40.76,0.46829971181556185,True,True,48.62,-0.16166186754422052,True,0.019381746810598566,-0.006518557935346503,0.02590030474594507,-0.06795878312070647,0.03701609684714646,-0.10497487996785293,0.021099116781158056,0.07893774112012775,-0.05783862433896969,-0.17885181550539742,0.13331448716243166,-0.3121663026678291,-0.5098135426889107,0.20631568444858317,-0.7161292271374938,-0.16621687929342488
2014-02-10,CI,76.74,0.8137556133301818,True,True,90.63,-0.15326050976497851,True,0.011076361740943508,0.023498694516971286,-0.012422332776027778,0.041959864477456366,0.04010888283984215,0.001850981637614213,0.11245764920510837,0.04371979334481413,0.06873785586029424,0.18269481365650253,0.0693850341647686,0.11330977949173393,0.4555642428980977,0.14188100661074388,0.31368323628735384,-0.042611415168100075
2015-07-30,CI,143.9,2.628340897629854,True,True,170.68,-0.1569018045465198,True,0.020152883947185618,-0.011716155962432362,0.03186903990961798,-0.03891591382904791,-0.05478607342756847,0.01587015959852056,-0.07894371091035446,-0.015700597666255534,-0.06324311324409893,-0.026198749131341237,-0.11445783132530118,0.08825908219395995,-0.04009728978457272,0.027037282990228784,-0.0671345727748015,-0.13710910354412786
2018-02-08,CI,189.27,0.7048279589263198,True,True,227.13,-0.16668868049134855,True,0.014106831510540374,0.059775647246050445,-0.04566881573551007,-0.08405980873883867,0.08244381477312435,-0.16650362351196302,-0.0881280710096688,0.03605946512440328,-0.12418753613407207,-0.033497120515665446,0.09016807048868536,-0.1236651910043508,-0.01748824430707452,0.04855800954857736,-0.06604625385565188,-0.1386907592328419
2019-02-04,CI,192.07,0.4561789234268383,True,True,226.61,-0.1524204580556905,True,-0.047795074712344454,-0.004927195175761012,-0.04286787953658344,-0.11433331597854934,0.02595969995587577,-0.1402930159344251,-0.1565575050762742,0.0729886748051185,-0.2295461798813927,-0.12896339876086838,0.11049419032210617,-0.23945758908297454,0.0016139948976936491,0.18300485365494934,-0.1813908587572557,-0.26094652991097
2020-03-09,CI,181.6,0.19599578503688075,True,True,224.64,-0.19159544159544162,True,-0.17020925110132157,-0.12536921562192327,-0.0448400354793983,-0.04465859030836994,-0.03416839878933742,-0.010490191519032521,0.10881057268722483,0.1383874849578821,-0.029576912270657285,-0.024889867841409563,0.27021113663712937,-0.29510100447853893,0.2699339207048459,0.3989352003792437,-0.12900127967439778,-0.34746696035242286
2023-02-06,CI,288.44,0.3969391708640062,True,True,340.11,-0.15192143718208817,True,0.03508528636804886,0.007320108337603326,0.027765178030445536,-0.023297739564554054,-0.02820681746089848,0.004909077896344427,-0.1471363195118569,-0.0044164653636873386,-0.14271985414816957,0.02308972403272791,0.117024131957153,-0.09393440792442509,0.11381916516433233,0.2018397872288511,-0.08802062206451877,-0.15004853695742615
2024-10-28,CI,314.92,0.4605324181430295,True,True,370.83,-0.15076989456084988,True,-0.008256065032389293,-0.018972849198560793,0.0107167841661715,0.05744316016766149,0.028751958404352296,0.028691201763309193,-0.029213768576146326,0.0319198388512989,-0.061133607427445225,0.0691286675981202,-0.07818122342165534,0.14730989101977554,-0.020671916677251323,0.18289344558648812,-0.20356536226373945,-0.1679474152165631
2025-01-28,COIN,281.82,0.4680418815439913,True,True,349.75,-0.1942244460328807,True,-0.0050741608118657355,-0.004532521670085332,-0.0005416391417804034,-0.2443403590944574,-0.016508965791040886,-0.2278313933034165,-0.2765949897097437,-0.0956626745186262,-0.18093231519111752,0.435100418706976,0.04026334943426191,0.3948370692727141,-0.2518983748491944,0.1504830278568121,-0.40238140270600653,-0.4940742317791498
2025-07-29,COIN,371.44,4.244846088675516,True,True,444.65,-0.16464635106263348,True,-0.19774391557182858,-0.011475616283096679,-0.1862682992887319,-0.16950247684686615,0.015584170260995567,-0.1850866471078617,-0.13759961231962092,0.05122312124169626,-0.18882273356131718,-0.38689963385741977,0.06661839246922518,-0.45351802632664495,-0.5479754469093259,0.1662311494506188,-0.7142065963599447,-0.21532414387249632
2016-09-01,CPB,56.91,0.3312280701754384,True,True,67.89,-0.16173221387538672,True,-0.0344403444034439,-0.018906113436680583,-0.015534230966763318,-0.03883324547531175,-0.005014030084180443,-0.03381921539113131,0.008082937972236914,0.014214085284511624,-0.0061311473122747095,0.038657529432437165,0.08901053406320458,-0.05035300463076742,-0.11702688455455978,0.13165278991673945,-0.24867967447129924,-0.07590933052187654
2024-04-04,CRWD,77.2975,0.653157247500401,True,True,91.25,-0.1529041095890411,True,0.027846954946796565,0.009608825306488322,0.018238129640308243,-0.018273553478443616,-0.01567037636190005,-0.0026031771165435647,0.2683139816941038,0.06289590114409327,0.20541808055001054,-0.0734823247841132,0.11103748026585047,-0.18451980504996368,0.12354862705779612,0.04605609371040997,0.07749253334738615,-0.09156182282738767
2025-02-25,CRWD,94.9375,1.235796290844863,True,True,113.8975,-0.1664654623674795,True,0.027412771560237026,-0.029247442110931554,0.05666021367116858,0.013693219223173125,-0.03160339256865907,0.0452966117918322,0.14480579328505594,-0.019150511577813667,0.1639563048628696,0.12268597761685318,0.08255923532579423,0.04012674229105895,-0.07768268597761685,0.15668753365643506,-0.2343702196340519,-0.21527320605661615
2025-08-07,CRWD,106.25,1.2589560965238653,True,True,129.495,-0.1795050001930577,True,-0.00032941176470580036,0.02008699090549637,-0.02041640267020217,-0.017341176470588193,0.02370897587979437,-0.04105015235038256,0.2776705882352941,0.07878212732305245,0.19888846091224166,0.046164705882352886,0.09773032819296157,-0.05156562231060868,0.9519058823529412,0.21559509687623568,0.7363107854767055,-0.05256470588235285
2025-12-17,CRWD,117.505,2.965075080141724,True,True,141.725,-0.1708943376256835,True,0.015084464490872751,0.02826928805481077,-0.01318482356393802,-0.03433896429939154,0.03017575215966639,-0.06451471645905793,-0.07833709203863659,-0.0009085492999701961,-0.0774285427386664,0.4712778179651931,0.09883824843610367,0.3724395695290894,,,,-0.2708395387430321
2026-06-08,CRWD,164.6975,3.181466201205966,True,True,196.415,-0.16148206603365323,True,0.05179192155315038,0.02111685289900156,0.030675068654148818,0.16043048619438682,0.00836016341549195,0.15207032277889487,0.23511285842225904,0.03509104190903911,0.20002181651321993,,,,,,,-0.06231120690963732
2018-12-21,CSCO,41.85,0.570945945945946,True,True,49.47,-0.15403274711946624,True,0.03536439665471924,0.03830494391358541,-0.0029405472588661663,0.08626045400238946,0.09434981304528467,-0.008089359042895206,0.28888888888888875,0.18292480265891164,0.1059640862299771,0.3237753882915173,0.2022019110926465,0.1215734771988708,0.1440860215053763,0.3331948483589531,-0.18910882685357677,-0.03823178016726403
2019-08-15,CSCO,46.25,0.4982183349530287,True,True,58.26,-0.20614486783384822,True,0.04172972972972966,0.02708589495872138,0.01464383477100828,0.0817297297297297,0.05775513788863518,0.023974591841094517,0.05578378378378379,0.0853328649218339,-0.029549081138050104,0.05275675675675662,0.1733005445283684,-0.12054378777161179,0.040000000000000036,0.18545582294045326,-0.14545582294045323,-0.015135135135135203
2026-07-16,CSCO,109.66,1.1039907904834996,True,True,130.37,-0.15885556493058228,True,0.02826919569578701,-0.016703964194373477,0.044973159890160486,0.03474375341966085,0.03617860187553279,-0.0014348484558719399,,,,,,,,,,-0.018785336494619775
2020-04-30,CVNA,16.022,6.217117117117116,True,True,23.046,-0.304781740866094,True,0.21919860192235685,-0.009639217846323378,0.22883781976868023,0.16065410061165908,0.04764527678325514,0.11300882382840394,0.8827861690176011,0.11270999724593778,0.7700761717716633,1.4963175633503938,0.18211236573946565,1.3142051976109281,2.6635875670952442,0.43693197466262723,2.226655592432617,-0.10672824865809505
2020-08-10,CVNA,38.024,8.886635465418617,True,True,45.09,-0.1567088046129963,True,0.025667999158426325,0.006973209762493715,0.01869478939593261,-0.04796970334525552,-0.007032809845933796,-0.040936893499321725,0.004628655585945829,0.001370801919122533,0.003257853666823296,0.3898590363980643,0.12116696963375762,0.2686920667643067,0.8180622764569743,0.31862204607086464,0.49944023038610963,-0.16763096991373871
2020-11-03,CVNA,38.2,12.633119200571022,True,True,48.43,-0.21123270699979346,True,0.007801047120418625,0.05359640508287966,-0.045795357962461036,0.18036649214659684,0.09153944588280827,0.08882704626378857,0.38345549738219886,0.11963217569859852,0.26382332168360034,0.5365968586387433,0.2421509984227599,0.2944458602159834,0.5807329842931936,0.3690444305567957,0.21168855373639794,-0.04680628272251319
2021-02-25,CVNA,52.732,11.332086061739945,True,True,62.913,-0.16182664950010328,True,0.024008192368959902,-0.014725498914550217,0.03873369128351012,-0.02768717287415612,0.019276541207857045,-0.046963714082013164,-0.06538724114389749,0.08529280987628485,-0.15068005102018234,0.33615262079951447,0.1614050689195199,0.17474755187999458,-0.5477129636653265,0.12355818272173247,-0.671271146387059,-0.16786770841234921
2021-05-21,CVNA,49.284,8.222305389221557,True,True,64.678,-0.2380098333281796,True,0.07576495414333251,0.0122909336289585,0.06347402051437401,0.20010551091632167,0.01426712295753596,0.1858383879587857,0.42963233503774045,0.07013062129464509,0.35950171374309536,0.16573330086843607,0.11731816648190097,0.04841513438653511,-0.8577631685739794,-0.055622499638501965,-0.8021406689354774,0.0049914779644508744
2021-09-02,CVNA,64.004,3.943157244362064,True,True,75.366,-0.15075763606931503,True,0.030310605587150707,-0.017100995167589783,0.04741160075474049,-0.05371539278795079,-0.041814691409784,-0.01190070137816679,-0.08765077182676095,0.025177078046735524,-0.11282784987349648,-0.6061183676020249,-0.0549217767382334,-0.5511965908637915,-0.8969126929566902,-0.1280037070544363,-0.7689089859022539,-0.13964752202987318
2025-02-20,CVNA,49.544,0.7615018132688613,True,True,58.568,-0.1540773118426445,True,-0.098942354270951,-0.04149873849077634,-0.05744361578017465,-0.25149362183109947,-0.07354434942167176,-0.1779492724094277,0.2106006781850478,-0.02650807693567936,0.23710875512072715,0.41236072985628947,0.05653854975588968,0.3558221801003998,0.34341191668012305,0.12139978374127591,0.22201213293884714,-0.4015420636202164
2025-06-13,CVNA,59.406,10.786904761904761,True,True,70.286,-0.15479611871496457,True,0.07760158906507764,0.0052763819095476006,0.07232520715553004,0.17297916035417304,0.04211055276381903,0.130868607590354,0.22923610409722928,0.09247906197654943,0.13675704212067985,0.3427936572063428,0.14638190954773878,0.19641174765860403,0.07901558765107897,0.24246231155778886,-0.1634467239067099,-0.044978621688044895
2025-10-10,CVNA,65.848,14.277958236658934,True,True,82.667,-0.2034548247789324,True,0.01388045194994536,0.017411411595356974,-0.0035309596454116132,-0.07669177499696267,0.027487672659336715,-0.10417944765629938,0.3691532013121128,0.05598603411840375,0.3131671671937091,-0.037632122463856166,0.009050258797586475,-0.04668238126144264,,,,-0.13429413194022588
2026-01-28,CVNA,82.008,56.108635097493035,True,True,97.378,-0.1578385261558053,True,-0.041459369817578695,-0.013272554715135998,-0.028186815102442697,-0.13691347185640423,-0.0088004371458974,-0.12811303471050683,-0.0023412350014632155,0.02663138822582045,-0.028972623227283667,-0.23483074821968586,0.07476057634235422,-0.3095913245620401,,,,-0.3358696712515852
2015-09-28,CVS,96.35,1.0043686290825877,True,True,113.65,-0.15222173339199307,True,0.0583290088220032,0.055635338545822144,0.0026936702761810594,0.07389724961079414,0.10100526567735768,-0.027108016066563545,0.01992734820965225,0.08238923461518,-0.062461886405527745,0.055941878567721925,0.08861230785596508,-0.03267042928824315,-0.05967825635703161,0.14882187117706525,-0.20850012753409686,-0.06486766995329529
2014-08-05,DAL,36.23,3.876177658142665,True,True,42.66,-0.15072667604313172,True,0.007728401876897717,0.00791625436175214,-0.00018785248485442274,0.07148771736130288,0.04421644706004901,0.02727127030125387,0.09246480817002478,0.03176917868861007,0.060695629481414715,0.35743858680651397,0.055882506119472986,0.301556080687041,0.2622136351090256,0.09259934378417789,0.16961429132484773,-0.16864476952801533
2015-04-01,DAL,43.26,3.3259999999999996,True,True,51.06,-0.15276145710928324,True,-0.002773925104022079,0.015556635877491676,-0.018330560981513755,0.03190013869625519,0.013417598444336543,0.018482540251918644,-0.021035598705501535,0.020029168692270227,-0.04106476739777176,0.07397133610725848,-0.05731648031113268,0.13128781641839116,0.14031437817845593,0.0015556635877491676,0.13875871459070677,-0.0991678224687933
2016-01-15,DAL,44.5,2.2648569332355097,True,True,52.77,-0.15671783210157286,True,0.032359550561797734,-0.0009051701187371419,0.033264720680534876,0.0017977528089887507,0.0104893243171289,-0.00869157150814015,0.07955056179775277,0.10750226292529685,-0.027951701127544082,-0.16022471910112368,0.13226132793780954,-0.2924860470389332,0.14359550561797763,0.2061658058676321,-0.06257030024965449,-0.10044943820224717
2019-10-09,DAL,53.92,0.3500250375563345,True,True,63.44,-0.15006305170239587,True,-0.01390949554896137,0.024479005733511805,-0.038388501282473175,0.06787833827893164,0.054348199265286556,0.013530139013645082,0.0693620178041543,0.11113399938201662,-0.04177198157786233,-0.5573071216617211,-0.15490781748892768,-0.40239930417279346,-0.4239614243323443,0.1498952861606071,-0.5738567104929514,-0.052856083086053385
2023-08-17,DAL,41.78,0.4431778929188257,True,True,49.81,-0.1612126079100582,True,0.002872187649592961,0.0013752320704119025,0.0014969555791810585,-0.044997606510292054,0.016227738430860228,-0.06122534494115228,-0.18477740545715649,0.009901670906965476,-0.19467907636412196,-0.03422690282431784,0.1421760755460817,-0.17640297837039953,-0.038295835327908145,0.2676660019711661,-0.3059618372990742,-0.26759214935375775
2025-03-03,DAL,58.45,0.449293330027275,True,True,69.98,-0.1647613603886825,True,-0.13892215568862287,-0.03972454905185252,-0.09919760663677035,-0.2540633019674936,-0.04176302310841595,-0.21230027885907765,-0.16852010265183914,0.006783493499152193,-0.17530359615099134,0.0554319931565439,0.10541822978227722,-0.049986236625733316,0.0992301112061591,0.17577127978484675,-0.07654116857868765,-0.4056458511548332
2026-03-03,DAL,64.6,0.7291220556745182,True,True,76.39,-0.15433957324257108,True,-0.08250773993808036,-0.0046301059779814135,-0.07787763396009895,0.029102167182662786,-0.04408154866020908,0.07318371584287187,0.2769349845201239,0.10916760983640295,0.16776737468372094,0.27678018575851415,0.1222054003204327,0.15457478543808145,,,,-0.1442724458204333
2026-08-20,DAL,81.06,0.8842398884239888,True,True,95.68,-0.15280100334448166,True,0.0009869232667159,0.011146079202727588,-0.010159155936011688,,,,,,,,,,,,,-0.06254626202812741
2025-03-06,DASH,180.11,0.7583715708288588,True,True,215.245,-0.16323259541452761,True,-0.01010493587252248,-0.0371741369977826,0.027069201125260123,-0.03397923491199828,-0.06287649944998341,0.028897264537985135,0.18144467270001652,0.03492168811440344,0.14652298458561308,0.3638887346621509,0.129070559270835,0.2348181753913159,0.018710787851868194,0.18962476646121051,-0.17091397860934232,-0.1371939370384765
2025-11-03,DASH,242.05,4.223349158394475,True,True,285.5,-0.1521891418563922,True,-0.15686841561660814,-0.002780460678432406,-0.15408795493817573,-0.10357364180954354,-0.002648754646296214,-0.10092488716324732,-0.15463747159677754,0.012629145081511473,-0.16726661667828902,-0.2895269572402397,0.04148740012292573,-0.3310143573631654,,,,-0.24792398264821325
2024-05-07,DDOG,112.4,0.4646859525671099,True,True,138.61,-0.18909169612582066,True,0.03870106761565828,0.011911668020265331,0.02678939959539295,-0.01708185053380784,0.03389797733689126,-0.0509798278706991,-0.0458185053380783,0.030475306493406018,-0.07629381183148432,0.12428825622775808,0.1231581389952432,0.0011301172325148823,-0.05676156583629899,0.08510268012530453,-0.14186424596160352,-0.05516014234875444
2025-11-20,DDOG,159.57,0.8533101045296168,True,True,201.69,-0.2088353413654619,True,0.0027574105408285643,0.04729284477342044,-0.044535434232591875,-0.12019803221156866,0.04300185432087433,-0.163199886532443,-0.24421883812746759,0.04896326605673318,-0.29318210418420076,0.3033778279125148,0.13277550457450227,0.1706023233380125,,,,-0.33784545967287083
2026-06-05,DDOG,234.11,1.46665261826994,True,True,278.705,-0.16000789365099288,True,-0.017982999444705494,0.005694529184462116,-0.02367752862916761,0.09696296612703414,0.013775337265270249,0.0831876288617639,-0.043868267053949084,0.03285201003321814,-0.07672027708716722,,,,,,,-0.09132459100422885
2026-09-01,DDOG,223.84,1.4172786177105832,True,True,292.72,-0.23531019404208808,True,,,,,,,,,,,,,,,,-0.0697819871336669
2021-09-27,DOCU,263.82,3.940449438202247,True,True,314.76,-0.16183759054517732,True,-0.0653854901068911,-0.03162841135008132,-0.03375707875680978,0.05321810325221743,0.02916591360925369,0.02405218964296374,-0.41535895686452884,0.04613229712633293,-0.46149125399086177,-0.6379728602835266,0.004247243809867962,-0.6422201040933946,-0.8014176332347813,-0.1687375745526839,-0.6326800586820974,-0.5015161852778409
2022-03-14,DVN,52.69,0.7861016949152542,True,True,63.1,-0.16497622820919178,True,0.16606566710950843,0.06568345323740998,0.10038221387209845,0.13930537103814777,0.05496402877697837,0.0843413422611694,0.47902827861074226,-0.0138609112709831,0.49288918988172536,0.3349781742266087,-0.05937649880095919,0.3943546730275679,-0.05143290947048773,-0.0758752997601918,0.024442390289704075,-0.04725754412602001
2022-06-16,DVN,63.27,1.3520446096654277,True,True,79.4,-0.2031486146095718,True,-0.1501501501501501,0.06390290467748527,-0.21405305482763537,-0.13671566303145255,0.04172916950770489,-0.17844483253915744,0.0916706179864073,0.07213964271103235,0.01953097527537495,0.015489173383910204,0.07230328651302353,-0.05681411312911333,-0.21605816342658446,0.20714577935360712,-0.4232039427801916,-0.2277540698593331
2014-05-28,EBAY,21.2079,0.6349738655812016,True,True,25.1263,-0.15594814994647055,True,0.001192951683099297,0.009457623576131224,-0.008264671893031927,-0.021232653869548535,0.02194586686174116,-0.043178520731289693,0.10914800616751319,0.04242867593269928,0.06671933023481391,0.07878667854903121,0.06719615424809278,0.011590524300938432,0.16550907916389646,0.10095098756400867,0.06455809159988779,-0.04465317169545302
2016-11-03,EBAY,28.06,0.2978483284305562,True,True,33.19,-0.15456462789996983,True,0.0035637918745545782,0.03898840885142252,-0.03542461697686794,0.012829650748396482,0.05220806590669613,-0.03937841515829965,0.1468282252316464,0.09023852859469295,0.05658969663695346,0.19066286528866705,0.14033911294185275,0.0503237523468143,0.33784746970776913,0.23330778810230868,0.10453968160546045,-0.027797576621525266
2018-03-23,EBAY,39.71,0.5854637211883593,True,True,46.99,-0.15492658012343052,True,-0.0088139007806598,-0.002247626428986571,-0.006566274351673229,0.04759506421556292,0.03301685719821723,0.01457820701734569,-0.013346764039284809,0.06762255376864945,-0.08096931780793426,-0.13271216318307744,0.12702964541755457,-0.259741808600632,-0.07705867539662559,0.08215462119744221,-0.1592132965940678,-0.07302946361118101
2020-09-08,EBAY,51.53,0.40179542981501637,True,True,61.06,-0.15607599082869306,True,0.00485154279060751,0.02088772845953013,-0.01603618566892262,-0.03628954007374352,0.0051619099066655405,-0.04145144998040906,-0.0034931108092373098,0.1007772875964108,-0.10427039840564811,0.10595769454686588,0.16004921821073803,-0.054091523663872154,0.48515427906074127,0.3597431049488311,0.12541117411191016,-0.11973607607219094
2021-11-30,EBAY,67.46,1.266801075268817,True,True,81.19,-0.1691094962433798,True,-0.003409427809071941,0.02792167881288954,-0.03133110662196148,-0.01482359916987841,0.04811660374045146,-0.06294020291032987,-0.1906314853246367,-0.03909474053911666,-0.15153674478552004,-0.33012155351319294,-0.1287206954078497,-0.20140085810534325,-0.3428698487992884,-0.13093774694881022,-0.21193210185047817,-0.2657871331159205
2025-10-30,EBAY,83.73,1.1485758275596614,True,True,101.15,-0.17221947602570442,True,-0.03439627373701193,-0.014003500875218955,-0.020392772861792974,-0.011226561566941351,0.005236603268464091,-0.01646316483540544,0.13662964289979684,0.022932203639145055,0.11369743926065179,0.16971217007046446,0.050174308282953106,0.11953786178751136,,,,-0.05517735578645655
2018-10-05,ETSY,44.4,2.1556503198294243,True,True,53.25,-0.16619718309859155,True,-0.06418918918918926,-0.04124105343617546,-0.0229481357530138,-0.035135135135135,-0.05534709193245779,0.020211956797322794,0.036711711711711725,-0.15151831005489536,0.18823002176660708,0.535135135135135,-0.0069140434994093836,0.5420491786345444,0.27207207207207196,0.02268779098047391,0.24938428109159805,-0.14369369369369356
2019-01-03,ETSY,46.03,4.572639225181598,True,True,58.3,-0.2104631217838765,True,0.11535954812079074,0.0600712501535563,0.055288297967234445,0.18140343254399305,0.10585152123172681,0.07555191131226624,0.48077340864653473,0.17042709143769685,0.3103463172088379,0.3113187051922659,0.18942713238606124,0.12189157280620466,-0.03758418422767773,0.317964047336309,-0.35554823156398674,0.029980447534216692
2019-05-09,ETSY,60.76,6.347037484885127,True,True,73.345,-0.17158633853705096,True,0.04756418696510867,0.003627991348635895,0.04393619561647277,0.05151415404871629,0.003453568687643793,0.048060585361072494,-0.11224489795918369,-0.009907207144352337,-0.10233769081483135,-0.10450954575378546,0.05773390078839036,-0.16224344654217582,0.2876892692560895,-0.008407172259820128,0.29609644151590964,-0.13066161948650423
2020-08-28,ETSY,119.66,6.559065066329754,True,True,141.41,-0.15380807580793443,True,-0.06368042787899042,-0.022847852130754687,-0.04083257574823573,0.03367875647668406,-0.046751098180158546,0.0804298546568426,0.1716530168811632,0.01962462205488058,0.1520283948262826,0.781046297843891,0.10397056306691765,0.6770757347769734,0.776617081731573,0.2729191625306635,0.5036979192009094,-0.13872639144242016
2021-01-06,ETSY,167.57,7.283242708848245,True,True,198.5,-0.15581863979848865,True,0.2354836784627321,0.016704591085530796,0.2187790873772013,0.31789699826938,0.03383750501940841,0.2840594932499716,0.17682162678283708,0.08783295408914471,0.08898867269369237,0.20862922957569974,0.14496051398741794,0.0636687155882818,0.2527898788565974,0.2788381742738588,-0.02604829541726139,-0.0019096496986333866
2021-04-05,ETSY,197.2,6.085878548329141,True,True,251.86,-0.21702533153339165,True,0.10613590263691686,0.012993404862683189,0.09314249777423367,-0.03291075050709924,0.029136726055714046,-0.062047476562813286,0.0270283975659229,0.052515011320011684,-0.025486613754088783,0.13417849898580125,0.09060931194015165,0.043569187045649604,-0.3176470588235294,0.12880204744561463,-0.446449106269144,-0.22008113590263678
2021-12-01,ETSY,259.28,3.91060606060606,True,True,307.75,-0.15749796913078806,True,-0.051218759642085665,0.04221975582685911,-0.09343851546894477,-0.14374421474853438,0.05695893451720324,-0.20070314926573762,-0.4026149336624498,-0.03078801331853498,-0.37182692034391485,-0.7292116630669546,-0.12566037735849056,-0.6035512857084641,-0.5299290342486886,-0.12268590455049944,-0.4072431296981892,-0.578139463128664
2023-04-21,ETSY,102.05,0.6628645918201075,True,True,149.91,-0.31925822159962647,True,-0.009995100440960303,0.009049005337214977,-0.01904410577817528,-0.1268985791278785,0.015574963609898074,-0.14247354273777657,-0.0584027437530622,0.10431829209121779,-0.16272103584428,-0.3654091131798137,0.05206210577389636,-0.4174712189537101,-0.34581087702106805,0.2012615235322659,-0.547072400553334,-0.21175894169524745
2022-01-20,F,21.65,1.5470588235294116,True,True,25.87,-0.16312330885195214,True,-0.09699769053117768,-0.03471740346950192,-0.062280287061675765,-0.18983833718244802,-0.02168998321208726,-0.16814835397036076,-0.2762124711316397,-0.019653049804140954,-0.25655942132749876,-0.4739030023094688,-0.1540906547285954,-0.3198123475808734,-0.43741339491916853,-0.1300727476217124,-0.30734064729745614,-0.32748267898383365
2021-01-26,FCX,27.01,0.37806122448979584,True,True,32.49,-0.1686672822406895,True,0.0418363569048501,-0.0058365251830427844,0.04767288208789289,0.4028137726767864,0.020792620964589892,0.3820211517121965,0.2861902998889301,0.07420724875582985,0.21198305113310023,0.1995557201036653,0.10729826207040305,0.09225745803326224,0.5175860792299147,0.14119700878084362,0.3763890704490711,-0.08515364679748239
2021-06-15,FCX,37.6,1.111173498034812,True,True,46.1,-0.18438177874186545,True,-0.02952127659574466,-0.0032274783264228946,-0.026293798269321766,-0.0819148936170212,0.02770448548812654,-0.10961937910514774,-0.07420212765957446,0.05771767810026396,-0.13191980575983842,-0.02765957446808509,0.06817753486618927,-0.09583710933427436,0.06941489361702136,-0.08169996230682253,0.15111485592384388,-0.16595744680851066
2022-01-26,FCX,38.43,2.7383268482490273,True,True,46.2,-0.1681818181818182,True,0.024980483996877467,0.05530942821542295,-0.030328944218545484,0.13765287535779347,-0.011721814573815048,0.14937468993160852,0.0905542544886806,-0.01693663759287456,0.10749089208155516,-0.2565703877179287,-0.08909040564862247,-0.16747998206930625,0.2136351808482957,-0.07621486916793574,0.28985005001623143,-0.09081446786364822
2022-04-22,FCX,41.91,2.0861561119293075,True,True,51.99,-0.1938834391229084,True,-0.03245048914340254,-0.03295465214533855,0.0005041630019360088,-0.13361966117871615,-0.08546145901793267,-0.04815820216078348,-0.31830112145072764,-0.07339686414421187,-0.24490425730651577,-0.2994512049630159,-0.14099615059618809,-0.15845505436682783,-0.05368647100930568,-0.032485212656088724,-0.021201258353216956,-0.4082557862085421
2024-07-18,FCX,45.92,0.33527188136086084,True,True,55.24,-0.16871832005792908,True,-0.030270034843205562,-0.02578438823146234,-0.0044856466117432214,-0.05095818815331021,0.0007418666087650738,-0.05170005476207529,0.08950348432055755,0.04870987587305042,0.040793608447507124,-0.13458188153310102,0.06664133463612365,-0.20122321616922467,-0.024390243902439157,0.13556255202113432,-0.15995279592357348,-0.14895470383275267
2013-06-20,GILD,49.35,1.7401443642420875,True,True,58.06,-0.15001722356183256,True,0.03363728470111438,0.01053952321204532,0.023097761489069057,0.2178318135764945,0.06129234629861968,0.15653946727787482,0.27700101317122594,0.06844416562107902,0.20855684755014692,0.47537993920972643,0.1339397741530739,0.34144016505665253,0.6103343465045592,0.2312421580928481,0.3790921884117111,-0.05369807497467072
2014-03-21,GILD,72.07,2.590037359900373,True,True,84.88,-0.15091894439208298,True,-0.04884140419037042,-0.0038131041890439032,-0.045028300001326516,-0.006521437491327831,0.004511278195488799,-0.01103271568681663,0.10711807964478992,0.0463480128893663,0.060770066755423624,0.47620369085611225,0.07572502685284643,0.4004786640032658,0.40752046621340376,0.12513426423200857,0.2823862019813952,-0.11891216872485078
2014-12-22,GILD,92.9,3.9586335735254874,True,True,116.83,-0.20482752717623887,True,0.02561894510226037,0.0006265966163783165,0.024992348485882054,0.13175457481162534,-0.006603364341832618,0.13835793915345795,0.10107642626480096,0.014170723478093228,0.08690570278670773,0.2817007534983853,0.013399527642550702,0.2683012258558346,0.09364908503767477,-0.035908806092447065,0.12955789113012184,-0.07481162540365982
2015-08-24,GILD,100.66,2.563816604708798,True,True,123.37,-0.18408040852719465,True,0.04381084840055638,0.04311345646437981,0.0006973919361765724,0.058116431551758385,0.023271767810026267,0.03484466374173212,0.038446254718855544,0.08427440633245387,-0.04582815161359832,-0.09447645539439686,0.0014775725593667577,-0.09595402795376362,-0.19531094774488378,0.15324538258575204,-0.3485563303306358,-0.07421021259686067
2020-03-23,GILD,72.61,0.07189253026276954,True,True,85.97,-0.15540304757473533,True,0.04572372951384107,0.17358152052029596,-0.1278577910064549,0.08153146949455992,0.22466920834267778,-0.14313773884811787,0.0158380388376258,0.39789190401435315,-0.38205386517672735,-0.09681862002479003,0.4983628616281679,-0.5951814816529579,-0.11224349263186895,0.7469387755102042,-0.8591822681420731,-0.04503511912959646
2025-04-10,GILD,101.4,0.697071129707113,True,True,119.96,-0.15471823941313767,True,0.030966469428007848,0.0034885050897859315,0.027477964338221916,-0.04428007889546359,0.07579396850813991,-0.1200740474036035,0.11676528599605507,0.18963742422509422,-0.07287213822903915,0.09033530571992099,0.27572534217850464,-0.18539003645858365,0.3707100591715977,0.2952457203858325,0.0754643387857652,-0.07919132149901387
2026-03-12,GM,73.45,0.8482637141419225,True,True,87.62,-0.16172106824925814,True,0.004628999319264748,-0.00939855268294143,0.014027552002206178,0.04043567052416619,0.02011830765997069,0.0203173628641955,0.14050374404356702,0.10983995435846627,0.03066378968510075,0.15547991831177677,0.1487853947091855,0.0066945236025912624,,,,-0.04111640571817554
2013-03-01,GME,6.0125,0.37507146941109215,True,True,7.0875,-0.15167548500881833,True,0.025779625779625892,0.021892051804615065,0.0038875739750108274,0.2374220374220375,0.025902307540595526,0.21151972988144196,0.31891891891891877,0.09328775228453101,0.22563116663438776,0.9800415800415798,0.08184866215238973,0.8981929178891901,0.5488565488565489,0.221615935835908,0.3272406130206409,-0.028690228690228747
2013-11-21,GME,12.2,1.4254473161033796,True,True,14.435,-0.15483200554208532,True,-0.01127049180327866,0.006058584847979498,-0.017329076651258157,0.009221311475409832,0.009171252292813126,5.005918259670672e-05,-0.26967213114754096,0.023289422489022327,-0.2929615536365633,-0.25778688524590165,0.04524484464454459,-0.30303172989044624,-0.10635245901639345,0.14068145183702963,-0.24703391085342308,-0.3217213114754097
2015-09-28,GME,10.075,0.8210573881608676,True,True,11.9575,-0.1574325736985156,True,0.05409429280397027,0.055635338545822144,-0.0015410457418518764,0.10843672456575693,0.10100526567735768,0.007431458888399245,-0.29032258064516125,0.08238923461518,-0.37271181526034125,-0.23449131513647636,0.08861230785596508,-0.32310362299244144,-0.3004962779156327,0.14882187117706525,-0.44931814909269796,-0.3076923076923077
2021-01-13,GME,7.85,0.5731462925851702,True,True,9.6625,-0.18758085381630019,True,0.3703821656050956,0.011717001500829438,0.3586651641042662,0.6273885350318473,0.028752731772821782,0.5986358032590255,3.4933121019108286,0.08386213433739687,3.4094499675734316,5.071974522292994,0.1439479712472682,4.9280265510457255,3.1767515923566885,0.22570367834856087,2.951047914008128,0.052547770700636987
2021-04-12,GME,35.2725,9.31359649122807,True,True,120.75,-0.707888198757764,True,0.16500106315118002,0.008672626566903041,0.15632843658427698,0.015096746757388813,0.015304635118064347,-0.0002078883606755344,0.35133602664965613,0.055436789427655286,0.29589923722200084,0.24367425047841795,0.042512875327956445,0.2011613751504615,0.11021333900347274,0.08473423379652112,0.025479105206951624,-0.06442696151392735
2014-10-01,HAL,62.47,0.9239297813366185,True,True,74.33,-0.15955872460648457,True,-0.03297582839763091,0.011782865963468003,-0.044758694361098916,-0.1288618536897711,0.01934653974787759,-0.1482083934376487,-0.3640147270689932,0.07249807049138157,-0.43651279756037475,-0.3043060669121178,0.05870851556470291,-0.3630145824768207,-0.4448535296942533,-0.032055569848211896,-0.4127979598460414,-0.40435408996318234
2022-05-11,HAL,34.69,0.40730223123732245,True,True,42.6,-0.18568075117370897,True,0.03776304410492948,-0.0022660725652450253,0.0400291166701745,0.2167771692130298,0.02212603437301075,0.19465113484001906,-0.192850965696166,0.05153405474220252,-0.24438502043836852,0.05217641971749787,-0.020954805856142622,0.07313122557364049,-0.14788123378495244,0.05117759388924248,-0.19905882767419492,-0.241279907754396
2022-08-09,HAL,28.31,0.420471650777722,True,True,43.99,-0.3564446465105706,True,-0.0035323207347226493,0.0446092135650904,-0.04814153429981305,0.013069586718474024,-0.03298893885985188,0.046058525578325904,0.26421759095725905,-0.08868360277136267,0.3529011937286217,0.45602260685270224,-0.011839066488391836,0.4678616733410941,0.4051571882726952,0.09092014099914913,0.31423704727354607,-0.17696926880960784
2023-11-16,HAL,37.18,1.5945568736915563,True,True,43.85,-0.15210946408209813,True,0.02366863905325456,0.01126091108988736,0.012407727963367199,-0.036578805809575066,0.042422761699575595,-0.07900156750915066,-0.080150618612157,0.10736734557892635,-0.18751796419108335,-0.00295857988165682,0.15683095306843176,-0.15978953295008858,-0.1901559978483055,0.3178819714368213,-0.5080379692851268,-0.11672942442173206
2015-08-24,HAS,71.18,0.8672612801678912,True,True,84.42,-0.15683487325278367,True,0.04790671536948565,0.04311345646437981,0.004793258905105846,0.06139364990165763,0.023271767810026267,0.038121882091631365,0.05029502669289121,0.08427440633245387,-0.03397937963956266,-0.001966844619275099,0.0014775725593667577,-0.0034444171786418565,0.13360494520932842,0.15324538258575204,-0.019640437376423625,-0.015032312447316731
2017-08-10,HAS,97.82,0.9347310126582276,True,True,116.2,-0.15817555938037875,True,-0.0067470864853812484,-0.002748605185428188,-0.0039984812999530606,-0.03813126150071555,0.011568756153593762,-0.049700017654309314,-0.07288897975874054,0.060264194289465056,-0.1331531740482056,-0.021263545287262264,0.1551526091237283,-0.17641615441099057,-0.0014312001635655713,0.17106990482441753,-0.1725011049879831,-0.0936413821304436
2019-08-27,HAS,107.26,0.32077330378032287,True,True,126.87,-0.15456766769133756,True,0.02153645347753108,0.02499389967581145,-0.0034574461982803673,0.10768226738765607,0.03747342001603515,0.07020884737162092,-0.11514077941450684,0.08331299891937105,-0.1984537783338779,-0.08931568152153646,0.17941924913723972,-0.2687349306587762,-0.25470818571694953,0.195384669013839,-0.4500928547307885,-0.13677046429237372
2026-03-27,HAS,88.59,0.8105456774984672,True,True,106.98,-0.17190128996074028,True,0.020656959024720534,0.03917424971218586,-0.018517290687465326,0.068856530082402,0.127868283682127,-0.05901175359972499,-0.05993904503894343,0.15636581557823015,-0.21630486061717358,,,,,,,-0.07258155548030254
2024-12-18,HOOD,37.08,0.9015384615384614,True,True,43.83,-0.1540041067761807,True,0.08899676375404542,0.025687384867298935,0.06330937888674648,0.348435814455232,0.02860407996179304,0.31983173449343894,0.15426105717367844,-0.03266357371904205,0.1869246308927205,0.9579288025889967,0.018284778604080065,0.9396440239849166,2.1596548004314995,0.1538343453639901,2.0058204550675094,-0.08252427184466005
2025-03-19,HOOD,42.8,3.018779342723004,True,True,66.91,-0.36033477806008074,True,0.045093457943925275,0.002574365665720446,0.04251909227820483,-0.050000000000000044,-0.07312256449138654,0.0231225644913865,0.6962616822429906,0.052668700297991755,0.6435929819449988,1.744392523364486,0.15001851427362345,1.5943740090908625,0.7500000000000002,0.16627580977906287,0.5837241902209374,-0.30700934579439243
2025-10-17,HOOD,129.91,11.186679174484052,True,True,153.86,-0.15566099051085414,True,0.07605265183588639,0.019356101085205912,0.056696550750680474,-0.05703948887691479,0.011348756001746008,-0.0683882448786608,-0.07882380109306442,0.03908848718373248,-0.1179122882767969,-0.44831036871680396,0.03267659055675143,-0.4809869592735554,,,,-0.21407128011700405
2018-04-06,HPQ,20.78,0.45632428795694113,True,True,24.75,-0.16040404040404033,True,0.04764196342637139,0.020907130756198766,0.026734832670172626,0.04331087584215587,0.024256892037578748,0.019053983804577124,0.1000962463907602,0.04674264592638222,0.05335360046437798,0.24975938402309894,0.11612505775450477,0.13363432626859417,-0.04908565928777664,0.10572924688125673,-0.15481490616903337,-0.0009624639076034613
2018-10-11,HPQ,23.01,0.7292820586047002,True,True,27.08,-0.15029542097488913,True,0.03302911777488049,0.015541756990116395,0.017487360784764094,0.10821382007822677,0.030605871330418477,0.0776079487478083,-0.07822685788787487,-0.05217327405665573,-0.02605358383121914,-0.1399391568883095,0.06025645736120788,-0.20019561424951737,-0.30334637114298135,0.077414851012235,-0.38076122215521635,-0.16471099521946986
2022-05-20,HPQ,34.65,0.8046875,True,True,41.47,-0.16445623342175064,True,0.11832611832611839,0.06578035572209529,0.052545762604023105,-0.010389610389610393,-0.03736878577111624,0.02697917538150585,-0.009812409812409717,0.09501321766804405,-0.10482562748045376,-0.15440115440115432,0.012986679670456525,-0.16738783407161084,-0.11861471861471862,0.07440392166927601,-0.19301864028399462,-0.13391053391053387
2023-09-19,HPQ,27.57,0.4204018547140649,True,True,33.9,-0.1867256637168141,True,-0.06710192237939794,-0.038015856881479904,-0.029086065497918034,-0.01704751541530647,-0.015111472521515235,-0.0019360428937912344,0.0935799782372142,0.06277246956246763,0.030807508674746575,0.10627493652520847,0.1673104289489733,-0.061035492423764826,0.2488211824446862,0.27187097648573566,-0.023049794041049454,-0.08523757707653257
2015-06-24,HUM,184.23,1.30316289536192,True,True,219.79,-0.1617908003093862,True,0.04836345872007808,-0.014251781472684133,0.06261524019276221,0.002713998805840445,-0.001520190023752921,0.004234188829593366,0.019866471258752627,-0.07149643705463193,0.09136290831338456,-0.05069749769310106,-0.03610451306413298,-0.014592984628968075,0.031699506052217385,-0.009786223277909789,0.041485729330127175,-0.08049720458122989
2018-12-14,HUM,299.93,0.7149636914632056,True,True,355.88,-0.1572159154771271,True,-0.08431967459073786,-0.0759012554228895,-0.008418419167848357,-0.03774213983262764,-0.00046070564748346143,-0.03728143418514418,-0.06704897809488886,0.07943333205359537,-0.14648231014848423,-0.16757243356783258,0.10941759127730633,-0.2769900248451389,0.15703664188310595,0.21752984988674307,-0.06049320800363711,-0.11482679291834763
2020-02-27,HUM,314.33,0.5164511771516789,True,True,385.0,-0.1835584415584416,True,0.1790156841535966,0.01663809619844714,0.16237758795514945,-0.031336493494098505,-0.12204631777083119,0.09070982427673269,0.25482772882003,-0.006957749319350559,0.2617854781393806,0.32717208029777645,0.1382474538670968,0.18892462643067964,0.2133744790506793,0.31682968639709586,-0.10345520734641656,-0.33747971876690097
2020-11-25,HUM,401.04,0.6674566546089562,True,True,474.7,-0.155171687381504,True,0.006956912028725171,0.011112336623834818,-0.004155424595109647,0.00945042888489911,0.01748193900623174,-0.00803151012133263,-0.04897267105525649,0.08026801963271368,-0.12924069068797017,0.09652403750249339,0.14509457894446576,-0.04857054144197237,0.0902403750249352,0.2909888049412672,-0.20074842991633202,-0.07685018950728106
2023-01-09,HUM,481.71,0.2845599999999999,True,True,571.3,-0.15681778400140023,True,0.018164455792904377,0.025550456350229345,-0.007386000557324968,-0.0014739158414813769,0.07046356932913933,-0.07193748517062071,0.07166137302526421,0.050894652709740695,0.020766720315523512,-0.07357123580577529,0.14420151601093179,-0.21777275181670708,-0.043532415768823496,0.2236373949363173,-0.2671698107051408,-0.021070768719769095
2024-04-25,IBM,168.91,0.24046754559127637,True,True,199.18,-0.15197308966763734,True,-0.024983719140370564,0.003058650618681602,-0.028042369759052166,0.010419750162808494,0.04462849311803607,-0.03420874295522758,0.08992954828014921,0.09988281793084264,-0.00995326965069343,0.3833994434906163,0.15652743847941353,0.22687200501120275,0.37593984962406024,0.09364634848755671,0.28229350113650353,-0.03723876620685562
2025-04-07,IBM,225.78,0.7365020766035992,True,True,266.45,-0.15263651717020077,True,0.05881831871733545,0.06887664062809784,-0.010058321910762391,0.10337496678182312,0.10789484119116532,-0.004519874409342206,0.29316148463105685,0.23981918394861035,0.0533423006824465,0.23925945610771548,0.3158333002894642,-0.07657384418174873,0.08543715120914164,0.3069907609342164,-0.22155360972507476,-0.047036938612809
2025-08-01,IBM,250.05,0.9365706319702602,True,True,296.16,-0.15569286871961108,True,-0.03111377724455111,0.02486649938879215,-0.05598027663334326,-0.026234753049390158,0.03752493083703268,-0.06375968388642284,0.25210957808438295,0.10216817860129956,0.14994139948308338,0.16952609478104375,0.10858585858585856,0.06094023619518518,-0.10557888422315542,0.20155375410152465,-0.3071326383246801,-0.06674665066986607
2026-06-08,IBM,280.82,1.1631489755045448,True,True,332.46,-0.15532695662636098,True,-0.043123709137525834,0.02111685289900156,-0.0642405620365274,0.0756000284879994,0.00836016341549195,0.06723986507250745,-0.17491631650167372,0.03509104190903911,-0.21000735841071283,,,,,,,-0.29068442418631146
2014-03-21,ILMN,148.4436,1.456931095380042,True,True,178.3074,-0.16748491649813746,True,-0.06933205608055848,-0.0038131041890439032,-0.06551895189151458,-0.07463979585512615,0.004511278195488799,-0.07915107405061494,0.11304023885165826,0.0463480128893663,0.06669222596229196,0.1608125914488736,0.07572502685284643,0.08508756459602718,0.30937069701893516,0.12513426423200857,0.18423643278692658,-0.16323708128878578
2014-10-10,ILMN,149.7276,4.6629840731929635,True,True,179.9611,-0.16800019559782642,True,0.07140099754487483,-0.010863860606696751,0.08226485815157158,0.2106939535529857,0.06717749553899455,0.14351645801399115,0.26637239894314746,0.06177180644484093,0.20460059249830653,0.18756528522463456,0.09074210139603234,0.09682318382860222,-0.08803253374795306,0.055998740421958626,-0.14403127416991168,-0.05717249191197871
2015-08-19,ILMN,200.0486,3.937569726228909,True,True,235.7685,-0.15150412374850752,True,-0.048383242871982146,-0.06653225806451601,0.01814901519253387,0.021444289037763964,-0.04123463901689706,0.06267892805466102,-0.24439561186631642,-0.016705069124423932,-0.2276905427418925,-0.32555289064757265,-0.11064708141321034,-0.2149058092343623,-0.17505446176579087,0.04627496159754241,-0.22132942336333328,-0.3678581104791535
2018-10-10,ILMN,296.4591,1.0623944746638316,True,True,362.4611,-0.1820940233310554,True,0.07940690638270187,0.0077254761049225795,0.07168143027777929,0.12442593261599999,0.009737693136902648,0.11468823947909734,-0.036126737212654136,-0.07736255839022643,0.041235821177572296,0.03366602678076003,0.031908012935680796,0.0017580138450792315,-0.0255937496943085,0.04660438375853393,-0.07219813345284243,-0.1107754830261577
2019-07-12,ILMN,296.7412,1.1845452551079751,True,True,370.3891,-0.19883927469787854,True,-0.03884597083249641,-0.01157492100449009,-0.027271049828006322,-0.03622348362815808,-0.03003492433061694,-0.006188559297541141,-0.01121111594884694,-0.025178779311491706,0.013967663362644767,0.07195563002373784,0.08055878928987203,-0.008603159266134197,0.22143942263494254,0.04566771994012986,0.17577170269481268,-0.13686269382209137
2020-08-11,ILMN,331.9164,0.7126439924975554,True,True,393.1907,-0.1558386299574227,True,0.0435507254236307,0.017548076923076916,0.026002648500553782,0.016968730680376076,0.021003605769230882,-0.004034875088854806,-0.08757084615282651,0.032271634615384626,-0.11984248076821113,0.29026104163578537,0.146484375,0.14377666663578537,0.48339702406991636,0.32851562499999987,0.1548813990699165,-0.23677528437883766
2021-02-22,ILMN,457.7432,1.0768860810494432,True,True,540.6323,-0.1533188083656859,True,-0.05113063394497175,0.006588636539803128,-0.057719270484774876,-0.08636523710237531,0.014365811435806064,-0.10073104853818138,-0.17893570019172322,0.06436193576725335,-0.24329763595897658,0.08511125888926352,0.15006588636539808,-0.06495462747613456,-0.29050502552522894,0.15391571712787133,-0.4444207426531003,-0.22594349845065964
2018-02-08,INTC,42.75,0.29820832068023084,True,True,50.85,-0.15929203539823011,True,0.07415204678362586,0.059775647246050445,0.014376399537575413,0.22081871345029236,0.08244381477312435,0.138374898677168,0.24748538011695898,0.03605946512440328,0.2114259149925557,0.1417543859649124,0.09016807048868536,0.05158631547622705,0.15157894736842104,0.04855800954857736,0.10302093781984367,-0.01660818713450296
2018-06-27,INTC,48.76,0.5718891038039975,True,True,57.6,-0.15347222222222223,True,0.04081214109926168,0.013959532207165282,0.026852608892096397,0.06972928630024611,0.051939855206979635,0.017789431093266472,-0.043068088597210896,0.0840542045665491,-0.12712229316376,-0.020918785890073788,-0.05297939483942826,0.032060608949354474,-0.011689909762100048,0.07841098941897151,-0.09010089918107156,-0.09639048400328132
2020-02-27,INTC,55.83,0.5283328770873255,True,True,69.29,-0.1942560254004908,True,0.02024001432921363,0.01663809619844714,0.0036019181307664905,-0.005194339960594596,-0.12204631777083119,0.1168519778102366,0.11517105498835756,-0.006957749319350559,0.12212880430770812,-0.12860469281748166,0.1382474538670968,-0.26685214668457846,0.1318287658964714,0.31682968639709586,-0.18500092050062444,-0.21852050868708572
2026-02-26,INTC,45.46,0.7444359171143515,True,True,54.6,-0.16739926739926736,True,0.010778706555213402,-0.011591469606847538,0.02237017616206094,-0.02991641003079626,-0.06413753082837648,0.03422112079758022,1.6361636603607566,0.0817350935731902,1.5544285667875664,1.0413550373955123,0.11571159146960674,0.9256434459259055,,,,-0.10624725032996041
2026-06-01,INTC,109.33,2.77,True,True,132.75,-0.176421845574388,True,0.008597823104362856,-0.02546998180715576,0.03406780491151862,0.27714259581084777,-0.015516650407361499,0.29265924621820927,-0.19290222262873868,0.009940148179397257,-0.20284237080813594,,,,,,,-0.25189792371718644
2026-08-26,INTC,88.24,1.6626433313216653,True,True,142.35,-0.3801194239550404,True,0.020512239347234784,-0.0012009189640769247,0.02171315831131171,,,,,,,,,,,,,-0.02855847688123292
2014-01-17,KR,18.395,0.7159514925373134,True,True,21.925,-0.16100342075256557,True,-0.0274531122587659,-0.030657808756262228,0.003204696497496329,0.022016852405545073,0.003267262034415186,0.018749590371129887,0.1965207936939386,0.0030494445654540847,0.19347134912848452,0.3269910301712422,0.07062731431060776,0.25636371586063444,0.8105463441152487,0.08375081681550878,0.72679552729974,-0.04512095678173411
2020-03-23,KR,31.08,0.07431731766332517,True,True,36.84,-0.1563517915309447,True,-0.04601029601029605,0.17358152052029596,-0.219591816530592,0.035070785070785204,0.22466920834267778,-0.18959842327189258,0.0556628056628059,0.39789190401435315,-0.34222909835154725,0.10585585585585577,0.4983628616281679,-0.3925070057723121,0.13899613899613894,0.7469387755102042,-0.6079426365140652,-0.12065637065637069
2020-11-09,KR,31.01,0.45518535898639145,True,True,37.22,-0.16684578183772159,True,0.04159948403740721,0.02259138086642598,0.019008103170981228,0.009351821992905407,0.04402639891696758,-0.03467457692406217,0.06900999677523378,0.09349616425992768,-0.0244861674846939,0.1573685907771687,0.1722134476534296,-0.014844856876260915,0.3647210577233151,0.32144065884476536,0.04328039887854973,-0.02128345694937117
2021-03-10,KR,35.24,0.5335073977371627,True,True,42.99,-0.18027448243777622,True,0.0011350737797957144,0.019713537655937197,-0.018578463876141482,0.05646992054483535,0.048616458750449176,0.007853461794386174,0.09562996594778661,0.08475794445300067,0.010872021494785944,0.3110102156640182,0.16081421017506048,0.15019600548895773,0.640749148694665,0.07662097643616206,0.564128172258503,-0.020431328036322305
2022-05-16,KR,53.2,1.157339821573398,True,True,62.78,-0.15259636827014966,True,-0.05601503759398507,-0.007923217276112782,-0.04809182031787229,-0.052819548872180544,-0.06553525456772225,0.012715705695541701,-0.11296992481203016,0.049738808768027276,-0.16270873358005744,-0.1278195488721805,-0.059336649253917795,-0.0684828996182627,-0.0776315789473685,0.03229273413481981,-0.10992431308218831,-0.16654135338345866
2014-10-13,LUV,28.88,2.6235884567126724,True,True,35.49,-0.18624964778810937,True,0.13711911357340734,0.015420735286270748,0.12169837828713659,0.3545706371191135,0.08841577290432734,0.2661548642147862,0.4501385041551247,0.09866069046475645,0.35147781369036823,0.43144044321329655,0.1060242249613148,0.32541621825198175,0.38296398891966765,0.07427565231311029,0.30868833660655737,-0.016620498614958512
2015-12-11,LUV,43.42,3.2905138339920956,True,True,51.34,-0.15426567978184658,True,-0.01566098572086594,-0.009213394095502259,-0.00644759162536368,-0.01704283740211887,-0.040717257776897164,0.023674420374778293,-0.026715799170889065,-0.011591044184664168,-0.015124754986224898,-0.03800092123445409,0.046909054884089585,-0.08490997611854367,0.1423307231690465,0.11526649494749353,0.027064228221552966,-0.21787194841087054
2017-08-09,LUV,54.69,0.9338755304101838,True,True,64.39,-0.15064451001708346,True,0.011336624611446355,-0.0012537917087968031,0.012590416320243158,-0.04534649844578531,-0.0015369059656218376,-0.04380959248016347,-0.012799414883890914,0.041820020222446797,-0.05461943510633771,0.11172060705796305,0.14014155712841236,-0.028420950070449313,0.062168586578899454,0.15502527805864497,-0.09285669147974551,-0.0901444505394039
2018-02-08,LUV,55.63,0.2859454461396209,True,True,66.99,-0.16957754888789356,True,0.04583857630774757,0.059775647246050445,-0.013937070938302876,0.07316196296962074,0.08244381477312435,-0.009281851803503605,-0.06525256156749959,0.03605946512440328,-0.10131202669190287,0.015998561927017763,0.09016807048868536,-0.0741695085616676,0.03325543771346395,0.04855800954857736,-0.01530257183511341,-0.08322847384504772
2013-06-24,LVS,49.47,0.8997695852534562,True,True,60.54,-0.18285431119920714,True,0.07074994946432178,0.0273780720743666,0.04337187738995518,0.12613705275924803,0.07691328154845278,0.04922377121079524,0.30665049524964627,0.10180822615560947,0.2048422690940368,0.5399231857691531,0.13415255316439567,0.40577063260475743,0.5235496260359815,0.2475487075003182,0.27600091853566333,0.018799272286234014
2014-04-11,LVS,74.62,0.6723442402510087,True,True,88.28,-0.15473493429995466,True,0.014875368533905142,0.030466640956421154,-0.015591272422516012,0.01755561511659076,0.04561732135970464,-0.028061706243113882,0.017019565800053593,0.08600077130736605,-0.06898120550731246,-0.17086571964620756,0.07090518428736714,-0.2417709039335747,-0.2054409005628518,0.15718142251115652,-0.3626223230740083,-0.047306352184400935
2025-11-17,LYFT,21.58,0.9131205673758864,True,True,25.54,-0.15505090054815984,True,-0.07877664504170523,0.004596872324124757,-0.08337351736582999,-0.11075069508804436,0.019829645319753064,-0.13058034040779742,-0.38507877664504164,0.024156113389517397,-0.40923489003455904,-0.3568118628359591,0.10892784713146142,-0.46573970996742053,,,,-0.40083410565338273
2014-04-07,MGM,23.92,0.8039215686274512,True,True,28.75,-0.16799999999999993,True,-0.010033444816053616,-0.007594662037539335,-0.0024387827785142813,0.0735785953177257,0.0132364109797114,0.060342184338014304,0.12541806020066892,0.06992513833134417,0.05549292186932475,-0.05560200668896331,0.07355972659216659,-0.1291617332811299,-0.10785953177257535,0.12742757947271355,-0.2352871112452889,-0.05852842809364556
2023-05-31,MGM,39.29,1.2869615832363213,True,True,46.37,-0.15268492559844726,True,0.05701196233138206,0.02082086873279887,0.03619109359858319,0.09468058030033077,0.048486298911092574,0.0461942813892382,0.07330109442606259,0.0529376570539668,0.020363437372095783,0.025960804275897198,0.08713653224841433,-0.061175727972517135,-0.015016543649783554,0.25906425750867546,-0.274080801158459,-0.015525579027742431
2023-08-25,MGM,42.17,0.8935788055680289,True,True,51.35,-0.17877312560856862,True,0.05169551814085849,0.025501738754915015,0.026193779385943472,-0.12591889969172398,-0.017592108552855867,-0.10832679113886812,-0.04410718520275081,0.03247948723776606,-0.07658667244051687,0.008774009959686913,0.1353274086869558,-0.1265533987272689,-0.0768318709983401,0.2776552946791826,-0.3544871656775227,-0.19089400047427085
2018-03-23,MMM,180.0669,0.29485378981544397,True,True,217.199,-0.17095889023430133,True,-0.012723049044549573,-0.002247626428986571,-0.010475422615563001,0.0024146581076254225,0.03301685719821723,-0.03060219909059181,-0.07415466140639948,0.06762255376864945,-0.14177721517504893,-0.029299665846415968,0.12702964541755457,-0.15632931126397054,-0.04968431177523469,0.08215462119744221,-0.1318389329726769,-0.11106983015756922
2026-03-23,MMM,146.56,0.6820437014601968,True,True,177.41,-0.17389098697931338,True,-0.027565502183406032,-0.03571973511550541,0.008154232932099381,0.013032205240174566,0.07430803503311068,-0.06127582979293611,0.08644923580786013,0.13058073178919116,-0.04413149598133104,,,,,,,-0.03527565502183416
2017-07-31,MO,64.97,0.5800097276264593,True,True,77.79,-0.1648026738655355,True,0.01569955364014164,0.004457592089800233,0.011241961550341406,-0.016007388025242375,-0.008915184179600466,-0.007092203845641909,-0.01292904417423435,0.03967256959922194,-0.05260161377345629,0.09712174849930744,0.1455606435142034,-0.048438895014895955,-0.1088194551331384,0.1404141508287069,-0.2492336059618453,-0.06449130367862088
2022-04-22,MOS,66.77,1.5368541033434648,True,True,79.28,-0.15779515640766906,True,-0.06514901902051806,-0.03295465214533855,-0.032194366875179514,-0.13209525235884367,-0.08546145901793267,-0.046633793340911,-0.28066496929758866,-0.07339686414421187,-0.2072681051533768,-0.22120712895012729,-0.14099615059618809,-0.0802109783539392,-0.3402725775048675,-0.032485212656088724,-0.3077873648487788,-0.3634865957765463
2020-03-12,MRK,71.0401,0.13490927448342838,True,True,88.3969,-0.19635077700688608,True,-0.049966145880988355,-0.030631574704768183,-0.019334571176220172,0.10799112050799486,0.12127685300874602,-0.013285732500751157,0.11349927716881036,0.3026480190238199,-0.18914874185500952,0.13404964238507566,0.42114384748700173,-0.28709420510192607,0.004163845490082307,0.5701906412478335,-0.5660267957577512,-0.12357246118741383
2024-07-31,MRK,113.13,0.44427422443508235,True,True,134.63,-0.15969694718859095,True,-0.005657208521170354,-0.058368584448357796,0.05271137592718744,0.037744188102183385,0.013598155443800941,0.024146032658382444,-0.06408556527888265,0.05161489442820577,-0.11570045970708842,-0.14584990718642266,0.10700604564187288,-0.25285595282829554,-0.30946698488464597,0.14754634084348517,-0.45701332572813114,-0.0695659860337664
2023-08-18,NET,58.98,0.47745490981963923,True,True,76.07,-0.22466149599053498,True,0.054594777890810464,0.007949599083619807,0.04664517880719066,0.04645642590708721,0.016334478808705644,0.030121947098381563,0.08324855883350302,0.008453608247422695,0.07479495058608032,0.8297728043404544,0.1482245131729667,0.6815482911674877,0.3967446592065107,0.26989690721649473,0.12684775199001597,-0.08645303492709389
2024-02-28,NET,97.48,0.35917456776352497,True,True,116.0,-0.15965517241379312,True,0.00010258514567085264,0.006893690988819978,-0.006791105843149126,-0.009540418547394403,0.0334018093469759,-0.0429422278943703,-0.24476815757078374,0.03891281159878335,-0.2836809691695671,-0.1554164956914239,0.10358313909848715,-0.25899963478991106,0.44357816988100107,0.15563149369888984,0.2879466761821112,-0.2637464095199016
2025-02-25,NET,143.14,0.378865234563144,True,True,177.368,-0.19297731270578689,True,-0.015439429928740922,-0.029247442110931554,0.013808012182190632,-0.10926365795724458,-0.03160339256865907,-0.0776602653885855,0.09347491965907517,-0.019150511577813667,0.11262543123688884,0.4137906944250387,0.08255923532579423,0.33123145909924445,0.14440407992175497,0.15668753365643506,-0.012283453734680094,-0.37529691211401417
2025-11-13,NET,213.54,4.290882061446977,True,True,260.0,-0.1786923076923077,True,-0.10372763884986425,-0.029031010058925055,-0.07469662879093919,-0.05198089350941271,0.014463424796143043,-0.06644431830555575,-0.11299990634073243,0.029641092792095813,-0.14264099913282824,-0.08153039243233118,0.09758347717397786,-0.17911386960630904,,,,-0.24908682214105082
2026-06-10,NET,219.67,2.142182806465456,True,True,276.815,-0.20643751241804098,True,0.0327764373833479,0.021407992500999562,0.011368444882348339,0.22183274912368556,0.040693106157727366,0.1811396429659582,0.2697227659671326,0.06170133575948067,0.20802143020765196,,,,,,,-0.03345927982883412
2026-09-04,NET,278.92,3.330383480825959,True,True,332.22,-0.1604358557582325,True,,,,,,,,,,,,,,,,
2016-01-15,NKE,57.56,1.1461595824011934,True,True,68.195,-0.15594984969572534,True,0.054551772063933246,-0.0009051701187371419,0.05545694218267039,0.003995830437804049,0.0104893243171289,-0.006493493879324852,0.035093815149409346,0.10750226292529685,-0.07240844777588751,-0.014593467685893091,0.13226132793780954,-0.14685479562370263,-0.0896455872133427,0.2061658058676321,-0.2958113930809748,-0.06810284920083398
2020-02-27,NKE,88.55,0.5304182509505704,True,True,105.62,-0.1616171179700815,True,0.02292490118577084,0.01663809619844714,0.006286804987323702,-0.047995482778091514,-0.12204631777083119,0.07405083499273968,0.05872388481084134,-0.006957749319350559,0.0656816341301919,0.20801806888763408,0.1382474538670968,0.06977061502053727,0.5319028797289669,0.31682968639709586,0.21507319333187103,-0.3224167137210615
2021-09-27,NKE,148.04,0.7459606085623303,True,True,174.38,-0.15104943227434342,True,-0.006079437989732539,-0.03162841135008132,0.02554897336034878,0.10929478519319114,0.02916591360925369,0.08012887158393744,0.12557416914347486,0.04613229712633293,0.07944187201714192,-0.11348284247500662,0.004247243809867962,-0.11773008628487458,-0.344636584706836,-0.1687375745526839,-0.1758990101541521,-0.024790597135909143
2022-01-10,NKE,150.44,0.9685946087411672,True,True,179.1,-0.16002233389168063,True,-0.023198617388992315,-0.019376597710038412,-0.003822019678953903,-0.04593193299654341,-0.03129900539193575,-0.01463292760460766,-0.1467694762031374,-0.040793967906167405,-0.10597550829697,-0.30656740228662593,-0.17948056969775084,-0.1270868325888751,-0.17010103695825585,-0.1668062984683465,-0.0032947384899093546,-0.2239431002392981
2014-01-31,NVAX,108.8,1.5302325581395348,True,True,130.0,-0.16307692307692312,True,-0.018382352941176516,0.008418453249523061,-0.026800806190699578,0.15808823529411775,0.03816365473117056,0.11992458056294719,-0.17463235294117652,0.05370973173195637,-0.22834208467313288,-0.1783088235294117,0.11488382534515651,-0.2931926488745682,0.44485294117647056,0.13362891458076098,0.3112240265957096,-0.38602941176470584
2014-04-29,NVAX,89.8,0.796,True,True,139.0,-0.35395683453237414,True,-0.08463251670378613,-0.005166444740346221,-0.07946607196343991,0.09576837416481077,0.01933422103861515,0.07643415312619561,-0.00445434298440972,0.058055925432756394,-0.06251026841716611,0.0868596881959911,0.0038348868175765993,0.0830248013784145,0.8329621380846326,0.12260985352862863,0.710352284556004,-0.15367483296213802
2015-03-25,NVAX,159.6,4.999999999999999,True,True,199.0,-0.19798994974874373,True,0.040100250626566414,-0.00029160186625198925,0.0403918524928184,0.08395989974937357,0.026244167962675036,0.05771573178669853,0.17543859649122817,0.024543157076205357,0.15089543941502281,0.27443609022556403,-0.03547822706065307,0.3099143172862171,-0.30827067669172925,-0.005832037325038786,-0.30243863936669046,-0.07894736842105254
2015-08-07,NVAX,216.6,4.181818181818182,True,True,262.4,-0.17454268292682917,True,0.22807017543859653,0.007069006972830083,0.22100116846576645,-0.052631578947368474,-0.0738639095936523,0.021232330646283826,-0.29085872576177285,0.011733589805241529,-0.3025923155670144,-0.5244690674053555,-0.0684299110363068,-0.4560391563690487,-0.306555863342567,0.04068285645587877,-0.3472387197984458,-0.42289935364727604
2015-11-02,NVAX,153.6,2.657142857142857,True,True,300.2,-0.4883411059293804,True,-0.0234375,-0.010979609297019688,-0.012457890702980312,0.11328125,0.0013783925091497284,0.11190285749085027,-0.32942708333333326,-0.07923380388801748,-0.2501932794453158,-0.28385416666666663,-0.006987024098103478,-0.27686714256856315,-0.8125,0.010219116878178669,-0.8227191168781787,-0.375
2020-05-21,NVAX,50.07,1.4072115384615382,True,True,61.5,-0.1858536585365853,True,-0.08048731775514284,0.03201302224633751,-0.11250034000148035,0.2931895346514879,0.046663049376017396,0.2465264852754705,2.1062512482524465,0.145923765599566,1.9603274826528805,0.5725983622927899,0.20062398263700487,0.37197437965578506,1.8388256440982622,0.39331253391209997,1.4455131101861622,-0.19113241461953268
2020-08-17,NVAX,155.53,6.69950495049505,True,True,189.4,-0.17882787750791973,True,-0.2332025975696007,0.014826433073895418,-0.24802903064349613,-0.29055487687262904,0.0066881714065876174,-0.29724304827921666,-0.4937311129685592,0.047734603888609284,-0.5414657168571685,1.0570307979168008,0.15566275043650668,0.9013680474802941,0.6541503246961999,0.3196413246130625,0.33450900008313744,-0.5075548125763518
2021-02-16,NVAX,262.7,5.600502512562814,True,True,331.68,-0.20797153883260977,True,-0.07411496003045304,-0.012235534030079043,-0.061879426000373994,-0.15405405405405403,0.009202141218455306,-0.16325619527250934,-0.5134373810430148,0.03341830231965326,-0.5468556833626681,-0.27716025885039974,0.12793780270201371,-0.40509806155241346,-0.6650171298058623,0.14534794799898032,-0.8103650778048426,-0.5365816520746098
2020-09-11,OKTA,193.66,5.414706856575024,True,True,231.29,-0.16269618228198368,True,0.020603118868119497,-0.01020774711129746,0.030810865979416957,0.2209542497159971,0.038286535352930695,0.1826677143630664,0.27052566353402874,0.1048614021433274,0.16566426139070134,0.11515026334813605,0.1483865173920853,-0.033236254043949254,0.3759165547867396,0.3440100580734,0.03190649671333956,-0.04446968914592586
2021-01-06,OKTA,239.72,8.022205494919081,True,True,287.35,-0.165756046633026,True,0.07041548473218762,0.016704591085530796,0.05371089364665682,0.18313031870515606,0.03383750501940841,0.14929281368574765,-0.05377106624395123,0.08783295408914471,-0.14160402033309594,0.03470715835141003,0.14496051398741794,-0.11025335563600791,-0.07116636075421323,0.2788381742738588,-0.35000453502807205,-0.16953111963957945
2021-04-05,OKTA,226.83,4.817645550141062,True,True,294.0,-0.22846938775510195,True,0.09756205087510472,0.012993404862683189,0.08456864601242153,0.12824582286293684,0.029136726055714046,0.0991090968072228,0.09350614998016127,0.052515011320011684,0.040991138660149584,0.12586518538112235,0.09060931194015165,0.0352558734409707,-0.3272494819909184,0.12880204744561463,-0.45605152943653304,-0.07573954062513777
2026-08-24,OKTA,130.97,0.8522132654504315,True,True,157.0,-0.165796178343949,True,0.32121859967931576,0.004689116795682846,0.3165294828836329,,,,,,,,,,,,,-0.025731083454226145
2022-09-07,OXY,65.43,0.43928728552573704,True,True,77.13,-0.15169194865810953,True,0.02705181109582755,-0.007994368746543246,0.035046179842370795,0.03530490600641878,-0.05201367590125194,0.08731858190767072,0.05150542564572813,0.024133943385791223,0.027371482259936908,-0.0874216720158949,-0.00764241540550048,-0.07977925661039442,0.0021396912731161954,0.12177585600080465,-0.11963616472768845,-0.12226807274950335
2024-06-04,OXY,59.89,1.0489223400615804,True,True,71.19,-0.15873015873015872,True,0.012022040407413614,0.016200155188402565,-0.004178114780988951,0.04057438637502098,0.04366093226594003,-0.003086545890919057,-0.04474870596092839,0.056700543159408756,-0.10144924912033715,-0.13291033561529475,0.12702738507541778,-0.2599377206907125,-0.3002170646184672,0.12782225250288604,-0.42803931712135324,-0.08098179996660548
2023-10-02,PCG,15.22,0.6208732694355696,True,True,18.19,-0.16327652556349648,True,0.023653088042049797,0.011654302497016156,0.011998785545033641,0.06438896189224685,-0.02742739463153221,0.09181635652377906,0.17805519053876462,0.11513889213919626,0.06291629839956836,0.07818659658344274,0.21637686925183108,-0.13819027266838835,0.2989487516425755,0.3427254218249045,-0.043776670182329,-0.033508541392904045
2025-01-10,PCG,17.17,0.4477234401349075,True,True,21.72,-0.2094843462246776,True,-0.00931857891671517,0.029440644972350993,-0.03875922388906616,-0.08852649970879445,0.04196454719288889,-0.13049104690168334,-0.07163657542224822,-0.14472256197350508,0.07308598655125687,-0.20559114735002915,0.06923461213802118,-0.2748257594880503,-0.07687827606290054,0.19566228531068597,-0.2725405613735865,-0.12696563774024472
2014-05-28,PLUG,4.36,0.5298245614035089,True,True,11.72,-0.6279863481228669,True,-0.002293577981651529,0.009457623576131224,-0.011751201557782753,0.03899082568807333,0.02194586686174116,0.01704495882633217,0.33256880733944927,0.04242867593269928,0.29014013140675,-0.14678899082568808,0.06719615424809278,-0.21398514507378086,-0.40825688073394495,0.10095098756400867,-0.5092078682979536,-0.07568807339449546
2019-08-19,PLUG,2.23,0.35151515151515156,True,True,2.87,-0.22299651567944256,True,-0.0358744394618834,-0.014812027503164127,-0.021062411958719274,0.21973094170403606,0.02938459959634665,0.19034634210768941,0.37668161434977576,0.05702459549139682,0.31965701885837894,0.9641255605381165,0.14487052303903125,0.8192550374990852,4.112107623318386,0.15225943283275756,3.9598481904856286,-0.07623318385650224
2019-12-03,PLUG,3.38,1.4671532846715327,True,True,4.04,-0.1633663366336634,True,-0.09171597633136097,0.012857373606848466,-0.10457334993820944,-0.041420118343195145,0.049491196898723944,-0.09091131524191909,0.289940828402367,-0.0014860281053142854,0.2914268565076813,0.28106508875739644,-0.019447585204328988,0.30051267396172543,6.807692307692308,0.1696333387174931,6.638058968974815,-0.18639053254437865
2020-03-02,PLUG,4.36,3.037037037037037,True,True,6.05,-0.2793388429752065,True,-0.0986238532110092,-0.11278268465495478,0.014158831443945585,-0.17889908256880738,-0.15348280436118933,-0.025416278207618048,-0.006880733944954143,-0.017988288200847635,0.011107554255893493,2.135321100917431,0.09443851305445006,2.0408825878629813,10.096330275229358,0.2305800899414412,9.865750185287917,-0.4197247706422019
2020-07-13,PLUG,8.31,3.0935960591133007,True,True,10.49,-0.20781696854146803,True,0.03489771359807459,0.030110532333883944,0.004787181264190643,0.44885679903730424,0.0658429678566892,0.38301383118061505,0.9530685920577617,0.06381018930250293,0.8892584027552588,3.080625752105896,0.18752382162368186,2.8931019304822145,2.536702767749699,0.38330580612374554,2.1533969616259534,-0.14921780986762934
2020-10-21,PLUG,14.86,4.873517786561265,True,True,19.02,-0.2187171398527865,True,-0.004037685060565233,-0.04688822104863888,0.042850535988073646,0.5625841184387617,0.03953549441251125,0.5230486240262504,3.4730820995962315,0.10480553205146892,3.3682765675447626,0.7557200538358009,0.213404137367607,0.5423159164681939,1.250336473755047,0.3148542584541767,0.9354822153008704,-0.07873485868102292
2021-01-20,PLUG,62.5,26.53303964757709,True,True,73.9,-0.15426251691474968,True,0.03072000000000008,-0.024694573966500766,0.055414573966500846,-0.19632000000000005,0.017791554872489623,-0.21411155487248967,-0.56416,0.08692594232722928,-0.6510859423272293,-0.55488,0.13467399515486211,-0.6895539951548622,-0.62496,0.21055510693167334,-0.8355151069316733,-0.60624
2021-04-16,PLUG,27.24,13.48936170212766,True,True,75.49,-0.639157504305206,True,0.027165932452276165,-0.0012462253750659125,0.028412157827342077,-0.0976505139500734,-0.001629679336624612,-0.09602083461344879,0.021292217327459673,0.043929444471073165,-0.022637227143613492,-0.09691629955947123,0.04227579926185099,-0.13919209882132222,-0.048458149779735615,0.05040023007237693,-0.09885837985211254,-0.3219530102790015
2018-10-10,PYPL,75.45,1.3533998752339365,True,True,93.7,-0.19477054429028817,True,0.061497680583167735,0.0077254761049225795,0.053772204478245156,0.16938369781312135,0.009737693136902648,0.1596460046762187,0.175612988734261,-0.07736255839022643,0.25297554712448744,0.38449304174950294,0.031908012935680796,0.35258502881382214,0.3239231278992709,0.04660438375853393,0.277318744140737,-0.010470510271703204
2019-08-12,PYPL,102.72,1.696062992125984,True,True,121.48,-0.15442871254527502,True,0.04818925233644866,0.014788072343527636,0.033401179992921026,0.0032126168224297924,0.03492206755302529,-0.0317094507305955,-0.016841900311526548,0.06581733606415097,-0.08265923637567751,0.13424844236760136,0.12514319436248145,0.009105248005119915,0.9337032710280373,0.16141909952442113,0.7722841715036162,-0.07739485981308414
2020-03-09,PYPL,101.63,1.3695500116577288,True,True,124.45,-0.18336681398151877,True,-0.08767096329823865,-0.12536921562192327,0.03769825232368462,0.0003935845714848618,-0.03416839878933742,0.03456198336082228,0.542654727934665,0.1383874849578821,0.40426724297678285,1.0106267834300895,0.27021113663712937,0.7404156467929601,1.3521597953360232,0.3989352003792437,0.9532245949567795,-0.19246285545606612
2020-09-17,PYPL,175.79,1.81264,True,True,212.45,-0.17255824899976469,True,0.03640707662551912,-0.03674368747022383,0.07315076409574295,0.15558336651686666,0.034718913768461146,0.12086445274840552,0.21770294100915866,0.09069795140543135,0.1270049896037273,0.44393879060242347,0.1717782277274893,0.2721605628749342,0.6066329142727118,0.33361124344926174,0.2730216708234501,-0.023664599806587416
2021-02-25,PYPL,253.94,2.1865980675116075,True,True,309.14,-0.17855987578443422,True,-0.05855713948176733,-0.014725498914550217,-0.04383164056721711,-0.07757738048357876,0.019276541207857045,-0.09685392169143581,-0.012798298810742681,0.08529280987628485,-0.09809110868702753,0.0675750177207215,0.1614050689195199,-0.09383005119879839,-0.5937229266755926,0.12355818272173247,-0.717281109397325,-0.1214853902496652
2021-09-28,PYPL,262.19,1.9180856983861996,True,True,310.16,-0.15466210987877227,True,-0.0077806171097296595,-0.001429493682560179,-0.0063511234271694805,-0.07319119722338763,0.05127732177441646,-0.12446851899780409,-0.2689271139250162,0.07832241999446632,-0.34724953391948254,-0.5627216903772073,0.02460112514986612,-0.5873228155270734,-0.6786300011442084,-0.16003412339758372,-0.5185958777466246,-0.3167168847019337
2025-03-11,RBLX,54.75,0.29463230078032643,True,True,75.74,-0.27713229469236855,True,0.02246575342465751,0.009173981867894643,0.013291771556762866,-0.06447488584474892,-0.10692185926032516,0.04244697341557624,0.7205479452054795,0.06679018563822137,0.6537577595672581,1.34648401826484,0.15173046481508146,1.1947535534497586,0.07452054794520535,0.21812491005900125,-0.1436043621137959,-0.08493150684931505
2025-08-01,RBLX,125.03,1.9804529201430272,True,True,150.59,-0.16973238594860218,True,0.029432936095337148,0.02486649938879215,0.004566436706544996,-0.003519155402703311,0.03752493083703268,-0.04104408623973599,0.027673358393985437,0.10216817860129956,-0.07449482020731413,-0.40718227625369907,0.10858585858585856,-0.5157681348395576,-0.7152683355994561,0.20155375410152465,-0.9168220897009808,-0.10421498840278332
2014-10-09,RCL,58.18,1.6373526745240254,True,True,69.31,-0.16058288847208202,True,-0.03128222756961152,-0.03356853792674064,0.0022863103571291177,0.1650051564111379,0.05401058420670335,0.11099457220443454,0.4085596424888278,0.03673342326450135,0.37182621922432646,0.417153661051908,0.07108021168413403,0.34607344936777396,0.5656583018219321,0.034606205250596656,0.5310520965713355,-0.10072189755929872
2015-04-20,RCL,72.71,1.6969584569732934,True,True,85.56,-0.1501870032725574,True,-0.03094484940173292,0.004384083869430677,-0.0353289332711636,0.04139733186631833,0.015487252799618823,0.02591007906669951,0.1496355384403798,0.00362163450083397,0.14601390393954583,0.26420024755879545,-0.04117226590421719,0.30537251346301264,0.11470224178242328,-0.009864188706218746,0.12456643048864202,-0.09352221152523721
2016-01-15,RCL,82.92,1.2906077348066298,True,True,103.4,-0.19806576402321086,True,0.00542691751085389,-0.0009051701187371419,0.006332087629591032,-0.12554269175108534,0.0104893243171289,-0.13603201606821425,0.01808972503617956,0.10750226292529685,-0.0894125378891173,-0.17534973468403292,0.13226132793780954,-0.30761106262184246,0.03581765557163519,0.2061658058676321,-0.17034815029599693,-0.22563917028461178
2018-04-06,RCL,114.83,0.4225718533201188,True,True,135.65,-0.153483228897899,True,-0.009492292954802806,0.020907130756198766,-0.030399423711001572,-0.06505268658016194,0.024256892037578748,-0.08930957861774069,-0.09466167377862933,0.04674264592638222,-0.14140431970501155,0.1260123661064183,0.11612505775450477,0.009887308351913537,0.009056866672472408,0.10572924688125673,-0.09667238020878433,-0.11869720456326738
2023-09-18,RCL,95.92,0.41704830846506136,True,True,112.95,-0.15077467906153164,True,-0.05160550458715596,-0.025697089917273375,-0.025908414669882585,-0.09612176814011675,-0.017108851971237238,-0.07901291616887951,0.25417014178482056,0.04614205531636739,0.20802808646845317,0.33236030025020846,0.152491941482767,0.17986835876744145,0.7695996663886573,0.268714920091067,0.5008847462975903,-0.18317347789824856
2024-08-02,RCL,138.85,0.8062963444776894,True,True,173.37,-0.1991117263655766,True,0.12171407994238392,0.0001688872208669423,0.12154519272151698,0.18559596687072388,0.057759429536498264,0.12783653733422562,0.46575441123514594,0.08994182773503479,0.37581258350011115,0.7055815628375945,0.12473259523362734,0.5808489676039672,1.2736766294562476,0.18440607993995117,1.0892705495162964,-0.06316168527187604
2025-02-21,RCL,234.26,1.715428306479657,True,True,277.08,-0.15454020499494725,True,0.05054213267309837,-0.009600960096009747,0.06014309276910812,-0.08012464782720052,-0.059939327266059994,-0.02018532056114053,0.08439340903269876,-0.008484181751508557,0.09287759078420732,0.3331341244770769,0.0750241690835749,0.258109955393502,0.3450439682404165,0.14916491649164887,0.19587905174876763,-0.299880474686246
2025-08-08,RCL,301.44,6.7610710607621005,True,True,355.91,-0.15304430895451104,True,0.04150079617834401,0.009824539376628527,0.031676256801715486,0.1646098726114651,0.018283687498038326,0.14632618511342677,-0.07842356687898089,0.07244420728836443,-0.15086777416734531,0.07699708067940536,0.08598826077403565,-0.008991180094630291,0.06157112526539277,0.21356602529897373,-0.15199490003358096,-0.08701565817409773
2025-11-03,RCL,277.8,4.52066772655008,True,True,366.5,-0.24201909959072299,True,-0.04614830813534909,-0.002780460678432406,-0.043367847456916686,-0.045788336933045404,-0.002648754646296214,-0.04313958228674919,0.16864650827933758,0.012629145081511473,0.1560173631978261,-0.0788696904247661,0.04148740012292573,-0.12035709054769184,,,,-0.12005039596832257
2020-10-30,ROKU,202.4,9.37948717948718,True,True,239.14,-0.15363385464581414,True,0.2517786561264823,0.07233417039260126,0.17944448573388105,0.4504446640316204,0.10877687266491076,0.34166779136670966,0.996096837944664,0.15645862681447897,0.839638211130185,0.8212944664031621,0.2788938568016168,0.5424006096015452,0.583794466403162,0.4035646475163839,0.18022981888677814,-0.02905138339920943
2021-02-25,ROKU,382.34,8.208574181117532,True,True,486.72,-0.2144559500328732,True,-0.05856044358424439,-0.014725498914550217,-0.043834944669694176,-0.16927342156196046,0.019276541207857045,-0.1885499627698175,-0.13519380655960667,0.08529280987628485,-0.2204866164358915,-0.06617147041899873,0.1614050689195199,-0.22757653933851862,-0.6809907412250876,0.12355818272173247,-0.8045489239468201,-0.2875189621802583
2021-08-05,ROKU,403.48,7.682590918872391,True,True,490.761,-0.17784828052758883,True,-0.0841677406562904,0.0075833031510323945,-0.0917510438073228,-0.14124615842173094,0.025873777616805427,-0.16711993603853637,-0.24432437791216421,0.03959163346613548,-0.2839160113782997,-0.633885198770695,-0.01896957624049256,-0.6149156225302025,-0.8042034301576286,-0.061820898225280696,-0.7423825319323479,-0.2715871914345198
2025-11-17,ROKU,96.89,0.745451270041434,True,True,116.66,-0.16946682667581003,True,-0.03416245226545567,0.004596872324124757,-0.038759324589580424,0.1465579523170606,0.019829645319753064,0.12672830699730753,-0.07049231086799457,0.024156113389517397,-0.09464842425751196,0.3172670038187635,0.10892784713146142,0.20833915668730207,,,,-0.18949323975642485
2018-06-27,SHOP,14.47,3.3168257756563246,True,True,17.511,-0.17366226943064356,True,0.05514858327574301,0.013959532207165282,0.04118905106857773,0.1768486523842432,0.051939855206979635,0.12490879717726355,0.11624049758120258,0.0840542045665491,0.03218629301465348,-0.07125086385625434,-0.05297939483942826,-0.01827146901682608,0.9974429854872147,0.07841098941897151,0.9190319960682432,-0.09744298548721497
2018-10-04,SHOP,14.891,3.0508705114254626,True,True,17.6599,-0.15679024230035277,True,-0.13780135652407488,-0.05966694306246534,-0.07813441346160954,-0.030622523672016677,-0.0550373134328358,0.024414789760819122,-0.07595191726546235,-0.13564123825317853,0.05968932098771618,0.3875495265596669,-0.024046434494195634,0.41159596105386254,1.1863541736619436,0.003385848535102376,1.1829683251268412,-0.20999261298771077
2019-06-25,SHOP,28.404,8.528346192552835,True,True,33.894,-0.16197557089750392,True,0.09829601464582449,0.019500619067271963,0.07879539557855253,0.160294324742994,0.03673132480396202,0.12356299993903197,0.1442050415434446,0.03549319026000819,0.10871185128343641,0.35744965497817227,0.09134681524281185,0.2661028397353604,2.18550204196592,0.06830375567478342,2.1171982862911367,-0.00827348260808336
2019-09-19,SHOP,32.5,6.833212822366836,True,True,40.961,-0.2065623397866263,True,-0.03649230769230771,-0.013551215623754387,-0.022941092068553326,0.019507692307692226,-0.005978477481068167,0.025486169788760393,0.18636923076923084,0.053939152384748335,0.1324300783844825,0.16239999999999988,-0.17593330676232222,0.3383333067623221,1.7236307692307693,0.125348744519729,1.5982820247110403,-0.13206153846153856
2020-02-24,SHOP,49.096,6.783132530120482,True,True,59.389,-0.17331492363905787,True,-0.005214274075280967,-0.04134358910737557,0.0361293150320946,-0.23539595893759158,-0.3085106382978724,0.07311467936028082,0.5337502036825812,-0.09444203213200175,0.6281922358145829,1.036622128075607,0.04469325724210638,0.9919288708335006,1.9228654065504323,0.2096954283233048,1.7131699782271275,-0.3781570800065178
2020-09-04,SHOP,97.302,7.7920845757657915,True,True,114.691,-0.15161608147108319,True,-0.042332120614170354,-0.011997547946405174,-0.03033457266776518,0.09507512692442077,-0.008202703097177189,0.10327783002159796,0.09870300713243307,0.06845316285722625,0.030249844275206828,0.34626215288483264,0.13722742797092558,0.20903472491390707,0.5853733736202749,0.322912105555069,0.26246126806520587,-0.13732502929025103
2021-01-04,SHOP,109.24,9.355483932126267,True,True,128.5185,-0.15000564121118742,True,0.07803002563163686,0.026844545676401044,0.05118547995523581,0.13085865983156353,0.034599636649583765,0.09625902318197976,0.012907359941413565,0.07467664524526141,-0.06176928530384784,0.3489015012815819,0.1567829930312643,0.19211850825031762,0.27997070670084234,0.2911412999267875,-0.011170593225945158,-0.07987916514097404
2021-03-31,SHOP,110.65,7.881130106750142,True,True,149.975,-0.26221036839473244,True,0.10500677812923631,0.03075719728509063,0.07424958084414568,0.11438770899231798,0.059874347134963424,0.05451336185735456,0.33171260732037955,0.07640097898216136,0.2553116283382182,0.29882512426570274,0.09411349128251723,0.2047116329831855,-0.3659286037053774,0.1503292710619939,-0.5162578747673713,-0.07358788974243125
2021-09-28,SHOP,136.931,7.4525308641975325,True,True,165.0,-0.17011515151515144,True,-0.037413003629565345,-0.001429493682560179,-0.035983509947005166,-0.0040969539403057365,0.05127732177441646,-0.0553742757147222,0.011918411462707335,0.07832241999446632,-0.06640400853175898,-0.5008800052581228,0.02460112514986612,-0.5254811304079889,-0.7936917133446773,-0.16003412339758372,-0.6336575899470935,-0.07114605166105559
2021-12-22,SHOP,138.563,10.319581733518502,True,True,176.2918,-0.21401335739949334,True,0.009100553538823775,0.018110286728388436,-0.009009733189564662,-0.3633798344435383,-0.0635249844982787,-0.29985484994525957,-0.5067586585163427,-0.04981932476640516,-0.45693933374993756,-0.7647063068784596,-0.18920652569009389,-0.5754997811883658,-0.7402625520521351,-0.1863413799739143,-0.5539211720782208,-0.631921941643873
2025-03-03,SHOP,106.58,0.6051688303864575,True,True,129.38,-0.1762250734271139,True,-0.12976168136611,-0.03972454905185252,-0.09003713231425747,-0.10414711953462186,-0.04176302310841595,-0.062384096426205904,0.004972790392193671,0.006783493499152193,-0.0018107031069585222,0.33336460874460516,0.10541822978227722,0.22794637896232794,0.12009757928316755,0.17577127978484675,-0.05567370050167919,-0.3447175830362169
2025-11-07,SHOP,152.41,3.548194568785437,True,True,182.19,-0.16345573302596195,True,-0.04179515779804477,0.0014307644156965615,-0.04322592221374133,0.03936749557115671,0.018868205731999987,0.02049928983915672,-0.27012663211075394,0.00991102433789881,-0.28003765644865275,-0.1631126566498261,0.07010745636913707,-0.23322011301896317,,,,-0.28622137655009505
2022-12-09,SLB,46.97,0.2579003749330475,True,True,56.04,-0.16184867951463244,True,0.05130934639131368,-0.025452603742880386,0.07676195013419407,0.19139876516925702,-0.006865337672904759,0.19826410284216178,0.11113476687247181,-0.004373474369405939,0.11550824124187775,-0.015967638918458538,0.0859947111472743,-0.10196235006573284,0.03896103896103886,0.17015866558177395,-0.13119762662073509,0.0006387055567382838
2023-03-13,SLB,48.84,1.8101265822784813,True,True,59.45,-0.17846930193439858,True,-0.05364455364455378,0.02174589993772047,-0.07539045358227425,0.047092547092546955,0.06321361843471052,-0.016121071342163562,-0.01453726453726456,0.10688706663898695,-0.12142433117625151,0.23095823095823076,0.17082727838903877,0.06013095256919199,0.05507780507780513,0.3267593938135769,-0.27168158873577175,-0.1251023751023752
2023-11-09,SLB,52.74,2.4651773981603156,True,True,62.12,-0.1509980682549903,True,-0.011945392491467643,0.03777890466531453,-0.04972429715678217,-0.07470610542282907,0.06075972708832755,-0.13546583251115663,-0.10030337504740228,0.14811912225705348,-0.24842249730445576,-0.09632157755024662,0.1785220357735573,-0.2748436133238039,-0.180128934395146,0.3728794025447171,-0.5530083369398631,-0.10693970420932875
2020-07-23,SNAP,21.97,0.5172651933701655,True,True,26.76,-0.17899850523168914,True,0.020027309968138507,0.003096358682189715,0.016930951285948792,-0.006372325898953091,0.04743621501114692,-0.05380854091010001,0.266727355484752,0.07533440673767666,0.19139294874707535,1.4319526627218937,0.1759660639088434,1.2559865988130503,1.8852981338188441,0.34552266534555365,1.5397754684732905,-0.0619025944469731
2020-11-10,SNAP,38.54,1.9852827265685513,True,True,45.6,-0.15482456140350886,True,0.018941359626362342,0.01858547056829729,0.0003558890580650509,0.27529839128178524,0.036182352276578955,0.23911603900520628,0.6549039958484693,0.10301095921364811,0.5518930366348211,0.4029579657498703,0.17430233871878875,0.22865562703108155,0.4244940321743642,0.32451135464919223,0.09998267752517198,-0.005189413596263459
2021-03-03,SNAP,60.02,2.487507263219059,True,True,73.59,-0.18440005435521134,True,-0.08247250916361215,0.021393739185150196,-0.10386624834876235,-0.12879040319893376,0.039090766084631134,-0.1678811692835649,0.017494168610463046,0.09928687536049496,-0.08179270675003192,0.2579140286571142,0.17261811126841797,0.08529591738869624,-0.3345551482839054,0.14474857112893913,-0.47930371941284455,-0.20159946684438523
2021-10-22,SNAP,55.14,7.06140350877193,True,True,83.34,-0.3383729301655868,True,-0.046427276024664565,0.013528425141242861,-0.05995570116590743,-0.06927820094305404,0.034803142655367214,-0.10408134359842125,-0.36434530286543354,-0.003023481638418035,-0.3613218212270155,-0.39807762060210383,-0.03383209745762705,-0.3642455231444768,-0.804316285817918,-0.19356903248587565,-0.6107472533320424,-0.3696046427276025
2025-02-04,SOFI,15.29,0.3774774774774774,True,True,18.42,-0.16992399565689476,True,-0.03008502289077819,0.005865931071155517,-0.03595095396193371,-0.12164813603662517,-0.03110771378244548,-0.09054042225417969,-0.18181818181818177,-0.071969822858852,-0.10984835895932976,0.4650098103335514,0.055634949649373544,0.40937486068417783,0.42315238718116444,0.14581740835521284,0.2773349788259516,-0.4375408763897972
2025-08-01,SOFI,21.23,2.2965838509316767,True,True,25.11,-0.15452011150935874,True,0.04097974564295814,0.02486649938879215,0.01611324625416599,0.20301460197833254,0.03752493083703268,0.16548967114129987,0.4130946773433819,0.10216817860129956,0.31092649874208234,0.21761658031088094,0.10858585858585856,0.10903072172502237,-0.23174752708431468,0.20155375410152465,-0.4333012811858393,-0.024964672633066454
2025-11-06,SOFI,27.16,3.7399650959860384,True,True,32.565,-0.16597574082604016,True,0.04528718703976442,0.00258089540660289,0.04270629163316153,0.022827687776141525,0.0229446077188169,-0.00011691994267537531,-0.2360088365243005,0.023690531246736812,-0.2596993677710373,-0.39506627393225335,0.07509958079097734,-0.4701658547232307,,,,-0.26104565537555224
2026-02-04,SOFI,20.75,2.106287425149701,True,True,32.73,-0.3660250534677665,True,-0.009638554216867434,0.008408749763185064,-0.018047303980052498,-0.07228915662650603,-0.007111732901966095,-0.06517742372453994,-0.2081927710843373,0.05021932700855447,-0.2584120980928918,-0.2650602409638554,0.06305833661230853,-0.3281185775761639,,,,-0.28048192771084335
2018-07-31,TDOC,59.85,0.9362665803946943,True,True,71.3,-0.16058906030855535,True,0.11445279866332503,0.015106814061778051,0.09934598460154698,0.24477861319966587,0.030533537127217292,0.21424507607244858,0.03842940685045937,-0.0569082572068389,0.09533766405729827,0.0053467000835421,-0.06369743717342613,0.06904413725696823,0.1719298245614036,0.06892261756655893,0.10300720699484467,-0.0008354218880535225
2018-10-24,TDOC,62.15,2.4148351648351647,True,True,89.046,-0.30204613345911113,True,0.11568785197103781,0.0200135685210312,0.09567428345000661,-0.11633145615446494,-0.001130710085934017,-0.11520074606853092,-0.031858407079645934,-0.007198854213779415,-0.02465955286586652,-0.1697506033789219,0.09309513040856321,-0.2628457337874851,0.08736926790024135,0.13025780189959302,-0.04288853399935166,-0.3229283990345937
2020-02-28,TDOC,124.96,4.718993135011441,True,True,148.0,-0.15567567567567575,True,0.08754801536491685,0.004050496185782793,0.08349751917913406,0.31370038412291934,-0.1446027138324445,0.45830309795536384,0.3161811779769528,0.009518666036589352,0.3066625119403634,0.7326344430217671,0.13829069060959975,0.5943437524121673,0.7569622279129322,0.2905218389252684,0.4664403889876638,-0.18365877080665804
2020-05-26,TDOC,164.47,4.661617900172117,True,True,203.85,-0.19318126073092956,True,0.03283273545327425,0.03009228300120359,0.002740452452070663,0.20435337751565652,0.04336632339173474,0.16098705412392178,0.316410287590442,0.1275578440551024,0.1888524435353396,0.13692466711254347,0.18098836431723964,-0.04406369720469616,-0.1456192618714659,0.3873879898354955,-0.5330072517069614,-0.10190308262905079
2020-08-24,TDOC,210.63,6.238144329896906,True,True,253.0,-0.16747035573122526,True,0.024023168589469623,0.018634083751312147,0.005389084838157476,0.022076627261073956,-0.036801586375831086,0.05887821363690504,-0.14855433698903286,0.05161553715152212,-0.20016987414055498,0.38256658595641646,0.1439986002566196,0.23856798569979687,-0.3344727721597113,0.2928963023445701,-0.6273690745042814,-0.20001899064710627
2021-02-23,TDOC,256.0,5.623544631306598,True,True,308.0,-0.16883116883116878,True,-0.14875000000000005,-0.0024774193548386947,-0.14627258064516135,-0.24320312499999996,0.005161290322580614,-0.24836441532258058,-0.4651953125,0.060283870967742015,-0.525479183467742,-0.4375,0.1507612903225808,-0.5882612903225808,-0.7246484375,0.1278967741935484,-0.8525452116935484,-0.49320312499999996
2020-02-26,TGT,110.66,0.7029855340104647,True,True,130.24,-0.15033783783783794,True,-0.025664196638351733,0.004365971107544109,-0.03003016774589584,-0.17729983733959864,-0.20773675762439814,0.030436920284799496,0.07247424543647218,-0.05335473515248801,0.1258289805889602,0.24923188143864095,0.08478330658105948,0.16444857485758146,0.6840773540574736,0.2439807383627608,0.4400966156947128,-0.18516175673233326
2021-03-04,TGT,169.82,1.2597471723220224,True,True,199.96,-0.15073014602920587,True,0.05594158520786707,0.04467746217148916,0.011264123036377915,0.18195736662348372,0.06347225909211573,0.11848510753136798,0.3362383700388647,0.11505176533050188,0.22118660470836282,0.4759745613002002,0.18919564640297337,0.28677891489722684,0.292132846543399,0.14143881072471465,0.15069403581868435,-0.01631138852903058
2021-10-04,TGT,225.89,1.6078272916185634,True,True,267.06,-0.1541601138320977,True,0.01252822170082779,0.014114408361328934,-0.0015861866605011432,0.1417946788259774,0.07325494587532666,0.06853973295065074,0.008986674930275829,0.11394176931690936,-0.10495509438663353,-0.032228075612023455,0.0561076894363568,-0.08833576504838025,-0.3430873433972288,-0.16671332586786114,-0.17637401752936765,-0.04998007879941557
2021-12-29,TGT,227.92,2.5086206896551726,True,True,268.98,-0.15265075470295197,True,0.004124254124254323,-0.019058389880204474,0.023182644004458797,-0.06905931905931895,-0.09684175253413763,0.02778243347481868,-0.04084766584766575,-0.05191840495937006,0.011070739111704309,-0.3821955071955071,-0.21590433107145857,-0.16629117612404853,-0.3613987363987363,-0.20122308787802634,-0.16017564852070998,-0.19269919269919267
2019-08-05,TWLO,124.52,2.2828895333509096,True,True,151.0,-0.175364238410596,True,0.05597494378413126,0.014974279472905305,0.041000664311225954,0.04159974301317049,0.02438165034176598,0.017218092671404506,-0.15595888210729203,0.0683179479952083,-0.22427683010250032,-0.03188242852553802,0.13980691987879634,-0.17168934840433436,1.22791519434629,0.15044746670424924,1.0774677276420408,-0.19932540957275935
2020-08-11,TWLO,244.49,6.408787878787879,True,True,288.811,-0.15346022139045945,True,0.03047159393022203,0.017548076923076916,0.012923517007145113,-0.04654587099676877,0.021003605769230882,-0.06754947676599965,0.2523620597979468,0.032271634615384626,0.22009042518256217,0.5839093623461082,0.146484375,0.43742498734610824,0.5379770133747801,0.32851562499999987,0.20946138837478023,-0.11558754959303041
2020-11-09,TWLO,274.0,8.654686398872446,True,True,341.7,-0.19812701199882932,True,0.01649635036496333,0.02259138086642598,-0.0060950305014626505,0.1708029197080292,0.04402639891696758,0.1267765207910616,0.4600729927007299,0.09349616425992768,0.3665768284408022,0.2482846715328466,0.1722134476534296,0.076071223879417,0.1335766423357665,0.32144065884476536,-0.18786401650899887,-0.07000000000000006
2021-02-25,TWLO,377.59,10.264618138424819,True,True,457.3,-0.17430570741307683,True,-0.08352975449561684,-0.014725498914550217,-0.06880425558106662,-0.13236579358563516,0.019276541207857045,-0.1516423347934922,-0.1667152202123997,0.08529280987628485,-0.25200803008868455,-0.087475833576101,0.1614050689195199,-0.2488809024956209,-0.5730024629889563,0.12355818272173247,-0.6965606457106888,-0.2701077888715272
2026-02-17,TWLO,108.49,0.7695318871309735,True,True,145.9,-0.25640849897189866,True,0.049405475159000733,0.0065900270923335835,0.04281544806666715,0.16950871048022864,-0.017661272607454093,0.18716998308768273,0.7753710019356626,0.08707622464670117,0.6882947772889614,1.304912895197714,0.13206414293036528,1.1728487522673487,,,,-0.026638399852520922
2026-06-15,TWLO,202.0,2.2053316407489683,True,True,238.48,-0.15296880241529687,True,-0.08891089108910899,-0.028152034232873602,-0.06075885685623539,0.04722772277227727,-2.6496032219269772e-05,0.04725421880449654,,,,,,,,,,-0.11287128712871297
2024-04-19,UBER,69.2,0.19619706136560078,True,True,82.14,-0.157535914292671,True,-0.0021676300578035157,0.026456094999596003,-0.02862372505739952,-0.051011560693641655,0.06925034332337021,-0.12026190401701187,-0.008381502890173365,0.12476775183778988,-0.13314925472796324,0.1260115606936416,0.16352290168834305,-0.037511340994701436,0.0537572254335259,0.03780596170934647,0.015951263724179432,-0.09089595375722548
2024-10-31,UBER,72.05,0.6147467503361721,True,True,87.0,-0.17183908045977014,True,0.014989590562109578,0.04742895329206531,-0.032439362729955734,-0.0012491325468425574,0.059633511536297146,-0.0608826440831397,-0.07578070784177648,0.06401238041643209,-0.13979308825820858,0.08716169326856349,-0.03128517163759137,0.11844686490615486,0.33934767522553777,0.1994583567810917,0.13988931844444608,-0.17654406662040245
2025-11-20,UBER,83.36,1.6404814697497625,True,True,101.99,-0.18266496715364244,True,0.050143953934741026,0.04729284477342044,0.0028511091613205863,-0.04858445297504799,0.04300185432087433,-0.09158630729592232,-0.125,0.04896326605673318,-0.17396326605673318,-0.09920825335892514,0.13277550457450227,-0.2319837579334274,,,,-0.17202495201535517
2020-01-24,VFC,84.53,0.7230484483798902,True,True,100.25,-0.15680798004987528,True,-0.018454986395362583,-0.021413145968306013,0.0029581595729434307,-0.03194132260735838,-0.01931441433220782,-0.012626908275150561,-0.36898142671240974,-0.16951060011558217,-0.19947082659682758,-0.26274695374423285,-0.024272287617483235,-0.2384746661267496,-0.004258843014314451,0.1687197737019801,-0.17297861671629455,-0.4668165148468
2020-03-16,VZ,50.99,0.03302269043760142,True,True,62.22,-0.1804885888781742,True,-0.013335948225142169,-0.07046070460704612,0.05712475638190395,0.14022357324965684,0.18319783197831985,-0.042974258728663006,0.13845852127868197,0.3299979153637691,-0.19153939408508713,0.18866444400862914,0.4400250156347718,-0.25136057162614267,0.09099823494802894,0.6429435063581406,-0.5519452714101116,-0.04216513041772896
2017-10-05,W,71.17,1.1698170731707318,True,True,84.19,-0.1546501959852714,True,-0.027961219615006305,-7.853608733221495e-05,-0.02788268352767409,-0.11704369818743854,0.011505536794156779,-0.12854923498159532,0.1384010116622172,0.05540720961281709,0.0829938020494001,-0.05114514542644377,0.03333856907248878,-0.08448371449893255,0.9408458620205142,0.14552736982643544,0.7953184921940788,-0.22256568778979913
2018-02-22,W,73.95,2.0270159639787146,True,True,100.14,-0.2615338526063511,True,0.072075726842461,-0.009985207100591698,0.0820609339430527,-0.06328600405679519,-0.024889053254437687,-0.0383969508023575,0.1591615956727519,0.003439349112426049,0.15572224656032585,0.6530087897227856,0.04992603550295849,0.6030827542198272,0.5859364435429344,0.02596153846153859,0.5599749050813958,-0.18147396889790401
2018-07-31,W,108.82,1.9339444594230248,True,True,128.44,-0.15275615073185922,True,0.056331556699136254,0.015106814061778051,0.0412247426373582,0.20051461128469028,0.030533537127217292,0.169981074157473,0.011394964160999832,-0.0569082572068389,0.06830322136783873,-0.11799301598970768,-0.06369743717342613,-0.05429557881628155,0.21714758316485927,0.06892261756655893,0.14822496559830034,-0.014611284690314141
2018-10-24,W,110.06,1.6668282045069054,True,True,151.199,-0.27208513283818014,True,0.0020897692167909376,0.0200135685210312,-0.017923799304240262,-0.19898237325095403,-0.001130710085934017,-0.19785166316502,-0.12793021988006537,-0.007198854213779415,-0.12073136566628595,0.31937125204433947,0.09309513040856321,0.22627612163577626,0.03725240777757577,0.13025780189959302,-0.09300539412201725,-0.304015991277485
2019-04-09,W,145.63,2.4517658212846647,True,True,173.718,-0.16168733234322286,True,0.026780196388106914,0.009919599039365234,0.01686059734874168,0.022248163153196554,0.0007657234346174491,0.021482439718579105,-0.0032960241708438476,0.038808255890849574,-0.04210428006169342,-0.23010368742704113,0.032926107688559414,-0.26302979511560054,-0.5090297328847078,-0.07813859594166572,-0.43089113694304204,-0.07155119137540333
2020-08-31,W,296.56,3.3426563186410894,True,True,349.082,-0.15045748563374794,True,-0.14998651200431612,-0.04609086484784297,-0.10389564715647315,-0.006406797949824572,-0.04849560562251298,0.04208880767268841,-0.1848867008362558,0.03982136211388165,-0.22470806295013745,-0.11350148367952528,0.10932982164839244,-0.22283130532791773,-0.018343674130024246,0.2889696830895194,-0.30731335721954367,-0.2544847585648773
2021-01-15,W,300.0,2.5502958579881656,True,True,369.0,-0.1869918699186992,True,-0.018866666666666698,0.023130157040191612,-0.04199682370685831,-0.07483333333333331,0.044184189512909366,-0.11901752284624267,0.07753333333333323,0.09515570934256057,-0.017622376009227336,0.0129999999999999,0.159222784136279,-0.1462227841362791,-0.41326666666666667,0.2537130689379825,-0.6669797356046492,-0.18855
2025-10-10,W,74.28,1.0882766376159685,True,True,91.77,-0.19058515854854519,True,0.10810446957458275,0.017411411595356974,0.09069305797922578,0.43887991383952607,0.027487672659336715,0.41139224118018936,0.480748519116855,0.05598603411840375,0.42476248499845126,-0.03136779752288632,0.009050258797586475,-0.040418056320472795,,,,-0.00901992460958534
2026-02-18,W,91.48,0.753834355828221,True,True,119.98,-0.23753958993165525,True,-0.1719501530389157,0.00999577438109256,-0.18194592742000826,-0.16090948841276775,-0.03622375380669984,-0.12468573460606791,-0.3232400524704854,0.09016596482536543,-0.4134060172958508,0.12811543506777445,0.12279065701088454,0.005324778056889912,,,,-0.3609532138172278
2021-03-24,WBD,61.94,1.8782527881040894,True,True,78.14,-0.2073201945226517,True,-0.2983532450758798,0.02273431048720065,-0.32108755556308044,-0.38311268969970935,0.06386767134599514,-0.4469803610457045,-0.5305134000645786,0.07070602807597037,-0.601219428140549,-0.5760413303196641,0.1461860033030553,-0.7222273336227194,-0.5778172424927349,0.14675371593724207,-0.724570958429977,-0.5335808847271553
2014-04-07,WYNN,210.71,0.5847623345367028,True,True,249.31,-0.15482732341261884,True,-0.001471216363722716,-0.007594662037539335,0.006123445673816619,-0.014996915191495375,0.0132364109797114,-0.028233326171206774,0.004366190498789724,0.06992513833134417,-0.06555894783255445,-0.12438897062313137,0.07355972659216659,-0.19794869721529795,-0.3796212804328224,0.12742757947271355,-0.5070488599055359,-0.1057377438185183
2021-03-18,ZS,178.21,4.40030303030303,True,True,230.881,-0.22813050879024255,True,-0.030076875596206754,-0.004546847859405401,-0.025530027736801353,0.08013018349138656,0.06585266169408399,0.014277521797302573,0.18640929240783355,0.08628793297231008,0.10012135943552347,0.5748835643342125,0.15180852150812307,0.42307504282608943,0.10324897592727678,0.08861244508020838,0.014636530847068396,-0.11884854946411538
2021-12-01,ZS,318.21,7.472044728434504,True,True,376.11,-0.1539443247985962,True,-0.020112504321045832,0.04221975582685911,-0.06233226014790494,0.020049652745042668,0.05695893451720324,-0.036909281772160574,-0.24845227994091945,-0.03078801331853498,-0.21766426662238447,-0.598347003551114,-0.12566037735849056,-0.47268662619262347,-0.5762232487979636,-0.12268590455049944,-0.45353734424746417,-0.3526287671663366
2025-08-08,ZS,269.695,0.6316474075866658,True,True,318.46,-0.15312755134082767,True,0.019559131611635472,0.009824539376628527,0.009734592235006945,0.04414245722019339,0.018283687498038326,0.02585876972215506,0.24685292645395718,0.07244420728836443,0.17440871916559275,-0.2583844713472626,0.08598826077403565,-0.34437273212129826,-0.37455273549750645,0.21356602529897373,-0.5881187607964802,-0.0344648584512135
2025-11-20,ZS,279.73,0.8995653945402691,True,True,336.99,-0.1699160212469213,True,-0.10091874307367821,0.04729284477342044,-0.14821158784709865,-0.1686626389732957,0.04300185432087433,-0.21166449329417003,-0.3958817431094269,0.04896326605673318,-0.4448450091661601,-0.424266256747578,0.13277550457450227,-0.5570417613220803,,,,-0.41774925821327713
