,ticker,close,ret3y,sma200_rising,strong,hi252,dd,fresh,r5,spy5,x5,r20,spy20,x20,r60,spy60,x60,r120,spy120,x120,r250,spy250,x250,worst60
2013-01-04,AAPL,18.8214,1.462502616705045,True,True,25.1811,-0.25255846646889935,False,-0.01271425079962174,0.004782400765183992,-0.017496651564805732,-0.16068411489049694,0.02165744346519083,-0.18234155835568777,-0.1802841446438629,0.060531529685044605,-0.2408156743289075,-0.2527867214978695,0.10049873607979776,-0.3532854575776673,0.049581858947793434,0.24970963995354234,-0.2001277810057489,-0.2049316203895566
2014-01-28,AAPL,18.0893,0.48359291062831655,True,True,20.5407,-0.11934354720140983,True,0.004522010249152775,-0.020550622661529072,0.025072632910681847,0.021421503319641877,0.03227788015859723,-0.01085637683895535,0.1209665382297822,0.04891941698777025,0.07204712124201196,0.29828130441752854,0.10202714022449322,0.19625416419303532,0.5630787260977481,0.14731669179650408,0.41576203430124403,-0.025567600736347007
2014-12-16,AAPL,26.6875,0.92188591469167,True,True,29.9375,-0.10855949895615868,True,0.05423887587822018,0.04971956950128842,0.004519306376931764,0.0006557377049178914,0.005608609974230738,-0.004952872269312847,0.17049180327868863,0.05391339497751502,0.11657840830117361,0.2073067915690867,0.06588853519276427,0.14141825637632244,0.05367681498829047,0.02521348087514541,0.028463334113145056,-0.019859484777517644
2015-11-09,AAPL,30.1425,0.5125247132262176,True,True,33.635,-0.10383529061988994,False,-0.05299825827320215,-0.011822376009227309,-0.04117588226397484,-0.019407812888778242,-0.005430603613994722,-0.01397720927478352,-0.2202040308534461,-0.09674163783160339,-0.1234623930218427,-0.2105830637803764,-0.009227220299884764,-0.20135584348049163,-0.09728788255785015,0.0022587466359091923,-0.09954662919375934,-0.23372314837853525
2018-02-02,AAPL,40.125,0.35271807838179514,True,True,45.025,-0.1088284286507496,True,-0.025482866043613717,-0.0506444000726084,0.02516153402899468,0.10168224299065409,-0.01183517879832996,0.11351742178898405,0.05358255451713401,-0.038010528226538276,0.09159308274367228,0.21003115264797523,0.02864403703031404,0.1813871156176612,0.03750778816199385,-0.01956797966963142,0.05707576783162527,-0.0639252336448598
2018-11-02,AAPL,51.87,0.6927470017133066,True,True,58.3675,-0.11132051227138395,True,-0.014507422402159187,0.021589613446614475,-0.03609703584877366,-0.10921534605745131,0.027253668763102867,-0.13646901482055418,-0.19741661846924996,-0.006730663135826931,-0.19068595533342303,-0.03282244071717755,0.0813932104895363,-0.11421565120671384,0.23298631193368036,0.1259700614218986,0.10701625051178176,-0.31559668401773666
2019-02-01,AAPL,41.63,0.7268484911334647,True,True,58.3675,-0.2867606116417526,False,0.023360557290415418,0.0015181811449307414,0.021842376145484677,0.056029305789094375,0.034584907057690684,0.02144439873140369,0.20508047081431635,0.08872102495741685,0.1163594458568995,0.24321402834494354,0.11086425238835806,0.13234977595658548,0.9449315397549842,0.21335999407539075,0.7315715456795935,0.004564016334374088
2019-04-30,AAPL,50.1675,1.0514209773052547,True,True,58.3675,-0.14048914207392815,False,0.010913439976080186,-0.020712876675056058,0.031626316651136244,-0.11606119499676082,-0.05356778450445543,-0.06249341049230539,0.03164399262470741,0.020338752465818732,0.011305240158888674,0.17810335376488773,0.013434460240800083,0.16466889352408765,0.41112273882493655,-0.02370587034895577,0.4348286091738923,-0.1514925001245826
2020-02-25,AAPL,72.02,1.1010867186930198,True,True,81.9625,-0.12130547506481637,True,0.004304359900027865,-0.03969294738525497,0.04399730728528284,-0.14301582893640652,-0.22229329921637608,0.07927747027996956,0.10812968619827834,-0.05027986566448095,0.1584095518627593,0.5954943071369065,0.07737086198624654,0.51812344515066,0.7495140238822551,0.23790180713257647,0.5116122167496786,-0.261975840044432
2020-09-03,AAPL,120.88,1.9473940871685458,True,True,137.98,-0.12393100449340477,True,-0.07346128391793516,-0.032803497495584644,-0.04065778642235052,-0.06502316346790205,-0.03344045861200384,-0.0315827048558982,-0.015138980807412272,0.04826428095775803,-0.0634032617651703,0.0031436135009927924,0.10124786473262115,-0.09810425123162836,0.2616644606221046,0.3080865109007209,-0.046422050278616345,-0.14708802117802777
2020-11-30,AAPL,119.05,1.7514878372912697,True,True,137.98,-0.13719379620234817,False,0.03947921041579172,0.019416671269955277,0.020062539145836444,0.13288534229315419,0.025962547644036826,0.10692279464911736,0.018563628727425563,0.05054410871126325,-0.031980479983837684,0.0676186476270475,0.15773628680329232,-0.09011763917624482,0.3171776564468711,0.2676628183174061,0.049514838129465,-0.005543889122217482
2021-02-26,AAPL,121.26,1.7101748896463094,True,True,145.09,-0.16424288372734164,True,0.0013194788058716878,0.008597118519297453,-0.007277639713425765,-0.0004123371268349718,0.04106635818698079,-0.04147869531381576,0.04816097641431627,0.10203491429172362,-0.05387393787740735,0.20699323767111988,0.15464296981806713,0.052350267853052745,0.3200560778492494,0.1093437795772425,0.21071229827200688,-0.04164604981032505
2021-05-24,AAPL,127.1,1.7163923915366532,True,True,145.09,-0.12399200496243712,False,-0.022187254130605738,0.0011928334565927123,-0.02338008758719845,0.05413060582218732,0.009399527637951266,0.04473107818423605,0.15153422501966962,0.04773719493284356,0.10379703008682606,0.1634146341463416,0.10640074432807678,0.05701388981826483,0.08064516129032251,-0.07087816399074365,0.15152332528106616,-0.031235247836349345
2021-09-30,AAPL,141.5,1.5073092938779125,True,True,157.26,-0.1002162024672516,True,0.012650176678445257,0.02218390268909931,-0.009533726010654053,0.07823321554770324,0.06799645803234378,0.010236757515359463,0.2744169611307421,0.11213123922263124,0.16228572190811086,0.20289752650176673,0.034161345947709476,0.16873618055405726,0.05893992932862191,-0.13657547653446434,0.19551540586308624,-0.022826855123674883
2022-01-20,AAPL,164.51,3.2924983692106977,True,True,182.94,-0.10074341314092061,True,-0.03215609993313473,-0.03471740346950192,0.0025613035363671877,0.026563734727372168,-0.02168998321208726,0.04825371793945943,0.0034040483861164095,-0.019653049804140954,0.023057098190257364,-0.09750167163090384,-0.1540906547285954,0.05658898309769156,-0.17773995501793194,-0.1300727476217124,-0.047667207396219546,-0.0875934593641724
2022-04-22,AAPL,161.79,2.12396215485615,True,True,182.94,-0.11561167595933097,False,-0.025588726126460126,-0.03295465214533855,0.0073659260188784215,-0.14957661165708624,-0.08546145901793267,-0.06411515263915357,-0.05408245256196309,-0.07339686414421187,0.01931441158224878,-0.1162000123617033,-0.14099615059618809,0.024796138234484788,0.019964151060016144,-0.032485212656088724,0.05244936371610487,-0.20242289387477597
2022-07-20,AAPL,153.04,2.021669381509452,True,True,182.94,-0.1634415655406144,False,0.024503397804495508,0.015882665856068234,0.008620731948427274,0.14055148980658672,0.08075588317248017,0.059795606634106546,-0.06566910611604804,-0.07295387187476243,0.0072847657587143955,-0.14577888133821226,-0.01061377510955741,-0.13516510622865485,0.27483010977522215,0.15307647490944087,0.12175363486578128,-0.12199424986931517
2022-10-13,AAPL,142.99,1.4248950693178446,True,True,182.94,-0.2183776101454028,False,0.0027973984194697987,-0.0015301800694046408,0.0043275784888744395,0.027134764668858002,0.07847637784517847,-0.051341613176320466,-0.0857402615567523,0.0672459491215125,-0.1529862106782648,0.15154905937478125,0.11809711178511884,0.03345194758966241,0.26379467095601083,0.18496051588928042,0.07883415506673042,-0.13161759563605846
2023-08-09,AAPL,178.19,0.5644081560984175,True,True,198.23,-0.10109468798869992,True,-0.009091419271564094,-0.013707234997195727,0.0046158157256316334,-0.0035355519389415058,-0.002019068984856931,-0.0015164829540845748,-0.0034794320668949386,-0.03362871564778469,0.030149283580889752,0.03485044054099551,0.08329781267526637,-0.04844737213427086,0.177507155283686,0.16356702187324723,0.01394013341043876,-0.07026207980245813
2023-11-02,AAPL,177.57,0.6311776593790188,True,True,198.23,-0.10422236795641426,False,0.027256856450977196,0.007150153217568844,0.020106703233408352,0.0769837247282763,0.06579069551490391,0.011193029213372396,0.03846370445458147,0.12099544990249789,-0.08253174544791642,-0.046573182406937974,0.17991456959791985,-0.22648775200485782,0.27223066959508935,0.32008543040208015,-0.047854760806990804,-0.02376527566593456
2024-03-04,AAPL,175.1,0.3994565217391304,True,True,199.62,-0.12283338342851424,True,-0.013420902341519048,-0.0019910208861994017,-0.011429881455319646,-0.0357509994288977,0.01276595744680864,-0.04851695687570634,0.08675042832667046,0.026937341401522596,0.05981308692514786,0.2954882924043405,0.09726722623462813,0.19822106616971236,0.34740148486579114,0.12601991020886216,0.22138157465692898,-0.06293546544831519
2024-08-05,AAPL,209.27,0.4380841121495327,True,True,237.23,-0.11786030434599326,True,0.03947054045013609,0.03071243573388993,0.008758104716246162,0.06450996320542846,0.06706869225714174,-0.002558729051713282,0.11659578534907045,0.12445397966678251,-0.007858194317712064,0.1385291728389162,0.16842552862499516,-0.029896355786078965,-0.030343575285516455,0.21375004832038358,-0.24409362360590003,-0.03918382950255661
2025-01-14,AAPL,233.28,0.3549398849973864,True,True,260.1,-0.1031141868512111,True,-0.04050925925925919,0.041653068585856934,-0.08216232784511612,0.015389231824417093,0.03636269946237469,-0.0209734676379576,-0.18372770919067216,-0.0989539497414933,-0.08477375944917886,-0.09490740740740744,0.07191810233772467,-0.1668255097451321,0.11904149519890272,0.19165564506432586,-0.07261414986542314,-0.2746484910836763
2025-04-22,AAPL,199.74,0.20842156210297058,True,True,260.1,-0.23206459054209927,False,0.057424652047662006,0.05134186818397346,0.006082783863688546,0.035646340242315055,0.12441915599810338,-0.08877281575578833,0.05727445679383192,0.19028923660502617,-0.13301477981119425,0.23991188545108644,0.25754385964912263,-0.017631974198036193,0.3325823570641835,0.3353816974869608,-0.0027993404227772967,-0.032492239911885545
2026-01-08,AAPL,259.04,1.0711601503158232,True,True,288.62,-0.10248770009008379,True,-0.0032041383570106108,0.003959333439689017,-0.0071634717966996275,0.07365657813465099,0.0016098388710823475,0.07204673926356864,-0.021386658431130412,-0.043929747211787995,0.022543088780657583,0.19143761581222973,0.08015837333758746,0.11127924247464227,,,,-0.0602995676343423
2026-08-18,AAPL,310.03,0.7437988638281117,True,True,344.57,-0.10024087993731323,True,-0.00041931425991026394,-0.002006645384064254,0.00158733112415399,,,,,,,,,,,,,-0.009740992807147686
2016-10-12,ABBV,61.21,0.34085432639649516,True,True,68.12,-0.10143863769817973,True,0.003594183956869834,0.0026671657854100417,0.0009270181714597925,0.0233621957196537,0.012493566047447446,0.010868629672206254,0.04901159941186073,0.05966028730522677,-0.010648687893366038,0.06126449926482591,0.09859154929577452,-0.037327050030948605,0.4894625061264499,0.19142763558092746,0.29803487054552247,-0.10047377879431463
2017-01-23,ABBV,60.96,0.2420537897310513,True,True,68.12,-0.10510863182618913,False,-0.008694225721784798,0.006190581472474088,-0.014884807194258887,0.01427165354330695,0.04572186601812955,-0.0314502124748226,0.040846456692913424,0.032235242095953964,0.00861121459695946,0.19931102362204722,0.08582799027194343,0.11348303335010379,0.7165354330708662,0.2399292504974575,0.4766061825734087,-0.027723097112860806
2018-01-31,ABBV,112.22,0.8594863297431647,True,True,125.86,-0.10837438423645318,True,0.012475494564248901,-0.05047889322454757,0.06295438778879647,0.014435929424345018,-0.05037247250798149,0.06480840193232651,-0.12021030119408305,-0.054416459737495426,-0.06579384145658762,-0.18428087684904648,-0.0010287335934727748,-0.1832521432555737,-0.2954909998217786,-0.050798155374246146,-0.24469284444753248,-0.21386562110140794
2018-04-27,ABBV,98.73,0.4848849451045272,True,True,125.86,-0.2155569680597489,False,0.014585232452142272,-0.00202581032412974,0.01661104277627201,0.023802289071204186,0.02097088835534211,0.0028314007158620758,-0.07282487592423781,0.05646008403361358,-0.1292849599578514,-0.06543097336169357,0.05210834333733483,-0.1175393166990284,-0.19274789830851824,0.10072779111644659,-0.2934756894249648,-0.12123974475843202
2018-07-25,ABBV,93.12,0.36780258519388975,True,True,125.86,-0.2601303035118385,False,0.008483676975944876,-0.011091158762015385,0.01957483573796026,0.04853951890034369,0.007605366008239134,0.04093415289210456,-0.03457903780068727,-0.0267948311679167,-0.007784206632770574,-0.08129295532646053,-0.08108869406006824,-0.00020426126639228048,-0.2755584192439864,0.06137107848315204,-0.3369294977271384,-0.04671391752577325
2018-10-18,ABBV,89.9,0.600783475783476,True,True,125.86,-0.2857142857142857,False,-0.09087875417130142,-0.022865412445730815,-0.06801334172557061,0.0026696329254727313,-0.012228654124457283,0.014898287049930015,-0.048387096774193616,-0.05578871201157731,0.007401615237383696,-0.10144605116796446,0.04978292329956613,-0.15122897446753059,-0.16418242491657398,0.08277858176555708,-0.24696100668213106,-0.13793103448275867
2020-03-03,ABBV,87.57,0.39376094222505165,True,True,97.86,-0.1051502145922747,True,-0.00045677743519456637,-0.03936850519584334,0.03891172776064877,-0.1299531803128925,-0.14152011723954172,0.01156693692664923,0.028091812264474214,0.009092725819344505,0.01899908644512971,0.08324768756423451,0.130695443645084,-0.0474477560808495,0.23798104373643958,0.2975619504396483,-0.0595809067032087,-0.2857142857142857
2022-04-19,ABBV,156.35,1.0155988139744747,True,True,175.91,-0.11119322380762897,True,-0.0010873041253597338,-0.06502786266403016,0.06394055853867042,-0.010041573393028469,-0.08250943735394578,0.07246786396091731,-0.0174608250719539,-0.13461711306848823,0.11715628799653433,-0.11538215542053076,-0.19103900772964233,0.07565685230911157,0.020722737448033213,-0.06927467193960102,0.08999740938763423,-0.13169171730092744
2022-07-15,ABBV,153.62,1.2212261422787742,True,True,175.91,-0.12671252344949113,False,-0.03352428069261815,0.025861397450211543,-0.05938567814282969,-0.0717354511131364,0.1089761898579702,-0.1807116409711066,-0.09966150240854055,-0.06519876405369618,-0.03446273835484437,0.06424944668662946,-0.014930023628385247,0.07917947031501471,-0.11463351126155452,0.16656713317581073,-0.28120064443736525,-0.12713188386928786
2022-10-10,ABBV,138.31,0.8869031377899046,True,True,175.91,-0.21374566539707807,False,0.044103824741522635,0.01888783956446871,0.025215985177053923,0.07078302364254196,0.05535803566468522,0.015424987977856741,0.1820548044248429,0.05377479028942833,0.12828001413541457,0.15985828935001067,0.14146436309093935,0.018393926259071325,0.0780854601981058,0.20073884784178664,-0.12265338764368083,-0.014749475815197699
2023-01-11,ABBV,157.17,0.7647653267460137,True,True,175.91,-0.1065317491899267,False,-0.05382706623401401,-0.017394822006472466,-0.036432244227541544,-0.053890691607813235,0.029252629449838086,-0.08314332105765132,0.026150028631418243,0.03562398867313932,-0.009473960041721075,-0.12674174460774945,0.11159991909385125,-0.2383416637016007,0.049118788572882766,0.20489482200647258,-0.1557760334335898,-0.08735763822612452
2023-04-27,ABBV,148.87,0.7578226473019247,True,True,168.11,-0.11444887276188209,False,-0.010143077853160376,-0.01765233626730689,0.0075092584141465135,-0.0688520185396655,0.005431488082248137,-0.07428350662191363,-0.04863303553435894,0.10433791615140264,-0.15297095168576158,0.002754080741586673,0.043160932082151104,-0.04040685134056443,0.12373211526835481,0.2208481850585582,-0.09711606979020337,-0.12030630751662519
2023-07-26,ABBV,141.9,0.447516066510252,True,True,168.11,-0.15590982095056816,False,0.05271317829457356,-0.011810937191280124,0.06452411548585368,0.03650458069062723,-0.027397861737393336,0.06390244242802057,0.02551092318534187,-0.06384053039450288,0.08935145357984475,0.14193093727977435,0.036837830124475834,0.10509310715529852,0.24178999295278358,0.1881846721257492,0.0536053208270344,0.010077519379845024
2024-04-12,ABBV,162.28,0.49912240184757506,True,True,182.89,-0.11269068839192953,True,0.0254498397830909,-0.030713516687873144,0.05616335647096404,-0.009428148878481646,0.019555642556523534,-0.02898379143500518,0.036110426423465514,0.09879612410688066,-0.06268569768341514,0.20439980280995806,0.11152001566017433,0.09287978714978373,0.07869115109686975,0.04519917784085359,0.03349197325601616,-0.05361104264234651
2024-11-11,ABBV,174.43,0.5029295192141996,True,True,207.32,-0.1586436426779857,True,-0.046723614057214924,-0.017719954572783747,-0.029003659484431177,0.0071088688872325,0.00674727770726169,0.00036159117997081047,0.09121137419021963,0.010171020108223683,0.08104035408199595,0.07831221693516022,-0.06281314717081976,0.14112536410597998,0.290890328498538,0.14069076090587207,0.15019956759266595,-0.06088402224388012
2025-04-04,ABBV,186.96,0.14174045801526725,True,True,218.66,-0.1449739321320771,True,-0.06370346598202825,0.05672102596580131,-0.12042449194782956,0.048727000427899014,0.11524303356554788,-0.06651603313764887,0.020271715875053387,0.2279330272324258,-0.20766131135737242,0.1799850235344458,0.30980842305256506,-0.12982339951811928,0.10553059477963189,0.30408882203926524,-0.19855822725963335,-0.12072100984167744
2013-06-28,ABT,34.88,0.5408402173432876,True,True,38.77,-0.10033531080732527,True,0.015194954128440186,0.02200473756389476,-0.006809783435454575,0.05332568807339455,0.05092881186884446,0.0023968762045500913,-0.01490825688073405,0.05678843037027814,-0.07169668725101219,0.0928899082568806,0.13265178905373398,-0.03976188079685339,0.16456422018348604,0.21830195736192493,-0.05373773717843888,-0.0625
2014-01-29,ABT,35.85,0.5982559616953549,True,True,39.86,-0.10060210737581532,True,0.013947001394700065,-0.012292077812235735,0.0262390792069358,0.10990237099023714,0.047758669297998324,0.06214370169223882,0.06080892608089261,0.050408796165773984,0.010400129915118628,0.20195258019525797,0.11756413870876803,0.08438844148648994,0.2184100418410042,0.1431632365379194,0.07524680530308481,-0.0013947001394701841
2015-08-24,ABT,43.7,0.3856607889705208,True,True,51.74,-0.15539234634712018,True,0.036384439359267606,0.04311345646437981,-0.0067290171051122005,-0.027917620137299926,0.023271767810026267,-0.05118938794732619,0.02448512585812357,0.08427440633245387,-0.0597892804743303,-0.13066361556064077,0.0014775725593667577,-0.13214118812000752,0.012356979405034219,0.15324538258575204,-0.14088840318071782,-0.10755148741418774
2015-11-19,ABT,45.73,0.5147901553545993,True,True,51.74,-0.11615771163509869,False,-0.006778919746337042,0.004842963318149041,-0.011621883064486083,-0.04439099059698215,-0.04090146247902182,-0.0034895281179603277,-0.16225672425103865,-0.07892591704627194,-0.08333080720476671,-0.1777826372184561,-0.01817309997602501,-0.1596095372424311,-0.12639405204460952,0.04468952289618788,-0.1710835749407974,-0.2127706101027771
2018-02-08,ABT,56.27,0.26392632524708004,True,True,64.6,-0.12894736842105248,True,0.05740181268882161,0.059775647246050445,-0.0023738345572288377,0.13026479473964803,0.08244381477312435,0.04782097996652368,0.054202950062200106,0.03605946512440328,0.018143484937796828,0.15123511640305676,0.09016807048868536,0.0610670459143714,0.2926959303358805,0.04855800954857736,0.24413792078730312,-0.012262306735383088
2018-12-21,ABT,67.27,0.5274750227066303,True,True,74.92,-0.10210891617725582,True,0.07521926564590453,0.03830494391358541,0.03691432173231912,0.03924483425003711,0.09434981304528467,-0.05510497879524756,0.1901293295674149,0.18292480265891164,0.0072045269085032615,0.2197116099301324,0.2022019110926465,0.017509698837485876,0.2984985877805857,0.3331948483589531,-0.03469626057836739,-0.027203805559684824
2019-10-02,ABT,79.53,0.9191602316602319,True,True,88.76,-0.10398828301036511,True,-0.0003772161448509781,0.011143511768381575,-0.011520727913232554,0.05633094429774932,0.055821703811705925,0.0005092404860433941,0.09895636866591229,0.12080816496563229,-0.021851796299720005,-0.11039859172639255,-0.14326876345205863,0.032870171725666086,0.32264554256255495,0.15382212039158505,0.1688234221709699,-0.012825348924933921
2020-02-25,ABT,81.13,0.8024883359253498,True,True,92.45,-0.12244456462952957,True,-0.038703315666214766,-0.03969294738525497,0.000989631719040207,-0.141008258350795,-0.22229329921637608,0.08128504086558108,0.11044003451251094,-0.05027986566448095,0.1607199001769919,0.2324664119314681,0.07737086198624654,0.15509554994522157,0.5105386416861828,0.23790180713257647,0.2726368345536063,-0.24060150375939848
2020-05-26,ABT,89.48,1.0485347985347988,True,True,100.0,-0.10519999999999996,True,0.03509164059007608,0.03009228300120359,0.004999357588872488,0.020339740724184097,0.04336632339173474,-0.023026582667550644,0.12293249888243185,0.1275578440551024,-0.0046253451726705475,0.2511175681716584,0.18098836431723964,0.07012920385441879,0.30900759946356726,0.3873879898354955,-0.07838039037192823,-0.03710326329906133
2020-09-23,ABT,102.73,0.9974722924363213,True,True,114.2,-0.10043782837127846,True,0.05937895454102993,0.03796801388544502,0.02141094065558491,0.031149615496933736,0.06226754277212998,-0.031117927275196244,0.05889224179889019,0.1537317133647409,-0.09483947156585071,0.14494305460916967,0.23127944458219685,-0.08633638997302717,0.21804730847853593,0.34400570295065713,-0.1259583944721212,-0.023264869074272387
2021-03-08,ABT,115.63,0.8993101182654402,True,True,128.54,-0.10043566205072352,True,0.021361238432932694,0.03848370533375256,-0.017122466900819866,0.03753351206434319,0.06392119878444924,-0.02638768672010605,-0.07549943786214641,0.10114743791260605,-0.17664687577475247,0.0850990227449624,0.16907681022739163,-0.08397778748242923,0.04618178673354678,0.1414387509169024,-0.09525696418335561,-0.08881778085271985
2021-06-02,ABT,106.9,0.7373638875345361,True,True,128.54,-0.16835226388672775,False,0.02011225444340492,0.003140389693812029,0.01697186474959289,0.08447146866230115,0.01839031237361133,0.06608115628868982,0.17371375116931698,0.06168962481859497,0.11202412635072201,0.1865294667913937,0.11552827540265986,0.07100119138873384,0.0915809167446211,-0.012061951323959708,0.1036428680685808,-0.003274087932647385
2021-10-04,ABT,115.53,0.5652350629995935,True,True,129.7,-0.10925212027756348,True,0.011685276551544943,0.014114408361328934,-0.002429131809783991,0.11607374707868079,0.07325494587532666,0.04281880120335413,0.22210681208344152,0.11394176931690936,0.10816504276653216,0.029602700597247456,0.0561076894363568,-0.026504988839109345,-0.16246862286851893,-0.16671332586786114,0.004244702999342209,-0.009781009261663587
2022-01-14,ABT,128.16,0.8355771985104556,True,True,142.6,-0.10126227208976157,True,-0.033863920099875156,-0.05353761404716828,0.019673693947293125,-0.041978776529338346,-0.05530211740402835,0.013323340874690004,-0.07623283395755298,-0.05687295575830609,-0.019359878199246894,-0.15035892634207237,-0.1732010673093476,0.022842140967275215,-0.11431023720349553,-0.14249440523325874,0.0281841680297632,-0.11142322097378277
2022-04-12,ABT,118.39,0.5176259453916163,True,True,142.6,-0.16977559607293125,False,0.03589830222147139,0.01464783590773222,0.02125046631373917,-0.10600557479516848,-0.10390380798101717,-0.002101766814151307,-0.08024326378917135,-0.12334299208286748,0.04309972829369613,-0.12931835459075935,-0.1376257728900956,0.008307418299336233,-0.13371061745079815,-0.06899541399529996,-0.0647152034554982,-0.14486020778781994
2013-06-28,ACN,71.96,0.8116817724068479,True,True,84.22,-0.14557112324863464,True,0.0348804891606449,0.02200473756389476,0.01287575159675014,0.005697609783213098,0.05092881186884446,-0.04523120208563136,0.04419121734296838,0.05678843037027814,-0.012597213027309762,0.05086158977209587,0.13265178905373398,-0.08179019928163811,0.1329905503057256,0.21830195736192493,-0.08531140705619933,-0.020289049471928777
2013-09-24,ACN,75.14,0.7780407004259349,True,True,84.22,-0.10781287105200665,False,-0.017567207878626645,-0.0011207455907509267,-0.01644646228787572,-0.015837104072398134,0.03468412670323828,-0.050521230775636417,0.006388075592227871,0.07178670441809709,-0.06539862882586922,0.11511844556827255,0.10694272400165161,0.008175721566620942,0.05429864253393668,0.17471833893706123,-0.12041969640312455,-0.0713335107798776
2013-12-18,ACN,75.62,0.6203128347975144,True,True,84.22,-0.10211351222987408,False,0.08635281671515482,0.011887727022564798,0.07446508969259003,0.11650357048399895,0.010676940011007163,0.10582663047299179,0.1080402010050252,0.032801320858558025,0.07523888014646718,0.08992330071409671,0.06516235553109517,0.024760945183001537,0.09587410737900015,0.0892129884424877,0.006661118936512445,0.023803226659613763
2014-04-10,ACN,76.83,0.40098468271334786,True,True,85.88,-0.10537959944108055,True,0.026942600546661533,0.01763485477178417,0.009307745774877363,0.024860080697644005,0.0262065953264905,-0.0013465146288464958,0.05570740596121304,0.07141297226468679,-0.01570556630347375,0.03761551477287517,0.0610941253548809,-0.023478610582005732,0.2426135624105168,0.1405328674383053,0.1020806949722115,-0.0061174020564883635
2015-08-24,ACN,92.67,0.5244283599276198,True,True,105.37,-0.12052766442061313,True,0.01726556598683504,0.04311345646437981,-0.025847890477544766,0.05395489370885942,0.023271767810026267,0.030683125898833152,0.14697313046293314,0.08427440633245387,0.06269872413047928,0.0457537498651126,0.0014775725593667577,0.044276177305745845,0.21992014675731086,0.15324538258575204,0.06667476417155882,-0.010683068954354114
2016-01-08,ACN,98.2,0.4172319237985278,True,True,109.86,-0.10613508101219726,True,0.010896130346232047,-0.02141517298874529,0.03231130333497734,-0.03187372708757652,-0.03386827844935392,0.001994551361777397,0.16771894093686357,0.07555231346394331,0.09216662747292026,0.1536659877800408,0.09149645685702379,0.062169530923017025,0.17097759674134405,0.1796581909128805,-0.008680594171536438,-0.06924643584521384
2018-03-23,ACN,147.35,0.6480259478805503,True,True,165.58,-0.11009783790312855,True,0.004275534441805284,-0.002247626428986571,0.006523160870791855,0.038615541228367745,0.03301685719821723,0.005598684030150514,0.10831353919239906,0.06762255376864945,0.040690985423749604,0.1677638276213098,0.12702964541755457,0.04073418220375524,0.12141160502205639,0.08215462119744221,0.03925698382461418,-0.00882253138785194
2018-10-11,ACN,156.0,0.48500713945740137,True,True,175.64,-0.11181963106353898,True,0.0012820512820512775,0.015541756990116395,-0.014259705708065118,0.054487179487179516,0.030605871330418477,0.02388130815676104,-0.06493589743589745,-0.05217327405665573,-0.012762623379241722,0.14198717948717943,0.06025645736120788,0.08173072212597154,0.17839743589743606,0.077414851012235,0.10098258488520107,-0.1498076923076923
2019-01-09,ACN,145.87,0.47105687777329575,True,True,175.64,-0.16949442040537455,False,0.013779392609857943,0.01166802341357509,0.002111369196282853,0.06382395283471576,0.04717602822033551,0.01664792461438025,0.22129293206279566,0.11861844400511679,0.10267448805767887,0.29293206279563977,0.14908710315152907,0.1438449596441107,0.3980256392678412,0.25103694228011,0.1469886969877312,-0.019606498937410066
2019-10-08,ACN,182.2,0.5413247610185263,True,True,202.8,-0.10157790927021704,True,0.02634467618002212,0.0358714865005374,-0.009526810320515278,0.025686059275521478,0.06411811596714379,-0.03843205669162231,0.1514818880351263,0.11742279832253155,0.03405908971259475,-0.10395170142700327,-0.10667868159290184,0.0027269801658985626,0.22661909989023066,0.17755519356739335,0.0490639063228373,-0.001262349066959323
2020-02-27,ACN,186.44,0.5104917767155472,True,True,216.39,-0.138407504967882,True,-0.020810984767217322,0.01663809619844714,-0.03744908096566446,-0.08099120360437673,-0.12204631777083119,0.041055114166454465,0.03899377815919336,-0.006957749319350559,0.04595152747854392,0.25632911392405067,0.1382474538670968,0.11808166005695386,0.3906350568547521,0.31682968639709586,0.07380537045765623,-0.26437459772580985
2020-05-22,ACN,193.71,0.5785999511042297,True,True,216.39,-0.10481075835297371,False,0.04991998348046045,0.03422014622258329,0.01569983725787716,0.04589334572298798,0.051380991064175596,-0.005487645341187619,0.2091786691445976,0.14622258326563764,0.06295608587895996,0.25316194311083584,0.20725020308692121,0.04591174002391463,0.4658510144029735,0.405632277281343,0.060218737121630506,0.005781838831242503
2020-09-24,ACN,214.42,0.5548948513415517,True,True,247.82,-0.1347752400936164,True,0.05018188601809537,0.04185471406491503,0.008327171953180335,0.06398656841712524,0.06525502318392595,-0.0012684547668007085,0.24172185430463577,0.14120556414219476,0.10051629016244101,0.24470665049902052,0.21013910355486876,0.03456754694415176,0.5607685850200543,0.3535085007727976,0.20726008424725673,-0.018654976214905306
2021-01-29,ACN,241.92,0.5008375209380234,True,True,271.18,-0.10789881259679923,True,0.04803240740740744,0.04766665765936162,0.0003657497480458183,0.06712962962962976,0.05271975572189036,0.014409873907739401,0.1997767857142858,0.12821898559731948,0.07155780011696633,0.29902447089947093,0.17669630069986764,0.12232817019960329,0.3636326058201058,0.17107574242710832,0.1925568633929975,0.008473875661375807
2022-01-07,ACN,370.75,1.5416466716939738,True,True,417.37,-0.11169945132616144,True,-0.04690492245448408,-0.002939346478147864,-0.04396557597633621,-0.07225893459204324,-0.04039992276169835,-0.0318590118303449,-0.07533378287255565,-0.03231135617584591,-0.04302242669670975,-0.24302090357383688,-0.18204638589113686,-0.060974517682700013,-0.2738772757923129,-0.16737110858417903,-0.10650616720813388,-0.19795010114632494
2022-04-05,ACN,342.82,0.9243334268874543,True,True,417.37,-0.17861849198552848,False,-0.04693425121054773,-0.02824645810699944,-0.01868779310354829,-0.0815588355405168,-0.048710728776356294,-0.0328481067641605,-0.18134881278805204,-0.1547347183114205,-0.026614094476631545,-0.2522606615716704,-0.19433297119925497,-0.05792769037241541,-0.16620967271454412,-0.09391836463206427,-0.07229130808247985,-0.21775275654862603
2022-07-01,ACN,280.65,0.488069989395546,True,True,417.37,-0.3275750533100128,False,-0.020595047211829587,0.00784282866435837,-0.028437875876187957,0.08583645109567084,0.07745776938411497,0.008378681711555869,-0.08662034562622489,-0.04684713041653554,-0.03977321520968935,-0.04179583110636009,0.013088867904731849,-0.05488469901109194,0.09951897381079644,0.16273213723638635,-0.06321316342558991,-0.09399608052734709
2023-10-20,ACN,297.0,0.3127652050919376,True,True,330.44,-0.10119840213049269,True,-0.023434343434343363,-0.02495310904817305,0.0015187656138296868,0.10380471380471379,0.07027707210522571,0.033527641699488075,0.21060606060606069,0.13129466511550603,0.07931139549055466,0.05478114478114482,0.19767800755003684,-0.14289686276889202,0.26888888888888896,0.38794843182411753,-0.11905954293522858,-0.028754208754208865
2014-03-26,ADBE,63.9,1.0170454545454546,True,True,71.11,-0.10139220925326964,True,0.024726134585289605,0.02113856301021788,0.003587571575071724,-0.010641627543035992,0.015461966805427885,-0.026103594348463877,0.13630672926447573,0.05930691463480553,0.0769998146296702,0.10688575899843511,0.08385143536789741,0.0230343236305377,0.18075117370892024,0.1289398280802292,0.05181134562869105,-0.10563380281690138
2014-09-19,ADBE,66.94,1.623040752351097,True,True,74.69,-0.10376221716427902,False,0.021213026590977124,-0.013951170901843502,0.035164197492820626,-0.03615177771138334,-0.060936721474837974,0.024784943763454637,0.09112638183447874,-0.005929247633283508,0.09705562946776225,0.15954586196593978,0.02556053811659198,0.1339853238493478,0.19973110247983272,-0.0048330842052815015,0.20456418668511422,-0.12593367194502536
2015-08-24,ADBE,74.27,1.1895636792452828,True,True,87.25,-0.14876790830945563,True,0.05789686279789952,0.04311345646437981,0.01478340633351971,0.13989497778376192,0.023271767810026267,0.11662320997373565,0.21569947488891894,0.08427440633245387,0.13142506855646507,0.06207082267402719,0.0014775725593667577,0.060593250114660435,0.3507472734616939,0.15324538258575204,0.19750189087594183,0.0026928773394372385
2016-01-25,ADBE,86.77,1.2684967320261435,True,True,96.42,-0.1000829703381042,True,0.032730206292497455,0.03202941803453441,0.0007007882579630476,-0.04264146594445084,0.02494137710509481,-0.06758284304954565,0.11017632822404066,0.11969729268812634,-0.00952096446408568,0.12746340901233144,0.15023449157962077,-0.022771082567289325,0.2759018093811225,0.20837774461735248,0.06752406476377004,-0.17863316814567243
2016-12-01,ADBE,99.51,0.753171247357294,True,True,111.09,-0.10423980556305701,True,0.04009647271630978,0.02541330782893847,0.014683164887371314,0.03456939001105419,0.018035250717311158,0.016534139293743033,0.20942618832278148,0.09204353964567114,0.11738264867711035,0.43553411717415313,0.10106116500432671,0.3344729521698264,0.7772083207717815,0.19647492826888913,0.5807333925028924,-0.015174354336247697
2017-12-05,ADBE,167.54,1.2941257017663972,True,True,186.27,-0.10055296075589204,True,0.029843619434164914,0.013640335879022691,0.016203283555142223,0.0935895905455415,0.03199209696417049,0.06159749358137101,0.26035573594365524,0.034195828108970705,0.22615990783468454,0.476662289602483,0.03579163342072267,0.44087065618176036,0.5235764593529904,0.061210532315057575,0.4623659270379328,-0.010684015757431053
2018-10-10,ADBE,237.91,1.8383440706275356,True,True,277.61,-0.14300637585101406,True,0.08826867302761565,0.0077254761049225795,0.08054319692269307,0.06523475263755207,0.009737693136902648,0.055497059500649426,-0.021983102854020387,-0.07736255839022643,0.055379455536206046,0.12601403892228147,0.031908012935680796,0.09410602598660067,0.15283090244209996,0.04660438375853393,0.10622651868356603,-0.13853978395191457
2019-01-08,ADBE,232.68,1.5563612392880688,True,True,277.61,-0.1618457548359209,False,0.04160220044696583,0.01394243875842216,0.02765976168854367,0.0931321987278666,0.062195739377653325,0.030936459350213275,0.15132370637785786,0.11843283872726573,0.032890867650592126,0.2934932095581917,0.15145850371928193,0.14203470583890976,0.434201478425305,0.26042762004907116,0.17377385837623383,-0.004168815540656734
2019-06-03,ADBE,259.03,1.6041017392178545,True,True,291.71,-0.11202906996674777,True,0.0822684631123809,0.0524456422770152,0.029822820835365693,0.16191174767401484,0.0768110135848783,0.08510073408913654,0.11743813457900631,0.044797319444950245,0.07264081513405607,0.15855306335173558,0.1318425173908293,0.026710545960906273,0.4924912172335254,0.10835124012091635,0.38413997711260905,-0.006061074006871725
2019-09-09,ADBE,279.3,1.6985507246376814,True,True,313.11,-0.107981220657277,True,0.01299677765843188,0.0065727699530517825,0.006424007705380097,-0.008592910848550073,-0.01716968477531855,0.008576773926768477,0.0881131399928392,0.03806170355466132,0.05005143643817789,0.28993913354815604,0.03651911468812874,0.2534200188600273,0.8181167203723594,0.15824949698189128,0.6598672233904681,-0.07064088793412104
2020-02-25,ADBE,347.8,1.9111910939984935,True,True,386.75,-0.1007110536522301,True,0.0015526164462333902,-0.03969294738525497,0.04124556383148836,-0.10868315123634276,-0.22229329921637608,0.11361014798003333,0.10301897642323166,-0.05027986566448095,0.1532988420877126,0.28694652098907425,0.07737086198624654,0.2095756590028277,0.34367452558941913,0.23790180713257647,0.10577271845684266,-0.26644623346751006
2020-09-08,ADBE,462.13,2.005528095733611,True,True,536.88,-0.13923036805245115,True,0.07690476705688876,0.02088772845953013,0.056017038597358626,0.036461601713803526,0.0051619099066655405,0.031299691807137986,0.041395278384870116,0.1007772875964108,-0.05938200921154069,0.009650964014454866,0.16004921821073803,-0.15039825419628317,0.44242961937117276,0.3597431049488311,0.08268651442234165,-0.0501806850886114
2020-12-02,ADBE,481.26,1.6520085964622253,True,True,536.88,-0.10359856951274027,False,0.005153139675019736,0.00016358134082183895,0.004989558334197897,0.03918879607696457,0.019329861773766943,0.01985893430319763,-0.0304824834808628,0.05384552468715076,-0.08432800816801356,0.05344304533931776,0.14253387496932834,-0.08909082963001058,0.3918671819806343,0.24201859374573997,0.14984858823489433,-0.06470514898391722
2021-03-02,ADBE,466.59,1.2311002725577391,True,True,536.88,-0.13092311130978995,False,-0.058745365310015174,0.0016298442593263296,-0.060375209569341504,-0.0024218264429156644,0.021187975371242285,-0.02360980181415795,0.08656422126492225,0.08415687897759594,0.0024073422873263084,0.3873850704044237,0.14699642986495576,0.24038864053946796,-0.002250369703594046,0.13248305479381162,-0.13473342449740566,-0.09818041535395106
2021-09-27,ADBE,603.65,1.2537709080047792,True,True,673.88,-0.10421736807740256,True,-0.07481156299179981,-0.03162841135008132,-0.04318315164171849,0.07176343907893656,0.02916591360925369,0.04259752546968287,-0.07641845440238548,0.04613229712633293,-0.12255075152871842,-0.24901847096827634,0.004247243809867962,-0.2532657147781443,-0.5286010105193406,-0.1687375745526839,-0.3598634359666567,-0.10867224384991303
2021-12-21,ADBE,557.52,1.549828493025383,True,True,699.54,-0.2030191268547903,True,0.021111350265461404,0.031140672914957035,-0.010029322649495631,-0.08371000143492602,-0.035222217423228064,-0.048487784011697954,-0.18688118811881194,-0.040038008033516204,-0.14684318008529573,-0.334875878892237,-0.19261002893793455,-0.14226584995430247,-0.4103171186683886,-0.1793288126808621,-0.2309883059875265,-0.2682953077916487
2022-03-18,ADBE,453.33,0.7453222453222452,True,True,699.54,-0.35195985933613516,False,-0.047890058015132464,0.018379375506164086,-0.06626943352129655,-0.06145633423775165,-0.014734995050841304,-0.04672133918691035,-0.18200869124037677,-0.1589354809682354,-0.023073210272141376,-0.1291553614364812,-0.08530549806532883,-0.043849863371152376,-0.20997948514327314,-0.1226716458202105,-0.08730783932306263,-0.18975139523084728
2013-04-18,ADI,42.34,0.38456507521255734,True,True,47.27,-0.10429447852760731,True,0.030940009447331107,0.028415725963410132,0.002524283483920975,0.09825224374114305,0.0726612170753862,0.025591026665756855,0.14312706660368435,0.09089139743090713,0.05223566917277722,0.07935758148323102,0.07356948228882842,0.005788099194402596,0.2560226735947093,0.19501751654340205,0.06100515705130727,-0.012517713745866854
2015-07-08,ADI,61.94,0.6614806866952789,True,True,68.97,-0.10192837465564741,True,0.01582176299644833,0.029726690461057137,-0.013904927464608807,-0.020019373587342515,0.02708649097931848,-0.04710586456666099,-0.11301259283177267,-0.060626802913998024,-0.05238578991777465,-0.08863416209234731,0.003324695643670994,-0.0919588577360183,-0.10623183726186625,0.018970322202122025,-0.12520215946398827,-0.18372618663222462
2015-10-01,ADI,54.94,0.38772417277090154,True,True,68.97,-0.203421777584457,False,0.05060065526028401,0.04725966793317027,0.0033409873271137425,0.09173643975245716,0.08692031437047842,0.004816125381978731,0.027484528576629197,0.06807890490813517,-0.04059437633150598,0.06734619585001833,0.05720085358871607,0.01014534226130226,0.16363305424099028,0.12756987456409719,0.0360631796768931,-0.022570076447033016
2017-05-02,ADI,75.51,0.4858323494687131,True,True,84.24,-0.10363247863247849,True,0.03959740431730885,0.0028060476609288454,0.03679135665638,0.13574361011786507,0.011182309335343588,0.12456130078252148,0.05350284730499255,0.035305942957657876,0.018196904347334675,0.1777248046616342,0.076810319554383,0.1009144851072512,0.15680042378492898,0.10780248774971724,0.04899793603521174,-0.004635147662561345
2017-07-27,ADI,79.55,0.5736894164193869,True,True,90.49,-0.12089733672228975,True,-0.020238843494657432,-0.0009708737864076999,-0.019267969708249733,-0.0035197988686360704,-0.01298543689320375,0.00946563802456768,0.11791326209930864,0.0400889967637541,0.07782426533555453,0.22237586423632938,0.12920711974110022,0.09316874449522916,0.21370207416719045,0.14890776699029118,0.06479430717689927,-0.039472030169704575
2018-02-05,ADI,85.4,0.5879509111193753,True,True,98.38,-0.13193738564748925,True,-0.004098360655737765,0.00534232561664072,-0.009440686272378485,0.07646370023419213,0.03391050657371264,0.042553193660479494,0.033957845433255196,-0.0027658848937218705,0.036723730326977067,0.13559718969555035,0.0662675709468421,0.06932961874870824,0.16744730679156894,0.03042473383094002,0.13702257296062892,-0.052107728337236536
2018-05-02,ADI,88.3,0.3956061324482376,True,True,98.38,-0.10245984956291931,False,0.04892412231030585,0.02393617021276606,0.02498795209753979,0.1005662514156287,0.02940729483282678,0.07115895658280191,0.0983012457531145,0.06922492401215807,0.029076321740956423,-0.06511891279728199,0.04487082066869297,-0.10998973346597496,0.29898074745186864,0.10870060790273572,0.19028013954913292,-0.023442808607021415
2018-09-12,ADI,91.02,0.6152617568766636,True,True,103.59,-0.12134375905010142,False,0.01713909030982208,0.007263420033204238,0.009875670276617843,-0.07822456602944394,-0.03742390702822351,-0.04080065900122043,-0.05053834322127004,-0.08837161040398456,0.037833267182714514,0.16106350252691737,-0.048803265080243574,0.20986676760716094,0.2638980443858494,0.03849612617598219,0.2254019182098672,-0.15820698747528006
2018-12-07,ADI,86.42,0.4772649572649572,True,True,103.59,-0.16574958972873832,False,0.009835686183753634,-0.011761581363584517,0.02159726754733815,-0.013654246702152317,-0.02579959782979857,0.012145351127646253,0.22286507752835005,0.04340402929013165,0.1794610482382184,0.11166396667438083,0.041734643548203554,0.06992932312617728,0.3125433927331638,0.18382213453731455,0.12872125819584923,-0.07336264753529276
2019-05-13,ADI,104.23,0.8579322638146167,True,True,118.54,-0.1207187447275182,True,-0.06456874220473952,0.011001922666096897,-0.07557066487083641,0.009018516741820859,0.02862636188848522,-0.01960784514666436,0.05363139211359491,0.025315103610339618,0.028316288503255294,0.023026000191883167,0.08000427259132659,-0.05697827239944342,0.05372733378106109,0.041230506302072145,0.012496827478988948,-0.08366113403050945
2019-08-07,ADI,109.82,0.7338174928954846,True,True,124.79,-0.11996153537943754,True,0.004461846658168067,-0.014133416675348287,0.018595263333516354,0.02913859042068845,0.034204951904712066,-0.005066361484023618,-0.029047532325623737,0.05333888946765275,-0.08238642179327649,0.03105081041704616,0.13421536965656133,-0.10316455923951517,0.06701875796758339,0.14616105844358773,-0.07914230047600435,-0.05554543798943723
2019-10-31,ADI,106.63,0.678419644262553,True,True,124.79,-0.14552448112829564,False,0.053080746506611654,0.015989186694359336,0.03709155981225232,0.05927037419112824,0.03619819998021967,0.02307217421090857,0.06189627684516563,0.07678106352817071,-0.01488478668300508,-0.006658538872737485,-0.06712161672106276,0.060463077848325275,0.09228172184188321,0.07691293310915515,0.015368788732728067,0.008252836912688855
2020-01-31,ADI,109.75,0.4387781856318824,True,True,124.79,-0.12052247776264124,False,0.022961275626423694,0.03254281540422088,-0.009581539777797188,0.01384965831435081,-0.03928760140490484,0.05313725971925565,-0.019498861047836047,-0.11189506729245013,0.09239620624461409,0.019954441913439647,0.0038230814658253287,0.016131360447614318,0.3595444191343964,0.17374817393466557,0.18579624519973081,-0.2794533029612757
2020-04-28,ADI,107.61,0.3799692228776608,True,True,127.3,-0.15467399842890805,True,-0.015519003810054888,0.0016099114548699944,-0.017128915264924882,0.06570021373478308,0.06229657368844688,0.003403640046336198,0.0402378961063099,0.1302978336191507,-0.0900599375128408,0.14896385094322095,0.2154481503517307,-0.06648429940850975,0.4927980670941361,0.4615546144962026,0.031243452597933485,-0.0698819812285103
2020-09-14,ADI,114.62,0.3952525867315886,True,True,127.39,-0.10024334720150718,False,-0.0060198918164369175,-0.033947881581279815,0.027927989764842898,0.10024428546501474,0.04127518761448923,0.05896909785052551,0.2749083929506193,0.09368906222301021,0.1812193307276091,0.25684871750130855,0.12781421733735177,0.1290345001639568,0.48263828302216005,0.31607870944867944,0.1665595735734806,-0.03454894433781197
2021-03-04,ADI,144.52,0.6142075282028372,True,True,164.4,-0.12092457420924574,True,0.0450456684195959,0.04467746217148916,0.0003682062481067394,0.10974259618045945,0.06347225909211573,0.046270337088343716,0.13894270689177945,0.11505176533050188,0.02389094156127758,0.14759202878494304,0.18919564640297337,-0.04160361761803033,0.08600885690561855,0.14143881072471465,-0.0554299538190961,-0.00781898699142003
2021-12-16,ADI,172.6,0.9768640476463175,True,True,191.95,-0.10080750195363375,True,0.00034762456546921783,0.008896987887233365,-0.008549363321764147,-0.0034762456546928444,-0.0037088648300995786,0.00023261917540673416,-0.12560834298957135,-0.0863543788187372,-0.039253964170834155,-0.06367323290845872,-0.1393718512166363,0.07569861830817759,-0.005330243337195784,-0.1437453103226498,0.13841506698545403,-0.16680185399768244
2022-05-10,ADI,155.22,0.40343580470162754,True,True,191.95,-0.19135191456108358,False,0.055534080659708884,0.02312761532486407,0.032406465334844814,0.0630717691019198,0.03039414668370566,0.03267762241821415,0.14192758665120464,0.03603197273797898,0.10589561391322566,-0.08117510630073443,-0.03227342203512995,-0.048901684265604484,0.15719623759824763,0.02966749354782139,0.12752874405042625,-0.10771807756732377
2023-04-27,ADI,177.62,0.6441729149310378,True,True,198.25,-0.10406052963430013,True,0.02088728746762758,-0.01765233626730689,0.03853962373493447,-0.029444882333070743,0.005431488082248137,-0.03487637041531888,0.10156513906091647,0.10433791615140264,-0.002772777090486178,-0.035750478549712805,0.043160932082151104,-0.07891141063186391,0.11440153135908115,0.2208481850585582,-0.10644665369947703,-0.08833464699921179
2023-08-16,ADI,177.17,0.500042333418,True,True,200.1,-0.11459270364817598,True,0.0017497318959192043,0.007710854335365225,-0.0059611224394460205,0.014110741096122315,0.02438358657083084,-0.010272845474708525,-0.056668736242027395,-0.013192612137203241,-0.043476124104824154,0.08353558728904442,0.13297243198981,-0.04943684470076559,0.21532990912682748,0.23680738786279698,-0.021477478735969502,-0.1251904950047975
2023-11-09,ADI,167.13,0.25191011235955063,True,True,200.1,-0.16476761619190405,False,0.07604858493388389,0.03777890466531453,0.03826968026856936,0.10620475079279612,0.06075972708832755,0.04544502370446857,0.14862681744749606,0.14811912225705348,0.0005076951904425808,0.19445940286004904,0.1785220357735573,0.01593736708649174,0.3628313289056424,0.3728794025447171,-0.010048073639074673,0.004248190031711951
2024-08-01,ADI,218.92,0.31451903446619434,True,True,244.14,-0.10330138445154424,True,-0.024118399415311575,-0.02276201174932324,-0.0013563876659883345,0.05467750776539382,0.028249940148431962,0.026427567616961856,0.05138863511785119,0.06635236920130372,-0.014963734083452529,-0.007080211949570536,0.1196294727537246,-0.12670968470329513,0.012744381509227187,0.1449512900314911,-0.1322069085222639,-0.09222547049150376
2025-01-14,ADI,214.65,0.2713219616204692,True,True,244.14,-0.120791349225854,False,0.043931982296762095,0.041653068585856934,0.0022789137109051616,-0.04435126950850221,0.03636269946237469,-0.0807139689708769,-0.16906592126717912,-0.0989539497414933,-0.07011197152568582,0.1307710225949219,0.07191810233772467,0.05885292025719724,0.37996738877242,0.19165564506432586,0.18831174370809411,-0.2608898206382483
2026-03-06,ADI,315.81,0.7247009993992681,True,True,363.2,-0.13047907488986776,True,-0.03084132864697131,-0.015006395193194355,-0.015834933453776956,0.03657262277951934,-0.02000356941015502,0.05657619218967436,0.340046230328362,0.12967369642166648,0.21037253390669552,0.18590291631043976,0.1468217377078438,0.03908117860259597,,,,-0.048288527912352386
2026-06-10,ADI,392.67,1.2440850382900903,True,True,439.7,-0.10695929042528995,True,0.05546642218656883,0.021407992500999562,0.03405842968556927,0.007589069702294449,0.040693106157727366,-0.03310403645543292,-0.07746963098785242,0.06170133575948067,-0.1391709667473331,,,,,,,-0.1137596455038582
2026-09-04,ADI,362.25,0.9950983091920471,True,True,445.91,-0.18761633513489273,True,,,,,,,,,,,,,,,,
2014-02-03,ADP,65.0395,0.5465563650890275,True,True,73.5909,-0.11620186735044691,True,0.004995425856594737,0.03353045874720095,-0.028535032890606216,0.058990305891035266,0.07699374174656959,-0.018003435855534322,0.05237586389809268,0.08118504908996971,-0.02880918519187703,0.11514541163446812,0.13521272320146993,-0.02006731156700181,0.2689211940436196,0.14514554745363717,0.12377564658998241,-0.029292968119373652
2015-06-29,ADP,80.91,0.709132695955623,True,True,90.23,-0.10329158816358208,False,0.0019775058707205417,0.012656995424009443,-0.010679489553288901,-0.004078605858361173,0.019034173887644945,-0.023112779746006118,-0.019033494005685214,-0.05754064842761164,0.038507154421926426,0.04820170559881354,-0.002726122091324945,0.05092782769013848,0.07180818193054006,-0.010612403855515429,0.08242058578605549,-0.20541342232109738
2015-09-23,ADP,79.37,0.5466639645029223,True,True,90.23,-0.12035908234511805,False,0.01247322665994699,-0.010175619834710714,0.022648846494657704,0.10180168829532565,0.042613636363636465,0.05918805193168919,0.06853975053546679,0.05816115702479352,0.010378593510673273,0.10444752425349613,0.05030991735537205,0.05413760689812408,0.1060854227037924,0.10237603305785115,0.0037093896459412523,-0.0157490235605392
2016-01-06,ADP,81.26,0.5650187682843921,True,True,90.67,-0.10378294915628095,True,-0.04824021658872757,-0.05024645407906636,0.0020062374903387914,0.018951513659857255,-0.036314254099185206,0.05526576775904246,0.10398720157519059,0.03737048586661307,0.06661671570857752,0.08195914349003197,0.022029976863494616,0.059929166626537356,0.27368939207482157,0.13288401569258634,0.14080537638223523,-0.05673147920255972
2016-10-11,ADP,86.09,0.36550006741056196,True,True,96.0,-0.1032291666666666,True,0.014984318736206204,0.0013119055428010284,0.013672413193405175,0.05877569984899522,0.0031860563182308788,0.05558964353076434,0.19770008131025674,0.06456449421355948,0.13313558709669726,0.17841793471947964,0.10331256149557233,0.07510537322390731,0.3192008363340688,0.18985147355104703,0.12934936278302178,-0.007085608084562711
2017-08-08,ADP,108.51,0.5435606734140843,True,True,121.77,-0.10889381621088934,True,0.028292323288176213,-0.0030332443581655433,0.031325567646341757,-0.004239240622984086,-0.0014559572919193853,-0.002783283331064701,0.06349645193991327,0.04137345304537732,0.02212299889453595,0.1133536079623998,0.13952924047561277,-0.026175632513212976,0.24928578011243196,0.1511768988109683,0.09810888130146367,-0.05252972076306328
2018-02-09,ADP,111.43,0.28791030975497,True,True,125.24,-0.11026828489300533,True,0.042627658619761366,0.044397705544933164,-0.0017700469251717976,0.05474288791169335,0.06508604206500945,-0.010343154153316103,0.12869065781207922,0.020726577437858662,0.10796408037422056,0.19492057794130835,0.07988527724665384,0.11503530069465451,0.31750874988782196,0.03430210325047822,0.28320664663734374,-0.020551018576684954
2018-10-24,ADP,137.65,0.5204904451563017,True,True,153.51,-0.10331574490261208,True,0.046712677079549625,0.0200135685210312,0.026699108558518425,0.024918270977115853,-0.001130710085934017,0.02604898106304987,-0.023465310570287112,-0.007198854213779415,-0.016266456356507697,0.1800944424264439,0.09309513040856321,0.08699931201788069,0.1626589175444968,0.13025780189959302,0.03240111564490378,-0.11805303305484927
2019-01-23,ADP,134.42,0.6961514195583596,True,True,153.51,-0.1243567194319588,False,0.03712245201606912,0.015830834060969412,0.021291617955099706,0.12319595298318697,0.05318704680915687,0.0700089061740301,0.20845112334474036,0.10102122166964023,0.10742990167510014,0.2215444130337747,0.1380737253710942,0.08347068766268051,0.3108168427317364,0.25773508978398696,0.05308175294774942,-0.004909983633387904
2019-10-02,ADP,156.62,0.7958949661736041,True,True,174.5,-0.10246418338108876,True,0.011748180309028244,0.011143511768381575,0.000604668540646669,0.04807815093857748,0.055821703811705925,-0.007743552873128445,0.09034606052866812,0.12080816496563229,-0.030462104436964177,-0.2172774869109948,-0.14326876345205863,-0.07400872345893617,-0.12182352190014056,0.15382212039158505,-0.2756456422917256,-0.018516153747924924
2020-02-27,ADP,157.53,0.5294174757281553,True,True,182.32,-0.13596972356296622,True,0.019932711229607047,0.01663809619844714,0.0032946150311599087,-0.12994350282485878,-0.12204631777083119,-0.007897185054027589,-0.14384561670792861,-0.006957749319350559,-0.13688786738857806,-0.11159779089697208,0.1382474538670968,-0.24984524476406889,0.12118326667936263,0.31682968639709586,-0.19564641971773322,-0.3454580079984765
2022-06-27,ADP,218.31,0.3408057978135366,True,True,248.96,-0.12311214652956304,False,-0.026705144061197394,-0.017061684551841316,-0.009643459509356078,-0.001832256882414951,0.0059188347615739545,-0.0077510916439889055,0.055471577115111526,-0.028822151882446745,0.08429372899755827,0.13961797444001633,0.0026763426747986596,0.13694163176521768,-0.012688378910723275,0.11027046501453985,-0.12295884392526313,-0.05817415601667353
2022-09-21,ADP,230.42,0.4464532328939106,True,True,261.59,-0.11915593103711908,True,0.006640048606891824,-0.018177482180237958,0.024817530787129782,0.012238520961722177,-0.02355653302949201,0.03579505399121419,0.07972398229320365,0.0324332918201331,0.04729069047307055,-0.07451610103289641,0.03150586925991683,-0.10602197029281324,0.05837166912594394,0.16229894803783895,-0.10392727891189502,-0.050429650203975274
2022-12-16,ADP,247.05,0.46774001901140694,True,True,274.92,-0.10137494543867309,True,-0.024731835660797508,-0.0009392856211024592,-0.02379255003969505,-0.05181137421574589,0.021447021681843204,-0.07325839589758909,-0.12649261283141067,0.03350118715266004,-0.1599937999840707,-0.11613033798826145,0.13183917342865348,-0.24796951141691492,-0.05225662821291244,0.22454144597803127,-0.2767980741909437,-0.14980773122849633
2023-03-16,ADP,215.8,0.7622080679405523,True,True,274.92,-0.21504437654590425,False,-0.010101946246524607,-0.007422180707379211,-0.0026797655391453956,-0.0004633920296571725,0.041276413117568245,-0.04173980514722542,0.01186283595922144,0.09515033702759323,-0.0832875010683718,0.15903614457831328,0.12304662846179104,0.035989516116522235,0.12720111214087115,0.3000176718588272,-0.17281655971795606,-0.06645041705282673
2023-06-12,ADP,218.36,0.3993847731350937,True,True,274.92,-0.20573257674959988,False,0.008792819197655177,0.007791609036422287,0.0010012101612328905,0.0303627037919032,0.028169663439372883,0.0021930403525303177,0.14544788422788058,0.025472568003688467,0.11997531622419211,0.06677047078219456,0.0583218072844629,0.008448663497731657,0.13056420589851614,0.2348086675887504,-0.10424446169023427,-0.025370947059901172
2023-12-22,ADP,230.97,0.3013127500140853,True,True,256.84,-0.10072418626382174,False,0.010607438195436636,-0.002111263591259349,0.012718701786695985,0.032341862579555736,0.024786234561384957,0.007555628018170779,0.07784560765467363,0.1025018473556425,-0.024656239700968863,0.06057063687924846,0.15507231077800077,-0.0945016738987523,0.272979174784604,0.2480734719729758,0.024905702811628183,-0.0025544443001255246
2025-03-13,ADP,290.55,0.4146947122407245,True,True,322.84,-0.10001858505761352,True,0.023954568921011887,0.025515940662290237,-0.00156137174127835,0.005713302357597483,-0.04867433172536351,0.05438763408296099,0.09643779039752198,0.08751949512168578,0.008918295275836208,0.03662020306315594,0.17717891987958367,-0.14055871681642773,-0.2860092927207022,0.20789960465706714,-0.49390889737776933,-0.06171054895887118
2014-07-31,AMAT,20.96,0.6794871794871795,True,True,23.46,-0.10656436487638532,True,-0.01288167938931295,-0.010668600134652206,-0.0022130792546607436,0.08778625954198471,0.036511471334610635,0.05127478820737408,0.0014312977099235624,0.017297633228028353,-0.01586633551810479,0.17461832061068705,0.06737790667564347,0.10724041393504358,-0.16269083969465647,0.09156351960225795,-0.2542543592969144,-0.11116412213740468
2014-10-24,AMAT,20.99,0.7955517536355858,True,True,23.46,-0.10528559249786884,False,0.052405907575035826,0.026625260907193304,0.02578064666784252,0.08909004287756073,0.052181438680446,0.036908604197114725,0.17293949499761796,0.049228732881942516,0.12371076211567544,0.03668413530252512,0.0683195031308863,-0.03163536782836118,-0.2277274892806097,0.0449524003461792,-0.2726798896267889,-0.009051929490233368
2015-01-30,AMAT,22.84,0.8675388389206868,True,True,25.71,-0.11162971606378846,True,0.06129597197898429,0.030584106292304014,0.030711865686680273,0.12215411558668987,0.06287290047631,0.05928121511037987,-0.12259194395796846,0.06011531712208584,-0.1827072610800543,-0.22416812609457093,0.053797944346954285,-0.2779660704415252,-0.26970227670753066,-0.05184256705941326,-0.2178597096481174,-0.14010507880910683
2015-04-28,AMAT,20.04,0.744125326370757,True,True,25.71,-0.22053675612602108,False,-0.03393213572854292,-0.012012864169504311,-0.02191927155903861,0.014970059880239583,0.00595913734392739,0.009010922536312194,-0.11576846307385236,-0.005959137343927279,-0.10980932572992508,-0.21007984031936122,-0.03863980325387806,-0.17144003706548316,0.04491017964071875,-0.013384411653424078,0.05829459129414283,-0.13173652694610782
2015-07-23,AMAT,17.72,0.6560747663551403,True,True,25.71,-0.310774017891871,False,-0.008465011286681645,0.0030450090398705942,-0.01151002032655224,-0.09819413092550777,-0.0295461033399943,-0.06864802758551347,-0.10665914221218953,-0.03287658197735277,-0.07378256023483676,-0.08577878103837466,-0.10157959843943287,0.01580081740105821,0.5039503386004516,0.03287658197735266,0.4710737566230989,-0.19582392776523694
2016-10-13,AMAT,27.86,0.5392265193370165,True,True,31.07,-0.10331509494689417,True,0.01866475233309406,0.004084315290362017,0.014580437042732042,0.011486001435750293,0.018355945730247347,-0.006869944294497055,0.1891600861450109,0.06314257546594071,0.1260175106790702,0.38478104809763103,0.10530022064691802,0.279480827450713,0.9106245513280689,0.19722078775644336,0.7134037635716255,-0.004307250538406304
2017-06-27,AMAT,41.89,0.8684210526315788,True,True,47.86,-0.12473882156289173,True,0.005490570541895279,0.005966933244934358,-0.00047636270303907935,0.1327285748388638,0.025276592218124616,0.10745198262073918,0.12556696108856524,0.03339825135706276,0.09216870973150249,0.2542372881355932,0.10433845771350425,0.14989883042208896,0.11506326092146102,0.12294368706750092,-0.007880426146039898,-0.026259250417760782
2017-11-29,AMAT,52.91,1.1999999999999997,True,True,60.89,-0.13105600262768935,True,-0.03591003591003583,0.002017433672109936,-0.03792746958214577,-0.022491022491022417,0.019641429713372238,-0.042132452204394655,0.08939708939708946,0.044611929504015935,0.04478515989307352,-0.04857304857304845,0.04053899737352995,-0.0891120459465784,-0.31959931959931953,0.021658863385482174,-0.3412581829848017,-0.1470421470421469
2018-03-23,AMAT,55.38,1.3171548117154814,True,True,62.4,-0.11249999999999993,True,-0.044962080173347796,-0.002247626428986571,-0.042714453744361225,-0.0938967136150235,0.03301685719821723,-0.12691357081324073,-0.12332972192127134,0.06762255376864945,-0.1909522756899208,-0.29776092452148795,0.12702964541755457,-0.4247905699390425,-0.28024557602022393,0.08215462119744221,-0.36240019721766614,-0.14770675334055616
2018-06-19,AMAT,48.55,1.4470766129032255,True,True,62.4,-0.2219551282051282,False,-0.03872296601441805,-0.014156079854809378,-0.02456688615960867,-0.005561277033985457,0.020181488203266706,-0.025742765237252163,-0.1989701338825952,0.05564428312159708,-0.2546144170041923,-0.29618949536560235,-0.041488203266787704,-0.25470129209881465,-0.12852729145211117,0.06134301270417408,-0.18987030415628525,-0.22986611740473728
2018-09-13,AMAT,38.89,1.492948717948718,True,True,62.4,-0.3767628205128205,False,0.012856775520699415,0.009455695767286665,0.00340107975341275,-0.15685266135253284,-0.06416119382457097,-0.09269146752796187,-0.12136796091540236,-0.09201251590276105,-0.029355445012641312,-0.029570583697608566,-0.0562871780765396,0.026716594378931036,0.31781949087168937,0.03596602826393447,0.2818534626077549,-0.21496528670609405
2019-11-21,AMAT,56.44,0.8360442420299286,True,True,63.07,-0.10512129380053914,True,0.025868178596739844,0.013020917265607501,0.012847261331132342,0.09514528703047498,0.033712572920359785,0.061432714110115194,0.17647058823529416,0.0859896219421794,0.09048096629311475,-0.0779588944011339,-0.07731975376285172,-0.0006391406382821874,0.3414245216158751,0.14829019885905814,0.19313432275681697,-0.026399716513111127
2020-02-24,AMAT,61.08,0.6697648988518317,True,True,69.44,-0.12039170506912444,True,-0.015062213490504295,-0.04134358910737557,0.026281375616871272,-0.3423379174852652,-0.3085106382978724,-0.03382727918739281,-0.09184675834970535,-0.09444203213200175,0.0025952737822964034,0.06532416502946936,0.04469325724210638,0.020630907787362984,0.9557956777996071,0.2096954283233048,0.7461002494763023,-0.40013097576948264
2020-05-19,AMAT,55.47,0.2972404115996259,True,True,69.44,-0.2011808755760368,False,0.016765819361817202,0.03959310888104928,-0.022827289519232075,0.08166576527852887,0.06743843545569739,0.01422732982283148,0.17306652244456444,0.15364592252628673,0.019420599918277714,0.27149810708491073,0.19930129807856978,0.07219680900634096,1.2276906435911301,0.42315991368976236,0.8045307299013678,-0.03875968992248058
2020-08-21,AMAT,62.27,0.4377741861002078,True,True,69.9,-0.1091559370529328,True,0.012847277982977356,0.032697066101095684,-0.019849788118118328,-0.07949253251967248,-0.036850477200424114,-0.04264205531924836,0.19608158021519184,0.06801578885354065,0.1280657913616512,0.8740966757668218,0.15659243548957225,0.7175042402772496,1.0748353942508428,0.2956875220926123,0.7791478721582306,-0.1303998715272202
2021-01-27,AMAT,98.58,0.7679340028694406,True,True,110.88,-0.11093073593073588,True,0.01308581862446756,0.019871264122218957,-0.006785445497751397,0.15571109758571722,0.021153281162362036,0.13455781642335518,0.3680259687563401,0.11305787772762477,0.2549680910287153,0.33870967741935476,0.15130471942522905,0.1874049579941257,0.4129640900791236,0.17475494778451406,0.23820914229460954,-0.025461554067762293
2021-05-04,AMAT,128.72,1.5473975855927171,True,True,146.0,-0.11835616438356167,True,-0.040164698570540724,-0.0033925220153024904,-0.036772176555238234,0.07994095711622129,0.011332467157499693,0.0686084899587216,0.0682100683654443,0.06022328088157436,0.00798678748386994,0.05601305158483538,0.09022664934315006,-0.03421359775831467,-0.14271286513362336,-0.008709879216592054,-0.1340029859170313,-0.11132691112492232
2021-08-12,AMAT,129.22,1.684811967587783,True,True,146.0,-0.11493150684931508,False,-0.00015477480266223864,-0.011794837231246191,0.011640062428583953,0.05896919981427029,0.0007413897688210991,0.05822781004544919,0.18627147500386942,0.05261620722967342,0.133655267774196,0.08930506113604708,0.027498820516276945,0.061806240619770136,-0.18704534901718006,-0.0564354878569342,-0.13060986116024587,-0.04681937780529333
2022-01-19,AMAT,143.07,3.0064407728927467,True,True,167.06,-0.14360110140069438,True,-0.05235199552666514,-0.040664084117321586,-0.011687911409343554,-0.014748025442091195,-0.011400110680686137,-0.0033479147614050575,-0.2076605857272663,-0.030902047592694992,-0.17675853813457132,-0.37736772209407976,-0.16141671278361924,-0.21595100931046052,-0.2332424687216047,-0.13339236303265078,-0.09985010568895392,-0.20842944013419995
2022-04-14,AMAT,113.36,1.5928636779505947,True,True,167.06,-0.32144139830001195,False,-0.004940014114326097,-0.026839352200826894,0.021899338086500797,-0.013232180663373283,-0.08239110075607026,0.06915892009269697,-0.21418489767113624,-0.13467644304346837,-0.07950845462766787,-0.22265349329569506,-0.1475364900979923,-0.07511700319770276,-0.004057868736767722,-0.05785879074442091,0.053800922007653185,-0.2707304163726182
2023-08-17,AMAT,137.59,1.0347530316474414,True,True,153.28,-0.10236169102296444,True,0.03583109237589954,0.0013752320704119025,0.03445586030548764,0.004796860236935707,0.016227738430860228,-0.01143087819392452,0.09513772803256049,0.009901670906965476,0.08523605712559501,0.2638273130314701,0.1421760755460817,0.12165123748538842,0.5395740969547207,0.2676660019711661,0.2719080949835546,-0.06090558906897303
2024-04-19,AMAT,189.77,0.44984337993735224,True,True,214.91,-0.11697920059559808,True,0.07171839595299567,0.026456094999596003,0.04526230095339967,0.11756336618011276,0.06925034332337021,0.04831302285674255,0.15966696527375235,0.12476775183778988,0.03489921343596247,0.07477472730147028,0.16352290168834305,-0.08874817438687277,-0.28566159034620864,0.03780596170934647,-0.3234675520555551,-0.015334352110449423
2024-07-17,AMAT,220.07,0.6223368964246221,True,True,255.89,-0.13998202352573375,True,-0.06152587812968602,-0.028207706395662058,-0.03331817173402396,-0.08379152087972008,-0.02368298200883412,-0.060108538870885964,-0.07320398055164257,0.03445613531080527,-0.10766011586244784,-0.1919843686099877,0.056900204689912526,-0.2488845732999002,-0.12518744035988538,0.127661866628362,-0.25284930698824737,-0.2202026627891125
2024-10-10,AMAT,203.96,0.594932749452612,True,True,255.89,-0.20293876274961886,False,-0.10158854677387719,0.010796174474511089,-0.11238472124838828,-0.04839184153755638,0.033811813306024785,-0.08220365484358116,-0.12816238478132969,0.02169649211115554,-0.14985887689248523,-0.3775740341243381,-0.12297571728602918,-0.2545983168383089,0.029368503628162346,0.1334594622741394,-0.10409095864597706,-0.22063149637183765
2025-02-11,AMAT,183.2,0.3513314155049052,True,True,255.89,-0.2840673726992067,False,-0.049890829694323124,0.012588590969916158,-0.06247942066423928,-0.18635371179039295,-0.07672101898200911,-0.10963269280838384,-0.14847161572052392,-0.0664948538765261,-0.08197676184399783,-0.022106986899563252,0.037435363697940094,-0.059542350597503346,0.7962336244541486,0.1434141183856208,0.6528195060685278,-0.3245633187772926
2025-12-17,AMAT,248.27,1.270000914327512,True,True,276.1,-0.10079681274900398,True,0.05038868973295196,0.02826928805481077,0.022119401678141193,0.31715471059733336,0.03017575215966639,0.28697895843766696,0.4196640754017802,-0.0009085492999701961,0.4205726247017504,1.225963668586619,0.09883824843610367,1.1271254201505154,,,,0.015950376606114203
2026-03-17,AMAT,352.46,2.081213392779089,True,True,395.95,-0.10983710064402075,True,0.06108494580945356,-0.026252627498919212,0.08733757330837277,0.11859501787436866,0.043456223259142446,0.07513879461522621,0.5679509731600749,0.09983750503138089,0.46811346812869403,,,,,,,-0.09013788798728928
2026-07-01,AMAT,650.91,3.656008583690986,True,True,739.67,-0.11999945921830002,True,-0.09563534129142282,0.007978438103411367,-0.10361377939483418,-0.2291253783165107,-0.0054575198455266705,-0.22366785847098403,,,,,,,,,,-0.34533191992748613
2016-08-02,AMD,6.26,0.6430446194225721,True,True,7.16,-0.12569832402234637,True,0.054313099041533475,0.012201345395499885,0.04211175364603359,0.19648562300319505,0.011366272326606364,0.1851193506765887,0.16453674121405748,-0.008397123637207127,0.1729338648512646,0.6677316293929711,0.055903502667594474,0.6118281267253767,1.1741214057507987,0.14483878450475518,1.0292826212460435,-0.09584664536741205
2016-10-27,AMD,7.11,1.141566265060241,True,True,8.0,-0.11124999999999996,True,-0.057665260196905765,-0.020593892198714547,-0.03707136799819122,0.23347398030942323,0.039170615002111164,0.19430336530731207,0.45569620253164556,0.07693390251911625,0.3787623000125293,0.8284106891701828,0.10048318243655308,0.7279275067336297,0.7341772151898733,0.19758877890885218,0.5365884362810212,-0.12517580872011258
2017-01-25,AMD,10.35,1.982708933717579,True,True,12.42,-0.16666666666666674,True,0.16521739130434798,-0.008494141220542706,0.1737115325248907,0.38357487922705324,0.029925512915450536,0.3536493663116027,0.2560386473429952,0.021866968680576804,0.2341716786624184,0.3024154589371981,0.07008755499411956,0.23232790394307856,0.2502415458937197,0.23400270070131124,0.01623884519240848,-0.01256038647342983
2017-04-21,AMD,13.0,2.0232558139534884,True,True,15.55,-0.16398713826366562,True,0.023076923076923217,0.014877019480796339,0.008199903596126878,-0.12230769230769234,0.01585745342938738,-0.13816514573707972,0.03692307692307706,0.04718871222132237,-0.010265635298245313,0.06769230769230772,0.08708811117268422,-0.019395803480376506,-0.22230769230769232,0.14621254102902936,-0.3685202333367217,-0.24230769230769234
2017-07-18,AMD,13.48,1.949671772428884,True,True,15.55,-0.13311897106109327,False,0.04673590504451042,0.00716437352438315,0.03957153152012727,-0.03412462908011871,0.0034600667589350653,-0.03758469583905377,0.029673590504451175,0.03810144101603852,-0.008427850511587343,-0.08902077151335319,0.11503704306765461,-0.2040578145810078,0.22997032640949544,0.1371000569893348,0.09287026942016063,-0.1201780415430268
2017-10-11,AMD,13.88,4.102941176470588,True,True,15.65,-0.11309904153354633,True,0.0136887608069165,0.0027448827542937426,0.010943878052622757,-0.15634005763688763,0.01603795780723072,-0.17237801544411835,-0.11527377521613846,0.07411183436593216,-0.18938560958207062,-0.2780979827089338,0.041643792643714095,-0.3197417753526479,0.9625360230547548,0.12697043369147498,0.8355655893632798,-0.30115273775216145
2018-01-08,AMD,12.28,3.7596899224806197,True,True,15.65,-0.21533546325878605,False,-0.030130293159609023,0.01113463785046731,-0.04126493101007633,-0.05130293159609112,-0.017486857476635587,-0.03381607411945553,-0.1840390879478827,-0.030227803738317904,-0.1538112842095648,0.22068403908794787,-0.009637850467289821,0.2303218895552377,0.6750814332247559,-0.07133469626168232,0.7464161294864382,-0.26384364820846906
2018-09-13,AMD,30.48,15.747252747252748,True,True,34.14,-0.10720562390158173,True,0.02296587926509175,0.009455695767286665,0.013510183497805084,-0.16994750656167978,-0.06416119382457097,-0.10578631273710881,-0.34416010498687666,-0.09201251590276105,-0.2521475890841156,-0.27788713910761154,-0.0562871780765396,-0.22159996103107193,-0.008858267716535417,0.03596602826393447,-0.044824295980469886,-0.4694881889763779
2018-12-10,AMD,19.99,7.364016736401673,True,True,34.14,-0.41446983011130645,False,-0.05802901450725362,-0.032983678570076,-0.025045335937177615,0.010005002501250804,-0.023099935623130063,0.03310493812438087,0.10105052526263147,0.03934562805316766,0.061704897209463816,0.47923961980990515,0.06233195743552833,0.4169076623743768,0.9824912456228116,0.19237323436967468,0.790118011253137,-0.19809904952476232
2019-03-08,AMD,22.01,7.910931174089068,True,True,34.14,-0.3553016988869361,False,0.058155383916401515,0.024958099540916878,0.03319728437548464,0.31667423898228075,0.0514100415361074,0.26526419744617336,0.343480236256247,0.022116155359615197,0.3213640808966318,0.3984552476147205,0.0525759673540771,0.3458792802606434,1.185824625170377,0.10201850907236021,1.0838061160980168,-0.0013630168105407403
2019-06-04,AMD,29.57,5.6749435665914225,True,True,34.14,-0.13386057410661978,False,0.0960432871153194,0.029836381135707413,0.06620690597961199,0.056476158268515375,0.056678430114426304,-0.0002022718459109285,0.04091985120054109,0.029800734324314737,0.011119116876226354,0.33648968549205294,0.10601361708195212,0.23047606841010082,0.8136624957727427,0.08918832210458794,0.7244741736681548,-0.06493067297937105
2019-08-28,AMD,30.78,3.120481927710844,True,True,35.55,-0.13417721518987336,True,0.023391812865497075,0.03091141957146326,-0.007519606705966186,-0.04256010396361276,0.02807296895011957,-0.07063307291373233,0.28395061728395077,0.07400740766381664,0.20994320962013413,0.8606237816764133,0.1663608986119285,0.6942628830644848,1.805393112410656,0.19118003392294658,1.6142130784877093,-0.10883690708252114
2020-01-29,AMD,47.51,3.5161596958174908,True,True,52.81,-0.10035978034463178,True,0.04904230688276168,0.019104770069193533,0.029937536813568144,-0.07366870132603665,-0.08912497703753597,0.015456275711499323,0.1824878972847821,-0.13364154062825295,0.31612943791303505,0.19974742159545356,-0.004929275610801587,0.20467669720625514,0.9934750578825511,0.17503520911150572,0.8184398487710454,-0.22647863607661545
2020-04-30,AMD,52.39,2.939097744360902,True,True,59.27,-0.11607896068837531,True,-0.008398549341477324,-0.009639217846323378,0.0012406685048460542,0.02691353311700695,0.04764527678325514,-0.020731743666248192,0.3164726092765795,0.11270999724593778,0.20376261203064172,0.556785646115671,0.18211236573946565,0.3746732803762054,0.6037411719793853,0.43693197466262723,0.16680919731675803,-0.07577782019469359
2020-08-11,AMD,76.88,4.992205767731878,True,True,87.29,-0.11925764692404639,True,0.062174817898022816,0.017548076923076916,0.0446267409749459,0.06542663891779399,0.021003605769230882,0.04442303314856311,0.0581425598335068,0.032271634615384626,0.025870925218122176,0.1558272632674298,0.146484375,0.009342888267429794,0.39932362122788767,0.32851562499999987,0.0708079962278878,-0.04058272632674287
2020-11-04,AMD,81.35,6.497695852534562,True,True,94.28,-0.13714467543487496,True,-0.0008604794099569268,0.03821971240612454,-0.039080191816081467,0.13472649047326368,0.06738662164522324,0.06733986882804044,0.09231714812538416,0.1106421377423299,-0.01832498961694573,0.03146896127842669,0.2227397100774291,-0.1912707487990024,0.568899815611555,0.3445304768003725,0.22436933881118248,-0.04572833435771362
2021-02-02,AMD,88.86,5.467248908296943,True,True,99.23,-0.10450468608283792,True,0.023069997749268545,0.022801729786397607,0.00026826796287093835,-0.09002925950934049,-0.0003407155025553221,-0.08968854400678516,-0.05570560432140448,0.10093041541082415,-0.15663601973222863,0.03331082601845603,0.15586423797667392,-0.1225534119582179,0.18433490884537473,0.15830166426418546,0.026033244581189274,-0.1688048615800135
2021-04-29,AMD,83.91,6.552655265526552,True,True,99.23,-0.1543887937115792,False,-0.07174353473960193,-0.002356806170547121,-0.06938672856905481,-0.06542724347515194,-0.0018330714659809955,-0.06359417200917095,0.09426766773924444,0.04989763367138034,0.044370034067864106,0.3863663448933381,0.07279912393467591,0.3135672209586622,0.014896913359552011,-0.009427224682188262,0.024324138041740273,-0.1359790251459897
2021-08-06,AMD,110.11,4.667009778692743,True,True,122.49,-0.10106947505918851,True,0.003996003996004083,0.0077515876064995215,-0.0037555836104954388,-0.001725547180092657,0.02393274424280767,-0.025658291422900326,0.1373172282263191,0.03966191326357671,0.09765531496274238,-0.06820452274997735,-0.02542430337408752,-0.04278021937588983,-0.05630732903460178,-0.06400144636036975,0.0076941173257679685,-0.09626736899464172
2021-11-10,AMD,139.87,5.597641509433963,True,True,155.65,-0.10138130420815938,True,0.08200471866733383,0.009749363703032587,0.07225535496430124,-0.012654607850146604,0.005888443121522036,-0.01854305097166864,-0.11582183456066353,-0.035287519951684554,-0.08053431460897897,-0.28919711160363193,-0.07454380742849753,-0.2146533041751344,-0.5435046829198542,-0.17604935076139938,-0.36745533215845483,-0.28969757632086945
2022-02-07,AMD,123.67,4.455227172474636,True,True,164.46,-0.24802383558312058,True,-0.07600873291825028,-0.01842328846755803,-0.05758544445069225,-0.1466806824613892,-0.06933327371104059,-0.07734740875034862,-0.19608635885825176,-0.04069221481912089,-0.15539414403913088,-0.21743349235869658,-0.08158565487635827,-0.1358478374823383,-0.32336055631923666,-0.08368734069668649,-0.23967321562255017,-0.32061130427751283
2022-05-04,AMD,99.42,2.62582056892779,True,True,164.46,-0.3954761036118205,False,-0.11567089116877893,-0.0846268587143989,-0.031044032454380033,0.09223496278414811,-0.02719899314781149,0.1194339559319596,-0.026554013277006683,-0.0426280706661073,0.016074057389100616,-0.3817139408569704,-0.10287605463105387,-0.27883788622591654,-0.17903842285254468,-0.04903743066237831,-0.13000099219016636,-0.27982297324482
2022-08-01,AMD,96.78,2.1783251231527094,True,True,164.46,-0.41152863918278004,False,0.033994626989047205,0.005404484261265496,0.02859014272778171,-0.08565819384170292,-0.019816442291306524,-0.0658417515503964,-0.3648481091134532,-0.06293059376293297,-0.30191751535052025,-0.20923744575325476,-0.0246853470311853,-0.18455209872206946,0.18206240958875797,0.11446795043454983,0.06759445915420814,-0.4361438313701178
2023-07-06,AMD,113.48,1.1681314482231562,True,True,132.83,-0.1456749228336972,True,0.02150158618258713,0.022517399808943184,-0.0010158136263560547,-0.0029080014099400753,0.020879770731929037,-0.023787772141869112,-0.09393725766654926,-0.02770322521948776,-0.0662340324470615,0.26374691575608034,0.08185870900241077,0.18188820675366957,0.4443073669369051,0.2542874039030161,0.19001996303388902,-0.16760662671836457
2023-09-29,AMD,102.82,0.2936587820835428,True,True,132.83,-0.2259278777384628,False,0.0429877455747909,0.0048189388977262215,0.03816880667706468,-0.06214744213188084,-0.03930008421446618,-0.022847357917414657,0.39476755495039884,0.1126836343220734,0.28208392062832544,0.7472281657265125,0.21926171984654252,0.52796644587997,0.5984244310445439,0.33683447178815373,0.26158995925639017,-0.0943396226415093
2024-01-03,AMD,135.32,0.46624769747534933,True,True,151.05,-0.10413770274743472,True,0.09769435412355887,0.016574585635359185,0.08111976848819968,0.25982855453739284,0.04353761812325341,0.21629093641413943,0.3548625480342893,0.11384628511700323,0.24101626291728606,0.16420336979012706,0.1636553680752575,0.0005480017148695726,-0.10737511084835938,0.250197316495659,-0.3575724273440184,-0.009754655631096565
2024-04-01,AMD,183.34,1.3767176562094892,True,True,227.3,-0.1934007919049714,True,-0.07330642522090103,-0.006588018998008205,-0.06671840622289282,-0.12621359223300976,-0.0231729738011337,-0.10304061843187606,-0.14072215555797973,0.04471809407078298,-0.1854402496287627,-0.1493945674702739,0.08826796384250035,-0.23766253131277426,-0.4396203774408204,0.07129998467902565,-0.510920362119846,-0.23006436129595287
2024-06-26,AMD,157.54,0.8795036984013362,True,True,227.3,-0.3069071711394633,False,0.04037069950488781,0.010907224432182838,0.02946347507270497,-0.12200076171131147,-0.013015343440083593,-0.10898541827122787,-0.010092674876221897,0.04168576194753526,-0.05177843682375716,-0.19582328297575213,0.1123352459166651,-0.30815852889241724,-0.08797765646819844,0.12164763249069677,-0.2096252889588952,-0.22667259108797766
2024-09-20,AMD,155.95,0.5012514439738158,True,True,227.3,-0.31390233172019366,False,0.05386341776210335,0.005666520017598042,0.04819689774450531,0.0001282462327669709,0.028754949406071262,-0.02862670317330429,-0.18762423853799293,0.06782226132864055,-0.2554464998666335,-0.32933632574543115,-0.001935767707875069,-0.3274005580375561,0.02462327669124731,0.1734975802903651,-0.1488743035991178,-0.21051619108688668
2025-11-06,AMD,237.7,2.984244049614482,True,True,267.08,-0.11000449303579451,True,0.04316365166175862,0.00258089540660289,0.04058275625515573,-0.08300378628523342,0.0229446077188169,-0.10594839400405032,-0.1578039545645772,0.023690531246736812,-0.181494485811314,0.5167858645351284,0.07509958079097734,0.4416862837441511,,,,-0.1826672275978123
2026-02-04,AMD,200.19,1.7631469979296064,True,True,267.08,-0.25044930357945183,True,0.06688645786502834,0.008408749763185064,0.05847770810184327,-0.0036964883360807166,-0.007111732901966095,0.003415244565885378,0.8009890603926271,0.05021932700855447,0.7507697333840726,1.1457615265497778,0.06305833661230853,1.0827031899374693,,,,-0.05979319646335979
2026-05-18,AMD,420.99,3.3356333676622043,True,True,469.22,-0.10278760496142536,True,0.19691679137271656,0.016164624653083326,0.18075216671963323,0.20499299270766524,0.01581263115142506,0.18918036155624018,0.1473194137627971,0.053110404115616294,0.09420900964718082,,,,,,,-0.0656310126131262
2026-08-13,AMD,483.01,3.2657422944449346,True,True,584.73,-0.1739606314025277,True,-0.02805324941512599,-0.01964313261685602,-0.008410116798269973,,,,,,,,,,,,,-0.08801060019461293
2013-05-20,AMGN,102.18,0.8690323760746297,True,True,114.95,-0.11109177903436274,True,0.039342337052260756,-0.003774037021506027,0.04311637407376678,-0.0066549226854570875,-0.007128736596178076,0.0004738139107209882,0.043648463495791656,0.010842868268136296,0.03280559522765536,0.08661186142102162,0.047924279638171585,0.03868758178285003,0.09551771383832452,0.12652009824477317,-0.031002384406448646,-0.07858680759444114
2014-04-10,AMGN,114.11,1.1143227719103206,True,True,128.96,-0.11515198511166258,True,0.011830689685391249,0.01763485477178417,-0.005804165086392921,-0.02304793620191037,0.0262065953264905,-0.04925453152840087,0.051266321970028894,0.07141297226468679,-0.020146650294657897,0.2165454386118657,0.0610941253548809,0.1554513132569848,0.4152133905880291,0.1405328674383053,0.2746805231497238,-0.05179213040049069
2014-07-17,AMGN,115.39,1.0723778735632186,True,True,128.96,-0.10522642679900751,False,0.05953722159632546,0.015022226764089819,0.044514994832235644,0.14273333911084163,0.00025548004700826077,0.14247785906383337,0.19065776930409895,-0.026416636860661313,0.21707440616476026,0.37134933703093864,0.0337233662050993,0.33762597082583934,0.3905017765837593,0.07613305400848192,0.31436872257527737,-0.003986480630903788
2015-01-06,AMGN,152.9,1.3849633442520668,True,True,173.14,-0.11689961880559074,True,0.014650098103335285,0.011310179161245326,0.003339918942089959,-0.009483322432962793,0.02121909718746884,-0.03070241962043163,0.019489862655330148,0.033129816835151704,-0.013639954179821556,-0.008502289077828684,0.028025222700430286,-0.03652751177825897,0.03557880967952909,0.006005404864378061,0.029573404815151028,-0.03584041857423159
2015-04-06,AMGN,155.28,1.2845372958658232,True,True,173.14,-0.1031535173847753,False,0.04643225141679541,0.006062647356012141,0.04036960406078327,0.043985059247810376,0.016792570851176247,0.02719248839663413,-0.011334363730036046,-0.009527017273733396,-0.0018073464563026498,-0.07579855744461628,-0.07183755954385795,-0.003960997900758323,-0.007212776919113928,-0.004378578646008879,-0.0028341982731050486,-0.028529108706852213
2015-06-30,AMGN,153.52,1.1483347327176046,True,True,173.6,-0.11566820276497691,True,-0.007881709223554023,-0.006412436239980557,-0.0014692729835734664,0.11692287649817601,0.023900898712654994,0.09302197778552102,-0.06520323084940083,-0.0629098858392032,-0.0022933450101976227,0.03439291297550806,-0.02832159339324747,0.06271450636875553,-0.058233454924439765,-0.0303619140150595,-0.027871540909380266,-0.08806670140698292
2015-09-24,AMGN,143.51,0.7437424058323208,True,True,181.81,-0.2106594796765855,True,-0.022855550135879033,-0.003991705546915525,-0.018863844588963508,0.06131976865723643,0.06407465007776048,-0.002754881420524047,0.10654309804194839,0.03691031622602381,0.06963278181592458,0.004320256428123503,0.06080870917573877,-0.05648845274761527,0.21141383875688113,0.11881804043545863,0.0925957983214225,-0.09351264720228547
2015-12-18,AMGN,158.8,0.7784746332176056,True,True,181.81,-0.12656069523128533,False,0.01845088161209052,0.025947405259474143,-0.007496523647383624,-0.0238035264483627,-0.07184281571842821,0.04803928927006551,-0.09238035264483635,0.023047695230476783,-0.11542804787531313,-0.03602015113350121,0.04214578542145775,-0.07816593655495896,-0.05295969773299758,0.1339366063393661,-0.18689630407236368,-0.12455919395465997
2016-10-21,AMGN,158.51,0.363996213750968,True,True,176.85,-0.10370370370370374,True,-0.08409564065358643,-0.006729600897280141,-0.07736603975630629,-0.0837802031417576,0.021123469483129265,-0.10490367262488687,-0.029714213614282836,0.05575287410038321,-0.08546708771466605,0.022711500851681388,0.09622394616319285,-0.07351244531151147,0.16156709355876608,0.19539209271894564,-0.03382499916017956,-0.15689861838369823
2017-01-19,AMGN,153.8,0.29080990348300473,True,True,176.85,-0.13033644331354244,False,-0.0053315994798440736,0.015138772077375906,-0.02047037155721998,0.11905071521456434,0.038997830994643934,0.0800528842199204,0.05403120936280881,0.038333849763179995,0.015697359599628813,0.1265929778933681,0.08012040192997216,0.046472575963395935,0.2224317295188556,0.23770528086406095,-0.01527355134520536,-0.022236671001300445
2017-04-17,AMGN,162.11,0.40965217391304365,True,True,184.21,-0.11997177134791814,True,0.00635371044352584,0.011084111352687831,-0.004730400909161991,-0.013200912960335653,0.024427676173423896,-0.03762858913375955,0.06884214422305845,0.04024385044975909,0.028598293773299366,0.1526124236629447,0.0856460757982691,0.06696634786467559,0.05780025908333841,0.13036620198661364,-0.07256594290327523,-0.06137807661464445
2020-03-16,AMGN,188.68,0.04752387297357319,True,True,244.99,-0.22984611616800688,False,-0.014574941700233213,-0.07046070460704612,0.05588576290681291,0.2020351918592327,0.18319783197831985,0.01883735988091284,0.20373118507525967,0.3299979153637691,-0.12626673028850943,0.31391774432902264,0.4400250156347718,-0.12610727130574917,0.22090311638753457,0.6429435063581406,-0.422040389970606,-0.06163875344498615
2020-06-11,AMGN,218.9,0.3342679507497257,True,True,244.99,-0.106494142618066,True,0.05216994061215163,0.03715777918232921,0.015012161429822424,0.13768844221105514,0.05648514686803496,0.08120329534302018,0.1347647327546826,0.1395828482086423,-0.004818115453959715,0.028232069438099527,0.21759089850637037,-0.18935882906827084,0.0941982640475103,0.4026479491700208,-0.3084496851225105,-0.02302421196893556
2020-11-04,AMGN,230.33,0.3359433907545968,True,True,264.97,-0.13073178095633475,False,0.04497894325532914,0.03821971240612454,0.0067592308492046005,-0.014848261190465895,0.06738662164522324,-0.08223488283568914,0.04411062388746578,0.1106421377423299,-0.06653151385486411,0.019016194156210586,0.2227397100774291,-0.2037235159212185,-0.06976946120783234,0.3445304768003725,-0.41429993800820486,-0.049537619936612765
2024-11-12,AMGN,298.84,0.41155354022011226,True,True,346.85,-0.1384171832204124,False,-0.06321108285370092,-0.011057128497235724,-0.05215395435646519,-0.08509570338642736,0.017691405595577248,-0.1027871089820046,-0.007294873510908628,0.014089462221477556,-0.021384335732386184,-0.0896466336501136,-0.05334226838666445,-0.036304365263449156,0.1252844331414804,0.14488188976377958,-0.01959745662229917,-0.1523892383884352
2025-02-21,AMGN,303.01,0.35308564794141284,True,True,346.85,-0.12639469511316137,False,0.01666611662981432,-0.009600960096009747,0.026267076725824068,0.043001881126035535,-0.059939327266059994,0.10294120839209553,-0.08963400547836697,-0.008484181751508557,-0.08114982372685842,-0.04197881258044278,0.0750241690835749,-0.11700298166401768,0.2367578627768061,0.14916491649164887,0.08759294628515724,-0.13722319395399485
2013-03-21,AMZN,12.6695,0.9439202148062906,True,True,14.236,-0.11003793200337186,True,0.051698962074272936,0.01496501684374163,0.036733945230531306,0.027349145585855883,0.0072557657424201505,0.020093379843435732,0.09735980109712306,0.06530189168178269,0.03205790941534037,0.18252496152176478,0.09743456854107269,0.0850903929806921,0.4729468408382336,0.20925110132158586,0.2636957395166477,-0.03015115040056826
2013-08-27,AMZN,14.0465,1.2146629877808435,True,True,15.681,-0.10423442382501114,True,0.04524258712134688,0.01481662891079405,0.030425958210552828,0.11291068949560401,0.03495989714075787,0.07795079235484614,0.2906062008329475,0.09269576930141432,0.1979104315315332,0.23653579183426476,0.12055348068327931,0.11598231115098545,0.18897946107571295,0.22573930080205695,-0.036759839726344,-0.00569536895311995
2014-01-31,AMZN,17.9345,1.0958864087881266,True,True,20.403,-0.12098710973876381,True,0.006663135297889422,0.008418453249523061,-0.0017553179516336392,0.003038835763472747,0.03816365473117056,-0.03512481896769781,-0.1625637737321921,0.05370973173195637,-0.21627350546414847,-0.00022303381750266027,0.11488382534515651,-0.11510685916265917,-0.13078145473807468,0.13362891458076098,-0.26441036931883566,-0.19707825699071624
2014-04-29,AMZN,15.019,0.647723532638508,True,True,20.403,-0.26388276233887165,False,-0.00998734935748058,-0.005166444740346221,-0.004820904617134358,0.0325587589053864,0.01933422103861515,0.013224537866771247,0.1938544510286968,0.058055925432756394,0.1357985255959404,0.0108529196351288,0.0038348868175765993,0.0070180328175522,0.460017311405553,0.12260985352862863,0.3374074578769244,-0.05326586323989613
2014-07-24,AMZN,17.9305,0.6819567562497066,True,True,20.403,-0.1211831593393129,False,-0.12721340732271824,-0.027988925245406526,-0.09922448207731172,-0.07166559772454761,0.004278882456581812,-0.07594448018112943,-0.15328629988009246,-0.05124590989176947,-0.10204038998832299,-0.18220350798918028,0.011125094387113066,-0.19332860237629335,0.3615627004266473,0.06403221746790844,0.29753048295873885,-0.1806419229803965
2015-08-20,AMZN,25.789,1.1352929000206995,True,True,29.0285,-0.11159722341836464,True,0.0050215208034434244,-0.023042604304554515,0.02806412510799794,0.04746209624258402,-0.04177084865421388,0.0892329448967979,0.2453953235875761,-0.007010834926704956,0.25240615851428105,-0.023188181007406383,-0.1034956120998185,0.08030743109241212,0.4824731474659736,0.07059861744374185,0.41187453002223173,-0.12559618441971387
2016-01-07,AMZN,30.397,1.2645459286299632,True,True,34.822,-0.1270748377462525,True,-0.024574793565154462,-0.010925019324916296,-0.013649774240238166,-0.17404678093232884,-0.031435197114145996,-0.14261158381818284,-0.03585880185544621,0.052254573563514484,-0.0881133754189607,0.17708984439253883,0.06498325173924235,0.11210659265329648,0.24548475178471563,0.16763720690543682,0.07784754487927881,-0.22031779451919598
2016-04-05,AMZN,29.307,1.2623899953682258,True,True,34.822,-0.15837688817414286,False,0.029054492100863305,0.008472501101914887,0.02058199099894842,0.14532364281570964,0.009647876977324943,0.1356757658383847,0.22086873443204702,0.012096576717762764,0.20877215771428426,0.3746715801685605,0.05778931387433284,0.31688226629422767,0.512505544750401,0.15451295362162698,0.357992591128774,0.0023202647831577217
2016-11-04,AMZN,37.7525,1.1038479757028612,True,True,42.3605,-0.10878058568713789,True,-0.02124362624991727,0.03773675377607266,-0.05898038002598993,0.005708231242964157,0.059697914169263955,-0.0539896829262998,0.11244288457718055,0.09216015344042194,0.020282731136758603,0.25585060592013775,0.14447374730280504,0.11137685861733271,0.44920203960002647,0.23514744665547815,0.21405459294454832,-0.05953248129262956
2017-08-10,AMZN,47.846,2.0060628907108975,True,True,54.1655,-0.11667020520441984,True,0.003814320946369687,-0.002748605185428188,0.006562926131797875,0.009384274547506788,0.011568756153593762,-0.0021844816060869743,0.16164360657108223,0.060264194289465056,0.10137941228161718,0.4525770179325337,0.1551526091237283,0.2974244088088054,0.9714500689712828,0.17106990482441753,0.8003801641468653,-0.026303139238389783
2018-02-09,AMZN,66.98,2.5914209115281506,True,True,74.9,-0.10574098798397868,True,0.08143475664377409,0.044397705544933164,0.03703705109884092,0.19318453269632707,0.06508604206500945,0.12809849063131762,0.18870558375634516,0.020726577437858662,0.1679790063184865,0.3693117348462227,0.07988527724665384,0.28942645759956886,0.18559271424305757,0.03430210325047822,0.15129061099257934,0.003292027470886749
2018-10-10,AMZN,87.7625,2.251667284179326,True,True,102.525,-0.14398927090953428,True,0.04357214072069504,0.0077254761049225795,0.03584666461577246,0.00013673265916547273,0.009737693136902648,-0.009600960477737175,-0.05621421449935915,-0.07736255839022643,0.021148343890867283,0.03623985187295253,0.031908012935680796,0.004331838937271737,-0.018948867682666237,0.04660438375853393,-0.06555325144120017,-0.25537672696197133
2019-01-08,AMZN,82.829,1.6184778313443449,True,True,102.525,-0.1921092416483785,False,0.010853686510763128,0.01394243875842216,-0.0030887522476590323,-0.009851622016443407,0.062195739377653325,-0.07204736139409673,0.09796085911939056,0.11843283872726573,-0.020471979607875168,0.16033635562423787,0.15145850371928193,0.008877851904955936,0.14867981021139953,0.26042762004907116,-0.11174780983767163,-0.05422014028902922
2019-04-04,AMZN,90.943,2.06623510173806,True,True,102.525,-0.11296756888563775,False,0.01386033009687404,0.0035866007382128196,0.010273729358661221,0.0789505514443114,0.023852635977435588,0.05509791546687581,0.05681030975446166,0.029528518699073913,0.02728179105538775,-0.027781137635661923,0.03635350651159541,-0.06413464414725734,0.04884378126958655,-0.14287206629988158,0.19171584756946813,-0.08074288290467657
2019-08-02,AMZN,91.162,1.3748143902883792,True,True,102.525,-0.1108315045110948,False,-0.008589105109585105,-0.0034174014079694226,-0.005171703701615682,-0.025750861104407607,-0.0005809582393548895,-0.025169902865052718,-0.025317566529913904,0.036497847037112896,-0.0618154135670268,0.021061407165266166,0.12353906089809308,-0.10247765373282691,0.6738772734253307,0.10710136012576021,0.5667759132995704,-0.07578815734626276
2019-10-28,AMZN,88.854,1.127780837663737,True,True,101.79,-0.12708517536103747,False,0.015519841537803725,0.01341905703923496,0.002100784498568764,-0.0018232156121278376,0.03320145070886915,-0.03502466632099699,0.04758367659306262,0.08397626112759626,-0.036392584534533645,0.310081707070025,-0.09976920540718759,0.4098509124772126,0.8031827492290724,0.14005934718100876,0.6631234020480636,-0.030595133589934154
2020-01-27,AMZN,91.417,1.2230679441661398,True,True,101.79,-0.10190588466450534,False,0.096185610991391,0.0019165378670789046,0.0942690731243121,0.07897874574750863,-0.0335394126738795,0.11251815842138813,0.2926972007394686,-0.13724884080370936,0.42994604154317795,0.6200323790979796,-0.005502318392581085,0.6255346974905607,0.8006661780631612,0.1835548686244204,0.6171113094387408,-0.11065228567990637
2020-07-15,AMZN,150.4435,2.0069756053686176,True,True,167.2145,-0.10029632597651517,True,0.030257206193687214,0.015566257573403686,0.014690948620283528,0.05097262427422922,0.04843871368649988,0.0025339105877293377,0.06038147211411604,0.06813733105483899,-0.007755858940722948,0.0696739972149012,0.15373621252136083,-0.08406221530645963,0.2221731081768239,0.35339443840298257,-0.13122133022615867,-0.04582118868545326
2020-10-08,AMZN,159.5275,2.2241455971220114,True,True,177.6125,-0.10182278837356606,True,0.04641832912820676,0.010820873814648913,0.035597455313557846,0.04119979313911393,0.018791087323288158,0.02240870581582577,0.008763379354656653,0.08013846064343477,-0.07137508128877812,-0.009261726034696216,0.1653092093780908,-0.174570935412787,0.0223973922991334,0.26505323171795925,-0.24265583941882585,-0.07535691338483963
2021-01-06,AMZN,156.919,1.5945816350994968,True,True,177.6125,-0.11650925469772677,False,0.00876566891198638,0.016704591085530796,-0.007938922173544416,0.061375614170368076,0.03383750501940841,0.027538109150959666,0.028151466680261805,0.08783295408914471,-0.059681487408882905,0.09870060349607113,0.14496051398741794,-0.04625991049134681,0.08593924253914431,0.2788381742738588,-0.1928989317347145,-0.0820104639973489
2021-05-10,AMZN,159.5245,1.0035858049849593,True,True,177.7,-0.10228193584693301,True,0.02504317518625676,-0.005790304828444337,0.030833480014701098,0.02307482549702411,0.01038426568406936,0.01269055981295475,0.05147485182526812,0.050342154376226356,0.001132697449041764,0.0802635331876922,0.09661673924486758,-0.016353206057175385,-0.27028763606844086,-0.00988180121548543,-0.26040583485295543,-0.019783794965663404
2021-08-04,AMZN,167.736,0.8288530417100521,True,True,188.654,-0.11088023577554684,True,-0.01866325654600076,0.010934438926602397,-0.029597695472603158,0.03704631086946142,0.029204063966467686,0.007842246902993733,0.027379334191825366,0.04405667684176939,-0.016677342649944027,-0.16543854628702248,-0.010273816574786987,-0.1551647297122355,-0.2001716983831735,-0.0704360107521983,-0.1297356876309752,-0.05334573377211793
2021-10-29,AMZN,168.6215,1.1914834165107089,True,True,188.654,-0.10618645774804669,False,0.04345827785899181,0.02020685900925412,0.023251418849737693,0.056084188552468106,0.011649428415895446,0.04443476013657266,-0.1764247145233555,-0.05633097441480672,-0.12009374010854879,-0.14394071930329166,-0.07231355470876422,-0.07162716459452745,-0.34195817259364913,-0.1726075122482308,-0.16935066034541835,-0.19730283504772517
2022-01-26,AMZN,138.8725,0.6957487987593796,True,True,188.654,-0.2638772567769567,False,0.08453797548110686,0.05530942821542295,0.029228547265683913,0.08990620893265411,-0.011721814573815048,0.10162802350646916,0.03944265423319937,-0.01693663759287456,0.05637929182607393,-0.11595168229851127,-0.08909040564862247,-0.0268612766498888,-0.30022142612828306,-0.07621486916793574,-0.22400655696034733,-0.03816450341140265
2025-02-21,AMZN,216.58,0.38380492043664804,True,True,242.52,-0.10696025070097315,True,-0.01985409548434769,-0.009600960096009747,-0.010253135388337942,-0.0940530058177117,-0.059939327266059994,-0.034113678551651705,-0.04811155231323305,-0.008484181751508557,-0.039627370561724495,0.06648813371502427,0.0750241690835749,-0.008536035368550632,-0.02987348785668109,0.14916491649164887,-0.17903840434832996,-0.25487117924092717
2025-05-19,AMZN,206.16,0.9279812588550507,True,True,242.52,-0.14992577931716977,False,-0.0006790842064415825,-0.0062200554761705495,0.005540971269728967,0.042006208769887365,0.004505337480037008,0.03750087128985036,0.12039192859914616,0.08422291333949739,0.036169015259648774,0.18553550640279393,0.12796503320164754,0.05757047320114639,0.28473030655801335,0.24174161553332763,0.04298869102468572,-0.040308498253783465
2025-09-25,AMZN,218.15,0.7853343154104264,True,True,242.52,-0.1004865578096652,False,0.019527847811139143,0.016974394043006047,0.002553453768133096,0.013476965390786244,0.020834283109186336,-0.0073573177184000915,0.04217281686912666,0.03425271635893945,0.007920100510187211,-0.04304377721751096,0.00265937238811631,-0.04570314960562727,,,,-0.03263809305523724
2025-12-19,AMZN,227.35,1.4825289364490062,True,True,258.6,-0.12084300077339527,True,0.02076094127996475,0.010667215210332204,0.010093726069632547,0.01741807785352978,0.007067397405192466,0.010350680448337313,-0.08176819881240383,-0.03054702537504239,-0.051221173437361434,0.08212007917308117,0.10908182606268091,-0.026961746889599736,,,,-0.1378931163404442
2026-03-19,AMZN,208.76,1.2002529510961213,True,True,258.6,-0.19273008507347267,False,-0.005844031423644425,-0.022294634737799246,0.01645060331415482,0.20022992910519255,0.07629584722643235,0.1239340818787602,0.17848246790572908,0.14402849348287372,0.03445397442285536,,,,,,,-0.04608162483234335
2026-06-15,AMZN,246.02,0.9800402414486922,True,True,278.56,-0.11681504882251581,True,-0.04841069831721001,-0.028152034232873602,-0.02025866408433641,0.0363385090643038,-2.6496032219269772e-05,0.03636500509652307,,,,,,,,,,-0.08320461751077146
2017-07-06,ANET,9.0894,1.015119939697601,True,True,10.1856,-0.1076225259189445,True,0.06421766013158181,0.016088131365620262,0.04812952876596155,-0.009494576099632446,0.02664726668052375,-0.0361418427801562,0.30378242788302856,0.044398254001247084,0.2593841738817815,0.6204369925407618,0.11074620660985235,0.5096907859309094,0.7594010605760557,0.12616919559343165,0.6332318649826241,-0.02510616762382545
2017-11-02,ANET,11.3231,1.1142542385540368,True,True,12.6219,-0.10290051418566137,True,0.17873197269299035,0.0022516402034242766,0.17648033248956607,0.26207487348870884,0.026670289995729624,0.2354045834929792,0.5224452667555706,0.09437478162972157,0.428070485125849,0.45030071270235195,0.03482278038743747,0.4154779323149145,0.2714627619644798,0.05062308319422337,0.22083967877025645,0.06392242407114668
2018-02-16,ANET,15.5931,2.8276547695026752,True,True,19.4794,-0.1995081984044682,True,0.041524776984692036,0.017538720662004126,0.02398605632268791,0.11183151522147616,-0.009593204203434569,0.12142471942491073,0.0002436975328832247,-0.007359671927062328,0.007603369459945553,0.07956083139337267,0.043791878730181866,0.0357689526631908,0.05796153426836237,0.015598110651385833,0.04236342361697654,-0.05711500599624186
2018-05-15,ANET,15.5969,2.6213750029023197,True,True,19.4794,-0.1993131205273262,False,0.00027569581134723187,0.0055699004057543355,-0.005294204594407104,0.12658925812180644,0.02556252305422335,0.10102673506758308,0.07929780918002938,0.05153080044264091,0.027767008737388466,0.032936032160236994,0.002914053854666143,0.03002197830557085,-0.0026864312780103816,0.04537071191442266,-0.04805714319243304,-0.023767543550320847
2018-08-09,ANET,16.8337,2.224846743295019,True,True,19.4794,-0.13582040514594895,False,-0.005233549368231616,-0.0035429894411898033,-0.0016905599270418126,-0.008500804932961903,0.008875013154663769,-0.017375818087625672,-0.042955499979208334,-0.04623425825235905,0.003278758273150717,-0.1813326838425302,-0.05265373417055452,-0.12867894967197568,-0.12938926082798197,0.029992633388290724,-0.1593818942162727,-0.20876574965693817
2018-11-02,ANET,16.1106,3.142181313313108,True,True,19.5854,-0.1774178724968598,True,-0.05174853822948877,0.021589613446614475,-0.07333815167610325,-0.05384653582113652,0.027253668763102867,-0.08110020458423939,-0.1445880352066342,-0.006730663135826931,-0.13785737207080728,0.211506709868037,0.0813932104895363,0.1301134993785007,-0.2811378843742629,0.1259700614218986,-0.4071079457961615,-0.27423559643961126
2019-07-05,ANET,16.9212,3.252946942468645,True,True,20.7044,-0.18272444504549756,True,0.013007351724464211,0.007337666689003486,0.005669685035460725,-0.09832045008628221,-0.01956711117067611,-0.0787533389156061,-0.1175271257357634,-0.0056624003216511065,-0.1118647254141123,-0.24414344136349664,0.07629163036922892,-0.32043507173272556,-0.22641420230243714,0.04040742478054016,-0.2668216270829773,-0.2093882230574663
2019-09-30,ANET,14.9325,1.767840593141798,True,True,20.7044,-0.27877649195340126,False,-0.03339695295496392,-0.01243387134818208,-0.02096308160678184,0.04176795580110504,0.02200357178960144,0.0197643840115036,-0.14347898878285625,0.08242072985813942,-0.22589971864099567,-0.32245102963335004,-0.24874481922027158,-0.07370621041307845,-0.16022099447513816,0.10769282609428199,-0.26791382056942015,-0.27460907416708524
2022-01-05,ANET,33.2875,1.5371570121951224,True,True,37.1425,-0.10378945951403373,True,-0.0007510326699210479,0.005636449037106583,-0.006387481707027631,-0.08208787082238078,-0.046500704556129535,-0.03558716626625125,0.04754036800600825,-0.03300738716426832,0.08054775517027657,-0.2870446864438603,-0.18796703531320724,-0.09907765113065303,-0.14502440856177246,-0.1806652717878645,0.03564086322609206,-0.18715734134434847
2022-04-06,ANET,33.0025,0.6662711676141813,True,True,37.1425,-0.111462610217406,False,-0.004848117566850885,-0.007188927707605486,0.002340810140754601,-0.1593061131732444,-0.07325539729463404,-0.08605071587861035,-0.27164608741761975,-0.14458478903520555,-0.1270612983824142,-0.11605181425649569,-0.17018274657350174,0.05413093231700605,0.2336944170896147,-0.087162949028039,0.3208573661176537,-0.3249390197712294
2022-07-05,ANET,24.0375,0.4304885233609266,True,True,37.1425,-0.3528303156761122,False,0.021944877795111895,-0.0029584249659649897,0.024903302761076884,0.21830473218928748,0.0683317624882187,0.14997296970106877,0.21362454498179928,-0.02992459943449577,0.24354914441629505,0.2518980759230369,-0.003246413236988044,0.25514448916002497,0.6630265210608424,0.16187558906691812,0.5011509319939242,-0.013000520020800876
2022-09-28,ANET,29.1725,0.9225699730454668,True,True,37.1425,-0.21457898633640704,False,0.039934870168823355,0.01770436941678133,0.022230500752042026,-0.06615819693204217,0.03100963484738073,-0.0971678317794229,0.03153654983289056,0.02750114700564077,0.00403540282724979,0.4230868112091868,0.05824089817288769,0.3648459130362991,0.5562601765361213,0.1498394192103205,0.40642075732580074,-0.1584094609649498
2022-12-22,ANET,30.0925,1.350168692012121,True,True,37.1425,-0.1898095173992057,False,0.008141563512503058,0.004491489808783333,0.003650073703719725,0.011630805017861512,0.05116621138894706,-0.039535406371085546,0.37957962947578294,0.029916999369615338,0.3496626301061676,0.31087480269170054,0.15428661483504924,0.1565881878566513,0.9551383235025339,0.24159487287245218,0.7135434506300817,-0.09520644678906709
2023-04-25,ANET,38.395,1.9360934166354413,True,True,42.86,-0.1041763882407839,True,-0.12110951946868098,0.011721828211189944,-0.13283134767987093,-0.08536267743195736,0.01972517730496448,-0.10508785473692184,0.11759343664539634,0.11352442868400314,0.004069007961393201,0.28167730173199623,0.07377856579984243,0.2078987359321538,0.635499413986196,0.24519799054373514,0.3903014234424609,-0.14259669227764038
2023-07-28,ANET,37.7725,1.4584428939626672,True,True,44.59,-0.152893025342005,True,0.18869547951552046,-0.02212641162566753,0.210821891141188,0.19729962274141233,-0.03709620940208347,0.2343958321434958,0.23449599576411417,-0.07979515013569127,0.31429114589980545,0.7440598318882785,0.05583034229186734,0.6882294895964112,1.112714276259183,0.19154337739648075,0.9211708988627023,-0.0024488715335231337
2023-10-26,ANET,42.455,2.1725689177172147,True,True,49.675,-0.14534474081529947,True,0.2464962901896126,0.0441401042297902,0.2023561859598224,0.2860087151101165,0.10362380317537268,0.18238491193474382,0.5455776704746205,0.17656041691916124,0.3690172535554592,0.44912260040042407,0.20024239486122908,0.248880205539195,1.3301142386055824,0.40404799418252324,0.9260662444230592,0.006183017312448635
2024-02-16,ANET,65.4375,2.2856253420565067,True,True,73.165,-0.1056174400328026,True,0.04580706781279842,0.012972713258993851,0.03283435455380457,0.10532951289398285,0.02672619166783452,0.07860332122614833,0.19831900668576896,0.04762667414065769,0.15069233254511127,0.28294173829990443,0.06702568517146812,0.2159160531284363,0.697191977077364,0.22417969610218025,0.4730122809751838,-0.08187201528175747
2024-06-04,ANET,73.295,2.509355728348719,True,True,82.2588,-0.108970711948144,True,0.039532028105600636,0.016200155188402565,0.02333187291719807,0.24640152807149196,0.04366093226594003,0.20274059580555193,0.1821747731768879,0.056700543159408756,0.12547423001747915,0.386452009004707,0.12702738507541778,0.2594246239292892,0.2953134593082747,0.12782225250288604,0.16749120680538865,-0.0066853127771334675
2024-09-03,ANET,81.68,2.51216659571815,True,True,94.125,-0.13221779548472767,True,9.182174338873139e-05,-0.005959281263585137,0.006051103006973868,0.16873775710088146,0.02995942617012015,0.1387783309307613,0.24978574926542585,0.08797638023474841,0.16180936903067744,0.17997061704211537,0.07690914360237633,0.10306147343973904,0.6819294809010772,0.16602666280249223,0.515902818098585,-0.04193192948090119
2025-01-27,ANET,100.3,2.2901426931277675,True,True,133.575,-0.2491109863372637,True,0.11166500498504495,-0.0026694696097570025,0.11433447459480195,-0.07397806580259225,-0.008558986936283097,-0.06541907886630915,-0.29451645064805576,-0.10669536346497166,-0.1878210871830841,0.11276171485543363,0.04905150407928316,0.06371021077615047,0.43290129611166495,0.15576355172931589,0.27713774438234906,-0.4074775672981057
2025-04-23,ANET,70.76,1.242789223454834,True,True,133.575,-0.47026015347183225,False,0.16266252119841695,0.03571028351574457,0.1269522376826724,0.3062464669304692,0.08860333943446275,0.21764312749600645,0.5773035613340869,0.17434910911060486,0.40295445222348203,0.9614188807235724,0.23684210526315796,0.7245767754604144,1.5117297908422835,0.32832169138246625,1.1834080994598173,0.011305822498586693
2025-07-21,ANET,111.61,3.504944500504541,True,True,133.575,-0.16443945349054834,False,0.05322103754143881,0.012993622469265498,0.04022741507217331,0.2368067377475136,0.023108608871288405,0.2136981288762252,0.2435265657199175,0.05321500707730964,0.19031155864260785,0.10106621270495486,0.10385355535410423,-0.0027873426491493714,0.517337156168802,0.18022488350271182,0.33711227266609023,-0.0414210196218977
2025-10-14,ANET,138.79,3.769006099132377,True,True,162.68,-0.1468527169904107,True,0.05151667987607178,0.013681047370248889,0.03783563250582289,-0.02781180200302602,0.03136372559382683,-0.05917552759685285,-0.11456156783629934,0.048079972215091527,-0.16264154005139086,0.045248216730312096,0.020808480437310317,0.02443973629300178,,,,-0.17486850637654006
2026-01-09,ANET,122.89,3.317990161630358,True,True,164.94,-0.25494119073602517,True,0.05647326877695513,-0.003472272249196884,0.059945541026152016,0.15338920986247873,-0.00017289322402636031,0.1535621030865051,0.18048661404508093,-0.026020430215972556,0.20650704426105349,0.4100415005289284,0.08242684455458371,0.3276146559743447,,,,-0.06078606884205384
2026-04-08,ANET,145.07,2.4569283927082086,True,True,164.94,-0.12046804898751062,False,0.0638312538774386,0.03539888463188423,0.028432369245554368,0.013717515682084569,0.08553127912309,-0.07181376344100543,0.1944578479354795,0.11134450673806606,0.08311334119741343,,,,,,,-0.06851864617081405
2026-07-16,ANET,168.56,3.2095273771617663,True,True,189.817,-0.11198680834698682,True,0.0477574750830565,-0.016703964194373477,0.06446143927742998,0.20799715234931182,0.03617860187553279,0.17181855047377903,,,,,,,,,,-0.06953013763644988
2013-01-04,AVGO,3.25,0.7232237539766704,True,True,3.922,-0.171341152473228,False,0.056615384615384734,0.004782400765183992,0.05183298385020074,0.08246153846153836,0.02165744346519083,0.060804094996347535,0.05569230769230771,0.060531529685044605,-0.004839221992736897,0.14830769230769247,0.10049873607979776,0.04780895622789472,0.6199999999999999,0.24970963995354234,0.37029036004645755,-0.012615384615384584
2013-04-03,AVGO,3.431,0.6687743190661479,True,True,3.922,-0.12519122896481394,False,0.03118624307781981,0.02216066481994461,0.0090255782578752,-0.08714660448848732,0.019648263866520743,-0.10679486835500807,0.08772952491984842,0.037686014301359316,0.05004351061848911,0.22034392305450323,0.0946981897829029,0.12564573327160034,0.8772952491984842,0.2047284674354184,0.6725667817630658,-0.1090061206645293
2014-04-11,AVGO,5.853,0.7970525023027324,True,True,6.583,-0.11089169071851745,True,0.05740645822655055,0.030466640956421154,0.026939817270129396,0.18110370750042715,0.04561732135970464,0.1354863861407225,0.268238510165727,0.08600077130736605,0.18223773885836092,0.42166410387835307,0.07090518428736714,0.35075891959098593,1.1667520929437898,0.15718142251115652,1.0095706704326333,-0.021527421834956373
2014-10-07,AVGO,8.103,1.5055658627087198,True,True,9.088,-0.1083846830985915,True,-0.11119338516598787,-0.028769533271240877,-0.08242385189474699,0.053436998642478084,0.0404118803684157,0.013025118274062386,0.23522152289275589,0.06297216185449672,0.17224936103825916,0.5670739232383069,0.0681465383421298,0.49892738489617705,0.49598913982475623,0.026958501500569332,0.4690306383241869,-0.15154880908305568
2015-04-17,AVGO,12.185,2.2685085836909873,True,True,13.628,-0.1058849427648958,True,-0.01928600738613062,0.017792738639095917,-0.03707874602522654,0.04940500615510879,0.021591728780957054,0.027813277374151735,0.0857611817808781,0.013128155806684472,0.07263302597419363,-0.026343865408288814,-0.041067564318345684,0.01472369891005687,0.30340582683627404,0.0002885308968503253,0.3031172959394237,-0.05982765695527292
2015-07-14,AVGO,13.23,2.9575231827699673,True,True,15.05,-0.1209302325581395,True,0.01670445956160238,0.00507879248148857,0.01162566708011381,-0.06114890400604689,-0.009540535409151452,-0.05160836859689544,-0.10325018896447469,-0.053493449781659486,-0.0497567391828152,0.07543461829176112,-0.045851528384279416,0.12128614667604054,0.18941798941798949,0.012910575280045578,0.1765074141379439,-0.2441421012849585
2015-10-07,AVGO,11.864,2.431877350303732,True,True,15.05,-0.2116943521594684,False,-0.009946055293324374,-0.0006017752369490426,-0.009344280056375331,0.04610586648685078,0.05491199037159622,-0.008806123884745443,0.1992582602832096,0.008073817762399127,0.19118444252081046,0.302258934592043,0.030640389147986724,0.2716185454440563,0.42489885367498315,0.0765758989017602,0.34832295477322295,-0.0527646662171275
2016-01-06,AVGO,13.329,3.101230769230769,True,True,15.05,-0.11435215946843857,False,-0.07487433415860167,-0.05024645407906636,-0.024627880079535314,0.02123190036761935,-0.036314254099185206,0.057546154466804555,0.1704553980043515,0.03737048586661307,0.13308491213773843,0.1236401830594942,0.022029976863494616,0.10161020619599959,0.3379848450746492,0.13288401569258634,0.20510082938206287,-0.1428464250881536
2016-05-03,AVGO,14.32,3.4624493611717044,True,True,15.965,-0.10303789539617914,True,0.00984636871508382,0.01110787737679475,-0.0012615086617109306,0.08079608938547489,0.019935972060535656,0.060860117324939234,0.1468575418994411,0.051464881645324034,0.09539266025411708,0.20754189944134094,0.03793170353123787,0.16961019591010307,0.5455307262569833,0.1577415599534342,0.3877891663035491,-0.02807262569832414
2016-09-09,AVGO,16.078,3.0539586485123547,True,True,17.942,-0.10389031323152387,True,0.06505784301530038,0.0004219804951237638,0.06463586252017661,0.08353028983704447,0.008252063015753874,0.0752782268212906,0.033275282995397504,0.036196549137284206,-0.0029212661418867025,0.35788033337479797,0.11787321830457609,0.24000711507022188,0.5334618733673344,0.15749249812453114,0.37596937524280327,-0.01262594850105736
2017-07-03,AVGO,22.976,2.091496232508073,True,True,25.678,-0.10522626372770472,True,0.04844185236768794,-8.257297386571327e-05,0.048524425341553656,0.08108461002785505,0.021097394822674476,0.05998721520518058,0.04709261838440115,0.03236860575533629,0.014724012629064864,0.13827472144846786,0.10474381734858174,0.03353090409988613,0.05605849582172695,0.1200198175137277,-0.06396132169200075,-0.009836350974930297
2017-12-29,AVGO,25.69,1.5473475458601884,True,True,28.568,-0.10074208905068605,True,0.05982872713117948,0.026455819530840197,0.033372907600339285,-0.0619696379914364,0.05583451997301947,-0.11780415796445587,-0.078707668353445,-0.026343401034250258,-0.052364267319194746,0.010938108213312425,0.029528591770966006,-0.01859048355765358,-0.012884390813546087,-0.07161058232781237,0.05872619151426628,-0.12456208641494759
2018-03-28,AVGO,23.668,0.8460338507136729,True,True,28.568,-0.17152058246989643,False,-0.0015632922088896217,0.0223607743524612,-0.02392406656135082,-0.02644921412878143,0.02493938344302049,-0.05138859757180192,0.09730437721818497,0.05738367394065369,0.03992070327753128,0.012886597938144284,0.11961667243967233,-0.10673007450152805,0.2505070136893697,0.0762806450371396,0.17422636865223007,-0.06210917694777751
2018-06-25,AVGO,25.242,0.8033864399514183,True,True,28.568,-0.11642397087650525,False,-0.04108232311227333,0.0031734317343175,-0.044255754846590833,-0.1389747246652404,0.039151291512915076,-0.1781260161781555,-0.04211235242849232,0.07461254612546142,-0.11672489855395374,0.009547579431106845,-0.038856088560885516,0.04840366799199236,0.10609301957055695,0.08354243542435413,0.022550584146202812,-0.2177323508438318
2019-05-17,AVGO,28.989,1.0321766561514196,True,True,32.32,-0.10306311881188113,True,-0.11711338783676561,-0.010705289672544138,-0.10640809816422148,-0.08251405705612469,0.012349566190876127,-0.09486362324700082,-0.021352926972299846,0.02347467114469648,-0.044827598116996326,0.08027182724481685,0.07437727399944039,0.005894553245376466,-0.08034081893131884,-0.003043660789252556,-0.07729715814206628,-0.13729345613853527
2019-08-13,AVGO,28.37,0.6508583066627875,True,True,32.32,-0.12221534653465349,False,-0.011737751145576403,-0.00840881900529833,-0.0033289321402780736,0.0504406062742333,0.02632028713040513,0.024120319143828173,0.10384208671131478,0.04973508801914206,0.054106998692172725,0.0983433204088826,0.12479917962741416,-0.026455859218531552,0.1538949594642227,0.14705178601948377,0.006843173444738948,-0.06644342615438847
2020-02-24,AVGO,29.16,0.3706227967097533,True,True,33.158,-0.12057422039930032,True,-0.022736625514403253,-0.04134358910737557,0.018606963592972314,-0.3365226337448559,-0.3085106382978724,-0.028011995446983518,-0.0673868312757202,-0.09444203213200175,0.027055200856281547,0.12969821673525384,0.04469325724210638,0.08500495949314746,0.6802469135802469,0.2096954283233048,0.4705514852569421,-0.46615226337448556
2020-10-28,AVGO,34.721,0.42439284542172606,True,True,38.78,-0.10466735430634355,True,0.050171366032084386,0.05167452396987682,-0.001503157937792432,0.12563002217678076,0.11020633074144359,0.015423691435337172,0.3359926269404685,0.17489132431274101,0.16110130262772748,0.3107629388554478,0.2620767770770831,0.04868616177836471,0.5375997235102676,0.39582440457968504,0.1417753189305826,-0.008035482848996134
2021-03-04,AVGO,44.359,0.7682066408897039,True,True,49.514,-0.10411196833218894,True,0.022768772966027084,0.04467746217148916,-0.021908689205462073,0.07295024684956819,0.06347225909211573,0.009477987757452455,0.06478955792511099,0.11505176533050188,-0.05026220740539089,0.08530399693410584,0.18919564640297337,-0.10389164946886753,0.2852408755833089,0.14143881072471465,0.14380206485859426,-0.055118465249442083
2022-01-13,AVGO,59.719,1.328316893446138,True,True,67.776,-0.11887688857412648,True,-0.10710159245801165,-0.057154543301831895,-0.04994704915617976,-0.03980307774745062,-0.05181581383333689,0.012012736085886266,-0.02776335839515065,-0.05297827912083175,0.0252149207256811,-0.16493913159965845,-0.16330484575807802,-0.0016342858415804296,-0.025536261491317602,-0.1454588508815362,0.1199225893902186,-0.1403071049414759
2022-04-11,AVGO,58.061,0.876506900229469,True,True,67.776,-0.14333982530689326,False,0.029296774082430588,0.011638479723586226,0.017658294358844362,0.0013434146845558992,-0.09281232951445728,0.09415574419901318,-0.14109298840874251,-0.11649845426441174,-0.02459453414433077,-0.21327569280584213,-0.16664393526095655,-0.04663175754488558,0.0705464942043712,-0.06864884524458992,0.13919533944896112,-0.20099550472778638
2022-07-08,AVGO,49.869,0.8099299531811417,True,True,67.776,-0.26420856940509907,False,-0.008482223425374524,-0.009107983636504002,0.000625760211129478,0.10577713609657291,0.0638073429901973,0.04196979310637561,-0.08404018528544788,-0.05675766074047395,-0.02728252454497393,0.09264272393671424,-0.030900249569043137,0.12354297350575738,0.6979486253985441,0.12833509146576794,0.5696135339327761,-0.1103892197557601
2022-10-03,AVGO,45.678,0.6913392824082643,True,True,67.776,-0.32604461756373937,False,-0.04177065545776948,-0.017975505305365513,-0.023795150152403965,0.029204431017120003,0.05346280788849178,-0.02425837687137178,0.19289373440168145,0.027413327514252295,0.16548040688742915,0.37230176452559216,0.08150350508714976,0.2907982594384424,0.8279040238189064,0.16557104279752322,0.6623329810213832,-0.09131310477691668
2023-05-30,AVGO,80.334,1.837253655435474,True,True,92.178,-0.12849052919351678,True,-0.016605671322229676,0.01868246941786844,-0.03528814074009812,0.055518211467124656,0.038578704364796046,0.01693950710232861,0.06363432668608549,0.03976867056975575,0.023865656116329736,0.21708118604824844,0.0728497310676377,0.14423145498061074,0.7582219234695147,0.26091199009948096,0.4973099333700337,-0.03355988746981353
2023-09-20,AVGO,83.057,1.2698130738959335,True,True,92.367,-0.10079357346238382,True,-0.016566935959642204,-0.02870235272660948,0.012135416766967277,0.0679774131018458,-0.01921849352544225,0.08719590662728804,0.33220559374887126,0.07607605325551714,0.2561295404933541,0.5144659691537137,0.17629491154477495,0.33817105760893873,0.9464945760140624,0.27986503738829116,0.6666295386257712,-0.04271765173314712
2024-03-11,AVGO,129.312,1.9150586113615873,True,True,143.817,-0.1008573395356599,True,-0.04321331353625346,0.003090283210765321,-0.04630359674701878,0.031675327889136184,0.01572523861680497,0.015950089272331214,0.09277561247216015,0.045747926772023106,0.047027685700137045,0.25912521653056153,0.10248787357221079,0.15663734295835074,0.470010517198713,0.08731028008136432,0.3827002371173487,-0.07389878742885436
2024-06-21,AVGO,165.863,2.57848975188781,True,True,185.162,-0.1042276493016926,True,-0.03201437330809165,-0.0005325889331692091,-0.03148178437492244,-0.028957633709748354,0.018622247525297952,-0.047579881235046306,-0.020456641927373842,0.03408569172283338,-0.05454233365020722,0.10452602449009119,0.11560852876898497,-0.01108250427889379,0.5299976486618474,0.10218361462599401,0.4278140340358534,-0.22526422408855507
2024-09-17,AVGO,162.47,2.237292525952936,True,True,185.162,-0.12255214352836974,False,0.07613713300917091,0.014616299927184828,0.06152083308198608,0.08315381301163294,0.029676594384357102,0.053477218627275835,0.12759278636055882,0.07883566874456105,0.04875711761599777,0.19548224287560778,-0.007459108103788248,0.20294135097939603,1.1306702775897088,0.17068925710835225,0.9599810204813566,-0.030344063519418984
2024-12-18,AVGO,223.62,2.4948269934048075,True,True,251.88,-0.11219628394473558,True,0.09721849566228435,0.025687384867298935,0.07153111079498542,0.07463554243806447,0.02860407996179304,0.046031462476271434,-0.12543600751274486,-0.03266357371904205,-0.09277243379370281,0.11215454789374824,0.018284778604080065,0.09386976928966817,0.4751811108129862,0.1538343453639901,0.3213467654489961,-0.20575082729630623
2025-03-19,AVGO,195.57,2.4443466009158152,True,True,251.88,-0.22355883754168648,False,-0.08334611648003265,0.002574365665720446,-0.0859204821457531,-0.10717390192769838,-0.07312256449138654,-0.034051337436311835,0.2716674336554685,0.052668700297991755,0.21899873335747677,0.8897070102776499,0.15001851427362345,0.7396884960040264,0.6154318146955056,0.16627580977906287,0.4491560049164427,-0.2938589763256123
2025-09-25,AVGO,336.1,5.816614610797875,True,True,374.23,-0.10188921251636696,True,0.006188634335019261,0.016974394043006047,-0.010785759707986786,0.02436774769413863,0.020834283109186336,0.003533464584952295,0.012674799166914497,0.03425271635893945,-0.021577917192024954,-0.04837845879202629,0.00265937238811631,-0.0510378311801426,,,,-0.04367747694138646
2025-12-19,AVGO,340.36,4.925074855511455,True,True,414.61,-0.17908395841875502,True,0.026530732165941817,0.010667215210332204,0.015863516955609613,-0.03396403807732984,0.007067397405192466,-0.041031435482522305,-0.06028910565283829,-0.03054702537504239,-0.0297420802777959,0.15742155364907728,0.10908182606268091,0.048339727586396375,,,,-0.1323892349277236
2026-03-19,AVGO,319.84,4.0570787085349265,True,True,414.61,-0.22857625238175638,False,-0.03257878939469727,-0.022294634737799246,-0.010284154656898026,0.2710730365182592,0.07629584722643235,0.19477718929182686,0.2316783391695849,0.14402849348287372,0.08764984568671119,,,,,,,-0.09342171085542772
2026-06-15,AVGO,393.94,3.8985327033076347,True,True,495.0,-0.2041616161616162,True,-0.03500533076102963,-0.028152034232873602,-0.006853296528156028,0.0008630755952683256,-2.6496032219269772e-05,0.0008895716274875953,,,,,,,,,,-0.131009798446464
2014-02-03,AXP,82.86,0.9100968188105116,True,True,93.62,-0.11493270668660549,True,0.06613565049481052,0.03353045874720095,0.03260519174760956,0.11766835626357719,0.07699374174656959,0.0406746145170076,0.05515327057687669,0.08118504908996971,-0.026031778513093018,0.10946174269852782,0.13521272320146993,-0.02575098050294211,-0.026188752111996116,0.14514554745363717,-0.17133429956563329,-0.0027757663528844567
2014-08-01,AXP,86.47,0.728017585931255,True,True,96.24,-0.10151704073150458,True,0.011564704521799474,0.003844155844155983,0.007720548677643491,0.03561928992714236,0.042649350649350604,-0.007030060722208242,0.0018503527234878803,0.019012987012986926,-0.017162634289499046,-0.027061408581010804,0.06477922077922083,-0.09184062936023163,-0.11969469180062442,0.09516883116883124,-0.21486352296945566,-0.09321151844570374
2015-01-15,AXP,85.88,0.7297079556898287,True,True,96.24,-0.10764754779717378,False,-0.020377270610153708,0.029896492814792452,-0.05027376342494616,-0.0908244061481136,0.05406491809868341,-0.144889324246797,-0.07440614811364699,0.052607778112752523,-0.1270139262263995,-0.11108523521192348,0.02954476936991246,-0.14063000458183594,-0.2681648812296227,-0.05120088433323278,-0.2169639968963899,-0.10200279459711215
2018-12-17,AXP,101.18,0.4423378474697077,True,True,114.55,-0.11671759057180264,True,-0.11543783356394555,-0.08231516290726826,-0.03312267065667729,-0.017493575805495265,0.02200814536340845,-0.039501721168903714,0.12196086183040111,0.10162124060150379,0.02033962122889732,0.2179284443565921,0.13134398496240585,0.08658445939418624,0.23265467483692426,0.2426378446115287,-0.00998316977460445,-0.11988535283652901
2019-10-02,AXP,112.86,0.7809689127347326,True,True,129.34,-0.12741611257151697,True,0.009392167286904174,0.011143511768381575,-0.0017513444814774015,0.046163388268651406,0.055821703811705925,-0.009658315543054519,0.10925039872408293,0.12080816496563229,-0.011557766241549361,-0.20104554315080625,-0.14326876345205863,-0.057776779698747616,-0.1338826865142655,0.15382212039158505,-0.28770480690585054,-0.01594896331738438
2020-02-25,AXP,120.9,0.5138993238166794,True,True,138.13,-0.12473756606095698,True,-0.10661703887510343,-0.03969294738525497,-0.06692409148984846,-0.30479735318445,-0.22229329921637608,-0.08250405396807392,-0.24954507857733665,-0.05027986566448095,-0.1992652129128557,-0.1694789081885857,0.07737086198624654,-0.24684977017483223,0.12448304383788233,0.23790180713257647,-0.11341876329469414,-0.445822994210091
2021-08-19,AXP,159.03,0.5435310103853246,True,True,179.67,-0.11487727500417422,True,0.04074702886247872,0.014550084117673778,0.02619694474480494,0.030748915299000146,0.003501113990815208,0.027247801308184938,0.14374646293152216,0.06231528213522486,0.0814311807962973,0.23498710935043698,0.040194607375073854,0.19479250197536313,0.030623152864239556,-0.030032282999136184,0.06065543586337574,-0.01402251147582212
2022-03-01,AXP,178.06,0.6350780532598714,True,True,199.55,-0.10769230769230775,True,-0.10114568123104561,-0.03193171775431425,-0.06921396347673137,0.07233516792092543,0.07342201962882,-0.001086851707894576,-0.09856228237672704,-0.07584073677845482,-0.02272154559827222,-0.11434347972593517,-0.03867621749848826,-0.07566726222744691,-0.022857463776255194,-0.07842225219777665,0.05556478842152146,-0.15921599460855884
2023-07-27,AXP,163.6,0.7161439211161229,True,True,182.15,-0.10183914356299761,False,0.017176039119804365,-0.008066476607217932,0.025242515727022297,-0.03551344743276286,-0.03447590001988998,-0.0010375474128728746,-0.1346577017114915,-0.06917279939888177,-0.06548490231260973,0.09896088019559901,0.05303984618444613,0.045921034011152884,0.46809290953545246,0.18988264934031673,0.27821026019513573,-0.13545232273838625
2023-10-20,AXP,141.57,0.3815750951497998,True,True,182.15,-0.2227834202580291,False,-0.0018365472910927272,-0.02495310904817305,0.023116561757080323,0.14826587553860282,0.07027707210522571,0.07798880343337711,0.26997245179063367,0.13129466511550603,0.13867778667512765,0.5426997245179064,0.19767800755003684,0.34502171696786954,0.9551458642367736,0.38794843182411753,0.5671974324126561,-0.004662004662004615
2024-08-05,AXP,225.92,0.3346724168488213,True,True,256.24,-0.118326568841711,True,0.04926522662889532,0.03071243573388993,0.01855279089500539,0.1256639518413598,0.06706869225714174,0.05859525958421807,0.19701664305949018,0.12445397966678251,0.07256266339270767,0.4033286118980173,0.16842552862499516,0.23490308327302212,0.31303116147308785,0.21375004832038358,0.09928111315270427,0.0025672804532579363
2025-02-25,AXP,293.34,0.49885033978846227,True,True,326.27,-0.10092867870168876,True,-0.033646962569032324,-0.029247442110931554,-0.00439952045810077,-0.047930728847071724,-0.03160339256865907,-0.016327336278412652,-0.02502215858730472,-0.019150511577813667,-0.0058716470094910544,0.04673757414604229,0.08255923532579423,-0.03582166117975194,0.09252062453126086,0.15668753365643506,-0.0641669091251742,-0.24855116929160692
2025-05-21,AXP,286.0,0.8282938055360225,True,True,326.27,-0.12342538388451274,False,0.032797202797202774,0.012335723844490776,0.020461478952711998,0.0440209790209789,0.01959304121058225,0.02442793781039665,0.07360139860139858,0.10369557011975417,-0.030094171518355584,0.29426573426573444,0.1718079813334248,0.12245775293230965,0.08328671328671322,0.2717462169303091,-0.18845950364359587,-0.015874125874125955
2026-02-12,AXP,342.88,0.9187465025181869,True,True,387.49,-0.11512555162713878,True,0.0096243583761082,0.01197763001453156,-0.00235327163842336,-0.12517498833411111,-0.027859732558310202,-0.09731525577580091,-0.08912739150723281,0.08517915070383242,-0.17430654221106523,-0.0008166122258514985,0.12812834852554777,-0.12894496075139927,,,,-0.15139407372841807
2026-05-11,AXP,312.32,1.0987836838922114,True,True,387.49,-0.19399210302201353,False,-0.0002561475409835756,-0.00087921006357361,0.0006230625225900344,0.019403176229508157,-0.0030434194508318635,0.02244659568034002,0.0969518442622952,0.03957797916948458,0.057373865092810616,,,,,,,-0.03935066598360659
2026-08-06,AXP,342.6,1.019451812555261,True,True,387.49,-0.11584815092002365,False,0.0030647985989491477,0.012126574372853138,-0.00906177577390399,-0.03730297723292475,0.005998230456958575,-0.043301207689883325,,,,,,,,,,-0.05452422650321076
2014-07-14,BAC,15.57,0.5043478260869565,True,True,18.03,-0.13643926788685523,False,-0.0032113037893385377,-0.001315789473684159,-0.0018955143156543786,-0.02247912652536932,-0.019230769230769162,-0.003248357294600157,0.08413615928066798,-0.02196356275303646,0.10609972203370444,0.14964675658317272,0.03962550607287452,0.11002125051029821,0.07257546563904937,0.050000000000000044,0.02257546563904933,-0.04688503532434174
2014-10-15,BAC,15.76,1.3951367781155013,True,True,18.03,-0.12590127565169174,False,0.04060913705583746,0.03357828675642338,0.007030850299414082,0.09708121827411165,0.094029930805128,0.0030512874689836433,0.058375634517766395,0.0870031647267071,-0.02862753020894071,-0.0031725888324872775,0.12052781204741736,-0.12370040087990464,-0.015228426395939132,0.07412970015555431,-0.08935812655149344,-0.015228426395939132
2015-01-14,BAC,16.04,1.3347889374090247,True,True,18.21,-0.11916529379461838,True,0.0031172069825435855,0.026087822363835445,-0.02297061538129186,0.039276807980050066,0.040127451956586624,-0.0008506439765365581,-0.014962593516209433,0.040973812605795024,-0.055936406122004456,0.013092269326683281,0.018271432838793178,-0.005179163512109897,-0.045511221945137126,-0.035845862790003125,-0.009665359155134001,-0.06670822942643384
2015-04-13,BAC,15.8,0.7693169092945129,True,True,18.21,-0.1323448654585393,False,-0.014556962025316533,0.003634798412166962,-0.018191760437483495,0.043670886075949156,0.007269596824334146,0.03640128925161501,0.028481012658227778,-0.021808790473002104,0.05028980313122988,-0.015822784810126556,-0.08111339614520063,0.06529061133507408,-0.18481012658227847,-0.0219522693576929,-0.16285785722458557,-0.023417721518987356
2015-07-08,BAC,16.25,1.0161290322580645,True,True,18.21,-0.10763316858868754,False,0.08800000000000008,0.029726690461057137,0.05827330953894294,0.09969230769230775,0.02708649097931848,0.07260581671298927,-0.04307692307692301,-0.060626802913998024,0.01754987983707501,0.054153846153846,0.003324695643670994,0.050829150510175,-0.21599999999999997,0.018970322202122025,-0.234970322202122,-0.10153846153846158
2015-10-01,BAC,15.55,0.7335562987736901,True,True,18.48,-0.15854978354978355,True,0.012861736334405016,0.04725966793317027,-0.03439793159876525,0.09903536977491956,0.08692031437047842,0.012115055404441133,0.1016077170418006,0.06807890490813517,0.03352881213366543,-0.12025723472668814,0.05720085358871607,-0.17745808831540422,-0.010932475884244397,0.12756987456409719,-0.13850235044834158,-0.05916398713826365
2016-01-11,BAC,15.31,0.3394575678040246,True,True,18.48,-0.17153679653679654,False,-0.06988896146309598,-0.02108167195877364,-0.04880728950432234,-0.20313520574787725,-0.034771745354224226,-0.16836346039365302,-0.16067929457870678,0.061631357035031975,-0.22231065161373875,-0.14435009797517973,0.09270730310759445,-0.23705740108277418,0.48138471587197906,0.18270782364270466,0.2986768922292744,-0.28216851730894843
2017-03-21,BAC,23.02,0.2845982142857142,True,True,25.8,-0.10775193798449612,True,0.019982623805386623,0.006802721088435382,0.013179902716951242,-0.012163336229365829,-0.0012407478714755449,-0.010922588357890284,0.022589052997393555,0.042955546998673766,-0.02036649400128021,0.01476976542137276,0.06623026569118218,-0.05146050026980942,0.38922675933970474,0.15727548881187703,0.2319512705278277,-0.04126846220677671
2017-06-21,BAC,23.13,0.4970873786407768,True,True,25.8,-0.1034883720930233,False,0.03242542153048,0.0022226795636963725,0.03020274196678363,0.035019455252918386,0.017081704054332292,0.017937751198586094,0.054042369217466524,0.025684297180489812,0.02835807203697671,0.2511889321227845,0.09615147149619263,0.15503746062659185,0.26502377864245585,0.13397818481168966,0.1310455938307662,-0.017293558149589217
2018-03-23,BAC,29.17,0.8686739269698913,True,True,33.05,-0.11739788199697421,True,0.004799451491257933,-0.002247626428986571,0.007047077920244504,0.03942406582104896,0.03301685719821723,0.006407208622831728,0.003085361672951592,0.06762255376864945,-0.06453719209569786,0.03325334247514555,0.12702964541755457,-0.09377630294240902,-0.07404868015083987,0.08215462119744221,-0.1562033013482821,-0.025368529310935917
2018-06-19,BAC,29.26,0.6835443037974684,True,True,33.05,-0.11467473524962168,False,-0.024606971975393077,-0.014156079854809378,-0.010450892120583699,0.0297334244702665,0.020181488203266706,0.009551936266999794,0.03007518796992481,0.05564428312159708,-0.025569095151672272,-0.15379357484620637,-0.041488203266787704,-0.11230537157941867,-0.021872863978127155,0.06134301270417408,-0.08321587668230124,-0.055707450444292594
2018-09-28,BAC,29.46,0.9192182410423453,True,True,33.05,-0.10862329803328286,False,0.026137135098438513,-0.009975233902036473,0.036112369000474986,-0.10420909708078752,-0.0873348926802423,-0.016874204400545212,-0.181602172437203,-0.15320583379196484,-0.02839633864523816,-0.0889341479972845,-0.040176114474408386,-0.04875803352287611,-0.00373387644263401,0.016097963676389382,-0.01983184011902339,-0.23082145281737954
2018-12-26,BAC,24.11,0.3904267589388697,True,True,33.05,-0.27049924357034794,False,0.01866445458316046,-0.008002274758306949,0.02666672934146741,0.22687681459975106,0.07961654074254598,0.14726027385720508,0.11323102447117384,0.13347956779592174,-0.020248543324747903,0.17461634176690177,0.19042976683727342,-0.015813425070371645,0.4587308170883453,0.3048176131286051,0.15391320395974017,-0.029863127333056738
2021-12-13,BAC,43.58,0.7773246329526917,True,True,48.69,-0.10494968165947838,True,-0.009637448370812374,-0.024840859892406253,0.01520341152159388,0.1291877007801745,0.00681569753734701,0.12237200324282749,-0.06677374942634229,-0.08806824270741787,0.021294493281075577,-0.17049105094079853,-0.11741003493580804,-0.05308101600499049,-0.2569986232216612,-0.15708253852583753,-0.09991608469582369,-0.12413951353832031
2022-03-22,BAC,44.18,0.6356904850055534,True,True,50.11,-0.11833965276391933,True,-0.016749660479855155,0.026602015169376658,-0.04335167564923181,-0.10230873698506115,-0.010854333948708828,-0.09145440303635233,-0.2790855590765051,-0.18447919215285036,-0.09460636692365476,-0.2304210049796288,-0.1256478124513445,-0.10477319252828432,-0.3528746038931643,-0.11272492715585303,-0.24014967673731125,-0.30149388863739246
2026-03-24,BAC,48.14,0.730409777138749,True,True,57.55,-0.1635099913119027,True,0.012671375155795639,-0.004347959214917707,0.017019334370713346,0.10344827586206895,0.08884227931045063,0.014605996551618317,0.1674283340257583,0.14323769864355929,0.02419063538219901,,,,,,,-0.02700457000415446
2013-01-04,BKNG,25.9364,1.895204500803715,True,True,30.9984,-0.1632987509032725,False,0.010919017288444133,0.004782400765183992,0.006136616523260141,0.04762418839931537,0.02165744346519083,0.02596674493412454,0.07758979657932485,0.060531529685044605,0.01705826689428025,0.2683178852886292,0.10049873607979776,0.16781914920883145,0.7665366049258957,0.24970963995354234,0.5168269649723534,-0.0062306256843663865
2013-04-05,BKNG,27.7324,1.6908985057248205,True,True,30.9984,-0.10536027665944059,False,0.0718293404104946,0.023459654550141984,0.04836968586035262,0.045376527094662,0.040023201856148605,0.005353325238513396,0.21263215588986162,0.039958752255736085,0.17267340363412553,0.43849071843763987,0.08945604537251861,0.34903467306512126,0.8269749462722304,0.21732405259087395,0.6096508936813565,-0.022486333674690995
2014-03-24,BKNG,49.1172,1.687348171492351,True,True,55.1584,-0.10952456924058718,True,-0.02935020725937132,0.008520735587553174,-0.037870942846924494,0.0016857638464735647,0.013266461737582835,-0.01158069789110927,-0.00899888430122242,0.05840478886911504,-0.06740367317033746,-0.05211209108011039,0.07388232756296165,-0.12599441864307204,-0.039709103939149504,0.13471390821334195,-0.17442301215249145,-0.11455864747990507
2014-06-18,BKNG,48.6752,1.5826771653543301,True,True,55.1584,-0.11753785461507227,False,0.0037555058838998345,-0.0034647916029755255,0.00722029748687536,-0.012745710341200422,-0.0028024049729948874,-0.009943305368205535,-0.04350470054565769,0.014623458677264889,-0.05812815922292258,-0.0667280257708237,0.052736166309997,-0.11946419208082071,-0.03342975478272292,0.07128299194945487,-0.10471274673217779,-0.04530438498455058
2014-09-12,BKNG,46.5576,1.235122419587134,True,True,55.1584,-0.1559291059929222,False,0.019055965084110893,0.007884296690604087,0.011171668393506806,-0.08615564376170592,-0.043137648772158865,-0.04301799498954706,-0.024279602041342385,0.03756340079345155,-0.061843002834793936,0.044718799938141096,0.04203284286646913,0.0026859570716719627,0.10636287093836438,-0.016471651684829003,0.12283452262319339,-0.12600305857690253
2014-12-08,BKNG,45.4272,1.3463493244080822,True,True,55.1584,-0.1764228113940941,False,-0.05022541561003091,-0.03436426116838498,-0.01586115444164593,-0.05821182023105098,-0.020812158172402118,-0.037399662058648864,0.0707153423499578,0.004307632738008715,0.06640770961194908,0.053131163708086904,0.022990174725327828,0.030140988982759076,0.14511129895745278,0.014568510720681438,0.13054278823677135,-0.12766800507185116
2015-08-21,BKNG,48.6768,1.0668500968103536,True,True,55.8,-0.12765591397849463,True,0.03489958255267389,0.0073295253500480495,0.02757005720262584,0.07441738158629985,-0.006925137744528187,0.08134251933082803,0.04104624790454592,0.039377243087499236,0.001669004817046682,-0.13058376885908685,-0.05661426477278475,-0.0739695040863021,0.18583801728955063,0.1063033918010412,0.07953462548850943,-0.054161325313085484
2015-11-16,BKNG,50.6748,1.0552725502920182,True,True,59.0608,-0.14198927207216971,True,-0.0020128347817849335,0.016778523489932917,-0.01879135827171785,0.04488226889893987,-0.002869370683785677,0.04775163958272555,-0.1648630088327926,-0.09235482929676109,-0.0725081795360315,0.001105085762548752,0.013763252601886933,-0.01265816683933818,0.21610741433611969,0.05252407353370292,0.16358334080241677,-0.24694720058095931
2016-02-12,BKNG,42.3204,0.5041798174528704,True,True,59.0608,-0.2834435022891665,False,0.21777676959575043,0.043669292182392905,0.17410747741335753,0.25304108656818003,0.08503456036007084,0.16800652620810919,0.1987315809869472,0.11691582275089751,0.0818157582360497,0.28542263305639826,0.15956705781492797,0.12585557524147029,0.5234544096936704,0.23559984997052985,0.28785455972314056,0.013478133476999332
2016-05-10,BKNG,50.7308,0.7196881355932203,True,True,59.0608,-0.14104109663262265,False,0.007687637490439769,-0.017270328615974995,0.024957966106414764,0.0682504514023039,0.018805468937395098,0.049444982464908804,0.07231898570493667,0.03818661549532276,0.034132370209613905,0.16285964345131565,0.019621012233149493,0.14323863121816616,0.5011866558382678,0.14972415447349485,0.351462501364773,-0.09478265668982155
2017-08-10,BKNG,73.9848,0.41270010998411344,True,True,82.7196,-0.10559528817837605,True,-0.019814880894454157,-0.002748605185428188,-0.01706627570902597,-0.005974200105967831,0.011568756153593762,-0.017542956259561593,0.024259036991381988,0.060264194289465056,-0.03600515729808307,0.029233031649744223,0.1551526091237283,-0.12591957747398408,0.10563250829900173,0.17106990482441753,-0.0654373965254158,-0.04066781284804455
2017-11-07,BKNG,65.8288,0.49917558642678217,True,True,82.7196,-0.2041934438754539,False,0.04483144155749463,-0.0036339737889975465,0.04846541534649218,0.044551928639136706,0.017667298101828655,0.026884630537308052,0.10950222395061115,0.020334789500135342,0.08916743445047581,0.30630970031354066,0.017512660919317913,0.28879703939422274,0.13696132999538202,0.05690648316387659,0.08005484683150543,-0.00921177357023073
2018-02-05,BKNG,73.0372,0.7757128408604661,True,True,82.7196,-0.11705085614533917,False,-0.01967764372128178,0.00534232561664072,-0.0250199693379225,0.14216317164403902,0.03391050657371264,0.10825266507032638,0.17738357987436548,-0.0027658848937218705,0.18014946476808735,0.14190029190604236,0.0662675709468421,0.07563272095920026,0.019201174196163073,0.03042473383094002,-0.011223559634776947,-0.0612619322756075
2018-06-27,BKNG,80.06,0.7543167674642826,True,True,89.1596,-0.1020596772529262,False,0.03379965026230325,0.013959532207165282,0.019840118055137967,0.04078441169123148,0.051939855206979635,-0.011155443515748154,-0.022363227579315526,0.0840542045665491,-0.10641743214586463,-0.11595303522358236,-0.05297939483942826,-0.0629736403841541,-0.08557581813639781,0.07841098941897151,-0.16398680755536932,-0.09293030227329502
2018-09-21,BKNG,78.2696,0.5180883664998641,True,True,89.1596,-0.12214052104316309,False,0.01393133477109898,-0.00434946402274039,0.01828079879383937,-0.07716916912824379,-0.05390595568341383,-0.023263213444829955,-0.09573065404703751,-0.12640843864515905,0.030677784598121538,-0.10242035221848578,-0.033083324771396416,-0.06933702744708936,0.03824217831699661,0.021541833624439066,0.016700344692557545,-0.13069186504083308
2018-12-18,BKNG,70.7768,0.3280843047038602,True,True,89.1596,-0.20617858312509252,False,-0.037396434989996674,-0.03489101458366006,-0.0025054204063366114,-0.025381198358784163,0.03089226909204945,-0.056273467450833614,-0.007397904398051214,0.10682923004547584,-0.11422713444352706,0.01666082671157798,0.13058648267210282,-0.11392565596052484,0.12749940658520864,0.25254822016622236,-0.12504881358101372,-0.0922053554272021
2023-10-18,BKNG,114.0096,0.674533373283748,True,True,130.0684,-0.12346426956893441,True,-0.013093634220276207,-0.029427488900769294,0.016333854680493087,0.09493235657348142,0.045256967527486536,0.04967538904599489,0.22926490400808341,0.10394923409497703,0.1253156699131064,0.27633813292915677,0.20406313195881087,0.07227500097034589,0.5217209778825642,0.3535250226633504,0.16819595521921382,-0.041119344335915575
2024-02-23,BKNG,140.2384,0.4918851754453155,True,True,156.72,-0.10516590096988254,True,-0.0017769740670172673,0.009845426799251822,-0.01162240086626909,0.033876598706203076,0.0263069804076006,0.007569618298602476,0.0749181393969125,0.04373338584227615,0.031184753554636346,0.036711770813129485,0.08904203997243276,-0.05233026915930328,0.44014192974249555,0.17595746775622723,0.2641844619862683,-0.03194845349062736
2024-07-25,BKNG,146.3952,0.6678195961556865,True,True,165.7728,-0.11689251795228173,True,0.0011749019093523216,0.008543674894597064,-0.0073687729852447426,0.02956654316534979,0.0330788804071247,-0.00351233724177491,0.1887876105227495,0.0857710666592375,0.103016543863512,0.32927855558105734,0.098865177095522,0.23041337848553534,0.5389220411598195,0.18329897290169206,0.3556230682581274,-0.13111905308370753
2025-01-07,BKNG,191.844,0.9485093970147314,True,True,213.4896,-0.10138948220428534,True,0.00699318196034282,0.007050269269320175,-5.708730897735492e-05,-0.003417359938283182,0.030052834548018437,-0.03347019448630162,-0.10677008402660482,-0.14159998640911953,0.03482990238251471,0.1888325931485999,0.05405772726500535,0.13477486588359455,0.1354475511352975,0.17149992355129706,-0.03605237241599957,-0.10773336669377209
2025-04-04,BKNG,171.3608,0.8402226813689062,True,True,213.4896,-0.19733420269652469,False,0.07061358256964234,0.05672102596580131,0.013892556603841033,0.2117403746947959,0.11524303356554788,0.09649734112924802,0.3309368303602691,0.2279330272324258,0.1030038031278433,0.29504530791172767,0.30980842305256506,-0.01476311514083739,0.028181474409549878,0.30408882203926524,-0.27590734762971536,-0.04383499610179231
2025-10-07,BKNG,209.68,2.1900974312473758,True,True,233.5764,-0.10230656864306498,False,0.0072758489126287795,-0.010297106647537024,0.017572955560165804,-0.047737504769172046,0.009146341463414531,-0.05688384623258658,0.0154902708889737,0.020997728359636536,-0.005507457470662835,-0.19681037771842813,-0.028066714490674327,-0.1687436632277538,,,,-0.12798168637924467
2026-01-14,BKNG,207.4808,1.3487577035061422,True,True,233.5764,-0.11172190341147492,False,-0.006963535903081075,-0.001998957065878715,-0.00496457883720236,-0.19817158985313332,-0.0131670432817661,-0.18500454657136722,-0.14570408442612515,-0.006170693551190709,-0.13953339087493444,-0.1540422053510493,0.08886667825482353,-0.24290888360587282,,,,-0.274062949439177
2013-06-05,BLK,266.97,0.6294555664062502,True,True,298.14,-0.104548198832763,True,0.007753680188785195,0.002976375023252764,0.0047773051655324306,-0.04386260628535055,6.20078129844881e-05,-0.043924614098335035,-0.024085103195115587,0.017982265765486227,-0.042067368960601814,0.1378057459639659,0.12116326657158805,0.01664247939237784,0.15597258118889745,0.19551063433992688,-0.03953805315102943,-0.0987751432745253
2013-08-29,BLK,260.54,0.8458377612469006,True,True,298.14,-0.12611524787012807,False,0.002648345743455849,0.011390631662301365,-0.008742285918845516,0.03995547708605196,0.028872510202838653,0.011082966883213308,0.1658862362784983,0.10135834805384669,0.06452788822465161,0.14761648883088951,0.12011938843881342,0.02749710039207609,0.28022568511552914,0.21977218736675397,0.060453497748775176,-0.004989636907960393
2014-02-03,BLK,286.39,0.4462680537319461,True,True,326.0,-0.12150306748466266,True,0.05111910332064662,0.03353045874720095,0.017588644573445666,0.07273298648695858,0.07699374174656959,-0.004260755259611004,0.051014351059743834,0.08118504908996971,-0.030170698030225873,0.09958448269841846,0.13521272320146993,-0.03562824050305147,0.18897307866894786,0.14514554745363717,0.04382753121531069,-0.0012221097105344914
2015-06-29,BLK,344.54,1.0642262297046314,True,True,382.84,-0.1000417929161006,False,-0.005601671794276397,0.012656995424009443,-0.01825866721828584,-0.022348638764729922,0.019034173887644945,-0.04138281265237487,-0.1198119231439021,-0.05754064842761164,-0.06227127471629046,-0.04159168746734787,-0.002726122091324945,-0.038865565376022926,-0.03491612004411693,-0.010612403855515429,-0.0243037161886015,-0.20183432983107918
2015-09-23,BLK,303.26,0.6632479570010419,True,True,382.84,-0.2078675164559607,False,-0.01909252786387905,-0.010175619834710714,-0.008916908029168336,0.06172920925938152,0.042613636363636465,0.01911557289574506,0.08886763833014566,0.05816115702479352,0.03070648130535214,0.10159599023939858,0.05030991735537205,0.051286072884026535,0.20592890588933588,0.10237603305785115,0.10355287283148473,-0.046527731979159825
2018-02-05,BLK,524.97,0.4965790523975142,True,True,594.52,-0.11698513086187168,True,0.0007809970093528573,0.00534232561664072,-0.004561328607287862,0.04512638817456227,0.03391050657371264,0.011215881600849631,-0.019391584281006624,-0.0027658848937218705,-0.016625699387284754,-0.04200240013715073,0.0662675709468421,-0.10826997108399283,-0.20380212202602055,0.03042473383094002,-0.23422685585696057,-0.04754557403280191
2018-05-02,BLK,514.79,0.39645724826388884,True,True,594.52,-0.13410818811814573,False,0.03216845704073523,0.02393617021276606,0.00823228682796917,0.03776297130868911,0.02940729483282678,0.008355676475862328,-0.023057945958546155,0.06922492401215807,-0.09228286997070423,-0.23782513257833282,0.04487082066869297,-0.2826959532470258,-0.06927096485945716,0.10870060790273572,-0.1779715727621929,-0.05202121253326597
2018-07-27,BLK,502.92,0.49305308158176,True,True,594.52,-0.15407387472246514,False,-0.040801717967072326,0.0077464288252433455,-0.04854814679231567,-0.05052493438320216,0.021640253002629395,-0.07216518738583155,-0.2198361568440309,-0.022777343472390132,-0.19705881337164077,-0.16597073093136094,-0.053158979461303546,-0.1128117514700574,-0.049212598425196874,0.07316466491365214,-0.12237726333884902,-0.22013441501630482
2020-03-19,BLK,397.36,0.03789996082016445,True,True,576.81,-0.31110764376484445,True,0.13725588886651896,0.08602552908402972,0.05123035978248924,0.20009563116569362,0.19180075672529218,0.008294874440401445,0.36659452385745905,0.2766620930522641,0.08993243080519497,0.40975437890074473,0.4127894890025363,-0.0030351101017915827,0.8326454600362392,0.651740052388674,0.18090540764756513,-0.17888061203946048
2021-09-20,BLK,857.27,0.8154807285048709,True,True,959.89,-0.10690808321786871,True,0.02123018418934519,0.01981384204220804,0.0014163421471371507,0.04553991157978232,0.030296746843608835,0.015243164736173487,0.052620527955020036,0.06755137775320241,-0.014930849798182377,-0.19857221178858475,-0.03218597364298226,-0.1663862381456025,-0.26891177808625055,-0.11169477467514521,-0.15721700341110534,-0.044956664761393705
2022-01-10,BLK,873.34,1.1860826032540674,True,True,973.16,-0.10257306095606056,True,-0.04733551652277468,-0.019376597710038412,-0.027958918812736266,-0.07551469072755179,-0.03129900539193575,-0.04421568533561604,-0.14668971992580215,-0.040793967906167405,-0.10589575201963475,-0.2892573339134815,-0.17948056969775084,-0.10977676421573068,-0.1378042915702934,-0.1668062984683465,0.0290020068980531,-0.24410882359676644
2022-04-06,BLK,745.23,0.6703949432913436,True,True,973.16,-0.234216367298286,False,-0.039571675858459776,-0.007188927707605486,-0.03238274815085429,-0.14951088925566614,-0.07325539729463404,-0.0762554919610321,-0.16707593628812578,-0.14458478903520555,-0.02249114725292023,-0.21443044429236624,-0.17018274657350174,-0.0442476977188645,-0.11968117225554531,-0.087162949028039,-0.032518223227506304,-0.22762100291185272
2025-03-06,BLK,959.64,0.34251059722163935,True,True,1084.22,-0.11490287948940259,True,-0.061668959193030615,-0.0371741369977826,-0.02449482219524801,-0.07501771497644949,-0.06287649944998341,-0.012141215526466076,0.019205118586136605,0.03492168811440344,-0.015716569528266833,0.17922345879704893,0.129070559270835,0.050152899526213934,0.07852944854320376,0.18962476646121051,-0.11109531791800675,-0.1937184777624943
2025-06-13,BLK,971.82,0.46709741700759366,True,True,1084.22,-0.10366899706701593,False,0.014899878578337411,0.0052763819095476006,0.00962349666878981,0.07649564734210035,0.04211055276381903,0.03438509457828132,0.13487065505957907,0.09247906197654943,0.042391593083029644,0.10676874318289387,0.14638190954773878,-0.03961316636484491,0.06192504784836683,0.24246231155778886,-0.18053726370942202,-0.006369492292811474
2013-06-20,BMY,44.58,0.7292474786656322,True,True,49.57,-0.10066572523703854,True,0.03858232391206817,0.01053952321204532,0.028042800700022852,-0.008748317631224745,0.06129234629861968,-0.07004066392984443,0.012561686855091958,0.06844416562107902,-0.055882478765987065,0.14917003140421703,0.1339397741530739,0.015230257251143131,0.07806191117092887,0.2312421580928481,-0.15318024692191923,-0.07783759533423062
2014-01-24,BMY,50.94,0.9547198772064467,True,True,56.83,-0.10364244237198661,True,-0.019042010208087934,-0.003968919447705166,-0.015073090760382768,0.06615626226933657,0.03365196489462807,0.0325042973747085,0.0009815469179428327,0.05031024652020788,-0.04932869960226505,-0.04946996466431086,0.0940242607188777,-0.14349422538318857,0.21888496270121727,0.15210464531276213,0.06678031738845513,-0.0691009030231644
2014-04-22,BMY,50.99,0.8488034807831764,True,True,57.49,-0.11306314141589846,True,-0.03275151990586389,-0.0007451168236733974,-0.03200640308219049,-0.04373406550303993,-0.0018095694289210762,-0.041924496074118855,-0.05040203961561096,0.041620096865187195,-0.09202213648079816,-0.013924298882133757,0.014103997019532688,-0.028028295901666445,0.2916258089821533,0.11687689605620322,0.17474891292595007,-0.09197881937634844
2014-07-17,BMY,48.42,0.663917525773196,True,True,57.49,-0.15776656809879974,False,0.021478727798430297,0.015022226764089819,0.006456501034340478,0.028913672036348537,0.00025548004700826077,0.028658191989340276,0.038413878562577386,-0.026416636860661313,0.0648305154232387,0.2234613795952085,0.0337233662050993,0.1897380133901092,0.43081371334159435,0.07613305400848192,0.35468065933311244,-0.0028913672036349203
2014-10-17,BMY,50.42,0.5542540073982738,True,True,57.49,-0.12297790920160023,False,0.06366521221737398,0.04223483843582532,0.02143037378154866,0.14934549781832618,0.08367379423780985,0.06567170358051633,0.24851249504165018,0.06573990555526077,0.18277258948638941,0.2683458944863151,0.10940733273199976,0.1589385617543153,0.2618008726695755,0.0736456730514139,0.18815519961816163,-0.007140023800079276
2015-08-07,BMY,63.41,0.9427083333333333,True,True,70.54,-0.10107740289197631,True,-0.005204226462703021,0.007069006972830083,-0.012273233435533104,-0.09635704147610791,-0.0738639095936523,-0.022493131882455608,0.036902696735530816,0.011733589805241529,0.025169106930289287,-0.019712979025390265,-0.0684299110363068,0.048716932010916536,0.18782526415391887,0.04068285645587877,0.1471424076980401,-0.182778741523419
2016-01-08,BMY,63.63,0.8999701403404001,True,True,70.87,-0.10215888246084381,True,-0.013358478705013388,-0.02141517298874529,0.008056694283731902,-0.045733144743045795,-0.03386827844935392,-0.011864866293691878,0.045733144743045795,0.07555231346394331,-0.029819168720897515,0.1559013044161559,0.09149645685702379,0.06440484755913212,-0.05500550055005504,0.1796581909128805,-0.23466369146293553,-0.08942322803708946
2016-08-05,BMY,63.28,0.4336202990484821,True,True,77.12,-0.1794605809128631,True,-0.041877370417193416,0.001283344027867006,-0.04316071444506042,-0.10951327433628322,0.0008708405903381511,-0.11038411492662137,-0.19548040455120108,-0.02580438170318089,-0.1696760228480202,-0.24557522123893805,0.04945457878815662,-0.29502980002709467,-0.12294563843236406,0.13190943257860477,-0.2548550710109688,-0.22518963337547404
2022-08-04,BMY,72.12,0.5892463640370207,True,True,80.59,-0.10509988832361328,True,0.03244592346089825,0.014052200787116442,0.01839372267378181,-0.042013311148086485,-0.04285679793321584,0.0008434867851293548,0.06530782029950077,-0.0607238573532608,0.12603167765276158,0.012063227953410749,-0.02274428374821935,0.0348075117016301,-0.15099833610648927,0.0837095878503995,-0.23470792395688878,-0.08555185801442045
2015-06-29,BRK-B,136.51,0.6964085994780662,True,True,152.94,-0.1074277494442265,False,0.014138158376675758,0.012656995424009443,0.001481162952666315,0.04915390813859788,0.019034173887644945,0.030119734250952934,-0.0538422093619515,-0.05754064842761164,0.003698439065660142,-0.018606695480184565,-0.002726122091324945,-0.01588057338885962,0.023441506116768096,-0.010612403855515429,0.034053909972283525,-0.0806534319830049
2015-09-23,BRK-B,129.16,0.4520517144463181,True,True,152.94,-0.15548581142931872,False,0.00960049550944575,-0.010175619834710714,0.019776115344156464,0.031433880458346275,0.042613636363636465,-0.01117975590529019,0.03724063177454329,0.05816115702479352,-0.020920525250250233,0.08261071539176235,0.05030991735537205,0.0323007980363903,0.12201920099101882,0.10237603305785115,0.01964316793316767,-0.013161969650046457
2018-02-08,BRK-B,191.42,0.28357808623348757,True,True,217.62,-0.12039334619979791,True,0.0651969491171247,0.059775647246050445,0.005421301871074258,0.11242294431093947,0.08244381477312435,0.02997912953781512,0.02946400585100828,0.03605946512440328,-0.006595459273394999,0.03359105631595449,0.09016807048868536,-0.056577014172730866,0.05386062062480401,0.04855800954857736,0.005302611076226649,-0.01107512276669087
2018-05-24,BRK-B,194.83,0.3564714892431944,True,True,217.62,-0.10472383053028211,False,-0.013344967407483588,0.0029325513196480912,-0.01627751872713168,-0.030385464250885508,0.007111436950146599,-0.03749690120103211,0.06995842529384588,0.04717741935483866,0.022781005939007226,0.11851357593799716,-0.002712609970674573,0.12122618590867174,0.0332084381255453,0.03423753665689144,-0.0010290985313461398,-0.05173741210285898
2018-10-24,BRK-B,199.81,0.45021048047612133,True,True,224.07,-0.10826973713571653,True,0.02737600720684652,0.0200135685210312,0.00736243868581532,0.05530253741054003,-0.001130710085934017,0.05643324749647405,0.006706371052499938,-0.007198854213779415,0.013905225266279353,0.05094840098093201,0.09309513040856321,-0.0421467294276312,0.055803012862219115,0.13025780189959302,-0.0744547890373739,-0.06861518442520398
2019-01-23,BRK-B,201.15,0.6012577615029453,True,True,224.07,-0.10228946311420528,False,0.023912503107133887,0.015830834060969412,0.008081669046164475,0.02078051205567988,0.05318704680915687,-0.03240653475347699,0.043947303007705774,0.10102122166964023,-0.05707391866193445,0.05831469052945559,0.1380737253710942,-0.0797590348416386,0.13661446681580913,0.25773508978398696,-0.12112062296817783,-0.02048222719363657
2019-05-23,BRK-B,201.3,0.4193048015229499,True,True,224.07,-0.10162002945508097,False,-0.01927471435668171,-0.024349613666973857,0.005074899310292147,0.024391455538996576,0.042035868717657854,-0.017644413178661278,-0.001788375558867461,0.03611682143616646,-0.03790519699503392,0.0973174366616989,0.09520096406039569,0.00211647260130321,-0.12558370591157475,0.05242078400793937,-0.17800448991951412,-0.02930948832588176
2019-08-19,BRK-B,200.94,0.3647106764466177,True,True,224.07,-0.10322667023697951,False,-0.003682691350652023,-0.014812027503164127,0.011129336152512104,0.04583457748581665,0.02938459959634665,0.016449977889470002,0.09928336816960281,0.05702459549139682,0.04225877267820599,0.13023788195481245,0.14487052303903125,-0.0146326410842188,0.04986563153180068,0.15225943283275756,-0.10239380130095688,-0.024783517467900862
2020-03-16,BRK-B,177.77,0.017398271619069483,True,True,231.61,-0.23245973835326628,True,-0.08797884907464715,-0.07046070460704612,-0.017518144467601027,0.08533498340552392,0.18319783197831985,-0.09786284857279592,0.07729088147606444,0.3299979153637691,-0.25270703388770466,0.22714743770039925,0.4400250156347718,-0.21287757793437256,0.46267649209652895,0.6429435063581406,-0.18026701426161162,-0.102773246329527
2022-04-29,BRK-B,322.83,0.48968667804900545,True,True,362.1,-0.10845070422535219,True,-0.01223554192609111,-0.001601941747572888,-0.010633600178518221,-0.011523092649381894,0.007912621359223326,-0.01943571400860522,-0.10076510857107446,-0.0266019417475728,-0.07416316682350166,-0.15271195365982104,-0.11308252427184462,-0.03962942938797642,0.017718303751200315,0.009538834951456243,0.008179468799744072,-0.18322336833627595
2022-07-27,BRK-B,290.3,0.383039542639352,True,True,362.1,-0.19828776581054963,False,0.016052359627970914,0.033438061041292544,-0.01738570141332163,0.011091973820186007,0.031493117893476974,-0.020401144073290967,-0.05776782638649691,-0.08884400558547778,0.03107617919898087,0.0620048225973131,-0.023813085976461257,0.08581790857377436,0.20496038580778508,0.1358218631557948,0.06913852265199028,-0.10489149156045463
2022-10-20,BRK-B,273.53,0.2933472031774551,True,True,362.1,-0.2446009389671363,False,0.05977406500201088,0.03987301934812937,0.01990104565388151,0.12397177640478207,0.07889767658246893,0.04507409982231314,0.12711585566482664,0.07137188363755786,0.05574397202726877,0.16893942163565256,0.12875947565748058,0.04017994597817198,0.23810916535663385,0.16699050381762937,0.07111866153900448,-0.007567725660804991
2023-10-20,BRK-B,335.86,0.6070625388774582,True,True,373.34,-0.10039106444527768,True,-0.012356338950753387,-0.02495310904817305,0.012596770097419663,0.06868933484189843,0.07027707210522571,-0.0015877372633272824,0.07896147204192228,0.13129466511550603,-0.05233319307358375,0.1917465610671112,0.19767800755003684,-0.005931446482925651,0.3839099624843685,0.38794843182411753,-0.004038469339749051,-0.015720836062645183
2025-06-13,BRK-B,487.54,0.5791280689253093,True,True,542.07,-0.10059586400280407,True,0.0004717561635967371,0.0052763819095476006,-0.0048046257459508634,-0.03570989047052553,0.04211055276381903,-0.07782044323434456,0.005209828937112748,0.09247906197654943,-0.08726923303943668,0.0321819748123231,0.14638190954773878,-0.11419993473541568,0.0035074045206546778,0.24246231155778886,-0.23895490703713418,-0.06635352996677202
2013-12-11,BSX,11.18,0.6273653566229984,True,True,12.48,-0.10416666666666674,True,0.03220035778175312,0.016674127126230953,0.015526230655522166,0.1726296958855098,0.03032676812891677,0.14230292775659303,0.17889087656529523,0.047616383169203136,0.1312744933960921,0.17889087656529523,0.08801477170993732,0.09087610485535791,0.16636851520572438,0.1552708146821844,0.011097700523539977,-0.004472271914132242
2014-04-30,BSX,12.61,0.7273972602739727,True,True,14.08,-0.10440340909090917,False,0.012688342585249757,-0.0022834687483405114,0.014971811333590268,0.030134813639968394,0.021560193298284736,0.008574620341683659,0.03965107057890571,0.049970792841590894,-0.010319722262685183,-0.07930214115781131,0.010567680951622416,-0.08986982210943373,0.40761300555115,0.12282937709096697,0.284783628460183,-0.026169706582077734
2014-08-01,BSX,12.59,0.7583798882681563,True,True,14.08,-0.10582386363636365,False,-0.02065131056393965,0.003844155844155983,-0.024495466408095634,0.007148530579825341,0.042649350649350604,-0.03550082006952526,0.04050833995234315,0.019012987012986926,0.021495352939356227,0.17871326449563152,0.06477922077922083,0.1139340437164107,0.3701350277998412,0.09516883116883124,0.27496619663100996,-0.11834789515488486
2014-12-10,BSX,12.6,1.2540250447227193,True,True,14.08,-0.10511363636363635,False,0.03333333333333344,-0.006743453435715696,0.04007678676904913,0.1626984126984128,0.00536522937586148,0.1573331833225513,0.30317460317460343,0.008958456389053016,0.2942161467855504,0.4214285714285715,0.034307934632801684,0.3871206367957698,0.48650793650793656,0.018655247095884953,0.4678526894120516,-0.0007936507936507908
2015-08-21,BSX,16.35,1.9248658318425762,True,True,18.62,-0.12191192266380235,True,0.044036697247706424,0.0073295253500480495,0.036707171897658375,0.022629969418960005,-0.006925137744528187,0.029555107163488192,0.08501529051987755,0.039377243087499236,0.045638047432378315,0.017737003058103884,-0.05661426477278475,0.07435126783088863,0.46544342507645253,0.1063033918010412,0.35914003327541133,-0.1327217125382264
2016-01-11,BSX,17.13,1.7277070063694264,True,True,19.06,-0.1012591815320042,True,0.025685931115003058,-0.02108167195877364,0.0467676030737767,-0.015178050204319837,-0.034771745354224226,0.01959369514990439,0.1260945709281962,0.061631357035031975,0.06446321389316423,0.3666082895504963,0.09270730310759445,0.27390098644290184,0.2930531231757152,0.18270782364270466,0.11034529953301053,-0.08523058960887331
2016-10-26,BSX,22.09,0.9010327022375215,True,True,24.79,-0.10891488503428803,False,-0.02218198279764594,-0.018714325816412414,-0.0034676569812335245,-0.050248981439565354,0.03256292692055762,-0.08281190836012298,0.06564056133997287,0.06484513895386912,0.0007954223861037502,0.13263920325939327,0.10105735940862726,0.03158184385076601,0.34902670891806253,0.20033685786469535,0.14868985105336718,-0.10955183340878216
2017-11-28,BSX,26.39,1.0601092896174862,True,True,29.93,-0.11827597728032069,True,-0.05494505494505497,0.0012173317609465162,-0.05616238670600149,-0.04509283819628651,0.0169285198006619,-0.06202135799694841,0.04660856384994316,0.057176551146954635,-0.010567987297011472,0.1470253884046988,0.03705253547380849,0.10997285293089032,0.3266388783630161,0.017613268916194302,0.3090256094468218,-0.07010231148162183
2018-03-01,BSX,26.5,0.5533411488862838,True,True,29.93,-0.11460073504844637,False,0.050943396226415194,0.023907358983937366,0.02703603724247783,0.030943396226415176,-0.016996638027642952,0.04794003425405813,0.14377358490566028,0.016623085543518767,0.1271504993621415,0.30150943396226415,0.06963018304071711,0.23187925092154704,0.5139622641509434,0.04101606275681746,0.4729462013941259,-0.008679245283018888
2018-06-13,BSX,31.73,0.8069476082004556,True,True,37.3,-0.1493297587131367,True,0.01575795776867306,-0.0074092723806781224,0.02316723014935118,0.0507406240151278,0.004819623781606497,0.0459210002335213,0.12984557201386693,0.03442074596266598,0.09542482605120095,0.21367790734320824,0.004567852390030103,0.20911005495317814,0.28584935392373145,0.03726216595331455,0.2485871879704169,0.0015757957768673947
2018-10-29,BSX,35.38,0.9228260869565221,True,True,39.44,-0.10294117647058809,True,0.02769926512153753,0.036117638141438535,-0.008418373019901004,-0.0033917467495762077,0.017206094140832073,-0.02059784089040828,0.04154889768230641,-0.0003789888577276912,0.0419278865400341,0.0016958733747878263,0.10751913893731535,-0.10582326556252752,0.17495760316563014,0.14947320548775855,0.025484397677871584,-0.10797060486150378
2019-04-16,BSX,36.17,0.8501278772378518,True,True,41.0,-0.11780487804878048,True,-0.020182471661598145,0.007133995037220897,-0.027316466698819042,0.024882499308819472,-0.01757650951199341,0.04245900882081288,0.1680951064418026,0.03615246760408031,0.13194263883772228,0.11556538567873931,0.01006341328921967,0.10550197238951964,-0.006911805363560952,-0.0219534050179212,0.01504159965436025,-0.05031794304672377
2019-10-02,BSX,39.15,0.6802575107296136,True,True,43.84,-0.10697992700729941,True,-0.01379310344827589,0.011143511768381575,-0.024936615216657465,0.07305236270753501,0.055821703811705925,0.017230658895829087,0.15504469987228608,0.12080816496563229,0.03423653490665379,-0.2357598978288633,-0.14326876345205863,-0.09249113437680467,-0.03550446998722867,0.15382212039158505,-0.18932659037881372,-0.03831417624521072
2020-01-31,BSX,41.87,0.7555555555555553,True,True,46.62,-0.10188760188760193,True,0.007642703606400847,0.03254281540422088,-0.024900111797820035,-0.08598041557200842,-0.03928760140490484,-0.04669281416710358,-0.14186768569381414,-0.11189506729245013,-0.029972618401364004,-0.08215906376880822,0.0038230814658253287,-0.08598214523463354,-0.13207547169811307,0.17374817393466557,-0.30582364563277864,-0.42440888464294235
2020-04-28,BSX,35.93,0.3835194455140547,True,True,46.62,-0.2293007293007293,False,0.024492067909824833,0.0016099114548699944,0.02288215645495484,0.033676593376009034,0.06229657368844688,-0.028619980312437843,0.06957973838018372,0.1302978336191507,-0.060718095238966985,0.06985805733370443,0.2154481503517307,-0.14559009301802628,0.17645421653214588,0.4615546144962026,-0.28510039796405673,-0.08154745338157532
2023-10-26,BSX,49.78,0.33925208501479687,True,True,55.38,-0.10111953773925608,True,0.05504218561671359,0.0441401042297902,0.01090208138692339,0.11751707513057452,0.10362380317537268,0.013893271955201847,0.20369626355966242,0.17656041691916124,0.02713584664050117,0.35255122539172357,0.20024239486122908,0.1523088305304945,0.7095218963439132,0.40404799418252324,0.3054739021613899,-0.01265568501406189
2025-03-10,BSX,94.13,1.1412647861692444,True,True,107.17,-0.12167584211999627,True,0.05067459895888682,0.01172000428127995,0.03895459467760687,-0.02751513863805366,-0.10025330907274621,0.07273817043469255,0.0881759269095932,0.0630596881800991,0.02511623872949409,0.12079039626049082,0.1506832209497304,-0.029892824689239594,-0.23616275363858485,0.20994327303863836,-0.4461060266772232,-0.08658238606182933
2025-09-17,BSX,98.5,1.2664519098021167,True,True,109.5,-0.1004566210045662,True,-0.004467005076142061,0.0029127097302710236,-0.007379714806413085,-0.00802030456852798,0.009087047543918203,-0.017107352112446184,-0.06852791878172593,0.045495919172305,-0.11402383795403093,-0.2930964467005076,0.026017172851118264,-0.31911361955162587,,,,-0.07928934010152289
2025-12-11,BSX,91.75,1.0316651904340124,True,True,109.5,-0.16210045662100458,False,0.04752043596730249,-0.018427964072725067,0.06594840004002755,0.043269754768392454,0.008691614550836446,0.03457814021755601,-0.2410899182561308,-0.018631106983762913,-0.22245881127236788,-0.47084468664850143,0.070200385971531,-0.5410450726200324,,,,-0.2567847411444142
2013-06-04,BX,20.6575,0.9990419694785022,True,True,23.3562,-0.11554533699831315,True,-0.002376860704344619,-0.002812423575446421,0.00043556287110180225,-0.015200290451409915,-0.014367816091954033,-0.0008324743594558814,0.028502965024809424,0.0021398875030569364,0.026363077521752487,0.2703086046230183,0.09996331621423327,0.17034528840878504,0.4826624712574126,0.17938371239911954,0.30327875885829303,-0.09026261648311751
2013-08-28,BX,21.2463,1.1060337222326857,True,True,23.8567,-0.10941999522146817,True,0.015706264149522253,0.012506863522665057,0.003199400626857196,0.15473753077006336,0.035263254224879415,0.11947427654518394,0.2351044652480665,0.09761454456714058,0.13748992068092591,0.4642031789064447,0.12317735342566039,0.3410258254807843,0.5288685559367983,0.22219510707095358,0.3066734488658447,0.0009225135670680729
2014-04-07,BX,30.5888,0.6597467145601146,True,True,34.7301,-0.11924238628739914,True,-0.044915132336018404,-0.007594662037539335,-0.03732047029847907,-0.06737106391881997,0.0132364109797114,-0.08060747489853137,0.0856588032220944,0.06992513833134417,0.015733664890750232,0.026627393032744084,0.07355972659216659,-0.0469323335594225,0.2367663981588033,0.12742757947271355,0.10933881868608974,-0.11581690030337899
2014-08-01,BX,31.8155,0.951835242296154,True,True,35.4073,-0.10144235793183887,True,0.017274598859046586,0.003844155844155983,0.013430443014890603,0.034238028633841955,0.042649350649350604,-0.008411322015508649,-0.06261413461991794,0.019012987012986926,-0.08162712163290486,0.11227546321761395,0.06477922077922083,0.04749624243839312,0.21190614637519456,0.09516883116883124,0.11673731520636332,-0.18075152048529797
2014-10-27,BX,29.8234,1.1311409808419262,True,True,35.4073,-0.15770476709605086,False,-0.0029641154261419445,0.0285991027732464,-0.03156321819938834,0.09608227096843414,0.05658646003262646,0.039495810935807674,0.18657161825948743,0.04491231647634586,0.14165930178314157,0.37281798855931925,0.068515497553018,0.30430249100630125,0.15446260319078298,0.05786092985318114,0.09660167333760183,-0.04475344863429376
2015-07-07,BX,39.0285,1.9834881320949433,True,True,43.6016,-0.10488376573336755,True,0.03268637021663667,0.012787231996923332,0.01989913821971334,-0.007041008493792966,0.006537832900682661,-0.013578841394475627,-0.2036716758266396,-0.0787905009133738,-0.12488117491326578,-0.2141640083528703,-0.011248918373233385,-0.20291508997963692,-0.37225360954174513,0.00913373714065946,-0.3813873466824046,-0.2818709404665821
2015-09-30,BX,31.0795,1.1871569317382122,True,True,43.6016,-0.2871935892260834,False,0.11649157804984012,0.0405990711266504,0.07589250692318972,0.11005646808989855,0.09038250795804403,0.019673960131854518,-0.013175887642980055,0.07331837394979912,-0.08649426159277918,-0.13254717739989375,0.060428951625528526,-0.19297612902542227,-0.1956112550073199,0.1249282471429316,-0.3205395021502515,-0.1370517543718528
2015-12-24,BX,30.67,1.0507094237687054,True,True,43.6016,-0.29658544640563644,False,-0.05608086077600272,-0.02265655387008947,-0.03342430690591325,-0.14281056406912296,-0.07526254375729302,-0.06754802031182994,-0.12096511248777309,-0.012008945935433668,-0.10895616655233942,-0.18780567329638087,0.0040840140023337135,-0.19188968729871458,-0.0707531790022824,0.0976760015558149,-0.1684291805580973,-0.2725790674926639
2019-05-31,BX,37.85,0.4128406121687198,True,True,42.12,-0.1013770180436846,True,0.10885072655217964,0.04497402550223417,0.06387670104994547,0.17357992073976214,0.0644094888654776,0.10917043187428455,0.30092470277410843,0.04624550441384834,0.2546791983602601,0.37305151915455736,0.1331783339993462,0.23987318515521117,0.49696169088507247,0.10062847386202645,0.396333217023046,-0.028005284015852117
2019-09-30,BX,48.84,0.9536000000000002,True,True,55.17,-0.11473626971179984,True,-0.06019656019656028,-0.01243387134818208,-0.0477626888483782,0.08087633087633073,0.02200357178960144,0.05887275908672929,0.13431613431613432,0.08242072985813942,0.0518954044579949,-0.26208026208026214,-0.24874481922027158,-0.013335442859990554,0.04729729729729715,0.10769282609428199,-0.06039552879698484,-0.07821457821457822
2020-02-25,BX,56.47,0.862467018469657,True,True,64.97,-0.13082961366784673,True,-0.00672923676288284,-0.03969294738525497,0.03296371062237213,-0.2930759695413493,-0.22229329921637608,-0.07078267032497321,-0.03913582433150342,-0.05027986566448095,0.011144041332977528,-0.06605277138303522,0.07737086198624654,-0.14342363336928177,0.2310961572516379,0.23790180713257647,-0.006805649880938569,-0.41561891269700724
2020-05-20,BX,54.26,0.853142076502732,True,True,64.97,-0.16484531322148688,False,0.04423147806855887,0.020341494628363765,0.023889983440195106,0.06247696277183934,0.050011787289933496,0.012465175481905844,-0.02801326944342053,0.13440878321489902,-0.16242205265831955,0.032805012900847696,0.19408614825042947,-0.16128113534958177,0.6234795429413935,0.38733034721988346,0.23614919572151005,-0.04589015849612965
2020-08-14,BX,52.74,0.6262719703977799,True,True,64.97,-0.1882407264891488,False,0.004361016306408727,0.007837548984681364,-0.003476532678272637,-0.0013272658323852937,0.0048094050587816906,-0.006136670891166984,0.0625711035267349,0.05260657879111763,0.009964524735617264,0.3431930223739097,0.15102125638285235,0.19217176599105734,1.1520667425104283,0.3214285714285716,0.8306381710818567,-0.0659840728100114
2020-11-09,BX,56.04,0.6961259079903148,True,True,64.97,-0.13744805294751428,False,0.01873661670235549,0.02259138086642598,-0.00385476416407049,0.1143825838686654,0.04402639891696758,0.07035618495169782,0.2640970735189152,0.09349616425992768,0.17060090925898752,0.5761955745895788,0.1722134476534296,0.4039821269361492,1.5437187723054961,0.32144065884476536,1.2222781134607308,-0.02301927194860809
2021-09-28,BX,118.18,2.064039408866995,True,True,136.89,-0.136679085397034,True,-0.028515823320358846,-0.001429493682560179,-0.027086329637798667,0.2029108140125231,0.05127732177441646,0.15163349223810663,0.1043323743442206,0.07832241999446632,0.026009954349754283,0.03756980876628879,0.02460112514986612,0.012968683616422672,-0.2963276358097817,-0.16003412339758372,-0.136293512412198,-0.07928583516669485
2021-12-22,BX,130.51,3.5776920378814445,True,True,149.78,-0.1286553611964215,True,-0.015401118688223026,0.018110286728388436,-0.03351140541661146,-0.1588384031874951,-0.0635249844982787,-0.09531341868921639,-0.06045513753735332,-0.04981932476640516,-0.010635812770948161,-0.2582943835721401,-0.18920652569009389,-0.06908785788204619,-0.4399662861083441,-0.1863413799739143,-0.2536249061344298,-0.221132480269711
2022-03-21,BX,122.62,2.478581560283688,True,True,149.78,-0.1813326211777273,False,0.01557657804599577,0.025923175589009695,-0.010346597543013925,-0.0419181210243027,0.001462679178199311,-0.04338080020250201,-0.21056923829717833,-0.14669547019509888,-0.06387376810207945,-0.17778502691241238,-0.07520421251603315,-0.10258081439637923,-0.3268634806719948,-0.11397646211660928,-0.2128870185553855,-0.2367476757462078
2022-06-15,BX,96.8,1.1880650994575044,True,True,149.78,-0.3537187875550808,False,-0.03564049586776863,-0.0030063291139240667,-0.03263416675384456,-0.03925619834710736,0.01563818565400843,-0.05489438400111579,0.04152892561983457,0.08378164556962031,-0.042252719949785744,-0.18667355371900818,0.038581223628691985,-0.22525477734770016,-0.06725206611570234,0.15290084388185665,-0.220152909997559,-0.10154958677685944
2023-10-03,BX,103.22,0.9773946360153256,True,True,116.78,-0.11611577324884403,True,0.02005425305173425,0.03071704736829628,-0.01066279431656203,-0.10530904863398571,-0.008040987689461265,-0.09726806094452445,0.2897694245301299,0.13069569961336858,0.1590737249167613,0.23890718852935477,0.230603192675348,0.008303995854006763,0.4711296260414648,0.3487511563367254,0.12237846970473942,-0.1417360976554931
2024-01-11,BX,119.92,0.9065182829888714,True,True,133.53,-0.10192466112484089,True,-0.0070046697798532565,0.012763724152409006,-0.019768393932262263,0.06470980653769187,0.0521675238795003,0.012542282658191573,0.1007338225483656,0.09020678072845612,0.010527041819909488,0.023348899266177447,0.1643539414296209,-0.14100504216344345,0.37466644429619733,0.21862076204471492,0.1560456822514824,-0.04202801867911943
2024-04-19,BX,118.4,0.493064312736444,True,True,133.56,-0.1135070380353399,True,0.034543918918918726,0.026456094999596003,0.008087823919322723,0.06140202702702702,0.06925034332337021,-0.007848316296343194,0.13893581081081074,0.12476775183778988,0.01416805897302087,0.2586993243243243,0.16352290168834305,0.09517642263598125,0.015371621621621534,0.03780596170934647,-0.022434340087724935,-0.021790540540540637
2024-12-18,BX,171.7,0.3427700007820442,True,True,200.96,-0.14560111464968162,True,0.027722772277227747,0.025687384867298935,0.0020353874099288127,0.057192778101339714,0.02860407996179304,0.028588698139546675,-0.12801397786837498,-0.03266357371904205,-0.09535040414933293,-0.20553290623179965,0.018284778604080065,-0.22381768483587972,-0.10465928945835756,0.1538343453639901,-0.25849363482234766,-0.21025043680838673
2025-03-19,BX,149.72,0.3766090474439132,True,True,200.96,-0.2549761146496816,False,-0.02043815121560244,0.002574365665720446,-0.023012516881322886,-0.1358535933742987,-0.07312256449138654,-0.06273102888291215,-0.08889927865348657,0.052668700297991755,-0.14156797895147832,0.19042212129308034,0.15001851427362345,0.04040360701945689,-0.24171787336361206,0.16627580977906287,-0.4079936831426749,-0.22749131712530057
2025-06-27,BX,151.11,0.6558185404339252,True,True,200.96,-0.24805931528662417,False,0.012441267950499713,0.00938348701435987,0.0030577809361398423,0.17093508040500294,0.03582638109642078,0.13510869930858216,0.22367811528025938,0.07854808020685966,0.14513003507339972,0.013764807094169607,0.09186710250280528,-0.07810229540863567,-0.23631791410230962,0.18552308467905876,-0.4218409987813684,-0.01680894712461134
2025-09-24,BX,178.08,0.8715712033631109,True,True,200.96,-0.11385350318471332,False,-0.056042228212039635,0.011117833913175001,-0.06716006212521464,-0.09186882300089849,0.010134624111329593,-0.10200344711222809,-0.13673629829290224,0.023249130237483095,-0.15998542853038533,-0.36247753818508543,0.0004991680532444587,-0.3629767062383299,,,,-0.23944294699011692
2014-12-16,C,51.17,0.9022304832713757,True,True,56.95,-0.10149253731343288,True,0.06351377760406485,0.04971956950128842,0.013794208102776429,-0.076998241156928,0.005608609974230738,-0.08260685113115873,0.04924760601915179,0.05391339497751502,-0.004665788958363226,0.1143247996873169,0.06588853519276427,0.04843626449455263,-0.001367989056087593,0.02521348087514541,-0.026581469931233004,-0.08931014266171589
2015-08-21,C,53.6,0.8463658284533242,True,True,60.95,-0.12059064807219033,True,-0.005970149253731294,0.0073295253500480495,-0.013299674603779343,-0.053917910447761175,-0.006925137744528187,-0.04699277270323299,0.0016791044776118813,0.039377243087499236,-0.037698138609887355,-0.2996268656716419,-0.05661426477278475,-0.24301260089885712,-0.1324626865671642,0.1063033918010412,-0.2387660783682054,-0.12126865671641796
2015-11-16,C,53.69,0.5331239291833236,True,True,60.95,-0.11911402789171455,False,0.01098901098901095,0.016778523489932917,-0.005789512500921967,-0.021791767554479313,-0.002869370683785677,-0.018922396870693636,-0.300800894021233,-0.09235482929676109,-0.2084460647244719,-0.1648351648351647,0.013763252601886933,-0.17859841743705163,-0.016017880424660125,0.05252407353370292,-0.06854195395836304,-0.35704972993108575
2018-02-08,C,71.87,0.4604755131070921,True,True,80.7,-0.10941759603469636,True,0.07249199944343943,0.059775647246050445,0.01271635219738898,0.05899540837623474,0.08244381477312435,-0.02344840639688961,-0.046890218449979204,0.03605946512440328,-0.08294968357438248,0.0008348406845692935,0.09016807048868536,-0.08933322980411607,-0.12606094336997353,0.04855800954857736,-0.1746189529185509,-0.07402254069848346
2018-05-07,C,68.5,0.29685725104127214,True,True,80.7,-0.15117719950433706,False,0.06014598540145988,0.022703431739847124,0.037442553661612754,-0.02540145985401454,0.030645886407912437,-0.05604734626192698,0.05007299270072996,0.052225385883410747,-0.0021523931826807896,-0.05153284671532843,0.011838753184474582,-0.06337159989980301,0.02788321167883212,0.097032818822119,-0.06914960714328688,-0.06014598540145988
2025-03-25,C,74.47,0.29851787271142105,True,True,84.74,-0.12119424120840216,True,-0.05277292869611916,-0.02517985611510798,-0.02759307258101118,-0.1097086074929502,-0.06957911931324523,-0.040129488179704964,0.05344434000268561,0.032704271365516124,0.020740068637169484,0.35141667785685504,0.146908560108435,0.20450811774842004,0.5273264401772526,0.135057171653981,0.3922692685232716,-0.2545991674499799
2025-10-10,C,93.93,1.1425638686131387,True,True,105.59,-0.110427123780661,True,0.033429149366549504,0.017411411595356974,0.01601773777119253,0.07303310976258914,0.027487672659336715,0.04554543710325243,0.2921324390503566,0.05598603411840375,0.23614640493195282,0.24944107313957198,0.009050258797586475,0.2403908143419855,,,,0.01139146172681782
2026-02-12,C,111.15,1.173870526109916,True,True,125.16,-0.1119367209971236,True,0.04363472784525402,0.01197763001453156,0.03165709783072246,-0.0491228070175439,-0.027859732558310202,-0.0212630744592337,0.13225371120107954,0.08517915070383242,0.04707456049724712,0.20395861448493013,0.12812834852554777,0.07583026595938236,,,,-0.08223121907332431
2026-05-19,C,119.97,1.6396039603960393,True,True,135.29,-0.11323822898957792,True,0.045177961156955826,0.0228013029315961,0.022376658225359725,0.19846628323747595,0.009853760920229604,0.18861252231724634,0.16137367675252157,0.058073133168876856,0.10330054358364471,,,,,,,-0.0006668333750103894
2026-08-19,C,132.89,2.0133786848072557,True,True,147.96,-0.10185185185185197,True,0.005041763864850779,-0.0038748602189684345,0.008916624083819213,,,,,,,,,,,,,-0.024682067875686498
2018-02-05,CAT,151.08,0.843563148261135,True,True,173.24,-0.1279150311706303,True,0.00800900185332254,0.00534232561664072,0.0026666762366818197,0.017672756155679092,0.03391050657371264,-0.016237750418033547,-0.04778925072809104,-0.0027658848937218705,-0.04502336583436917,-0.05639396346306602,0.0662675709468421,-0.12266153440990812,-0.133703997881917,0.03042473383094002,-0.16412873171285702,-0.08624569764363255
2018-05-02,CAT,143.86,0.6465606043264278,True,True,173.24,-0.16959131840221653,False,0.060823022382872294,0.02393617021276606,0.03688685217010623,0.055957180592242306,0.02940729483282678,0.026549885759415526,-0.009036563325455327,0.06922492401215807,-0.0782614873376134,-0.1053107187543445,0.04487082066869297,-0.15018153942303747,-0.03969136660642292,0.10870060790273572,-0.14839197450915864,-0.07771444459891563
2018-07-27,CAT,142.56,0.8328619182309076,True,True,173.24,-0.1770953590394828,False,-0.02840909090909094,0.0077464288252433455,-0.036155519734334285,-0.030513468013467993,0.021640253002629395,-0.05215372101609739,-0.0971520763187429,-0.022777343472390132,-0.07437473284635276,-0.041806958473625144,-0.053158979461303546,0.011352020987678402,-0.0676206509539844,0.07316466491365214,-0.14078531586763654,-0.09750280583613924
2018-10-22,CAT,128.71,0.8474235682503231,True,True,173.24,-0.25704225352112675,False,-0.11444332219718745,-0.04054398021890104,-0.0738993419782864,-0.021210473156708876,-0.021490127631722422,0.00027965447501354657,0.0613005982441146,-0.03108977855350714,0.09239037679762174,0.10348846243493126,0.055088905857968884,0.04839955657696238,0.027348302385206802,0.09083306061597773,-0.06348475823077093,-0.12936057804366408
2020-02-26,CAT,128.25,0.34222919937205654,True,True,150.55,-0.14812354699435415,True,-0.00662768031189076,0.004365971107544109,-0.010993651419434869,-0.18385964912280706,-0.20773675762439814,0.023877108501591082,-0.1106432748538011,-0.05335473515248801,-0.05728853970131309,0.08163742690058484,0.08478330658105948,-0.003145879680474639,0.7168031189083821,0.2439807383627608,0.4728223805456213,-0.317738791423002
2021-06-24,CAT,219.34,0.5673860225811063,True,True,246.69,-0.11086789087518745,True,-0.011990517005562085,0.012538226299694255,-0.02452874330525634,-0.04472508434394096,0.03490943307457073,-0.07963451741851169,-0.13002644296525945,0.02103034580098795,-0.1510567887662474,-0.08069663536062743,0.0900023523876734,-0.17069898774830083,-0.1436582474696817,-0.1192895789226065,-0.0243686685470752,-0.14069481170785092
2021-10-25,CAT,202.21,0.6995293326609515,True,True,246.69,-0.18030726823138343,False,0.015676771673013068,0.009856217758753116,0.005820553914259952,0.0008407101528113969,0.026385687630336996,-0.0255449774775256,0.07131200237376989,-0.019317308747667683,0.09062931112143757,0.13703575490826347,-0.038590714520908787,0.17562646942917226,-0.05929479254240644,-0.17837778509494018,0.11908299255253374,-0.053657089164729665
2022-01-26,CAT,214.29,0.7230039398568786,True,True,246.69,-0.13133892739875963,False,-0.043632460684119634,0.05530942821542295,-0.09894188889954258,-0.13813057072191892,-0.011721814573815048,-0.12640875614810387,0.009379812403752075,-0.01693663759287456,0.026316449996626634,-0.1601567968640627,-0.08909040564862247,-0.07106639121544023,0.20602921274907837,-0.07621486916793574,0.2822440819170141,-0.16155676886462278
2023-02-22,CAT,237.89,0.7337657605130818,True,True,266.04,-0.10581115621711035,True,0.045315061583084626,-0.009534802027400091,0.05484986361048472,-0.07541300601118162,-0.016133888693732112,-0.0592791173174495,-0.09739795703896759,0.05191448788076469,-0.14931244491973228,0.16595905670688138,0.11128117629347112,0.05467788041341026,0.33313716423557116,0.24757866211672597,0.08555850211884519,-0.14229265626970444
2023-05-18,CAT,214.72,0.8668057729090592,True,True,266.04,-0.19290332280860023,False,-0.02207526080476907,-0.010924790687689478,-0.011150470117079592,0.14227831594634877,0.048255134413090595,0.09402318153325817,0.29177533532041733,0.05643680080146929,0.23533853451894804,0.0936102831594634,0.04298356510745882,0.05062671805200458,0.6333830104321909,0.2610977267848198,0.3722852836473711,-0.04247391952309987
2023-10-05,CAT,260.8,0.7393624116313193,True,True,293.88,-0.11256295086429835,True,0.033780674846625836,0.02157832744405197,0.012202347402573865,-0.0831288343558283,0.014746760895170796,-0.09787559525099909,0.12235429447852741,0.11342756183745584,0.008926732641071577,0.40502300613496933,0.23220259128386345,0.17282041485110589,0.49957822085889547,0.3376207302709071,0.16195749058798836,-0.14202453987730068
2024-04-25,CAT,338.0,0.4688627178306026,True,True,382.01,-0.11520640820920913,True,-0.007573964497041397,0.003058650618681602,-0.010632615115722999,0.03757396449704142,0.04462849311803607,-0.007054528620994649,0.018254437869822615,0.09988281793084264,-0.08162838006102002,0.16455621301775158,0.15652743847941353,0.008028774538338057,-0.09334319526627222,0.09364634848755671,-0.18698954375382892,-0.06553254437869815
2024-07-24,CAT,336.04,0.5946471788544585,True,True,382.01,-0.12033716394858762,False,0.030234495893346036,0.017700423110322605,0.012534072783023431,0.02062254493512672,0.035825804186759846,-0.015203259251633128,0.1739376264730388,0.07597509376789913,0.09796253270513966,0.11561123675752882,0.09524601370951347,0.020365223048015357,0.2781811689084632,0.1721818820094967,0.10599928689896654,-0.08626949172717535
2024-12-17,CAT,375.8,0.8637175163658006,True,True,418.5,-0.1020310633213859,True,-0.02189994678020224,-0.004947955451852559,-0.01695199132834968,0.02719531665779673,-0.01110394016118077,0.0382992568189775,-0.10401809473124013,-0.07160469311092355,-0.032413401620316584,-0.03948908994145828,-0.000893610683612156,-0.03859547925784612,0.49518360830228847,0.11105594995780166,0.3841276583444868,-0.15199574241617886
2025-03-18,CAT,336.71,0.5673323092677929,True,True,418.5,-0.19543608124253287,False,0.017552196251967578,0.025738832840183967,-0.00818663658821639,-0.12853791096195533,-0.041727567644647245,-0.08681034331730808,0.07202043301357253,0.07616484260810674,-0.004144409594534215,0.24169166344925896,0.15919218566183035,0.08249947778742861,1.084880163939295,0.19566147374425147,0.8892186901950436,-0.20614178373080683
2025-06-12,CAT,360.96,0.5894319682959048,True,True,418.5,-0.1374910394265233,False,-0.0012189716312056564,-0.0156853002070394,0.014466328575833742,0.12414117907801425,0.034881987577639606,0.08925919150037465,0.15827238475177308,0.07715113871635615,0.08112124603541693,0.6386580230496455,0.13273706004140795,0.5059209630082375,1.4867852393617023,0.2219627329192546,1.2648225064424476,-0.01457225177304966
2025-12-17,CAT,561.89,1.4109242255213248,True,True,627.5,-0.1045577689243028,True,0.038922208973286576,0.02826928805481077,0.010652920918475806,0.15127516061862645,0.03017575215966639,0.12109940845896006,0.24935485593265594,-0.0009085492999701961,0.25026340523262613,0.5975190873658545,0.09883824843610367,0.4986808389297508,,,,3.559415543974431e-05
2026-03-17,CAT,702.0,2.092374785251751,True,True,789.81,-0.1111786379002544,True,0.020840455840455796,-0.026252627498919212,0.04709308333937501,0.09710826210826196,0.043456223259142446,0.05365203884911951,0.27867521367521375,0.09983750503138089,0.17883770864383286,,,,,,,-0.05331908831908827
2026-07-02,CAT,963.53,3.003199135817857,True,True,1073.46,-0.10240716934026428,True,-0.011540896495179198,0.013655039071940767,-0.025195935567119965,-0.15434911211897917,0.0030210263433496642,-0.15737013846232883,,,,,,,,,,-0.1994125766711986
2014-01-24,CB,92.19,0.5235498264749627,True,True,104.07,-0.11415393485154224,True,0.01757240481614053,-0.003968919447705166,0.021541324263845696,0.049896951947066004,0.03365196489462807,0.01624498705243793,0.09599739668076812,0.05031024652020788,0.04568715016056024,0.12051198611563074,0.0940242607188777,0.026487725396753037,0.23039375203384327,0.15210464531276213,0.07828910672108114,-0.0020609610586831417
2015-08-21,CB,105.07,0.430302205281786,True,True,117.89,-0.10874544066502678,False,-0.02246121633196918,0.0073295253500480495,-0.02979074168201723,-0.03226420481583692,-0.006925137744528187,-0.02533906707130873,0.0827067669172934,0.039377243087499236,0.04332952382979416,0.08794137241838773,-0.05661426477278475,0.14455563719117248,0.21119253830779483,0.1063033918010412,0.10488914650675363,-0.08632340344532208
2017-09-07,CB,134.88,0.2707744488411532,True,True,150.28,-0.10247537929198836,True,0.058644721233689134,0.013043302142828228,0.045601419090860906,0.08029359430604988,0.03155506946976128,0.0487385248362886,0.12425860023724788,0.07125207599141237,0.05300652424583552,0.0365510083036773,0.08437639243326434,-0.047825384129587034,0.017793594306049876,0.1707781423421233,-0.15298454803607342,-0.006227758007117501
2018-04-23,CB,138.29,0.28212497682180593,True,True,157.5,-0.12196825396825406,True,-0.01894569383180278,-0.007727801327981454,-0.011217892503821325,-0.03181719574806574,0.025509247102074584,-0.057326442850140324,-0.02379058500253084,0.05435720448662651,-0.07814778948915735,-0.08294164437052576,0.021007615260532075,-0.10394925963105783,-0.001807795212958263,0.08890722887046554,-0.0907150240834238,-0.10362282160676839
2022-06-16,CB,189.19,0.277275182284634,True,True,218.99,-0.13607927302616563,True,0.028225593318885744,0.06390290467748527,-0.03567731135859953,-0.04233838997832862,0.04172916950770489,-0.0840675594860335,0.02119562344732806,0.07213964271103235,-0.05094401926370429,0.15016649928643155,0.07230328651302353,0.07786321277340802,0.01094138167979275,0.20714577935360712,-0.19620439767381437,-0.04593266028859877
2022-10-13,CB,193.73,0.24633299022130717,True,True,218.99,-0.1153477327731861,False,-0.00784597119702668,-0.0015301800694046408,-0.006315791127622039,0.09384194497496523,0.07847637784517847,0.015365567129786761,0.16022299076033675,0.0672459491215125,0.09297704163882425,0.015846797088731934,0.11809711178511884,-0.1022503146963869,0.08057605946420288,0.18496051588928042,-0.10438445642507754,-0.029267537294172197
2023-03-03,CB,207.1,0.41674647694623057,True,True,231.37,-0.10489691835588022,True,-0.042008691453404134,-0.04522625497909394,0.003217563525689804,-0.062385321100917324,0.012865236646131706,-0.07525055774704903,-0.0820859488169966,0.03956060268685513,-0.12164655150385173,-0.028633510381458227,0.08090254583240553,-0.10953605621386375,0.2101400289715114,0.2688339642247459,-0.05869393525323452,-0.11443746982134229
2023-05-30,CB,190.1,0.5366583137983996,True,True,231.37,-0.1783723041016554,False,0.007995791688585108,0.01868246941786844,-0.010686677729283334,-0.0272488164124145,0.038578704364796046,-0.06582752077721055,0.05823250920568124,0.03976867056975575,0.01846383863592549,0.17112046291425576,0.0728497310676377,0.09827073184661805,0.38158863755917927,0.26091199009948096,0.1206766474596983,-0.033613887427669575
2023-08-24,CB,201.17,0.6500164041994749,True,True,231.37,-0.13052686173661243,False,-0.0014912760351940557,0.030808670374693925,-0.03229994640988798,0.05920365859720644,-0.014809219712055621,0.07401287830926206,0.10667594571755235,0.03181578887134062,0.07486015684621172,0.24799920465278125,0.1490535375037194,0.09894566714906183,0.35631555400904724,0.273135114101948,0.08318043990709922,-0.012427300293284316
2024-12-18,CB,271.57,0.40013404825737253,True,True,302.05,-0.10091044529051485,True,0.024671355451633126,0.025687384867298935,-0.001016029415665809,-0.00997901093640674,0.02860407996179304,-0.03858309089819978,0.0908789630666127,-0.03266357371904205,0.12354253678565474,0.05604448208565027,0.018284778604080065,0.037759703481570206,0.14504547630445175,0.1538343453639901,-0.008788869059538351,-0.07147328497256689
2025-04-07,CB,274.32,0.282468443197756,True,True,306.91,-0.10618748167215153,True,0.05110819480898221,0.06887664062809784,-0.01776844581911563,0.053514144065325286,0.10789484119116532,-0.05438069712584004,0.0345581802274717,0.23981918394861035,-0.20526100372113865,0.019101778944298653,0.3158333002894642,-0.29673152134516556,0.1934966462525518,0.3069907609342164,-0.11349411468166459,-0.02763196267133272
2013-06-20,CMCSA,18.2334,1.1020994016532355,True,True,20.4967,-0.11042265340274293,True,0.03572016190068772,0.01053952321204532,0.0251806386886424,0.14546381914508544,0.06129234629861968,0.08417147284646576,0.14160825737383043,0.06844416562107902,0.0731640917527514,0.2693353954830149,0.1339397741530739,0.13539562132994098,0.353378963879474,0.2312421580928481,0.12213680578662589,-0.0005155374203384966
2014-03-25,CMCSA,23.2755,1.0644191368208187,True,True,25.9044,-0.10148468985963766,True,0.005237266653777661,0.010412752938650627,-0.0051754862848729655,0.031006852699190013,0.0061188342010627395,0.024888018498127273,0.06583746858284467,0.05458644195158602,0.011251026631258654,0.14797963523877034,0.06800493800654817,0.07997469723222217,0.19025584842430887,0.1271536686168213,0.06310217980748756,-0.03885630813516372
2014-10-13,CMCSA,24.1987,1.240350698527029,True,True,26.94,-0.10175575352635491,True,-0.006582998260237005,0.015420735286270748,-0.022003733546507753,0.025369131399620715,0.08841577290432734,-0.06304664150470662,0.09179005483765645,0.09866069046475645,-0.006870635627099997,0.1293581886630275,0.1060242249613148,0.0233339637017127,0.17137697479616687,0.07427565231311029,0.09710132248305658,-0.044733808014480125
2015-01-30,CMCSA,24.9063,1.018616827277664,True,True,27.7882,-0.10370948820002723,True,0.07092984505928213,0.030584106292304014,0.04034573876697811,0.1264338741603528,0.06287290047631,0.06356097368404279,0.11006452182781068,0.06011531712208584,0.04994920470572484,0.17535322388311392,0.053797944346954285,0.12155527953615963,0.018059687709535366,-0.05184256705941326,0.06990225476894862,-0.013169358756619953
2015-08-20,CMCSA,27.3524,0.7097280302035864,True,True,30.4545,-0.1018601520300777,True,-0.027412585367280418,-0.023042604304554515,-0.004369981062725903,-0.0162764510609672,-0.04177084865421388,0.025494397593246676,0.031865576695280895,-0.007010834926704956,0.03887641162198585,-0.039919714540588735,-0.1034956120998185,0.06357589755922977,0.16104254105672644,0.07059861744374185,0.09044392361298459,-0.1433950951287638
2015-12-11,CMCSA,27.1649,0.5499948647137363,True,True,30.4545,-0.10801687763713086,False,-0.027082742804133142,-0.009213394095502259,-0.017869348708630883,-0.05347341606263967,-0.040717257776897164,-0.012756158285742503,0.006902289351331969,-0.011591044184664168,0.018493333535996137,0.0936723492447975,0.046909054884089585,0.04676329436070792,0.19423962539895245,0.11526649494749353,0.07897313045145893,-0.09711797208898243
2016-03-10,CMCSA,27.3524,0.41915667463953454,True,True,30.4545,-0.1018601520300777,False,0.04077521533759376,0.02550866994086398,0.01526654539672978,0.055337008818239,0.024857171494437225,0.030479837323801773,0.08617525335985143,0.05918612809461754,0.026989125265233893,0.12300931545312288,0.09251277939260305,0.03049653606051983,0.271544727336541,0.1855267114363035,0.0860180159002375,0.00239832702066356
2016-10-27,CMCSA,28.8097,0.2747260040618211,True,True,32.0337,-0.10064400927772954,False,-0.008618624977004274,-0.020593892198714547,0.011975267221710273,0.12491973189585459,0.039170615002111164,0.08574911689374343,0.19453517391711816,0.07693390251911625,0.11760127139800192,0.24138050725970772,0.10048318243655308,0.14089732482315465,0.19811382971707436,0.19758877890885218,0.0005250508082221828,-0.02341919561814243
2017-09-11,CMCSA,35.4545,0.32946730562992643,True,True,39.5314,-0.10313067586779101,False,-0.01903002439746726,0.0020464668351991566,-0.021076491232666417,-0.0007925651186733162,0.019020103527145782,-0.019812668645819098,0.044674159838666405,0.05609726736487297,-0.011423107526206566,-0.02775388173574589,0.09221138798603579,-0.11996526972178168,-0.04387877420355668,0.1540467878496048,-0.19792556205316147,-0.08062164182261777
2017-12-07,CMCSA,35.5108,0.34457128793472314,True,True,39.5314,-0.10170649154849043,False,0.03246054721380531,0.006021130760783144,0.02643941645302217,0.0683538529123533,0.037300715719317035,0.031053137193036262,-0.046715365466280745,0.032983678570076114,-0.07969904403635686,-0.1749805692915959,0.036088915817775735,-0.21106948510937162,-0.00026470820144874896,0.021850266974665633,-0.022114975176114382,-0.056478592428219065
2021-09-14,CMCSA,52.0993,0.5403148079163194,True,True,57.9194,-0.10048619288183236,True,0.008455008032737465,-0.02372965306076502,0.03218466109350249,-0.05864378216214039,-0.023752166963099786,-0.034891615199040604,-0.11962540763503537,0.0570727424184434,-0.17669815005347878,-0.16711548907566898,-0.05569939437602722,-0.11141609469964175,-0.35797793828323987,-0.07474615575117627,-0.2832317825320636,-0.12592107763444038
2018-10-26,COP,68.48,0.3248210485587155,True,True,80.24,-0.14656031904287126,True,-0.009345794392523366,0.024723928692571562,-0.03406972308509493,-0.05519859813084116,0.00817849470470744,-0.0633770928355486,-0.021758177570093573,0.0016960012060451835,-0.023454178776138757,-0.029643691588785104,0.10383296272566245,-0.13347665431444755,-0.17713200934579443,0.13669769720725156,-0.313829706553046,-0.1712908878504673
2019-01-25,COP,66.99,0.9587719298245612,True,True,80.24,-0.1651296111665005,False,0.02522764591730131,0.016103544284746807,0.009124101632554504,0.03373637856396483,0.05169689216645357,-0.017960513602488737,-0.00806090461262865,0.1019640304010836,-0.11002493501371224,-0.09956709956709953,0.12435096696515924,-0.22391806653225876,-0.05747126436781602,0.24809993227481408,-0.3055711966426301,-0.03149723839379015
2019-04-23,COP,66.45,0.41142735768904015,True,True,80.24,-0.17185942173479551,False,-0.05011286681715588,0.003892379131384738,-0.054005245948540614,-0.042588412340105464,-0.021749521988527754,-0.02083889035157771,-0.09224981188863812,0.020315487571701762,-0.11256529946033988,-0.1507900677200903,0.01160885004097234,-0.16239891776106263,-0.47975921745673444,-0.038548210871346744,-0.4412110065853877,-0.14251316779533496
2022-04-22,COP,96.01,0.48392581143740343,True,True,107.52,-0.10704985119047616,True,-0.005103635038016918,-0.03295465214533855,0.02785101710732163,0.09384439120924903,-0.08546145901793267,0.1793058502271817,-0.05520258306426429,-0.07339686414421187,0.018194281079947583,0.27840849911467536,-0.14099615059618809,0.41940464971086344,0.0650973856889907,-0.032485212656088724,0.09758259834507943,-0.18445995208832422
2022-07-20,COP,90.71,0.5035637328029172,True,True,124.08,-0.26893939393939403,True,0.028221805754602647,0.015882665856068234,0.012339139898534413,0.11740712159629596,0.08075588317248017,0.03665123842381579,0.35310329621871905,-0.07295387187476243,0.4260571680934815,0.301730790431044,-0.01061377510955741,0.3123445655406014,0.20692316172417602,0.15307647490944087,0.053846686814735145,-0.04233270863190375
2022-11-28,COP,123.84,1.0602229246381634,True,True,138.49,-0.10578381110549506,True,-0.036094961240310086,0.009295041802429793,-0.04539000304273988,-0.043362403100775215,-0.03664974362860263,-0.0067126594721725885,-0.1501130490956073,0.0011871384910711047,-0.1513001875866784,-0.1623869509043927,0.05779091207597675,-0.22017786298036945,-0.07299741602067189,0.1479376626000859,-0.22093507862075779,-0.16860465116279078
2023-02-24,COP,105.25,0.9552294259706484,True,True,138.49,-0.24001732977110268,False,0.03220902612826615,0.019703315000756838,0.012505711127509311,-0.09330166270783846,-0.0015893839245169072,-0.09171227878332155,-0.014441805225653193,0.056536656743529035,-0.07097846196918223,0.10907363420427552,0.10068621020233115,0.008387424001944366,0.05947743467933497,0.2812200413744388,-0.22174260669510382,-0.13035629453681707
2023-05-22,COP,103.73,1.3494903737259345,True,True,138.49,-0.2509928514694202,False,-0.024390243902439046,0.0033190859380596294,-0.027709329840498675,-0.00028921237828982704,0.038563480503354786,-0.03885269288164461,0.12532536392557603,0.041787053177009925,0.0835383107485661,0.11452810180275708,0.05210248573270615,0.06242561607005093,0.1654294803817602,0.2656940232574796,-0.1002645428757194,-0.05157620746167946
2023-08-17,COP,116.73,1.859627633512984,True,True,138.49,-0.15712325799696736,False,-0.016533881607127654,0.0013752320704119025,-0.017909113677539557,0.05859676175790285,0.016227738430860228,0.04236902332704262,-0.009594791398954916,0.009901670906965476,-0.019496462305920392,-0.024243981838430573,0.1421760755460817,-0.16642005738451227,-0.04711727919129616,0.2676660019711661,-0.31478328116246224,-0.043347896855992496
2024-01-08,COP,114.5,1.7366156787762903,True,True,127.35,-0.10090302316450728,True,-0.05117903930131007,0.0006953223767383054,-0.051874361678048375,-0.026026200873362493,0.04083438685208596,-0.06686058772544845,0.1506550218340612,0.08105773282764428,0.06959728900641693,-0.0012227074235807711,0.1490518331226296,-0.15027454054621037,-0.1267248908296944,0.25444584913611457,-0.38117073996580897,-0.07624454148471616
2024-05-13,COP,121.59,1.1821608040201008,True,True,135.18,-0.10053262316910783,True,-0.005757052389176787,0.01756541437100445,-0.023322466760181237,-0.06546591002549562,0.030792267378242144,-0.09625817740373777,-0.10954848260547745,0.018698047647386362,-0.1282465302528638,-0.11308495764454318,0.09623543414409408,-0.20932039178863726,-0.2255119664446089,0.12656696934211298,-0.3520789357867219,-0.1588946459412781
2024-08-08,COP,108.27,0.9351206434316353,True,True,135.18,-0.19906790945406128,False,0.02733905975801254,0.04225007066804887,-0.014911010910036326,-0.020781379883624274,0.018298313389239595,-0.03907969327286387,-0.003971552599981498,0.07611419956656928,-0.08008575216655078,-0.08718943382285027,0.13411853387355155,-0.22130796769640182,-0.13263138450170864,0.20075379251860914,-0.3333851770203178,-0.06437609679504941
2014-01-23,COST,112.8,0.5588723051409619,True,True,126.12,-0.10561370123691727,True,-0.0006205673758864494,-0.019475901307511312,0.018855333931624862,0.003457446808510678,0.006017834673669231,-0.002560387865158553,0.01152482269503552,0.023250724875540252,-0.011725902180504733,0.04476950354609932,0.08299141090869311,-0.03822190736259379,0.23351063829787222,0.11100169593522624,0.12250894236264598,-0.0292553191489362
2014-05-06,COST,112.83,0.4014408148056141,True,True,126.12,-0.1053758325404377,False,0.03066560311973765,0.0170253774494058,0.013640225670331851,0.030842860941239003,0.03431844951279572,-0.0034755885715567203,0.041744216963573555,0.03378306028482703,0.007961156678746528,0.15607551183195967,0.051665060498982784,0.10441045133297688,0.2917663741912613,0.131384516543527,0.16038185764773427,-0.010812727111583764
2015-06-04,COST,140.65,0.628081953929853,True,True,156.85,-0.10328339177558166,False,-0.009456096693921223,0.007138438109741685,-0.016594534803662908,-0.030287948809100795,-0.013420263646314101,-0.016867685162786694,-0.004976892996800708,-0.051634702327130744,0.046657809330330036,0.16210451475293275,-0.005044496264217435,0.16714901101715018,0.08439388553146121,0.0006662542235760238,0.08372763130788519,-0.16793458940632777
2015-08-28,COST,139.95,0.454025974025974,True,True,156.85,-0.10774625438316865,False,-0.010503751339764222,-0.033570855078281836,0.023067103738517614,0.025723472668810476,-0.05655359293456452,0.082277065603375,0.1679171132547339,0.04912685668406258,0.11879025657067133,0.07224008574490903,-0.022581292653552798,0.09482137839846183,0.17799214005001796,0.09243275792854266,0.08555938212147529,-0.017506252232940223
2016-01-08,COST,152.11,0.503360347894841,True,True,169.73,-0.10381193660519639,True,-0.011307606337519038,-0.02141517298874529,0.010107566651226252,-0.03346262573137859,-0.03386827844935392,0.00040565271797532443,0.030635724146998777,0.07555231346394331,-0.04491658931694453,0.03241075537439997,0.09149645685702379,-0.05908570148262382,0.07100124909604877,0.1796581909128805,-0.10865694181683172,-0.06896325027940309
2016-04-07,COST,152.03,0.4203101644245142,True,True,169.73,-0.1042832734342779,False,-0.004143918963362414,0.019906839911743024,-0.024050758875105438,-0.027560349930934702,0.005001225790635111,-0.03256157572156981,0.026836808524633327,0.029271880362834013,-0.0024350718382006864,-0.010392685654147304,0.056974748712919965,-0.06736743436706727,0.10011182003551933,0.15459671488109827,-0.054484894845578946,-0.0885351575346972
2016-09-09,COST,150.7,0.28452096829185125,True,True,169.73,-0.11211924821775765,True,0.010948905109489093,0.0004219804951237638,0.01052692461436533,-0.00471134704711329,0.008252063015753874,-0.012963410062867164,0.007100199071002233,0.036196549137284206,-0.029096350066281973,0.129794293297943,0.11787321830457609,0.01192107499336692,0.05693430656934306,0.15749249812453114,-0.10055819155518808,-0.05700066357000644
2016-12-05,COST,151.77,0.2342034642595756,True,True,169.73,-0.10581511812879263,False,0.05640113329379992,0.0237556561085972,0.03264547718520272,0.052645450352506895,0.025248868778280587,0.02739658157422631,0.12182908348158383,0.07882352941176474,0.043005554069819096,0.17888910851947015,0.092760180995475,0.08612892752399515,0.2198062858272385,0.19665158371040725,0.02315470211683124,-0.008895038545167155
2017-06-19,COST,164.34,0.413434247871334,True,True,183.18,-0.10284965607599084,True,-0.025191675794085544,-0.005599607618736235,-0.01959206817534931,-0.07813070463672878,0.004087304831194238,-0.08221800946792301,-0.008214676889375605,0.022521049619880662,-0.030735726509256267,0.1330169161494461,0.0793345867734816,0.05368232937596451,0.26153097237434575,0.13271478786887925,0.1288161845054665,-0.08725812340270178
2017-09-13,COST,162.99,0.30007178750897356,True,True,183.18,-0.11021945627251883,False,-0.0008589484017424986,-0.000439701003317694,-0.00041924739842480463,-0.0314129701208663,0.019386816964464204,-0.050799787085330506,0.1424013743174426,0.05556221769196945,0.08683915662547315,0.14951837536045165,0.09037854259103795,0.0591398327694137,0.4983127799251488,0.15541431826358076,0.342898461661568,-0.05448187005337746
2018-10-05,COST,218.82,0.47442894683646664,True,True,245.16,-0.10744003915810085,True,0.03715382506169451,-0.04124105343617546,0.07839487849786997,0.051823416506717956,-0.05534709193245779,0.10717050843917575,-0.08408737775340469,-0.15151831005489536,0.06743093230149066,0.1159400420436889,-0.0069140434994093836,0.12285408554309829,0.33292203637693096,0.02268779098047391,0.31023424539645705,-0.13394570880175494
2019-01-03,COST,200.42,0.24099071207430334,True,True,245.16,-0.18249306575297763,False,0.05099291487875468,0.0600712501535563,-0.009078335274801619,0.04914679173735159,0.10585152123172681,-0.05670472949437522,0.21839137810597742,0.17042709143769685,0.047964286668280565,0.3192795130226527,0.18942713238606124,0.12985238063659144,0.46652030735455563,0.317964047336309,0.14855626001824662,0.005139207663905854
2020-02-28,COST,281.14,0.5828172503096496,True,True,325.26,-0.13564532988993427,True,0.10741979085153308,0.004050496185782793,0.10336929466575029,0.011346660027032884,-0.1446027138324445,0.15594937385947738,0.08415735932275736,0.009518666036589352,0.07463869328616801,0.2125631358042257,0.13829069060959975,0.07427244519462595,0.18766450878565832,0.2905218389252684,-0.10285733013961007,-0.017073344241303356
2021-01-29,COST,352.43,0.7770774505849134,True,True,393.15,-0.10357369960574836,True,0.007774593536305163,0.04766665765936162,-0.03989206412305646,-0.05862157024089898,0.05271975572189036,-0.11134132596278934,0.05044973469908909,0.12821898559731948,-0.07776925089823039,0.18474590698862192,0.17669630069986764,0.008049606288754285,0.37181851715234226,0.17107574242710832,0.20074277472523394,-0.12890503078625548
2022-01-14,COST,502.99,1.3931392140070415,True,True,571.49,-0.11986211482265652,True,-0.028012485337680748,-0.05353761404716828,0.025525128709487532,0.007097556611463496,-0.05530211740402835,0.062399674015491846,0.15580826656593572,-0.05687295575830609,0.2126812223242418,-0.008131374381200485,-0.1732010673093476,0.1650696929281471,-0.03526909083679597,-0.14249440523325874,0.10722531439646277,-0.06755601503011988
2022-04-29,COST,531.72,1.2009189122066313,True,True,612.27,-0.13155960605615158,True,-0.05333634243586849,-0.001601941747572888,-0.0517344006882956,-0.11464680658993465,0.007912621359223326,-0.12255942794915797,-0.0176972842849622,-0.0266019417475728,0.008904657462610599,-0.12619423756864523,-0.11308252427184462,-0.013111713296800609,-0.05359963890769581,0.009538834951456243,-0.06313847385915206,-0.23548108026781023
2022-07-27,COST,522.31,0.8563101965383657,True,True,612.27,-0.1469286425923204,False,0.04728992360858508,0.033438061041292544,0.013851862567292539,0.04003369646378596,0.031493117893476974,0.008540578570308988,-0.11045164748903902,-0.08884400558547778,-0.021607641903561237,-0.08202025616970754,-0.023813085976461257,-0.05820717019324628,0.0839731194118436,0.1358218631557948,-0.05184874374395121,-0.14029982194482205
2022-10-20,COST,464.62,0.5431778929188256,True,True,612.27,-0.24115177944370947,False,0.06870130429167931,0.03987301934812937,0.028828284943549942,0.12203521157074615,0.07889767658246893,0.043137534988277215,0.031961603030433494,0.07137188363755786,-0.03941028060712437,0.057423270629761936,0.12875947565748058,-0.07133620502771865,0.21740346950195866,0.16699050381762937,0.05041296568432929,-0.03598639748611776
2024-04-03,COST,705.69,1.0020710394916024,True,True,787.08,-0.10340753163592009,True,0.0239340220210007,-0.010184632563870477,0.03411865458487118,0.023423883008119706,-0.036695481411601505,0.06011936441972121,0.2044807209964714,0.04776573419841745,0.15671498679805396,0.27752979353540486,0.09990181167093426,0.1776279818644706,0.3675693293089033,0.08684853968926287,0.2807207896196404,-0.005228924882030417
2024-08-05,COST,801.83,0.8694162081507042,True,True,896.67,-0.10576912353485668,True,0.07699886509609266,0.03071243573388993,0.04628642936220273,0.09570607235947781,0.06706869225714174,0.028637380102336074,0.10620705136999109,0.12445397966678251,-0.01824692829679142,0.1956025591459536,0.16842552862499516,0.027177030520958434,0.17684546599653284,0.21375004832038358,-0.03690458232385074,0.004028285297382084
2025-03-07,COST,964.31,0.8263446969696968,True,True,1078.23,-0.10565463769325656,True,-0.0626250894421918,-0.022763578274760388,-0.03986151116743142,-0.04960023229044597,-0.12265592443394913,0.07305569214350316,0.09465835675249656,0.03502222530907084,0.05963613144342572,-0.020066161296678375,0.1267537157938603,-0.14681987709053868,0.03504059897750733,0.16748854007501057,-0.13244794109750324,-0.09602721116653345
2025-07-10,COST,970.17,0.9869946340064719,True,True,1078.23,-0.10021980467989211,False,-0.01675994928723834,0.0035473458822024018,-0.020307295169440742,0.007503839533277823,0.010274519829982953,-0.0027706802967051303,-0.056474638465423554,0.06933303505800392,-0.12580767352342748,-0.10773369615634376,0.09777571825764597,-0.20550941441398973,-0.0589587391900388,0.2011600779776932,-0.260118817167732,-0.06893637197604541
2025-10-03,COST,915.38,0.8746646460095435,True,True,1078.23,-0.15103456590894337,False,0.01598243352487483,-0.0241927048310695,0.04017513835594433,-0.004293298957809832,0.01920174534152186,-0.02349504429933169,-0.05432716467477994,0.026598526620940977,-0.08092569129572091,0.0748104612292162,-0.05247978960266586,0.12729025083188206,,,,-0.07791299788066164
2026-06-16,COST,986.68,0.9074389112279617,True,True,1096.5,-0.10015503875969001,True,-0.02593546033161709,-0.022776644942891888,-0.0031588153887252,-0.04166497750030396,0.0005197713006277471,-0.042184748800931704,,,,,,,,,,-0.08054283050229039
2013-04-03,CRM,42.1275,1.2633982538616517,True,True,46.985,-0.10338405874215184,True,0.0016022787965106478,0.02216066481994461,-0.02055838602343396,-0.013471010622514878,0.019648263866520743,-0.03311927448903562,-0.07803691175597871,0.037686014301359316,-0.11572292605733803,0.2426562221826598,0.0946981897829029,0.1479580323997569,0.3551717998931816,0.2047284674354184,0.1504433324577632,-0.14331493679900287
2013-06-27,CRM,38.84,0.6956996289019866,True,True,47.58,-0.18369062631357702,True,0.002574665293511691,0.01204370499130869,-0.009469039697797,0.11277033985581864,0.04985100571144763,0.06291933414437101,0.34783728115345003,0.054941643903650306,0.2928956372497997,0.3444902162718846,0.10907623541097577,0.2354139808609088,0.4781153450051492,0.21417928979389123,0.26393605521125796,-0.02857878475798159
2013-12-16,CRM,51.16,0.5011737089201878,True,True,58.37,-0.1235223573753641,True,0.06684910086004692,0.018468920879366246,0.04838017998068067,0.16731821735731045,0.03035375516125427,0.13696446219605618,0.13682564503518369,0.03035375516125427,0.10647188987392942,0.03713838936669278,0.09139604954804148,-0.0542576601813487,0.07642689601250985,0.12091284454859941,-0.04448594853608956,-0.0070367474589523304
2014-03-14,CRM,58.16,0.8193477750840696,True,True,67.0,-0.1319402985074627,True,-0.01942916093535063,0.00833965125094771,-0.02776881218629834,-0.09095598349381018,-0.01705837755875661,-0.07389760593505357,-0.08768913342503426,0.05924401602945961,-0.14693314945449387,0.015818431911966968,0.084208816202751,-0.06839038429078403,0.11674690508940855,0.12152063251380918,-0.004773727424400631,-0.17159559834938098
2014-06-11,CRM,53.31,0.5201026518391789,True,True,67.0,-0.20432835820895523,False,0.08347401988369896,0.006874615226759806,0.07659940465693915,0.018570624648283518,0.007285040016417055,0.011285584631866463,0.1219283436503471,0.03175661809973329,0.09017172555061381,0.1082348527480772,0.05561255899856343,0.05262229374951377,0.3460889138998313,0.06941309255079009,0.27667582134904123,-0.015569311573813693
2014-09-05,CRM,59.81,0.8837795275590552,True,True,67.0,-0.10731343283582084,False,-0.009362982778799545,-0.009845358261647896,0.00048237548284835174,-0.02257147634174894,-0.02282333051563823,0.00025185417388928766,-0.012205316836649494,0.023121674705385065,-0.03532699154203456,0.16000668784484184,0.04748645020138231,0.11252023764345953,0.1365992308978432,-0.028342698025956015,0.16494192892379922,-0.14663099816084268
2014-12-01,CRM,59.08,1.1255621514660907,True,True,67.0,-0.11820895522388064,False,-0.04519295870006779,0.004131026438569219,-0.049323985138637005,0.005924170616113722,0.008942457231726264,-0.003018286615612542,0.17433987813134721,0.023814152410575495,0.15052572572077172,0.24526066350710884,0.024008553654743414,0.22125210985236543,0.35358835477318884,0.018468118195956507,0.33512023657723233,-0.0954637779282329
2015-03-10,CRM,63.76,0.812779870637572,True,True,71.0,-0.10197183098591556,True,0.05944165621079045,0.014538003707678993,0.04490365250311146,0.06979297365119197,0.014635574202361168,0.0551573994488308,0.1325282308657465,0.02512440238072,0.1074038284850265,0.10178795483061487,-0.027807590984486263,0.12959554581510113,0.10555207026348801,-0.021416723582788455,0.12696879384627646,-0.0017252195734002163
2015-06-29,CRM,70.0,1.0870602265951104,True,True,78.46,-0.1078256436400713,True,0.003714285714285781,0.012656995424009443,-0.008942709709723662,0.05414285714285727,0.019034173887644945,0.035108683255212325,0.028428571428571248,-0.05754064842761164,0.08596921985618289,0.12042857142857155,-0.002726122091324945,0.1231546935198965,0.12085714285714277,-0.010612403855515429,0.1314695467126582,-0.08342857142857152
2015-09-28,CRM,69.04,0.7982678908641012,True,True,78.46,-0.12006117767015023,False,0.09023754345307045,0.055635338545822144,0.0346022049072483,0.13296639629200446,0.10100526567735768,0.03196113061464678,0.12775202780996509,0.08238923461518,0.04536279319478509,0.046494785631517876,0.08861230785596508,-0.0421175222244472,0.01955388180764772,0.14882187117706525,-0.12926798936941752,-0.019264194669756818
2016-01-07,CRM,74.3,0.758788022251154,True,True,82.9,-0.10373944511459599,True,-0.016554508748317653,-0.010925019324916296,-0.005629489423401357,-0.21251682368775238,-0.031435197114145996,-0.18108162657360638,0.003768506056527565,0.052254573563514484,-0.04848606750698692,0.06325706594885605,0.06498325173924235,-0.0017261857903863032,-0.020188425302826385,0.16763720690543682,-0.1878256322082632,-0.2920592193808882
2016-04-05,CRM,74.58,0.7926807283216153,True,True,82.9,-0.1003618817852836,False,-0.00415661035130066,0.008472501101914887,-0.012629111453215547,0.0042906945561813625,0.009647876977324943,-0.00535718242114358,0.059265218557253974,0.012096576717762764,0.04716864183949121,-0.0561812818449986,0.05778931387433284,-0.11397059571933144,0.10606060606060597,0.15451295362162698,-0.048452347561021014,-0.01890587288817369
2016-09-01,CRM,75.91,0.5310609116579266,True,True,84.48,-0.1014441287878789,False,-0.02252667632722949,-0.018906113436680583,-0.0036205628905489062,-0.06033460677117641,-0.005014030084180443,-0.05532057668699597,-0.03925701488604916,0.014214085284511624,-0.05347110017056078,0.07732841522856027,0.08901053406320458,-0.011682118834644317,0.24963772888947444,0.13165278991673945,0.11798493897273499,-0.12040574364378875
2016-11-28,CRM,72.93,0.39445506692160626,True,True,84.48,-0.13671875,False,-0.02920608802961755,0.002358490566037874,-0.031564578595655424,-0.042232277526395356,0.02626088534107418,-0.06849316286746954,0.12134923899629779,0.07374818577648767,0.04760105321981012,0.21952557246674886,0.08635703918722792,0.13316853327952094,0.46921705745235154,0.1808780841799711,0.28833897327238045,-0.089126559714795
2018-03-23,CRM,114.43,0.6985305031913314,True,True,128.87,-0.11205090401179485,True,0.007602901337061985,-0.002247626428986571,0.009850527766048556,0.06519269422354279,0.03301685719821723,0.03217583702532556,0.2192606833872237,0.06762255376864945,0.15163812961857426,0.3823298086166216,0.12702964541755457,0.255300163199067,0.4113431792362141,0.08215462119744221,0.3291885580387719,-0.02700340819715108
2018-10-10,CRM,137.81,0.8313621262458473,True,True,161.19,-0.14504621874806123,True,0.06675858065452434,0.0077254761049225795,0.059033104549601756,0.028880342500544165,0.009737693136902648,0.019142649363641517,0.05739786662796598,-0.07736255839022643,0.1347604250181924,0.15027937014730441,0.031908012935680796,0.11837135721162362,0.0670488353530223,0.04660438375853393,0.020444451594488378,-0.17567665626587337
2019-06-03,CRM,145.1,0.7333651893441644,True,True,167.56,-0.13404153735975177,True,0.05299793246037221,0.0524456422770152,0.0005522901833570071,0.06175051688490707,0.0768110135848783,-0.015060496699971226,0.058373535492763695,0.044797319444950245,0.01357621604781345,0.13163335630599593,0.1318425173908293,-0.0002091610848333758,0.20461750516884902,0.10835124012091635,0.09626626504793268,-0.04982770503101308
2019-09-09,CRM,149.54,0.982763192787059,True,True,167.56,-0.10754356648364771,False,0.023204493780928148,0.0065727699530517825,0.016631723827876366,-0.004948508760197812,-0.01716968477531855,0.012221176015120738,0.0804467032232179,0.03806170355466132,0.04238499966855658,0.18202487628728092,0.03651911468812874,0.14550576159915218,0.7721679818108869,0.15824949698189128,0.6139184848289956,-0.05383175070215318
2020-02-27,CRM,172.15,1.1050379065786258,True,True,195.72,-0.12042714081340689,True,-0.014812663374963786,0.01663809619844714,-0.031450759573410925,-0.10119082195759521,-0.12204631777083119,0.02085549581323598,0.03311065930874224,-0.006957749319350559,0.0400684086280928,0.1850711588730758,0.1382474538670968,0.04682370500597899,0.3968632006970665,0.31682968639709586,0.08003351429997063,-0.3302933488237002
2020-05-29,CRM,174.79,0.9243641968512606,True,True,195.72,-0.10693848354792568,False,-0.005206247496996386,0.04935594111461605,-0.05456218861161244,0.04794324618113155,-0.01403128286014721,0.06197452904127876,0.19263115738886682,0.12684016824395372,0.0657909891449131,0.46558727615996354,0.1850026288117772,0.28058464734818633,0.3140339836375079,0.3770701892744479,-0.06303620563694001,-0.04456776703472731
2020-09-04,CRM,254.7,1.6481597005614468,True,True,284.5,-0.10474516695957825,True,-0.031645072634471916,-0.011997547946405174,-0.019647524688066742,-0.012446014919513138,-0.008202703097177189,-0.004243311822335949,-0.052414605418138915,0.06845316285722625,-0.12086776827536516,-0.14589713388299963,0.13722742797092558,-0.2831245618539252,0.03710247349823326,0.322912105555069,-0.28580963205683574,-0.10223792697290923
2020-12-01,CRM,241.35,1.3312083454071284,True,True,284.5,-0.15166959578207384,False,-0.05589392997721143,0.011338178241626196,-0.06723210821883763,-0.07851667702506726,0.016310584121086436,-0.0948272611461537,-0.09865340791381816,0.06436806731872569,-0.16302147523254384,-0.056515434016987776,0.1426697994645103,-0.19918523348149808,0.22950072508804653,0.2693295448336157,-0.03982881974556918,-0.11750569712036452
2021-03-01,CRM,217.54,0.8677771099854039,True,True,284.5,-0.23536028119507912,False,-0.04514112347154542,-0.020175573694748095,-0.024965549776797324,-0.031120713432012392,0.015914574670157666,-0.04703528810217006,0.04675002298427877,0.07356640484624477,-0.026816381861966,0.16332628482118228,0.12906206684121369,0.03426421797996859,-0.06090833869633172,0.09938908568201654,-0.16029742437834826,-0.07368759768318467
2021-05-25,CRM,227.71,0.7777344054961355,True,True,284.5,-0.19961335676625658,False,0.030345615036669438,0.004997130833970909,0.02534848420269853,0.0620526107768653,0.010424636572303081,0.05162797420456222,0.1113697246497738,0.0516928079571537,0.0596769166926201,0.34666900882701657,0.11722934200459068,0.2294396668224259,-0.29888893768389624,-0.06840570007651114,-0.2304832376073851,-0.010188397523165471
2021-08-19,CRM,253.07,0.7450696455661285,True,True,284.5,-0.11047451669595787,False,0.05816572489824967,0.014550084117673778,0.04361564078057589,0.02947801003674866,0.003501113990815208,0.02597689604593345,0.21172007744892718,0.06231528213522486,0.14940479531370232,-0.12261429643972022,0.040194607375073854,-0.16280890381479407,-0.2572805943019717,-0.030032282999136184,-0.22724831130283552,-0.003477298771090931
2021-12-01,CRM,251.5,0.8000286286859433,True,True,311.75,-0.1932638331996792,True,0.05888667992047725,0.04221975582685911,0.01666692409361814,0.015228628230616437,0.05695893451720324,-0.041730306286586805,-0.16290258449304174,-0.03078801331853498,-0.13211457117450676,-0.37602385685884687,-0.12566037735849056,-0.2503634795003563,-0.39689860834990054,-0.12268590455049944,-0.2742127037994011,-0.2666401590457257
2024-05-03,CRM,273.66,0.22300679299249215,True,True,318.71,-0.14135107150701254,True,0.010999049915954018,0.018678245222867762,-0.007679195306913744,-0.1353504348461595,0.03229087210780568,-0.16764130695396517,-0.05430095739238472,0.07729468599033806,-0.13159564338272278,0.04786961923554767,0.1328991374757964,-0.08502951824024874,-0.003763794489512695,0.10213381838095792,-0.10589761287047061,-0.22531608565373096
2025-01-02,CRM,330.66,0.2990492653414003,True,True,369.0,-0.10390243902439023,True,-0.03874070041734712,-0.0070983853311439304,-0.03164231508620319,0.02594810379241519,0.022458264915161452,0.003489838877253737,-0.18284642835541054,-0.04048645320197042,-0.14235997515344012,-0.1731083287969516,0.05177545155993424,-0.22488378035688583,-0.2329885683179097,0.1685310618500273,-0.401519630167937,-0.2161434706344887
2025-04-01,CRM,270.2,0.28038667488034874,True,True,369.0,-0.26775067750677506,False,-0.09700222057735008,-0.11496158439845272,0.017959363821102636,-0.005514433752775716,-0.0114622885359289,0.005947854783153184,0.011917098445595853,0.09615487459222405,-0.0842377761466282,-0.09489267209474461,0.1822557356008343,-0.2771484076955789,-0.30914137675795705,0.15931333226375743,-0.4684547090217145,-0.14877868245743886
2025-07-08,CRM,273.65,0.6580828889966068,True,True,369.0,-0.25840108401084017,False,-0.058724648273341895,0.0029016345874841587,-0.061626282860826054,-0.09559656495523472,0.012299706612502792,-0.10789627156773751,-0.13871733966745836,0.07755424444659376,-0.21627158411405212,-0.02766307326877393,0.11279298449237496,-0.1404560577611489,-0.380522565320665,0.20532288744881844,-0.5858454527694834,-0.17237346976064316
2015-07-06,CSCO,27.22,0.5853232382061733,True,True,30.31,-0.10194655229297267,False,0.020940484937545856,0.014754256965944235,0.006186227971601621,0.041880969875091933,0.014851006191950455,0.027029963683141478,-0.058045554739162286,-0.0899767801857585,0.03193122544659621,0.006612784717119791,-0.0033862229102166186,0.00999900762733641,0.05400440852314481,0.013351393188854477,0.04065301533429033,-0.15393093313739892
2015-09-29,CSCO,25.64,0.37332619175147275,True,True,30.31,-0.15407456285054433,False,0.062012480499219924,0.05140335955772901,0.010609120941490913,0.13299531981279245,0.09823516904103768,0.03476015077175476,0.06864274570982842,0.0951520306187541,-0.02650928490892568,0.10296411856474252,0.08739102700403989,0.015573091560702634,0.21177847113884551,0.13884754412077394,0.07293092701807158,-0.011700468018720822
2017-07-05,CSCO,31.11,0.2350138944025406,True,True,34.6,-0.1008670520231214,True,0.0016072002571521082,0.005107715121308143,-0.0035005148641560346,0.013179042108646843,0.019236314206862337,-0.006057272098215494,0.07200257152041156,0.031222968241545468,0.040779603278866094,0.2391513982642237,0.10190715492029478,0.13724424334392893,0.3760848601735778,0.11982534909585207,0.2562595110777257,-0.024108003857280624
2018-04-02,CSCO,41.01,0.48964765710134395,True,True,46.16,-0.1115684575389948,True,0.0039014874420872925,0.013710335184681677,-0.009808847742594384,0.0799804925627896,0.02734299141647556,0.05263750114631405,0.03755181663009011,0.054880180215170604,-0.017328363585080497,0.1638624725676665,0.14024934943876932,0.023613123128897184,0.3165081687393321,0.09713753058608776,0.2193706381532443,-0.0199951231406974
2018-10-11,CSCO,44.12,0.5779685264663803,True,True,49.47,-0.10814635132403483,True,0.030371713508613007,0.015541756990116395,0.014829956518496612,0.09791477787851322,0.030605871330418477,0.06730890654809474,-0.01813236627379866,-0.05217327405665573,0.034040907782857066,0.2513599274705349,0.06025645736120788,0.19110347010932704,0.04601087941976423,0.077414851012235,-0.03140397159247077,-0.08771532184950126
2019-01-09,CSCO,43.32,0.7048406139315231,True,True,49.47,-0.12431776834445118,False,0.014773776546629813,0.01166802341357509,0.0031057531330547228,0.0780240073868883,0.04717602822033551,0.030847979166552797,0.2744690674053556,0.11861844400511679,0.1558506234002388,0.28831948291782084,0.14908710315152907,0.13923237976629177,0.09626038781163437,0.25103694228011,-0.1547765544684756,-0.017082179132040687
2019-05-13,CSCO,51.3,0.8978912319644836,True,True,57.53,-0.10829132626455773,True,0.09181286549707601,0.011001922666096897,0.08081094283097912,0.11325536062378183,0.02862636188848522,0.08462899873529661,0.020272904483430887,0.025315103610339618,-0.005042199126908731,-0.07387914230019488,0.08000427259132659,-0.15388341489152146,-0.16198830409356713,0.041230506302072145,-0.20321881039563927,-0.007017543859649145
2019-08-07,CSCO,52.34,0.6993506493506494,True,True,58.26,-0.10161345691726731,True,-0.033053114252961535,-0.014133416675348287,-0.018919697577613248,-0.07489491784486058,0.034204951904712066,-0.10909986974957264,-0.09228123805884614,0.05333888946765275,-0.1456201275264989,-0.10106992739778387,0.13421536965656133,-0.2352852970543452,-0.08922430263660686,0.14616105844358773,-0.2353853610801946,-0.12972869698127643
2019-10-31,CSCO,47.51,0.553121935272965,True,True,58.26,-0.18451767936834884,False,0.019153862344769568,0.015989186694359336,0.0031646756504102314,-0.046306040833508644,0.03619819998021967,-0.08250424081372831,-0.009682172174279136,0.07678106352817071,-0.08646323570244985,-0.10503051989054923,-0.06712161672106276,-0.037908903169486474,-0.24836876447063772,0.07691293310915515,-0.32528169757979286,-0.08650810355714589
2020-01-29,CSCO,47.05,0.5305790500975927,True,True,58.26,-0.1924133196017851,False,0.029755579171094615,0.019104770069193533,0.010650809101901082,-0.148990435706695,-0.08912497703753597,-0.059865458669159044,-0.09628055260361301,-0.13364154062825295,0.03736098802463994,-0.0006376195536661466,-0.004929275610801587,0.00429165605713544,-0.03804463336875663,0.17503520911150572,-0.21307984248026235,-0.31137088204038255
2023-10-23,CSCO,52.2,0.33163265306122436,True,True,58.19,-0.10293864925244878,True,-0.012068965517241459,-0.011582552442562899,-0.00048641307467856,-0.07528735632183903,0.08038814631593971,-0.15567550263777874,-0.017816091954023006,0.14738619607096992,-0.16520228802499293,-0.08199233716475096,0.19756932883032863,-0.2795616659950796,0.08409961685823752,0.38807496551396103,-0.3039753486557235,-0.11494252873563215
2026-06-17,CSCO,117.33,1.3242868462757529,True,True,130.37,-0.10002301142900982,True,0.013977669820165461,-0.008988339451522442,0.022966009271687904,-0.045938805079689726,0.0031445692075144915,-0.04908337428720422,,,,,,,,,,-0.08352510014489045
2018-08-15,CVX,117.94,0.3715548319572044,True,True,133.88,-0.11906184642963846,False,0.008309309818551824,0.015579530129888663,-0.007270220311336839,-0.013905375614719384,0.03211725459578396,-0.046022630210503346,0.012040020349330272,-0.004542550926254441,0.016582571275584712,0.00245887739528583,-0.04130882248562706,0.04376769988091289,-0.0016957775139901932,0.007523599971609007,-0.0092193774855992,-0.08818043072748849
2018-11-19,CVX,119.42,0.2950873007266024,True,True,133.88,-0.10800717060053777,False,-0.03525372634399604,-0.002601263470828896,-0.03265246287316714,-0.09705242003014569,-0.06629505759940557,-0.03075736243074012,-0.0009211187405794297,0.03251579338535859,-0.03343691212593802,0.02277675431251036,0.05930880713489395,-0.03653205282238359,-0.0072852118573103475,0.15949461166852452,-0.16677982352583487,-0.16077708926477974
2022-06-16,CVX,155.48,0.2647848368990482,True,True,182.4,-0.14758771929824566,True,-0.06888345767944415,0.06390290467748527,-0.13278636235692942,-0.10226395677900679,0.04172916950770489,-0.14399312628671168,0.025276562901981103,0.07213964271103235,-0.046863079809051245,0.10959608952920008,0.07230328651302353,0.037292803016176546,0.018008747105737077,0.20714577935360712,-0.18913703224787004,-0.14754309235914587
2022-09-13,CVX,159.41,0.31288090924065215,True,True,182.4,-0.12604166666666672,False,-0.019634903707421048,-0.022920376494530825,0.0032854727871097777,-0.014051816071764645,-0.08995166624268636,0.07589985017092171,0.08224076281287251,0.0001526329178325181,0.08208812989504,0.028981870648014496,0.01315186975324334,0.015830000894771157,0.046421178094222526,0.13454591706944785,-0.08812473897522533,-0.11887585471425877
2022-12-09,CVX,168.0,0.4250572567647808,True,True,189.68,-0.11429776465626318,True,0.004285714285714226,-0.025452603742880386,0.029738318028594612,0.04785714285714282,-0.006865337672904759,0.05472248053004758,-0.04458333333333342,-0.004373474369405939,-0.04020985896392748,-0.07434523809523819,0.0859947111472743,-0.1603399492425125,-0.14101190476190473,0.17015866558177395,-0.3111705703436787,-0.05410714285714291
2023-03-09,CVX,160.51,0.9897111689599603,True,True,189.68,-0.1537853226486715,False,-0.03875147965858827,0.011620185922974757,-0.05037166558156303,0.04448320976886189,0.0450250280927571,-0.0005418183238952157,-0.031150707121051613,0.09076514455000506,-0.12191585167105667,-0.002055946669989317,0.15182858310348357,-0.1538845297734729,-0.06940377546570298,0.31476657472673386,-0.38417035019243684,-0.06709862313874515
2023-06-05,CVX,155.51,0.6002263840296356,True,True,189.68,-0.18014550822437803,False,0.011703427432319558,0.01568719269491914,-0.003983765262599581,0.005144363706514055,0.037532193865605246,-0.03238783015909119,0.030030223136775946,0.05598220557246547,-0.025951982435689525,-0.0682271236576425,0.0660266916413017,-0.1342538152989442,0.01253938653462816,0.23577616483259178,-0.22323677829796362,-0.034595845926306934
2013-02-25,DE,85.55,0.5252273132465679,True,True,95.6,-0.10512552301255229,True,0.028287551139684508,0.02630872483221469,0.0019788263074698165,0.0155464640561076,0.03993288590604016,-0.02438642184993256,0.02384570426651078,0.12194630872483203,-0.09810060445832125,-0.013909994155464567,0.11664429530201348,-0.13055428945747805,-0.010052600818234891,0.23416107382550333,-0.24421367464373822,-0.046405610753945004
2013-06-11,DE,85.24,0.5422471503528132,True,True,95.6,-0.10836820083682008,False,-0.002815579540121904,0.016186388718577582,-0.019001968258699486,-0.02780384795870472,0.012814224402207364,-0.04061807236091208,-0.03155795401220085,0.017535254445125714,-0.049093208457326565,-0.011731581417175008,0.1097486204782343,-0.12148020189540931,0.09103707179727838,0.19914163090128767,-0.10810455910400929,-0.06733927733458467
2017-08-18,DE,117.31,0.3686851009217129,True,True,132.5,-0.11464150943396223,True,-0.012530901031455155,0.0076222652548307845,-0.02015316628628594,0.02199300997357434,0.028882205100737357,-0.006889195127163017,0.12445656806751337,0.06435663961105842,0.060099928456454954,0.3206887733356065,0.07741749412879573,0.2432712792068108,0.17082942630636766,0.17036792880392237,0.000461497502445285,-0.023697894467649805
2018-02-08,DE,153.66,0.7274873524451939,True,True,171.96,-0.1064200976971389,True,0.08557855004555526,0.059775647246050445,0.025802902799504812,0.09286736951711583,0.08244381477312435,0.010423554743991481,-0.08746583365872707,0.03605946512440328,-0.12352529878313034,-0.07646752570610438,0.09016807048868536,-0.16663559619478974,0.052974098659377855,0.04855800954857736,0.004416089110800492,-0.14577638943121185
2018-05-07,DE,140.22,0.5585195065021673,True,True,175.26,-0.19993153029784316,True,0.04656967622307806,0.022703431739847124,0.023866244483230936,0.10148338325488515,0.030645886407912437,0.07083749684697271,0.01205248894594213,0.052225385883410747,-0.040172896937468616,-0.02453287690771644,0.011838753184474582,-0.03637163009219102,0.1423477392668664,0.097032818822119,0.045314920444747386,-0.04172015404364571
2018-08-01,DE,141.91,0.500581579782172,True,True,175.26,-0.1902887139107612,False,0.020435487280670905,0.016378266752118398,0.004057220528552508,0.028750616587978284,0.03781243324076056,-0.009061816652782273,-0.036149672327531523,-0.038382112084312525,0.0022324397567810017,0.11641181030230441,-0.061632129886776355,0.17804394018908076,0.16728912691142273,0.0589973652353486,0.10829176167607413,-0.06757804242125298
2018-10-25,DE,136.78,0.7646755257386142,True,True,175.26,-0.2195595115827912,False,0.028293610176926443,0.012699940758293948,0.015593669418632494,0.044304722912706485,-0.02528880331753547,0.06959352623024195,0.15828337476239218,-0.024178021327014076,0.18246139608940626,0.2366574060535167,0.07475562796208535,0.16190177809143136,0.25829799678315557,0.11215195497630348,0.1461460418068521,-0.06185114782862999
2019-05-13,DE,146.28,0.7453764467247346,True,True,169.99,-0.13947879287016884,True,-0.07458299152310632,0.011001922666096897,-0.08558491418920322,0.025430680885972112,0.02862636188848522,-0.0031956810025131066,0.03390757451462956,0.025315103610339618,0.00859247090428994,0.19045665846322102,0.08000427259132659,0.11045238587189443,-0.06343997812414548,0.041230506302072145,-0.10467048442621762,-0.0929723817336614
2019-08-07,DE,151.24,0.9454592230511965,True,True,171.22,-0.11669197523653774,True,-0.05335889976196784,-0.014133416675348287,-0.03922548308661955,0.03345675747156829,0.034204951904712066,-0.0007481944331437784,0.15141496958476575,0.05333888946765275,0.098076080117113,0.05897910605659873,0.13421536965656133,-0.0752362635999626,0.17766463898439566,0.14616105844358773,0.03150358054080793,-0.06605395398042846
2020-01-29,DE,160.16,0.4880609495493822,True,True,180.48,-0.11258865248226946,True,0.051136363636363535,0.019104770069193533,0.03203159356717,-0.001061438561438477,-0.08912497703753597,0.08806353847609749,-0.13442807192807193,-0.13364154062825295,-0.0007865312998189822,0.0967157842157842,-0.004929275610801587,0.10164505982658578,0.8482142857142856,0.17503520911150572,0.6731790766027799,-0.33728771228771226
2020-04-24,DE,138.63,0.25741496598639446,True,True,181.99,-0.2382548491675367,True,-0.00317391617975904,-0.0006361098349648708,-0.002537806344794169,0.015003967395224693,0.04406827578895278,-0.02906430839372809,0.2670417658515474,0.14856698589956507,0.1184747799519823,0.7201904349707855,0.22956497155175448,0.490625463419031,1.6571449181273898,0.456938898116408,1.2002060200109819,-0.14989540503498522
2021-05-19,DE,358.42,1.4413868265104557,True,True,400.34,-0.10471099565369424,True,-0.0018972155571675975,0.019982475782504894,-0.02187969133967249,-0.08381228726075562,0.027040841162439877,-0.1108531284231955,0.07136878522403878,0.08533320352431484,-0.01396441830027606,0.006807655822777647,0.14133768193545238,-0.13453002611267473,0.04472406673734719,-0.026213308669619906,0.0709373754069671,-0.10189163551141134
2021-08-19,DE,358.98,1.553382175119141,True,True,400.34,-0.10331218464305325,False,0.058025516741879724,0.014550084117673778,0.043475432624205945,-0.02755028135272175,0.003501113990815208,-0.03105139534353696,-0.0003342804613070127,0.06231528213522486,-0.06264956259653187,0.10145412000668541,0.040194607375073854,0.06125951263161156,0.015906178617193012,-0.030032282999136184,0.045938461616329196,-0.10719260125912311
2021-11-12,DE,358.86,1.482257729819465,True,True,400.34,-0.1036119298596192,False,-0.035417711642423355,0.003466946305134,-0.038884657947557355,-0.020732319010199007,-0.0014980632182677311,-0.019234255791931276,0.10182243771944477,-0.02082307873392253,0.1226455164533673,0.05183079752549724,-0.11969525113959811,0.17152604866509535,0.1358468483531181,-0.15532775483125383,0.29117460318437194,-0.06281000947444693
2022-02-22,DE,353.78,1.1315900463939266,True,True,400.34,-0.11630114402757652,False,0.013765617050144119,0.0009544428149079742,0.012811174235236145,0.20851941884787162,0.046604744279162835,0.16191467456870878,0.04208830346543069,-0.08778545987848307,0.12987376334391376,0.03468257108937767,-0.0016528156063039257,0.03633538669568159,0.20744530499180303,-0.07095467560583846,0.2783999805976415,-0.07640341455141608
2022-05-18,DE,368.67,1.723424687892443,True,True,446.76,-0.17479183454203595,True,-0.06971003878807602,0.014061144286224625,-0.08377118307430065,-0.1386063417148128,-0.06433420099014964,-0.07427214072466315,-0.007106626522364157,0.09442147705813309,-0.10152810358049724,0.09737705807361596,-0.02516204767008634,0.1225391057437023,-0.0016274717226788527,0.05963864645536665,-0.0612661181780455,-0.23017875064420756
2022-08-15,DE,366.05,1.5567507159321088,True,True,446.76,-0.180656280777151,False,0.009807403360196698,-0.036165648463368005,0.0459730518235647,-0.007512634885944558,-0.08338385487105349,0.07587121998510893,0.10523152574784866,-0.10926642727230329,0.21449795302015195,0.12069389427673816,-0.04437345520682745,0.1650673494835656,0.19557437508537068,0.044886443128293596,0.15068793195707708,-0.10225379046578342
2023-02-16,DE,402.96,1.4230907997594704,True,True,448.4,-0.10133809099018731,True,0.03588445503275772,-0.029146664054080507,0.06503111908683823,-0.043329362715902264,-0.044797687861271585,0.0014683251453693202,-0.08127357554099668,0.011585186636621891,-0.09285876217761857,0.07844451062140156,0.09216714019790362,-0.013722629576502055,-0.09504665475481422,0.22957284216714036,-0.3246194969219546,-0.091994242604725
2023-05-15,DE,370.21,1.9423780003179143,True,True,448.4,-0.17437555753791256,False,-0.026228356878528314,0.01399481852739659,-0.040223175405924905,0.07571378406850182,0.057262536016077226,0.018451248052424596,0.1738472758704519,0.07965908815767175,0.09418818771278015,0.032387023581210705,0.05249267572213756,-0.020105652140926855,0.10205018773128782,0.2612527541706011,-0.1592025664393133,-0.0666108424948002
2023-08-18,DE,397.02,1.05720503653039,True,True,450.0,-0.11773333333333336,True,-0.017152788272631114,0.007949599083619807,-0.02510238735625092,0.03480932950481086,0.016334478808705644,0.018474850696105216,-0.06866152838647921,0.008453608247422695,-0.0771151366339019,-0.03962017026850018,0.1482245131729667,-0.18784468344146688,-0.048108407636894834,0.26989690721649473,-0.31800531485338956,-0.09626719056974453
2023-11-13,DE,369.76,0.45591999055006505,True,True,450.0,-0.1783111111111111,False,0.028586109909130242,0.03196347031963476,-0.003377360410504515,-0.028045218520121207,0.05431745382675679,-0.082362672346878,0.03118238857637401,0.13859924123673872,-0.10741685266036471,0.09684660320207694,0.1748108771212431,-0.07796427391916616,0.08894958892254423,0.3602308094232036,-0.2712812205006594,-0.0382951103418433
2025-03-04,DE,458.38,0.32105596864372576,True,True,515.05,-0.11002815260654297,True,0.03734892447314464,-0.03629996879658848,0.07364889326973312,0.043784632837383874,-0.027545678327497103,0.07133031116488098,0.09832453422924203,0.022865166591547137,0.0754593676376949,0.06440071556350624,0.11373643518358012,-0.04933571962007388,0.35088790959465954,0.17936761085878716,0.17152029873587238,-0.11771892316418686
2014-10-09,DHR,48.9101,0.7058132154042536,True,True,54.5357,-0.1031544474536863,False,0.019513352047940913,-0.03356853792674064,0.05308188997468155,0.11666915422376967,0.05401058420670335,0.06265857001706632,0.15830677099413015,0.03673342326450135,0.1215733477296288,0.1569328216462449,0.07108021168413403,0.08585260996211086,0.21533589176877577,0.034606205250596656,0.1807296865181791,-0.03641579142140383
2015-08-25,DHR,55.9405,0.5557004761057223,True,True,62.4533,-0.10428272004842021,True,0.018743128860128078,0.024029476157419793,-0.005286347297291716,0.029315075839507987,0.033801463128103615,-0.004486387288595628,0.16580473896372028,0.11459390185293938,0.051210837110780894,0.04613652005255586,0.0299567469429165,0.01617977310963936,0.2825502095976975,0.16692476104020937,0.11562544855748813,-0.011174372771069363
2016-01-13,DHR,58.1517,0.44730495553680627,True,True,65.6122,-0.11370598760596362,True,-0.02415578564341192,-0.011332944976963466,-0.012822840666448454,-0.033864874113740395,-0.03161573902451942,-0.002249135089220977,0.0711982624755596,0.08044272626171689,-0.009244463786157286,0.22905435266724794,0.11031086162156423,0.11874349104568371,0.23637314128391784,0.199279775459408,0.03709336582450984,-0.0609096552637326
2018-02-08,DHR,81.7021,0.4394207933700256,True,True,92.9255,-0.12077847307789569,True,0.057617858047712245,0.059775647246050445,-0.0021577891983382003,0.12565160503830386,0.08244381477312435,0.04320779026517951,0.08051200642333556,0.03605946512440328,0.04445254129893228,0.1067708173963704,0.09016807048868536,0.01660274690768504,0.17827693535417088,0.04855800954857736,0.12971892580559352,-0.003472370967208871
2018-10-22,DHR,87.3759,0.45871564227902883,True,True,97.633,-0.10505771614105885,True,-0.01735032199954456,-0.04054398021890104,0.023193658219356483,0.027800572011275504,-0.021490127631722422,0.049290699642997926,0.0901987847907717,-0.03108977855350714,0.12128856334427884,0.30052794878221567,0.055088905857968884,0.2454390429242468,0.4024954249398289,0.09083306061597773,0.3116623643238512,-0.040279985671106244
2020-02-25,DHR,134.4415,0.7883257313045293,True,True,149.9911,-0.10367015109563171,True,-0.027101750575529104,-0.03969294738525497,0.012591196809725869,-0.14836787747830837,-0.22229329921637608,0.07392542173806771,0.04840097737677729,-0.05027986566448095,0.09868084304125824,0.3508738001286804,0.07737086198624654,0.27350293814243387,0.48697611972493626,0.23790180713257647,0.2490743125923598,-0.21134173599669737
2020-11-23,DHR,195.9929,1.3474199602600936,True,True,220.1418,-0.10969702255546199,True,0.01773125455054747,0.023946735299054556,-0.006215480748507085,0.008368160275193715,0.027359704582331057,-0.018991544307137342,0.019992560955014227,0.08272254238236454,-0.06272998142735031,0.1304960536835773,0.15240866110893525,-0.021912607425357944,0.42088820564418405,0.3117271862586024,0.10916101938558165,-0.03917131692015374
2021-02-23,DHR,198.4486,1.299435015155869,True,True,220.6206,-0.10049832155292837,True,0.001071814061676557,-0.0024774193548386947,0.0035492334165152517,-0.01576932263568498,0.005161290322580614,-0.020930612958265593,0.1138259478776873,0.060283870967742015,0.05354207690994528,0.40835359886640665,0.1507612903225808,0.25759230854382587,0.20290342184323795,0.1278967741935484,0.07500664764968956,-0.05642166283863925
2021-10-04,DHR,264.6897,1.7401809811409827,True,True,296.0638,-0.10597074009048046,True,0.0005693459171247639,0.014114408361328934,-0.01354506244420417,0.037210741483329146,0.07325494587532666,-0.036044204391997514,0.09381400182931166,0.11394176931690936,-0.020127767487597703,-0.03697612714057252,0.0561076894363568,-0.09308381657692932,-0.13490966970002993,-0.16671332586786114,0.03180365616783121,-0.05378977723727074
2022-01-07,DHR,262.1188,1.8331746249636556,True,True,296.0638,-0.11465434139533437,False,-0.00798187691993113,-0.002939346478147864,-0.005042530441783266,-0.03558004996207842,-0.04039992276169835,0.004819872799619929,-0.028072003992082983,-0.03231135617584591,0.004239352183762923,-0.12723658127536075,-0.18204638589113686,0.054809804615776114,-0.14604103177643124,-0.16737110858417903,0.02133007680774779,-0.1386680390723597
2022-04-05,DHR,254.7606,1.1838282566617924,True,True,296.0638,-0.13950776825805788,False,-0.02307107142941256,-0.02824645810699944,0.0051753866775868795,-0.10696983756514944,-0.048710728776356294,-0.058259108788793146,-0.10202872814713115,-0.1547347183114205,0.05270599016428934,-0.09489497198546404,-0.19433297119925497,0.09943799921379093,-0.13359090848427901,-0.09391836463206427,-0.03967254385221475,-0.18672785352209098
2022-07-01,DHR,228.7677,0.7902729377847095,True,True,296.0638,-0.22730269624317467,False,0.02809531240642804,0.00784282866435837,0.02025248374206967,0.11567542096196282,0.07745776938411497,0.038217651577847844,0.007944303326037794,-0.04684713041653554,0.05479143374257334,0.011354312693618862,0.013088867904731849,-0.001734555211112987,-0.06994737456380429,0.16273213723638635,-0.23267951180019064,-0.05890298324457521
2013-08-27,DIS,60.69,0.8900654001868575,True,True,67.89,-0.10605391073795856,False,0.006920415224913601,0.01481662891079405,-0.007896213685880449,0.06195419344208286,0.03495989714075787,0.026994296301324994,0.14071510957324107,0.09269576930141432,0.04801934027182675,0.2995551161641128,0.12055348068327931,0.17900163548083348,0.4892074476849564,0.22573930080205695,0.26346814688289943,-0.0046136101499423265
2014-10-15,DIS,82.08,1.4312796208530805,True,True,91.2,-0.10000000000000009,True,0.06115984405458086,0.03357828675642338,0.027581557298157477,0.09527290448343084,0.094029930805128,0.0012429736783028389,0.1508284600389862,0.0870031647267071,0.0638252953122791,0.30080409356725135,0.12052781204741736,0.180276281519834,0.29861111111111116,0.07412970015555431,0.22448141095555685,-0.030823586744639364
2015-08-06,DIS,108.55,1.2162106982441814,True,True,122.08,-0.11082896461336833,True,-0.009488714877936455,0.0014878809695224593,-0.010976595847458914,-0.06043298019345922,-0.06143508519318441,0.0010021049997251952,0.04781206817134964,-0.0020158387329013427,0.049827906904250985,-0.13836941501612154,-0.09234461243100545,-0.0460248025851161,-0.11478581298940571,0.03758099352051847,-0.15236680650992418,-0.17088899124827261
2015-12-11,DIS,108.04,1.1835084882780924,True,True,122.08,-0.11500655307994756,False,-0.0029618659755646926,-0.009213394095502259,0.006251528119937566,-0.060903369122547346,-0.040717257776897164,-0.02018611134565018,-0.10181414291003332,-0.011591044184664168,-0.09022309872536916,-0.08570899666790077,0.046909054884089585,-0.13261805155199036,-0.043132173269159635,0.11526649494749353,-0.15839866821665316,-0.20168456127360246
2016-03-10,DIS,97.04,0.6829691293791191,True,True,122.08,-0.20511140235910874,False,0.026380873866446608,0.02550866994086398,0.0008722039255826264,-0.006389117889530116,0.024857171494437225,-0.03124628938396734,0.017930750206100576,0.05918612809461754,-0.041255377888516964,-0.022464962901896146,0.09251277939260305,-0.1149777422944992,0.14220939818631484,0.1855267114363035,-0.043317313249988665,-0.012778235779060232
2017-06-20,DIS,103.94,0.24077832159484314,True,True,116.1,-0.10473729543496979,True,0.014142774677698755,-0.006913295749146009,0.021056070426844764,0.027708293246103466,0.016377926834286738,0.011330366411816728,-0.0581104483355781,0.029134603514258783,-0.08724505184983689,0.0027900711949202517,0.09258878235463563,-0.08979871115971538,0.030017317683278755,0.13806016213324557,-0.10804284444996681,-0.07446603809890318
2019-08-23,DIS,131.67,0.373422342755815,True,True,147.15,-0.10519877675840994,True,0.042454621401989856,0.02668070914516396,0.015773912256825895,0.005999848105111338,0.046901878181498935,-0.0409020300763876,0.12136401610085845,0.09538353519396159,0.025980480906896863,0.05977063871800725,0.18518518518518512,-0.12541454646717787,-0.026961342750816297,0.18757240652975238,-0.21453374928056868,-0.03136629452418915
2021-01-27,DIS,163.03,0.4747173224785166,True,True,183.4,-0.11106870229007637,True,0.08219346132613636,0.019871264122218957,0.06232219720391741,0.17144083910936625,0.021153281162362036,0.1502875579470042,0.12261546954548241,0.11305787772762477,0.009557591817857647,0.08415629025332749,0.15130471942522905,-0.06714842917190156,-0.15684229896338098,0.17475494778451406,-0.33159724674789504,0.01692939949702499
2021-05-05,DIS,181.51,0.8378898339408665,True,True,203.02,-0.10595015269431596,True,-0.020164178282188305,-0.024870715574263347,0.0047065372920750415,-0.029034212991019714,0.007263980757666877,-0.03629819374868659,-0.030246267423282402,0.0547444377630788,-0.0849907051863612,-0.052338714120434116,0.09573060733613947,-0.1480693214565736,-0.3746900997190237,-0.0030547203848466653,-0.371635379334177,-0.07938956531320585
2021-08-10,DIS,177.07,0.5535181610808912,True,True,203.02,-0.12781991921978142,False,-0.007002880216863239,0.003072196620583778,-0.010075076837447017,0.04563167109052935,0.01859130749073823,0.027040363599791117,-0.039475913480544356,0.049787656998283136,-0.08926357047882749,-0.19257920596374312,0.016332339387368,-0.20891154535111112,-0.38380301575648046,-0.06706876298906661,-0.31673425276741385,-0.050375557689049444
2013-04-15,ETN,57.22,0.44167296548248935,True,True,63.81,-0.10327534869142774,True,-0.005767214260747999,0.006768953068591932,-0.012536167329339931,0.12250961202376809,0.05428055698813816,0.06822905503562993,0.1777350576721426,0.06491748323878288,0.11281757443335971,0.19241523942677397,0.08058277462609587,0.1118324648006781,0.27298147500873826,0.1807632800412584,0.09221819496747985,-0.031632296399860205
2014-08-07,ETN,66.72,0.5908440629470673,True,True,79.98,-0.16579144786196554,True,0.02772781774580335,0.024760508820603988,0.0029673089251993634,0.03672062350119898,0.052766581165262005,-0.016045957664063026,0.025029976019184774,0.05564571009789043,-0.03061573407870566,-0.037919664268585174,0.057373187457467445,-0.09529285172605262,-0.10641486810551559,0.09967020886771705,-0.20608507697323264,-0.14403477218225424
2018-10-11,ETN,79.53,0.46896933875138536,True,True,89.85,-0.11485809682804671,False,-0.014459952219288419,0.015541756990116395,-0.030001709209404814,-0.0665157802087264,0.030605871330418477,-0.09712165153914487,-0.1316484345529989,-0.05217327405665573,-0.07947516049634318,0.04677480196152395,0.06025645736120788,-0.013481655399683934,-0.011693700490381098,0.077414851012235,-0.0891085515026161,-0.18948824343015225
2020-02-27,ETN,93.24,0.2880232076253626,True,True,105.78,-0.11854792966534322,True,0.0045045045045044585,0.01663809619844714,-0.01213359169394268,-0.16076791076791075,-0.12204631777083119,-0.03872159299707956,-0.15626340626340618,-0.006957749319350559,-0.14930565694405562,0.08011583011583001,0.1382474538670968,-0.05813162375126679,0.42299442299442314,0.31682968639709586,0.10616473659732728,-0.3948948948948948
2021-01-27,ETN,114.86,0.3478056794179769,True,True,130.0,-0.1164615384615385,True,0.04074525509315685,0.019871264122218957,0.020873990970937895,0.13320564165070525,0.021153281162362036,0.11205236048834322,0.2447327180915897,0.11305787772762477,0.13167484036396493,0.3415462301932788,0.15130471942522905,0.19024151076804974,0.3992686749085843,0.17475494778451406,0.22451372712407025,0.0057461257182656045
2021-09-28,ETN,153.99,0.7718329306178808,True,True,171.32,-0.10115573196357686,True,-0.017728423923631498,-0.001429493682560179,-0.01629893024107132,0.04773037210208453,0.05127732177441646,-0.003546949672331934,0.08279758425871808,0.07832241999446632,0.004475164264251763,0.003961296188063956,0.02460112514986612,-0.020639828961802165,-0.13286577050457826,-0.16003412339758372,0.027168352893005454,-0.043119683096305095
2022-01-25,ETN,157.44,1.215280709159983,True,True,175.72,-0.10402913726382879,True,0.012385670731707155,0.042534582364720075,-0.03014891163301292,-0.05163871951219512,-0.028816719221120057,-0.022822000291075062,-0.04757367886178865,0.008262941054618222,-0.05583661991640687,-0.15967987804878037,-0.0971298363523374,-0.06255004169644296,0.026994410569105787,-0.07887771307570146,0.10587212364480725,-0.11451981707317072
2022-04-21,ETN,149.95,0.7519570043229347,True,True,175.72,-0.14665376735715918,False,-0.013804601533844552,-0.023398621193443825,0.009594019659599273,-0.09249749916638861,-0.11094370634159711,0.018446207175208507,-0.11770590196732234,-0.10452905994612616,-0.013176842021196178,-0.0966988996332111,-0.1860475733917728,0.0893486737585617,0.08676225408469507,-0.059763502716522865,0.14652575680121793,-0.1830610203401133
2023-03-15,ETN,159.27,0.8615007012622722,True,True,178.75,-0.1089790209790209,True,0.043259873171344276,0.007269831483764921,0.035990041687579355,0.008915677779870679,0.062140361693382884,-0.053224683913512205,0.17599045645758782,0.10434648581997541,0.07164397063761241,0.4541972750674954,0.14627003699136876,0.30792723807612665,0.8851007722734978,0.3254469790382246,0.5596537932352732,-0.024423934199786612
2023-09-19,ETN,216.16,1.0706964268608106,True,True,240.44,-0.10098153385459996,True,-0.023547372316802373,-0.038015856881479904,0.01446848456467753,-0.020309030347890333,-0.015111472521515235,-0.005197557826375099,0.09543856402664685,0.06277246956246763,0.03266609446417923,0.37740562546262035,0.1673104289489733,0.21009519651364705,0.4421262028127315,0.27187097648573566,0.17025522632699586,-0.11260177646188008
2024-07-18,ETN,309.07,1.0086436602326638,True,True,345.19,-0.10463802543526757,True,-0.05238295531756565,-0.02578438823146234,-0.02659856708610331,-0.021386740867764598,0.0007418666087650738,-0.02212860747652967,0.10457177985569599,0.04870987587305042,0.05586190398264557,0.11660788818067114,0.06664133463612365,0.04996655354454749,0.2250299284951629,0.13556255202113432,0.08946737647402858,-0.17284110395703234
2024-12-18,ETN,335.12,0.9799125605577219,True,True,379.99,-0.1180820547909156,True,0.015039388875626614,0.025687384867298935,-0.010647995991672321,0.06716996896634031,0.02860407996179304,0.03856588900454727,-0.12103127238004296,-0.03266357371904205,-0.08836769866100092,-0.03419670565767485,0.018284778604080065,-0.05248148426175492,-0.057203389830508544,0.1538343453639901,-0.21103773519449864,-0.20139054666984968
2025-03-19,ETN,294.56,0.9841034622120435,True,True,379.99,-0.22482170583436412,False,-0.030689842476914753,0.002574365665720446,-0.0332642081426352,-0.08623030961433997,-0.07312256449138654,-0.01310774512295343,0.09879141770776756,0.052668700297991755,0.046122717409775804,0.22980038022813698,0.15001851427362345,0.07978186595451353,0.2239951113525258,0.16627580977906287,0.057719301573462944,-0.21289380771319932
2025-08-05,ETN,356.45,1.4021160455556307,True,True,399.56,-0.10789368305135649,True,0.019217281526160868,0.023440610220233582,-0.004223328694072714,-0.037761256838266144,0.025112664617736424,-0.06287392145600257,0.08781035208304111,0.09462235457107826,-0.00681200248803715,-0.04281105344368075,0.10752105992324479,-0.15033211336692553,0.24777668677233833,0.22829116040575181,0.019485526366586514,-0.048225557581708545
2025-11-13,ETN,354.07,1.23825779126367,True,True,399.56,-0.11385023525878468,False,-0.07309289123619622,-0.029031010058925055,-0.04406188117727117,-0.06238879317649049,0.014463424796143043,-0.07685221797263353,0.11867709774903257,0.029641092792095813,0.08903600495693675,0.13398480526449563,0.09758347717397786,0.03640132809051777,,,,-0.11904425678538133
2026-02-23,ETN,362.05,1.0837410071942446,True,True,408.45,-0.11360019586240666,True,0.04239745891451441,0.005847096235290783,0.036550362679223625,-0.006380334207982341,-0.03958147100631604,0.0332011367983337,0.027150946001933463,0.07523556910271267,-0.04808462310077921,0.247092942963679,0.13767786749512756,0.10941507546855145,,,,-0.0657367766883028
2026-05-19,ETN,371.88,1.2059556293747775,True,True,435.43,-0.14594768389867485,True,0.09274497149618166,0.0228013029315961,0.06994366856458556,0.10153813057975691,0.009853760920229604,0.09168436965952731,0.2141282134021727,0.058073133168876856,0.15605508023329584,,,,,,,-0.0369742927826181
2026-08-19,ETN,424.67,0.9387783053323595,True,True,478.0,-0.11156903765690374,True,-0.012315444933713282,-0.0038748602189684345,-0.008440584714744848,,,,,,,,,,,,,-0.09395530647326167
2015-08-24,FISV,40.705,1.3013427561837454,True,True,45.27,-0.10083940799646574,True,0.047414322564795386,0.04311345646437981,0.004300866100415579,0.05982066085247517,0.023271767810026267,0.036548893042448904,0.17393440609261757,0.08427440633245387,0.0896599997601637,0.15894853212136106,0.0014775725593667577,0.1574709595619943,0.25955042378086235,0.15324538258575204,0.1063050411951103,-0.016705564426974573
2016-01-08,FISV,43.765,1.145343137254902,True,True,48.88,-0.10464402618657942,True,-0.0021706843367987894,-0.02141517298874529,0.0192444886519465,0.048897520849994214,-0.03386827844935392,0.08276579929934813,0.16257283217182694,0.07555231346394331,0.08702051870788363,0.2422026733691307,0.09149645685702379,0.15070621651210692,0.24083171484062604,0.1796581909128805,0.061173523927745554,-0.01725122815034852
2016-09-09,FISV,50.14,1.006001200240048,True,True,55.755,-0.10070845664066008,True,-0.010670123653769514,0.0004219804951237638,-0.011092104148893278,-0.0029916234543279074,0.008252063015753874,-0.011243686470081782,0.03340646190666119,0.036196549137284206,-0.0027900872306230173,0.17171918627842042,0.11787321830457609,0.05384596797384433,0.2248703629836457,0.15749249812453114,0.06737786485911457,-0.0744914240127642
2018-02-07,FISV,64.585,0.6779683034554427,True,True,72.1,-0.10423023578363388,True,0.07145622048463274,0.007173011544065355,0.06428320894056738,0.13106758535263618,0.024022116785594294,0.10704546856704189,0.07950762560966185,-0.006164306795681362,0.08567193240534321,0.16869242084075275,0.051032988381215505,0.11765943245953725,0.31005651467058937,0.018941233608547714,0.29111528106204165,0.027792831152744446
2018-12-17,FISV,74.43,0.584797189396359,True,True,82.79,-0.10097837903128393,True,-0.07295445384925436,-0.08231516290726826,0.009360709058013894,-0.02498992341797679,0.02200814536340845,-0.04699806878138524,0.15867257826145353,0.10162124060150379,0.05705133765994974,0.20435308343409897,0.13134398496240585,0.07300909847169312,0.5685879349724572,0.2426378446115287,0.3259500903609285,-0.08034394733306471
2020-02-27,FISV,108.54,0.8665520206362856,True,True,125.05,-0.13202718912435019,True,0.0065413672378846766,0.01663809619844714,-0.010096728960562462,-0.09996314722682886,-0.12204631777083119,0.02208317054400233,-0.04247282107978623,-0.006957749319350559,-0.03551507176043567,-0.05408144462870834,0.1382474538670968,-0.19232889849580515,0.09701492537313428,0.31682968639709586,-0.21981476102396158,-0.3228302929795468
2020-05-22,FISV,103.93,0.6993132766514063,True,True,125.05,-0.16889244302279083,False,0.047531992687385616,0.03422014622258329,0.013311846464802324,-0.02540171269123448,0.051380991064175596,-0.07678270375541008,-0.01212354469354382,0.14622258326563764,-0.15834612795918146,0.03300298277686897,0.20725020308692121,-0.17424722031005224,0.10285769267776379,0.405632277281343,-0.3027745846035792,-0.09920138554796498
2020-08-18,FISV,102.67,0.6449571417127293,True,True,125.05,-0.178968412634946,False,-0.04314794974189151,0.016182376565083922,-0.059330326306975434,-0.003993376838414275,0.000531537916371283,-0.004524914754785558,0.045680335054056664,0.05324238128986547,-0.007562046235808806,0.1049965910197721,0.1524037325773684,-0.04740714155759629,0.09418525372552833,0.31989723600283493,-0.2257119822773066,-0.10246420570760684
2021-05-12,FISV,113.04,0.5611103438751555,True,True,127.34,-0.11229778545625879,True,0.0002653927813163204,0.013443180977282143,-0.013177788195965823,-0.03140481245576798,0.044892824547988486,-0.07629763700375647,-0.01901981599433833,0.09146296341974791,-0.11048277941408624,-0.09775300778485496,0.13475247280530822,-0.23250548059016318,-0.17170912951167738,-0.01785846427073834,-0.15385066524093904,-0.06325194621372965
2025-01-10,FISV,200.51,0.8504060538944258,True,True,223.23,-0.10177843479819015,True,0.04024736920851835,0.029440644972350993,0.010806724236167353,0.1503166924342927,0.04196454719288889,0.1083521452414038,-0.02453742955463567,-0.14472256197350508,0.12018513241886941,-0.13565408209066876,0.06923461213802118,-0.20488869422868994,-0.6516383222781906,0.19566228531068597,-0.8473006075888766,-0.06902398882848737
2025-04-08,FISV,195.59,0.8991164190698127,True,True,238.59,-0.18022549142881095,True,0.08814356562196446,0.08284321624234603,0.00530034937961843,-0.06851066005419504,0.1302570093457942,-0.19876766939998924,-0.1139117541796616,0.2501611343860779,-0.3640728885657395,-0.34081497009049544,0.34180631646793413,-0.6826212865584296,-0.7104657702336521,0.3616057041572671,-1.0720714743909192,-0.20087939056188964
2025-07-07,FISV,173.31,0.9066006600660066,True,True,238.59,-0.273607443731925,False,-0.03640874733137156,0.0066539923954371805,-0.04306273972680874,-0.21441347873752237,0.016900818457175948,-0.23131429719469832,-0.2560729328948127,0.07330669588193595,-0.32937962877674865,-0.6079279903063874,0.11229619127408652,-0.720224181580474,-0.7012290115977151,0.2104143842237547,-0.9116433958214698,-0.2648433442963476
2016-01-13,GE,135.3384,0.3364881172220786,True,True,150.9138,-0.1032072613637719,True,0.0123941172645754,-0.011332944976963466,0.023727062241538865,-0.027974322143604513,-0.03161573902451942,0.003641416880914905,0.08746519834725408,0.08044272626171689,0.00702247208553719,0.12393821709137964,0.11031086162156423,0.013627355469815416,0.1108362445543909,0.199279775459408,-0.08844353090501711,-0.0403684394081798
2021-12-06,GE,59.8158,0.714465059087561,True,True,72.3759,-0.1735398109039058,True,-0.02999541927049376,0.016957649469256042,-0.046953068739749804,0.03499744214739242,0.04089016761481279,-0.005892725467420368,-0.03707883201428386,-0.05030624032781894,0.013227408313535083,-0.17966824818860572,-0.0948800104623031,-0.08478823772630262,-0.09509360403104206,-0.11308005841452518,0.01798645438348312,-0.08655238248088304
2023-10-20,GE,84.6608,1.3300517692648541,True,True,94.1421,-0.10071264609563635,False,0.0025454519683254517,-0.02495310904817305,0.0274985610164985,0.13056219643565847,0.07027707210522571,0.06028512433043276,0.21182176402774378,0.13129466511550603,0.08052709891223775,0.8154801277568839,0.19767800755003684,0.6178021202068471,1.2750789031050975,0.38794843182411753,0.88713047128098,-0.003299047493054541
2024-08-05,GE,158.36,1.5266651243308793,True,True,177.2,-0.10632054176072225,True,0.05373831775700921,0.03071243573388993,0.023025882023119282,0.03694114675423088,0.06706869225714174,-0.030127545502910857,0.09907805001262937,0.12445397966678251,-0.02537592965415314,0.2277721646880524,0.16842552862499516,0.059346636063057234,0.7183632230361201,0.21375004832038358,0.5046131747157365,0.008840616317251637
2024-10-29,GE,174.05,1.6002100485681297,True,True,194.8,-0.10651950718685832,True,0.006952025280091867,-0.008714784193065928,0.015666809473157794,0.060614765871875864,0.03245268748818253,0.028162078383693334,0.11709278942832513,0.03910480086632173,0.0779879885620034,0.13421430623384079,-0.060298743489695106,0.1945130497235359,0.8056880206837114,0.18154940956047927,0.6241386111232321,-0.08302212008043675
2025-04-03,GE,187.63,2.181868285610114,True,True,214.21,-0.12408384295784514,True,-0.0326173852795395,-0.022582448295137003,-0.010034936984402498,0.10696583701966622,0.056008943543879086,0.050956893475787135,0.32718648403773387,0.15082914104713985,0.17635734299059402,0.5838618557799926,0.2261039686975963,0.3577578870823963,0.49848105313649227,0.22196757965343772,0.27651347348305455,-0.15066886958375514
2025-12-05,GE,283.94,4.3012651043300325,True,True,316.67,-0.10335680677045511,True,0.0558920898781432,-0.005731452988960162,0.061623542867103365,0.1535535676551385,0.00892531610494518,0.14462825155019332,0.1516165387053603,-0.006387726231970925,0.15800426493733122,0.14319926745086997,0.10624334611850816,0.03695592133236181,,,,-0.01514404451644713
2026-03-12,GE,306.7,3.4483766398584406,True,True,348.48,-0.11989210284664842,True,-0.049201173785458074,-0.00939855268294143,-0.039802621102516644,0.005379850016302701,0.02011830765997069,-0.01473845764366799,0.05001630257580714,0.10983995435846627,-0.05982365178265914,0.07433974567981738,0.1487853947091855,-0.07444564902936812,,,,-0.12321486794913583
2026-07-20,GE,341.3,2.8429967492728934,True,True,382.97,-0.10880747839256344,True,0.05950776443012007,-0.004042636337910466,0.06355040076803053,0.08242015821857596,0.041207939737767596,0.04121221848080836,,,,,,,,,,-0.03513038382654554
2013-06-05,GILD,50.12,1.792200557103064,True,True,58.06,-0.13675508095074074,True,0.020949720670391248,0.002976375023252764,0.017973345647138483,0.03711093375897834,6.20078129844881e-05,0.03704892594599385,0.21568236233040716,0.017982265765486227,0.19770009656492094,0.4818435754189945,0.12116326657158805,0.36068030884740643,0.647047086991221,0.19551063433992688,0.45153645265129416,-0.06823623304070225
2013-11-07,GILD,65.63,2.3699614890885745,True,True,73.2,-0.10341530054644821,True,0.051043730001523846,0.02480992396958781,0.026233806031936036,0.127380770988877,0.03435659978277017,0.09302417120610684,0.19076641779673942,0.0013719773623734888,0.18939444043436593,0.18406216669206144,0.07505859486651811,0.10900357182554332,0.6158768855706234,0.15669124792774247,0.4591856376428809,0.009446899283864107
2014-03-14,GILD,75.05,2.6762184668136175,True,True,84.88,-0.11581055607917057,True,-0.039706862091938744,0.00833965125094771,-0.048046513342886454,-0.12018654230512982,-0.01705837755875661,-0.10312816474637321,0.059826782145236734,0.05924401602945961,0.0005827661157771225,0.4238507661558961,0.084208816202751,0.3396419499531451,0.331512325116589,0.12152063251380918,0.20999169260277983,-0.15389740173217847
2014-10-14,GILD,97.18,3.895717884130982,True,True,110.64,-0.12165582067968184,True,0.09765383823832052,0.033937133724027735,0.06371670451429279,0.1114426836797695,0.08779968034096974,0.023643003338799762,0.05175962132125944,0.08817261587639846,-0.03641299455513902,0.027680592714550256,0.10804475226425159,-0.08036415954970133,0.023976126775056672,0.07362812999467239,-0.049652003219615715,-0.1155587569458737
2015-01-09,GILD,102.21,3.778401122019635,True,True,116.83,-0.12513909098690412,True,-0.014675667742882315,-0.012827417380660955,-0.0018482503622213597,-0.05195186380980321,0.0018604651162790198,-0.05381232892608223,-0.022894041678896304,0.018261933904528682,-0.041155975583424986,0.12552587809411997,0.01498164014687875,0.11054423794724122,-0.058311319831719,-0.04993880048959598,-0.00837251934212302,-0.0680950983269738
2015-04-08,GILD,99.87,3.1525987525987524,True,True,116.83,-0.14516819310108697,False,0.04165415039551412,0.011779978844119743,0.02987417155139438,0.02403124061279649,0.00028848927781521816,0.02374275133498127,0.15189746670671878,-0.003221463602269381,0.15511893030898816,-0.050765995794533,-0.09601884796615057,0.045252852171617564,-0.04305597276459405,-0.018222906048658505,-0.024833066715935548,-0.0021027335536197844
2015-07-27,GILD,110.54,3.2605511659279243,True,True,123.37,-0.10399610926481317,True,0.08196128098425892,0.014507471347743994,0.06745380963651493,-0.089379410168265,-0.08361139320083177,-0.0057680169674332316,-0.08033291116337982,-0.017795831519899274,-0.06253707964348054,-0.1691695313913516,-0.09178393539339424,-0.07738559599795736,-0.21702551112719382,0.05053435852797539,-0.2675598696551692,-0.22200108557988063
2015-10-20,GILD,101.66,1.9733840304182508,True,True,123.37,-0.17597471022128564,False,0.09148140861695842,0.017182807345773154,0.07429860127118526,0.0282313594334056,0.011619319580522758,0.016612039852882843,-0.09659649813102489,-0.07532863965338987,-0.021267858477635015,-0.0439700963997639,0.02407562404608332,-0.06804572044584722,-0.2854613417273264,0.04564029343705367,-0.33110163516438007,-0.11784379303560877
2016-01-15,GILD,91.84,1.37435367114788,True,True,123.37,-0.2555726675853125,False,-0.013392857142857206,-0.0009051701187371419,-0.012487687024120064,-0.007513066202090579,0.0104893243171289,-0.01800239051921948,0.058253484320557325,0.10750226292529685,-0.04924877860473953,-0.05760017421602792,0.13226132793780954,-0.18986150215383746,-0.20121951219512202,0.2061658058676321,-0.40738531806275413,-0.10834059233449478
2020-03-16,GILD,68.9,0.016674044562490886,True,True,80.4,-0.14303482587064675,True,0.053846153846153655,-0.07046070460704612,0.12430685845319978,0.1284470246734397,0.18319783197831985,-0.054750807304880134,0.11857764876632793,0.3299979153637691,-0.21142026659744118,-0.04339622641509444,0.4400250156347718,-0.48342124204986625,-0.10653120464441224,0.6429435063581406,-0.7494747110025528,-0.0005805515239478698
2023-10-17,GILD,80.48,0.25651834504293536,True,True,89.74,-0.10318698462224196,False,-0.02895129224652082,-0.02841612770056412,-0.0005351645459567012,-0.07157057654075549,0.02915003898903734,-0.10072061552979283,0.07331013916500972,0.09325260309160144,-0.019942463926591714,-0.1535785288270377,0.17912022384294302,-0.3326987526699807,0.06635188866799191,0.3297096463464979,-0.263357757678506,-0.0806411530815111
2025-03-19,GILD,107.51,0.8488392089423904,True,True,119.96,-0.10378459486495495,True,0.01637057017951804,0.002574365665720446,0.013796204513797594,-0.024462840665984698,-0.07312256449138654,0.048659723825401846,0.022974607013301007,0.052668700297991755,-0.029694093284690748,0.07199330294856288,0.15001851427362345,-0.07802521132506057,0.31420332992279776,0.16627580977906287,0.1479275201437349,-0.13152264905590183
2025-06-23,GILD,106.19,0.8186333276245932,True,True,119.96,-0.11478826275425136,False,0.044071946510970905,0.02949262684328935,0.014579319667681556,0.03747998869950098,0.0478380404898775,-0.010358051790376521,0.057161691308032836,0.09835874364742136,-0.04119705233938853,0.16027874564459932,0.14832958427059895,0.011949161374000372,0.17591110274037103,0.24033991502124463,-0.0644288122808736,-0.016291552876918747
2026-03-18,GILD,141.29,0.7770091812350646,True,True,157.29,-0.10172293216351957,True,-0.02144525444122014,-0.0069697473655563336,-0.014475507075663807,-0.019392738339585103,0.06082276280180832,-0.08021550114139342,-0.11111897515747748,0.12143386299381653,-0.23255283815129402,,,,,,,-0.14084507042253513
2026-07-02,GILD,131.27,0.7270096039994738,True,True,157.29,-0.16542691843092372,False,-0.010969756989411161,0.013655039071940767,-0.024624796061351928,-0.008074960006094312,0.0030210263433496642,-0.011095986349443976,,,,,,,,,,-0.027881465681420026
2014-04-04,GOOGL,27.2625,0.8408418749746789,True,True,30.7528,-0.1134953565203819,True,-0.013736817973406645,-0.026233905579399197,0.012497087605992552,-0.01819348922512609,0.010836909871244638,-0.02903039909637073,0.08480513525905553,0.057027896995708094,0.027777238263347437,0.07336084364970197,0.05332618025751068,0.020034663392191288,-0.007226043099495594,0.10751072961373387,-0.11473677271322946,-0.06281522237505721
2014-10-13,GOOGL,27.2375,1.0261926547494178,True,True,30.7528,-0.11430829062719494,False,-0.022707664066085376,0.015420735286270748,-0.038128399352356124,0.024745296007342876,0.08841577290432734,-0.06367047689698446,-0.06946305644791184,0.09866069046475645,-0.1681237469126683,0.0002019274896740697,0.1060242249613148,-0.10582229747164074,0.23219825608077094,0.07427565231311029,0.15792260376766065,-0.09128958237723728
2015-01-12,GOOGL,24.853,0.595483113031309,True,True,30.7528,-0.19184594573502245,False,0.02591236470446212,-0.0029114236368122937,0.028823788341274414,0.08670985394117392,0.02052800394769294,0.06618184999348098,0.10252283426548092,0.030841352084875373,0.07168148218060555,0.09769444332676125,0.02008388847767084,0.07761055484909041,0.47046634209149785,-0.0529484332593142,0.523414775350812,0.00040236591155995427
2015-08-24,GOOGL,30.9055,0.8281436700699185,True,True,35.6665,-0.1334866050775938,True,0.048065878241736915,0.04311345646437981,0.004952421777357108,0.056769830612674044,0.023271767810026267,0.03349806280264778,0.20687256313601132,0.08427440633245387,0.12259815680355746,0.16102311886233833,0.0014775725593667577,0.15954554630297157,0.29370176829366956,0.15324538258575204,0.14045638570791752,-0.010418857484913668
2016-01-15,GOOGL,35.5245,0.9582005798890936,True,True,39.9345,-0.11043083048491897,True,0.03255499725541511,-0.0009051701187371419,0.03346016737415225,0.010063477318470238,0.0104893243171289,-0.00042584699865866327,0.08644738138467822,0.10750226292529685,-0.02105488154061863,0.010260524426803919,0.13226132793780954,-0.12200080351100562,0.16754634125744206,0.2061658058676321,-0.03861946461019006,-0.040085011752452715
2016-04-26,GOOGL,36.2685,0.7912404865737841,True,True,40.5175,-0.10486826679829697,True,-0.023339812785199476,-0.013210798391728895,-0.010129014393470581,0.010560127934708952,-0.005025847214244594,0.015585975148953546,0.04003474089085568,0.035180930499712826,0.004853810391142854,0.10922701517846045,0.02010338885697882,0.08912362632148163,0.21169885713497938,0.13521922266896413,0.07647963446601524,-0.07266636337317511
2016-11-14,GOOGL,37.661,0.45760442146329394,True,True,41.95,-0.10224076281287253,True,0.041926661533151055,0.01643658525324354,0.025490076279907514,0.08247258437110006,0.05157209474121616,0.030900489629883898,0.10837471123974396,0.06888591347707651,0.03948879776266745,0.2701601125833091,0.10549886883050918,0.1646612437527999,0.3862483736491331,0.1916062606768547,0.1946421129722784,0.0001858686705078494
2018-02-05,GOOGL,53.1195,1.019368941265919,True,True,59.9,-0.1131969949916527,True,-0.00737017479456703,0.00534232561664072,-0.01271250041120775,0.03624845866395576,0.03391050657371264,0.0023379520902431228,-0.03420589425728782,-0.0027658848937218705,-0.031440009363565946,0.17931268178352577,0.0662675709468421,0.11304511083668367,0.07438887790735982,0.03042473383094002,0.0439641440764198,-0.07378646259848076
2018-05-02,GOOGL,51.3025,0.8616191305609988,True,True,59.9,-0.14353088480801335,False,0.06130305540665648,0.02393617021276606,0.03736688519389042,0.07207251108620438,0.02940729483282678,0.0426652162533776,0.22108084401344952,0.06922492401215807,0.15185592000129144,0.08315384240534085,0.04487082066869297,0.03828302173664788,0.14353101700696835,0.10870060790273572,0.03483040910423263,-0.01769894254665949
2018-09-17,GOOGL,57.9915,0.7427425171294626,True,True,64.572,-0.10190949637613822,True,0.017011113697697144,0.005806317826778207,0.011204795870918938,-0.04948138951398051,-0.051634754959563156,0.0021533654455826445,-0.07423501720079662,-0.08253266053777564,0.008297643336979021,0.03226334893906868,-0.03404299440105052,0.0663063433401192,0.06190562410008349,0.037395451717702644,0.024510172382380846,-0.13589922661079645
2018-12-12,GOOGL,53.6865,0.412728277459081,True,True,64.572,-0.16857926036052773,False,-0.03564210741992868,-0.05349205153318759,0.01784994411325891,-0.00862414200963002,-0.02441045731936997,0.01578631530973995,0.1150382312126883,0.05285165373314249,0.06218657747954581,-0.024186713605841348,0.07285466736984869,-0.09704138097569004,0.2506775446341256,0.18108189557748822,0.0695956490566374,-0.08947314501783499
2019-05-02,GOOGL,58.3255,0.6478922981296265,True,True,64.8485,-0.10058829425507143,True,0.0012515966429778036,-0.01552304416512118,0.016774640808098984,-0.05144405105828487,-0.05463974174050423,0.0031956906822193654,0.06457724322980507,0.03530462257023137,0.0292726206595737,0.06402859812603423,0.02689058314444659,0.03713801498158764,0.15059450840541433,0.0069716326670787865,0.14362287573833554,-0.11957034230310926
2020-02-27,GOOGL,65.7475,0.5509960958233566,True,True,76.537,-0.14097103361772745,True,-0.00014449218601475522,0.01663809619844714,-0.016782588384461894,-0.11561656336742843,-0.12204631777083119,0.006429754403402765,0.07474808928096133,-0.006957749319350559,0.08170583860031189,0.18314764819955132,0.1382474538670968,0.04490019433245451,0.5847066428381307,0.31682968639709586,0.2678769564410348,-0.23276930681774977
2020-06-26,GOOGL,68.127,0.4016603400919667,True,True,76.537,-0.10988149522453206,False,0.10062823843703672,0.056657223796033884,0.04397101464100284,0.12248447751992608,0.07722046325612397,0.04526401426380211,0.07139606910622809,0.10081653057823692,-0.02942046147200883,0.2896428728697873,0.23369438426928846,0.055948488600498836,0.7981123489952591,0.4167638726878853,0.3813484763073738,-0.007992425910432033
2020-09-22,GOOGL,72.991,0.5406420837115056,True,True,86.305,-0.15426684433115123,True,0.004247098957405715,0.006267029972752081,-0.0020199310153463657,0.06251455658916849,0.039600363306085296,0.022914193283083195,0.2037031962844733,0.12070844686648496,0.08299474941798834,0.4274979107013195,0.19863760217983661,0.22886030852148287,0.9005014316833584,0.3140781108083561,0.5864233208750023,-0.03950487046348172
2022-01-19,GOOGL,135.1165,1.440467804569674,True,True,150.9665,-0.1049901799405828,True,-0.04354390470445868,-0.040664084117321586,-0.002879820587137094,0.019401775504842123,-0.011400110680686137,0.03080188618552826,-0.062068659268113,-0.030902047592694992,-0.03116661167541801,-0.17587045253540468,-0.16141671278361924,-0.014453739751785433,-0.3256190028604944,-0.13339236303265078,-0.1922266398278436,-0.0785729352077652
2022-04-14,GOOGL,126.73,1.0574554959372033,True,True,151.5465,-0.163755019086551,True,-0.05598121991635774,-0.026839352200826894,-0.029141867715530845,-0.0842697072516374,-0.08239110075607026,-0.0018786064955671478,-0.12133275467529403,-0.13467644304346837,0.013343688368174345,-0.1997159315079302,-0.1475364900979923,-0.05217944140993791,-0.14092953523238383,-0.05785879074442091,-0.08307074448796292,-0.19605065888108575
2023-10-25,GOOGL,125.61,0.5636164465412721,True,True,141.22,-0.11053675116838979,True,0.0066873656556007965,0.012238055322715935,-0.0055506896671151384,0.10253960671921036,0.08973775595737021,0.01280185076184015,0.17060743571371706,0.16120225122739784,0.009405184486319218,0.24201894753602415,0.1963118189438391,0.045707128592185065,0.2959159302603296,0.3842414082145851,-0.0883254779542555,-0.042990207786004375
2024-02-26,GOOGL,137.57,0.3355532687416267,True,True,153.78,-0.1054103264403694,True,-0.0306752925783238,0.012470602185813862,-0.04314589476413766,0.09086283346659885,0.027233739797229095,0.06362909366936975,0.29279639456276807,0.05013933081681454,0.24265706374595353,0.1845605873373557,0.0954959584181505,0.08906462891920519,0.2751326597368613,0.17441056147354694,0.10072209826331435,-0.05015628407356254
2024-07-25,GOOGL,167.28,0.3025856262385971,True,True,191.75,-0.12761408083441983,True,0.020803443328550886,0.008543674894597064,0.012259768433953822,-0.020803443328550886,0.0330788804071247,-0.053882323735675586,-0.0230750836920135,0.0857710666592375,-0.108846150351251,0.1532161645145862,0.098865177095522,0.05435098741906419,0.15483022477283592,0.18329897290169206,-0.028468748128856136,-0.11991869918699183
2025-04-25,GOOGL,161.96,0.26491721337082175,True,True,207.05,-0.2177734846655397,True,0.012780933563842911,0.029275025424960077,-0.016494091861117166,0.040195109903679915,0.051703472323114896,-0.011508362419434981,0.17454927142504317,0.15176885079180602,0.022780420633237153,0.5526055816250925,0.19976754322243218,0.35283803840266037,1.1264509755495182,0.2965639982565742,0.829886977292944,-0.08718202025191413
2026-02-11,GOOGL,310.96,2.0219630709426624,True,True,349.0,-0.10899713467048722,True,-0.026080524826344043,-0.010809873403086923,-0.01527065142325712,-0.02382943143812699,-0.03742990924330902,0.013600477805182032,0.28891175713918194,0.0659864732065436,0.22292528393263833,0.16551968098790848,0.11247759986126349,0.05304208112664499,,,,-0.12493568304605085
2026-06-02,GOOGL,361.85,1.930434078393262,True,True,408.61,-0.1144367489782433,True,0.006660218322509293,-0.029648353673789263,0.036308571996298555,-0.001768688683156161,-0.018181339442052802,0.01641265075889664,-0.05858781262954271,0.015179641112734732,-0.07376745374227744,,,,,,,-0.12974989636589762
2026-08-27,GOOGL,340.65,1.639061047412457,True,True,408.61,-0.1663199628007147,False,0.005372082782915122,0.0026844767215665755,0.0026876060613485464,,,,,,,,,,,,,-0.02298546895640685
2015-01-16,GS,177.23,0.790925626515764,True,True,198.06,-0.10517015045945677,True,0.01799921006601579,0.018945593413678408,-0.000946383347662616,0.07216611183208266,0.04205723354659541,0.03010887828548725,0.13468374428708452,0.043644298963448014,0.0910394453236365,0.1690458725949331,0.029013539651837394,0.1400323329430957,-0.08937538791401012,-0.04810792044834589,-0.04126746746566423,-0.02804265643514081
2015-08-20,GS,196.75,0.9011498695526139,True,True,218.77,-0.10065365452301511,True,-0.03832274459974583,-0.023042604304554515,-0.015280140295191313,-0.08035578144853872,-0.04177084865421388,-0.038584932794324844,-0.032325285895806966,-0.007010834926704956,-0.02531445096910201,-0.2849301143583227,-0.1034956120998185,-0.18143450225850422,-0.15796696315120717,0.07059861744374185,-0.22856558059494902,-0.1487166454891995
2015-11-13,GS,190.39,0.6346698720700608,True,True,218.77,-0.12972528225990776,False,0.005672566836493642,0.033425496198281834,-0.027752929361788192,-0.0734807500393927,0.001777426681149441,-0.07525817672054214,-0.26104312201271074,-0.09716599190283393,-0.1638771301098768,-0.17269814591102473,0.016539942727362478,-0.1892380886383872,0.05504490782078908,0.07099832131924555,-0.01595341349845647,-0.26965701980146006
2017-03-24,GS,228.41,0.3991424196018376,True,True,255.15,-0.10480109739369003,True,0.005735300556017675,0.008038997690926086,-0.002303697134908411,-0.022722297622696064,0.014153767211151802,-0.036876064833847866,-0.014491484611006578,0.03912597280424168,-0.05361745741524826,-0.006829823562891302,0.0694004960232617,-0.076230319586153,0.10590604614509003,0.12746942615239898,-0.021563380007308952,-0.08226434919662007
2017-06-20,GS,225.1,0.326224002828021,True,True,255.15,-0.11777385851459932,False,-0.021412705464238124,-0.006913295749146009,-0.014499409715092115,-0.009906708129720054,0.016377926834286738,-0.026284634964006792,0.007774322523322885,0.029134603514258783,-0.021360280990935898,0.11217236783651718,0.09258878235463563,0.01958358548188155,0.027943136383829392,0.13806016213324557,-0.11011702574941618,-0.04646823633940478
2018-02-08,GS,246.35,0.35193721874657014,True,True,273.79,-0.10022279849519711,True,0.08658412827278261,0.059775647246050445,0.026808481026732167,0.09912725796630806,0.08244381477312435,0.01668344319318371,-0.037142277247818156,0.03605946512440328,-0.07320174237222143,-0.041851024964481454,0.09016807048868536,-0.1320190954531668,-0.21627765374467223,0.04855800954857736,-0.2648356632932496,-0.07692307692307687
2021-06-18,GS,348.83,0.5075413803535158,True,True,393.26,-0.11297869094237911,True,0.05716251469197031,0.028174105851730413,0.0289884088402399,0.016885015623656408,0.024221536681769962,-0.007336521058113554,0.15726858355072681,0.07049551720813652,0.0867730663425903,0.13900753948914946,0.13159163212185465,0.007415907367294805,-0.1684488146088352,-0.08608888460426112,-0.08235993000457409,0.00048734340509715146
2021-09-20,GS,378.13,0.6520162523482897,True,True,420.76,-0.10131666508223214,True,0.057334779044244,0.01981384204220804,0.03752093700203596,0.09404173167958119,0.030296746843608835,0.06374498483597235,0.028270700552719852,0.06755137775320241,-0.03928067720048256,-0.13521804670351467,-0.03218597364298226,-0.10303207306053241,-0.13730727527569886,-0.11169477467514521,-0.025612500600553645,-0.014042789516832799
2021-12-17,GS,381.8,1.2262390670553938,True,True,426.16,-0.10409235967711661,True,0.01634363541121009,0.03781503468371494,-0.021471399272504854,-0.07176532215819809,-0.00734990323352247,-0.06441541892467562,-0.10749083289680461,-0.05273229390914824,-0.05475853898765637,-0.24824515453116824,-0.15236914780263988,-0.09587600672852836,-0.08373493975903623,-0.15273881749189988,0.06900387773286365,-0.1656626506024096
2022-03-16,GS,340.76,0.6830147676198943,True,True,426.16,-0.20039421813403424,False,-0.015113276206127457,0.018777833891924223,-0.03389111009805168,-0.055141448526822345,0.017653000321381063,-0.07279444884820341,-0.15770630355675552,-0.10518341673935994,-0.052522886817395587,-0.029933090738349488,-0.08686469859051471,0.05693160785216522,-0.08384200023476929,-0.10637711767136504,0.022535117436595753,-0.1582051884023945
2023-03-21,GS,317.28,1.1224162151314467,True,True,389.58,-0.18558447558909597,False,0.0036560766515381093,-0.008297610989947635,0.011953687641485744,0.06180660615229461,0.03817903787821808,0.023627568274076527,0.07078920827029767,0.10952345140507891,-0.03873424313478124,0.04292738275340402,0.11802160888420943,-0.07509422613080541,0.22497478567826534,0.2927978742072146,-0.06782308852894925,-0.03756933938477047
2023-06-15,GS,339.74,0.6467451892782705,True,True,389.58,-0.12793264541300886,False,-0.07367398598928598,-0.02121554450971541,-0.05245844147957057,-0.036910578677812556,0.018617261635788473,-0.05552784031360103,-0.026019897568729133,0.007659286037053681,-0.033679183605782814,0.006563842938717812,0.027474017171260634,-0.020910174232542822,0.3137987873079413,0.22559873474920922,0.08820005255873209,-0.08588920939542
2023-09-12,GS,330.9,0.6363366630402532,True,True,389.58,-0.15062374865239492,False,0.03321245089150793,-0.007354424987107366,0.040566875878615294,-0.048745844666062244,-0.02567322137267647,-0.023072623293385774,0.033454215775158724,0.019664118029552258,0.013790097745606467,0.18135388334844382,0.13720038565887127,0.04415349768957255,0.41169537624660024,0.2304984416690956,0.18119693457750463,-0.12553641583559982
2024-08-05,GS,459.02,0.2137285491419656,True,True,517.26,-0.11259327997525426,True,0.05768811816478592,0.03071243573388993,0.026975682430895986,0.06195808461504937,0.06706869225714174,-0.0051106076420923685,0.14217245435928727,0.12445397966678251,0.01771847469250476,0.38948193978475887,0.16842552862499516,0.2210564111597637,0.5705415886018039,0.21375004832038358,0.35679154028142035,-0.0034639013550606945
2024-12-18,GS,550.25,0.4112231027673052,True,True,612.73,-0.10196987253765932,True,0.05630168105406641,0.025687384867298935,0.030614296186767476,0.1535483870967742,0.02860407996179304,0.12494430713498117,0.012885052248977846,-0.03266357371904205,0.045548625968019896,0.11502044525215815,0.018284778604080065,0.09673566664807809,0.592548841435711,0.1538343453639901,0.43871449607172086,-0.05486597001363025
2025-03-19,GS,557.34,0.7149978460212936,True,True,672.19,-0.17085942962555234,True,0.029748447985071813,0.002574365665720446,0.027174082319351367,-0.10458606954462268,-0.07312256449138654,-0.03146350505323614,0.1008361144005454,0.052668700297991755,0.04816741410255365,0.3808088419994977,0.15001851427362345,0.23079032772587427,0.4452219471058958,0.16627580977906287,0.27894613732683293,-0.21164818602648294
2026-02-27,GS,859.57,1.3818060904984901,True,True,984.7,-0.12707423580786026,True,-0.044382656444501456,-0.01983993935771655,-0.024542717086784904,-0.06593994671754488,-0.07565707954926448,0.0097171328317196,0.15699710320276417,0.09417046895727355,0.06282663424549062,0.16564096001489115,0.11167801279902045,0.053962947215870694,,,,-0.0919878543923125
2026-06-30,GS,1011.37,2.213657017571733,True,True,1125.0,-0.10100444444444445,True,0.018064605436190595,-0.0018345675375283088,0.019899172973718904,-0.030275764556987106,-0.023179827791689478,-0.007095936765297628,,,,,,,,,,-0.033291475918803215
2013-09-05,HD,72.99,1.481808908534512,True,True,81.56,-0.10507601765571373,False,0.0330182216742021,0.018016389491443574,0.015001832182758523,0.039594464995204914,0.010002410219329905,0.02959205477587501,0.10521989313604618,0.09062424680645931,0.014595646329586875,0.1230305521304289,0.1196673897324656,0.003363162397963304,0.21934511576928362,0.20812243914196182,0.011222676627321793,-0.010686395396629744
2015-08-25,HD,110.97,0.9703480113636362,True,True,123.8,-0.10363489499192247,True,0.018924033522573547,0.024029476157419793,-0.005105442634846247,0.04685951157970636,0.033801463128103615,0.013058048451602744,0.14030819140308193,0.11459390185293938,0.025714289550142544,0.09227719203388296,0.0299567469429165,0.06232044509096646,0.21960890330720018,0.16692476104020937,0.05268414226699081,0.007479498963683939
2016-01-13,HD,121.4,0.9058084772370487,True,True,135.47,-0.10386063335055729,True,-0.00971993410214178,-0.011332944976963466,0.0016130108748216854,-0.06696869851729825,-0.03161573902451942,-0.035352959492778835,0.09563426688632615,0.08044272626171689,0.015191540624609257,0.08377265238879716,0.11031086162156423,-0.026538209232767063,0.1210873146622733,0.199279775459408,-0.07819246079713471,-0.09703459637561784
2016-10-25,HD,123.34,0.6064079187288356,True,True,139.0,-0.1126618705035971,True,-0.02797146100210801,-0.01475463416911793,-0.01321682683299008,0.06194259769742172,0.029929495260774264,0.032013102436647456,0.11942597697421742,0.05593687257785884,0.06348910439635858,0.1936111561537215,0.08997525330345058,0.10363590285027091,0.3356575320252959,0.19582574590278767,0.13983178612250824,-0.033565753202529636
2017-07-24,HD,144.58,0.7844976549000249,True,True,160.86,-0.10120601765510384,True,0.03472126158528144,-0.00020257677659829554,0.03492383836187973,0.03195462719601583,-0.01588201928530908,0.04783664648132491,0.12982431871628153,0.035045782351511345,0.09477853636477018,0.3585558168488032,0.1260027550441618,0.23255306180464141,0.40026283026697995,0.13313345758042305,0.2671293726865569,0.0048416101812145396
2018-02-05,HD,183.11,0.6890508255695971,True,True,207.61,-0.11800972978180246,True,0.005188138277538057,0.00534232561664072,-0.0001541873391026627,-0.008027961334716949,0.03391050657371264,-0.04193846790842959,0.01529135492327005,-0.0027658848937218705,0.01805723981699192,0.07662061056195713,0.0662675709468421,0.010353039615115023,0.018131177980448943,0.03042473383094002,-0.012293555850491078,-0.06930260499153529
2018-05-02,HD,185.91,0.69703331811958,True,True,207.61,-0.10452290352102511,False,0.0024205260609972967,0.02393617021276606,-0.021515644151768765,0.0034425259534183184,0.02940729483282678,-0.025964768879408462,0.06040557258888701,0.06922492401215807,-0.00881935142327106,-0.03851325910386749,0.04487082066869297,-0.08338407977256046,0.06933462428056592,0.10870060790273572,-0.03936598362216981,-0.02533483943843795
2018-10-10,HD,193.7,0.5964724305612792,True,True,215.43,-0.10086803137910239,True,-0.04403717088280845,0.0077254761049225795,-0.05176264698773103,-0.033402168301497115,0.009737693136902648,-0.04313986143839976,-0.0816210635002581,-0.07736255839022643,-0.004258505110031674,0.03484770263293746,0.031908012935680796,0.0029396896972566644,0.1819308208569954,0.04660438375853393,0.13532643709846148,-0.18384099122354147
2019-01-08,HD,177.89,0.37813758909203576,True,True,215.43,-0.17425613888502078,False,-0.007982461071448621,0.01394243875842216,-0.02192489982987078,0.0383945134633763,0.062195739377653325,-0.023801225914277024,0.12681994490977577,0.11843283872726573,0.00838710618251004,0.18207881274945192,0.15145850371928193,0.03062030903016999,0.23649446287031317,0.26042762004907116,-0.02393315717875799,-0.033110349092135505
2019-12-03,HD,214.0,0.6537867078825348,True,True,239.31,-0.10576240023400607,True,0.008878504672897192,0.012857373606848466,-0.003978868933951274,0.026448598130841106,0.049491196898723944,-0.023042598767882838,0.07448598130841111,-0.0014860281053142854,0.0759720094137254,0.1558878504672898,-0.019447585204328988,0.1753354356716188,0.29630841121495344,0.1696333387174931,0.12667507249746035,-0.015841121495327015
2020-03-09,HD,210.46,0.44130940966990817,True,True,247.36,-0.14917529107373872,True,-0.21619310082676046,-0.12536921562192327,-0.0908238852048372,-0.0908961322816687,-0.03416839878933742,-0.05672773349233129,0.19262567708828282,0.1383874849578821,0.05423819213040071,0.3714244987170958,0.27021113663712937,0.10121336207996645,0.20459944882638026,0.3989352003792437,-0.19433575155286342,-0.33179701606005896
2020-12-07,HD,262.64,0.4363686081487559,True,True,292.95,-0.10346475507765829,False,0.011194029850746245,-0.012002492616976723,0.02319652246772297,0.018770941212305825,0.012083773605353842,0.0066871676069519825,-0.034724337496192414,0.03939418569996489,-0.0741185231961573,0.20434815717331722,0.1370397464033164,0.06730841077000083,0.552733780079196,0.2284808583272373,0.32425292175195874,-0.061110265001522945
2021-03-08,HD,259.03,0.4260625412904646,True,True,292.95,-0.11578767707799975,False,0.07531946106628595,0.03848370533375256,0.03683575573253339,0.2113654789020576,0.06392119878444924,0.14744428011760835,0.20924217272130652,0.10114743791260605,0.10809473480870047,0.2410917654325755,0.16907681022739163,0.07201495520518386,0.2522101687063276,0.1414387509169024,0.11077141778942523,0.010655136470679283
2021-06-04,HD,311.01,0.625261287625418,True,True,345.69,-0.10032109693656166,True,-0.0007716793672229993,0.004046379555134871,-0.004818058922357871,0.03758721584514957,0.026313298627543835,0.011273917217605733,0.051734670910903224,0.0701135825840038,-0.018378911673100573,0.3130445966367641,0.10787979176526252,0.20516480487150157,-0.044435870229253105,-0.03078561287269299,-0.013650257356560114,-0.040545320086170955
2022-01-14,HD,372.0,1.1012200632625397,True,True,420.61,-0.1155702432181831,True,-0.022016129032258025,-0.05353761404716828,0.031521485014910255,-0.05494623655913977,-0.05530211740402835,0.00035588084488857863,-0.17663978494623656,-0.05687295575830609,-0.11976682918793047,-0.23013440860215062,-0.1732010673093476,-0.05693334129280303,-0.10965053763440868,-0.14249440523325874,0.03284386759885005,-0.21077956989247315
2022-04-20,HD,315.14,0.5389198163883191,True,True,420.61,-0.25075485604241465,False,-0.04296503141460928,-0.06170313237840386,0.01873810096379458,-0.0950688582852065,-0.11884149220840545,0.02377263392319895,-0.07009583042457312,-0.14112567740774884,0.07102984698317572,-0.10233546994986353,-0.19556564952440914,0.0932301795745456,-0.057847305959256134,-0.06874142699736907,0.010894121038112936,-0.16065875483911907
2025-04-04,HD,353.9,0.14731245542371774,True,True,439.37,-0.19452852948539956,False,-0.00011302627860965142,0.05672102596580131,-0.05683405224441096,0.022124894037863996,0.11524303356554788,-0.09311813952768389,0.050720542526137447,0.2279330272324258,-0.17721248470628836,0.1587736648770839,0.30980842305256506,-0.15103475817548118,-0.07699915230291043,0.30408882203926524,-0.3810879743421757,-0.07795987567109341
2014-10-10,HON,82.835,0.9322910834919567,True,True,92.4379,-0.10388487838862637,True,0.024574153437556534,-0.010863860606696751,0.035438014044253285,0.10091024325466291,0.06717749553899455,0.033732747715668365,0.12400555320818496,0.06177180644484093,0.06223374676334403,0.1887378523570955,0.09074210139603234,0.09799575096106317,0.14983038570652507,0.055998740421958626,0.09383164528456645,-0.05699643870344662
2015-08-24,HON,89.7898,0.6013447116627877,True,True,101.2208,-0.11293133427121693,True,0.04187669423475704,0.04311345646437981,-0.0012367622296227676,0.007976407119739681,0.023271767810026267,-0.015295360690286586,0.07357294481110332,0.08427440633245387,-0.010701461521350542,0.1014903697301921,0.0014775725593667577,0.10001279717082534,0.2186183731336968,0.15324538258575204,0.06537299054794476,-0.038937607612446024
2016-01-20,HON,90.6945,0.42980222759985187,True,True,101.2208,-0.10399344798697496,False,0.0074811592764720825,0.013358470239698272,-0.00587731096322619,0.10629641268213597,0.03468893078373281,0.07160748189840316,0.19108435461907836,0.11920280096956626,0.0718815536495121,0.2366990280557255,0.15782386210611365,0.07887516594961186,0.22459024527396898,0.21869108537570692,0.005899159898262063,-0.0036374862863790547
2016-10-07,HON,101.3149,0.31397930624833004,True,True,113.1042,-0.10423397185957739,True,0.01926271456616946,-0.008928571428571397,0.028191285994740856,0.012249925726620647,-0.030180431547618958,0.042430357274239605,0.08939553806991873,0.053664434523809534,0.0357311035461092,0.1676643810535272,0.09626116071428581,0.0714032203392414,0.3378525764719702,0.18424479166666674,0.15360778480530346,-0.015709436617911132
2018-02-08,HON,138.3392,0.44500408413954196,True,True,156.444,-0.11572703331543543,True,0.05067833267793942,0.059775647246050445,-0.009097314568111026,0.0560882237283431,0.08244381477312435,-0.026355591044781246,-0.012737532095024484,0.03605946512440328,-0.04879699721942776,0.07444238509402967,0.09016807048868536,-0.015725685394655686,0.0585719738150865,0.04855800954857736,0.010013964266509134,-0.0445824466239505
2018-05-07,HON,136.5771,0.4350735729866724,True,True,156.444,-0.1269904886093426,False,0.021781103860017526,0.022703431739847124,-0.0009223278798295986,0.03960839701531227,0.030645886407912437,0.008962510607399832,0.08830470115414646,0.052225385883410747,0.03607931527073571,0.03428319974578464,0.011838753184474582,0.02244444656131006,0.2492577452589051,0.097032818822119,0.1522249264367861,-0.015330534913978844
2018-10-23,HON,144.2478,0.4921810588905866,True,True,160.6457,-0.10207493882500429,True,-0.020353863282490336,-0.02134424911370214,0.0009903858312118041,-0.012884771899467573,-0.034684404809765756,0.021799632910298183,-0.04187100253868703,-0.039289499652790494,-0.002581502885896536,0.11621806363771214,0.05789262088373959,0.058325442753972556,0.15767658154925046,0.09283286429589555,0.06484371725335492,-0.15384220764545464
2019-01-22,HON,138.208,0.5238851308513746,True,True,160.6457,-0.13967196134101323,False,0.013732200740912193,0.0020923685612113108,0.011639832179700882,0.10556407733271578,0.059156965685155605,0.04640711164756017,0.16499768464922426,0.1011565091683786,0.06384117548084567,0.25168079995369297,0.14414517233508328,0.10753562761860969,0.31047045033572584,0.2628395343528873,0.04763091598283853,-0.006794107432275931
2019-08-23,HON,154.6858,0.4079958202260283,True,True,176.4124,-0.12315800930093346,True,0.05195240933556944,0.02668070914516396,0.025271700190405477,0.06805537418431418,0.046901878181498935,0.021153496002815242,0.14895549559170917,0.09538353519396159,0.05357196039774759,0.15540922308317895,0.18518518518518512,-0.02977596210200617,-0.002044790148804987,0.18757240652975238,-0.18961719667855736,-0.010096595809052977
2020-02-27,HON,157.7105,0.33141499645852,True,True,181.938,-0.13316349525662585,True,0.033657239055104204,0.01663809619844714,0.017019142856657066,-0.1388277888916718,-0.12204631777083119,-0.016781471120840608,-0.12767127109482246,-0.006957749319350559,-0.1207135217754719,-0.013600235875227074,0.1382474538670968,-0.15184768974232388,0.3226576543730444,0.31682968639709586,0.005827967975948534,-0.3664683074367274
2023-03-23,HON,184.765,0.7997303789305938,True,True,218.4126,-0.1540552147632509,False,0.011769545097827017,0.026782307907520897,-0.01501276280969388,0.04900495223662493,0.04840145484141711,0.0006034973952078193,0.07211647227559337,0.11193631253656178,-0.03981984026096841,0.03552296159987001,0.1454587074293563,-0.10993574582948629,0.0773593483614321,0.3281786504565456,-0.2508193020951135,-0.012411982788948062
2013-04-19,IBM,181.6444,0.43689074626487856,True,True,206.4053,-0.11996252034225874,True,0.022683881253702465,0.01775147928994092,0.004932401963761546,0.09705226255254784,0.073707229225624,0.023345033326923836,0.020262667057173278,0.07743761255466963,-0.057174945497496354,-0.04568431506834225,0.06508875739644981,-0.11077307246479207,0.03368394511474082,0.19713146385387192,-0.1634475187391311,-0.012210670959302838
2023-10-24,IBM,137.79,0.25263636363636355,True,True,153.21,-0.10064617192089298,False,0.04971333188184923,-0.01281778910842013,0.06253112099026936,0.1169896218883808,0.0699667162382267,0.0470229056501541,0.2543000217722624,0.14120812973585428,0.11309189203640813,0.3288337324914725,0.1815735429502161,0.14726018954125641,0.6855359605196314,0.3769563062106085,0.3085796543090229,-0.010595834240510804
2024-04-25,IBM,168.91,0.24046754559127637,True,True,199.18,-0.15197308966763734,True,-0.024983719140370564,0.003058650618681602,-0.028042369759052166,0.010419750162808494,0.04462849311803607,-0.03420874295522758,0.08992954828014921,0.09988281793084264,-0.00995326965069343,0.3833994434906163,0.15652743847941353,0.22687200501120275,0.37593984962406024,0.09364634848755671,0.28229350113650353,-0.03723876620685562
2024-10-28,IBM,212.91,0.7447806547414175,True,True,237.37,-0.10304587774360707,True,-0.030952045465220013,-0.018972849198560793,-0.01197919626665922,0.062091963740547707,0.028751958404352296,0.03334000533619541,0.052698323235169875,0.0319198388512989,0.020778484383870977,0.15297543563007832,-0.07818122342165534,0.23115665905173366,0.46808510638297873,0.18289344558648812,0.2851916607964906,-0.04415011037527594
2025-04-04,IBM,227.48,0.7216377809732839,True,True,266.45,-0.14625633327078247,True,0.03516792685071213,0.05672102596580131,-0.02155309911508918,0.09539300158255681,0.11524303356554788,-0.019850031982991068,0.2645067698259187,0.2279330272324258,0.036573742593492886,0.2498241603657465,0.30980842305256506,-0.05998426268681856,0.08466678389308968,0.30408882203926524,-0.21942203814617556,-0.05705996131528046
2025-07-24,IBM,260.51,0.9904492665036675,True,True,296.16,-0.12037412209616438,True,-0.028252274384860443,-0.003688408309952318,-0.024563866074908125,-0.08103335764462016,0.0017811544402761559,-0.08281451208489632,0.07972822540401503,0.04723999873900575,0.03248822666500928,0.18625004798280287,0.08817502600800742,0.09807502197479545,-0.2067483014087751,0.16355095993190627,-0.37029926134068136,-0.10421864803654357
2025-11-18,IBM,289.95,1.0252147796326048,True,True,324.9,-0.10757156048014771,True,0.05011208829108482,0.022633620167252344,0.027478468123832478,0.04611139851698565,0.01714943643194755,0.028961962085038095,-0.10912226245904466,0.03449581868864371,-0.14361808114768837,-0.2597344369718917,0.12457580899284926,-0.38431024596474095,,,,-0.12174512847042585
2026-02-17,IBM,258.31,0.9312897196261682,True,True,324.9,-0.2049553708833487,False,-0.11222949169602414,0.0065900270923335835,-0.11881951878835773,-0.008516898300491627,-0.017661272607454093,0.009144374306962466,-0.16906043126475945,0.08707622464670117,-0.2561366559114606,-0.0851689830049166,0.13206414293036528,-0.21723312593528188,,,,-0.1779644613061825
2026-05-15,IBM,219.3,0.7972463530568761,True,True,324.9,-0.325023084025854,False,0.1575011399908801,0.008753060865565487,0.14874807912531463,0.22530779753761965,0.021185924753439833,0.20412187278417981,0.07606019151846777,0.045077587023282906,0.030982604495184862,,,,,,,-0.09170086639306896
2014-01-24,ICE,40.872,0.7528089887640448,True,True,45.9,-0.10954248366013064,True,0.021677431982775497,-0.003968919447705166,0.025646351430480663,0.05363084752397729,0.03365196489462807,0.019978882629349215,-0.0025934625171266656,0.05031024652020788,-0.052903709037334545,-0.06429829712272461,0.0940242607188777,-0.15832255784160232,0.04810138970444311,0.15210464531276213,-0.10400325560831902,-0.07858680759444125
2014-04-22,ICE,40.766,0.7008511348464619,True,True,45.9,-0.11185185185185187,False,-0.002354903596133995,-0.0007451168236733974,-0.0016097867724605974,-0.07825148407987048,-0.0018095694289210762,-0.0764419146509494,-0.061865279890104485,0.041620096865187195,-0.10348537675529168,-0.0011283913064809026,0.014103997019532688,-0.01523238832601359,0.1071481136240986,0.11687689605620322,-0.009728782432104621,-0.10513663346906743
2014-07-17,ICE,38.244,0.5172577957629136,True,True,45.9,-0.16679738562091506,False,0.024788202070913146,0.015022226764089819,0.009765975306823327,-0.0099884949273088,0.00025548004700826077,-0.01024397497431706,0.06474218178014857,-0.026416636860661313,0.09115881864080988,0.1439702959941429,0.0337233662050993,0.1102469297890436,0.19715510929819047,0.07613305400848192,0.12102205528970855,-0.03634557054701393
2014-10-10,ICE,40.72,0.6740667653346488,True,True,45.9,-0.11285403050108933,False,-0.03433202357563836,-0.010863860606696751,-0.023468162968941608,0.07337917485265222,0.06717749553899455,0.006201679313657671,0.07441060903732821,0.06177180644484093,0.012638802592487286,0.1263752455795677,0.09074210139603234,0.03563314418353536,0.15009823182711202,0.055998740421958626,0.09409949140515339,-0.04150294695481327
2016-02-05,ICE,47.238,0.6454646788351679,True,True,53.778,-0.12161106772286068,True,0.0003810491553410955,-0.00702314445331198,0.007404193608653076,-0.008086709852237584,0.06725192870444285,-0.07533863855668044,0.020280282823150753,0.09688747007182763,-0.07660718724867688,0.12307887717515564,0.15333865389731316,-0.030259776722157516,0.23608112113129254,0.2118648576749136,0.02421626345637895,-0.03797789914899019
2016-05-03,ICE,48.196,0.40463977617160185,True,True,53.778,-0.1037970917475548,False,0.0831604282513072,0.01110787737679475,0.07205255087451246,0.11660718731844977,0.019935972060535656,0.09667121525791411,0.10075524939829039,0.051464881645324034,0.04929036775296636,0.10519545190472246,0.03793170353123787,0.06726374837348459,0.25321603452568686,0.1577415599534342,0.09547447457225267,-0.0009544360527844464
2018-02-08,ICE,67.0,0.4626904772300573,True,True,76.14,-0.12004202784344631,True,0.08283582089552244,0.059775647246050445,0.023060173649471993,0.13029850746268656,0.08244381477312435,0.04785469268956222,0.053283582089552084,0.03605946512440328,0.017224116965148806,0.0995522388059702,0.09016807048868536,0.009384168317284836,0.12761194029850742,0.04855800954857736,0.07905393074993006,-0.0011940298507462366
2018-12-20,ICE,73.59,0.5044157330934664,True,True,82.65,-0.10961887477313981,True,0.011686370430765036,0.0023465630942267612,0.009339807336538275,0.03098247044435376,0.06347857749726926,-0.0324961070529155,-0.005299633102323731,0.1390945503095038,-0.14439418341182753,0.15409702405218106,0.1702876562689648,-0.01619063221678374,0.24826742763962484,0.29299672290326484,-0.04472929526364,-0.052996331023236976
2019-03-20,ICE,73.2,0.5501249417644318,True,True,82.65,-0.11433756805807627,False,0.009016393442622839,-0.006748357307760688,0.015764750750383527,0.09508196721311468,0.028058959332267763,0.06702300788084692,0.16024590163934427,0.02738412360149156,0.1328617780378527,0.23114754098360657,0.05888829692772157,0.172259244055885,0.04904371584699452,-0.10211330136743024,0.15115701721442476,-0.009972677595628476
2020-02-06,ICE,90.11,0.5392893747864709,True,True,101.93,-0.11596193466104199,True,0.045277993563422436,0.009222109108329768,0.03605588445509267,0.04361336144712036,-0.10934786514162531,0.15296122658874567,-0.004882920874486718,-0.15093718186717775,0.14605426099269103,0.04649872378204423,-0.026528534642793034,0.07302725842483726,0.27954722006436583,0.14333193604407457,0.13621528402029126,-0.2951947619576074
2020-05-04,ICE,89.67,0.4792147806004621,True,True,101.93,-0.12027862258412636,False,0.0494033679045387,0.03149134252565511,0.01791202537888359,0.07449537191925937,0.08643368480445734,-0.011938312885197977,0.05163376826140298,0.14652466763056737,-0.0948908993691644,0.10806289729006346,0.21525549247099485,-0.10719259518093138,0.3127021300323407,0.47159431533660134,-0.15889218530426064,0.00011152001784320298
2020-10-28,ICE,93.77,0.42920286541685715,True,True,106.99,-0.12356294980839333,True,0.04894955742774876,0.05167452396987682,-0.00272496654212806,0.1083502186200278,0.11020633074144359,-0.0018561121214157872,0.20134371334115397,0.17489132431274101,0.02645238902841296,0.2780206889196972,0.2620767770770831,0.015943911842614122,0.426042444278554,0.39582440457968504,0.030218039698868937,-0.014503572571184842
2022-01-25,ICE,123.95,0.6360876451953537,True,True,139.79,-0.11331282638243068,True,0.024929407018959182,0.042534582364720075,-0.017605175345760893,-0.002097620008067791,-0.028816719221120057,0.026719099213052266,-0.026139572408229172,0.008262941054618222,-0.034402513462847395,-0.21895925776522795,-0.0971298363523374,-0.12182942141289055,-0.14279951593384432,-0.07887771307570146,-0.06392180285814286,-0.028721258572004804
2022-04-21,ICE,120.71,0.49894449273562635,True,True,139.79,-0.1364904499606553,False,-0.012095103968188137,-0.023398621193443825,0.011303517225255688,-0.20553392428133532,-0.11094370634159711,-0.09459021793973821,-0.19799519509568386,-0.10452905994612616,-0.0934661351495577,-0.24935796537155164,-0.1860475733917728,-0.06331039197977884,-0.10728191533427212,-0.059763502716522865,-0.04751841261774925,-0.25399718333195265
2025-04-04,ICE,156.74,0.1666542612579085,True,True,177.45,-0.11670893209354738,True,-0.0052953936455276684,0.05672102596580131,-0.06201641961132898,0.10999106801071834,0.11524303356554788,-0.005251965554829541,0.15949980860022972,0.2279330272324258,-0.06843321863219609,0.07011611586066091,0.30980842305256506,-0.23969230719190415,0.0615669261196885,0.30408882203926524,-0.24252189591957674,-0.06060992726808723
2025-09-19,ICE,169.77,0.7000801121570199,True,True,189.35,-0.1034063902825455,True,-0.012016257289273802,-0.002832605092662366,-0.009183652196611436,-0.09524650998409623,0.001039626337200561,-0.09628613632129679,-0.04930199681922609,0.0256591833659785,-0.07496118018520459,-0.06226070566059971,-0.0021244538194968854,-0.06013625184110283,,,,-0.1566825705366085
2016-06-08,INTC,31.89,0.29686864579097194,True,True,35.59,-0.10396178701882564,False,-0.008780181875196025,-0.02175448509676514,0.012974303221569117,0.04107870805895275,-0.013372886942600193,0.054451595001552944,0.1295076826591408,0.023637990299948175,0.10586969235919264,0.1135152085293194,0.03818806799453767,0.07532714053478173,0.13295703982439644,0.14521825116541875,-0.012261211341022316,-0.04546879899655065
2016-11-01,INTC,34.52,0.4107069881487537,True,True,38.36,-0.10010427528675692,True,0.006373117033603659,0.014691246860338403,-0.008318129826734744,0.005214368482039378,0.04440547841334541,-0.039191109931306034,0.08400926998841252,0.078384910667741,0.0056243593206715126,0.06981460023174968,0.1298042746789252,-0.05998967444717551,0.28534183082271136,0.21676697786834742,0.06857485295436394,-0.03186558516801863
2018-02-05,INTC,44.52,0.32499999999999996,True,True,50.85,-0.1244837758112094,True,0.006963162623539798,0.00534232561664072,0.0016208370068990785,0.1390386343216532,0.03391050657371264,0.10512812774794056,0.17497753818508532,-0.0027658848937218705,0.1777434230788072,0.07097933513027854,0.0662675709468421,0.00471176418343644,0.10557053009883188,0.03042473383094002,0.07514579626789186,-0.05570530098831994
2018-06-25,INTC,50.71,0.589157004073958,True,True,57.6,-0.1196180555555556,True,-0.010057187931374445,0.0031734317343175,-0.013230619665691945,0.028988365213961753,0.039151291512915076,-0.010162926298953323,-0.08992309209228955,0.07461254612546142,-0.16453563821775097,-0.05620193255768091,-0.038856088560885516,-0.017345843996795396,-0.06073752711496738,0.08354243542435413,-0.14427996253932152,-0.13113784263458883
2018-09-19,INTC,46.15,0.5902825637491385,True,True,57.6,-0.19878472222222232,False,-0.009750812567713929,-0.004601332326076624,-0.005149480241637305,-0.005633802816901401,-0.03698235011331652,0.03134854729641512,0.0370530877573132,-0.10559027539317356,0.14264336315048676,0.1579631635969665,-0.03454433074651464,0.19250749434348113,0.12112676056338034,0.03392624132957889,0.08720051923380145,-0.0821235102925244
2018-12-14,INTC,47.86,0.3884537278793154,True,True,57.6,-0.16909722222222223,False,-0.06310071040534881,-0.0759012554228895,0.012800545017540688,0.0154617634768075,-0.00046070564748346143,0.01592246912429096,0.11659005432511482,0.07943333205359537,0.03715672227151945,-0.02214793146677818,0.10941759127730633,-0.1315655227440845,0.20246552444630161,0.21752984988674307,-0.01506432544044145,-0.09089009611366483
2019-08-05,INTC,46.97,0.3590856481481479,True,True,59.59,-0.2117805000839068,False,-0.029167553757717624,0.014974279472905305,-0.04414183323062293,0.0002129018522460946,0.02438165034176598,-0.024168748489519887,0.1994890355546095,0.0683179479952083,0.1311710875594012,0.3985522674047264,0.13980691987879634,0.25874534752593004,0.016180540770704743,0.15044746670424924,-0.1342669259335445,-0.046199701937406856
2020-02-24,INTC,61.76,0.691128148959474,True,True,69.29,-0.10867369028719887,True,-0.0579663212435233,-0.04134358910737557,-0.016622732136147733,-0.19721502590673579,-0.3085106382978724,0.11129561239113661,-0.023801813471502564,-0.09444203213200175,0.07064021866049919,-0.2137305699481865,0.04469325724210638,-0.2584238271902929,0.020239637305699443,0.2096954283233048,-0.18945579101760535,-0.2935556994818652
2020-05-19,INTC,60.29,0.7206050228310503,True,True,69.29,-0.1298888728532257,False,0.05423785038978268,0.03959310888104928,0.014644741508733405,0.0033172997180295205,0.06743843545569739,-0.06412113573766787,-0.19455962846243158,0.15364592252628673,-0.3482055509887183,-0.2471388289931995,0.19930129807856978,-0.4464401270717693,-0.08226903300713218,0.42315991368976236,-0.5054289466968945,-0.2209321612207663
2020-08-20,INTC,49.17,0.4044558697514997,True,True,69.29,-0.2903737913118777,False,0.004677648972950976,0.02970911670805254,-0.025031467735101565,0.014643075045759568,-0.022555279649994042,0.03719835469575361,-0.07545251169412248,0.05859051673170179,-0.13404302842582427,0.2336790726052469,0.15498994915454656,0.07868912345070034,0.06141956477526933,0.29827361948681586,-0.23685405471154652,-0.11307707952003254
2026-02-04,INTC,48.6,0.7388193202146691,True,True,54.6,-0.10989010989010983,True,-0.006378600823045311,0.008408749763185064,-0.014787350586230374,-0.05452674897119336,-0.007111732901966095,-0.04741501606922727,1.0497942386831278,0.05021932700855447,0.9995749116745734,0.6847736625514402,0.06305833661230853,0.6217153259391317,,,,-0.16399176954732508
2026-05-14,INTC,115.93,2.851495016611296,True,True,132.75,-0.12670433145009408,True,0.022168549987061192,-0.007284440701979422,0.029452990689040615,0.07452773225222109,-0.008580937487469353,0.08310866973969044,-0.15716380574484612,0.02992635363620555,-0.18709015938105167,,,,,,,-0.29448805313551285
2026-08-11,INTC,97.71,1.7805919180421168,True,True,142.35,-0.31359325605900945,True,-0.010439054344488774,-0.004036025747508165,-0.006403028596980609,,,,,,,,,,,,,-0.12864599324531767
2013-04-25,INTU,57.09,0.5775075987841947,True,True,68.41,-0.16547288408127458,True,0.052198283412156155,0.007759273277819778,0.044439010134336376,0.02925205815379206,0.043716881150643205,-0.014464822996851145,0.1282186022070413,0.06926570779712327,0.05895289440991802,0.1693816780521984,0.07052737824880118,0.09885429980339722,0.303030303030303,0.18250063083522572,0.12052967219507726,-0.006130670870555299
2014-02-12,INTU,69.72,0.4266421117249848,True,True,77.78,-0.10362561069683729,True,0.05923694779116451,0.011149557862360604,0.0480873899288039,0.14959839357429727,0.017081342340858008,0.13251705123343926,0.07458405048766492,0.03235019497995295,0.04223385550771197,0.15390131956397024,0.054594386774317494,0.09930693278965275,0.2785427423981641,0.13588180370187297,0.14266093869629115,-0.008605851979345824
2014-10-13,INTU,79.68,0.5850407797891386,True,True,88.79,-0.1026016443293164,True,0.017068273092369468,0.015420735286270748,0.00164753780609872,0.1280120481927709,0.08841577290432734,0.03959627528844356,0.12776104417670675,0.09866069046475645,0.0291003537119503,0.2217620481927709,0.1060242249613148,0.1157378232314561,0.16340361445783125,0.07427565231311029,0.08912796214472096,-0.021586345381526262
2015-01-14,INTU,86.23,0.5627038782167453,True,True,95.84,-0.100271285475793,True,0.029688043604314096,0.026087822363835445,0.0036002212404786516,0.03664617882407506,0.040127451956586624,-0.0034812731325115642,0.135219761104024,0.040973812605795024,0.09424594849822898,0.19946654296648503,0.018271432838793178,0.18119511012769185,0.09996520932390118,-0.035845862790003125,0.1358110721139043,-0.017163400208744073
2015-08-21,INTU,89.28,0.493975903614458,True,True,109.21,-0.1824924457467264,False,-0.03438620071684595,0.0073295253500480495,-0.041715726066894,-0.027665770609318963,-0.006925137744528187,-0.020740632864790776,0.08534946236559149,0.039377243087499236,0.04597221927809225,0.05913978494623651,-0.05661426477278475,0.11575404971902126,0.26052867383512557,0.1063033918010412,0.15422528203408437,-0.10808691756272404
2015-11-16,INTU,96.9,0.6572601334017447,True,True,109.21,-0.11271861551139994,False,0.04262125902992775,0.016778523489932917,0.025842735539994832,0.011145510835913308,-0.002869370683785677,0.014014881519698985,-0.0241486068111455,-0.09235482929676109,0.06820622248561559,0.06088751289989669,0.013763252601886933,0.04712426029800976,0.14943240454076356,0.05252407353370292,0.09690833100706064,-0.09009287925696596
2016-02-12,INTU,94.56,0.5390625,True,True,109.21,-0.134145224796264,False,0.03902284263959399,0.043669292182392905,-0.004646449542798914,0.05150169204737742,0.08503456036007084,-0.03353286831269342,0.08714043993231813,0.11691582275089751,-0.029775382818579388,0.1622250423011844,0.15956705781492797,0.002657984486256426,0.22768612521150589,0.23559984997052985,-0.007913724759023966,-0.009306260575296044
2018-02-08,INTU,152.75,0.7389571948998177,True,True,170.59,-0.10457822850108445,True,0.10841243862520455,0.059775647246050445,0.04863679137915411,0.15986906710310955,0.08244381477312435,0.0774252523299852,0.24098199672667753,0.03605946512440328,0.20492253160227425,0.3372176759410801,0.09016807048868536,0.24704960545239474,0.4466121112929624,0.04855800954857736,0.39805410174438505,-0.015188216039279778
2018-10-10,INTU,204.44,1.205393743257821,True,True,231.84,-0.11818495514147687,True,0.0703873997260811,0.0077254761049225795,0.06266192362115852,0.08530620230874586,0.009737693136902648,0.07556850917184321,-0.003326159264331885,-0.07736255839022643,0.07403639912589455,0.2846311876345138,0.031908012935680796,0.252723174698833,0.29133242027000583,0.04660438375853393,0.2447280365114719,-0.1067794952064175
2019-01-08,INTU,203.76,1.116107591650223,True,True,231.84,-0.12111801242236031,False,0.029691794267766136,0.01394243875842216,0.015749355509343976,0.1021790341578328,0.062195739377653325,0.03998329478017948,0.2889183352964273,0.11843283872726573,0.17048549656916157,0.2966234786022772,0.15145850371928193,0.1451649748829953,0.30746957204554404,0.26042762004907116,0.047041951996472875,-0.016784452296819685
2019-05-01,INTU,243.85,1.405544046562099,True,True,272.14,-0.10395384728448587,True,0.0011072380561820694,-0.014667077893149805,0.015774315949331874,0.01734672954685257,-0.04379562043795626,0.06114234998480883,0.16370719704736514,0.034954251053767926,0.1287529459935972,0.07525117900348577,0.028031938590178607,0.04721924041330716,0.09210580274759073,-0.020835475137932158,0.11294127788552288,-0.03206889481238462
2019-09-11,INTU,266.13,1.398431867339582,True,True,295.77,-0.1002130033471954,True,0.008041182880547115,0.0028309741881766826,0.005210208692370433,-0.008003607259609913,-0.02990840965861785,0.02190480239900794,-0.04640589185736288,0.03920066611157358,-0.08560655796893646,0.07297185585991817,0.04199833472106573,0.030973521138852433,0.20550107090519676,0.10977518734387992,0.09572588356131684,-0.05906887611317779
2019-12-05,INTU,253.78,1.2406851492141975,True,True,295.77,-0.14196842140852683,False,-0.004058633462053707,0.016377155310557168,-0.020435788772610874,0.04976751517062028,0.03724120248702012,0.01252631268360016,0.12518716998975488,0.0026921351195436927,0.12249503487021118,0.1439829773819843,-0.024677905262483146,0.16866088264446744,0.4007802033257153,0.17553361963976677,0.22524658368594852,-0.023563716604933393
2020-03-06,INTU,276.18,1.1901665344964316,True,True,306.89,-0.10006842842712371,True,-0.05405894706350933,-0.09460095475021846,0.040542007686709125,-0.20924759215004718,-0.16563571572648417,-0.04361187642356301,0.03982909696574688,0.035702279298056805,0.004126817667690075,0.23955391411398352,0.16845962482350574,0.07109428929047779,0.3626258237381417,0.26638875815235674,0.09623706558578493,-0.32044318922441883
2020-09-08,INTU,320.82,1.273062207736999,True,True,360.0,-0.10883333333333334,True,0.0051430708808679615,0.02088772845953013,-0.01574465757866217,0.014213577707125502,0.0051619099066655405,0.009051667800459962,0.10806682875132467,0.1007772875964108,0.00728954115491387,0.2522598341749267,0.16004921821073803,0.09221061596418867,0.7556573779689546,0.3597431049488311,0.3959142730201235,-0.07932797207156661
2021-03-04,INTU,376.33,1.2289149490642028,True,True,423.74,-0.11188464624533923,True,0.06069141445008386,0.04467746217148916,0.0160139522785947,0.050221879733213015,0.06347225909211573,-0.01325037935890272,0.16676852762203387,0.11505176533050188,0.05171676229153199,0.4721653867616189,0.18919564640297337,0.2829697403586455,0.2451306034597296,0.14143881072471465,0.10369179273501494,-0.029707969069699525
2021-12-14,INTU,639.48,2.0679332181922856,True,True,716.86,-0.10794297352342153,True,-0.02878901607556139,-0.000647444751381232,-0.02814157132418016,-0.09729780446612879,0.016531422651933525,-0.11382922711806231,-0.3130043160067555,-0.09342627762430944,-0.21957803838244605,-0.3484549946831801,-0.10277106353591159,-0.2456839311472685,-0.3576343278914118,-0.13900638812154698,-0.21862793976986483,-0.324216550947645
2022-03-11,INTU,439.32,0.7319929036073329,True,True,716.86,-0.3871606729347432,False,0.09230173905126104,0.05820458495012737,0.034097154101133675,0.09906218701629776,0.06546527959625781,0.033596907420039956,-0.051602476554675425,-0.01030780584188351,-0.041294670712791914,-0.03145770736592912,-0.056300140452781644,0.024842433086852522,-0.10632340890467085,-0.08131978003666052,-0.02500362886801033,-0.22753346080305925
2022-06-07,INTU,416.65,0.6182467860333241,True,True,716.86,-0.4187846999414112,False,-0.12449297971918882,-0.10071198345119547,-0.02378099626799335,-0.013944557782311295,-0.0643430990522923,0.050398541269981,0.021240849633985315,-0.04647135228748733,0.06771220192147265,-0.07442697707908319,-0.04769808053110114,-0.02672889654798205,0.07641905676227068,0.029561745321595057,0.04685731144067562,-0.14743789751590053
2023-10-25,INTU,483.03,0.45569887288288835,True,True,558.64,-0.13534655592152378,True,0.012711425791358755,0.012238055322715935,0.00047337046864281973,0.1681055006935388,0.08973775595737021,0.07836774473616859,0.316315756785293,0.16120225122739784,0.15511350555789516,0.2595076910336833,0.1963118189438391,0.06319587208984423,0.24632010434134521,0.3842414082145851,-0.13792130387323986,-0.01960540753162321
2024-05-24,INTU,606.99,0.37823845961717484,True,True,676.62,-0.10290857497561412,True,-0.0655200250415987,-0.0030976125717741,-0.062422412469824606,0.03868268011005127,0.029068449682683628,0.009614230427367643,0.10461457355145876,0.0588924146267753,0.045722158924683454,0.15448359940031953,0.12071245089150784,0.03377114850881169,0.2388342476811809,0.11655711695376225,0.12227713072741864,-0.08187943788200802
2025-11-14,INTU,662.41,0.7973409306742638,True,True,813.7,-0.18592847486788755,False,0.001117132893525108,-0.019198428407721013,0.02031556130124612,-0.011790280943826281,0.013096602324647044,-0.024886883268473325,-0.39922404553071356,0.013900257467295729,-0.4131243029980093,-0.4062740598722845,0.10026342029675717,-0.5065374801690417,,,,-0.4095046874292356
2013-01-04,ISRG,55.5867,0.6202350485895336,True,True,66.0989,-0.15903744237801232,False,0.0114325908895474,0.004782400765183992,0.006650190124363409,0.14657642925376035,0.02165744346519083,0.12491898578856953,-0.003578194064407514,0.060531529685044605,-0.06410972374945212,0.0038174599319622526,0.10049873607979776,-0.0966812761478355,-0.24040642815637547,0.24970963995354234,-0.4901160681099178,-0.09014926232354137
2013-04-03,ISRG,55.3878,0.43190860652876983,True,True,66.0989,-0.16204656961008435,False,0.0006824607585065312,0.02216066481994461,-0.021478204061438078,-0.016711261324696025,0.019648263866520743,-0.03635952519121677,0.007422212111692472,0.037686014301359316,-0.030263802189666844,-0.2560943023553923,0.0946981897829029,-0.3507924921382952,-0.12136607700612767,0.2047284674354184,-0.32609454444154606,-0.06696239966201945
2016-11-09,ISRG,72.3844,0.6711393901335352,True,True,80.8056,-0.1042155494173671,True,-0.01243361829344447,0.006886033829374361,-0.01931965212281883,-0.049119699824824115,0.04053054810980683,-0.08965024793463094,0.08101883831322776,0.0580460301321748,0.02297280818105296,0.3004956869159652,0.10342915241704409,0.1970665344989211,0.8007567929001276,0.1954432017746559,0.6053135911254717,-0.06255077060803149
2017-12-14,ISRG,120.1867,1.1676508144920428,True,True,135.0167,-0.10983826445173073,True,0.0021350116111016337,0.007227282993299555,-0.0050922713821979215,0.16504821248940194,0.04257321388240598,0.12247499860699596,0.22245889104202043,0.03628698336219216,0.18617190767982827,0.3440197625860433,0.047165549951065255,0.296854212634978,0.4207062844724083,-0.0010916208687796747,0.421797905341188,-0.0021633009309682816
2018-03-23,ISRG,133.05,1.3773065054755773,True,True,150.6667,-0.11692497413164271,True,0.004359263434798866,-0.002247626428986571,0.006606889863785437,0.12198421645997737,0.03301685719821723,0.08896735926176014,0.22410146561443067,0.06762255376864945,0.15647891184578122,0.4000248027057496,0.12702964541755457,0.272995157288195,0.4061382938744833,0.08215462119744221,0.3239836726770411,-0.013979706877113918
2018-10-10,ISRG,170.7367,2.271864753666403,True,True,193.7067,-0.11858133972650398,True,0.059936147295806874,0.0077254761049225795,0.052210671190884295,0.06534388915798428,0.009737693136902648,0.05560619602108163,-0.05704690321413031,-0.07736255839022643,0.020315655176096126,0.11337105613497256,0.031908012935680796,0.08146304319929176,0.0037285481094573303,0.04660438375853393,-0.0428758356490766,-0.16003237733890852
2019-01-08,ISRG,160.9967,1.619063267128781,True,True,193.7067,-0.16886354473025456,False,0.06722684378002763,0.01394243875842216,0.053284405021605474,0.0806637651579194,0.062195739377653325,0.018468025780266073,0.18072792796374082,0.11843283872726573,0.06229508923647509,0.09590258682320818,0.15145850371928193,-0.055555916896073754,0.23348304654691687,0.26042762004907116,-0.02694457350215429,0.007556676627533454
2019-04-17,ISRG,175.0,1.5231480813981988,True,True,196.44,-0.10914274078599062,True,-0.013752571428571447,0.00898255311798235,-0.022735124546553798,-0.06337142857142863,-0.006045949214026569,-0.057325479357402065,0.00523828571428564,0.03903955778200041,-0.03380127206771477,-0.03047600000000006,-0.003178441872516924,-0.027297558127483135,-0.026666857142857103,-0.04038694074969773,0.013720083606840627,-0.1330474285714286
2019-07-15,ISRG,175.9167,1.3444806648683802,True,True,196.44,-0.1044761759315822,False,0.014684791153995125,-0.009476309226932766,0.02416110038092789,-0.03386091257964696,-0.04216126350789695,0.008300350928249989,-0.03552817896197458,-0.0406317539484623,0.0051035749864877245,0.12428211761589436,0.07201995012468831,0.052262167491206046,0.09117951848801176,0.05599334995843708,0.03518616852957468,-0.08668875666721809
2020-02-27,ISRG,181.54,1.2173284819348922,True,True,206.3333,-0.12016140874982373,True,0.04360857111380434,0.01663809619844714,0.0269704749153572,-0.07922937093753435,-0.12204631777083119,0.04281694683329684,0.03338107304175386,-0.006957749319350559,0.04033882236110442,0.27132698027982816,0.1382474538670968,0.13307952641273135,0.39309959237633585,0.31682968639709586,0.07626990597924,-0.3380703977084939
2020-06-11,ISRG,182.61,0.7935365503910994,True,True,206.3333,-0.11497562439024622,False,0.06883522260555286,0.03715777918232921,0.03167744342322365,0.05118394392421011,0.05648514686803496,-0.0053012029438248565,0.34216800832374994,0.1395828482086423,0.20258516011510763,0.3391928152894146,0.21759089850637037,0.12160191678304422,0.5337604731394774,0.4026479491700208,0.1311125239694566,-0.008761842177317902
2020-09-08,ISRG,231.39,1.036942974575846,True,True,259.61,-0.10870151380917537,True,0.030828039241108218,0.02088772845953013,0.009940310781578088,0.006986905224944939,0.0051619099066655405,0.0018249953182793988,0.08227105752193276,0.1007772875964108,-0.018506230074478047,0.08042698474437104,0.16004921821073803,-0.07962223346636699,0.5439591166428974,0.3597431049488311,0.18421601169406632,-0.08770171571805174
2021-01-22,ISRG,248.0267,0.7147069376625943,True,True,275.6033,-0.10005903412622408,True,0.0047841623502631325,-0.03345695779356461,0.038241120143827745,-0.0036020315554736726,0.010838905139991528,-0.0144409366954652,0.09008425302598466,0.07649916422900138,0.01358508879698328,0.28166322416094713,0.13547325532804022,0.1461899688329069,0.1831790690276489,0.17987358963643962,0.0033054793912092872,-0.08289430129901343
2021-10-04,ISRG,323.5,0.6982224571677849,True,True,362.3367,-0.10718400868584388,True,0.0021020092735704043,0.014114408361328934,-0.01201239908775853,0.09746522411128278,0.07325494587532666,0.024210278235956117,0.12911901081916533,0.11394176931690936,0.015177241502255967,-0.11323029366306026,0.0561076894363568,-0.16933798309941706,-0.4205873261205564,-0.16671332586786114,-0.25387400025269524,-0.030324574961360096
2022-01-07,ISRG,324.29,0.8813598654058132,True,True,369.69,-0.12280559387595003,True,-0.051034567825094856,-0.002939346478147864,-0.04809522134694699,-0.12149619168028625,-0.04039992276169835,-0.0810962689185879,-0.08748342532918063,-0.03231135617584591,-0.055172069153334724,-0.3644577384439853,-0.18204638589113686,-0.18241135255284846,-0.16620925714638146,-0.16737110858417903,0.0011618514377975675,-0.21613370748404215
2022-04-18,ISRG,276.35,0.5791428571428572,True,True,369.69,-0.2524818090832859,False,-0.07682286954948436,-0.02159965294426569,-0.05522321660521867,-0.20560882938302882,-0.08648994223348638,-0.11911888714954244,-0.2606839153247694,-0.1371326803205699,-0.12355123500419951,-0.3172426271033111,-0.17165559284882526,-0.14558703425448583,-0.0269947530305773,-0.05486677169669163,0.02787201866611433,-0.32393703636692606
2023-08-11,ISRG,304.49,0.3374375787060646,True,True,358.07,-0.1496355461222666,True,-0.060888699136260716,-0.02053180747223149,-0.040356891664029226,-0.007028145423494947,0.0062829574778413555,-0.013311102901336302,-0.08942822424381758,-0.022349377314035634,-0.06707884692978194,0.2603697986797595,0.10927858184674077,0.15109121683301874,0.5219875857992051,0.19598339504095152,0.3260041907582536,-0.16302670038424916
2023-11-21,ISRG,311.82,0.27554610161171555,True,True,358.07,-0.1291646884687352,False,-0.0033993970880635827,0.002956295364793693,-0.006355692452857276,0.04364697581938293,0.033070796655415124,0.010576179163967803,0.21108331729844143,0.09594722792154786,0.11513608937689357,0.28083509717144506,0.16879564056743224,0.11203945660401282,0.7279840933872108,0.3023142939087078,0.42566979947850303,-0.02347508177794877
2025-03-06,ISRG,538.57,0.8472646201337679,True,True,616.0,-0.12569805194805184,True,-0.11472974729375951,-0.0371741369977826,-0.0775556102959769,-0.08162355868317961,-0.06287649944998341,-0.018747059233196195,0.027331637484449445,0.03492168811440344,-0.007590050629953993,-0.1251833559240212,0.129070559270835,-0.2542539151948562,-0.077742911784912,0.18962476646121051,-0.2673676782461225,-0.21087323839055283
2025-06-02,ISRG,553.29,1.4858028573995865,True,True,616.0,-0.10180194805194809,False,-0.04905203419544901,0.011759545140118899,-0.06081157933556791,-0.027652767987854432,0.042077913313424586,-0.06973068130127902,-0.14845740931518736,0.09097197617721986,-0.23942938549240722,-0.0019158126841257728,0.10092625398592903,-0.1028420666700548,-0.25489345551157616,0.27978269305393866,-0.5346761485655148,-0.16635037683674014
2025-08-27,ISRG,471.15,1.1558982337329549,True,True,616.0,-0.2351461038961039,False,-0.03529661466624212,0.0038507338044941886,-0.03914734847073631,-0.0701050620821394,0.017660795199727852,-0.08776585728186725,0.17208956807810694,0.009124228693379477,0.16296533938472746,0.060235593759949024,0.05853424678718899,0.0017013469727600317,-0.21379603098800803,0.18472696905494645,-0.3985230000429545,-0.09192401570625064
2015-03-11,JNJ,98.32,0.5290824261275271,True,True,109.49,-0.1020184491734405,False,0.031936533767290554,0.029144254278728576,0.0027922794885619773,0.030614320585842236,0.021515892420537863,0.009098428165304373,0.0027461350691619923,0.02577017114914426,-0.02302403607998227,-0.04414157851912115,-0.033398533007334974,-0.010743045511786176,0.08034987794955262,-0.029828850855745714,0.11017872880529833,-0.002847843775427017
2016-10-21,JNJ,113.44,0.22823733217843212,True,True,126.07,-0.10018243832791307,False,0.016660789844851864,-0.006729600897280141,0.023390390742132006,0.016925246826516194,0.021123469483129265,-0.004198222656613071,0.006699576868829382,0.05575287410038321,-0.04905329723155383,0.10825105782792677,0.09622394616319285,0.012027111664733914,0.2521156558533144,0.19539209271894564,0.05672356313436877,-0.03631875881523272
2017-02-01,JNJ,113.23,0.27986888210692906,True,True,126.07,-0.10184817958277137,False,0.001501368895169053,0.007117125032949589,-0.0056157561377805365,0.09184845005740527,0.04678850716105787,0.045059942896347405,0.09043539697959901,0.04595378262015637,0.044481614359442645,0.16470899938178918,0.08698708373605113,0.07772191564573805,0.2578821866996379,0.23785256128635446,0.02002962541328346,-0.00538726485913632
2018-02-08,JNJ,126.36,0.26638604930847865,True,True,148.32,-0.1480582524271844,True,0.03854067742956624,0.059775647246050445,-0.021234969816484206,0.058879392212725534,0.08244381477312435,-0.023564422560398812,-0.021921494143716358,0.03605946512440328,-0.057980959268119636,0.04969927192149415,0.09016807048868536,-0.04046879856719121,0.04503007280785076,0.04855800954857736,-0.0035279367407266005,-0.04020259575815133
2020-03-17,JNJ,136.59,0.05916563275434239,True,True,154.5,-0.11592233009708741,True,-0.12746174683358957,-0.038172468354430444,-0.08928927847915913,0.08104546452888206,0.09873417721518973,-0.017688712686307673,0.031334651145764614,0.18912183544303796,-0.15778718429727334,0.087854162090929,0.3551028481012657,-0.2672486860103367,0.1744637235522366,0.5680775316455697,-0.39361380809333313,-0.20081997217951542
2022-09-16,JNJ,167.6,0.29251176062312023,True,True,186.69,-0.1022550752584499,False,-0.005250596658711193,-0.045673825085589814,0.04042322842687862,-0.018735083532219532,-0.0724400871459695,0.05370500361374997,0.0610978520286396,0.03472870629733382,0.026369145731305776,-0.09540572792362756,0.0009077705156137483,-0.09631349843924131,-0.036694510739856856,0.1499377528789294,-0.18663226361878626,-0.05029832935560863
2014-10-15,JPM,55.53,0.6725903614457831,True,True,61.85,-0.10218270008084074,True,0.0345759049162615,0.03357828675642338,0.0009976181598381206,0.09058166756708097,0.094029930805128,-0.0034482632380470335,0.05942733657482435,0.0870031647267071,-0.027575828151882753,0.10696920583468383,0.12052781204741736,-0.013558606212733526,0.10840986853952805,0.07412970015555431,0.03428016838397374,-0.022510354763191076
2015-01-20,JPM,55.71,0.5958178172443427,True,True,63.49,-0.12253898251693185,True,0.008795548375515994,0.0033653370286053086,0.005430211346910685,0.0656973613354872,0.03993863208947834,0.02575872924600886,0.1453957996768982,0.04112639809957441,0.10426940157732378,0.22222222222222232,0.03815698307433446,0.18406523914788786,0.02387363130497211,-0.07052360684945069,0.0943972381544228,-0.025848142164781818
2015-08-24,JPM,60.25,0.6122558201766124,True,True,70.61,-0.14672142755983575,True,0.06390041493775933,0.04311345646437981,0.020786958473379524,0.010954356846472946,0.023271767810026267,-0.012317410963553321,0.09759336099585059,0.08427440633245387,0.01331895466339672,-0.03153526970954357,0.0014775725593667577,-0.033012842268910325,0.09311203319502082,0.15324538258575204,-0.06013334939073123,-0.028547717842323683
2016-01-06,JPM,62.81,0.38470017636684317,True,True,70.61,-0.11046593966860219,False,-0.08708804330520614,-0.05024645407906636,-0.03684158922613978,-0.070211749721382,-0.036314254099185206,-0.033897495622196794,-0.05747492437509949,0.03737048586661307,-0.09484541024171256,-0.052380194236586464,0.022029976863494616,-0.07441017110008108,0.3887915936952715,0.13288401569258634,0.25590757800268515,-0.16414583665021498
2017-04-13,JPM,84.4,0.5356622998544396,True,True,93.98,-0.1019365822515429,True,0.0014218009478672577,0.008945851791320791,-0.007524050843453534,0.0298578199052133,0.027826760139348927,0.0020310597658643736,0.09988151658767763,0.04163261795191597,0.05824889863576166,0.1417061611374406,0.08881338437056474,0.05289277676687587,0.3432464454976303,0.14373575330093336,0.19951069219669693,-0.03270142180094793
2018-03-23,JPM,107.01,0.7699305325835264,True,True,119.33,-0.10324310734936726,True,0.00784973366975028,-0.002247626428986571,0.010097360098736852,0.03663209045883553,0.03301685719821723,0.0036152332606183,0.005046257359125228,0.06762255376864945,-0.06257629640952422,0.060835435940566285,0.12702964541755457,-0.06619420947698829,-0.0677506775067751,0.08215462119744221,-0.14990529870421732,-0.019157088122605415
2018-06-22,JPM,105.75,0.5161290322580645,True,True,119.33,-0.11380206151009808,False,-0.014657210401891274,-0.01259372497634137,-0.0020634854255499047,0.07186761229314409,0.019873334789255237,0.05199427750388885,0.08085106382978724,0.058855645337410056,0.021995418492377183,-0.043782505910165415,-0.03410497197350226,-0.009677533936663152,0.03489361702127658,0.07010264249836196,-0.035209025477085376,-0.033569739952718614
2018-10-12,JPM,106.95,0.7376116978066614,True,True,119.33,-0.10374591469035443,True,0.008976157082748903,0.00108715346983157,0.007889003612917334,0.04057971014492767,0.00655915926798345,0.03402055087694422,-0.06133707339878447,-0.06185903243341184,0.0005219590346273728,-0.012155212716222552,0.046530168508787995,-0.05868538122501055,0.08592800374006537,0.07367276680558077,0.012255236934484603,-0.14810659186535768
2019-01-10,JPM,100.39,0.703835709436524,True,True,119.33,-0.1587195173049526,False,0.025201713318059538,0.015760197775030793,0.009441515543028745,0.009662316963841011,0.04476977750309041,-0.0351074605392494,0.052395656937942015,0.11553615574783693,-0.06314049880989492,0.12381711325829259,0.15420271940667507,-0.030385606148382482,0.36408008765813316,0.25328337453646466,0.1107967131216685,-0.022910648470963246
2020-02-25,JPM,126.26,0.3865583132000878,True,True,141.1,-0.1051736357193479,True,-0.07365753207666725,-0.03969294738525497,-0.03396458469141228,-0.29961983209250753,-0.22229329921637608,-0.07732653287613145,-0.27665135434817045,-0.05027986566448095,-0.2263714886836895,-0.18889592903532404,0.07737086198624654,-0.2662667910215706,0.18335181371772524,0.23790180713257647,-0.05454999341485123,-0.39086012989070174
2020-06-04,JPM,106.44,0.28799612778315575,True,True,141.1,-0.24564138908575472,False,-0.08671552048102216,-0.03452595066803699,-0.05218956981298517,-0.12946260804208942,0.0027941932168551453,-0.13225680125894457,-0.03447951897782786,0.12596351490236368,-0.16044303388019154,0.10738444193912078,0.14806012332990748,-0.0406756813907867,0.5601277715144684,0.3499807297019526,0.21014704181251576,-0.1471251409244645
2023-10-03,JPM,142.71,0.48239326893113144,True,True,159.38,-0.10459279708871871,True,0.02060121925583358,0.03071704736829628,-0.0101158281124627,-0.02557634363394301,-0.008040987689461265,-0.017535355944481745,0.1933291290028729,0.13069569961336858,0.06263342938950434,0.37152266834839875,0.230603192675348,0.14091947567305074,0.45077429752645215,0.3487511563367254,0.10202314118972677,-0.05269427510335656
2024-08-05,JPM,194.9,0.2892769729443674,True,True,217.56,-0.10415517558374698,True,0.057927142124166275,0.03071243573388993,0.027214706390276344,0.13032324268855833,0.06706869225714174,0.06325455043141659,0.14366341713699327,0.12445397966678251,0.019209437470210755,0.3706516162134428,0.16842552862499516,0.20222608758844762,0.4949717804002052,0.21375004832038358,0.2812217320798216,-0.004617752693689137
2025-03-04,JPM,250.25,0.691221193485166,True,True,280.25,-0.10704727921498658,True,-0.08435564435564435,-0.03629996879658848,-0.04805567555905588,-0.026333666333666295,-0.027545678327497103,0.0012120119938308083,0.05642357642357654,0.022865166591547137,0.0335584098320294,0.17842157842157835,0.11373643518358012,0.06468514323799823,0.1998401598401598,0.17936761085878716,0.02047254898137263,-0.19216783216783218
2026-01-20,JPM,302.74,1.170334791024446,True,True,337.25,-0.10232765011119349,True,-0.008026689568606749,0.026432303196670448,-0.0344589927652772,0.019951113166413403,0.012854570678000998,0.007096542488412405,0.02381581555129797,0.03553823902712594,-0.01172242347582797,0.13262205192574483,0.10958115646860889,0.023040895457135946,,,,-0.07808680716126049
2026-05-08,JPM,302.1,1.2216502426827476,True,True,337.25,-0.10422535211267603,False,-0.01420059582919575,0.002101353000189654,-0.016301948829385404,0.029824561403508643,0.0021691385808411123,0.02765542282266753,0.18914266799073154,0.04361324259103605,0.1455294253996955,,,,,,,-0.027904667328699118
2013-01-04,KLAC,4.898,0.32665222101841795,True,True,5.543,-0.11636298033555847,False,0.004287464271131025,0.004782400765183992,-0.0004949364940529666,0.13964883625969793,0.02165744346519083,0.1179913927945071,0.04736627194773391,0.060531529685044605,-0.013165257737310698,0.13454471212739905,0.10049873607979776,0.03404597604760129,0.2939975500204166,0.24970963995354234,0.04428791006687427,-0.032870559412004785
2013-04-03,KLAC,5.13,0.6585838991270612,True,True,5.797,-0.11505951354148691,True,0.05769980506822625,0.02216066481994461,0.03553914024828164,0.0446393762183237,0.019648263866520743,0.024991112351802958,0.08323586744639377,0.037686014301359316,0.04554985314503446,0.19434697855750493,0.0946981897829029,0.09964878877460204,0.34775828460038993,0.2047284674354184,0.14302981716497154,-0.02085769980506824
2013-08-27,KLAC,5.467,0.8825757575757576,True,True,6.094,-0.10288808664259941,True,0.06859337845253344,0.01481662891079405,0.05377674954173939,0.12456557526980072,0.03495989714075787,0.08960567812904285,0.1316992866288642,0.09269576930141432,0.03900351732744989,0.17797695262484003,0.12055348068327931,0.05742347194156072,0.3811962685202124,0.22573930080205695,0.15545696771815543,0.0005487470276202
2014-02-03,KLAC,5.973,0.35503629764065314,True,True,6.705,-0.10917225950783005,False,0.0435292147999331,0.03353045874720095,0.00999875605273215,0.0919136112506278,0.07699374174656959,0.014919869504058214,0.07132094424912117,0.08118504908996971,-0.009864104840848542,0.19872760756738672,0.13521272320146993,0.06351488436591679,0.029131089904570695,0.14514554745363717,-0.11601445754906647,-0.0048551816507617085
2014-04-30,KLAC,6.399,0.4520081688223281,True,True,7.193,-0.11038509662171547,True,-0.017033911548679503,-0.0022834687483405114,-0.014750442800338992,0.025941553367713865,0.021560193298284736,0.00438136006942913,0.1189248320050007,0.049970792841590894,0.06895403916340981,0.08704485075793089,0.010567680951622416,0.07647716980630848,-0.06594780434442882,0.12282937709096697,-0.1887771814353958,-0.040006250976715174
2014-10-16,KLAC,6.823,0.5591864716636197,True,True,8.127,-0.16045281161560232,True,0.04059797742928328,0.0464916519031513,-0.005893674473868016,0.16429722995749674,0.09620443442314919,0.06809279553434755,-0.0328301333724168,0.08487679175390572,-0.11770692512632253,-0.13351897992085604,0.12761045793740267,-0.2611294378582587,-0.2292246812252675,0.06989853438556914,-0.29912321561083666,-0.042796423860472
2017-06-14,KLAC,9.855,0.4372174420300423,True,True,10.959,-0.10073911853271278,True,-0.005479452054794498,-0.005281690140845119,-0.00019776191394937914,-0.00963977676306449,0.0007369800196526111,-0.0103767567827171,-0.0426179604261796,0.009580740255486386,-0.05219870068166599,0.023642820903094774,0.08147723550605956,-0.05783441460296479,0.15261288685946206,0.14199148378643955,0.010621403073022506,-0.10776255707762572
2017-09-14,KLAC,9.746,0.26031294452347087,True,True,10.959,-0.11068528150378676,False,0.021136876667350757,-0.0027989923627494973,0.023935869030100254,0.07551816129694222,0.01819345035787112,0.0573247109390711,0.06689924071413911,0.061657803190851235,0.005241437523287873,0.2004925097475887,0.09600543804230477,0.10448707170528393,0.05581777139339206,0.1560638170258708,-0.10024604563247874,-0.0022573363431152016
2018-01-30,KLAC,10.941,0.7259820160908661,True,True,12.165,-0.10061652281134392,True,-0.038204917283612194,-0.04482538330494035,0.006620466021328153,0.03564573622155187,-0.035881601362862114,0.07152733758441399,-0.07842061968741432,-0.0548339011925042,-0.02358671849491012,-0.02257563294031628,-0.005536626916524678,-0.017039006023791603,-0.07695823050909423,-0.0651263486655308,-0.01183188184356343,-0.12146970112421174
2018-04-26,KLAC,10.083,0.6951916610625419,True,True,12.396,-0.186592449177154,True,0.021422195775066877,-0.013856032443393063,0.03527822821845994,0.12595457701081014,0.02437009500206533,0.10158448200874481,0.060597044530397826,0.05215726033569901,0.008439784194698818,-0.0780521670137857,0.05290826480417543,-0.13096043181796113,0.24377665377367852,0.09665427509293689,0.14712237868074163,-0.017554299315679867
2018-07-23,KLAC,10.694,1.0696729243274632,True,True,12.396,-0.13730235559858017,False,-0.00598466429773703,-0.0008922198429692774,-0.005092444454767753,0.03731064148120433,0.01952177016416856,0.01778887131703577,-0.13072751075369382,0.0007137758743753775,-0.1314412866280692,-0.13568356087525724,-0.08137044967880092,-0.05431311119645632,0.282494856929119,0.06316916488222701,0.219325692046892,-0.14999064896203484
2018-10-16,KLAC,9.296,0.7656220322886989,True,True,12.396,-0.25008067118425303,False,-0.026570567986230587,-0.02421540656205412,-0.0023551614241764662,0.004948364888124113,-0.02974322396576312,0.034691588853887234,-0.00570137693631656,-0.08202567760342372,0.07632430066710716,0.3268072289156627,0.028138373751783297,0.2986688551638794,0.7487091222030982,0.06590584878744665,0.6828032734156515,-0.13242254733218584
2019-06-25,KLAC,11.307,0.5218034993270526,True,True,12.903,-0.12369216461288068,True,0.058017157513044815,0.019500619067271963,0.03851653844577285,0.2616078535420536,0.03673132480396202,0.2248765287380916,0.39046608295746,0.03549319026000819,0.3549728926974518,0.5144600689838152,0.09134681524281185,0.4231132537410034,0.696824975678783,0.06830375567478342,0.6285212200039996,0.006898381533563258
2019-11-21,KLAC,16.159,1.018865567216392,True,True,17.995,-0.10202834120589066,True,0.01404789900365122,0.013020917265607501,0.0010269817380437196,0.09827340800792128,0.033712572920359785,0.0645608350875615,0.035336345070858366,0.0859896219421794,-0.05065327687132104,0.03614085030014236,-0.07731975376285172,0.11346060406299407,0.48734451389318645,0.14829019885905814,0.3390543150341283,-0.03731666563524971
2020-02-21,KLAC,16.112,0.8213881980556181,True,True,18.45,-0.12672086720867215,True,-0.04599056603773577,-0.1116108912078686,0.06562032517013283,-0.29232869910625614,-0.31390188317140455,0.02157318406514841,0.06945134061569047,-0.11538922873935475,0.18484056935504523,0.29096325719960303,0.011874775098956292,0.27908848210064674,1.0181231380337636,0.17164447643037062,0.846478661603393,-0.31609980139026805
2020-07-24,KLAC,18.821,0.8781558726673984,True,True,20.93,-0.10076445293836589,True,0.061739546251527555,0.01757666417352266,0.044162882078004895,0.08373625205887025,0.057965594614809435,0.025770657444060818,0.09882577971414896,0.06585016205435057,0.032975617659798395,0.6145794591148186,0.17944402892046862,0.43513543019434997,0.6702619414483819,0.3570805285464971,0.31318141290188484,-0.08979331597683449
2020-10-26,KLAC,19.894,0.847339585848268,True,True,22.354,-0.11004741880647761,True,0.01653764954257575,-0.02707799286956014,0.04361564241213589,0.2578666934754199,0.053242582279972916,0.204624111195447,0.5331758319091184,0.12814166593005094,0.4050341659790675,0.6030964109781844,0.2144435605056132,0.38865285047257125,0.7242887302704333,0.33510121099619905,0.38918751927423423,-0.043882577661606414
2021-01-27,KLAC,28.444,1.5151649129012292,True,True,31.76,-0.10440806045340056,True,0.006539164674447928,0.019871264122218957,-0.013332099447771029,0.07154408662635348,0.021153281162362036,0.05039080546399144,0.1674518351849248,0.11305787772762477,0.054393957457300024,0.06444241316270571,0.15130471942522905,-0.08686230626252334,0.37498242160033746,0.17475494778451406,0.2002274738158234,-0.03937561524398814
2021-04-30,KLAC,31.535,2.0995675250638883,True,True,35.969,-0.12327281826016845,True,0.013794196924052704,0.011550443326144189,0.0022437535979085155,0.004883462819089912,0.006566019650131816,-0.0016825568310419037,-0.02013635642936429,0.052024922118379946,-0.07216127854774423,0.04972253052164266,0.08413611310807578,-0.03441358258643312,-0.0018075154590136977,-7.18907260963686e-05,-0.001735624732917329,-0.09342000951323925
2021-07-27,KLAC,30.9,1.9586365377250092,True,True,35.969,-0.14092690928299378,False,0.12262135922330097,0.004874604223138457,0.11774675500016252,0.06148867313915862,0.020409557868841244,0.04107911527031738,0.07129449838187707,0.030523222705633124,0.040771275676243945,0.4401294498381878,0.05856358625088265,0.38156586358730515,0.13462783171521053,-0.09894991002482856,0.2335777417400391,0.0015210355987054225
2021-10-20,KLAC,33.103,2.624151521786731,True,True,37.46,-0.11631073144687665,True,0.02881914025919108,0.003381888110342235,0.025437252148848843,0.26828384134368477,0.03476934638933704,0.23351449495434773,0.34428903724737925,0.02720983178974823,0.317079205457631,-0.0023562819079843145,-0.0312106275281272,0.028854345620142885,-0.18810983898740297,-0.1796600428814571,-0.008449796105945873,-0.02307947920128095
2022-01-19,KLAC,39.319,3.107280894181552,True,True,45.712,-0.1398538676933847,True,-0.03202014293344191,-0.040664084117321586,0.008643941183879678,-0.019176479564587234,-0.011400110680686137,-0.007776368883901097,-0.18238001983773744,-0.030902047592694992,-0.15147797224504245,-0.20364200513746533,-0.16141671278361924,-0.04222529235384609,0.05562196393601049,-0.13339236303265078,0.18901432696866127,-0.21017828530735783
2022-04-14,KLAC,32.148,1.5852834740651387,True,True,45.712,-0.29672733636681836,False,0.00870971755630201,-0.026839352200826894,0.035549069757128904,0.04647256438969771,-0.08239110075607026,0.12886366514576797,-0.026004728132387744,-0.13467644304346837,0.10867171491108063,0.01869478661191981,-0.1475364900979923,0.1662312767099121,0.1666044543984071,-0.05785879074442091,0.224463245142828,-0.12022520841109874
2022-07-13,KLAC,31.312,1.5473478685323787,True,True,45.712,-0.3150157507875394,False,0.13838145120081768,0.04207692104637961,0.09630453015443807,0.19605901890648947,0.108650318084629,0.08740870082186047,0.045892948390393595,-0.014861547395929597,0.06075449578632319,0.20257409299948903,0.005253015864635779,0.19732107713485325,0.48847087378640763,0.17736187735923759,0.31110899642717005,-0.035162238119570866
2023-03-24,KLAC,37.507,1.7505866823115284,True,True,42.946,-0.12664741768732823,True,0.06425467246114058,0.0344662034112444,0.029788469049896182,-0.0073319646999225885,0.042653190145293784,-0.04998515484521637,0.21691950835843987,0.09902716361339237,0.1178923447450475,0.21102727490868367,0.12032849020846492,0.09069878470021875,0.8944730317007492,0.3170183196462415,0.5774547120545077,-0.051163782760551335
2023-09-15,KLAC,45.422,1.5506513926325245,True,True,52.019,-0.12681904688671453,True,-0.005283783188762992,-0.029208110607393367,0.023924327418630376,0.07174937255074632,-0.02677222184631345,0.09852159439705976,0.23114349874510154,0.041996526603062856,0.18914697214203868,0.5393641847562858,0.1541601822405667,0.38520400251571907,0.654484610981463,0.2675868913097412,0.3868977196717218,-0.030976178944123967
2024-04-18,KLAC,64.422,0.9345945945945946,True,True,72.915,-0.11647809092779271,True,0.04459656639036358,0.007947629724535554,0.036648936665828025,0.1633913880351432,0.0583960602178093,0.1049953278173339,0.34609294961348613,0.13080557335041654,0.2152873762630696,0.24899878923349172,0.15538917360666238,0.09360961562682935,-0.015196671944366802,0.0538316784112749,-0.0690283503556417,-0.0326751730775201
2024-07-17,KLAC,78.175,1.5289531573498967,True,True,89.632,-0.1278226526240629,True,-0.03323313079629031,-0.028207706395662058,-0.005025424400628253,0.01552926127278531,-0.02368298200883412,0.03921224328161943,0.020761112887751842,0.03445613531080527,-0.013695022423053427,-0.11826031339942422,0.056900204689912526,-0.17516051808933675,0.19869523504956832,0.127661866628362,0.07103336842120633,-0.1710905020786696
2024-10-10,KLAC,79.798,1.41738867009997,True,True,89.632,-0.10971528025705113,False,-0.16006666833755223,0.010796174474511089,-0.17086284281206332,-0.14014135692623886,0.033811813306024785,-0.17395317023226364,-0.13619388957116718,0.02169649211115554,-0.15789038168232272,-0.2775132208827289,-0.12297571728602918,-0.1545375035966997,0.2315471565703402,0.1334594622741394,0.09808769429620079,-0.2363217123236172
2025-01-07,KLAC,68.93,0.5842699211657361,True,True,89.632,-0.2309666190646198,False,0.03909763528217014,0.007050269269320175,0.032047366012849965,0.10520818221383998,0.030052834548018437,0.07515534766582155,-0.16360075438851018,-0.14159998640911953,-0.022000767979390656,0.3362831858407078,0.05405772726500535,0.28222545857570247,0.9725663716814157,0.17149992355129706,0.8010664481301186,-0.18792978383867698
2025-04-04,KLAC,57.653,0.5422663313894389,True,True,89.632,-0.35678106033559454,False,0.1625067212460758,0.05672102596580131,0.10578569528027448,0.2025219849790989,0.11524303356554788,0.08727895141355102,0.5976618736232286,0.2279330272324258,0.36972884639080283,0.8460270931261167,0.30980842305256506,0.5362186700735516,1.6712573500078052,0.30408882203926524,1.36716852796854,-0.04370978093074074
2025-09-02,KLAC,84.635,1.2466287959227014,True,True,95.926,-0.1177053145132706,True,0.08433863059018121,0.015712121448763883,0.06862650914141732,0.27441365865185796,0.04046730285660738,0.23394635579525058,0.35391977314349843,0.054273978165461534,0.2996457949780369,0.7801736870089204,0.07353147890733602,0.7066422081015844,1.0730194364033792,0.1980102144407827,0.8750092219625965,-0.016671589767826567
2025-11-25,KLAC,114.589,2.04482648668757,True,True,128.447,-0.1078888568826053,True,0.05747497578301575,0.013140351396995653,0.044334624386020094,0.11440888741502242,0.02275488133684922,0.0916540060781732,0.3148295211582264,0.018266125448134884,0.2965633957100915,0.5965494070111441,0.09811561138929226,0.49843379562185186,,,,-0.0008901377968216773
2026-02-24,KLAC,150.665,2.8353740803910084,True,True,169.335,-0.11025482032657163,True,-0.04334118740251558,-0.010213137411798856,-0.033128049990716724,0.03951813626256939,-0.049712664581363364,0.08923080084393276,0.214263432117612,0.07841710918745903,0.13584632293015297,0.3656788238807951,0.12412890085109463,0.24154992302970046,,,,-0.12320711512295479
2026-06-05,KLAC,192.92,3.3549515790424165,True,True,215.669,-0.10548108443958115,True,0.31940700808625344,0.005694529184462116,0.3137124789017913,0.12207132490151373,0.013775337265270249,0.10829598763624348,-0.11419241136222269,0.03285201003321814,-0.14704442139544083,,,,,,,-0.1288098693759071
2026-09-01,KLAC,170.89,2.547422830216096,True,True,307.37,-0.44402511630933406,True,,,,,,,,,,,,,,,,-0.022470595119667425
2020-02-28,KO,53.49,0.28365730741540673,True,True,60.13,-0.11042740728421752,True,0.033090297251822776,0.004050496185782793,0.029039801066039983,-0.1996634885025238,-0.1446027138324445,-0.055060774670079304,-0.13834361562908948,0.009518666036589352,-0.14786228166567883,-0.11441390914189575,0.13829069060959975,-0.2527045997514955,-0.06206767620115905,0.2905218389252684,-0.35258951512642744,-0.32192933258553
2018-11-27,LIN,152.55,0.34749580425757465,True,True,169.75,-0.10132547864506625,True,0.05427728613569327,0.006892697466468034,0.047384588669225236,0.025303179285480093,-0.0757451564828614,0.10104833576834149,0.1400196656833823,0.04068554396423263,0.09933412171914968,0.23395607997377899,0.06419523099850966,0.16976084897526933,0.3499836119305144,0.16754843517138607,0.18243517675912835,-0.043264503441494684
2019-08-14,LIN,185.64,0.5869379381090782,True,True,206.82,-0.10240789091964031,True,0.016698987287222744,0.03011623811201125,-0.013417250824788507,0.03194354664942911,0.06125396266290961,-0.0293104160134805,0.0913596207713856,0.08552307150405092,0.005836549267334679,0.16752854988149113,0.1724550898203594,-0.0049265399388682685,0.3189506571859513,0.1722437477985208,0.14670690938743047,-0.021762551174315803
2020-02-25,LIN,201.65,0.7119449868409882,True,True,227.85,-0.11498793065613333,True,-0.031043887924621982,-0.03969294738525497,0.00864905946063299,-0.18269278452764692,-0.22229329921637608,0.03960051468872916,-0.02806843540788495,-0.05027986566448095,0.022211430256596,0.2323332506818745,0.07737086198624654,0.15496238869562795,0.24507810562856425,0.23790180713257647,0.007176298495987776,-0.272452268782544
2020-05-20,LIN,195.99,0.5267585884552466,True,True,227.85,-0.1398288347597103,False,0.020664319608143078,0.020341494628363765,0.00032282497977931257,0.062095004847186,0.050011787289933496,0.012083217557252501,0.26792183274656867,0.13440878321489902,0.13351304953166965,0.3146078881575589,0.19408614825042947,0.12052173990712944,0.5204857390683197,0.38733034721988346,0.13315539184843628,-0.02877697841726623
2020-09-23,LIN,233.15,0.682543119001227,True,True,260.49,-0.10495604437790318,True,0.021359639716920453,0.03796801388544502,-0.016608374168524564,-0.009607548788333697,0.06226754277212998,-0.07187509156046368,0.1007076989062834,0.1537317133647409,-0.0530240144584575,0.1561226678104224,0.23127944458219685,-0.07515677677177446,0.30799914218314384,0.34400570295065713,-0.036006560767513296,-0.08153549217242129
2021-01-27,LIN,242.91,0.4870523415977961,True,True,274.58,-0.11533979168184127,True,0.029722942653657825,0.019871264122218957,0.009851678531438868,0.016837511835659402,0.021153281162362036,-0.004315769326702634,0.20044460911448692,0.11305787772762477,0.08738673138686215,0.19538100531060887,0.15130471942522905,0.04407628588537982,0.301552015149644,0.17475494778451406,0.12679706736512997,-0.004240253591865306
2022-01-21,LIN,316.12,0.9890517838041906,True,True,352.18,-0.10239082287466639,True,-0.0037327597115019984,0.009064340837481089,-0.012797100548983087,-0.041946096419081313,-0.008562034796109397,-0.03338406162297192,0.006421612046058289,0.01611945750947541,-0.00969784546341712,-0.12381374161710734,-0.12066761039316865,-0.0031461312239386974,0.039541946096419034,-0.09612311064432166,0.1356650567407407,-0.15377071997975456
2022-04-22,LIN,309.72,0.7437225537664678,True,True,352.18,-0.12056334828780735,False,0.007232338886736356,-0.03295465214533855,0.040186991032074904,0.01762882603641991,-0.08546145901793267,0.10309028505435258,-0.08581944982564915,-0.07339686414421187,-0.012422585681437281,-0.08801498127340834,-0.14099615059618809,0.05298116932277974,0.1823905462998836,-0.032485212656088724,0.21487575895597233,-0.14400103319126956
2022-07-20,LIN,283.14,0.39217228832726914,True,True,352.18,-0.19603611789425868,False,0.02581761672670768,0.015882665856068234,0.009934950870639447,0.092957547503002,0.08075588317248017,0.012201664330521833,-0.0024016387652751048,-0.07295387187476243,0.07055223310948733,0.13735254644345551,-0.01061377510955741,0.14796632155301292,0.3234089143180052,0.15307647490944087,0.17033243940856435,-0.07300275482093654
2024-05-02,LIN,419.62,0.46802406940945995,True,True,477.71,-0.12160097130057979,True,0.024403031314045975,0.029978417123735168,-0.005575385809689193,0.03789142557552072,0.04423499594083524,-0.0063435703653145215,0.07442447929078688,0.07320357206502592,0.0012209072257609588,0.1377675039321291,0.14446666534661312,-0.006699161414484012,0.0841952242505124,0.12223036255271968,-0.03803513830220728,-0.0036699871312140253
2024-12-12,LIN,438.5,0.32030591352523174,True,True,487.49,-0.10049436911526388,True,-0.043124287343215606,-0.03016563797924976,-0.012958649363965846,-0.025564424173318057,-0.03663561299290119,0.011071188819583133,0.03366020524515401,-0.08755150331772388,0.12121170856287788,0.07678449258836939,-0.007694471563549854,0.08447896415191924,-0.05076396807297601,0.12812536197110846,-0.17888933004408447,-0.06342075256556445
2025-04-04,LIN,437.96,0.3450033781708739,True,True,487.49,-0.10160208414531591,False,0.008836423417663664,0.05672102596580131,-0.047884602548137645,0.033176545803269786,0.11524303356554788,-0.0820664877622781,0.08952872408439139,0.2279330272324258,-0.13840430314803442,0.08322677870125128,0.30980842305256506,-0.22658164435131378,0.14044661612932696,0.30408882203926524,-0.16364220590993828,-0.06692391999269343
2013-06-04,LLY,52.5,0.5808491418247514,True,True,58.4,-0.10102739726027399,True,-0.010666666666666713,-0.002812423575446421,-0.007854243091220292,-0.03809523809523807,-0.014367816091954033,-0.023727422003284038,-0.019619047619047647,0.0021398875030569364,-0.021758935122104583,-0.038285714285714256,0.09996331621423327,-0.13824903049994752,0.13314285714285723,0.17938371239911954,-0.046240855256262314,-0.0727619047619048
2013-09-05,LLY,52.21,0.5217137860682015,True,True,58.4,-0.10599315068493143,False,0.013407393219689645,0.018016389491443574,-0.004608996271753929,-0.06531315839877427,0.010002410219329905,-0.07531556861810418,-0.03811530358168935,0.09062424680645931,-0.12873955038814866,0.14039456042903664,0.1196673897324656,0.02072717069657104,0.22869182149013612,0.20812243914196182,0.020569382348174292,-0.08963800038306835
2013-12-05,LLY,49.96,0.4633860574106621,True,True,58.4,-0.1445205479452054,False,-0.014611689351481272,-0.0045266569799933265,-0.010085032371487945,0.031425140112089744,0.019112551693305058,0.012312588418784687,0.18955164131305047,0.04923438023918636,0.1403172610738641,0.19815852682145718,0.07678551469766415,0.12137301212379303,0.42373899119295433,0.1617860735442047,0.2619529176487496,-0.021617293835068052
2015-08-24,LLY,80.73,0.9067076051015588,True,True,90.18,-0.10479041916167664,True,0.02006688963210701,0.04311345646437981,-0.023046566832272797,0.0875758701845657,0.023271767810026267,0.06430410237453943,0.007060572277963528,0.08427440633245387,-0.07721383405449034,-0.09166356992443958,0.0014775725593667577,-0.09314114248380634,-0.02068623807754244,0.15324538258575204,-0.17393162066329448,-0.0689954168215039
2015-11-17,LLY,81.3,0.768929503916449,True,True,92.85,-0.12439418416801296,True,0.031734317343173446,0.018883535309290878,0.012850782033882568,0.06137761377613793,0.012459239791697163,0.048918373984440766,-0.0980319803198032,-0.07636151262958091,-0.021670467690222295,-0.06137761377613771,0.005012897259940585,-0.06639051103607829,-0.05264452644526452,0.05411982284518424,-0.10676434929044876,-0.1337023370233701
2016-02-16,LLY,73.33,0.372193113772455,True,True,92.85,-0.2102315562735595,False,0.0019091776898949586,0.013383918221097968,-0.01147474053120301,-0.0285012955134325,0.06528612077141949,-0.09378741628485199,0.040638210827764976,0.08810201285699226,-0.04746380202922729,0.11223237419882737,0.14964695963747499,-0.03741458543864762,0.06082094640665492,0.21988618400252924,-0.15906523759587432,-0.0743215600709124
2016-05-11,LLY,76.31,0.39201021524990876,True,True,92.85,-0.1781367797522886,False,0.0002620888481195127,-0.0076997578692493684,0.007961846717368881,-0.024636351723234085,0.027021791767554593,-0.05165814349078868,0.06879832263137198,0.05656174334140429,0.012236579289967686,-0.03236797274275982,0.029297820823244614,-0.061665793566004434,0.05870790197877085,0.1595157384987893,-0.10080783652001846,-0.05818372428253171
2017-05-19,LLY,77.8,0.32628707807705415,True,True,86.72,-0.10285977859778594,True,0.0032133676092545027,0.014267131047794868,-0.011053763438540365,0.058354755784061796,0.02664596533926389,0.03170879044479791,0.05025706940874031,0.034408963115269975,0.015848106293470332,0.07982005141388182,0.08728127229239235,-0.007461220878510533,0.04961439588688954,0.1414124459737316,-0.09179805008684205,-0.012210796915167133
2017-08-17,LLY,77.8,0.2681336593317032,True,True,86.72,-0.10285977859778594,False,0.01362467866323902,0.003702332469455838,0.009922346193783182,0.05964010282776355,0.025093586737422235,0.03454651609034132,0.07056555269922882,0.061705541157595745,0.008860011541633073,-0.04614395886889466,0.059813237895429694,-0.10595719676432436,0.32814910025706934,0.159159159159159,0.16898994109791032,-0.011696658097686385
2018-12-18,LLY,106.5,0.23421022134662173,True,True,119.84,-0.11131508678237656,True,0.04309859154929585,-0.03489101458366006,0.07798960613295591,0.11887323943661965,0.03089226909204945,0.0879809703445702,0.17596244131455396,0.10682923004547584,0.06913321126907812,0.08206572769953047,0.13058648267210282,-0.048520754972572355,0.1535211267605634,0.25254822016622236,-0.09902709340565896,-0.000657276995305045
2019-04-17,LLY,116.5,0.5424334701443134,True,True,132.13,-0.11829259063043973,True,0.014849785407725413,0.00898255311798235,0.005867232289743063,0.00197424892703868,-0.006045949214026569,0.008020198141065249,-0.06892703862660943,0.03903955778200041,-0.10796659640860984,-0.07991416309012878,-0.003178441872516924,-0.07673572121761185,0.2976824034334764,-0.04038694074969773,0.33806934418317414,-0.09742489270386256
2019-08-02,LLY,112.42,0.35152680932916547,True,True,132.13,-0.149171270718232,False,0.012008539405799601,-0.0034174014079694226,0.015425940813769023,0.004892367906066619,-0.0005809582393548895,0.005473326145421509,0.005070272193559822,0.036497847037112896,-0.031427574843553074,0.2370574630848603,0.12353906089809308,0.11351840218676723,0.3609677993239637,0.10710136012576021,0.2538664391982035,-0.09838107098381077
2019-10-28,LLY,112.99,0.45324758842443713,True,True,132.13,-0.14485733747067286,False,0.0010620408885742005,0.01341905703923496,-0.01235701615066076,0.03964952650677045,0.03320145070886915,0.006448075797901298,0.23081688645012832,0.08397626112759626,0.14684062532253206,0.3511815204885387,-0.09976920540718759,0.45095072589572627,0.26011151429330037,0.14005934718100876,0.12005216711229161,-0.021948845030533626
2020-02-27,LLY,129.19,0.5589477494871484,True,True,147.87,-0.12632717927909654,True,0.08483628763836215,0.01663809619844714,0.06819819143991501,0.03994117191733104,-0.12204631777083119,0.16198748968816223,0.17005960213638827,-0.006957749319350559,0.17701735145573883,0.18515364966328685,0.1382474538670968,0.04690619579619004,0.583094666769874,0.31682968639709586,0.2662649803727781,-0.09389271615450112
2020-05-26,LLY,147.96,0.8971663033722275,True,True,164.9,-0.10272892662219524,True,0.039875642065423156,0.03009228300120359,0.009783359064219566,0.07691267910246014,0.04336632339173474,0.033546355710725395,0.029264666125979888,0.1275578440551024,-0.09829317792912251,-0.04683698296836991,0.18098836431723964,-0.22782534728560955,0.35090565017572306,0.3873879898354955,-0.036482339659772434,-0.05596107055961075
2020-08-19,LLY,152.29,0.9574550128534705,True,True,170.75,-0.10811127379209373,True,-0.01989625057456168,0.03066156629006911,-0.05055781686463079,0.0011819554796770326,-0.004121815971295684,0.005303771450972716,-0.07393788167312354,0.047386056993742987,-0.12132393866686653,0.3421104471731564,0.15671796696616536,0.18539248020699106,0.7907282159038675,0.3167274560389053,0.47400075986496226,-0.15155295817190872
2020-11-12,LLY,141.03,0.6932404850522271,True,True,170.75,-0.17405563689604686,False,0.016875842019428378,0.0129384785255231,0.003937363493905277,0.13479401545770386,0.037060105886016936,0.09773390957168693,0.4492661135928524,0.10438549304946076,0.34488062054339164,0.38566262497340986,0.19509640157413455,0.19056622339927531,0.8765510884209031,0.31259024376433286,0.5639608446565703,-0.017159469616393586
2021-03-15,LLY,189.16,1.3898926089703094,True,True,218.0,-0.13229357798165142,True,-0.017551279340241033,-0.00963648747508905,-0.007914791865151982,-0.03504969338126451,0.041497439519689205,-0.07654713290095372,0.19475576231761482,0.0636714512751948,0.13108431104242002,0.3722245717910764,0.14323553896218555,0.22898903282889083,0.40632268978642405,0.0733331651572866,0.33298952462913745,-0.05593148657221392
2021-09-09,LLY,240.0,1.2423619545921705,True,True,275.87,-0.1300250117809113,True,-0.03733333333333333,-0.004031359971490955,-0.033301973361842374,-0.028416666666666646,-0.022985433649605702,-0.0054312330170609435,0.023249999999999993,0.009889081919016496,0.013360918080983497,0.05904166666666666,-0.02470043209051631,0.08374209875718297,0.29833333333333334,-0.11403625996703648,0.4123695933003698,-0.08250000000000002
2021-12-03,LLY,245.58,1.0720553493081337,True,True,275.87,-0.10979809330481749,False,-0.005863669679941452,0.038198579683295764,-0.044062249363237216,0.10648261259060177,0.05357064090688546,0.05291197168371631,0.03497841843798355,-0.03425080499316313,0.06922922343114668,0.2764068735239025,-0.10610471527502097,0.38251158879892344,0.5079811059532533,-0.10153941158307977,0.6095205175363331,-0.05582702174444176
2022-03-02,LLY,254.17,0.994115801035619,True,True,283.9,-0.10471997182106374,True,0.03391430932053363,-0.023932951197789265,0.057847260518322896,0.14053586182476296,0.04752335061316759,0.09301251121159537,0.23326907188102441,-0.07440224713969257,0.307671319020717,0.23972144627611458,-0.05832515015186457,0.29804659642797915,0.23606247786914292,-0.0985407294069286,0.3346032072760715,0.0008655624188536049
2022-06-13,LLY,291.28,1.6049007333214091,True,True,324.08,-0.10120957788200446,True,0.02080472397692934,0.0001866666666665573,0.020618057310262783,0.10704476792090079,0.010213333333333185,0.0968314345875676,0.0831502334523484,0.06767999999999996,0.015470233452348436,0.2865970887118925,0.08509333333333347,0.20150375537855902,0.5288039000274651,0.15680000000000005,0.3720039000274651,-0.028048613018401447
2022-09-20,LLY,301.73,1.6386532575426327,True,True,335.33,-0.10019980317895794,True,0.03105425380306892,-0.05391965424770229,0.08497390805077121,0.11036357007920983,-0.03374209169725839,0.14410566177646822,0.20471945116494883,0.039860449373844586,0.16485900179110424,0.08398236834255779,0.019891171340050695,0.0640911970025071,0.90554469227455,0.1526204795750996,0.7529242126994504,-0.017929937361217063
2023-02-02,LLY,330.7,1.3453900709219857,True,True,375.25,-0.11872085276482347,True,0.0335349259147264,-0.02324967608810402,0.05678460200283042,-0.037103114605382514,-0.030207783482892547,-0.006895331122489967,0.22712428182642874,-0.0030471711694418646,0.2301714529958706,0.37583912912004847,0.08568069485100072,0.29015843426904775,0.9970668279407318,0.17376073707951445,0.8233060908612173,-0.06501360749924401
2023-09-29,LLY,537.13,2.626806212018906,True,True,601.84,-0.10752027116841689,True,0.05229646454303438,0.0048189388977262215,0.04747752564530816,0.043006348556215546,-0.03930008421446618,0.08230643277068173,0.06244298400759596,0.1126836343220734,-0.05024065031447744,0.4346806173552027,0.21926171984654252,0.21541889750866017,0.6342226276692793,0.33683447178815373,0.29738815588112555,-0.038277511961722355
2024-07-18,LLY,848.9,2.667429904523264,True,True,966.1,-0.1213124935306904,True,-0.032642242902579666,-0.02578438823146234,-0.006857854671117325,0.09739663093415007,0.0007418666087650738,0.096654764325385,0.09796206855931211,0.04870987587305042,0.04925219268626169,-0.07265873483331364,0.06664133463612365,-0.1393000694694373,-0.0909294380963599,0.13556255202113432,-0.2264919901174942,-0.11938979856284604
2024-10-30,LLY,846.83,2.38501818763241,True,True,972.53,-0.1292505115523428,True,-0.08319261244877962,0.01901691350149126,-0.10220952595027089,-0.0692464839460104,0.03244771641868249,-0.1016942003646929,-0.05048238725600174,0.03758555886967452,-0.08806794612567626,0.04453077949529405,-0.05063705798175899,0.09516783747705304,-0.0027514377147715985,0.17210048102618924,-0.17485191874096084,-0.1599258410779023
2025-01-29,LLY,804.08,2.3444804924715084,True,True,972.53,-0.17320802443112293,False,0.047383344940801875,0.004004586165068824,0.04337875877573305,0.12570888468809072,-0.027849321214336697,0.1535582059024274,0.10006467018207132,-0.08502683571226788,0.1850915058943392,-0.00645458163366841,0.05383758993702337,-0.06029217157069178,0.2732563923987661,0.15554743191372689,0.1177089604850392,-0.15793204656253113
2025-05-01,LLY,794.1,1.8076936675741613,True,True,972.53,-0.18346991866574802,False,-0.053708600931872574,0.011800096692749618,-0.06550869762462219,-0.07106157914620337,0.055365552312568234,-0.1264271314587716,-0.03922679763254,0.1375006714774294,-0.1767274691099694,0.02308273517189252,0.19576700628502852,-0.172684271113136,0.1769298577005416,0.2868372517771769,-0.1099073940766353,-0.10716534441506109
2026-02-03,LLY,1003.46,1.9332358959368605,True,True,1133.95,-0.1150756206181931,True,0.021465728579116217,0.0037561817469871084,0.01770954683212911,0.0001096207123352233,-0.006381158180209678,0.006490778892544902,-0.06862256592191018,0.0422461676794339,-0.11086873360134408,0.2164510792657406,0.07444201122503746,0.14200906804070312,,,,-0.15242261774261057
2026-04-30,LLY,934.6,1.4285417316287292,True,True,1133.95,-0.1758014021782266,False,0.04318424994650116,0.01797790332006799,0.025206346626433174,0.18232398887224477,0.05262572009016786,0.1296982687820769,0.3060774662957415,0.03089082459020953,0.275186641705532,,,,,,,0.009265996148084765
2026-08-03,LLY,1121.36,1.4645816391569042,True,True,1249.45,-0.10251710752731213,True,0.09861231005207971,0.020272678078846917,0.07833963197323279,0.03154205607476657,0.012380059920545916,0.01916199615422065,,,,,,,,,,-0.010879646143967858
2015-06-29,LMT,185.52,1.2020178041543028,True,True,207.06,-0.10402781802376115,False,0.02501078050883998,0.012656995424009443,0.012353785084830537,0.09761750754635612,0.019034173887644945,0.07858333365871117,0.09298188874514879,-0.05754064842761164,0.15052253717276043,0.16009055627425606,-0.002726122091324945,0.162816678365581,0.29204398447606716,-0.010612403855515429,0.3026563883315826,-0.01945881845623121
2016-08-30,LMT,239.45,0.9572502860879515,True,True,266.93,-0.10294833851571583,True,0.0080183754437253,0.0046330275229358175,0.003385347920789483,0.026310294424723324,-0.006238532110091843,0.03254882653481517,0.10419711839632484,0.01238532110091728,0.09181179729540756,0.11054499895594083,0.08385321100917431,0.02669178794676652,0.26794737941115065,0.12188073394495413,0.14606664546619652,-0.04572979745249528
2018-04-27,LMT,322.03,0.6597773425420057,True,True,363.0,-0.11286501377410474,True,-0.032885134925317416,-0.00202581032412974,-0.030859324601187677,-0.003819519920504222,0.02097088835534211,-0.024790408275846332,0.0016768624041239022,0.05646008403361358,-0.054783221629489676,0.03530726950905194,0.05210834333733483,-0.016801073828282886,0.019563394714778193,0.10072779111644659,-0.08116439640166839,-0.09474272583299692
2018-07-24,LMT,322.57,0.5903465956712517,True,True,363.0,-0.11137741046831962,False,0.010943361130917317,-0.000994282873477581,0.011937644004394898,0.005642186192144294,0.01679627854124477,-0.011154092349100475,0.03357410794556226,-0.004119171904406915,0.037693279849969175,-0.14437176426822085,-0.07549447817904187,-0.06887728608917898,0.10921660414793699,0.06540960903376991,0.04380699511416708,-0.03465914375174384
2018-10-23,LMT,321.35,0.4842270564869984,True,True,363.0,-0.11473829201101926,False,-0.09422747782791363,-0.02134424911370214,-0.07288322871421149,-0.08554535553135212,-0.034684404809765756,-0.05086095072158636,-0.12995176598724145,-0.039289499652790494,-0.09066226633445096,-0.033763808931072115,0.05789262088373959,-0.0916564298148117,0.16284425081686638,0.09283286429589555,0.07001138652097083,-0.24947876147502723
2020-02-27,LMT,384.6,0.4458646616541355,True,True,442.53,-0.13090637922852677,True,0.00026001040041601087,0.01663809619844714,-0.016378085798031128,-0.08910556422256899,-0.12204631777083119,0.0329407535482622,-0.040561622464898694,-0.006957749319350559,-0.033603873145548135,0.014716588663546526,0.1382474538670968,-0.12353086520355028,-0.09898595943837762,0.31682968639709586,-0.4158156458354735,-0.30808632345293807
2020-05-22,LMT,369.0,0.3319857055192579,True,True,442.53,-0.16615822656091106,False,0.05409214092140924,0.03422014622258329,0.019871994698825945,0.01886178861788612,0.051380991064175596,-0.032519202446289475,0.05761517615176159,0.14622258326563764,-0.08860740711387605,0.0007588075880757827,0.20725020308692121,-0.20649139549884543,0.05235772357723567,0.405632277281343,-0.3532745537041073,-0.0808130081300813
2023-10-25,LMT,447.69,0.21338356461405028,True,True,508.1,-0.11889391851997644,False,0.010475999017176996,0.012238055322715935,-0.0017620563055389393,0.006053295807366688,0.08973775595737021,-0.08368446015000353,-0.017914181688221675,0.16120225122739784,-0.17911643291561952,0.018762983314347004,0.1963118189438391,-0.17754883562949209,0.27565949652661437,0.3842414082145851,-0.10858191168797071,-0.03082490115928438
2024-10-28,LMT,555.17,0.4752212154226343,True,True,618.95,-0.10304548024880855,True,-0.021741088315290646,-0.018972849198560793,-0.0027682391167298537,-0.059945602247960084,0.028751958404352296,-0.08869756065231238,-0.09272835347731323,0.0319198388512989,-0.12464819232861213,-0.16503053118864486,-0.07818122342165534,-0.08684930776698951,-0.12500675468775324,0.18289344558648812,-0.30790020027424136,-0.16919141884467814
2025-01-27,LMT,503.69,0.34270786127475805,True,True,618.95,-0.18621859600937074,False,-0.09583275427346183,-0.0026694696097570025,-0.09316328466370483,-0.10965077726379324,-0.008558986936283097,-0.10109179032751014,-0.07969187397010058,-0.10669536346497166,0.02700348949487108,-0.08568762532510077,0.04905150407928316,-0.13473912940438393,0.15479759375806545,0.15576355172931589,-0.0009659579712504307,-0.16837737497270144
2013-02-25,LOW,35.86,0.5721174923279264,True,True,39.98,-0.10305152576288135,True,0.07166759620747354,0.02630872483221469,0.04535887137525885,0.06302286670384816,0.03993288590604016,0.023089980797807996,0.18377021751254885,0.12194630872483203,0.06182390878771682,0.2228109313998885,0.11664429530201348,0.10616663609787502,0.3123257110987172,0.23416107382550333,0.07816463727321388,0.001673173452314547
2013-06-24,LOW,39.45,0.8129595588235294,True,True,43.84,-0.10013686131386856,True,0.040811153358681906,0.0273780720743666,0.013433081284315307,0.14321926489226855,0.07691328154845278,0.06630598334381577,0.21039290240811148,0.10180822615560947,0.10858467625250201,0.1885931558935361,0.13415255316439567,0.05444060272914042,0.16653992395437256,0.2475487075003182,-0.08100878354594565,0.0007604562737641984
2013-12-02,LOW,46.83,1.0629955947136565,True,True,52.08,-0.10080645161290325,True,0.01985906470211396,0.004819143632637246,0.015039921069476714,0.058082425795430215,0.023043261507782686,0.03503916428764753,0.06833226564168271,0.03190605439539129,0.03642621124629142,0.0202861413623745,0.0608763086467623,-0.0405901672843878,0.3630151612214392,0.14773167894532757,0.2152834822761116,-0.05082212257100138
2014-04-07,LOW,46.77,0.7595936794582394,True,True,52.08,-0.101958525345622,False,-0.0027795595467180467,-0.007594662037539335,0.004815102490821288,-0.029506093649775522,0.0132364109797114,-0.04274250462948692,0.028864656831302016,0.06992513833134417,-0.041060481500042156,0.13705366688047893,0.07355972659216659,0.06349394028831234,0.6048749198203975,0.12742757947271355,0.477447340347684,-0.05644644002565746
2015-05-20,LOW,68.5,1.3362892223738063,True,True,76.25,-0.10163934426229504,True,0.028467153284671642,-0.001972942502818431,0.030440095787490073,0.024087591240876005,-0.00046974821495671115,0.024557339455832716,0.05270072992700725,-0.016253288237504715,0.06895401816451197,0.051386861313868604,-0.022547914317925466,0.07393477563179407,0.11051094890510949,-0.037720781661029656,0.14823173056613914,-0.03897810218978104
2015-08-24,LOW,68.31,1.6012947448591013,True,True,76.25,-0.10413114754098363,False,0.012589664763577701,0.04311345646437981,-0.030523791700802105,0.005270092226614009,0.023271767810026267,-0.018001675583412258,0.06646171863563155,0.08427440633245387,-0.017812687696822316,-0.012882447665056307,0.0014775725593667577,-0.014360020224423065,0.13921826965305217,0.15324538258575204,-0.01402711293269987,-0.03059581320450888
2016-01-13,LOW,69.9,0.9508791515489816,True,True,78.13,-0.10533725841546127,True,-0.008297567954220542,-0.011332944976963466,0.0030353770227429244,-0.09298998569384842,-0.03161573902451942,-0.061374246669329,0.07510729613733913,0.08044272626171689,-0.00533543012437776,0.14577968526466378,0.11031086162156423,0.035468823643099556,0.018741058655221465,0.199279775459408,-0.18053871680418654,-0.10414878397711025
2016-09-08,LOW,74.13,0.5897490885695902,True,True,83.65,-0.11380753138075328,True,-0.03804127883447983,-0.014781932177017065,-0.023259346657462765,-0.027519222986644998,-0.012493707381813102,-0.015025515604831896,-0.02455146364494798,0.0053544460207770594,-0.02990590966572504,0.08458114123836524,0.0904306439064575,-0.005849502668092255,0.04505598273303657,0.1299254038716764,-0.08486942113863982,-0.1249156886550653
2016-12-02,LOW,72.31,0.5550537634408603,True,True,83.65,-0.1355648535564854,False,0.03291384317521784,0.031090677348871054,0.0018231658263467843,-0.018807910385838733,0.02530954115076467,-0.0441174515366034,0.11187940810399666,0.08462308812818642,0.02725631997581024,0.1189323744986861,0.10028222869628545,0.018650145802400653,0.1529525653436592,0.20634559359067728,-0.05339302824701808,-0.02516940948693136
2017-06-23,LOW,76.07,0.6355622446785636,True,True,86.25,-0.1180289855072465,True,0.019192848691994335,-0.005470324517747649,0.024663173209741984,-0.023136584724595677,0.015177065767284947,-0.038313650491880624,0.01866701722098063,0.028133097519845274,-0.009466080298864643,0.125279347968976,0.09714967301443678,0.02812967495453922,0.30222163796503243,0.1279562374038581,0.17426540056117434,-0.06980412777704725
2017-09-19,LOW,77.49,0.43102493074792236,True,True,86.25,-0.10156521739130442,False,0.023228803716608848,-0.0035604272512701485,0.026789230967878996,0.04671570525229063,0.022002640316838074,0.024713064935452556,0.1046586656342754,0.06712805536664401,0.03753061026763138,0.11162730674925814,0.107012841540985,0.004614465208273133,0.46780229707058973,0.15749889986798404,0.3103033972026057,-0.02748741773132013
2018-02-05,LOW,97.58,0.38078392528654303,True,True,108.98,-0.10460634978895211,True,0.0020496003279359964,0.00534232561664072,-0.003292725288704723,-0.10719409715105543,0.03391050657371264,-0.14110460372476807,-0.13957778233244522,-0.0027658848937218705,-0.13681189743872335,0.004304160688665792,0.0662675709468421,-0.06196341025817631,0.002971920475507428,0.03042473383094002,-0.027452813355432593,-0.16827218692354995
2018-05-23,LOW,94.69,0.3616623526028184,True,True,108.98,-0.13112497706001103,False,0.0033794487274263485,-0.00885279484928303,0.012232243576709378,0.04615059668391597,0.0032191981270119907,0.04293139855690398,0.03474495722885207,0.042800702370500376,-0.008055745141648307,0.010138346182279045,-0.002889961954931297,0.013028308137210343,0.03432252613792386,0.04488586479367851,-0.01056333865575465,-0.017108459182595848
2018-10-11,LOW,104.23,0.41213927652079674,True,True,117.7,-0.11444350042480878,True,-0.04336563369471369,0.015541756990116395,-0.058907390684830085,-0.04566823371390194,0.030605871330418477,-0.07627410504432042,-0.06907800057565006,-0.05217327405665573,-0.01690472651899433,0.10313729252614401,0.06025645736120788,0.042880835164936126,0.037992900316607514,0.077414851012235,-0.03942195069562748,-0.18689436822411976
2019-01-09,LOW,97.03,0.34632995698626345,True,True,117.7,-0.1756159728122345,False,-0.03163969906214581,0.01166802341357509,-0.0433077224757209,-0.0015459136349583735,0.04717602822033551,-0.04872194185529388,0.18499433165000512,0.11861844400511679,0.06637588764488833,0.05833247449242496,0.14908710315152907,-0.09075462865910411,0.23291765433371125,0.25103694228011,-0.01811928794639872,-0.07008141811810775
2019-05-09,LOW,106.29,0.4070691024622717,True,True,118.23,-0.10098959654909923,True,0.02163891240944582,0.003627991348635895,0.018010921060809926,-0.08966036315739956,0.003453568687643793,-0.09311393184504335,-0.08702606077711916,-0.009907207144352337,-0.07711885363276683,0.030482641828958545,0.05773390078839036,-0.027251258959431812,0.03132938187976286,-0.008407172259820128,0.03973655413958299,-0.1382067927368521
2019-08-23,LOW,106.39,0.37650407555958076,True,True,118.23,-0.10014378753277509,False,0.05461039571388282,0.02668070914516396,0.02792968656871886,0.03806748754582201,0.046901878181498935,-0.008834390635676925,0.08111664630134396,0.09538353519396159,-0.014266888892617624,0.17887019456715847,0.18518518518518512,-0.00631499061802665,0.49055362346085163,0.18757240652975238,0.30298121693109925,-0.01691888335369862
2020-02-26,LOW,113.3,0.49472295514511866,True,True,126.73,-0.10597332912491131,True,-8.826125330974044e-05,0.004365971107544109,-0.004454232360853849,-0.26107678729037953,-0.20773675762439814,-0.05334002966598139,0.064783759929391,-0.05335473515248801,0.11813849508187901,0.39814651368049425,0.08478330658105948,0.31336320709943477,0.48799646954986775,0.2439807383627608,0.24401573118710695,-0.47043248014121797
2020-09-08,LOW,153.74,0.9845101329546924,True,True,171.32,-0.10261498949334569,True,0.09945362299986993,0.02088772845953013,0.0785658945403398,0.07317549108885135,0.0051619099066655405,0.06801358118218581,-0.012553662026798529,0.1007772875964108,-0.11333094962320933,0.06055678418108501,0.16004921821073803,-0.09949243402965302,0.3397944581761414,0.3597431049488311,-0.019948646772689704,-0.04566150643944333
2020-12-02,LOW,151.81,0.8209187957298787,True,True,180.67,-0.15973875020756068,True,0.054805348791252095,0.00016358134082183895,0.054641767450430256,0.057308477702391114,0.019329861773766943,0.03797861592862417,0.07403991831895129,0.05384552468715076,0.020194393631800533,0.27527830841183043,0.14253387496932834,0.13274443344250209,0.6111586851986035,0.24201859374573997,0.36914009145286353,-0.016467953362756083
2021-03-03,LOW,158.29,0.799567985447931,True,True,180.67,-0.12387225327945972,False,0.06424916292880156,0.021393739185150196,0.042855423743651366,0.20146566428706825,0.039090766084631134,0.1623748982024371,0.22414555562575034,0.09928687536049496,0.12485868026525537,0.3017878577294839,0.17261811126841797,0.12916974646106594,0.39655063491060716,0.14474857112893913,0.25180206378166803,-0.04706551266662451
2021-06-01,LOW,191.85,0.9693081502771503,True,True,215.22,-0.10858656258712018,True,-0.0023455824863173325,0.006219172206733736,-0.008564754693051069,0.01224915298410223,0.019134081540257863,-0.006884928556155634,0.07469377117539744,0.06967379131222162,0.005019979863175816,0.28944487881157155,0.11928419949007552,0.17016067932149603,0.019181652332551424,-0.034217361260037715,0.05339901359258914,-0.05092520198071404
2022-01-19,LOW,234.7,1.4710465361128655,True,True,263.31,-0.10865519729596296,True,-0.028121005538985888,-0.040664084117321586,0.012543078578335698,-0.03276523221133365,-0.011400110680686137,-0.021365121530647513,-0.14239454622922876,-0.030902047592694992,-0.11149249863653377,-0.22296548785683845,-0.16141671278361924,-0.06154877507321921,-0.1116318704729441,-0.13339236303265078,0.02176049255970669,-0.16216446527481898
2022-04-14,LOW,201.28,0.7199008801162095,True,True,263.31,-0.23557783601078575,False,-0.020965818759936417,-0.026839352200826894,0.005873533440890477,-0.03616852146263916,-0.08239110075607026,0.0462225792934311,-0.09394872813990462,-0.13467644304346837,0.04072771490356375,-0.006458664546899917,-0.1475364900979923,0.14107782555109238,0.00447138314785378,-0.05785879074442091,0.06233017389227469,-0.1548092209856916
2022-07-13,LOW,182.37,0.6980446927374302,True,True,263.31,-0.307394326079526,False,0.047485880353128174,0.04207692104637961,0.005408959306748562,0.10451280364094973,0.108650318084629,-0.004137514443679269,0.0965619345287052,-0.014861547395929597,0.1114234819246348,0.09140757800076771,0.005253015864635779,0.08615456213613193,0.27274222734002307,0.17736187735923759,0.09538034998078548,-0.020178757471075337
2023-05-16,LOW,199.22,0.8046924540266329,True,True,223.31,-0.10787694236711298,False,0.03729545226382891,0.009360146252285206,0.027935306011543704,0.07850617407890792,0.06564290067032297,0.012863273408584952,0.12282903322959537,0.086288848263254,0.03654018496634137,-0.025047685975303713,0.062010968921389464,-0.08705865489669318,0.1624334906133924,0.2755636806825106,-0.11313019006911817,-0.008734062845095925
2023-09-21,LOW,210.61,0.3154903185509059,True,True,237.21,-0.11213692508747519,True,-0.013437158729405096,-0.006652912677623468,-0.006784246051781628,-0.09567446939841417,-0.01149771668327959,-0.08417675271513458,0.07112672712596746,0.0879482602749253,-0.016821533148957846,0.16153079151037453,0.1936994367046061,-0.03216864519423157,0.23925739518541378,0.32358190964092826,-0.08432451445551448,-0.1365557191016572
2024-01-03,LOW,212.27,0.3220602889885402,True,True,237.21,-0.10513890645419666,False,0.03740519150138977,0.016574585635359185,0.020830605866030583,0.03749941112733768,0.04353761812325341,-0.006038206995915729,0.17435341781693126,0.11384628511700323,0.06050713269992802,0.03066848824610169,0.1636553680752575,-0.1329868798291558,0.16267018419936874,0.250197316495659,-0.08752713229629028,-0.012813869128939559
2024-08-07,LOW,231.59,0.21953659820958404,True,True,262.49,-0.11771877023886623,False,0.026123753184507104,0.048374657771950824,-0.02225090458744372,0.05406105617686441,0.0596730035090427,-0.005611947332178291,0.1305755861652056,0.09636370647437631,0.03421187969082928,0.13994559350576452,0.16654455712798355,-0.02659896362221903,0.030096290858845354,0.21900667103690297,-0.1889103801780576,-0.017099183902586468
2014-10-14,LRCX,6.773,0.5985367004956337,True,True,7.735,-0.12436974789915978,True,0.08076184851616719,0.033937133724027735,0.046824714792139455,0.18086520005905804,0.08779968034096974,0.0930655197180883,0.17717407352724046,0.08817261587639846,0.089001457650842,0.07529898124907741,0.10804475226425159,-0.032745771015174174,-0.018455632659087562,0.07362812999467239,-0.09208376265375995,-0.018012697475269457
2015-01-13,LRCX,7.656,0.9630769230769229,True,True,8.57,-0.10665110851808646,True,0.045454545454545414,0.004948535233570972,0.04050601022097444,0.052769070010449504,0.024000395882818548,0.028768674127630955,-0.04519331243469171,0.03939034045922396,-0.08458365289391567,0.047021943573667846,0.029394299287410997,0.01762764428625685,-0.07327586206896552,-0.049336896278701525,-0.023938965790264,-0.09783176593521414
2015-04-10,LRCX,7.31,0.720809792843691,True,True,8.57,-0.14702450408401413,False,-0.033378932968536223,-0.009950485621786354,-0.02342844734674987,0.053625170998631955,0.007522376690154209,0.046102794308477746,0.09658002735978122,-0.009617215768425003,0.10619724312820622,-0.10629274965800262,-0.08764997143401254,-0.018642778223990075,0.1110807113543093,-0.028994477242429983,0.1400751885967393,-0.03748290013679889
2015-07-20,LRCX,7.708,1.2551199531889994,True,True,8.57,-0.100583430571762,False,-0.021146860404774315,-0.02728256267933582,0.006135702274561505,-0.034898806434872864,-0.009407780234253704,-0.02549102620061916,-0.16152049818370529,-0.058046004045345545,-0.10347449413835974,-0.0856253243383498,-0.09722940872101238,0.011604084382662583,0.1488064348728595,0.015240603979491008,0.1335658308933685,-0.20601971977166578
2015-10-13,LRCX,6.463,1.0115157173980704,True,True,8.57,-0.24585764294049006,False,0.08355252978492955,0.014282147315855198,0.06927038246907435,0.18242302336376293,0.04149812734082392,0.140924896022939,0.09051524060034044,-0.04159800249687895,0.1321132430972194,0.27835370570942297,0.030811485642946224,0.24754222006647675,0.5805353550982515,0.07945068664169797,0.5010846684565535,-0.008045799164474787
2017-06-15,LRCX,14.848,1.2331177620694844,True,True,16.705,-0.11116432205926352,True,0.010506465517241326,-0.0038150715838700666,0.014321537101111392,0.059401939655172376,0.007342987242072496,0.05205895241309988,0.14466594827586188,0.022316117651884904,0.12234983062397697,0.21585398706896552,0.07966525823522175,0.13618872883374378,0.24319773706896552,0.1405423144767608,0.10265542259220473,-0.06223060344827591
2017-11-29,LRCX,19.464,1.3552758954501454,True,True,21.97,-0.11406463359126084,True,-0.053483353884093754,0.002017433672109936,-0.05550078755620369,-0.04675297986025484,0.019641429713372238,-0.06639440957362708,-0.006011097410604016,0.044611929504015935,-0.05062302691461995,0.044543773119605445,0.04053899737352995,0.004004775746075495,-0.24563296341964647,0.021658863385482174,-0.26729182680512864,-0.19425606247431149
2018-02-27,LRCX,19.347,1.3203406092588152,True,True,21.97,-0.11939007737824292,False,0.07479195740941735,-0.005648070546223072,0.08044002795564043,0.04729415413242366,-0.0503953649382356,0.09768951907065926,0.05086059854240954,-0.003898990635134658,0.0547595891775442,-0.12177598594097283,0.03873483219764595,-0.16051081813861878,-0.07706621181578532,0.017818751594213422,-0.09488496340999875,-0.06099136817077577
2018-05-23,LRCX,20.331,1.507523433645782,True,True,23.488,-0.13440905994550412,True,-0.025232403718459362,-0.00885279484928303,-0.016379608869176332,-0.13408096011017656,0.0032191981270119907,-0.13730015823718855,-0.1642811470168708,0.042800702370500376,-0.20708184938737118,-0.29708327185086814,-0.002889961954931297,-0.29419330989593684,-0.07933697309527321,0.04488586479367851,-0.12422283788895172,-0.1819389110225763
2018-08-17,LRCX,16.991,1.3510446935104468,True,True,23.488,-0.27660933242506813,False,0.015007945382849774,0.008594681821370909,0.006413263561478866,-0.10482019892884464,0.015014382936925363,-0.11983458186577,-0.15890765699487963,-0.04381533712200947,-0.11509231987287016,0.03537166735330466,-0.05065600224514133,0.08602766959844599,0.2071685009711024,0.01329544657265136,0.19387305439845104,-0.21476075569419095
2019-08-05,LRCX,19.353,1.1568037445670343,True,True,21.849,-0.1142386379239324,True,0.014364697979641239,0.014974279472905305,-0.0006095814932640664,0.10029452798015814,0.02438165034176598,0.07591287763839216,0.42866739006872323,0.0683179479952083,0.36034944207351494,0.5180592156254844,0.13980691987879634,0.37825229574668806,0.9488451402883273,0.15044746670424924,0.7983976735840781,-0.014571384281506727
2020-02-24,LRCX,30.046,1.550161262943473,True,True,34.432,-0.1273815055762082,True,-0.0004326699061438788,-0.04134358910737557,0.04091091920123169,-0.3581508353857419,-0.3085106382978724,-0.049640197087869486,-0.12913532583372156,-0.09444203213200175,-0.03469329370171981,0.25480929241829187,0.04469325724210638,0.2101160351761855,0.9916461425813754,0.2096954283233048,0.7819507142580706,-0.39632563402782395
2020-05-19,LRCX,26.166,0.7767366062334486,True,True,34.432,-0.24006737918215615,False,0.05522433692578166,0.03959310888104928,0.01563122804473238,0.19918978827486056,0.06743843545569739,0.13175135281916317,0.44087747458533966,0.15364592252628673,0.28723155205905293,0.5647022854085455,0.19930129807856978,0.3654009873299757,1.262745547657265,0.42315991368976236,0.8395856339675027,-0.015401666284491244
2020-08-27,LRCX,34.145,1.162992525022172,True,True,38.77,-0.11929326799071449,True,0.000234294918728839,-0.008440272155714412,0.008674567074443251,-0.032742714892370794,-0.05626848103809601,0.023525766145725213,0.2699956069702736,0.02009588608503421,0.24989972088523937,0.7525552789573875,0.11971406424941855,0.632841214707969,0.7243227412505491,0.2887491746332502,0.43557356661729885,-0.144003514423781
2021-01-27,LRCX,51.504,1.584893350062735,True,True,58.542,-0.1202213795223942,True,-0.020794501397949583,0.019871264122218957,-0.04066576552016854,0.06331547064305698,0.021153281162362036,0.042162189480694945,0.2183325566946257,0.11305787772762477,0.10527467896700093,0.17872398260329314,0.15130471942522905,0.02741926317806409,0.20732370301335834,0.17475494778451406,0.03256875522884428,-0.06599487418452943
2021-05-10,LRCX,58.645,2.0095966334804474,True,True,66.9,-0.12339312406576985,True,0.009583084661948904,-0.005790304828444337,0.015373389490393241,0.08713445306505241,0.01038426568406936,0.07675018738098305,0.10798874584363527,0.050342154376226356,0.057646591467408914,-0.034956091738426176,0.09661673924486758,-0.13157283098329375,-0.17926506948588972,-0.00988180121548543,-0.16938326827040429,-0.05226362008696406
2021-08-12,LRCX,58.351,2.2763054463784393,True,True,67.38,-0.13400118729593347,True,-0.010916693801305888,-0.011794837231246191,0.0008781434299403035,0.02502099364192567,0.0007413897688210991,0.02427960387310457,0.04671727990951302,0.05261620722967342,-0.0058989273201603964,0.04843104659731634,0.027498820516276945,0.020932226081039396,-0.15177117787184458,-0.0564354878569342,-0.09533569001491038,-0.08311768435845146
2021-11-10,LRCX,60.578,2.993802742616034,True,True,67.38,-0.10094983674680902,False,0.04102149295123647,0.009749363703032587,0.031272129248203884,0.15452804648552254,0.005888443121522036,0.1486396033640005,-0.056802799696259454,-0.035287519951684554,-0.0215152797445749,-0.16484532338472724,-0.07454380742849753,-0.0903015159562297,-0.26564099177919387,-0.17604935076139938,-0.08959164101779449,-0.1250949189474727
2022-02-07,LRCX,57.137,2.2515934441156387,True,True,73.185,-0.21927990708478518,True,-0.022962353641248212,-0.01842328846755803,-0.004539065173690182,-0.14176453086441365,-0.06933327371104059,-0.07243125715337306,-0.11454924129723298,-0.04069221481912089,-0.0738570264781121,-0.12000980100460301,-0.08158565487635827,-0.03842414612824474,-0.08824404501461403,-0.08368734069668649,-0.00455670431792754,-0.21329436267217383
2023-08-11,LRCX,65.197,0.7350702576112413,True,True,72.653,-0.10262480558270137,True,0.0014877985183365805,-0.02053180747223149,0.02201960599056807,0.01796094912342583,0.0062829574778413555,0.011677991645584473,-0.01981686273908312,-0.022349377314035634,0.0025325145749525158,0.2864088838443486,0.10927858184674077,0.17713030199760782,0.23916744635489362,0.19598339504095152,0.043184051313942096,-0.1189471908216636
2023-11-06,LRCX,63.905,0.7246916578954472,True,True,72.653,-0.12040796663592701,False,0.053798607307722346,0.010328444536252812,0.043470162771469534,0.09090055551208831,0.04799283894512163,0.04290771656696668,0.3124168687896096,0.1346370125547982,0.1777798562348114,0.3995931460762068,0.15214946406848906,0.2474436820077177,0.1606290587590955,0.3078335513782735,-0.147204492619178,-0.003692981769814585
2024-04-18,LRCX,88.892,0.38093240745056,True,True,100.739,-0.11760092913370201,True,0.01411825586104487,0.007947629724535554,0.006170626136509316,0.06072537461188876,0.0583960602178093,0.0023293143940794625,0.21044638437654695,0.13080557335041654,0.07964081102613041,-0.06785762498312553,0.15538917360666238,-0.2232467985897879,-0.28272510462133826,0.0538316784112749,-0.33655678303261316,-0.03480628178013767
2024-07-17,LRCX,96.768,0.5661293455039815,True,True,113.0,-0.143646017699115,True,-0.059740823412698485,-0.028207706395662058,-0.03153311701703643,-0.12643642526455023,-0.02368298200883412,-0.10275344325571611,-0.15199239417989419,0.03445613531080527,-0.18644852949069946,-0.19890873015873023,0.056900204689912526,-0.25580893484864276,0.04156332671957674,0.127661866628362,-0.08609853990878524,-0.25944527116402105
2024-10-10,LRCX,82.06,0.4763772444316505,True,True,113.0,-0.2738053097345132,False,-0.10870095052400686,0.010796174474511089,-0.11949712499851795,-0.034730684864733186,0.033811813306024785,-0.06854249817075797,-0.055325371679259105,0.02169649211115554,-0.07702186379041465,-0.2799171338045332,-0.12297571728602918,-0.15694141651850402,0.6009017791859614,0.1334594622741394,0.46744231691182203,-0.16073604679502795
2025-10-10,LRCX,131.37,2.2849891225525747,True,True,153.7,-0.14528301886792439,True,0.0771865722767755,0.017411411595356974,0.05977516068141853,0.2129862221207277,0.027487672659336715,0.185498549461391,0.5458628301743169,0.05598603411840375,0.48987679605591317,0.67960721625942,0.009050258797586475,0.6705569574618335,,,,0.020324274948618326
2026-02-04,LRCX,209.78,3.3829262687253205,True,True,251.87,-0.16711001707229922,True,0.1207932119363142,0.008408749763185064,0.11238446217312914,0.023357803413099454,-0.007111732901966095,0.03046953631506555,0.22375822290018132,0.05021932700855447,0.17353889589162685,0.20292687577462099,0.06305833661230853,0.13986853916231246,,,,-0.07484030889503279
2026-06-05,LRCX,303.28,3.917788227663369,True,True,346.19,-0.12394927640890852,True,0.20947639145344255,0.005694529184462116,0.20378186226898043,0.07534291743603272,0.013775337265270249,0.06156758017076247,-0.04312846214719068,0.03285201003321814,-0.07598047218040882,,,,,,,-0.17403059878659977
2026-09-01,LRCX,290.2,3.3951716721947083,True,True,438.5,-0.3381984036488027,True,,,,,,,,,,,,,,,,-0.04190213645761531
2014-01-27,MA,76.05,2.182008368200837,True,True,84.748,-0.10263369047057169,True,-0.028139381985535894,-0.021571821807763625,-0.006567560177772269,0.009072978303747536,0.03836863097578802,-0.029295652672040484,-0.03537146614069686,0.05303072861075209,-0.08840219475144895,0.019066403681788247,0.11066794000337077,-0.09160153632158252,0.10966469428007897,0.1514521656086738,-0.04178747132859484,-0.09690992767915829
2014-04-23,MA,73.36,1.7469482513292895,True,True,84.748,-0.13437485250389392,False,0.0025899672846236843,0.004587890104027714,-0.00199792281940403,0.03094329334787349,0.00896238997065879,0.0219809033772147,0.05643402399127595,0.05473459589223806,0.0016994280990378918,-0.048800436205016284,-0.00021339023739663787,-0.048587045967619646,0.1964285714285714,0.11816484395838889,0.07826372747018251,-0.04280261723009815
2014-07-25,MA,75.75,1.4113452600751257,True,True,84.748,-0.10617359701703877,False,-0.010165016501650137,-0.02640097107020023,0.016235954568550093,0.009636963696369794,0.0074347562209184925,0.002202207475451301,-0.04897689768976887,-0.037527817115112216,-0.011449080574656656,0.08580858085808574,0.006574954481084472,0.07923362637700126,0.25623762376237624,0.06301840987254703,0.1932192138898292,-0.0806600660066007
2014-10-20,MA,72.04,1.1496777273812366,True,True,84.748,-0.14995044130834945,False,0.02873403664630758,0.030793483972674673,-0.002059447326367092,0.15491393670183218,0.0739358906988965,0.08097804600293568,0.1417268184342031,0.04582238570677877,0.09590443272742433,0.23709050527484732,0.10084077771939048,0.13624972755545683,0.35535813436979447,0.0681555438780872,0.28720259049170727,0.007079400333148023
2015-01-28,MA,80.74,1.3149926885913348,True,True,89.87,-0.10159118727050198,True,0.042605895466931054,0.019586289597282036,0.023019605869649018,0.1302947733465445,0.05616068751873704,0.07413408582780745,0.12360663859301457,0.0575097431797742,0.06609689541324038,0.19779539261828094,0.05800939342460287,0.13978599919367807,0.07753282140203122,-0.049665234335964814,0.12719805573799603,-0.011394599950458328
2015-08-24,MA,87.83,1.055945692883895,True,True,99.18,-0.11443839483766893,True,0.05169076625298885,0.04311345646437981,0.008577309788609044,0.048275076853011356,0.023271767810026267,0.02500330904298509,0.11658886485255593,0.08427440633245387,0.03231445852010206,-0.01878629169987467,0.0014775725593667577,-0.020263864259241426,0.08413981555277239,0.15324538258575204,-0.06910556703297965,-0.013321188659911165
2016-01-08,MA,89.89,0.7359314047352363,True,True,101.76,-0.11664701257861643,True,-0.013127155412170466,-0.02141517298874529,0.008288017576574824,-0.10279230170208031,-0.03386827844935392,-0.0689240232527264,0.05406608076537989,0.07555231346394331,-0.021486232698563423,-0.02035821559684059,0.09149645685702379,-0.11185467245386438,0.19023250639670697,0.1796581909128805,0.01057431548382648,-0.12648792969184564
2018-10-10,MA,196.69,1.0527029847630978,True,True,225.35,-0.12717994231195917,True,0.05434948395953021,0.0077254761049225795,0.04662400785460763,0.05872184656057766,0.009737693136902648,0.048984153423675014,-0.022421068686765966,-0.07736255839022643,0.05494148970346047,0.20016269256189956,0.031908012935680796,0.16825467962621876,0.38410697035944885,0.04660438375853393,0.3375025866009149,-0.12608673547206273
2019-01-08,MA,192.28,1.059775040171398,True,True,225.35,-0.14674950077656979,False,0.022051175369253162,0.01394243875842216,0.008108736610831002,0.11972123985853966,0.062195739377653325,0.05752550048088634,0.2276887871853548,0.11843283872726573,0.10925594845808906,0.3874037861452049,0.15145850371928193,0.23594528242592294,0.5666215935094654,0.26042762004907116,0.30619397346039423,-0.004992718951529085
2019-10-22,MA,261.26,1.5431714202277815,True,True,293.69,-0.11042255439408899,True,0.049873689045395464,0.014046352964783848,0.035827336080611616,0.09205389267396469,0.04320925721547786,0.04884463545848683,0.2388425323432597,0.11016353968094705,0.12867899266231264,-0.01576973130215109,-0.07106785726229892,0.055298125960147826,0.2695016458700146,0.14380789940135785,0.12569374646865672,-0.010525912883717403
2020-02-25,MA,302.89,1.7676352339181287,True,True,347.25,-0.1277465802735781,True,-0.035953646538347206,-0.03969294738525497,0.003739300846907767,-0.21730661296180132,-0.22229329921637608,0.004986686254574768,-0.01350325200567859,-0.05027986566448095,0.03677661365880236,0.07893954901119238,0.07737086198624654,0.0015686870249458362,0.12469873551454347,0.23790180713257647,-0.113203071618033,-0.33972729373700017
2020-05-20,MA,298.8,1.5705437026841023,True,True,347.25,-0.1395248380129589,False,0.011713520749665252,0.020341494628363765,-0.008627973878698514,0.020247657295850097,0.050011787289933496,-0.0297641299940834,0.09370816599732268,0.13440878321489902,-0.04070061721757634,0.15314591700133873,0.19408614825042947,-0.04094023124909074,0.21509370816599716,0.38733034721988346,-0.1722366390538863,-0.0456827309236949
2020-09-08,MA,329.88,1.4823538264730232,True,True,367.25,-0.10175629680054465,True,0.0280708136291985,0.02088772845953013,0.007183085169668368,0.022887110464411276,0.0051619099066655405,0.017725200557745735,0.03134473141748528,0.1007772875964108,-0.06943255617892552,0.0998544925427427,0.16004921821073803,-0.06019472566799533,0.03137504547108039,0.3597431049488311,-0.3283680594777507,-0.14756881290166124
2020-12-11,MA,327.42,1.1700689289501591,True,True,367.25,-0.10845473110959836,False,0.03942947895669158,0.007862407862407883,0.031567071094283694,0.04733980819742234,0.03404313404313397,0.013296674154288368,0.17396615967259166,0.07433797433797418,0.09962818533461748,0.11196628183983859,0.15257985257985252,-0.04061357074001393,0.05222649807586577,0.2731367731367731,-0.22091027506090732,-0.04593488485736985
2021-05-12,MA,356.62,0.8472934472934472,True,True,401.5,-0.11178082191780825,True,0.012225898715719774,0.013443180977282143,-0.001217282261562369,0.021535528013011174,0.044892824547988486,-0.023357296534977312,0.05022152431159199,0.09146296341974791,-0.04124143910815592,-0.06328865459032018,0.13475247280530822,-0.1980411273956284,-0.08028153216308676,-0.01785846427073834,-0.062423067892348416,-0.0035051315125343985
2021-08-18,MA,360.95,0.7728388998035363,True,True,401.5,-0.10099626400996264,False,-0.005125363623770474,0.02215492508766337,-0.027280288711433842,-0.04055963429837928,0.018192996038070897,-0.05875263033645017,-0.01831278570439121,0.055990709959469864,-0.07430349566386107,0.03717966477351431,0.026777175645521067,0.010402489127993242,-0.004709793600221612,-0.021585682408124307,0.016875888807902695,-0.10419725723784456
2021-11-11,MA,354.34,0.7232759459196574,True,True,401.5,-0.11745952677459537,False,-0.017271547101653684,0.01285119779200894,-0.030122744893662623,-0.012473895128972012,0.015029001444681667,-0.02750289657365368,0.05652762883106632,-0.027664575112663625,0.08419220394372995,-0.0027374837726477086,-0.10772581236388723,0.10498832859123952,-0.10921713608398709,-0.1932854647777993,0.0840683286938122,-0.13642264491731104
2022-02-23,MA,361.23,0.6175443310048363,True,True,401.5,-0.10029887920298874,False,-0.047448993715915155,0.03777698779476246,-0.08522598151067762,-0.05273648368075745,0.05178338665718685,-0.1045198703379443,-0.0803089444398305,-0.07699964450764307,-0.003309299932187426,-0.005481272319574848,0.018367105107240267,-0.023848377426815115,-0.01732967915178696,-0.055480507169095805,0.03815082801730885,-0.15397392243169172
2023-10-31,MA,376.35,0.29161232754478705,True,True,418.6,-0.10093167701863348,True,0.03326690580576597,0.04478718316594943,-0.011520277360183462,0.08893317390726718,0.08706360593017703,0.0018695679770901474,0.17066560382622553,0.17472501195600199,-0.004059408129776454,0.2289092599973428,0.20853658536585384,0.020372674631488952,0.3452371462734156,0.39112864658058344,-0.04589150030716782,-0.003480802444532971
2025-03-13,MA,519.83,0.6537715140139346,True,True,582.23,-0.10717414080346255,True,0.031837331435276894,0.025515940662290237,0.006321390772986657,-0.03941673239328258,-0.04867433172536351,0.009257599332080924,0.12407902583536923,0.08751949512168578,0.03655953071368345,0.1458361387376641,0.17717891987958367,-0.03134278114191957,-0.043321855221899574,0.20789960465706714,-0.2512214598789667,-0.10434180405132454
2025-06-20,MA,532.97,0.6544670019246293,True,True,594.71,-0.10381530493854152,True,0.0325534270221588,0.034714276098808616,-0.002160849076649818,0.04067771169108947,0.058036615736689834,-0.017358904045600365,0.10028707056682351,0.11058760180386362,-0.010300531237040111,0.011051278683603227,0.15697987480648856,-0.14592859612288533,-0.08101769330356301,0.2565457360166925,-0.3375634293202555,-0.010131902358481715
2016-12-01,MCD,118.47,0.2275411874417157,True,True,131.96,-0.10222794786298883,False,0.01671309192200554,0.02541330782893847,-0.008700215906932929,0.0274331054275343,0.018035250717311158,0.009397854710223141,0.08930530936101988,0.09204353964567114,-0.002738230284651255,0.2642863172111083,0.10106116500432671,0.16322515220678158,0.43859204861990375,0.19647492826888913,0.24211712035101463,-0.0064151261922850145
2018-02-08,MCD,158.97,0.7145168248490077,True,True,178.7,-0.11040850587576945,True,0.011385796062150177,0.059775647246050445,-0.04838985118390027,-0.01088255645719316,0.08244381477312435,-0.0933263712303175,0.03793168522362711,0.03605946512440328,0.0018722200992238314,-0.012895514877020897,0.09016807048868536,-0.10306358536570626,0.10259797446059005,0.04855800954857736,0.054039964912012683,-0.07630370510159146
2018-05-22,MCD,159.45,0.6060636583400483,True,True,178.7,-0.10772243984331287,False,0.014863593603010372,0.0,0.014863593603010372,0.019504546879899776,0.012325299878948037,0.007179247000951738,0.014299153339604853,0.042001393932724396,-0.027702240593119543,0.1661335841956726,0.018891456659696937,0.14724212753597565,0.25330824709940436,0.050988591761123914,0.20231965533828045,-0.039636249608027585
2018-08-22,MCD,160.55,0.6529393596211266,True,True,178.7,-0.1015668718522662,False,0.015945188414824063,0.0185554041304119,-0.002610215715587838,0.0014948614138896588,0.02589369954921894,-0.02439883813532928,0.14331983805668003,-0.045951707027291566,0.1892715450839716,0.09542198691996262,-0.04119928713701648,0.1366212740569791,0.37471192774836504,0.021944997728622795,0.35276693001974224,-0.024852071005917242
2018-12-24,MCD,170.28,0.4464831804281346,True,True,190.88,-0.10792120704107289,True,0.03394409208362692,0.0675940940513784,-0.033650001967751475,0.10036410617805958,0.12464794742681584,-0.024283841248756266,0.09707540521494007,0.19164461892976026,-0.09456921371482019,0.20102184637068343,0.2477596654433727,-0.04673781907268926,0.15774019262391348,0.3686523854228898,-0.21091219279897633,-0.007282123561193399
2019-10-22,MCD,199.27,0.7910300197735036,True,True,221.93,-0.10210426711125131,True,-0.03337180709590004,0.014046352964783848,-0.04741816006068389,-0.029256787273548523,0.04320925721547786,-0.07246604448902638,0.06378280724644947,0.11016353968094705,-0.046380732434497585,-0.10754253023535909,-0.07106785726229892,-0.036474672973060174,0.13413960957494853,0.14380789940135785,-0.009668289826409326,-0.05881467355848846
2020-02-28,MCD,194.17,0.5290180329159777,True,True,221.93,-0.12508448609922052,False,0.02415409177524852,0.004050496185782793,0.020103595589465728,-0.15532780553123549,-0.1446027138324445,-0.01072509169879099,-0.04805067724159229,0.009518666036589352,-0.05756934327818164,0.0790029355719215,0.13829069060959975,-0.05928775503767825,0.08641911726837304,0.2905218389252684,-0.20410272165689536,-0.3601998248957099
2023-11-10,MCD,267.79,0.2559328393208893,True,True,299.35,-0.10542842826123267,False,0.029724784345942723,0.023104332629763302,0.006620451716179421,0.07976399417453961,0.048523637684119825,0.031240356490419785,0.0901452630792785,0.13097750845418843,-0.040832245374909926,0.005638746779192516,0.172397358207939,-0.16675861142874648,0.11643451958624307,0.35764054379156174,-0.24120602420531867,-0.0019791627768028786
2015-11-12,MDLZ,43.64,0.6810477657935285,True,True,48.58,-0.10168793742280768,False,0.021539871677360267,0.018111696934192567,0.0034281747431677,-0.0208524289642531,-0.01445030267525882,-0.006402126288994281,-0.1285517873510541,-0.0955379808631126,-0.0330138064879415,0.006645279560036688,0.004296035930482223,0.002349243629554465,0.00847846012832254,0.05633665299746138,-0.04785819286913884,-0.1778185151237397
2016-02-10,MDLZ,38.03,0.3699567723342938,True,True,48.58,-0.2171675586661177,False,0.050749408361819626,0.036811140497652106,0.01393826786416752,0.0957139100709965,0.07702272359259443,0.018691186478402066,0.15514067841178014,0.11037944621363405,0.044761232198146095,0.13147515119642383,0.16343714578722945,-0.03196199459080562,0.15514067841178014,0.23571004479948177,-0.08056936638770162,-0.02971338417039182
2016-05-17,MDLZ,43.25,0.3747616020343292,True,True,48.58,-0.10971593248250311,False,0.020809248554913173,0.014742494508176662,0.006066754046736511,0.013410404624277339,0.014156700024408053,-0.0007462954001307143,-0.0025433526011560126,0.06736636563339027,-0.06990971823454628,-0.014797687861271669,0.01806199658286567,-0.03285968444413734,0.059190751445086676,0.17305345374664394,-0.11386270230155726,-0.05017341040462431
2016-09-09,MDLZ,42.09,0.3559922680412373,True,True,47.42,-0.11239983129481224,False,0.019482062247564658,0.0004219804951237638,0.019060081752440894,0.014255167498217869,0.008252063015753874,0.0060031044824639945,-0.025184129246851983,0.036196549137284206,-0.06138067838413619,0.038964124495129315,0.11787321830457609,-0.07890909380944677,-0.026847232121644193,0.15749249812453114,-0.18433973024617534,-0.03373722974578286
2020-03-09,MDLZ,53.94,0.24774462179042334,True,True,59.96,-0.10040026684456305,True,-0.16388579903596578,-0.12536921562192327,-0.038516583414042516,-0.035409714497589895,-0.03416839878933742,-0.0012413157082524773,-0.034297367445309535,0.1383874849578821,-0.17268485240319165,0.07767890248424192,0.27021113663712937,-0.19253223415288745,0.03040415276232844,0.3989352003792437,-0.36853104761691524,-0.23637374860956617
2020-10-28,MDLZ,53.15,0.29919335125886093,True,True,59.96,-0.11357571714476322,False,0.03367826904985893,0.05167452396987682,-0.017996254920017885,0.08165569143932272,0.11020633074144359,-0.028550639302120873,0.08353715898400771,0.17489132431274101,-0.0913541653287333,0.12041392285983066,0.2620767770770831,-0.14166285421725244,0.14449670743179688,0.39582440457968504,-0.25132769714788816,-0.01204139228598311
2014-02-03,MDT,54.71,0.427713987473904,True,True,60.93,-0.1020843591006072,True,0.02010601352586372,0.03353045874720095,-0.013424445221337233,0.09029427892524211,0.07699374174656959,0.013300537178672522,0.07512337781027223,0.08118504908996971,-0.006061671279697478,0.1496984097971119,0.13521272320146993,0.014485686595641978,0.30506305976969483,0.14514554745363717,0.15991751231605766,-0.02522390787790174
2015-08-24,MDT,70.91,0.7107358262967429,True,True,79.5,-0.1080503144654088,False,0.019461288957834055,0.04311345646437981,-0.02365216750654575,-0.010858835143139123,0.023271767810026267,-0.03413060295316539,0.07996051332675225,0.08427440633245387,-0.004313893005701619,0.054012128049640395,0.0014775725593667577,0.05253455549027364,0.22747144267381203,0.15324538258575204,0.07422606008805999,-0.09772951628825266
2016-11-14,MDT,78.75,0.3533253136277712,True,True,89.27,-0.11784474067435868,False,0.02323809523809528,0.01643658525324354,0.006801509984851739,-0.06831746031746022,0.05157209474121616,-0.11988955505867638,-0.03301587301587294,0.06888591347707651,-0.10190178649294945,0.058285714285714274,0.10549886883050918,-0.04721315454479491,0.007365079365079241,0.1916062606768547,-0.18424118131177547,-0.11936507936507945
2017-02-10,MDT,76.15,0.3485036302461486,True,True,89.27,-0.14696986669653844,False,0.03585029546946794,0.015463694872791756,0.020386600596676185,0.08850952068286277,0.02721264740184015,0.061296873281022624,0.09441891004596181,0.03425337998358602,0.060165530062375794,0.09376231122783985,0.06673577815213183,0.027026533075708015,0.029284307288246714,0.11282450002159727,-0.08354019273335056,0.0
2020-02-25,MDT,108.53,0.36309972368751553,True,True,122.15,-0.11150225133033154,True,-0.07491016308854692,-0.03969294738525497,-0.03521721570329195,-0.25965170920482816,-0.22229329921637608,-0.03735840998845208,-0.09628674099327372,-0.05027986566448095,-0.04600687532879277,-0.07205381000644995,0.07737086198624654,-0.1494246719926965,0.0665253846862619,0.23790180713257647,-0.17137642244631457,-0.33539113609140336
2015-08-21,META,86.06,3.5175853018372703,True,True,99.24,-0.13280935106811764,True,0.057518010690216226,0.0073295253500480495,0.050188485340168176,0.11027190332326287,-0.006925137744528187,0.11719704106779105,0.2089240065070881,0.039377243087499236,0.16954676341958885,0.18533581222402984,-0.05661426477278475,0.2419500769968146,0.4398094352777131,0.1063033918010412,0.3335060434766719,-0.1633743899604927
2016-01-07,META,97.92,2.328348062542488,True,True,110.65,-0.1150474469046543,True,0.004595588235294157,-0.010925019324916296,0.015520607560210453,0.06280637254901955,-0.031435197114145996,0.09424156966316555,0.14603758169934644,0.052254573563514484,0.09378300813583196,0.16584967320261423,0.06498325173924235,0.10086642146337188,0.21211192810457513,0.16763720690543682,0.04447472119913831,-0.0873161764705882
2016-06-27,META,108.97,3.510347682119205,True,True,121.08,-0.10001651800462508,True,0.04799486097090955,0.044138276553106204,0.0038565844178033437,0.11241626135633664,0.08592184368737477,0.026494417668961878,0.19243828576672484,0.08126252505010023,0.1111757607166246,0.10645131687620446,0.13632264529058125,-0.029871328414376785,0.4230522162062953,0.2180861723446894,0.20496604386160588,0.0144994035055519
2016-11-03,META,120.0,1.4885939444214018,True,True,133.5,-0.101123595505618,True,0.006666666666666599,0.03898840885142252,-0.03232174218475592,-0.03833333333333333,0.05220806590669613,-0.09054139924002946,0.11024999999999996,0.09023852859469295,0.020011471405307013,0.25208333333333344,0.14033911294185275,0.11174422039148069,0.5221666666666667,0.23330778810230868,0.288858878564358,-0.053750000000000075
2018-02-08,META,171.58,1.3049435787211179,True,True,195.32,-0.12154413270530406,True,0.04884019116447136,0.059775647246050445,-0.010935456081579087,0.07955472665811847,0.08244381477312435,-0.002889088115005878,0.03724210280918516,0.03605946512440328,0.0011826376847818842,0.00040797295722105886,0.09016807048868536,-0.0897600975314643,-0.030306562536426274,0.04855800954857736,-0.07886457208500364,-0.1314838559272643
2018-07-26,META,176.26,0.8717213549962832,True,True,218.62,-0.19376086359893885,True,0.0006240780664927836,-0.0033528622855932833,0.003976940352086067,-0.019062748212867242,0.008646855368109163,-0.027709603580976405,-0.1260070350618403,-0.02502294063669086,-0.10098409442514944,-0.1586292976285032,-0.07192771934778008,-0.08670157828072311,0.1387155338704189,0.05879861650314111,0.0799169173672778,-0.15375014183592417
2018-10-19,META,154.05,0.5881443298969073,True,True,218.62,-0.29535266672765526,False,-0.056345342421291855,-0.039529411764705924,-0.01681593065658593,-0.09425511197663106,-0.009122171945701307,-0.08513294003092975,-0.03732554365465757,-0.048108597285068,0.010783053630410433,0.16617981174943197,0.049665158371040796,0.11651465337839118,0.2064264849074975,0.07862443438914046,0.12780205051835702,-0.20142810775722175
2019-08-05,META,181.73,0.4763993825656023,True,True,208.66,-0.12906163136202442,True,0.020029714411489596,0.014974279472905305,0.005055434938584291,0.0036317614042811197,0.02438165034176598,-0.02074988893748486,0.04171022946128877,0.0683179479952083,-0.026607718533919522,0.182358443845265,0.13980691987879634,0.04255152396646866,0.3958619930666374,0.15044746670424924,0.24541452636238814,-0.04754305838331585
2020-02-24,META,200.72,0.5010469638049655,True,True,224.2,-0.10472792149866184,True,-0.021323236349143126,-0.04134358910737557,0.02002035275823244,-0.26215623754483863,-0.3085106382978724,0.046354400753033764,0.0805101634117178,-0.09444203213200175,0.17495219554371955,0.30181347150259064,0.04469325724210638,0.25712021426048426,0.3031088082901554,0.2096954283233048,0.09341337996685062,-0.3169589477879634
2020-06-26,META,216.08,0.40686242593918887,True,True,245.19,-0.11872425465965164,True,0.11199555720103649,0.056657223796033884,0.055338333405002604,0.08061828952239902,0.07722046325612397,0.0033978262662750502,0.17896149574231757,0.10081653057823692,0.07814496516408065,0.27577748981858563,0.23369438426928846,0.04208310554929717,0.5882080710847835,0.4167638726878853,0.17144419839689817,-0.041512402813772664
2020-09-22,META,254.75,0.4796422140907244,True,True,304.67,-0.1638494108379559,True,0.02763493621197255,0.006267029972752081,0.02136790623922047,0.05028459273797847,0.039600363306085296,0.010684229431893177,0.0821197252208048,0.12070844686648496,-0.03858872164568017,0.0962904808635916,0.19863760217983661,-0.10234712131624502,0.3962708537782138,0.3140781108083561,0.08219274296985768,-0.03583905789990183
2020-12-21,META,272.79,0.5196367890368228,True,True,304.67,-0.10463780483802143,False,0.014626635873748794,0.00978633175664645,0.004840304117102345,0.0002932658821803713,0.04452780949274171,-0.04423454361056134,0.06349206349206349,0.05877235904963851,0.004719704442424977,0.23446607280325527,0.15391725112814658,0.08054882167510868,0.2236152351625793,0.2501223291469581,-0.026507093984378782,-0.10330290699805711
2021-09-22,META,343.21,1.067281050475846,True,True,384.33,-0.10699138760960636,True,-0.010489204859998158,-0.007787877403736432,-0.002701327456261726,-0.007080213280498793,0.033229799479285616,-0.04031001275978441,-0.02421258121849601,0.06529484310053446,-0.08950742431903047,-0.44048833075959326,-0.026698031334216443,-0.4137902994253768,-0.5743422394452375,-0.1228018087973326,-0.45154043064790494,-0.12735642900847877
2021-12-16,META,334.9,1.3889007775162279,True,True,384.33,-0.12861343116592516,False,0.0010152284263960087,0.008896987887233365,-0.007881759460837356,-0.00895789787996415,-0.0037088648300995786,-0.005249033049864571,-0.4266049567034935,-0.0863543788187372,-0.3402505778847563,-0.45058226336219764,-0.1393718512166363,-0.31121041214556133,-0.6369363989250523,-0.1437453103226498,-0.49319108860240246,-0.4451478053150194
2024-04-25,META,441.38,0.46574569122970155,True,True,531.49,-0.1695422303335905,True,0.0006796864379898793,0.003058650618681602,-0.0023789641806917228,0.055281163623181806,0.04462849311803607,0.010652670505145734,0.10718655127101373,0.09988281793084264,0.0073037333401710924,0.3067878018940595,0.15652743847941353,0.150260363414646,0.2399066563958494,0.09364634848755671,0.1462603079082927,-0.032330418233721514
2024-07-24,META,461.27,0.3322646795482771,True,True,542.81,-0.15021830843204798,True,0.029397099312767017,0.017700423110322605,0.011696676202444412,0.16018817612244463,0.035825804186759846,0.12436237193568478,0.2507425152296918,0.07597509376789913,0.1747674214617927,0.3378715286058058,0.09524601370951347,0.24262551489629236,0.5496347041862684,0.1721818820094967,0.3774528221767717,-0.04036681336310621
2025-02-25,META,657.5,2.1654710894997833,True,True,740.91,-0.11257777597818897,True,-0.026615969581749055,-0.029247442110931554,0.002631472529182499,-0.04743726235741452,-0.03160339256865907,-0.01583386978875545,-0.033460076045627396,-0.019150511577813667,-0.014309564467813729,0.1671026615969582,0.08255923532579423,0.08454342627116396,-0.027680608365019066,0.15668753365643506,-0.18436814202145413,-0.27026615969581747
2025-05-21,META,635.5,2.1768646270745853,True,True,740.91,-0.14227099107853847,False,0.015027537372147792,0.012335723844490776,0.0026918135276570165,0.07372147915027538,0.01959304121058225,0.05412843793969313,0.20750590086546028,0.10369557011975417,0.10381033074570611,-0.013249409913453913,0.1718079813334248,-0.1850573912468787,-0.047899291896144836,0.2717462169303091,-0.31964550882645393,-0.02022029897718336
2025-10-03,META,710.56,4.017724736953604,True,True,796.25,-0.10761695447409736,True,-0.0074026120243188,-0.0241927048310695,0.0167900928067507,-0.08755066426480507,0.01920174534152186,-0.10675240960632693,-0.06278146813780672,0.026598526620940977,-0.0893799947587477,-0.2601328529610447,-0.05247978960266586,-0.20765306335837885,,,,-0.18198322449898663
2025-12-30,META,665.95,4.68604849726776,True,True,796.25,-0.1636420722135007,False,-0.025917861701328926,0.0037408480225906704,-0.029658709723919596,0.1086568060665214,0.01023274770381799,0.0984240583627034,-0.21057136421653277,-0.07702944644182752,-0.13354191777470525,-0.1625947893986036,0.06729159691998654,-0.22988638631859015,,,,-0.21877017794128695
2026-03-27,META,525.72,1.631099544567339,True,True,796.25,-0.33975510204081627,False,0.08997184813208547,0.03917424971218586,0.050797598419899614,0.2908392300083693,0.127868283682127,0.16297094632624232,0.0607737959370005,0.15636581557823015,-0.09559201964122965,,,,,,,0.005364072129650621
2014-10-15,MRK,52.2233,0.6803836773043486,True,True,58.521,-0.10761436065685825,True,0.01425225904912164,0.03357828675642338,-0.01932602770730174,0.08368295377733692,0.094029930805128,-0.010346977027791082,0.1383156560385881,0.0870031647267071,0.05131249131188098,0.0493323861188395,0.12052781204741736,-0.07119542592857786,-0.09610844201726054,0.07412970015555431,-0.17023814217281485,-0.040928091484069395
2015-04-01,MRK,54.2557,0.4842088561713347,True,True,60.7061,-0.1062562081899513,True,0.01002475315957585,0.015556635877491676,-0.005531882717915826,0.0474862549004067,0.013417598444336543,0.03406865645607016,0.028667955624938957,0.020029168692270227,0.00863878693266873,-0.10763293073354507,-0.05731648031113268,-0.050316450422412395,-0.0640172368986115,0.0015556635877491676,-0.06557290048636066,-0.009495776480627827
2018-12-24,MRK,67.8912,0.36564367568698364,True,True,76.5172,-0.11273282346975588,True,0.06240425857843146,0.0675940940513784,-0.005189835472946935,0.02839101385746612,0.12464794742681584,-0.09625693356934972,0.15657110199849167,0.19164461892976026,-0.03507351693126859,0.18749116233031682,0.2477596654433727,-0.06026850311305587,0.28714030684389136,0.3686523854228898,-0.08151207857899845,-0.0025290464743590313
2020-03-09,MRK,75.3435,0.19708955828589336,True,True,88.3969,-0.1476680743329234,True,-0.11448764657866972,-0.12536921562192327,0.010881569043253547,0.01709769256803817,-0.03416839878933742,0.05126609135737559,0.039260188337414625,0.1383874849578821,-0.09912729662046749,0.0868794255642491,0.27021113663712937,-0.18333171107288027,-0.07383516826269021,0.3989352003792437,-0.4727703686419339,-0.17363143469576015
2023-07-12,MRK,107.47,0.46862081924088694,True,True,119.65,-0.10179690764730465,True,-0.014143481901926047,0.020582036679969606,-0.034725518581895654,-0.01274774355634134,-0.0006053540199990604,-0.01214238953634228,-0.0360100493160882,-0.048248957445854446,0.012238908129766246,0.0536894016934959,0.05970584278731894,-0.006016441093823044,0.18451660928631242,0.25850858705887636,-0.07399197777256394,-0.06094724109053684
2023-10-05,MRK,103.6,0.3437234108784526,True,True,119.65,-0.13414124529878824,False,-9.652509652502417e-05,0.02157832744405197,-0.021674852540576994,-0.007239382239382253,0.014746760895170796,-0.02198614313455305,0.09305019305019302,0.11342756183745584,-0.020377368787262817,0.2736486486486487,0.23220259128386345,0.04144605736478524,0.06351351351351364,0.3376207302709071,-0.27410721675739347,-0.043050193050192975
2024-07-30,MRK,115.25,0.48041104688503533,True,True,134.63,-0.14395008541929732,True,-0.03557483731019517,-0.03662361623616239,0.0010487789259672198,0.010845986984815648,0.036088560885608745,-0.025242573900793097,-0.07696312364425162,0.0664022140221403,-0.14336533766639192,-0.16980477223427326,0.11889298892988931,-0.28869776116416257,-0.2906724511930586,0.17059040590405905,-0.4612628570971177,-0.08277657266811289
2024-10-23,MRK,106.38,0.3121993339089677,True,True,134.63,-0.20983436084082296,False,-0.014570407971423172,0.0034948701534627258,-0.018065278124885897,-0.08403835307388607,0.021643973079118917,-0.10568232615300499,-0.1005828163188568,0.04922230488416757,-0.14980512120302436,-0.2667794698251551,-0.08924029827505675,-0.17753917155009835,-0.18048505358150013,0.16223464073772909,-0.3427196943192292,-0.11186313216770061
2015-08-24,MRSH,52.67,0.5427650849443468,True,True,59.99,-0.12202033672278711,True,0.020125308524776786,0.04311345646437981,-0.02298814793960302,0.004366812227074135,0.023271767810026267,-0.018904955582952132,0.03740269603189672,0.08427440633245387,-0.046871710300557146,0.07271691665084479,0.0014775725593667577,0.07123934409147803,0.2730206948927283,0.15324538258575204,0.11977531230697624,-0.030757546990696882
2018-10-15,MRSH,79.0,0.49706272503316273,True,True,87.89,-0.10114916372738647,False,0.016962025316455742,0.002223032069970987,0.014738993246484755,0.10341772151898732,-0.006669096209912517,0.11008681772889983,0.027215189873417867,-0.05619533527696774,0.0834105251503856,0.17329113924050632,0.04704810495626832,0.126243034284238,0.22936708860759492,0.07853498542274062,0.1508321031848543,-0.05949367088607593
2020-02-27,MRSH,106.88,0.4539518432866274,True,True,119.88,-0.10844177510844177,True,-0.0029940119760478723,0.01663809619844714,-0.01963210817449501,-0.19666916167664672,-0.12204631777083119,-0.07462284390581553,-0.022267964071856272,-0.006957749319350559,-0.015310214752505713,0.09403068862275465,0.1382474538670968,-0.04421676524434215,0.11358532934131738,0.31682968639709586,-0.20324435705577848,-0.3045471556886228
2020-05-22,MRSH,104.5,0.39836745617556524,True,True,119.88,-0.1282949616282949,False,0.021052631578947434,0.03422014622258329,-0.013167514643635858,0.010143540669856455,0.051380991064175596,-0.04123745039431914,0.11894736842105269,0.14622258326563764,-0.02727521484458495,0.0847846889952153,0.20725020308692121,-0.12246551409170592,0.29866028708133974,0.405632277281343,-0.10697199020000325,-0.028612440191387534
2020-10-28,MRSH,107.53,0.32165683382497545,True,True,120.97,-0.11110192609737946,True,0.01367060355249694,0.05167452396987682,-0.03800392041737988,0.07160792337022226,0.11020633074144359,-0.03859840737122133,0.03468799404817258,0.17489132431274101,-0.14020333026456844,0.1802287733655723,0.2620767770770831,-0.0818480037115108,0.5708174462940574,0.39582440457968504,0.17499304171437235,-0.0504045382683902
2022-01-21,MRSH,157.05,0.8851278357940224,True,True,175.12,-0.10318638647784373,True,-0.04317096466093606,0.009064340837481089,-0.05223530549841715,-0.030945558739255086,-0.008562034796109397,-0.02238352394314569,0.09557465775230822,0.01611945750947541,0.07945520024283281,-0.03865011142948116,-0.12066761039316865,0.08201749896368749,0.10232410060490293,-0.09612311064432166,0.1984472112492246,-0.09073543457497613
2022-04-29,MRSH,161.7,0.748108108108108,True,True,183.14,-0.11706890903134215,True,0.0004329004329006736,-0.001601941747572888,0.0020348421804735617,-0.00315398886827456,0.007912621359223326,-0.011066610227497886,-0.02220160791589343,-0.0266019417475728,0.0044003338316793705,-0.04415584415584406,-0.11308252427184462,0.06892668011600056,0.11434755720470013,0.009538834951456243,0.10480872225324389,-0.11360544217687063
2022-07-27,MRSH,158.11,0.5432894094680332,True,True,183.14,-0.1366713989297803,False,0.046043893491872545,0.033438061041292544,0.012605832450580001,0.0642590601479982,0.031493117893476974,0.03276594225452123,-0.022452722787932533,-0.08884400558547778,0.06639128279754525,0.06767440389602175,-0.023813085976461257,0.09148748987248301,0.2143444437416988,0.1358218631557948,0.078522580585904,-0.06324710644488019
2022-12-28,MRSH,164.6,0.4692493082210121,True,True,183.14,-0.10123402861199082,False,0.00935601458080182,0.0072213667498539635,0.0021346478309478556,0.04574726609963542,0.07704561142675082,-0.031298345327115396,-0.01974483596597809,0.05264694950353088,-0.07239178546950897,0.10947752126366961,0.15889661763925012,-0.04941909637558051,0.14526123936816515,0.26509318749004396,-0.1198319481218788,-0.07739975698663415
2023-03-27,MRSH,161.35,0.857586921482846,True,True,183.14,-0.11898001528885005,False,0.04511930585683288,0.0364700244646774,0.008649281392155483,0.101952277657267,0.024187243057832486,0.07776503459943451,0.1318252246668734,0.10093571086282127,0.030889513804052138,0.22547257514719554,0.11889328860753112,0.10657928653966442,0.258630306786489,0.3109283966808747,-0.05229808989438567,-0.003718624109079638
2025-01-07,MRSH,209.98,0.25563595048735266,True,True,235.5,-0.10836518046709132,True,0.012429755214782512,0.007050269269320175,0.005379485945462337,0.07629298028383658,0.030052834548018437,0.04624014573581814,0.09629488522716456,-0.14159998640911953,0.2378948716362841,0.013048861796361555,0.05405772726500535,-0.041008865468643796,-0.12896466330126677,0.17149992355129706,-0.30046458685256383,-0.013191732545956625
2025-04-08,MRSH,220.65,0.28523998136067097,True,True,248.0,-0.11028225806451608,True,0.053070473600725254,0.08284321624234603,-0.029772742641620775,0.0329027872195784,0.1302570093457942,-0.0973542221262158,-0.03394516202130071,0.2501611343860779,-0.2841062964073786,-0.08665307047360071,0.34180631646793413,-0.42845938694153485,-0.2032177656922728,0.3616057041572671,-0.5648234698495399,-0.04862905053251765
2014-10-15,MS,32.61,1.058712121212121,True,True,36.44,-0.10510428100987923,True,0.025145660840233175,0.03357828675642338,-0.008432625916190206,0.1030358785648573,0.094029930805128,0.009005947759729294,0.11530205458448317,0.0870031647267071,0.028298889857776066,0.12358172339773077,0.12052781204741736,0.0030539113503134097,0.0,0.07412970015555431,-0.07412970015555431,-0.03311867525298984
2015-01-14,MS,35.21,1.05906432748538,True,True,39.19,-0.10155651952028566,True,0.009088327179778588,0.026087822363835445,-0.016999495184056856,0.04799772791820489,0.040127451956586624,0.007870275961618267,0.03095711445612026,0.040973812605795024,-0.010016698149674763,0.07327463788696398,0.018271432838793178,0.0550032050481708,-0.19170690144845215,-0.035845862790003125,-0.15586103865844902,-0.04231752343084361
2015-08-20,MS,36.17,1.4790952707333793,True,True,41.04,-0.1186647173489278,True,-0.05170030411943616,-0.023042604304554515,-0.028657699814881643,-0.08681227536632574,-0.04177084865421388,-0.045041426712111865,-0.06192977605750627,-0.007010834926704956,-0.05491894113080131,-0.40033176665745096,-0.1034956120998185,-0.29683615455763246,-0.1603538844346143,0.07059861744374185,-0.23095250187835614,-0.166436273154548
2015-11-13,MS,33.93,1.0538740920096852,True,True,41.04,-0.17324561403508776,False,-0.000589448865310982,0.033425496198281834,-0.034014945063592816,-0.06041850869437082,0.001777426681149441,-0.06219593537552026,-0.36074270557029176,-0.09716599190283393,-0.26357671366745783,-0.23076923076923073,0.016539942727362478,-0.2473091734965932,0.1205422929560862,0.07099832131924555,0.049543971636840656,-0.3763631005010315
2017-03-22,MS,42.21,0.2947852760736196,True,True,47.33,-0.10817663215719409,True,0.013977730395640764,0.005378179955608742,0.008599550440032022,0.006870409855484372,0.004524500597575587,0.002345909257908785,0.05377872542051643,0.0356837971657844,0.018094928254732023,0.08386638237384503,0.06731261738091177,0.016553764992933262,0.3615257048092868,0.1565221102953731,0.2050035945139137,-0.05093579720445385
2018-02-08,MS,51.79,0.45355037889419014,True,True,58.05,-0.10783807062876827,True,0.0697045761730064,0.059775647246050445,0.00992892892695596,0.13284417841282115,0.08244381477312435,0.0504003636396968,0.011585248117397251,0.03605946512440328,-0.024474217007006027,-0.031087082448349124,0.09016807048868536,-0.12125515293703448,-0.19907318015060826,0.04855800954857736,-0.24763118969918563,-0.036686619038424406
2018-05-07,MS,52.39,0.4140350877192984,True,True,59.38,-0.11771640282923546,True,0.05401794235541124,0.022703431739847124,0.03131451061556412,-0.03073105554495137,0.030645886407912437,-0.061376941952863806,-0.042183622828784184,0.052225385883410747,-0.09440900871219493,-0.1496468791754152,0.011838753184474582,-0.16148563235988977,-0.08933002481389574,0.097032818822119,-0.18636284363601474,-0.11662531017369726
2018-08-27,MS,49.89,0.49819819819819844,True,True,59.38,-0.15981812057931966,False,-0.02365203447584685,0.00010352681344483194,-0.023755561289291682,-0.03227099619162155,0.0033473669680448292,-0.03561836315966638,-0.13609941872118658,-0.08854993443301806,-0.04754948428816852,-0.1497294046903187,-0.03923666229553435,-0.11049274239478435,-0.19502906394066954,-0.006142590931051073,-0.18888647300961847,-0.14732411304870718
2021-06-18,MS,84.09,0.6562930864683869,True,True,94.27,-0.10798769491885007,True,0.05125460815792615,0.028174105851730413,0.023080502306195738,0.0625520275894873,0.024221536681769962,0.03833049090771734,0.21191580449518366,0.07049551720813652,0.14142028728704714,0.20406707099536203,0.13159163212185465,0.07247543887350738,-0.0959686050660008,-0.08608888460426112,-0.009879720461739683,0.0015459626590557107
2021-11-30,MS,94.82,1.0926947693665854,True,True,105.95,-0.1050495516753186,True,0.08099557055473539,0.02792167881288954,0.05307389174184585,0.041236026154819694,0.04811660374045146,-0.006880577585631764,-0.0028475005273148613,-0.03909474053911666,0.036247240011801796,-0.13193419109892424,-0.1287206954078497,-0.0032134956910745416,-0.05199325036912039,-0.13093774694881022,0.07894449657968983,-0.06633621598818806
2022-02-25,MS,94.55,1.2215695488721803,True,True,109.73,-0.1383395607399982,True,-0.08662083553675304,-0.012747001713306672,-0.07387383382344637,-0.022950819672131195,0.03412906910336955,-0.05707988877550074,-0.12945531464833415,-0.0932724157624214,-0.03618289888591275,-0.029825489159174934,-0.022524271844660215,-0.0073012173145147186,0.03331570597567435,-0.09450599657338665,0.127821702549061,-0.18826017979904808
2022-05-23,MS,82.31,0.9271833294310465,True,True,109.73,-0.24988608402442358,False,0.046531405661523584,0.04033558399677517,0.006195821664748413,-0.09610010934272861,-0.0567620679230072,-0.039338041419721415,0.1144453893816062,0.0780257986496018,0.0364195907320044,0.10290365690681558,0.004005845006550324,0.09889781190026525,-0.0004859676831491244,0.05509926433538248,-0.055585232018531605,-0.1246507107277367
2023-04-17,MS,89.29,1.325260416666667,True,True,100.99,-0.11585305475789676,True,0.010191510807481263,-0.0031647098613325486,0.013356220668813812,-0.07100459177959462,-0.0022467024206407338,-0.06875788935895388,-0.03449434427147513,0.08605111851959224,-0.12054546279106737,-0.10034718333519999,0.03768662124945643,-0.13803380458465642,-0.025758763579348365,0.2186548775184809,-0.24441364109782926,-0.09575540374062053
2023-07-13,MS,86.21,0.7311244979919678,True,True,100.99,-0.1463511238736509,False,0.08804083053010103,0.005827920633508343,0.08221290989659269,0.016587402853497357,-0.008119049737521089,0.024706452591018446,-0.0682055446003943,-0.04453243171100629,-0.023673112889388004,0.06611761976568853,0.042775157932200436,0.023342461833488093,0.21378030390905933,0.2378325473796601,-0.024052243470600754,-0.09975640876928427
2023-10-06,MS,80.33,0.6528806584362139,True,True,100.99,-0.20457471036736308,False,-0.03161956927673337,0.004563020906085624,-0.036182590182819,-0.05066600273870281,0.011989570237928904,-0.06265557297663171,0.14415535914353295,0.0913768217162545,0.05277853742727845,0.1643221710444418,0.21562601853145202,-0.05130384748701022,0.34296028880866425,0.3339386320249569,0.009021656783707366,-0.13581476409809534
2025-03-05,MS,123.75,0.36378664315627085,True,True,142.03,-0.12870520312610012,True,-0.07878787878787874,-0.04148801152540038,-0.03729986726247836,-0.036202020202020235,-0.03179775666312212,-0.004404263538898112,0.0345858585858585,0.010856515624464214,0.023729342961394284,0.20379797979797987,0.10650704901725394,0.09729093078072593,0.3541818181818184,0.17505917058278753,0.17912264759903085,-0.2377373737373738
2026-02-12,MS,168.06,0.6938117315057448,True,True,192.68,-0.127776624455055,True,0.04373438057836476,0.01197763001453156,0.0317567505638332,-0.07848387480661667,-0.027859732558310202,-0.05062414224830647,0.13709389503748648,0.08517915070383242,0.05191474433365406,0.2718671902891825,0.12812834852554777,0.14373884176363472,,,,-0.09080090443889077
2026-07-29,MS,203.13,1.1456638850744691,True,True,232.25,-0.12538213132400433,True,0.07453354994338612,0.05528747292517733,0.019246077018208796,0.05390636538177529,0.05020151893181257,0.0037048464499627176,,,,,,,,,,0.010682813961502502
2014-10-16,MSFT,42.74,0.5724797645327449,True,True,47.57,-0.10153458061803655,True,0.053345811885821215,0.0464916519031513,0.006854159982669916,0.1607393542349087,0.09620443442314919,0.06453491981175952,0.08469817501169863,0.08487679175390572,-0.0001786167422070939,-0.02386523163313059,0.12761045793740267,-0.15147568957053326,0.09218530650444534,0.06989853438556914,0.022286772118876197,0.0011698642957416183
2015-08-21,MSFT,43.07,0.3938511326860843,True,True,50.05,-0.13946053946053938,False,0.01996749477594606,0.0073295253500480495,0.01263796942589801,0.02414673786858601,-0.006925137744528187,0.031071875613114197,0.24843278384026002,0.039377243087499236,0.20905554075276078,0.17250986765730203,-0.05661426477278475,0.22912413243008678,0.33735778964476437,0.1063033918010412,0.23105439784372317,-0.0777803575574646
2016-01-15,MSFT,50.99,0.8739434031606028,True,True,56.85,-0.10307827616534737,True,0.015689350853108408,-0.0009051701187371419,0.01659452097184555,0.001961168856638551,0.0104893243171289,-0.00852815546049035,0.08550696214944109,0.10750226292529685,-0.021995300775855764,0.025691312021965063,0.13226132793780954,-0.10657001591584447,0.22788782114140016,0.2061658058676321,0.021722015273768047,-0.05491272798587965
2016-04-27,MSFT,50.94,0.6023906888958792,True,True,56.85,-0.10395778364116104,False,-0.021005104043973266,-0.020730833532362047,-0.00027427051161121874,0.02316450726344721,-0.0003343682827799954,0.023498875546227205,0.11052218296034555,0.03768808215906394,0.07283410080128161,0.12328229289360038,0.014473369954621562,0.10880892293897881,0.3333333333333335,0.139479340816814,0.19385399251651947,-0.0569297212406753
2018-02-08,MSFT,85.01,1.0068460812086877,True,True,96.07,-0.11512438846674289,True,0.08998941301023389,0.059775647246050445,0.030213765764183442,0.1356311022232679,0.08244381477312435,0.05318728745014356,0.13186683919538877,0.03605946512440328,0.0958073740709855,0.25020585813433716,0.09016807048868536,0.1600377876456518,0.2383249029525938,0.04855800954857736,0.18976689340401642,-0.013880719915304152
2018-10-24,MSFT,102.32,0.9353130319651977,True,True,116.18,-0.11929764159063538,True,0.04388193901485549,0.0200135685210312,0.023868370493824287,0.00772087568412827,-0.001130710085934017,0.008851585770062287,0.0429046129788897,-0.007198854213779415,0.050103467192669116,0.20572713057075842,0.09309513040856321,0.11263200016219521,0.34128225175918714,0.13025780189959302,0.21102444985959412,-0.08170445660672399
2019-01-29,MSFT,102.94,1.0097618117922686,True,True,116.18,-0.11396109485281469,False,0.04157761802992033,0.036786758285562327,0.004790859744358,0.08966388187293584,0.059944573098970944,0.029719308773964892,0.25461433844958226,0.10872783873049618,0.14588649971908607,0.3447639401593161,0.13093656277286336,0.21382737738645274,0.5764523023120265,0.22812345772749687,0.3483288445845296,-0.005731494074218024
2020-02-24,MSFT,170.89,1.649868196619631,True,True,190.7,-0.10388044048243317,True,0.011118263210252222,-0.04134358910737557,0.05246185231762779,-0.20428345719468666,-0.3085106382978724,0.10422718110318574,0.0745508806834807,-0.09444203213200175,0.16899291281548245,0.22125343788401897,0.04469325724210638,0.1765601806419126,0.4100883609339343,0.2096954283233048,0.20039293261062952,-0.2245303996723037
2020-09-08,MSFT,202.66,1.761035422343324,True,True,232.86,-0.12969166022502798,True,0.030198361788216666,0.02088772845953013,0.009310633328686535,0.016036711733938613,0.0051619099066655405,0.010874801827273073,0.06271587881180296,0.1007772875964108,-0.03806140878460784,0.15400177637422297,0.16004921821073803,-0.006047441836515066,0.485937037402546,0.3597431049488311,0.1261939324537149,-0.03162932991216816
2022-01-06,MSFT,313.88,2.053307392996109,True,True,349.67,-0.10235364772499789,True,-0.028928252835478507,-0.007287259050305694,-0.021640993785172813,-0.025296291576398566,-0.04111638244219351,0.015820090865794945,0.003472664712629081,-0.023806470915074596,0.027279135627703677,-0.18175735950044603,-0.19380689832029752,0.01204953881985149,-0.29173569517012865,-0.18925503269649957,-0.10248066247362908,-0.13979864916528606
2022-04-05,MSFT,310.88,1.5930436233213778,True,True,349.67,-0.11093316555609578,False,-0.09270458054554809,-0.02824645810699944,-0.06445812243854865,-0.06722851260936691,-0.048710728776356294,-0.018517783833010615,-0.16501544004117352,-0.1547347183114205,-0.010280721729753028,-0.2395458054554812,-0.19433297119925497,-0.04521283425622624,-0.07623520329387545,-0.09391836463206427,0.017683161338188813,-0.2231407617086979
2022-07-01,MSFT,259.58,0.9005710938644016,True,True,349.67,-0.25764292046786974,False,0.01899221819862862,0.00784282866435837,0.011149389534270249,0.07099930657215503,0.07745776938411497,-0.006458462811959942,-0.08925957315663757,-0.04684713041653554,-0.04241244274010203,-0.0583635102858463,0.013088867904731849,-0.07145237819057815,0.3118884351644966,0.16273213723638635,0.14915629792811025,-0.09661761306726246
2023-08-02,MSFT,327.5,0.6061794997547818,True,True,366.78,-0.10709417089263307,True,-0.016091603053435044,-0.00973052229355964,-0.006361080759875404,0.003938931297710058,0.001954990780441257,0.0019839405172688007,0.001190839694656498,-0.08348699264656878,0.08467783234122528,0.22919083969465648,0.07833292604358744,0.15085791365106904,0.2774045801526719,0.22366871792593246,0.05373586222673943,-0.05511450381679395
2023-10-26,MSFT,327.89,0.5163945798455349,True,True,366.78,-0.10603086318774191,False,0.06230748116746465,0.0441401042297902,0.01816737693767445,0.15108725487206076,0.10362380317537268,0.047463451696688086,0.2277288114916589,0.17656041691916124,0.051168394572497666,0.21723748818201227,0.20024239486122908,0.016995093320783194,0.2953429503797007,0.40404799418252324,-0.10870504380282253,0.0015553996767208034
2024-07-25,MSFT,418.4,0.4622212902774865,True,True,468.35,-0.10665100886089474,True,-0.0030831739961758586,0.008543674894597064,-0.011626848890772923,-0.006811663479923458,0.0330788804071247,-0.03989054388704816,-0.0005736137667302632,0.0857710666592375,-0.08634468042596777,0.014770554493307886,0.098865177095522,-0.08409462260221412,0.22779636711281093,0.18329897290169206,0.04449739421111887,-0.07844168260038242
2024-10-18,MSFT,418.16,0.3745767726241742,True,True,468.35,-0.10716344614070672,False,0.023890376889228904,-0.009493833284866415,0.03338421017409532,-0.0075569160130094515,0.0019842966865666334,-0.009541212699576085,0.015352974937822728,0.012059734172668035,0.0032932407651546924,-0.0725798737325426,-0.07778100891222917,0.005201135179686567,0.23586665391237793,0.1483261773208573,0.08754047659152064,-0.03010809259613556
2025-01-30,MSFT,414.99,0.43849006897986054,True,True,468.35,-0.11393188854489167,False,0.002000048193932402,0.002115562607430954,-0.00011551441349855196,-0.043374539145521585,-0.0179492264974217,-0.025425312648099885,-0.057423070435432155,-0.08956432632553213,0.03214125589009997,0.2310658088146702,0.0485587729736876,0.1825070358409826,0.044603484421311235,0.1470977125479307,-0.10249422812661946,-0.16916070266753414
2025-09-05,MSFT,495.0,0.8823439936114383,True,True,555.45,-0.10883067782878753,True,0.030101010101009962,0.015712873122798232,0.01438813697821173,0.045151515151515165,0.033944132006674455,0.01120738314484071,-0.01668686868686864,0.05103207465546,-0.06771894334232864,-0.20658585858585854,0.0598696001483221,-0.26645545873418064,0.030545454545454653,0.19456461281750204,-0.16401915827204738,-0.0608282828282829
2025-12-01,MSFT,486.74,0.965990790855481,True,True,555.45,-0.12370150328562435,False,0.008793195545876653,0.004939215311567491,0.0038539802343091623,0.0015203188560628522,0.009907830714275256,-0.008387511858212404,-0.19312158441878624,0.0084084260661208,-0.20153001048490704,-0.14527263015162106,0.10337072044923357,-0.24864335060085463,,,,-0.2157825533138843
2013-07-30,MU,12.6,0.529126213592233,True,True,14.6,-0.136986301369863,True,0.12222222222222223,0.006761966901951411,0.11546025532027082,0.04603174603174609,-0.031199952547600662,0.07723169857934675,0.3134920634920635,0.03547066848567515,0.27802139500638834,0.8349206349206351,0.0924728631591436,0.7424477717614915,1.5380952380952384,0.17326057298772168,1.3648346651075167,0.003968253968253954
2013-10-23,MU,16.55,1.2066666666666666,True,True,18.85,-0.12201591511936338,True,0.05075528700906351,0.009852781119321863,0.04090250588974165,0.13595166163142003,0.02234060835195062,0.11361105327946941,0.39697885196374627,0.05504955032365255,0.3419293016400937,0.35830815709969777,0.06621985449962775,0.29208830260007,0.8845921450151057,0.11170304175975243,0.7728891032553533,-0.015105740181268867
2014-03-26,MU,22.83,1.1517436380772854,True,True,25.68,-0.11098130841121501,True,0.0665790626368814,0.02113856301021788,0.04544049962666352,0.1458607095926414,0.015461966805427885,0.13039874278721353,0.39509417433201954,0.05930691463480553,0.335787259697214,0.3775733683749454,0.08385143536789741,0.29372193300704796,0.2247043363994745,0.1289398280802292,0.09576450831924532,-0.0792816469557599
2014-07-31,MU,30.55,3.117250673854447,True,True,34.85,-0.12338593974175038,True,-0.02847790507364978,-0.010668600134652206,-0.017809304938997572,0.07397708674304426,0.036511471334610635,0.03746561540843363,0.016693944353518786,0.017297633228028353,-0.000603688874509567,0.011129296235679265,0.06737790667564347,-0.05624861043996421,-0.34959083469721763,0.09156351960225795,-0.4411543542994756,-0.13846153846153852
2014-10-24,MU,31.06,4.688644688644689,True,True,34.85,-0.10875179340028707,True,0.06535737282678711,0.026625260907193304,0.038732111919593804,0.10431423052157118,0.052181438680446,0.05213279184112518,-0.005473277527366371,0.049228732881942516,-0.05470201040930889,-0.0901481004507404,0.0683195031308863,-0.1584676035816267,-0.4616870573084353,0.0449524003461792,-0.5066394576546145,-0.08209916291049568
2015-01-22,MU,30.89,2.92005076142132,True,True,36.59,-0.15578026783274124,True,-0.03820006474587245,-0.01994177583697232,-0.018258288908900133,0.036905147296859786,0.024939349830179536,0.01196579746668025,-0.08514082227258013,0.0181950509461426,-0.10333587321872273,-0.38847523470378764,0.021882581271227552,-0.4103578159750152,-0.6746519909355778,-0.09922367782629782,-0.57542831310928,-0.1709291032696666
2015-04-20,MU,28.26,2.9691011235955056,True,True,36.59,-0.22765783000819895,False,0.03573956121726818,0.004384083869430677,0.0313554773478375,-0.05307855626326963,0.015487252799618823,-0.06856580906288845,-0.33156404812455764,0.00362163450083397,-0.3351856826253916,-0.33757961783439494,-0.04117226590421719,-0.29640735193017775,-0.6217268223637651,-0.009864188706218746,-0.6118626336575463,-0.3934890304317056
2018-01-12,MU,42.81,0.38813229571984453,True,True,49.89,-0.1419122068550811,True,0.0016351319785097296,0.017163212435233,-0.01552808045672327,-0.014482597523943097,-0.045264824409902316,0.03078222688595922,0.17916374678813352,-0.050949913644214195,0.2301136604323477,0.24340107451530013,-0.008995394358088604,0.25239646887338874,-0.15884139219808469,-0.06814910765687965,-0.09069228454120504,-0.12356925951880404
2018-04-11,MU,50.48,0.801570306923626,True,True,63.42,-0.20403658152002535,True,0.06992868462757529,0.02513648771610555,0.04479219691146974,0.010499207606972982,0.02176220806794049,-0.01126300046096751,0.054477020602218706,0.04420685471640895,0.010270165885809757,-0.1055863708399366,0.10604337276311804,-0.21162974360305464,-0.17353407290015843,0.08928571428571441,-0.26281978718587284,-0.1022187004754358
2018-07-06,MU,53.23,1.9247252747252745,True,True,64.66,-0.17677080111351684,True,0.05861356377982352,0.015140512671556028,0.04347305110826749,-0.007890287431899234,0.029700094401277966,-0.0375903818331772,-0.1517941010708247,0.05921864788323283,-0.21101274895405753,-0.400150291189179,-0.09930288286979894,-0.30084740831938006,-0.259440165320308,0.08365405562413764,-0.34309422094444564,-0.2357693030246102
2018-10-01,MU,45.15,2.014018691588785,True,True,64.66,-0.3017321373337457,False,-0.04606866002214838,-0.01340280396256821,-0.03266585605958017,-0.23233665559246963,-0.09553354128817748,-0.13680311430429215,-0.29280177187153933,-0.14965893120351015,-0.14314284066802918,-0.10697674418604652,-0.036369245535255224,-0.0706074986507913,-0.05094130675526021,0.01727624858602117,-0.06821755534128138,-0.37120708748615727
2018-12-27,MU,31.93,1.2051104972375688,True,True,64.66,-0.5061862047633776,False,0.024115252113999563,0.01741443947272936,0.006700812641270204,0.1926088318196053,0.06324827669609379,0.12936055512351152,0.26276229251487626,0.13322852420687714,0.12953376830799912,0.06952709051049166,0.19264723666706995,-0.12312014615657829,0.7356717820231757,0.2949167573668723,0.44075502465630345,-0.036955840901973014
2019-11-20,MU,45.57,1.3759124087591244,True,True,51.39,-0.11325160537069467,True,0.056835637480798784,0.015155903079447919,0.041679734401350865,0.19662058371735802,0.03259645396917343,0.1640241297481846,0.3164362519201229,0.08871512694275507,0.22772112497736785,0.0035110818520955878,-0.0830195964861472,0.0865306783382428,0.360324775071319,0.1604080187920327,0.1999167562792863,-0.022383146807109955
2020-02-24,MU,55.01,1.3142616743794697,True,True,61.19,-0.10099689491747021,True,-0.007634975459007376,-0.04134358910737557,0.03370861364836819,-0.3046718778403926,-0.3085106382978724,0.003838760457479773,-0.17978549354662787,-0.09444203213200175,-0.08534346141462612,-0.16124341028903832,0.04469325724210638,-0.2059366675311447,0.6535175422650428,0.2096954283233048,0.443822113941738,-0.43410289038356664
2020-05-19,MU,45.12,0.671111111111111,True,True,61.19,-0.2626246118646838,False,0.09596631205673778,0.03959310888104928,0.0563732031756885,0.12943262411347534,0.06743843545569739,0.06199418865777795,0.022606382978723527,0.15364592252628673,-0.1310395395475632,0.22251773049645385,0.19930129807856978,0.02321643241788407,0.7816932624113477,0.42315991368976236,0.3585333487215854,-0.02703900709219853
2020-08-13,MU,46.14,0.6472688325598,True,True,61.19,-0.2459552214414119,False,-0.06827048114434331,0.0043048422052667235,-0.07257532334961003,-0.0010836584308625552,-0.008223733040406134,0.0071400746095435785,0.19549198092761144,0.039574859721521305,0.15591712120609014,0.7609449501517123,0.14654276638066688,0.6144021837710454,0.6261378413524057,0.31751922334708893,0.30861861800531676,-0.08430862592110966
2021-01-27,MU,75.09,0.7458730527784239,True,True,87.25,-0.1393696275071633,True,0.053535757091490055,0.019871264122218957,0.0336644929692711,0.173525103209482,0.021153281162362036,0.15237182204711996,0.14569183646291117,0.11305787772762477,0.032633958735286406,0.003995205753096309,0.15130471942522905,-0.14730951367213274,0.10467439073112272,0.17475494778451406,-0.07008055705339133,0.02170728459182314
2021-04-23,MU,86.03,0.7549979600163197,True,True,96.96,-0.11272689768976896,True,0.0004649540857839529,0.0013437634976243285,-0.0008788094118403755,-0.0617226548878298,-0.004319239813792786,-0.05740341507403701,-0.12367778681855168,0.034361952296395826,-0.1580397391149475,-0.22840869464140423,0.04424821231463261,-0.27265690695603684,-0.14913402301522727,0.06711618755099091,-0.21625021056621818,-0.14913402301522727
2021-08-06,MU,82.0,0.5568634896525535,True,True,96.96,-0.15429042904290424,False,-0.1351219512195122,0.0077515876064995215,-0.14287353882601173,-0.09987804878048778,0.02393274424280767,-0.12381079302329545,-0.1378048780487805,0.03966191326357671,-0.1774667913123572,-0.040000000000000036,-0.02542430337408752,-0.014575696625912515,-0.2091463414634147,-0.06400144636036975,-0.14514489510304496,-0.1991463414634146
2021-11-01,MU,70.7,0.9633435156900862,True,True,96.96,-0.27083333333333326,False,0.05459688826025455,0.019324406573341335,0.035272481686913215,0.18811881188118806,-0.009738283627510724,0.1978570955086988,0.11343705799151338,-0.06260325189113991,0.1760403098826533,-0.008203677510608132,-0.06853751847665424,0.060333840966046104,-0.23564356435643574,-0.15437788018433185,-0.08126568417210389,-0.00933521923620928
2022-01-27,MU,78.72,1.1053757689221717,True,True,98.45,-0.20040629761300155,True,0.04128556910569103,0.03561821723402292,0.005667351871668114,0.14456300813008127,0.015096002226138605,0.12946700590394267,-0.10924796747967469,-0.006330581578703365,-0.10291738590097133,-0.19156504065040647,-0.07524812169557549,-0.11631691895483098,-0.2022357723577236,-0.06142751136258229,-0.14080826099514132,-0.1370680894308942
2023-08-09,MU,66.7,0.3696098562628336,True,True,74.77,-0.10793098836431714,True,-0.03718140929535241,-0.013707234997195727,-0.02347417429815668,0.047526236881559214,-0.002019068984856931,0.049545305866416145,0.05607196401799097,-0.03362871564778469,0.08970067966577566,0.285607196401799,0.08329781267526637,0.20230938372653262,0.30134932533733116,0.16356702187324723,0.13778230346408393,-0.07421289355322347
2024-04-17,MU,116.33,0.28868948709427267,True,True,130.54,-0.10885552321127623,True,-0.0391128685635691,0.009709319748276934,-0.04882218831184604,0.09868477606808224,0.05839576465887508,0.040289011409207154,0.12498925470643862,0.1218259914094495,0.0031632632969891272,-0.11854207856958643,0.1450804115472979,-0.2636224901168843,-0.40402303790939564,0.05016481869943057,-0.4541878566088262,-0.09120605174933383
2024-07-15,MU,130.87,0.6449220713926596,True,True,157.54,-0.16929033896153356,True,-0.11912585008023235,-0.012252239417306243,-0.10687361066292611,-0.2768396118285321,-0.05032678574608662,-0.2265128260824455,-0.21647436387254526,0.02072907947927982,-0.23720344335182508,-0.31328799572094446,0.05417341905152018,-0.36746141477246463,-0.08221899595017956,0.10793724288996143,-0.190156238840141,-0.3572247268281501
2024-10-08,MU,102.54,0.45446808510638315,True,True,157.54,-0.34911768439761326,False,0.017359079383655107,0.011532355147687356,0.005826724235967751,0.02876926077628239,0.006158731266465489,0.0226105295098169,-0.12356153696118588,0.032765148210827766,-0.15632668517201365,-0.13594694753267034,-0.015091508627457784,-0.12085543890521255,0.9167154281256094,0.17436362684718332,0.742351801278426,-0.18529354398283593
2025-03-17,MU,103.11,0.3617274167987321,True,True,157.54,-0.3454995556684016,False,-0.05983900688585009,0.012218989685268467,-0.07205799657111855,-0.3112210260886432,-0.04942255135325746,-0.26179847473538576,0.1253030743865775,0.060319139557436285,0.06498393482914122,0.274949083503055,0.14401833730053792,0.1309307462025171,3.2847444476772383,0.17963501719121933,3.105109430486019,-0.4031616720007759
2025-11-18,MU,228.5,2.6548304542546384,True,True,260.58,-0.12310998541714635,True,-0.017374179431072223,0.022633620167252344,-0.04000779959832457,-0.013041575492341306,0.01714943643194755,-0.030191011924288857,0.7495842450765864,0.03449581868864371,0.7150884263879427,2.516980306345733,0.12457580899284926,2.3924044973528837,,,,-0.15715536105032823
2026-02-17,MU,399.78,5.643070787637089,True,True,455.5,-0.12232711306256872,True,0.04560008004402416,0.0065900270923335835,0.03901005295169058,0.1548601730952024,-0.017661272607454093,0.17252144570265648,1.0101805993296313,0.08707622464670117,0.9231043746829302,1.1536845264895694,0.13206414293036528,1.0216203835592041,,,,-0.2208464655560558
2026-05-15,MU,724.66,11.079679946657775,True,True,818.67,-0.11483259432982762,True,0.03634808047912119,0.008753060865565487,0.027595019613555705,0.5013799574973092,0.021185924753439833,0.4801940327438694,0.25754146772279407,0.045077587023282906,0.21246388069951117,,,,,,,-0.09997792068004296
2026-08-12,MU,911.29,12.134765061977516,True,True,1255.0,-0.27387250996015944,True,0.028333461356977452,-0.0044401869279862005,0.03277364828496365,,,,,,,,,,,,,-0.02598514194164314
2013-10-07,NEE,19.8375,0.4586397058823528,True,True,22.0975,-0.10227401289738669,True,0.02155009451795853,0.02096398494893381,0.0005861095690247176,0.11014492753623206,0.056142865675207654,0.05400206186102441,0.06175173282923763,0.09251627545840035,-0.030764542629162728,0.20504095778197873,0.11694439467240025,0.08809656310957847,0.18752362948960322,0.17374425132891358,0.013779378160689637,-0.0005040957781977662
2014-10-15,NEE,22.955,0.6792245793708851,True,True,25.6275,-0.10428250902351,False,0.05129601394031802,0.03357828675642338,0.017717727183894638,0.12274014375952969,0.094029930805128,0.02871021295440168,0.1584622086691354,0.0870031647267071,0.0714590439424283,0.13275974733173612,0.12052781204741736,0.012231935284318762,0.10259202788063604,0.07412970015555431,0.028462327725081726,-0.014375952951426685
2015-03-06,NEE,24.675,0.6505016722408028,True,True,28.16,-0.12375710227272729,True,0.019351570415400143,-0.008048192771084262,0.027399763186484405,0.06930091185410348,0.0015903614457832838,0.06771055040832019,0.035663627152988875,0.018602409638554196,0.01706121751443468,0.02998986828774064,-0.06284337349397584,0.09283324178171648,0.130901722391084,-0.03720481927710839,0.1681065416681924,-0.012360688956433608
2015-08-25,NEE,25.1275,0.46601516919486574,True,True,28.16,-0.10768821022727271,False,-0.05133817530593976,0.024029476157419793,-0.07536765146335955,-0.035120883494179744,0.033801463128103615,-0.06892234662228336,-0.00805889961197892,0.11459390185293938,-0.1226528014649183,0.108645905880012,0.0299567469429165,0.0786891589370955,0.24405531787881807,0.16692476104020937,0.0771305568386087,-0.06735648194209543
2016-10-05,NEE,29.635,0.48826114249843067,True,True,32.995,-0.10183361115320488,False,0.03745571115235369,-0.00890414135324391,0.0463598525055976,0.04336089083853545,-0.02731530863052445,0.0706761994690599,0.007761093301838828,0.03663683160970188,-0.028875738307863053,0.10131601147292058,0.09233409080369159,0.008981920669228982,0.23915977729036597,0.17265686592774676,0.06650291136261921,-0.06790956639109169
2017-01-03,NEE,29.68,0.40913946587537087,True,True,32.995,-0.10046976814668884,False,-0.001179245283018826,0.005416444681228816,-0.006595689964247642,0.0328504043126685,0.010566506837151435,0.022283897475517067,0.07926212938005395,0.04905878174391742,0.030203347636136524,0.2148753369272236,0.08013674302965712,0.13473859389756648,0.315616576819407,0.1847806783874979,0.13083589843190913,-0.011708221024258725
2020-02-28,NEE,63.19,0.9462539462539461,True,True,70.8375,-0.10795835539085952,True,0.07540750118689665,0.004050496185782793,0.07135700500111386,-0.08233106504193699,-0.1446027138324445,0.062271648790507506,-0.07299414464313969,0.009518666036589352,-0.08251281067972904,0.11702801076119629,0.13829069060959975,-0.021262679848403465,0.1720208893812314,0.2905218389252684,-0.118500949544037,-0.30843487893654054
2020-05-26,NEE,58.5775,0.6861686816350028,True,True,70.8375,-0.17307217222516325,False,0.09513038282617048,0.03009228300120359,0.06503809982496689,0.037983867525927195,0.04336632339173474,-0.005382455865807545,0.20498484913149229,0.1275578440551024,0.07742700507638989,0.3088643250394776,0.18098836431723964,0.12787596072223795,0.27079510050787414,0.3873879898354955,-0.11659288932762135,-0.002347317656096637
2020-11-23,NEE,74.57,0.9094808270917352,True,True,83.34,-0.10523158147348222,True,-0.005632291806356271,0.023946735299054556,-0.029579027105410827,0.001877430602118757,0.027359704582331057,-0.0254822739802123,0.007107415850878374,0.08272254238236454,-0.07561512653148617,-0.03057529837736339,0.15240866110893525,-0.18298395948629864,0.1842564033793752,0.3117271862586024,-0.1274707828792272,-0.035268874882660506
2021-02-22,NEE,75.1,0.9530589688576814,True,True,87.69,-0.14357395370053605,True,0.010785619174434213,0.006588636539803128,0.004196982634631086,-0.04540612516644471,0.014365811435806064,-0.059771936602250775,-0.03741677762982676,0.06436193576725335,-0.10177871339708011,0.10519307589880178,0.15006588636539808,-0.0448728104665963,0.0017310252996005637,0.15391571712787133,-0.15218469182827077,-0.09014647137150467
2021-05-18,NEE,72.29,0.8397913087739393,True,True,87.69,-0.17561865663131482,False,0.014939825702033449,0.015293489343108257,-0.0003536636410748084,0.013971503665790364,0.024688061368160374,-0.010716557702370011,0.14815327154516522,0.0805214351604604,0.06763183638470482,0.1831511965693733,0.1373743749089673,0.045776821660405975,-0.03444459814635503,-0.024809438267708872,-0.00963515987864616,-0.015078157421496763
2021-09-27,NEE,78.76,0.8881630206772553,True,True,87.69,-0.10183601322841818,False,0.007618080243778413,-0.03162841135008132,0.039246491593859734,0.07021330624682576,0.02916591360925369,0.04104739263757207,0.14842559674961908,0.04613229712633293,0.10229329962328615,0.045835449466734346,0.004247243809867962,0.041588205656866384,0.047739969527679005,-0.1687375745526839,0.2164775440803629,-0.022219400711020798
2022-01-10,NEE,84.29,0.9223444894235706,True,True,93.73,-0.10071481916142111,True,-0.03606596274765694,-0.019376597710038412,-0.01668936503761853,-0.10475738521770095,-0.03129900539193575,-0.0734583798257652,0.026100367777909472,-0.040793967906167405,0.06689433568407688,-0.06145450231344174,-0.17948056969775084,0.1180260673843091,-0.002610036777791147,-0.1668062984683465,0.16419626169055535,-0.17202515126349505
2022-04-12,NEE,83.89,0.7582394550694262,True,True,93.73,-0.1049823962445322,False,-0.02837048515913687,0.01464783590773222,-0.04301832106686909,-0.1631898915246155,-0.10390380798101717,-0.05928608354359832,-0.038264393849087974,-0.12334299208286748,0.0850785982337795,-0.01275479794969614,-0.1376257728900956,0.12487097494039945,-0.06317797115269996,-0.06899541399529996,0.005817442842599996,-0.19871259983311484
2022-07-11,NEE,80.68,0.5405766660301701,True,True,93.73,-0.13922970233649845,False,-0.03929102627664849,-0.005933945813705432,-0.033357080462943056,0.08477937530986601,0.07485100070270412,0.009928374607161894,0.026524541398115886,-0.01629232490955934,0.04281686630767523,0.04214179474467028,-0.002056060172292651,0.04419785491696293,-0.11117997025285087,0.14426255107617836,-0.2554425213290292,-0.05391670798215176
2013-04-02,NFLX,2.5241,1.3539121514501535,True,True,2.8231,-0.1059119407743262,True,-0.04148013153203112,-0.0004463716362708148,-0.0410337598957603,0.22289132760191754,0.018237469710496113,0.20465385789142143,0.2004278752822788,0.021170769034561943,0.17925710624771685,0.7761974565191554,0.08863665348807559,0.6875608030310798,1.0311001941286002,0.18282106874123216,0.848279125387368,-0.10011489243690819
2013-06-26,NFLX,3.03,0.8403790087463554,True,True,3.555,-0.14767932489451485,True,0.04155115511551166,0.007118771075309116,0.034432384040202546,0.16333333333333355,0.05488947171225189,0.10844386162108166,0.47963696369636977,0.06606719120769333,0.41356977248867643,0.727062706270627,0.11914574747096296,0.607916958799664,1.0573267326732676,0.21581116523042332,0.8415155674428443,-0.011782178217821682
2013-10-09,NFLX,4.1204,0.9046826607497804,True,True,4.7786,-0.137739086761813,True,0.11945442190078626,0.03907004830917882,0.08038437359160744,0.1636491602757013,0.06986714975845398,0.09378201051724733,0.24665081060091265,0.10120772946859913,0.14544308113231352,0.25813027861372695,0.14057971014492754,0.11755056846879941,0.5818609843704494,0.16702898550724643,0.414831998863203,0.02764294728667127
2014-01-07,NFLX,4.85,0.8718641451177149,True,True,5.5594,-0.1276036982408174,True,-0.004536082474226655,0.0010355352081969915,-0.005571617682423646,0.19121649484536096,-0.04529103989535643,0.2365075347407174,0.044742268041237265,0.0280684543274472,0.016673813713790064,0.2977938144329897,0.06671026814911718,0.2310835462838725,-0.024515463917525793,0.09941137998691962,-0.12392684390444542,-0.060185567010309304
2014-04-03,NFLX,5.067,0.49165415525920686,True,True,6.5429,-0.22557275825704204,True,-0.056266035129267755,-0.02899856862641148,-0.027267466502856275,-0.039589500690744184,-0.0030217886868472155,-0.03656771200389697,0.2422143280047364,0.03758681015745102,0.2046275178472854,0.27029800671008486,0.05794412341621169,0.21235388329387317,0.16473258338267205,0.09049461909558398,0.07423796428708807,-0.15559502664298408
2014-07-23,NFLX,6.1129,0.5206218905472637,True,True,6.7981,-0.10079286859563708,True,0.01508285756351313,-0.008356826419653629,0.02343968398316676,0.10350242928888087,0.001409585179218631,0.10209284410966224,-0.15472198138363136,-0.06227345952476826,-0.0924485218588631,-0.2433051415858266,0.017317760773258195,-0.2606229023590848,0.8405339527883655,0.06599879178413226,0.7745351610042333,-0.22645552847257433
2014-10-16,NFLX,5.1671,2.0911103134721225,True,True,6.9899,-0.26077626289360367,True,0.059007954171585775,0.0464916519031513,0.012516302268434476,0.048963635308006515,0.09620443442314919,-0.04724079911514267,-0.10479766213156305,0.08487679175390572,-0.18967445388546877,0.25677846374175073,0.12761045793740267,0.12916800580434806,1.1333049486172126,0.06989853438556914,1.0634064142316435,-0.12761510324940484
2015-01-13,NFLX,4.6256,2.3788166544923306,True,True,6.9899,-0.3382451823345112,False,0.2640306122448979,0.004948535233570972,0.2590820770113269,0.4048772051193359,0.024000395882818548,0.38087680923651734,0.4039043583535107,0.03939034045922396,0.3645140178942867,1.0341361120719474,0.029394299287410997,1.0047418127845364,1.485515392597717,-0.049336896278701525,1.5348522888764184,-0.012452438602559845
2015-08-20,NFLX,11.249,11.244475889844347,True,True,12.929,-0.1299404439631835,True,0.04595964085696491,-0.023042604304554515,0.06900224516151943,-0.08774113254511517,-0.04177084865421388,-0.0459702838909013,-0.07858476309005247,-0.007010834926704956,-0.07157392816334751,-0.23237621121877505,-0.1034956120998185,-0.12888059911895655,-0.14330162681127212,0.07059861744374185,-0.21390024425501397,-0.23993243843897227
2015-11-13,NFLX,10.365,8.113690319176998,True,True,12.929,-0.19831386804857298,False,0.19479015918958043,0.033425496198281834,0.1613646629912986,0.16420646406174622,0.001777426681149441,0.16242903738059677,-0.16690786300048244,-0.09716599190283393,-0.06974187109764851,-0.12648335745296668,0.016539942727362478,-0.14302330018032916,0.11355523396044376,0.07099832131924555,0.04255691264119821,-0.22865412445730826
2016-02-11,NFLX,8.635,2.397867233305788,True,True,13.327,-0.3520672319351692,True,0.03335263462652005,0.04998359400634356,-0.016630959379823507,0.13097857556456294,0.10882642458711578,0.02215215097744716,0.0485234510712218,0.12594334463523982,-0.07741989356401802,0.07817023740590634,0.18221590287651757,-0.10404566547061123,0.6762015055008685,0.2536366619271573,0.42256484357371127,-0.01262304574406481
2016-05-09,NFLX,9.054,2.0381530821113385,True,True,13.327,-0.3206272979665341,False,-0.015683675723437096,0.004322696585555397,-0.020006372308992493,0.1032692732493925,0.028121812618388642,0.07514746063100386,0.028274795670421904,0.04997814366894948,-0.021703347998527578,0.3968411751711951,0.03535868667735209,0.361482488493843,0.7296222664015903,0.16421390062654817,0.5654083657750422,-0.06671084603490185
2017-06-29,NFLX,15.009,1.3845383918783662,True,True,16.687,-0.10055732006951523,True,0.000599640215870556,0.0031489538015330165,-0.0025493135856624605,0.22619761476447464,0.023037083074373355,0.2031605316901013,0.1896195615963756,0.031406670810026904,0.1582128907863487,0.2460523685788527,0.10698156204681997,0.13907080653203274,1.6010393763741755,0.11601408742490182,1.4850252889492737,-0.038909987340928764
2018-02-05,NFLX,25.426,2.9665527838879266,True,True,28.681,-0.11348976674453481,True,0.014512703531817994,0.00534232561664072,0.009170377915177275,0.27908440179343974,0.03391050657371264,0.2451738952197271,0.2324392354283018,-0.0027658848937218705,0.23520512032202368,0.39703453158184554,0.0662675709468421,0.33076696063500344,0.3818138912923781,0.03042473383094002,0.35138915746143806,-0.07138362306300627
2018-07-17,NFLX,37.948,2.2767463949572577,True,True,42.321,-0.10332931641501852,True,-0.05839569937809641,0.004064605840196744,-0.062460305218293155,-0.11065141772952458,0.012229471957784899,-0.12288088968730948,-0.14121956361336574,-0.007737012871251836,-0.1334825507421139,-0.15602930325708864,-0.08450101615146022,-0.07152828710562842,-0.03554864551491521,0.06884871822298266,-0.10439736373789787,-0.18064193106356063
2018-10-10,NFLX,32.589,1.8755845760169416,True,True,42.321,-0.22995675905578794,False,0.11908926324833535,0.0077254761049225795,0.11136378714341277,0.004940317284973572,0.009737693136902648,-0.0047973758519290755,-0.0172450826966154,-0.07736255839022643,0.06011747569361103,0.1288471570161711,0.031908012935680796,0.09693914408049031,-0.1790788302801558,0.04660438375853393,-0.22568321403868974,-0.29046610819601704
2019-01-08,NFLX,32.027,1.7215329707681848,True,True,42.321,-0.24323621842584053,False,0.10731570237611998,0.01394243875842216,0.09337326361769782,0.09966590689106058,0.062195739377653325,0.03747016751340726,0.1486558216504823,0.11843283872726573,0.030222982923216568,0.16963811783807414,0.15145850371928193,0.01817961411879221,0.048584007243887894,0.26042762004907116,-0.21184361280518327,-0.024260779966903012
2019-04-04,NFLX,36.788,2.5254432199329178,True,True,42.321,-0.1307388766806078,False,-0.0006252038708273178,0.0035866007382128196,-0.004211804609040137,0.04661846254213331,0.023852635977435588,0.022765826564697722,0.01826682613895847,0.029528518699073913,-0.011261692560115444,-0.2803359791236272,0.03635350651159541,-0.3166894856352226,-0.0103294552571489,-0.14287206629988158,0.13254261104273268,-0.09576492334456876
2019-07-01,NFLX,37.46,3.2582698647266115,True,True,41.977,-0.1076065464420991,False,0.014228510411105288,0.005174863018331699,0.00905364739277359,-0.129925253603844,0.017114252858012602,-0.1470395064618566,-0.2932461292044848,0.006629236284921847,-0.29987536548940663,-0.11313400961025089,0.0853683284854223,-0.1985023380956732,0.18366257341163905,0.014848136372860754,0.1688144370387783,-0.3265349706353443
2020-07-17,NFLX,49.299,2.048794063079777,True,True,57.537,-0.14317743365138957,True,-0.025436621432483375,-0.0026109660574413773,-0.022825655375041998,-0.020913203107568057,0.04699738903394235,-0.0679105921415104,0.09497150043611446,0.09545567574288194,-0.0004841753067674759,0.0322521755005174,0.17835384806664178,-0.14610167256612439,0.10134079798778894,0.3513303493721247,-0.24998955138433576,-0.06975800726181058
2020-10-21,NFLX,48.905,1.5062778660380256,True,True,57.537,-0.15002520117489615,False,-0.005745833759329244,-0.04688822104863888,0.041142387289309634,-0.014845107862181739,0.03953549441251125,-0.05438060227469299,0.026009610469277078,0.10480553205146892,-0.07879592158219184,0.12303445455474882,0.213404137367607,-0.09036968281285818,0.3066148655556691,0.3148542584541767,-0.008239392898507614,-0.0524281770780084
2021-01-19,NFLX,50.177,1.3069885057471264,True,True,57.537,-0.127917687748753,False,0.11989556968332105,0.013574541132972406,0.10632102855034864,0.09879028240030285,0.03628680839825704,0.06250347400204581,0.0945652390537497,0.09829657995510366,-0.0037313409013539633,0.07082926440400983,0.15431136933843925,-0.08348210493442942,0.03473703091057656,0.22680575729565566,-0.1920687263850791,-0.01777706917512012
2021-04-22,NFLX,50.878,0.5522470024712451,True,True,59.329,-0.1424429874091928,False,0.0004324069342347414,0.018895384092948886,-0.018462977158714144,-0.013974605920043959,0.0073010405802023115,-0.02127564650024627,0.04618892252053941,0.030805054939724075,0.015383867580815336,0.22831086127599365,0.051786450627016256,0.1765244106489774,-0.31481190298360795,0.07948674412399659,-0.39429864710760454,-0.05943629859664301
2021-08-17,NFLX,51.891,0.5897977941176469,True,True,59.329,-0.12536870670329858,False,0.0664855177198358,0.008850554004143696,0.0576349637156921,0.1232583685032087,0.008647869561300814,0.11461049894190789,0.24667090632286914,0.044095126565174336,0.2025757797576948,-0.22510647318417443,0.00725159895504901,-0.23235807213922344,-0.5199360197336724,-0.03418610935951716,-0.48574991037415527,-0.0005010502784682513
2021-12-01,NFLX,61.777,1.1394632034632033,True,True,70.099,-0.11871781337822229,True,0.0166890590349158,0.04221975582685911,-0.025530696791943308,-0.00919436036065202,0.05695893451720324,-0.06615329487785526,-0.36138044903443034,-0.03078801331853498,-0.33059243571589536,-0.7080790585492983,-0.12566037735849056,-0.5824186811908078,-0.5452029072308464,-0.12268590455049944,-0.422517002680347,-0.43108276543050006
2024-08-06,NFLX,60.957,0.19331662816647732,True,True,69.749,-0.1260519864084072,True,0.06307725117705942,0.03809250215455329,0.024984749022506136,0.11501550273143368,0.05515656420568815,0.05985893852574553,0.23651098315205799,0.11081106961601073,0.12569991353604726,0.6046557409321325,0.15256152446614957,0.4520942164659829,0.9332972423183554,0.21187398257205792,0.7214232597462975,0.0017553357284643134
2025-01-10,NFLX,83.769,0.4760537073583311,True,True,94.175,-0.11049641624634976,True,0.02436462175745202,0.029440644972350993,-0.005076023214898973,0.22670677697000086,0.04196454719288889,0.18474222977711197,0.03904785779942466,-0.14472256197350508,0.18377041977292974,0.5394955174348504,0.06923461213802118,0.4702609052968292,0.06793682627224862,0.19566228531068597,-0.12772545903843735,-0.019804462271245993
2025-04-08,NFLX,87.04,1.3305754143572441,True,True,106.45,-0.18233912635039917,True,0.12164522058823524,0.08284321624234603,0.03880200434588921,0.32744715073529407,0.1302570093457942,0.19719014138949986,0.4816406249999998,0.2501611343860779,0.23147949061392192,0.37743566176470567,0.34180631646793413,0.03562934529677153,0.14188878676470584,0.3616057041572671,-0.21971691739256127,-0.018382352941176516
2025-07-22,NFLX,119.008,5.29305695098091,True,True,134.115,-0.1126421354807442,True,-0.017931567625705802,0.010177145946633548,-0.02810871357233935,0.020225531056735857,0.01741246064306834,0.0028130704136675178,0.01110009411132018,0.057739401456603945,-0.046639307345283765,-0.2487059693465985,0.10542887129090728,-0.3541348406375058,-0.42297996773326163,0.18989918264796612,-0.6128791503812278,-0.047122882495294394
2025-10-15,NFLX,120.329,4.232150621793199,True,True,134.115,-0.10279237967416033,False,-0.07223528825137737,0.003953876452636118,-0.07618916470401349,-0.03805400194466835,0.027376460153043736,-0.06543046209771208,-0.25695385152373906,0.045086218560668634,-0.3020400700844077,-0.1519085174812389,0.022159748635687038,-0.17406826611692594,,,,-0.2660123494751889
2026-01-12,NFLX,89.41,1.886987407168227,True,True,134.115,-0.33333333333333337,False,-0.024046527234090065,-0.025289142068013026,0.0012426148339229615,-0.08052790515602282,-0.004373093963979446,-0.07615481119204337,0.14137121127390673,-0.021937395707463003,0.16330860698136973,-0.14797002572419182,0.07559410783129072,-0.22356413355548255,,,,-0.16105581031204552
2015-07-06,NOW,14.74,1.9959349593495936,True,True,16.704,-0.11757662835249039,True,0.03934871099050197,0.014754256965944235,0.024594454024557733,0.07394843962008135,0.014851006191950455,0.0590974334281309,-0.06458616010854812,-0.0899767801857585,0.02539062007721038,0.1789687924016281,-0.0033862229102166186,0.18235501531184473,-0.09905020352781557,0.013351393188854477,-0.11240159671667005,-0.12767978290366344
2015-09-29,NOW,13.788,0.7239309827456863,True,True,16.704,-0.17456896551724144,False,0.08181026979982597,0.05140335955772901,0.030406910242096963,0.16289527125036263,0.09823516904103768,0.06466010220932494,0.260371337394836,0.0951520306187541,0.16521930677608188,-0.09602552944589493,0.08739102700403989,-0.18341655644993482,0.11328691615897868,0.13884754412077394,-0.025560627961795257,-0.027125036263417557
2016-01-06,NOW,16.284,1.80565127498277,True,True,18.256,-0.10801928133216487,True,-0.05686563497912056,-0.05024645407906636,-0.0066191809000542,-0.28002947678703016,-0.036314254099185206,-0.24371522268784496,-0.21051338737410952,0.03737048586661307,-0.24788387324072259,-0.20007369196757552,0.022029976863494616,-0.22210366883107013,-0.07074428887251283,0.13288401569258634,-0.20362830456509917,-0.4350282485875706
2016-12-01,NOW,15.418,0.472869698127627,True,True,18.256,-0.15545574057844003,False,0.0391749902711116,0.02541330782893847,0.013761682442173129,-0.035672590478661226,0.018035250717311158,-0.05370784119597238,0.15306784278116492,0.09204353964567114,0.061024303135493785,0.35581787521079256,0.10106116500432671,0.25475671020646584,0.5642755221170062,0.19647492826888913,0.36780059384811703,-0.05564924114671155
2017-03-21,NOW,16.786,0.2602102102102102,True,True,18.944,-0.11391469594594583,True,0.024663409984510887,0.006802721088435382,0.017860688896075505,0.05027999523412352,-0.0012407478714755449,0.051520743105599065,0.20648159180269254,0.042955546998673766,0.16352604480401878,0.4020016680567138,0.06623026569118218,0.3357714023655316,1.0232336470868582,0.15727548881187703,0.8659581582749811,-0.006076492315024495
2017-12-04,NOW,22.724,0.8376192786673136,True,True,26.01,-0.12633602460592086,True,0.08334800211230409,0.008215340349814637,0.07513266176248945,0.16977644780848444,0.023964564246233167,0.14581188356225128,0.4669072346417886,0.018702203376997018,0.4482050312647916,0.5516634395352931,0.018475051109260177,0.5331883884260329,0.6306108079563457,0.043575376694177326,0.5870354312621684,-0.006864988558352381
2018-04-25,NOW,31.6,1.0764883690366673,True,True,35.312,-0.1051200724966016,True,0.04746835443037978,-0.0016310738535068037,0.04909942828388658,0.1010126582278481,0.036907787429351746,0.06410487079849636,0.2093670886075949,0.06088077988089369,0.1484863087267012,0.14500000000000002,0.04085271023783332,0.1041472897621667,0.5360759493670886,0.1084853772332437,0.4275905721338449,-0.011518987341772147
2018-10-08,NOW,36.052,1.4044284380418834,True,True,41.26,-0.12622394571013085,True,0.0036059025851549187,-0.046626363699534434,0.05023226628468935,0.0008321313658050666,-0.050135501355013545,0.05096763272081861,-0.005713968711860695,-0.1230977694392329,0.1173838007273722,0.369244424719849,-0.006427628378847805,0.3756720530986968,0.4875735049373129,0.018275310958237867,0.469298193979075,-0.1810163097747698
2019-01-04,NOW,35.846,1.1319138812894014,True,True,41.26,-0.13121667474551624,False,0.06951961167215326,0.02611038472205718,0.04340922695009608,0.25615131395413715,0.07753872974365073,0.17861258421048642,0.37711320649444846,0.1330480605412261,0.24406514595322237,0.5539251241421639,0.15495859582392346,0.3989665283182404,0.6249511800479832,0.2871746107215025,0.3377765693264807,0.0009485019249011462
2019-06-03,NOW,49.676,2.467541532877286,True,True,56.348,-0.11840704195357421,True,0.11067718817940242,0.0524456422770152,0.058231545902387216,0.14143650857556955,0.0768110135848783,0.06462549499069126,0.07178516788791356,0.044797319444950245,0.026987848442963314,0.1393832031564537,0.1318425173908293,0.007540685765624389,0.5618407279169015,0.10835124012091635,0.4534894877959852,-0.0035026974796682486
2019-08-27,NOW,53.242,2.658238285007558,True,True,60.634,-0.12191179866081736,True,0.008677359978964017,0.02499389967581145,-0.016316539696847432,-0.025656436647759295,0.03747342001603515,-0.06312985666379445,0.0630705082453702,0.08331299891937105,-0.020242490674000857,0.34375117388527854,0.17941924913723972,0.16433192474803882,0.6832575786033583,0.195384669013839,0.48787290958951934,-0.19616092558506437
2019-12-06,NOW,54.408,2.406034806560661,True,True,60.634,-0.1026816637530098,False,0.0034553742096750106,0.007780988979578796,-0.004325614769903785,0.07671665931480653,0.024962683012036857,0.05175397630276968,0.21059403028966317,-0.039413091116969,0.25000712140663217,0.4092412880458758,-0.02959951726109189,0.4388408053069677,0.9307454786060874,0.1645758567027662,0.7661696219033212,-0.03128216438759002
2020-03-06,NOW,63.448,2.677718525388361,True,True,72.59,-0.12594021215043394,True,-0.09321018787038204,-0.09460095475021846,0.0013907668798364137,-0.21330853612407008,-0.16563571572648417,-0.04767282039758591,0.23849451519354425,0.035702279298056805,0.20279223589548745,0.5373219013995714,0.16845962482350574,0.36886227657606563,0.546557811120918,0.26638875815235674,0.2801690529685612,-0.24684781238179299
2020-09-04,NOW,90.07,2.8773138183383553,True,True,100.364,-0.10256665736718351,True,0.017120017763961437,-0.011997547946405174,0.02911756571036661,0.11422227156655951,-0.008202703097177189,0.1224249746637367,0.19815698900854906,0.06845316285722625,0.1297038261513228,0.23563894748528935,0.13722742797092558,0.09841151951436378,0.4662151659820142,0.322912105555069,0.14330306042694518,-0.03885866548240258
2021-01-06,NOW,101.45,2.789689951438177,True,True,113.348,-0.10496876874757377,True,0.028506653523903358,0.016704591085530796,0.011802062438372563,0.161123706259241,0.03383750501940841,0.12728620123983259,0.013346476096599336,0.08783295408914471,-0.07448647799254537,0.10121241991128627,0.14496051398741794,-0.04374809407613167,0.2422671266633809,0.2788381742738588,-0.036571047610477914,-0.08820108427796947
2021-04-05,NOW,102.804,2.1774741917537246,True,True,119.674,-0.14096629175927944,True,0.044706431656355905,0.012993404862683189,0.031713026793672716,-0.04610715536360466,0.029136726055714046,-0.0752438814193187,0.08670868837788404,0.052515011320011684,0.03419367705787235,0.29220652892883536,0.09060931194015165,0.20159721698868371,0.11666861211626012,0.12880204744561463,-0.012133435329354514,-0.12791331076611812
2021-09-28,NOW,122.504,2.1297327678708293,True,True,136.22,-0.10069006019674054,True,0.03412133481355695,-0.001429493682560179,0.035550828496117126,0.10479657807092013,0.05127732177441646,0.05351925629650367,0.051279958205446396,0.07832241999446632,-0.027042461789019923,-0.06974466139881152,0.02460112514986612,-0.09434578654867765,-0.3957748318422256,-0.16003412339758372,-0.2357407084446419,-0.041631293672043435
2022-01-03,NOW,126.028,2.725993377483444,True,True,141.52,-0.10946862634256649,True,-0.0922652109055131,-0.025538506625358504,-0.06672670428015459,-0.06919097343447489,-0.05183060852818655,-0.01736036490628834,-0.08910718253086614,-0.03979401729082499,-0.049313165240041146,-0.21176246548386068,-0.1865566975780285,-0.025205767905832177,-0.38383533817881743,-0.19945155010361926,-0.18438378807519817,-0.23929602945377215
2022-03-30,NOW,114.798,1.3358564277865952,True,True,141.52,-0.18882136800452243,False,-0.08021045662816428,-0.02655330281229562,-0.05365715381586866,-0.12190107841600029,-0.06734248964464784,-0.054558588771352445,-0.13465391383125136,-0.15284499672988883,0.018191082898637467,-0.3006324151988711,-0.17726182690211467,-0.1233705882967564,-0.23615393996411083,-0.12502725092653144,-0.11112668903757938,-0.2918517744211572
2024-04-18,NOW,146.272,0.3132463055071735,True,True,163.064,-0.10297797183927782,True,-0.020660140013126216,0.007947629724535554,-0.02860776973766177,0.03643896302778393,0.0583960602178093,-0.021957097190025365,0.040240100634434395,0.13080557335041654,-0.09056547271598214,0.28343086851892374,0.15538917360666238,0.12804169491226136,0.055786479982498305,0.0538316784112749,0.001954801571223408,-0.1276662655873988
2024-07-24,NOW,146.174,0.28871687267469537,True,True,163.064,-0.10357896286120782,False,0.11427476842666939,0.017700423110322605,0.09657434531634679,0.14819324914143417,0.035825804186759846,0.11236744495467432,0.25483328088442536,0.07597509376789913,0.17885818711652623,0.4422947993487212,0.09524601370951347,0.3470487856392077,0.36300573289367444,0.1721818820094967,0.19082385088417775,0.02083817915634789
2025-01-10,NOW,204.914,0.7888295272016199,True,True,231.58,-0.115148112963123,True,0.04578506105000146,0.029440644972350993,0.01634441607765047,-0.0026938130142400984,0.04196454719288889,-0.04465836020712899,-0.28984842421698853,-0.14472256197350508,-0.14512586224348345,0.010189640532125788,0.06923461213802118,-0.05904497160589539,-0.30800238148686754,0.19566228531068597,-0.5036646667975535,-0.33761480425934776
2025-04-08,NOW,145.52,0.3260675426925952,True,True,239.618,-0.39270004757572463,True,0.12218251786695977,0.08284321624234603,0.03933930162461374,0.35141561297416146,0.1302570093457942,0.22115860362836726,0.42249862561847173,0.2501611343860779,0.17233749123239384,0.26481583287520616,0.34180631646793413,-0.07699048359272798,-0.3301951621770204,0.3616057041572671,-0.6918008663342875,-0.006047278724574112
2025-07-07,NOW,207.002,1.166244584440863,True,True,239.618,-0.13611665233830506,False,-0.07075293958512485,0.0066539923954371805,-0.07740693198056203,-0.10822117660698938,0.016900818457175948,-0.12512199506416533,-0.11084917053941501,0.07330669588193595,-0.18415586642135096,-0.2628573636969691,0.11229619127408652,-0.3751535549710556,-0.4786040714582468,0.2104143842237547,-0.6890184556820015,-0.18838465328837406
2025-09-30,NOW,184.056,1.4408020369191599,True,True,239.618,-0.2318774048694171,False,-0.017429477984961084,0.004413221651805799,-0.021842699636766882,0.019157213022123587,0.031342880302621,-0.012185667280497414,-0.1709588386143348,0.036326518358401616,-0.20728535697273642,-0.4314230451601686,-0.019514245399141372,-0.41190879976102723,,,,-0.17878254444299568
2015-05-08,NVDA,0.5207,0.6988580750407831,True,True,0.5903,-0.11790614941555144,True,0.022661801421163696,0.003874870050089685,0.01878693137107401,0.044171307854810715,-0.01483791702107562,0.059009224875886335,-0.02208565392740558,-0.010585010868538025,-0.011500643058867555,0.37660841175340876,-0.0126169549191949,0.38922536667260366,0.6788937968119837,-0.031424251015972016,0.7103180478279557,-0.08334933743038231
2015-08-05,NVDA,0.5145,0.5371974902898116,True,True,0.5903,-0.12840928341521274,False,0.152575315840622,-0.005474365687627936,0.15804968152824994,0.07910592808551997,-0.06978626172228308,0.14889218980780305,0.34499514091350836,-0.005902794306659631,0.350897935220168,0.3780369290573373,-0.10444137668396247,0.4824783057412998,1.723032069970846,0.02608654258104459,1.6969455273898013,-0.02818270165208936
2016-01-07,NVDA,0.757,1.3715538847117794,True,True,0.8485,-0.10783736004714206,True,-0.053104359313078,-0.010925019324916296,-0.0421793399881617,-0.127212681638045,-0.031435197114145996,-0.095777484523899,0.18071334214002643,0.052254573563514484,0.12845876857651195,0.5405548216644649,0.06498325173924235,0.47557156992522254,2.447556142668428,0.16763720690543682,2.279918935762991,-0.18269484808454417
2016-12-30,NVDA,2.6685,5.662921348314606,True,True,2.9983,-0.10999566420971885,True,0.005059021922428464,0.013107860242473013,-0.008048838320044549,0.02285928424208361,0.01789468975081654,0.004964594491267071,0.005621135469364935,0.05372880597682639,-0.04810767050746145,0.441184185872213,0.08768397977900055,0.3535002060932124,0.849353569421023,0.19836263588780034,0.6509909335332227,-0.10837549184935347
2017-03-29,NVDA,2.6835,4.996648044692737,True,True,3.023,-0.11230565663248437,True,-0.0680827277808832,-0.0032266281735585656,-0.06485609960732464,-0.015837525619526782,0.012991423961959736,-0.028828949581486518,0.43312837711943364,0.03222382610172381,0.40090455101770983,0.7454071175703372,0.06126347966375145,0.6841436379065857,1.1009875163033351,0.10639381845970974,0.9945936978436254,-0.11041550214272411
2017-06-27,NVDA,3.6645,6.983660130718953,True,True,4.2125,-0.1300890207715134,True,-0.024068767908309474,0.005966933244934358,-0.030035701153243832,0.14108336744439898,0.025276592218124616,0.11580677522627436,0.23318324464456275,0.03339825135706276,0.1997849932875,0.3068631464046936,0.10433845771350425,0.20252468869118934,0.6313276026743075,0.12294368706750092,0.5083839156068066,-0.05457770500750436
2017-09-25,NVDA,4.275,8.038054968287527,True,True,4.78,-0.10564853556485354,True,0.04678362573099393,0.013618286265214996,0.03316533946577893,0.14982456140350853,0.028843449965853862,0.12098111143765466,0.14685380116959057,0.07327361105531671,0.07358019011427386,0.4093567251461987,0.08661069376933273,0.32274603137686597,0.5406315789473684,0.17298035592335204,0.3676512230240163,-0.0038128654970760456
2017-12-19,NVDA,4.9028,8.69891196834817,True,True,5.4668,-0.10316821540938026,True,0.005384678143101951,0.0005614402814686503,0.0048232378616333005,0.17334992249326908,0.04955646217763965,0.12379346031562943,0.22888961409806652,0.01242654489650774,0.21646306920155878,0.3380109325283511,0.04064827637833579,0.29736265615001534,-0.25073427429224115,-0.04525208668637948,-0.20548218760586168,-0.02480215387125717
2018-03-27,NVDA,5.638,9.75543685616177,True,True,6.3625,-0.11387033398821222,True,0.0031926214969846267,0.011358403683806584,-0.008165782186821957,-0.039286981199006754,0.011627014581734318,-0.05091399578074107,0.14008513657325294,0.052340752110514144,0.0877443844627388,0.2146505853139411,0.11028396009209507,0.10436662522184603,-0.21571479247960268,0.07874136607828075,-0.29445615855788343,-0.06748847108903855
2018-06-25,NVDA,5.978,10.380163715971825,True,True,6.73,-0.11173848439821699,True,0.013047842087654749,0.0031734317343175,0.009874410353337248,0.04011375041820009,0.039151291512915076,0.000962458905285013,0.1374205419872867,0.07461254612546142,0.06280799586182528,-0.38753763800602203,-0.038856088560885516,-0.3486815494451365,-0.36157577785212447,0.08354243542435413,-0.4451182132764786,-0.0245065239210438
2018-10-10,NVDA,6.1423,8.423596195151886,True,True,7.319,-0.16077332968984837,True,-0.010712599514839605,0.0077254761049225795,-0.018438075619762184,-0.12985363788808757,0.009737693136902648,-0.13959133102499022,-0.43088094036435864,-0.07736255839022643,-0.3535183819741322,-0.23375608485420762,0.031908012935680796,-0.2656640977898884,-0.26449375641046513,0.04660438375853393,-0.31109814016899906,-0.49343079953763247
2019-01-08,NVDA,3.4957,3.4344792591652924,True,True,7.319,-0.522380106571936,False,0.07183110678833993,0.01394243875842216,0.05788866802991777,0.09420144749263382,0.062195739377653325,0.03200570811498049,0.34636839545727627,0.11843283872726573,0.22793555673001054,0.18840289498526763,0.15145850371928193,0.0369443912659857,0.6953685957032927,0.26042762004907116,0.4349409756542215,-0.06313470835598023
2020-02-24,NVDA,6.832,1.4603860558916737,True,True,7.908,-0.13606474456246842,True,0.011519320843091485,-0.04134358910737557,0.05286290995046705,-0.22172131147540985,-0.3085106382978724,0.08678932682246254,0.28886124121779866,-0.09444203213200175,0.3833032733498004,0.6749121779859484,0.04469325724210638,0.630218920743842,1.184792154566745,0.2096954283233048,0.9750967262434402,-0.33884660421545665
2020-09-03,NVDA,13.0155,2.054206265399507,True,True,14.7268,-0.11620311269250627,True,-0.06538358111482456,-0.032803497495584644,-0.03258008361923992,0.0035957128039645347,-0.03344045861200384,0.03703617141596838,0.029656947485690255,0.04826428095775803,-0.018607333472067777,0.05370519764895709,0.10124786473262115,-0.04754266708366406,0.7241750220890477,0.3080865109007209,0.4160885111883268,-0.10074142368714223
2020-12-09,NVDA,12.9307,1.6940642123466052,True,True,14.7268,-0.121961322215281,False,0.024113157060329238,0.009050020444323348,0.01506313661600589,0.026758025474258984,0.03928035982008993,-0.012522334345830943,-0.03173842096715562,0.055390486574894426,-0.08712890754205005,0.3123574129784157,0.14152923538230877,0.1708281775961069,1.5077528672074982,0.276489028213166,1.2312638389943322,-0.10550086228897126
2021-03-09,NVDA,12.5203,1.0708402249421103,True,True,15.3725,-0.18553911205073992,True,0.06157999408959847,0.02257406307306864,0.03900593101652983,0.12964545577981346,0.05015884495182976,0.0794866108279837,0.35537487120915623,0.08161789394839469,0.27375697726076154,0.8079438991078487,0.16292584652736508,0.6450180525804836,0.831904986302245,0.1162280135341065,0.7156769727681385,-0.019831793167895406
2021-07-16,NVDA,18.161,1.9268331990330378,True,True,20.875,-0.13001197604790415,True,0.07692307692307687,0.019937868039134,0.05698520888394287,0.1116127966521665,0.033801641396578264,0.07781115525558824,0.1395297615770057,0.007766495108267213,0.13176326646873848,0.5199603546060236,0.08587193397319992,0.4340884206328237,-0.1535708386102087,-0.1238698010849909,-0.0297010375252178,-0.016271130444358795
2021-10-11,NVDA,20.695,2.1174211041650977,True,True,23.043,-0.10189645445471507,True,0.07378593863251992,0.02875612505463665,0.04502981357788327,0.4884754771683981,0.07876877774966062,0.4097066994187375,0.3338487557381009,0.0775035082472566,0.2563452474908443,0.29074655713940567,0.04193793277968205,0.24880862435972362,-0.416477410002416,-0.16540523131426987,-0.25107217868814613,-0.008069582024643696
2022-01-05,NVDA,27.604,6.6998605299860525,True,True,34.647,-0.2032787831558288,True,0.014309520359368166,0.005636449037106583,0.008673071322261583,-0.1324445732502535,-0.046500704556129535,-0.08594386869412396,-0.0323141573684973,-0.03300738716426832,0.0006932297957710221,-0.43696565715113755,-0.18796703531320724,-0.2489986218379303,-0.46569337777133746,-0.1806652717878645,-0.28502810598347295,-0.25192001159252286
2022-04-01,NVDA,26.712,4.664722722935002,True,True,34.647,-0.22902415793575204,False,-0.13450883498053312,-0.01181224057228658,-0.12269659440824654,-0.2687556154537286,-0.084871500485737,-0.18388411496799162,-0.41816412099430966,-0.16024905060496342,-0.25791507038934625,-0.5314465408805031,-0.1876048750331185,-0.3438416658473846,0.0398697214734951,-0.09610968824516475,0.13597940971865985,-0.4320904462413896
2022-06-29,NVDA,15.542,2.785376784061571,True,True,34.647,-0.551418593240396,False,0.020332003603140025,0.022742809065573022,-0.0024108054624329966,0.1571226354394546,0.0676499973707736,0.089472638068681,-0.19469823703513056,-0.03257611610664135,-0.1621221209284892,0.04581134989061897,-0.0008413524741021083,0.04665270236472108,1.6455411143996912,0.14736814429194944,1.4981729701077418,-0.2113627589756788
2023-06-07,NVDA,37.475,3.2012331838565027,True,True,41.938,-0.10641899947541611,True,0.1473515677118078,0.024920876802250636,0.12243069090955716,0.13416944629753158,0.028132692533114456,0.10603675376441712,0.29443629086057377,0.05776579533466175,0.23667049552591202,0.27607738492328204,0.06653381784081591,0.20954356708246613,2.267244829886591,0.2534755597233618,2.013769270163229,0.0008005336891261372
2023-09-11,NVDA,45.178,2.7923277092252157,True,True,50.266,-0.10122150161142718,True,-0.026827216786931563,-0.01074813245623818,-0.016079084330693383,0.002102793395015512,-0.0360352324673876,0.03813802586240311,0.030722918234538987,0.018173709443639385,0.012549208790899602,0.8866926380096507,0.14237930650016728,0.7443133315094834,1.3566780291292222,0.2184412978035455,1.1382367313256767,-0.13165700119527202
2024-03-08,NVDA,87.528,6.549877946745104,True,True,97.4,-0.10135523613963038,True,0.0035302988757883735,-0.003693426092394314,0.007223724968182688,-0.004512841604972229,0.013679355897756595,-0.018192197502728824,0.3302828809066811,0.03257640897365732,0.2977064719330238,0.3434558084270176,0.09112405221605568,0.25233175621096193,0.2222374554428297,0.09548190416634106,0.12675555127648863,-0.1362078420619689
2024-06-21,NVDA,126.57,5.790673219305964,True,True,140.76,-0.10080988917306055,True,-0.023939322114244987,-0.0005325889331692091,-0.02340673318107578,-0.023939322114244987,0.018622247525297952,-0.04256156963954294,-0.0867504147902346,0.03408569172283338,-0.12083610651306798,0.10065576360907014,0.11560852876898497,-0.014952765159914838,0.13905348818835428,0.10218361462599401,0.03686987356236027,-0.28347949751125856
2024-09-17,NVDA,115.59,4.1969247369840845,True,True,140.76,-0.17881500426257457,False,0.0456786919283676,0.014616299927184828,0.03106239200118277,0.13850679124491738,0.029676594384357102,0.10883019686056028,0.20520806298122674,0.07883566874456105,0.12637239423666569,0.0012976901116013018,-0.007459108103788248,0.00875679821538955,0.4732243273639587,0.17068925710835225,0.30253507025560644,-0.020503503763301345
2024-12-12,NVDA,137.34,3.5044276812069537,True,True,152.89,-0.10170710968670271,True,-0.04849279161205766,-0.03016563797924976,-0.018327153632807902,-0.04062909567496731,-0.03663561299290119,-0.0039934826820661184,-0.15843891073248872,-0.08755150331772388,-0.07088740741476485,0.038517547691859555,-0.007694471563549854,0.04621201925540941,0.27435561380515505,0.12812536197110846,0.1462302518340466,-0.2371486821028106
2025-03-13,NVDA,115.58,4.372315701403737,True,True,153.13,-0.24521648272709462,True,0.02552344696314246,0.025515940662290237,7.5063008522224806e-06,-0.06930264751687143,-0.04867433172536351,-0.020628315791507923,0.2340370306281363,0.08751949512168578,0.14651753550645052,0.4852050527772971,0.17717891987958367,0.3080261328977134,0.5845301955355597,0.20789960465706714,0.3766305908784926,-0.250562381034781
2025-11-06,NVDA,188.08,12.887617219227646,True,True,212.19,-0.11362458174277767,True,-0.006486601446193063,0.00258089540660289,-0.009067496852795953,-0.03014674606550416,0.0229446077188169,-0.05309135378432106,-0.07385155253083797,0.023690531246736812,-0.09754208377757478,0.05513611229264126,0.07509958079097734,-0.01996346849833608,,,,-0.09852190557209695
2026-02-04,NVDA,174.19,8.090387224715583,True,True,212.19,-0.17908478250624438,False,0.09105000287042886,0.008408749763185064,0.0826412531072438,0.05252884780986289,-0.007111732901966095,0.05964058071182898,0.13927320741718807,0.05021932700855447,0.0890538804086336,0.0908203685630633,0.06305833661230853,0.027762031950754773,,,,-0.05694930822664901
2026-05-27,NVDA,212.6,5.800153531218014,True,True,236.54,-0.10120909782700604,True,0.010112888052681068,0.005036910694773855,0.005075977357907213,-0.07930385700846654,-0.021533459478186856,-0.05777039753027968,0.0099717779868298,0.02033419502705014,-0.01036241704022034,,,,,,,-0.10724365004703662
2026-08-24,NVDA,208.48,3.809892949427833,True,True,236.54,-0.11862687071954003,False,0.05899846508058326,0.004689116795682846,0.054309348284900416,,,,,,,,,,,,,0.003597467382962405
2019-08-05,ORCL,53.76,0.320560058953574,True,True,60.5,-0.11140495867768596,True,-0.009486607142857095,0.014974279472905305,-0.0244608866157624,-0.034784226190476164,0.02438165034176598,-0.059165876532242145,0.019345238095238138,0.0683179479952083,-0.04897270989997016,-0.019903273809523836,0.13980691987879634,-0.15971019368832018,0.031436011904762085,0.15044746670424924,-0.11901145479948716,-0.046688988095238027
2020-03-17,ORCL,46.86,0.08850174216027873,True,True,60.5,-0.22545454545454546,False,0.020913358941528015,-0.038172468354430444,0.05908582729595846,0.13444302176696543,0.09873417721518973,0.0357088445517757,0.09496372172428513,0.18912183544303796,-0.09415811371875282,0.1892872385830131,0.3551028481012657,-0.16581560951825258,0.44536918480580456,0.5680775316455697,-0.12270834683976517,-0.09176269739650011
2021-06-18,ORCL,76.23,0.6386500429922615,True,True,85.03,-0.10349288486416552,True,0.029253574708119956,0.028174105851730413,0.0010794688563895427,0.14102059556605018,0.024221536681769962,0.11679905888428022,0.1332808605535878,0.07049551720813652,0.06278534334545127,0.16673225764134836,0.13159163212185465,0.03514062551949371,-0.08566181293454023,-0.08608888460426112,0.00042707166972089095,0.004197822379640392
2021-12-03,ORCL,88.24,0.7708207906883404,True,True,98.95,-0.10823648307225875,True,0.1630779691749773,0.038198579683295764,0.12487938949168154,-0.003853127833182146,0.05357064090688546,-0.057423768740067604,-0.11287398005439708,-0.03425080499316313,-0.07862317506123395,-0.1878966455122394,-0.10610471527502097,-0.08179193023721842,-0.0468041704442429,-0.10153941158307977,0.054735241138836876,-0.20410244786944687
2022-03-15,ORCL,80.6,0.5224782772950509,True,True,106.34,-0.2420537897310514,False,0.01488833746898277,0.054954595583921906,-0.040066258114939135,-0.015756823821339916,0.02843935518689733,-0.044196179008237246,-0.1411910669975186,-0.05802848628481594,-0.08316258071270266,-0.08399503722084367,-0.08308890818218084,-0.0009061290386628285,0.04913151364764268,-0.08081282117464861,0.12994433482229129,-0.17220843672456576
2023-07-07,ORCL,114.61,1.0249116607773852,True,True,127.54,-0.10137995922847742,True,0.04065962830468539,0.024466993501311096,0.016192634803374295,-0.001483291161329725,0.018834796488427674,-0.0203180876497574,-0.06892941279120501,-0.025629916771177763,-0.04329949602002725,-0.07564784922781609,0.08655797514536534,-0.16220582437318143,0.2636768170316728,0.26471325960551817,-0.0010364425738453864,-0.09894424570281823
2023-10-02,ORCL,106.71,0.7943500924836051,True,True,127.54,-0.16332131096126712,True,0.033830006559835146,0.011654302497016156,0.02217570406281899,-0.04741823634148612,-0.02742739463153221,-0.01999084170995391,-0.007215818573704347,0.11513889213919626,-0.1223547107129006,0.18152000749695452,0.21637686925183108,-0.03485686175487657,0.5968512791678382,0.3427254218249045,0.2541258573429337,-0.06981538749882854
2023-12-27,ORCL,105.94,0.6223583460949464,True,True,127.54,-0.16935863258585548,False,-0.03162167264489324,-0.019370002728169466,-0.012251669916723773,0.08212195582405135,0.022874651109105804,0.05924730471494555,0.19010760808004523,0.09078508320916656,0.09932252487087867,0.3489711157258826,0.1479297391450336,0.20104137658084897,0.6179913158391543,0.26188327632158814,0.3561080395175662,-0.03964508212195583
2024-04-17,ORCL,118.67,0.5157746838676713,True,True,132.77,-0.10619868946298117,True,-0.028061009522204472,0.009709319748276934,-0.037770329270481406,0.024943119575292716,0.05839576465887508,-0.033452645083582366,0.20561220190444085,0.1218259914094495,0.08378621049499135,0.46936883795399,0.1450804115472979,0.3242884264066921,0.09345243111148549,0.05016481869943057,0.04328761241205492,-0.04963343726299818
2024-08-05,ORCL,127.86,0.4595890410958905,True,True,146.59,-0.1277713350160311,True,0.03691537619271079,0.03071243573388993,0.00620294045882086,0.09103707179727838,0.06706869225714174,0.023968379540136642,0.35640544345377756,0.12445397966678251,0.23195146378699505,0.2826529016111372,0.16842552862499516,0.11422737298614205,0.9996089472860941,0.21375004832038358,0.7858588989657105,-0.016502424526826265
2024-12-10,ORCL,177.74,0.9737923375902278,True,True,198.31,-0.10372648883061875,True,-0.04517835039945994,0.0024717982747179956,-0.04765014867417794,-0.13075278496680554,-0.037010617120106115,-0.09374216784669942,-0.18881512321368288,-0.07777040477770403,-0.11104471843597885,-0.037132890739282276,-0.01617451891174515,-0.020958371827537126,0.2546978732980758,0.14062707365627092,0.11407079964180489,-0.22527287048497813
2025-03-11,ORCL,144.18,0.8849522813439668,True,True,198.31,-0.2729564822752256,False,0.03655153280621426,0.009173981867894643,0.027377550938319617,-0.1364960466084062,-0.10692185926032516,-0.029574187348081038,0.18698848661395462,0.06679018563822137,0.12019830097573325,0.5626300457761131,0.15173046481508146,0.41089958096103163,0.0362047440699127,0.21812491005900125,-0.18192016598908856,-0.17561381606325432
2025-06-05,ORCL,171.14,1.3795884315906561,True,True,198.31,-0.13700771519338417,False,0.1678158233025595,0.01804232358148572,0.1497734997210738,0.3571345097580929,0.04658966360340622,0.3105448461546867,0.31646605118616344,0.07962229154371481,0.23684375964244864,0.1512796540843755,0.13821768822190372,0.01306196586247177,0.380974640645086,0.2766039962903635,0.10437064435472254,0.008881617389272067
2025-09-02,ORCL,225.3,1.9301599687865783,True,True,260.87,-0.13635143941426764,True,0.0719485130936528,0.015712121448763883,0.05623639164488892,0.2482911673324455,0.04046730285660738,0.20782386447583812,-0.12547714158899248,0.054273978165461534,-0.17975111975445401,-0.3513537505548159,0.07353147890733602,-0.4248852294621519,-0.338126941855304,0.1980102144407827,-0.5361371562960867,-0.17607634265423888
2025-11-25,ORCL,197.03,1.4712153518123667,True,True,345.72,-0.43008793243086896,True,0.05430645079429519,0.013140351396995653,0.04116609939729954,0.0023346698472315186,0.02275488133684922,-0.0204202114896177,-0.25828554027305495,0.018266125448134884,-0.27655166572118983,-0.04501852509770088,0.09811561138929226,-0.14313413648699314,,,,-0.3135563112216414
2026-02-26,ORCL,150.31,0.7437354988399072,True,True,345.72,-0.5652261946083537,False,0.029805069522985672,-0.011591469606847538,0.04139653912983321,-0.049896879781784365,-0.06413753082837648,0.014240651046592112,0.2778923557980175,0.0817350935731902,0.19615726222482732,-0.04324396247754636,0.11571159146960674,-0.1589555539471531,,,,-0.10471691836870478
2015-08-06,PANW,29.0817,2.1668027833131887,True,True,33.425,-0.12994166043380695,True,-0.009916889315274013,0.0014878809695224593,-0.011404770284796473,-0.07135071195975484,-0.06143508519318441,-0.009915626766570429,-0.07731322446762057,-0.0020158387329013427,-0.07529738573471922,-0.19892234635526806,-0.09234461243100545,-0.10657773392426262,-0.2572064219079352,0.03758099352051847,-0.29478741542845366,-0.1954287404106363
2015-10-30,PANW,26.8333,1.8596868905395758,True,True,33.425,-0.19720867614061321,False,0.005094416266355539,0.010147645842350617,-0.005053229575995077,0.16360268770520192,0.003655076227576437,0.15994761147762548,-0.13179892148934347,-0.09051122974077808,-0.04128769174856539,-0.06515411820387351,0.003270331361515888,-0.0684244495653894,-0.07049449750869252,0.0252007887269754,-0.09569528623566792,-0.15596292666202083
2016-01-28,PANW,23.2967,1.4335077768376632,True,True,33.425,-0.30301570680628265,False,0.039417599917584756,0.013166939876262385,0.02625066004132237,0.05587057394394912,0.031621807413674485,0.024248766530274635,0.07676194482480359,0.10311458939241702,-0.026352644567613437,-0.07347392549159326,0.14795621595896558,-0.22143014145055884,0.04535406302180145,0.21394955317011255,-0.1685954901483111,-0.20525224602626124
2016-04-25,PANW,25.085,1.7866958463401361,True,True,33.425,-0.2495138369483918,False,0.009101056408212127,-0.0030679257945449567,0.012168982202757084,-0.043452262308152245,-0.016298355783519458,-0.027153906524632787,-0.13952561291608534,0.04065001677771907,-0.1801756296938044,0.005648794100059806,0.021091989837495717,-0.01544319573743591,-0.27878413394458845,0.12453861272230471,-0.40332274666689316,-0.23832170619892368
2019-01-23,PANW,34.2867,0.42268464730290467,True,True,39.9167,-0.14104372355430173,False,0.03470733549743765,0.015830834060969412,0.01887650143646824,0.09945547398845611,0.05318704680915687,0.04626842717929924,0.14456334380386537,0.10102122166964023,0.04354212213422515,0.06878177252403983,0.1380737253710942,-0.06929195284705436,0.18233309125695962,0.25773508978398696,-0.07540199852702734,-0.005882747537675037
2019-05-13,PANW,37.4167,0.5985465699991881,True,True,43.4383,-0.13862420951096155,True,-0.003608014603105003,0.011001922666096897,-0.0146099372692019,-0.10561326894140843,0.02862636188848522,-0.13423963082989365,-0.05576921535036494,0.025315103610339618,-0.08108431896070456,0.012871258021150966,0.08000427259132659,-0.06713301457017562,-0.04694962409833048,0.041230506302072145,-0.08818013040040262,-0.13287382372042422
2019-08-07,PANW,35.33,0.6127486111554912,True,True,43.4383,-0.18666246146833554,False,0.02165298613076705,-0.014133416675348287,0.035786402806115336,0.0003311633172942141,0.034204951904712066,-0.03387378858741785,0.07269459382960664,0.05333888946765275,0.019355704361953885,0.12062553071044446,0.13421536965656133,-0.013589838946116872,0.20251910557599784,0.14616105844358773,0.056358047132410105,-0.09345315595810921
2019-10-31,PANW,37.8983,0.5000316643578071,True,True,43.4383,-0.12753721945840424,False,0.028455102207750826,0.015989186694359336,0.01246591551339149,-0.0007467353416907851,0.03619819998021967,-0.036944935321910455,0.04468274302541286,0.07678106352817071,-0.03209832050275785,-0.14925735455152334,-0.06712161672106276,-0.08213573783046058,-0.00641981302591399,0.07691293310915515,-0.08333274613506914,-0.05492594654641503
2020-03-03,PANW,30.34,0.5800684314409663,True,True,41.8517,-0.27505931658690086,True,-0.08003625576796314,-0.03936850519584334,-0.0406677505721198,-0.09931773236651287,-0.14152011723954172,0.04220238487302885,0.2601087673038891,0.009092725819344505,0.2510160414845446,0.4795088991430456,0.130695443645084,0.3488134554979616,1.0181839156229398,0.2975619504396483,0.7206219651832915,-0.3107547791694133
2020-09-03,PANW,40.3683,0.6513929228881161,True,True,45.8383,-0.11933252323929988,True,0.0030147417651971153,-0.032803497495584644,0.03581823926078176,0.01218034943259938,-0.03344045861200384,0.04562080804460322,0.21349425167767788,0.04826428095775803,0.16522997071991985,0.47933650909253056,0.10124786473262115,0.3780886443599094,0.9004193884805654,0.3080865109007209,0.5923328775798444,-0.09442062212181335
2021-01-27,PANW,55.8617,1.1310441646034648,True,True,62.5,-0.1062128,True,0.12653213203321778,0.019871264122218957,0.10666086791099882,0.07420110737768448,0.021153281162362036,0.05304782621532245,0.06936774212027208,0.11305787772762477,-0.04369013560735269,0.19637784027338934,0.15130471942522905,0.045073120848160286,0.5043401829876284,0.17475494778451406,0.32958523520311434,-0.07044182328858595
2021-04-23,PANW,59.7367,0.864150413481042,True,True,67.1667,-0.11062029249613281,True,-0.014034923254883536,0.0013437634976243285,-0.015378686752507864,0.011242669916483372,-0.004319239813792786,0.015561909730276158,0.11877120764956883,0.034361952296395826,0.08440925535317301,0.407538414408563,0.04424821231463261,0.36329020209393037,0.7470282087895717,0.06711618755099091,0.6799120212385807,-0.10097142962366523
2021-08-11,PANW,60.9133,0.7150608023831042,True,True,67.82,-0.10183869065172502,True,-0.008536723507017285,-0.010365496417143572,0.0018287729101262862,0.2764043320588443,0.011717517688945023,0.26468681436989927,0.3511827466251214,0.05212042002794193,0.29906232659717946,0.4032518349851346,0.020663391770697315,0.3825884432144373,0.36907703243790757,-0.07307674974086253,0.4421537821787701,-0.019453879530414553
2021-12-06,PANW,83.5367,1.8277553424481328,True,True,93.2567,-0.10422843613381128,True,0.06723511941458082,0.016957649469256042,0.05027746994532478,0.04544828799796963,0.04089016761481279,0.004558120383156838,0.14402771476488785,-0.05030624032781894,0.1943339550927068,0.011132831438158464,-0.0948800104623031,0.10601284190046156,0.0336175597072903,-0.11308005841452518,0.14669761812181548,-0.09069905801881095
2022-03-07,PANW,88.9183,1.274899134488202,True,True,99.8267,-0.10927337075151233,True,-0.015369164727620843,-0.005793576997353611,-0.009575587730267232,0.17729758666101358,0.08909710797987747,0.08820047868113612,-0.05956704075538999,-0.02346041055718484,-0.03610663019820515,0.05094564336025309,-0.03366473547433424,0.08461037883458733,0.05664413287253578,-0.035667453448728015,0.0923115863212638,-0.2098555640402482
2022-06-01,PANW,83.6217,1.5507407735035832,True,True,106.8167,-0.21714769319778648,True,0.04613993736075672,0.003979589345443069,0.04216034801531365,-0.015527070126534204,-0.07895700578627407,0.06342993565973987,0.11751255953897122,-0.010449473864107994,0.1279620334030792,0.0201897354394851,-0.03662198784150006,0.05681172328098516,0.27592478985717817,0.020166507971386194,0.25575828188579197,-0.08367086533758583
2022-08-26,PANW,93.4483,1.7745932304038008,True,True,106.8167,-0.12515271488447022,False,-0.03832707497086629,-0.03224692210900293,-0.006080152861863364,-0.12695041001280927,-0.10115713898003997,-0.025793271032769294,-0.08708879669293079,-0.026448890972342265,-0.06063990572058853,-0.09425853653838545,0.004811132219782355,-0.0990696687581678,0.23469340801277272,0.0855147911475167,0.14917861686525602,-0.25054816406505
2022-11-21,PANW,85.31,1.0650324242284874,True,True,106.8167,-0.2013421122352591,False,-0.0006447075372172373,0.0016219366937835211,-0.0022666442310007584,-0.12507326222013837,-0.035606578980714065,-0.0894666832394243,-0.00785370999882784,0.03210927798474361,-0.03996298798357145,0.12196694408627362,0.03968676347601319,0.08228018061026043,0.5271949361153438,0.1512202539344636,0.37597468218088026,-0.2250615402649162
2023-07-12,PANW,116.32,1.8076273231957516,True,True,129.44,-0.1013597033374537,True,0.05742778541953242,0.020582036679969606,0.03684574873956281,-0.08240199449793673,-0.0006053540199990604,-0.08179664047793767,0.01779573590096284,-0.048248957445854446,0.06604469334681728,0.24191884456671264,0.05970584278731894,0.1822130017793937,0.4488480055020634,0.25850858705887636,0.19033941844318703,-0.1352733837689133
2023-10-26,PANW,118.595,2.0082463923618774,True,True,132.95,-0.10797292215118459,True,0.05552510645474107,0.0441401042297902,0.011385002224950869,0.12180108773557063,0.10362380317537268,0.01817728456019796,0.4344618238542941,0.17656041691916124,0.25790140693513286,0.17083350900122252,0.20024239486122908,-0.02940888586000656,0.5370799780766473,0.40404799418252324,0.13303198389412407,-0.014250179181247047
2024-02-21,PANW,130.985,1.0124200509154488,True,True,190.42,-0.31212582711899994,True,0.20681757453143468,0.01820156473120016,0.18861600980023452,0.0766499980913844,0.046801150419339965,0.029848847672044432,0.20922243004924201,0.0633132881478653,0.14590914190137672,0.27201587968087937,0.09016311015466294,0.18185276952621643,0.5178073825247165,0.22761006415800167,0.2901973183667148,0.011566209871359145
2024-05-16,PANW,158.39,1.8215053610205088,True,True,190.42,-0.16820712110072478,False,-0.01685712481848589,-0.005163706519888844,-0.011693418298597047,0.0016730854220594615,0.02665077833891294,-0.024977692916853478,0.0519287833827895,0.025251092322532864,0.026677691060256636,0.21592272239409072,0.11793300421797248,0.09798971817611823,0.21838499905297049,0.12391004180143361,0.09447495725153687,-0.10341561967295909
2024-08-13,PANW,166.615,1.651699019468976,True,True,190.42,-0.1250131288730174,False,0.1043723554301832,0.030735739059848166,0.07363661637033503,0.025627944662845348,0.02283964283078732,0.0027883018320580266,0.15589832848182938,0.09039923252896465,0.06549909595286474,0.12144764877111891,0.11471478119695977,0.00673286757415914,0.06148906160909884,0.18974614419600044,-0.1282570825869016,-0.014944632836179306
2024-12-27,PANW,186.18,0.988465235501442,True,True,207.24,-0.10162130862767804,True,-0.03587925663336555,0.0005882254079763172,-0.03646748204134187,-0.004082071113975849,0.011428379354968765,-0.015510450468944614,-0.06305725641851978,-0.04694038755651153,-0.01611686886200825,0.08330647760232024,0.019781180148232824,0.06352529745408741,0.003598667955741597,0.15603099107578022,-0.15243232312003863,-0.10726178966591471
2025-03-27,PANW,174.44,0.7519333132469621,True,True,208.39,-0.16291568693315417,True,-0.05314148131162588,-0.05357268815687377,0.000431206845247889,0.026026140793395935,-0.02899061860760399,0.055016759400999926,0.15621417106168312,0.0700077590463426,0.08620641201534052,0.1790873652831919,0.167842279748889,0.011245085534302923,-0.1036459527631276,0.13756436481625167,-0.24121031757937927,-0.17364136665902308
2025-07-11,PANW,187.39,1.1833531989462482,True,True,208.39,-0.10077258985555926,False,0.04477293345429323,0.006350020846028093,0.038422912608265136,-0.10849031431773304,0.02174401077579291,-0.13023432509352595,0.13442552964405796,0.07695391424264786,0.0574716154014101,-0.01702332034793741,0.09348641801096824,-0.11050973835890565,0.7392070014408456,0.21059298932041948,0.5286140121204261,-0.11836277282672492
2025-11-18,PANW,201.0,1.4316477135252845,True,True,223.61,-0.10111354590581823,True,-0.07328358208955221,0.022633620167252344,-0.09591720225680456,-0.08736318407960197,0.01714943643194755,-0.10451262051154953,-0.18656716417910446,0.03449581868864371,-0.22106298286774817,0.13328358208955216,0.12457580899284926,0.008707773096702898,,,,-0.24522388059701483
2026-02-17,PANW,163.5,0.9683380485162223,True,True,223.61,-0.26881624256518044,False,-0.13351681957186556,0.0065900270923335835,-0.14010684666419915,0.034801223241590185,-0.017661272607454093,0.05246249584904428,0.39321100917431195,0.08707622464670117,0.3061347845276108,1.3549847094801226,0.13206414293036528,1.2229205665497573,,,,-0.14636085626911322
2026-06-05,PANW,272.05,1.5497914616430015,True,True,302.95,-0.10199702921274134,True,0.027825767322183337,0.005694529184462116,0.02213123813772122,0.23888990994302528,0.013775337265270249,0.22511457267775503,0.3309685719536848,0.03285201003321814,0.29811656192046665,,,,,,,-0.07682411321448268
2026-09-02,PANW,328.48,1.8266070045607092,True,True,398.88,-0.1764941837144003,True,,,,,,,,,,,,,,,,-0.021492937165124237
2020-03-09,PEP,130.16,0.19063300402488115,True,True,147.2,-0.11576086956521736,True,-0.13114628149969265,-0.12536921562192327,-0.005777065877769383,0.007682851874615926,-0.03416839878933742,0.04185125066395334,0.020436385986478234,0.1383874849578821,-0.11795109897140388,0.06330669944683476,0.27021113663712937,-0.2069044371902946,0.022049784880147527,0.3989352003792437,-0.37688541549909615,-0.22080516287645968
2023-08-24,PEP,177.18,0.298402462260003,True,True,196.88,-0.10006095083299471,False,0.004176543627948837,0.030808670374693925,-0.02663212674674509,-0.010779997742408787,-0.014809219712055621,0.0040292219696468345,-0.058810249463822184,0.03181578887134062,-0.0906260383351628,-0.05260187380065462,0.1490535375037194,-0.20165541130437403,-0.00812732814087369,0.273135114101948,-0.2812624422428217,-0.12049892764420356
2013-05-31,PFE,25.8349,0.7879194723765892,True,True,29.5541,-0.1258437915551479,True,0.037824802882922004,0.008259406546344605,0.0295653963365774,0.028647294938242363,-0.018537779137350885,0.04718507407559325,0.029011143840308895,0.015601101254206329,0.013410042586102566,0.16269077875277227,0.09531966962373817,0.0673711091290341,0.08703730225392792,0.1769348424594679,-0.08989754020553997,-0.00403717451973884
2013-08-26,PFE,26.5844,0.771171591325494,True,True,29.5541,-0.10048352005305528,False,-0.00035359082770347605,-0.009698795180722919,0.009345204353019443,0.024627224989091312,0.021265060240963862,0.0033621647481274497,0.12991077474007318,0.07849397590361451,0.051416798836458666,0.13776124343600005,0.10987951807228913,0.02788172536371092,0.03212034125276486,0.19993975903614447,-0.1678194177833796,-0.009276116820390756
2014-05-06,PFE,27.9222,0.43982302710284227,True,True,31.2713,-0.10709820186560837,True,-0.007814570485133676,0.0170253774494058,-0.024839947934539475,0.007134108343898493,0.03431844951279572,-0.02718434116889723,-0.024804635737871616,0.03378306028482703,-0.05858769602269864,-0.010873068741001801,0.051665060498982784,-0.06253812923998459,0.16615811075058562,0.131384516543527,0.03477359420705861,-0.024804635737871616
2014-08-01,PFE,27.3814,0.49921703040988175,True,True,31.2713,-0.12439201440298298,False,-0.018019531506789144,0.003844155844155983,-0.021863687350945127,0.018366482356636293,0.042649350649350604,-0.02428286829271431,0.005890860218980887,0.019012987012986926,-0.01312212679400604,0.12439466206987237,0.06477922077922083,0.05961544129065155,0.23804480413711504,0.09516883116883124,0.1428759729682838,-0.046776278787790226
2015-08-24,PFE,30.4839,0.34379105135552135,True,True,34.592,-0.11875867252543937,True,0.0028014788134063107,0.04311345646437981,-0.040311977650973496,0.004044758052611286,0.023271767810026267,-0.01922700975741498,0.02303182991677577,0.08427440633245387,-0.061242576415678096,-0.07220860847857391,0.0014775725593667577,-0.07368618103794067,0.08870256102401597,0.15324538258575204,-0.06454282156173607,-0.04637529974839172
2018-12-24,PFE,38.4725,0.24692502406502892,True,True,44.0892,-0.1273940103245239,True,0.06658522321138483,0.0675940940513784,-0.0010088708399935697,0.009864188706218746,0.12464794742681584,-0.1147837587205971,0.032059263110013836,0.19164461892976026,-0.15958535581974642,0.062145688478783656,0.2477596654433727,-0.18561397696458903,-0.032553122360127196,0.3686523854228898,-0.401205507783017,-0.026634609136396037
2022-07-12,PFE,52.04,0.27617833145323467,True,True,61.71,-0.15670069680764875,False,-0.01287471176018451,0.03003965023763877,-0.04291436199782328,-0.043428132205995396,0.08014074521440029,-0.12356887742039568,-0.15219062259800153,-0.009820654885381974,-0.14236996771261956,-0.01537279016141424,0.0042013496835859865,-0.019574139845000227,-0.3078401229823212,0.16183073812462245,-0.46967086110694367,-0.16429669485011522
2022-10-05,PFE,44.12,0.29425155181113083,True,True,61.71,-0.2850429427969535,False,-0.047370806890299155,-0.05444323636267201,0.007072429472372854,0.06686310063463297,-0.005887188734784776,0.07275028936941774,0.16137805983680886,0.014161075605293227,0.14721698423151564,-0.08771532184950126,0.06433477419183764,-0.1520500960413389,-0.24501359927470523,0.12615025590707796,-0.3711638551817832,-0.06051677243880316
2020-03-11,PG,111.59,0.2352224928049591,True,True,128.09,-0.12881567647747683,True,0.05251366609911279,-0.12523691500218692,0.1777505811012997,0.03145443140066306,-0.0012027992418721656,0.03265723064253523,0.06039967739044716,0.16394518151333992,-0.10354550412289276,0.2396272067389551,0.2731812217524421,-0.03355401501348698,0.13074648265973665,0.4111750984108471,-0.28042861575111044,-0.15458374406308806
2020-06-26,PG,115.23,0.28950313339301714,True,True,128.09,-0.10039815754547587,False,0.05554109172958421,0.056657223796033884,-0.001116132066449671,0.09624229801267026,0.07722046325612397,0.019021834756546285,0.19725765859585187,0.10081653057823692,0.09644112801761495,0.1912696346437559,0.23369438426928846,-0.042424749625532554,0.154386878417079,0.4167638726878853,-0.2623769942708063,0.009719691052677115
2021-01-20,PG,131.93,0.462962962962963,True,True,146.92,-0.10202831472910412,True,-0.026908208898658414,-0.024694573966500766,-0.0022136349321576487,-0.01819146517092407,0.017791554872489623,-0.035983020043413694,0.0403244144622148,0.08692594232722928,-0.04660152786501448,0.03820207685894039,0.13467399515486211,-0.09647191829592172,0.21132418706890022,0.21055510693167334,0.0007690801372268741,-0.0787538846357917
2021-04-26,PG,131.26,0.8104827586206895,True,True,146.92,-0.10658861965695621,False,0.028493067194880428,0.0014128014175904813,0.027080265777289947,0.051043730001523846,0.003735542731256425,0.04730818727026742,0.06049062928538773,0.04056416273556662,0.01992646654982111,0.09744019503275947,0.059601063192931125,0.037839131839828344,0.23883894560414465,0.04896913388089352,0.18986981172325113,-0.0073899131494743475
2022-06-30,PG,143.79,0.3013847407005159,True,True,165.35,-0.13039008164499544,False,0.008554141456290631,0.030271703114645554,-0.021717561658354922,-0.033938382363168484,0.09208747514910542,-0.1260258575122739,-0.056193059322623196,-0.034300861497680524,-0.021892197824942672,0.04638709228736371,0.008721007289595795,0.03766608499776791,0.038876138813547456,0.16132538104705096,-0.12244924223350351,-0.06843313165032339
2015-12-11,PGR,30.29,0.41014897579143383,True,True,33.95,-0.10780559646539034,True,0.017827665896335443,-0.009213394095502259,0.0270410599918377,0.014526246285903044,-0.040717257776897164,0.05524350406280021,0.0841862000660285,-0.011591044184664168,0.09577724425069267,0.0818752063387258,0.046909054884089585,0.03496615145463622,0.12413337735226149,0.11526649494749353,0.008866882404767962,-0.03202377022119507
2016-06-15,PGR,31.75,0.285425101214575,True,True,35.54,-0.10664040517726503,True,0.00881889763779542,0.001684717208182862,0.007134180429612558,0.05385826771653557,0.04028880866425988,0.01356945905227569,-0.016062992125984277,0.026618531889289976,-0.04268152401527425,0.04944881889763786,0.06377858002406733,-0.014329761126429474,0.3735433070866141,0.17713598074608905,0.19640732634052505,-0.019212598425196847
2016-11-01,PGR,31.27,0.20408163265306123,True,True,35.54,-0.1201463140123804,False,0.022705468500159975,0.014691246860338403,0.008014221639821573,0.06491845219059789,0.04440547841334541,0.020512973777252475,0.19891269587464033,0.078384910667741,0.12052778520689933,0.27854173329069387,0.1298042746789252,0.14873745861176868,0.5561240805884233,0.21676697786834742,0.3393571027200759,-0.008954269267668735
2017-09-07,PGR,43.73,0.7520032051282048,True,True,49.01,-0.10773311569067545,True,0.05351017608049413,0.013043302142828228,0.040466873937665904,0.12165561399496916,0.03155506946976128,0.09010054452520788,0.2257031785959296,0.07125207599141237,0.15445110260451722,0.32151840841527557,0.08437639243326434,0.23714201598201123,0.5730619711868286,0.1707781423421233,0.40228382884470526,-0.00297278756002739
2018-02-05,PGR,51.95,0.9904214559386972,True,True,58.25,-0.10815450643776814,True,0.008277189605389701,0.00534232561664072,0.0029348639887489814,0.12839268527430203,0.03391050657371264,0.09448217870058939,0.13532242540904704,-0.0027658848937218705,0.1380883103027689,0.15245428296438868,0.0662675709468421,0.08618671201754657,0.27102983638113565,0.03042473383094002,0.24060510255019563,-0.022329162656400503
2018-11-14,PGR,64.8,1.109375,True,True,73.69,-0.12064052110191348,True,-0.017129629629629606,-0.01917098445595855,0.002041354826328945,-0.043209876543209846,-0.03601036269430036,-0.007199513848909489,0.09259259259259256,0.01772760917838645,0.07486498341420611,0.13317901234567908,0.06624722427831253,0.06693178806736655,0.10601851851851851,0.1439674315321986,-0.037948913013680086,-0.12484567901234567
2019-08-14,PGR,75.58,1.2170724552654737,True,True,84.96,-0.11040489642184548,True,0.022757343212490122,0.03011623811201125,-0.007358894899521129,0.018523418893887422,0.06125396266290961,-0.04273054376902219,-0.03995766075681395,0.08552307150405092,-0.12548073226086487,0.09817412013760252,0.1724550898203594,-0.07428096968275688,0.17782482138131783,0.1722437477985208,0.005581073582797025,-0.11444826673723196
2019-11-07,PGR,72.56,1.3323690131790422,True,True,84.96,-0.14595103578154411,False,0.0053748621830209675,0.004445453955480572,0.0009294082275403959,0.005788313120176358,0.021708092673113022,-0.015919779552936664,0.14388092613009928,0.08008306833668644,0.06379785779341285,0.049889746416758696,-0.08238691673697185,0.13227666315373054,0.32111356119073875,0.11473814004802385,0.2063754211427149,-0.04864939360529219
2020-02-27,PGR,76.28,0.9533930857874522,True,True,84.96,-0.10216572504708088,False,0.05584687991609871,0.01663809619844714,0.039208783717651574,-0.006030414263240802,-0.12204631777083119,0.11601590350759039,-0.020450970110120648,-0.006957749319350559,-0.013493220790770089,0.1764551651809123,0.1382474538670968,0.03820771131381551,0.1502359727320397,0.31682968639709586,-0.16659371366505615,-0.1848453067645517
2020-10-28,PGR,91.57,0.8630722278738554,True,True,102.05,-0.10269475747182755,True,0.04684940482690836,0.05167452396987682,-0.004825119142968459,-0.023697717593098022,0.11020633074144359,-0.13390404833454161,0.0016380910778639457,0.17489132431274101,-0.17325323323487707,0.09369880965381694,0.2620767770770831,-0.16837796742326616,0.05110844162935457,0.39582440457968504,-0.34471596295033047,-0.05842524844381347
2021-01-26,PGR,91.72,0.6576902223025485,True,True,102.05,-0.10122488975992161,False,-0.05418665503706932,-0.0058365251830427844,-0.048350129854026536,-0.043392935019624934,0.020792620964589892,-0.06418555598421483,0.09191016136066299,0.07420724875582985,0.017702912604833143,0.031072830353249037,0.10729826207040305,-0.07622543171715401,0.1777147841255997,0.14119700878084362,0.03651777534475609,-0.07446576537287397
2021-06-08,PGR,95.86,0.5315545614315385,True,True,107.59,-0.1090250023236361,True,-0.021906947631963214,0.005209813393956653,-0.027116761025919867,0.03390360943041926,0.028843421426541616,0.0050601880038776414,0.005737533903609426,0.06990622335890895,-0.06416868945529952,-0.013248487377425344,0.08688547882921305,-0.10013396620663839,0.2425412059253078,-0.027801458747750196,0.270342664673058,-0.06530356770290013
2022-05-11,PGR,107.87,0.4870416322029225,True,True,120.17,-0.10235499708745943,True,0.0373597849263001,-0.0022660725652450253,0.039625857491545124,0.0711041067952165,0.02212603437301075,0.048978072422205754,0.09845184017799191,0.05153405474220252,0.046917785435789394,0.196069342727357,-0.020954805856142622,0.2170241485834996,0.24575878372114568,0.05117759388924248,0.1945811898319032,-0.008528784648187626
2022-09-30,PGR,116.21,0.5304886079283548,True,True,129.76,-0.10442355117139335,True,0.049479390758110364,0.015706366537880045,0.03377302422023032,0.1160829532742449,0.08914272915616772,0.026940224118077172,0.1201273556492557,0.06780894786942149,0.05231840777983421,0.20841579898459694,0.1079847695839633,0.10043102940063364,0.19869202306169886,0.1968195307688001,0.0018724922928987642,-0.0530935375613113
2023-04-25,PGR,134.87,0.6526161009680187,True,True,149.87,-0.10008674184293054,True,-0.04863943056276421,0.011721828211189944,-0.06036125877395415,-0.011270111959664986,0.01972517730496448,-0.030995289264629466,-0.07770445614295252,0.11352442868400314,-0.19122888482695566,0.16445466004300435,0.07377856579984243,0.09067609424316192,0.5868614221101802,0.24519799054373514,0.3416634315664451,-0.17394528064061698
2023-07-21,PGR,124.39,0.4114376489277205,True,True,149.87,-0.17001401214385803,False,0.005145108127663001,0.01048255119642616,-0.005337443068763159,0.07669426802797652,-0.034676456278473156,0.11137072430644968,0.2625612991398023,-0.03569375027643851,0.2982550494162408,0.35075166814052583,0.05345216506700878,0.29729950307351705,0.7634054184419969,0.2140961563978947,0.5493092620441022,-0.02025886325267301
2024-12-12,PGR,242.76,1.5486614173228346,True,True,270.62,-0.10294878427315057,True,-0.01256384906903929,-0.03016563797924976,0.01760178891021047,-0.012357884330202684,-0.03663561299290119,0.024277728662698506,0.15093096061954192,-0.08755150331772388,0.2384824639372658,0.11760586587576216,-0.007694471563549854,0.12530033743931202,-0.03258362168396767,0.12812536197110846,-0.16070898365507613,-0.058576371725160614
2025-04-04,PGR,257.64,1.1988563625501407,True,True,292.99,-0.12065258199938567,True,0.06986492780624132,0.05672102596580131,0.013143901840440009,0.09517155721161319,0.11524303356554788,-0.020071476353934692,0.0006210215805000363,0.2279330272324258,-0.22731200565192577,-0.05496040987424311,0.30980842305256506,-0.3647688329268082,-0.2377736376339078,0.30408882203926524,-0.541862459673173,-0.037494177922682836
2025-07-02,PGR,257.8,1.2117364447494854,True,True,292.99,-0.12010648827605042,False,-0.032660977501939525,0.008655008461600389,-0.041315985963539914,-0.06113266097750203,0.018744459666371283,-0.07987712064387331,-0.05554693560899926,0.06667741155612861,-0.12222434716512787,-0.11807602792862681,0.10376339753404795,-0.22183942546267477,-0.12606671838634598,0.2019663147715367,-0.3280330331578827,-0.08165244375484881
2025-09-26,PGR,243.48,1.0062623599208966,True,True,292.99,-0.16898187651455687,False,0.009117792015771231,0.011166178114895287,-0.0020483860991240554,-0.10017249876786594,0.023314496388746164,-0.1234869951566121,-0.06620666995235736,0.03476776162702855,-0.1009744315793859,-0.15393461475275172,-0.020020549394095033,-0.1339140653586567,,,,-0.1789880072285197
2013-05-31,PLD,40.3,0.5541843424604704,True,True,45.52,-0.11467486818980677,True,-0.03151364764267983,0.008259406546344605,-0.03977305418902444,-0.06401985111662523,-0.018537779137350885,-0.04548207197927434,-0.10942928039702227,0.015601101254206329,-0.1250303816512286,-0.0416873449131514,0.09531966962373817,-0.13700701453688957,0.02580645161290329,0.1769348424594679,-0.1511283908465646,-0.14143920595533488
2013-09-25,PLD,37.99,0.5196000000000001,True,True,45.52,-0.16542179261862922,False,0.02000526454330087,0.0008282063416944485,0.019177058201606423,0.056330613319294454,0.03271415049692372,0.023616462822370732,-0.03316662279547267,0.07365120681495507,-0.10681782961042774,0.05343511450381677,0.10423568386180793,-0.050800569357991154,-0.0007896814951303677,0.17137955513487935,-0.17216923663000971,-0.060015793629902614
2016-11-03,PLD,49.28,0.20547945205479445,True,True,54.87,-0.10187716420630577,False,-0.04606331168831179,0.03898840885142252,-0.08505172053973431,0.013595779220779258,0.05220806590669613,-0.038612286685916875,-0.017045454545454586,0.09023852859469295,-0.10728398314014753,0.10409902597402598,0.14033911294185275,-0.03624008696782677,0.31899350649350655,0.23330778810230868,0.08568571839119787,-0.06797889610389618
2018-02-06,PLD,60.74,0.3264905001091942,True,True,67.53,-0.10054790463497698,True,0.0069147184721765065,-0.011630067253743492,0.01854478572592,0.01942706618373391,0.0135622190019693,0.00586484718176461,0.06684227856437275,-0.02418905361721102,0.09103133218158377,0.07013500164636155,0.040203619068851504,0.029931382577510046,0.1514652617714849,0.014751235462415968,0.13671402630906893,-0.04050049390846233
2018-12-17,PLD,61.52,0.4802694898941289,True,True,68.95,-0.10775924583031182,True,-0.09070221066319906,-0.08231516290726826,-0.008387047755930799,0.032834850455136566,0.02200814536340845,0.010826705091728117,0.1644993498049414,0.10162124060150379,0.06287810920343762,0.28137191157347186,0.13134398496240585,0.150027926611066,0.43920676202860864,0.2426378446115287,0.19656891741707994,-0.10256827048114436
2020-02-27,PLD,86.71,0.6975332811276429,True,True,99.79,-0.13107525804188813,True,0.03459808557259825,0.01663809619844714,0.01795998937415111,-0.10402491062161223,-0.12204631777083119,0.01802140714921896,0.009687463960327491,-0.006957749319350559,0.01664521327967805,0.19536385653327204,0.1382474538670968,0.05711640266617524,0.19063545150501682,0.31682968639709586,-0.12619423489207904,-0.31011417368238947
2020-05-22,PLD,87.55,0.5800397040245444,True,True,99.79,-0.12265758091993195,False,0.07024557395773856,0.03422014622258329,0.03602542773515527,0.05722444317532838,0.051380991064175596,0.00584345211115278,0.18389491719017714,0.14622258326563764,0.0376723339245395,0.16527698458023976,0.20725020308692121,-0.04197321850668145,0.34049114791547685,0.405632277281343,-0.06514112936586614,0.004340376927470135
2020-09-23,PLD,95.3,0.480733374766936,True,True,106.73,-0.10709266373090987,True,0.0558237145855196,0.03796801388544502,0.017855700700074584,0.07712486883525727,0.06226754277212998,0.014857326063127285,0.05540398740818464,0.1537317133647409,-0.09832772595655626,0.0713536201469045,0.23127944458219685,-0.15992582443529235,0.3520461699895068,0.34400570295065713,0.008040467038849641,-0.0056663168940187525
2020-12-17,PLD,100.58,0.5244013337374962,True,True,112.37,-0.10492124232446387,True,-0.0332073970968384,-0.008704061895551285,-0.024503335201287113,-0.02555179956253717,0.01722007307113671,-0.04277187263367388,0.015112348379399343,0.06721470019342357,-0.05210235181402423,0.23990853052296668,0.13988287126584997,0.1000256592571167,0.6162258898389343,0.26423812594025353,0.3519877638986808,-0.07456750845098425
2021-03-19,PLD,100.38,0.5847805494158509,True,True,112.37,-0.10670107679985774,False,0.06375772066148633,0.016688918558077415,0.04706880210340891,0.11825064753935055,0.06606244223066637,0.05218820530868418,0.2267383941024108,0.089863407620417,0.1368749864819938,0.34210001992428785,0.15276779295470888,0.18933222696957897,0.539848575413429,0.1184656465030296,0.4213829289103994,-0.003387128910141368
2021-09-28,PLD,125.58,0.9030156084255192,True,True,139.6,-0.10042979942693409,True,0.006768593725115624,-0.001429493682560179,0.008198087407675803,0.16443701226309915,0.05127732177441646,0.11315969048868268,0.29208472686733544,0.07832241999446632,0.21376230687286912,0.26548813505335245,0.02460112514986612,0.24088700990348633,-0.1705685618729097,-0.16003412339758372,-0.01053443847532598,-0.010909380474597885
2022-01-14,PLD,152.74,1.4038401007239534,True,True,169.93,-0.10115930088860114,True,0.003731831871153446,-0.05353761404716828,0.057269445918321726,-0.048448343590415166,-0.05530211740402835,0.006853773813613184,0.0824276548382874,-0.05687295575830609,0.1393006105965935,-0.20269739426476374,-0.1732010673093476,-0.029496326955416152,-0.20191174544978396,-0.14249440523325874,-0.05941734021652523,-0.09715857011915674
2022-05-02,PLD,153.13,1.0061574741255077,True,True,174.54,-0.12266529162369655,True,-0.13557108339319524,-0.03935051148426949,-0.09622057190892574,-0.16750473453928028,-0.0037396255549122515,-0.16376510898436802,-0.13537517142297384,-0.02029048446245907,-0.11508468696051477,-0.32684647031933656,-0.09696487164640033,-0.22988159867293623,-0.20067916149676734,0.0024850414977803936,-0.20316420299454774,-0.3047737216743943
2022-07-28,PLD,132.4,0.6023236112791965,True,True,174.54,-0.24143462816546346,False,-0.012462235649546849,0.019947299726648104,-0.03240953537619495,0.0028700906344409916,0.03309774176866065,-0.030227651134219657,-0.22145015105740185,-0.0782623685571453,-0.14318778250025654,-0.08391238670694867,-0.04292363385623166,-0.040988752850717014,-0.056344410876132955,0.11431526584086482,-0.17065967671699778,-0.25959214501510575
2023-12-11,PLD,122.0,0.25890001031885257,True,True,136.67,-0.10733884539401473,False,0.08754098360655749,0.021602199181800508,0.06593878442475698,0.09467213114754114,0.03153747916621574,0.0631346519813254,0.10713114754098352,0.10764302257624636,-0.0005118750352628432,-0.10844262295081974,0.143726054676508,-0.25216867762732775,-0.05393442622950817,0.30885949912335753,-0.3627939253528657,-0.005573770491803298
2023-10-03,PLTR,14.9,0.5684210526315789,True,True,20.24,-0.2638339920948616,True,0.19463087248322153,0.03071704736829628,0.16391382511492525,-0.006711409395973145,-0.008040987689461265,0.0013295782934881206,0.1785234899328858,0.13069569961336858,0.04782779031951723,0.6704697986577182,0.230603192675348,0.43986660598237015,1.4469798657718123,0.3487511563367254,1.0982287094350869,-0.028187919463087296
2024-08-06,PLTR,26.59,0.19559352517985618,True,True,29.83,-0.10861548776399588,True,0.14291086874764947,0.03809250215455329,0.10481836659309618,0.15043249341857834,0.05515656420568815,0.09527592921289019,0.6430989093644226,0.11081106961601073,0.5322878397484119,1.9996239187664537,0.15256152446614957,1.8470623943003042,5.752162467092892,0.21187398257205792,5.540288484520834,-0.013162843174125638
2024-12-09,PLTR,72.46,2.8542553191489355,True,True,80.91,-0.10443702879742933,True,0.04540436102677359,0.0034894489647416815,0.041914912062031906,-0.05837703560585139,-0.02512072501157625,-0.03325631059427514,0.05409881313828313,-0.0729311371303829,0.12702995026866604,0.7942313000276016,-0.01447046371634586,0.8087017637439474,1.5095224951697492,0.129589204207184,1.3799332909625652,-0.12503450179409326
2025-03-10,PLTR,76.38,5.735449735449735,True,True,125.41,-0.39095765887887735,True,0.14362398533647558,0.01172000428127995,0.13190398105519563,0.019114951557999582,-0.10025330907274621,0.11936826063074579,0.7021471589421315,0.0630596881800991,0.6390874707620324,1.0517151086671905,0.1506832209497304,0.9010318877174601,1.0480492275464783,0.20994327303863836,0.83810595450784,-0.13432835820895517
2025-06-05,PLTR,119.91,12.814516129032258,True,True,135.28,-0.11361620342992318,True,0.12742890501209247,0.01804232358148572,0.10938658143060676,0.16020348594779432,0.04658966360340622,0.1136138223443881,0.3100658827453924,0.07962229154371481,0.23044359120167757,0.36393962138270375,0.13821768822190372,0.22572193316080003,0.18171962305062128,0.2766039962903635,-0.09488437323974219,0.016762571928946812
2025-09-02,PLTR,157.09,17.656769596199524,True,True,190.0,-0.17321052631578948,True,0.03354764784518438,0.015712121448763883,0.017835526396420498,0.1612451460945954,0.04046730285660738,0.12077784323798801,0.04112292316506472,0.054273978165461534,-0.013151055000396816,-0.17983321662741103,0.07353147890733602,-0.25336469553474705,0.1864536253103315,0.1980102144407827,-0.011556589130451211,-0.060665860334839894
2025-11-25,PLTR,163.55,21.131258457374834,True,True,207.52,-0.21188319198149574,True,0.07661265667991435,0.013140351396995653,0.0634723052829187,0.18722103332314255,0.02275488133684922,0.16446615198629333,-0.21222867624579644,0.018266125448134884,-0.23049480169393133,-0.16141852644451238,0.09811561138929226,-0.25953413783380463,,,,-0.22816875573219197
2026-02-24,PLTR,128.84,12.268795056642636,True,True,207.52,-0.3791441788743254,False,0.14265755976404848,-0.010213137411798856,0.15287069717584734,0.20133498913380943,-0.049712664581363364,0.2510476537151728,0.0644986029183483,0.07841710918745903,-0.01391850626911073,0.33925799441167337,0.12412890085109463,0.21512909356057874,,,,-0.04781123874573112
2026-05-20,PLTR,137.15,13.406512605042018,True,True,207.52,-0.33909984579799535,False,0.04513306598614664,0.01801011804384478,0.027122947942301856,-0.06328837039737523,0.007406408094435157,-0.07069477849181038,0.25811155668975583,0.04238785834738601,0.21572369834236982,,,,,,,-0.22442581115566895
2013-06-20,PM,86.63,0.8869527336092355,True,True,96.73,-0.10441434921947701,True,0.013274847050675387,0.01053952321204532,0.002735323838630066,0.022855823617684345,0.06129234629861968,-0.03843652268093534,0.014082881218977272,0.06844416562107902,-0.05436128440210175,-0.009696410019623514,0.1339397741530739,-0.1436361841726974,0.037515872099734615,0.2312421580928481,-0.19372628599311348,-0.043518411635692034
2013-09-25,PM,86.91,0.577027762656505,True,True,96.73,-0.10151969399359051,False,0.009319986192612983,0.0008282063416944485,0.008491779850918535,0.013922448509952945,0.03271415049692372,-0.018791701986970777,-0.016453802784489602,0.07365120681495507,-0.09010500959944467,-0.0834196295017835,0.10423568386180793,-0.18765531336359143,-0.03739500632838566,0.17137955513487935,-0.208774561463265,-0.0356690829593832
2017-09-29,PM,111.01,0.33105515587529966,True,True,123.55,-0.10149736948603794,False,0.0023421313395188825,0.012498507343868148,-0.010156376004349266,-0.045671561120619875,0.025793097958046296,-0.07146465907866617,-0.06215656247184942,0.06352744497074392,-0.12568400744259334,-0.13854607693000642,0.027146439517573562,-0.16569251644757998,-0.26574182506080535,0.15706722923217775,-0.4228090542929831,-0.0849473020448609
2018-03-02,PM,106.81,0.2915356711003627,True,True,123.55,-0.13549170376365838,False,0.013950004681209549,0.03638323175263869,-0.02243322707142914,-0.08678962643947197,-0.043147019473762316,-0.04364260696570965,-0.2578410261211498,-0.00022298201278425633,-0.25761804410836553,-0.22825578129388624,0.0635127099747288,-0.29176849126861504,-0.18069469150828577,0.04214360041623322,-0.22283829192451898,-0.2615859938208033
2022-06-16,PM,98.27,0.2744131759823629,True,True,112.48,-0.1263335704125178,False,0.052203113869950135,0.06390290467748527,-0.011699790807535138,-0.08914215935687386,0.04172916950770489,-0.13087132886457875,-0.043248193751908026,0.07213964271103235,-0.11538783646294037,0.03673552457515017,0.07230328651302353,-0.035567761937873366,-0.036023201383942105,0.20714577935360712,-0.24316898073754922,-0.10176045588684235
2022-09-16,PM,95.56,0.3268536517633991,True,True,112.48,-0.15042674253200572,False,-0.03945165341146917,-0.045673825085589814,0.006222171674120647,-0.10778568438677272,-0.0724400871459695,-0.03534559724080322,0.07367099204688143,0.03472870629733382,0.03894228574954761,0.029196316450397664,0.0009077705156137483,0.028288545934783915,0.0024068647969861523,0.1499377528789294,-0.14753088808194326,-0.13300544160736716
2023-10-23,PM,90.92,0.23987453975180695,True,True,105.62,-0.13917818594963072,False,-0.016827980642322937,-0.011582552442562899,-0.005245428199760038,0.016058073031236075,0.08038814631593971,-0.06433007328470364,0.015398152221733241,0.14738619607096992,-0.13198804384923668,-0.015618125824901075,0.19756932883032863,-0.2131874546552297,0.30840299164100293,0.38807496551396103,-0.0796719738729581,-0.040585129784425855
2024-12-30,PM,120.01,0.2829805430831729,True,True,134.15,-0.10540439806187107,True,0.011582368135988563,0.000697018122471027,0.010885350013517536,0.0859095075410381,0.02859474346333002,0.05731476407770808,0.2928922589784184,-0.05535343918941904,0.34824569816783746,0.49654195483709684,0.03213083540172046,0.4644111194353764,0.3494708774268809,0.1679473666315323,0.18152351079534856,-0.032413965502874786
2025-07-22,PM,165.27,0.8326679973386559,True,True,186.69,-0.11473565804274455,True,-0.015247776365946653,0.010177145946633548,-0.0254249223125802,0.021177467174925857,0.01741246064306834,0.0037650065318575177,-0.0456223149996976,0.057739401456603945,-0.10336171645630154,-0.0006655775397834685,0.10542887129090728,-0.10609444883069075,0.13777455073516043,0.18989918264796612,-0.0521246319128057,-0.08706964361348102
2025-10-15,PM,157.73,0.8777380952380951,True,True,186.69,-0.1551234667095185,False,-0.005515754770810677,0.003953876452636118,-0.009469631223446795,-0.013757687186965017,0.027376460153043736,-0.04113414734000875,0.04710581373232747,0.045086218560668634,0.002019595171658839,0.022316617003740546,0.022159748635687038,0.0001568683680535088,,,,-0.09902998795409867
2026-03-05,PM,169.7,0.7440904419321686,True,True,191.3,-0.11291165708311568,True,0.013553329404832226,-0.022383349723327117,0.03593667912815934,-0.06835592221567466,-0.037398541045926104,-0.030957381169748555,0.017442545668827414,0.113355154041479,-0.09591260837265159,0.14378314672952275,0.12442206924894705,0.019361077480575695,,,,-0.10648202710665877
2026-06-01,PM,172.66,0.869626421223606,True,True,193.05,-0.10562030562030567,True,0.0196918799953667,-0.02546998180715576,0.04516186180252246,0.0477817676358161,-0.015516650407361499,0.0632984180431776,0.12417467855901765,0.009940148179397257,0.11423453037962039,,,,,,,-0.015406000231669159
2026-09-03,PM,186.17,0.9342337662337661,True,True,207.76,-0.10391798228725457,True,,,,,,,,,,,,,,,,-0.021163452758231727
2013-04-26,QCOM,61.52,0.6142744686434007,True,True,68.5,-0.10189781021897804,True,0.03657347204161243,0.019780080889787666,0.016793391151824766,0.04453836150845247,0.04467896865520715,-0.00014060714675467878,0.012678803641092307,0.06888270980788658,-0.05620390616679427,0.11947334200260085,0.08739888776541949,0.03207445423718136,0.2657672301690508,0.1869944388270981,0.0787727913419527,-0.04063719115734721
2013-07-24,QCOM,61.39,0.5696752748657632,True,True,68.5,-0.1037956204379562,False,0.051637074442091535,0.0011274626157131706,0.050509611826378364,0.08437856328392224,-0.023498694516971286,0.10787725780089352,0.1190747678775046,0.027889864704486067,0.09118490317301853,0.19547157517510994,0.08990030856871578,0.10557126660639415,0.32806646033555964,0.1761215286019462,0.15194493173361345,0.02345658902101322
2019-05-20,QCOM,76.62,0.4737449509521061,True,True,90.34,-0.15187071064866065,True,-0.14682850430696948,-0.013382637788343033,-0.13344586651862644,-0.06081962933959817,0.029758760345131252,-0.09057838968472942,-0.07491516575306723,-0.00017608733932039655,-0.07473907841374683,0.1743670060036544,0.08533192463461892,0.08903508136903548,-0.011093709214304415,0.008205670012326083,-0.019299379226630498,-0.15478987209605843
2020-01-31,QCOM,85.31,0.5913075918671891,True,True,96.17,-0.11292502859519604,True,0.02473332551869656,0.03254281540422088,-0.007809489885524323,-0.055679287305122505,-0.03928760140490484,-0.016391685900217667,-0.11745399132575307,-0.11189506729245013,-0.005558924033302937,0.05110772476849146,0.0038230814658253287,0.04728464330266613,0.8233501348024852,0.17374817393466557,0.6496019608678196,-0.320126597116399
2020-04-28,QCOM,75.29,0.41949472096530926,True,True,96.17,-0.21711552459186856,False,0.031079824677912038,0.0016099114548699944,0.029469913223042044,0.05312790543232837,0.06229657368844688,-0.009168668256118506,0.1909948200292202,0.1302978336191507,0.06069698641006949,0.713773409483331,0.2154481503517307,0.4983252591316003,0.8456634347190861,0.4615546144962026,0.3841088202228835,-0.015938371629698578
2020-09-08,QCOM,109.77,1.1758176412289392,True,True,123.93,-0.11425804889857183,True,0.062038808417600455,0.02088772845953013,0.041151079958070325,0.08900428167987617,0.0051619099066655405,0.08384237177321063,0.3663113783365217,0.1007772875964108,0.2655340907401109,0.24842853238589768,0.16004921821073803,0.08837931417515965,0.3175731074063952,0.3597431049488311,-0.04216999754243589,-0.013391637059305794
2020-12-11,QCOM,144.28,1.2135624424670142,True,True,161.07,-0.10424039237598559,True,0.021763238148045483,0.007862407862407883,0.0139008302856376,0.07048794011644022,0.03404313404313397,0.036444806073306246,-0.08691433324092035,0.07433797433797418,-0.16125230757889453,-0.07596340449126704,0.15257985257985252,-0.22854325707111955,0.2632381480454671,0.2731367731367731,-0.009898625091306013,-0.1475602994177988
2021-03-11,QCOM,131.74,1.090115817864509,True,True,167.94,-0.21555317375253058,True,-0.0151055108547139,-0.005209259776891129,-0.00989625107782277,0.06702596022468477,0.0456381978502276,0.021387762374457164,0.011993320176104216,0.07282799278326935,-0.06083467260716513,0.11348109913465909,0.1474601682209744,-0.03397906908631532,0.14437528465158622,0.057733844941935786,0.08664143970965044,-0.06118111431607709
2021-06-07,QCOM,133.32,1.2604272634791456,True,True,167.94,-0.20614505180421583,False,0.029927992799279934,0.007271607570051408,0.022656385229228526,0.05903090309030912,0.025438783486108063,0.033592119604201054,0.10028502850285026,0.06956583528742977,0.030719193215420493,0.35546054605460564,0.11191643572798982,0.24354411032661583,0.09660966096609669,-0.011369288708875214,0.1079789496749719,-0.008100810081007936
2021-08-31,QCOM,146.69,1.1197976878612717,True,True,167.94,-0.12653328569727285,False,-0.0284272956575089,-0.0014394543360792822,-0.026987841321429618,-0.11868566364442024,-0.03789086721587387,-0.08079479642854637,0.23191764946485804,0.03959606696784479,0.19232158249701325,0.13088826777558116,-0.04869784746213135,0.1795861152377125,-0.06551230486059023,-0.10835769332979006,0.04284538846919983,-0.1671552253050651
2022-01-19,QCOM,172.47,2.1204993667450696,True,True,193.58,-0.10905052174811458,True,-0.03171566069461351,-0.040664084117321586,0.008948423422708074,0.0007537542761060223,-0.011400110680686137,0.01215386495679216,-0.20618078506406912,-0.030902047592694992,-0.17527873747137412,-0.21354438453064306,-0.16141671278361924,-0.05212767174702382,-0.29239867803096187,-0.13339236303265078,-0.15900631499831108,-0.22485069867223284
2022-04-14,QCOM,136.91,0.9433640880056777,True,True,193.58,-0.29274718462651106,False,-0.02994668030092762,-0.026839352200826894,-0.003107328100100726,-0.014462055364838133,-0.08239110075607026,0.06792904539123212,-0.009276166824921606,-0.13467644304346837,0.12540027621854677,-0.08494631509750927,-0.1475364900979923,0.06259017500048303,-0.12234314513183842,-0.05785879074442091,-0.06448435438741751,-0.13643999707837262
2022-07-13,QCOM,135.64,0.8109479305740985,True,True,193.58,-0.299307779729311,False,0.1184753759952819,0.04207692104637961,0.0763984549489023,0.0836773813034506,0.108650318084629,-0.0249729367811784,-0.07637864936596861,-0.014861547395929597,-0.06151710197003901,-0.2096726629312886,0.005253015864635779,-0.2149256787959244,-0.12503686228251243,0.17736187735923759,-0.30239873964175,-0.16750221173695068
2024-06-24,QCOM,200.84,0.49925350851000294,True,True,230.63,-0.1291679313185622,True,-0.0040330611431985686,0.004790507425286528,-0.008823568568485096,-0.03729336785500903,0.020341231528908876,-0.057634599383917906,-0.16201951802429793,0.03438110329070998,-0.1964006213150079,-0.21210914160525784,0.11347975089361384,-0.3255888924988717,-0.2247062338179645,0.11799388289051849,-0.342700116708483,-0.24621589324835702
2024-10-09,QCOM,170.22,0.3292206778072777,True,True,230.63,-0.26193470060269697,False,0.007402185407120232,0.0089406383199917,-0.0015384529128714686,0.01627305839501836,0.024084277644938812,-0.007811219249920454,-0.0609211608506639,0.031569463215164406,-0.09249062406582831,-0.18094230995182714,-0.07006965381016728,-0.11087265614165986,-0.026788861473387438,0.16290674706310426,-0.1896956085364917,-0.12213605921748316
2026-05-12,QCOM,210.31,0.9333517190660048,True,True,247.9,-0.15163372327551428,True,-0.06989681898150346,-0.006028339971280605,-0.06386847901022286,-0.09086586467595459,-0.017272210030073953,-0.07359365464588064,-0.2018448956302601,0.04752228453764662,-0.2493671801679067,,,,,,,-0.32057439018591605
2013-01-16,REGN,170.03,5.906173842404549,True,True,188.95,-0.10013231013495627,True,0.018290889842968783,0.016048962937776245,0.0022419269051925372,-0.004646238899017718,0.03563413804828275,-0.04028037694730047,0.22948891372110802,0.05487929275756542,0.1746096209635426,0.3921072751867316,0.12335940156409375,0.26874787362263786,0.7662765394342175,0.2490309418565113,0.5172455975777062,-0.0933364700346998
2013-05-23,REGN,254.87,8.39093588798821,True,True,283.99,-0.10253882178949969,True,-0.050967159728489086,-0.012088244182532515,-0.03887891554595657,-0.15458861380311528,-0.03856149894227856,-0.11602711486083672,-0.10679954486601007,-0.004110003022060882,-0.10268954184394918,0.12563267548161794,0.06956784527047466,0.05606483021114328,0.1417585435712323,0.1431248111211847,-0.0013662675499523935,-0.190567740416683
2013-08-19,REGN,227.65,8.28047289033836,True,True,283.99,-0.19838726715729427,False,0.07625741269492625,0.007464951144018794,0.06879246155090746,0.3029650779705688,0.03823511561570658,0.26472996235486224,0.2602240281133317,0.07398191418340705,0.18624211392992462,0.3353832637821217,0.09249256539418571,0.24289069838793598,0.5313858994069844,0.18783759179462267,0.34354830761236177,0.0014056665934547574
2013-11-12,REGN,286.89,10.167380303620085,True,True,319.83,-0.10299221461401364,True,-0.04566210045662089,0.011697558770343619,-0.05735965922696451,-0.05880302554986239,0.00994575045207946,-0.06874877600194185,0.0596395831154799,0.01723553345388784,0.04240404966159206,-0.000801701000383237,0.061708860759493556,-0.06251056175987679,0.3453588483390848,0.15268987341772133,0.19266897492136348,-0.10178117048346047
2014-03-21,REGN,310.79,7.007987632053595,True,True,352.49,-0.11830122840364266,True,-0.03442839216191007,-0.0038131041890439032,-0.030615287972866168,-0.02828276328067192,0.004511278195488799,-0.03279404147616072,-0.02628784709932752,0.0463480128893663,-0.07263585998869382,0.12725634672930264,0.07572502685284643,0.051531319876456205,0.5638212297692975,0.12513426423200857,0.4386869655372889,-0.12085330930853633
2014-06-17,REGN,302.62,4.499182264219517,True,True,352.49,-0.1414791908990326,False,-0.08099266406714689,-0.0006672483703742405,-0.08032541569677265,0.01156565990350944,0.016065287686701124,-0.004499627783191684,0.15768951159870448,0.028075758353436342,0.12961375324526814,0.3985526402749322,0.0675973925986757,0.3309552476762565,0.6491309232701077,0.07329466714571686,0.5758362561243908,-0.1094441874297799
2014-10-13,REGN,332.1,4.031818181818182,True,True,369.31,-0.10075546289025472,True,0.10246913580246897,0.015420735286270748,0.08704840051619822,0.16221017765733214,0.08841577290432734,0.0737944047530048,0.21424269798253537,0.09866069046475645,0.11558200751777892,0.3298705209274313,0.1060242249613148,0.2238462959661165,0.5173742848539595,0.07427565231311029,0.44309863254084925,-0.03625414031918106
2015-04-01,REGN,441.18,2.799018341513821,True,True,495.5,-0.10962663975782039,True,0.031415748674010535,0.015556635877491676,0.01585911279651886,0.03690103812502832,0.013417598444336543,0.023483439680691776,0.18008522598485865,0.020029168692270227,0.16005605729258843,0.20173171947957735,-0.05731648031113268,0.25904819979071003,-0.18473185547848947,0.0015556635877491676,-0.18628751906623864,-0.016251869985040135
2015-08-21,REGN,527.18,2.818484716789801,True,True,605.93,-0.12996550756688063,True,0.01805834819226848,0.0073295253500480495,0.010728822842220431,0.004173147691490575,-0.006925137744528187,0.011098285436018762,0.05918282180659373,0.039377243087499236,0.019805578719094497,-0.28106149702189,-0.05661426477278475,-0.22444723224910523,-0.22062673090784923,0.1063033918010412,-0.32693012270889044,-0.17386850791001174
2015-11-30,REGN,544.5,2.11302955805843,True,True,605.93,-0.10138134768042506,False,0.0038751147842057687,-0.001629210791125657,0.005504325575331426,0.010486685032139675,-0.00618141741338829,0.016668102445527966,-0.27597796143250686,-0.06516843164502373,-0.21080952978748313,-0.2788980716253444,-0.01667545162681483,-0.2622226199985296,-0.26876033057851234,0.06147874838276879,-0.33023907896128113,-0.35673094582185494
2016-02-26,REGN,394.23,1.4390892779805733,True,True,605.93,-0.349380291452808,False,0.02432590112370936,0.027371982162079034,-0.0030460810383696746,-0.07706161377875853,0.04177559075298576,-0.11883720453174429,-0.004033178601324128,0.05187349428468924,-0.055906672886013364,0.0442635010019532,0.11932954021220965,-0.07506603921025645,-0.0843923597899704,0.21195345737864568,-0.2963458171686161,-0.11483144357354858
2017-07-03,REGN,487.73,0.5807674855772347,True,True,543.55,-0.10269524422776177,True,0.008754843868533868,-8.257297386571327e-05,0.008837416842399581,-0.032251450597666764,0.021097394822674476,-0.05334884542034124,-0.10723146002911443,0.03236860575533629,-0.13960006578445072,-0.2123921021876859,0.10474381734858174,-0.31713591953626763,-0.29266192360527343,0.1200198175137277,-0.41268174111900113,-0.1256022799499723
2017-10-02,REGN,462.24,0.2998509603217008,True,True,543.55,-0.14959065403366745,False,0.015835929387331138,0.006460050729232725,0.009375878658098413,-0.12054344063689859,0.017557070386810425,-0.13810051102370902,-0.1690680166147457,0.05944831959416619,-0.22851633620891187,-0.2845491519556941,0.05068960050729232,-0.3352387524629864,-0.12590861889927307,0.15218769816106548,-0.27809631706033855,-0.2360245759778471
2020-04-29,REGN,516.15,0.4078610004909715,True,True,574.32,-0.10128499791057266,True,0.07236268526591116,-0.030558302922819802,0.10292098818873097,0.12023636539765592,0.033286722826643134,0.08694964257101279,0.17977332170880578,0.09436922342348497,0.0854040982853208,0.12978785236849766,0.16643361413321522,-0.036645761764717566,-0.04715683425360839,0.4239623478053274,-0.47111918205893577,-0.016390584132519592
2020-09-23,REGN,565.19,0.30393355635021346,True,True,664.64,-0.149629874819451,True,-0.009572002335497931,0.03796801388544502,-0.04754001622094295,0.012756772058953425,0.06226754277212998,-0.049510770713176555,-0.12204745306887965,0.1537317133647409,-0.27577916643362055,-0.12240131637148577,0.23127944458219685,-0.3536807609536826,0.14465931810541588,0.34400570295065713,-0.19934638484524125,-0.16562571878483356
2021-01-13,REGN,511.9,0.3900505077934069,True,True,664.64,-0.22980861819932596,False,0.04606368431334262,0.011717001500829438,0.034346682812513185,-0.041726899785114235,0.028752731772821782,-0.07047963155793602,-0.07638210588005467,0.08386213433739687,-0.16024424021745154,0.14455948427427234,0.1439479712472682,0.0006115130270041291,0.21365501074428606,0.22570367834856087,-0.01204866760427481,-0.13850361398710687
2021-04-16,REGN,502.6,0.5795097423004401,True,True,664.64,-0.24380115551275872,False,-0.027775567051333105,-0.0012462253750659125,-0.026529341676267193,0.02789494627934741,-0.001629679336624612,0.029524625615972022,0.14805013927576605,0.043929444471073165,0.10412069480469288,0.08748507759649815,0.04227579926185099,0.04520927833464716,0.4241742936729007,0.05040023007237693,0.3737740636005238,-0.04814962196577799
2021-10-27,REGN,589.6,0.7498664450644033,True,True,686.62,-0.14130086510733741,True,0.10600407055630945,0.023747631845618455,0.082256438710691,0.09935549525101761,0.03414548178173327,0.06521001346928434,0.054070556309362194,-0.031061373749834864,0.08513193005919706,0.22052238805970137,-0.02033308366744513,0.2408554717271465,0.26752035278154684,-0.1520465259725955,0.41956687875414234,-0.0007971506105834969
2022-03-08,REGN,614.74,0.5267732962447844,True,True,686.62,-0.10468672628236875,False,0.08327097634772418,0.023831831831831796,0.059439144515892384,0.12481699580310379,0.08355555555555538,0.04126144024754841,0.025962195399681143,0.002738738738738755,0.023223456660942388,-0.03573868627387189,-0.03272072072072074,-0.0030179655531511473,0.2588248690503303,-0.04319519519519521,0.3020200642455255,-0.027621433451540556
2022-06-02,REGN,630.7,1.087995762431305,True,True,747.42,-0.1561638703807764,True,-0.08755351197082606,-0.03821366108435753,-0.04933985088646853,-0.05596955763437461,-0.08660964565514262,0.030640088020768008,-0.060139527509117,-0.03536261050815781,-0.024776917000959187,0.1879340415411448,-0.041903255947674856,0.22983729748881965,0.15929919137466286,0.010613574834088091,0.14868561654057477,-0.14696369113683216
2022-08-29,REGN,592.77,1.0608051731330832,True,True,747.42,-0.20691177651119852,False,-0.03171550517063948,-0.02948116136403145,-0.00223434380660803,0.17247836428969077,-0.09748404242108144,0.2699624067107722,0.26394723079777993,-0.00678041874674018,0.2707276495445201,0.25937547446733134,-0.00879219134192688,0.2681676658092582,0.40170723889535576,0.0996696719072101,0.30203756698814566,-0.03466774634343839
2023-01-09,REGN,680.49,0.7794309921029234,True,True,779.0,-0.12645699614890882,True,0.06997898573087036,0.025550456350229345,0.04442852938064101,0.13144939675821843,0.07046356932913933,0.0609858274290791,0.2126849770018664,0.050894652709740695,0.1617903242921257,0.05525430204705439,0.14420151601093179,-0.08894721396387739,0.32680862319798964,0.2236373949363173,0.10317122826167235,-0.008067715910593853
2024-04-16,REGN,894.14,0.8583007731315986,True,True,998.33,-0.10436428836156386,True,0.014740420963160306,0.004210275455285739,0.010530145507874566,0.10121457489878538,0.03926280459952736,0.061951770299258024,0.230288321739325,0.11212837368180661,0.1181599480575184,0.11397544008768201,0.12763886958075976,-0.01366342949307775,-0.37603730959357595,0.06768216392270587,-0.4437194735162818,-0.021148813384928467
2024-09-24,REGN,1045.98,0.6167864595409227,True,True,1211.2,-0.13641017173051517,True,0.0008891183387829127,-0.004691055487484608,0.0055801738262675205,-0.07996328801697927,0.021039733940136696,-0.10100302195711597,-0.31679382014952484,0.02622089970243313,-0.34301471985195797,-0.35719612229679343,-0.007299142307019002,-0.3498969799897744,-0.4483833342893746,0.15718536670750938,-0.605568700996884,-0.3190118357903593
2018-10-11,RTX,81.416,0.35565449925570203,True,True,90.7174,-0.10253159812781232,True,-0.0033236710228947697,0.015541756990116395,-0.018865428013011165,0.015227965019160905,0.030605871330418477,-0.015377906311257572,-0.15498182175493758,-0.05217327405665573,-0.10280854769828185,0.03362484032622581,0.06025645736120788,-0.02663161703498207,0.03516999115652952,0.077414851012235,-0.042244859855705474,-0.22331359929252237
2023-05-23,RTX,94.08,0.5653910149750416,True,True,104.91,-0.10323134114955679,True,-0.020620748299319702,0.009080151657852253,-0.029700899957171956,0.030187074829931992,0.054142819193895075,-0.023955744363963083,-0.08801020408163263,0.05411866985437963,-0.14212887393601226,-0.12808248299319724,0.06302977613562266,-0.1911122591288199,0.12064200680272119,0.283199304499022,-0.16255729769630078,-0.13531037414965996
2023-08-18,RTX,85.8,0.36689501354150056,True,True,104.91,-0.18215613382899631,False,-0.012937062937062982,0.007949599083619807,-0.02088666202068279,-0.12377622377622366,0.016334478808705644,-0.1401107025849293,-0.043939393939393945,0.008453608247422695,-0.05239300218681664,0.05489510489510496,0.1482245131729667,-0.09332940827786174,0.37470862470862487,0.26989690721649473,0.10481171749213014,-0.20093240093240083
2024-12-18,RTX,114.45,0.3718087019057892,True,True,128.7,-0.11072261072261058,True,0.022629969418960227,0.025687384867298935,-0.0030574154483387073,0.0987330712101353,0.02860407996179304,0.07012899124834227,0.18235037134119692,-0.03266357371904205,0.21501394506023896,0.2729576234163389,0.018284778604080065,0.2546728448122588,0.5577981651376145,0.1538343453639901,0.4039638197736244,-0.006290956749672283
2025-04-04,RTX,117.45,0.16483189526926512,True,True,136.17,-0.137475214805023,True,0.09203916560238379,0.05672102596580131,0.03531813963658248,0.09484887186036617,0.11524303356554788,-0.020394161705181713,0.23048105576841205,0.2279330272324258,0.0025480285359862354,0.3908045977011494,0.30980842305256506,0.08099617464858433,0.6893146019582801,0.30408882203926524,0.38522577991901485,-0.04410387398893156
2026-03-26,RTX,192.85,0.9676563615957554,True,True,214.5,-0.10093240093240097,True,0.017422867513611662,0.016648839696786544,0.000774027816825118,-0.09639616282084529,0.10672929358694128,-0.20312545640778656,-0.03349753694581281,0.13717465779968685,-0.17067219474549966,,,,,,,-0.11444127560280004
2026-06-23,RTX,186.39,0.901938775510204,True,True,214.5,-0.1310489510489511,False,0.01791941627769722,0.01798031571198777,-6.089943429055111e-05,0.04554965395139221,0.018852749529703505,0.026696904421688705,,,,,,,,,,-0.010944793175599488
2013-01-04,SBUX,27.845,1.416052060737527,True,True,31.0,-0.10177419354838713,False,-0.012210450709283505,0.004782400765183992,-0.016992851474467496,0.007182618064284441,0.02165744346519083,-0.014474825400906388,0.03609265577302945,0.060531529685044605,-0.024438873912015158,0.1795654516071108,0.10049873607979776,0.07906671552731304,0.38570659005207397,0.24970963995354234,0.13599695009853163,-0.056922248159454014
2014-01-21,SBUX,36.825,1.231818181818182,True,True,41.25,-0.10727272727272719,True,0.0032586558044804814,-0.027744597676186422,0.031003253480666904,-0.004480651731161078,-0.006298186556629393,0.0018175348254683144,-0.03883231500339446,0.010587468780540732,-0.04941978378393519,0.06666666666666665,0.07286350309479839,-0.006196836428131736,0.09450101832993885,0.09474427190791612,-0.00024325357797727598,-0.0776646300067888
2014-04-16,SBUX,35.395,0.9768221167271713,True,True,41.25,-0.1419393939393938,False,0.004237886707161964,0.00913340138612817,-0.004895514678966206,-0.013278711682441213,0.006823188094342791,-0.020101899776784005,0.10976126571549649,0.06162359641111048,0.04813766930438601,0.046051702217827284,0.03830655993123089,0.007745142286596396,0.36007910721853364,0.13055391393112337,0.22952519328741028,-0.023308376889391247
2014-09-23,SBUX,36.98,0.8003894839337877,True,True,41.25,-0.10351515151515156,False,0.02028123309897234,-0.004999747487500539,0.02528098058647288,0.005408328826392639,-0.019897984950255077,0.025306313776647715,0.08761492698756101,0.01908994495227523,0.06852498203528579,0.2762303948080045,0.05024998737437514,0.22598040743362935,0.5559762033531639,-0.007827887480430173,0.5638040908335941,-0.04313142239048129
2015-08-21,SBUX,52.84,1.191621733720448,True,True,59.32,-0.10923803101820628,True,0.05280090840272522,0.0073295253500480495,0.04547138305267717,0.08894776684330052,-0.006925137744528187,0.09587290458782871,0.14837244511733538,0.039377243087499236,0.10899520202983615,0.057153671461014355,-0.05661426477278475,0.1137679362337991,0.050908402725208024,0.1063033918010412,-0.05539498907583318,-0.20420136260408794
2016-01-07,SBUX,56.69,1.0348169418521178,True,True,64.0,-0.11421875000000004,True,0.04039513141647566,-0.010925019324916296,0.05132015074139196,-0.03880754983242185,-0.031435197114145996,-0.007372352718275854,0.05909331451755162,0.052254573563514484,0.006838740954037137,0.0008819897689187339,0.06498325173924235,-0.06410126197032362,-0.012347856764861498,0.16763720690543682,-0.17998506367029832,-0.07161756923619678
2016-04-27,SBUX,56.9,0.8966666666666667,True,True,64.0,-0.11093750000000002,False,-0.00896309314586996,-0.020730833532362047,0.011767740386492087,-0.030755711775043992,-0.0003343682827799954,-0.030421343492263997,0.017574692442882345,0.03768808215906394,-0.020113389716181596,-0.07275922671353252,0.014473369954621562,-0.08723259666815408,0.07135325131810188,0.139479340816814,-0.06812608949871213,-0.061335676625659086
2016-08-02,SBUX,56.73,0.544093630919978,True,True,64.0,-0.11359375000000005,False,-0.026969857218402837,0.012201345395499885,-0.03917120261390272,-0.005817028027498616,0.011366272326606364,-0.01718330035410498,-0.05464480874316935,-0.008397123637207127,-0.04624768510596222,0.030142781597038537,0.055903502667594474,-0.025760721070555936,-0.04847523356248895,0.14483878450475518,-0.19331401806724413,-0.07297726070861965
2017-06-29,SBUX,58.36,0.5084001033858878,True,True,64.87,-0.10035455526437498,True,-0.005483207676490798,0.0031489538015330165,-0.008632161478023814,-0.07470870459218637,0.023037083074373355,-0.09774578766655972,-0.05843043180260443,0.031406670810026904,-0.08983710261263134,-0.005997258396161831,0.10698156204681997,-0.1129788204429818,-0.14599040438656607,0.11601408742490182,-0.2620044918114679,-0.09904043865661416
2017-09-25,SBUX,54.95,0.45910780669145,True,True,64.87,-0.1529212270695237,False,-0.02074613284804372,0.013618286265214996,-0.034364419113258715,-0.012374886260236528,0.028843449965853862,-0.04121833622609039,0.05568698817106443,0.07327361105531671,-0.01758662288425228,0.06096451319381235,0.08661069376933273,-0.025646180575520372,0.04549590536851689,0.17298035592335204,-0.12748445055483515,-0.028935395814376763
2017-12-19,SBUX,58.01,0.4497063601149569,True,True,64.87,-0.10574996146138438,False,-0.012756421306671206,0.0005614402814686503,-0.013317861588139857,0.05602482330632652,0.04955646217763965,0.0064683611286868725,0.004999138079641474,0.01242654489650774,-0.007427406816866267,-0.03102913290811926,0.04064827637833579,-0.07167740928645505,0.11911739355283579,-0.04525208668637948,0.16436948023921527,-0.07671091191173929
2019-09-16,SBUX,89.42,0.6565394590589109,True,True,99.72,-0.10328920978740475,True,0.015544620890181271,-0.006496535181236829,0.0220411560714181,-0.03131290539029297,-0.014025852878464917,-0.01728705251182805,-0.03779915007828216,0.04454291044776104,-0.0823420605260432,-0.20789532543055245,-0.08638726012793174,-0.1215080653026207,-0.046410199060612944,0.1129397654584221,-0.15934996451903505,-0.09382688436591369
2019-12-10,SBUX,86.04,0.46426140231449975,True,True,99.72,-0.13718411552346566,False,0.024291027429102607,0.019264504194176135,0.005026523234926472,0.05218503021850296,0.04184607533569351,0.010338954882809448,-0.17677824267782438,-0.12534685676011847,-0.05143138591770591,-0.07508135750813583,-0.004305808056645155,-0.07077554945149067,0.17863784286378426,0.17720792268682417,0.0014299201769600867,-0.18549511854951195
2020-03-09,SBUX,70.83,0.2603202846975088,True,True,99.72,-0.2897111913357401,False,-0.1728081321473951,-0.12536921562192327,-0.04743891652547183,-0.042919666807849643,-0.03416839878933742,-0.008751268018512226,0.12353522518706761,0.1383874849578821,-0.014852259770814502,0.17760835804037844,0.27021113663712937,-0.09260277859675092,0.48524636453480174,0.3989352003792437,0.08631116415555806,-0.29380206127347164
2021-01-29,SBUX,96.81,0.6978253244475623,True,True,107.75,-0.10153132250580044,True,0.09988637537444478,0.04766665765936162,0.05221971771508316,0.10391488482594768,0.05271975572189036,0.051195129104057324,0.19977275074888956,0.12821898559731948,0.07155376515157008,0.26670798471232304,0.17669630069986764,0.0900116840124554,-0.012705299039355467,0.17107574242710832,-0.1837810414664638,0.001136246255552198
2021-09-17,SBUX,113.41,1.0782481216785778,True,True,126.32,-0.10220075997466749,True,0.0061722952120624175,0.00568645219755326,0.00048584301450915746,-0.01728242659377477,0.010126869053013188,-0.027409295646787957,0.018957763865620425,0.05702310829179891,-0.03806534442617848,-0.2314610704523411,-0.0360670593565926,-0.1953940110957485,-0.1868441936337184,-0.11617580425917529,-0.07066838937454312,-0.0827969314875232
2023-03-13,SBUX,99.08,0.45065885797950234,True,True,110.83,-0.10601822611206357,True,0.007771497779571979,0.02174589993772047,-0.013974402158148491,0.06721840936616874,0.06321361843471052,0.004004790931458224,-0.011707710940654037,0.10688706663898695,-0.11859477757964099,-0.010900282599919264,0.17082727838903877,-0.18172756098895804,-0.07075090835688336,0.3267593938135769,-0.39751030217046024,-0.025837706903512392
2023-08-10,SBUX,101.66,0.34133790737564307,True,True,115.48,-0.11967440249393846,False,-0.050068856974227804,-0.021573860196003714,-0.02849499677822409,-0.06275821365335432,-0.000874615953892155,-0.06188359769946217,0.009738343497934343,-0.02516202821197111,0.03490037170990545,-0.08154633090694463,0.09708237088201654,-0.17862870178896118,-0.25486917174896717,0.19003834854567048,-0.44490752029463765,-0.12246704701947675
2014-04-04,SCHW,26.05,0.4073473797947056,True,True,29.13,-0.10573292138688628,True,-0.04606525911708248,-0.026233905579399197,-0.019831353537683283,0.020345489443378106,0.010836909871244638,0.009508579572133469,0.04875239923224561,0.057027896995708094,-0.00827549776346248,0.13320537428023038,0.05332618025751068,0.0798791940227197,0.15201535508637232,0.10751072961373387,0.04450462547263845,-0.057197696737044224
2014-10-09,SCHW,27.13,1.2533222591362128,True,True,31.0,-0.12483870967741939,True,-0.060081091043125645,-0.03356853792674064,-0.026512553116385007,0.07040176925912278,0.05401058420670335,0.016391185052419432,0.03722816070770363,0.03673342326450135,0.0004947374432022755,0.10615554736454125,0.07108021168413403,0.035075335680407216,0.03685956505713239,0.034606205250596656,0.0022533598065357374,-0.13932915591596007
2015-01-14,SCHW,27.23,1.185393258426966,True,True,31.0,-0.12161290322580642,False,0.015424164524421524,0.026087822363835445,-0.01066365783941392,0.10025706940874035,0.040127451956586624,0.06012961745215373,0.1355123026074183,0.040973812605795024,0.09453849000162329,0.15791406536907826,0.018271432838793178,0.13964263253028508,0.07381564450973177,-0.035845862790003125,0.1096615072997349,-0.06610356224752112
2015-08-21,SCHW,30.93,1.3431818181818183,True,True,35.72,-0.13409854423292267,True,-0.007436146136437172,0.0073295253500480495,-0.014765671486485221,-0.06078241189783373,-0.006925137744528187,-0.053857274153305545,0.053669576462981095,0.039377243087499236,0.014292333375481858,-0.2622049789848043,-0.05661426477278475,-0.20559071421201958,-0.023924991917232408,0.1063033918010412,-0.1302283837182736,-0.1464597478176528
2015-12-11,SCHW,31.77,1.3240673006583759,True,True,35.72,-0.11058230683090708,False,0.004406672961913882,-0.009213394095502259,0.013620067057416141,-0.07963487566887006,-0.040717257776897164,-0.0389176178919729,-0.16147308781869685,-0.011591044184664168,-0.14988204363403268,-0.06200818382121498,0.046909054884089585,-0.10891723870530456,0.24079320113314462,0.11526649494749353,0.1255267061856511,-0.3229461756373937
2017-04-11,SCHW,38.93,0.5485282418456643,True,True,43.65,-0.10813287514318437,True,-0.01669663498587204,-0.006891857398111156,-0.009804777587760882,0.031338299511944445,0.020462860546243578,0.010875438965700868,0.11276650398150534,0.029992342380668724,0.08277416160083662,0.13126123811970203,0.07342806092061593,0.057833177199086094,0.3231441048034933,0.12800986982047124,0.19513423498302207,-0.04546622142306711
2017-08-17,SCHW,39.67,0.42390524048815514,True,True,44.1,-0.10045351473922903,True,-0.0007562389715149997,0.003702332469455838,-0.004458571440970838,0.013612301487269995,0.025093586737422235,-0.01148128525015224,0.1159566422989664,0.061705541157595745,0.05425110114137066,0.2326695235694478,0.059813237895429694,0.17285628567401812,0.26644819763045113,0.159159159159159,0.10728903847129212,-0.04058482480463821
2018-02-08,SCHW,48.9,0.6985064258423064,True,True,56.25,-0.1306666666666667,True,0.07014314928425347,0.059775647246050445,0.010367502038203025,0.17995910020449912,0.08244381477312435,0.09751528543137478,0.1650306748466257,0.03605946512440328,0.12897120972222242,0.04049079754601226,0.09016807048868536,-0.0496772729426731,-0.07607361963190185,0.04855800954857736,-0.12463162918047921,-0.01758691206543961
2018-06-25,SCHW,53.41,0.6150589658300574,True,True,60.22,-0.1130853537030887,True,-0.039505710541097194,0.0031734317343175,-0.042679142275414694,-0.010297697060475564,0.039151291512915076,-0.04944898857339064,-0.026586781501591328,0.07461254612546142,-0.10119932762705275,-0.22879610559820263,-0.038856088560885516,-0.1899400170373171,-0.2669912001497846,0.08354243542435413,-0.35053363557413875,-0.07976034450477432
2018-09-19,SCHW,51.99,0.8274165202108965,True,True,60.22,-0.1366655596147459,False,-0.024427774572033156,-0.004601332326076624,-0.019826442245956533,-0.07597614925947305,-0.03698235011331652,-0.03899379914615653,-0.20773225620311608,-0.10559027539317356,-0.10214198080994252,-0.12867859203693022,-0.03454433074651464,-0.09413426129041558,-0.16849394114252747,0.03392624132957889,-0.20242018247210636,-0.2290825158684363
2018-12-20,SCHW,39.62,0.24161704794735184,True,True,60.22,-0.34207904350714047,False,0.03634528016153471,0.0023465630942267612,0.03399871706730795,0.1981322564361434,0.06347857749726926,0.13465367893887414,0.12468450277637566,0.1390945503095038,-0.014410047533128134,0.03508329126703691,0.1702876562689648,-0.1352043650019279,0.22816759212518933,0.29299672290326484,-0.0648291307780755,-0.04517920242301865
2022-02-17,SCHW,86.02,0.8518837459634012,True,True,96.24,-0.10619285120532007,True,-0.0031388049290862474,0.0015787306090697673,-0.004717535538156015,0.04626830969541973,0.01706859470095634,0.029199714994463388,-0.2555219716345035,-0.08458792843087914,-0.17093404320362438,-0.15635898628225997,-0.03905642245915886,-0.11730256382310111,-0.06603115554522199,-0.06584908250583454,-0.00018207303938744257,-0.26365961404324567
2022-05-16,SCHW,64.04,0.4641060813900322,True,True,96.24,-0.3345802161263507,False,0.019206745783884926,-0.007923217276112782,0.027129963059997708,-0.04575265459088085,-0.06553525456772225,0.019782599976841397,0.1331980012492191,0.049738808768027276,0.08345919248119182,0.23438475952529658,-0.059336649253917795,0.2937214087792144,-0.20455965021861344,0.03229273413481981,-0.23685238435343325,-0.07323547782635864
2026-03-18,SCHW,93.28,0.7969562704681181,True,True,107.5,-0.13227906976744186,True,0.018331903945111527,-0.0069697473655563336,0.02530165131066786,-0.007075471698113178,0.06082276280180832,-0.0678982344999215,-0.02337049742710129,0.12143386299381653,-0.14480436042091782,,,,,,,-0.09991423670668964
2026-06-17,SCHW,94.51,0.7511580507689459,True,True,107.5,-0.12083720930232555,False,-0.05364511691884466,-0.008988339451522442,-0.04465677746732222,0.07459528092265355,0.0031445692075144915,0.07145071171513906,,,,,,,,,,-0.07279652946778126
2013-02-04,SPGI,47.5875,0.41490921092144895,True,True,55.4588,-0.14193058630911592,True,-0.1196826897819806,0.014912398020596518,-0.13459508780257712,-0.041947990543735214,0.031764076501270555,-0.07371206704500577,0.07375676385605479,0.05844590076233791,0.015310863093716875,0.20278434462831618,0.13086799518523495,0.07191634944308123,0.5117310218019437,0.19152066336766094,0.3202103584342828,-0.16361859732072503
2014-04-10,SPGI,69.4513,0.8613114428980708,True,True,77.947,-0.10899329031264837,True,0.044408096032759525,0.01763485477178417,0.026773241260975356,0.07192377968446961,0.0262065953264905,0.04571718435797911,0.12586805430567893,0.07141297226468679,0.05445508204099214,0.12668589356858684,0.0610941253548809,0.06559176821370594,0.43372838233409583,0.1405328674383053,0.29319551489579054,-0.020160889716967167
2014-10-13,SPGI,73.5856,0.7950596925358715,True,True,82.5733,-0.10884511094990756,True,0.03214215824835298,0.015420735286270748,0.016721422962082233,0.16482436781109344,0.08841577290432734,0.0764085949067661,0.12818268791720122,0.09866069046475645,0.02952199745244477,0.33427599965210586,0.1060242249613148,0.22825177469079105,0.15376785675458238,0.07427565231311029,0.07949220444147209,-0.04911286990933017
2015-08-21,SPGI,91.2772,0.9645686662347694,True,True,103.245,-0.11591650927405694,False,0.030783152857449814,0.0073295253500480495,0.023453627507401764,-0.03917955414933849,-0.006925137744528187,-0.032254416404810304,-0.01223087474199469,0.039377243087499236,-0.05160811782949393,-0.11359901486899249,-0.05661426477278475,-0.05698475009620774,0.2440916241953084,0.1063033918010412,0.13778823239426718,-0.12271958386102988
2015-11-16,SPGI,90.1608,0.8968961113553975,True,True,103.245,-0.12672962371059138,False,0.007240397157079359,0.016778523489932917,-0.009538126332853558,-0.0018888474813887335,-0.002869370683785677,0.0009805232023969435,-0.10262331301408156,-0.09235482929676109,-0.010268483717320476,0.10136445106964453,0.013763252601886933,0.0876011984677576,0.3164745654430752,0.05252407353370292,0.26395049190937225,-0.17576041916220797
2016-12-05,SPGI,108.1173,0.5455772257539739,True,True,121.4759,-0.1099691379113058,True,-0.006824994704825227,0.0237556561085972,-0.030580650813422428,-0.02222586024623263,0.025248868778280587,-0.04747472902451322,0.1344067970620797,0.07882352941176474,0.05558326765031496,0.2321487865494236,0.092760180995475,0.1393886055539486,0.45406054350228886,0.19665158371040725,0.2574089597918816,-0.06186521491010222
2018-02-05,SPGI,157.3888,0.7541125386734666,True,True,175.3453,-0.10240650875729207,True,0.08415528932173078,0.00534232561664072,0.07881296370509006,0.14805246624918666,0.03391050657371264,0.11414195967547403,0.1299596921763173,-0.0027658848937218705,0.13272557707003918,0.22541502317826945,0.0662675709468421,0.15914745223142734,0.168610472918022,0.03042473383094002,0.13818573908708198,-0.002524321933962237
2018-09-28,SPGI,184.8534,1.287939679211631,True,True,205.5913,-0.100869540685817,True,-0.009161313776213986,-0.009975233902036473,0.0008139201258224871,-0.12272914644794186,-0.0873348926802423,-0.03539425376769956,-0.1559446566847026,-0.15320583379196484,-0.0027388228927377467,0.04923469084149934,-0.040176114474408386,0.08941080531590773,0.2608115403882212,0.016097963676389382,0.2447135767118318,-0.19811699433172458
2018-12-26,SPGI,156.0265,0.6832009476106382,True,True,205.5913,-0.2410841314783262,False,-0.003335330857258234,-0.008002274758306949,0.004666943901048715,0.14788962131432815,0.07961654074254598,0.06827308057178216,0.24308755243500313,0.13347956779592174,0.10960798463908139,0.39807148144706184,0.19042976683727342,0.20764171460978842,0.6454647127250821,0.3048176131286051,0.340647099596477,-0.01788734605980391
2019-10-02,SPGI,223.6897,0.8912182390484797,True,True,255.0331,-0.12289934130118796,True,0.05223307108016151,0.011143511768381575,0.04108955931177993,0.07701740401994384,0.055821703811705925,0.02119570020823791,0.16008291843567246,0.12080816496563229,0.03927475347004017,-0.039122051663532,-0.14326876345205863,0.10414671178852664,0.5098120297894808,0.15382212039158505,0.35598990939789577,-0.012476658514003924
2020-02-27,SPGI,252.7436,1.0421183949633743,True,True,296.0643,-0.14632193074274746,True,0.04218623142188371,0.01663809619844714,0.025548135223436574,-0.08309923574721567,-0.12204631777083119,0.03894708202361552,0.16735933174964668,-0.006957749319350559,0.17431708106899724,0.34800683380311126,0.1382474538670968,0.20975937993601446,0.24196141860763243,0.31682968639709586,-0.07486826778946343,-0.30353726068632403
2020-09-08,SPGI,322.2895,1.2530416703950604,True,True,359.385,-0.10321938867788027,True,0.04855293144827866,0.02088772845953013,0.027665202988748527,0.04006925450565402,0.0051619099066655405,0.03490734459898848,-0.021663752619927035,0.1007772875964108,-0.12244104021633784,-0.022661923519072147,0.16004921821073803,-0.18271114172981018,0.32707084779367634,0.3597431049488311,-0.03267225715515476,-0.06346499032701958
2020-12-02,SPGI,315.3075,1.0140198765555906,True,True,359.385,-0.1226470219959096,False,-0.018003060504428348,0.00016358134082183895,-0.018166641845250187,-0.013652386955591012,0.019329861773766943,-0.032982248729357955,-0.0010202738596449823,0.05384552468715076,-0.05486579854679574,0.1361918127542161,0.14253387496932834,-0.006342062215112243,0.36740864077131064,0.24201859374573997,0.12539004702557066,-0.08935436042593348
2021-03-02,SPGI,314.9858,0.7358702061645459,True,True,359.385,-0.12354216230504889,False,0.027572671529954684,0.0016298442593263296,0.025942827270628355,0.05959030534074872,0.021187975371242285,0.03840232996950643,0.13735222349705922,0.08415687897759594,0.05319534451946328,0.3141106678459791,0.14699642986495576,0.16711423798102332,0.14401982565563287,0.13248305479381162,0.011536770861821255,-0.022346404187109314
2022-01-10,SPGI,411.9111,1.4577474537133717,True,True,458.0984,-0.10082397144368993,True,-0.025816007386059714,-0.019376597710038412,-0.0064394096760213015,-0.08178876461450046,-0.03129900539193575,-0.05048975922256471,-0.056294428579370615,-0.040793967906167405,-0.015500460673203209,-0.20916892018690436,-0.17948056969775084,-0.029688350489153525,-0.19534215028436963,-0.1668062984683465,-0.02853585181602314,-0.1650244433811081
2022-04-06,SPGI,388.7228,0.9231450061272841,True,True,458.0984,-0.15144257216353518,False,-0.035460487524786366,-0.007188927707605486,-0.02827155981718088,-0.1557145606071988,-0.07325539729463404,-0.08245916331256475,-0.16199384239874792,-0.14458478903520555,-0.01740905336354237,-0.23391244352016394,-0.17018274657350174,-0.0637296969466622,-0.16131237992729008,-0.087162949028039,-0.07414943089925108,-0.24097068656636556
2025-04-03,SPGI,462.9896,0.17230809353861432,True,True,515.9792,-0.10269716298641496,True,-0.06461246645712992,-0.022582448295137003,-0.04203001816199292,0.0352282211090702,0.056008943543879086,-0.020780722434808885,0.08161349628587766,0.15082914104713985,-0.06921564476126219,-0.009072773988875849,0.2261039686975963,-0.23517674268647215,-0.11896681912509477,0.22196757965343772,-0.3409343987785325,-0.127181258499111
2015-09-28,SYK,92.4,0.6356877323420074,True,True,105.34,-0.12284032656161004,True,0.04859307359307352,0.055635338545822144,-0.0070422649527486225,0.016233766233766156,0.10100526567735768,-0.08477149944359152,0.0035714285714285587,0.08238923461518,-0.07881780604375144,0.13484848484848477,0.08861230785596508,0.046236176992519695,0.2744588744588745,0.14882187117706525,0.12563700328180927,-0.022727272727272818
2015-12-22,SYK,92.73,0.6392080608096165,True,True,105.34,-0.11970761344218717,False,0.016391674754663965,0.011941031941032021,0.004450642813631944,0.012725115927962882,-0.06378378378378369,0.07650889971174657,0.1308098781408389,0.005749385749385771,0.12506049239145312,0.23304216542650713,0.020884520884520974,0.21215764454198616,0.2812466300010783,0.1082555282555282,0.1729911017455501,-0.06524317912218269
2016-09-09,SYK,110.54,0.5895887259131434,True,True,123.55,-0.10530149736948602,True,0.03419576623846554,0.0004219804951237638,0.03377378574334178,0.052198299258187086,0.008252063015753874,0.04394623624243321,0.013298353537181118,0.036196549137284206,-0.02289819560010309,0.17785417043604101,0.11787321830457609,0.059980952131464926,0.2865930884747603,0.15749249812453114,0.12910059035022914,-0.03672878595983353
2018-02-08,SYK,148.01,0.610554951033732,True,True,170.0,-0.12935294117647067,True,0.07114384163232224,0.059775647246050445,0.01136819438627179,0.12431592459968921,0.08244381477312435,0.04187210982656486,0.13154516586717113,0.03605946512440328,0.09548570074276785,0.11478954124721308,0.09016807048868536,0.02462147075852772,0.22120127018444702,0.04855800954857736,0.17264326063586966,-0.008175123302479381
2018-10-26,SYK,160.38,0.709079283887468,True,True,179.84,-0.10820729537366547,False,0.03111360518767925,0.024723928692571562,0.006389676495107688,0.03448060855468271,0.00817849470470744,0.026302113849975273,0.03354532984162617,0.0016960012060451835,0.03184932863558099,0.1657313879536102,0.10383296272566245,0.06189842522794775,0.31949120838009737,0.13669769720725156,0.1827935111728458,-0.09745604190048629
2019-01-29,SYK,161.07,0.6335699797160244,True,True,179.84,-0.1043705516014235,False,0.11349102874526595,0.036786758285562327,0.07670427045970363,0.15955795616812574,0.059944573098970944,0.09961338306915479,0.16204134848202645,0.10872783873049618,0.053313509751530264,0.2944061588129385,0.13093656277286336,0.16346959604007516,0.332339976407773,0.22812345772749687,0.10421651868027615,0.085180356366797
2019-11-05,SYK,198.37,0.7174891774891776,True,True,223.45,-0.11223987469232488,True,0.009124363563038695,0.006416311109663564,0.0027080524533751316,0.030246509048747372,0.014428557469954084,0.015817951578793288,0.0668951958461459,0.05566231312901038,0.011232882717135517,-0.028683772747895353,-0.04501188808911183,0.016328115341216476,0.022231184150829142,0.07546493827964706,-0.05323375412881792,-0.006099712658164114
2020-02-26,SYK,201.66,0.5672650967591515,True,True,226.3,-0.10888201502430406,True,-0.016165823663592094,0.004365971107544109,-0.020531794771136203,-0.24104929088564908,-0.20773675762439814,-0.03331253326125094,-0.08216800555390258,-0.05335473515248801,-0.02881327040141457,-0.06263016959238321,0.08478330658105948,-0.1474134761734427,0.2226519884954874,0.2439807383627608,-0.0213287498672734,-0.3824258653178617
2021-01-29,SYK,221.01,0.3096888888888889,True,True,247.44,-0.10681377303588757,True,0.08040360164698446,0.04766665765936162,0.032736943987622835,0.11221211709877377,0.05271975572189036,0.05949236137688341,0.19917650785032337,0.12821898559731948,0.07095752225300389,0.1723451427537217,0.17669630069986764,-0.004351157946145934,0.12329758834441873,0.17107574242710832,-0.047778154082689595,0.007601465997013834
2023-05-23,SYK,274.16,0.4812253498298127,True,True,306.56,-0.1056889352818371,True,0.005179457251240027,0.009080151657852253,-0.0039006944066122262,0.08655529617741453,0.054142819193895075,0.032412476983519456,0.013678144149401827,0.05411866985437963,-0.0404405257049778,0.028012839217974816,0.06302977613562266,-0.035016936917647845,0.20553691275167774,0.283199304499022,-0.07766239174734424,-0.023344032681645865
2023-08-22,SYK,275.48,0.48027941966684584,True,True,306.93,-0.10246636040791057,True,0.03463046319152019,0.025128380691544105,0.009502082499976083,0.0489690721649485,0.0011183384685609088,0.04785073369638759,0.02962102511979081,0.026315188862261918,0.0033058362575288935,0.23348337447364598,0.1276503480543194,0.10583302641932657,0.2448453608247423,0.27513408650005733,-0.030288725675315042,-0.09256570349934667
2024-05-13,SYK,324.56,0.29049701789264404,True,True,361.41,-0.10196176088099396,True,0.015929258072467478,0.01756541437100445,-0.0016361562985369726,0.06729110179935915,0.030792267378242144,0.03649883442111701,0.004405964998767553,0.018698047647386362,-0.014292082648618809,0.13122381069755962,0.09623543414409408,0.03498837655346554,0.19401651466600933,0.12656696934211298,0.06744954532389635,-0.02967093911757457
2024-08-12,SYK,325.2,0.26266744321490965,True,True,361.41,-0.10019091890097132,False,0.04876998769987706,0.049393365462148786,-0.0006233777622717263,0.12253997539975403,0.029103456035404207,0.09343651936434982,0.13733087330873306,0.08144092110938184,0.05588995219935122,0.20661131611316108,0.1284715059913364,0.0781398101218247,0.15808733087330884,0.20518686594033064,-0.0470995350670218,0.0005227552275524072
2024-12-19,SYK,357.14,0.42026564861210525,True,True,398.2,-0.10311401305876444,True,0.027916223329786716,0.015202183927657265,0.012714039402129451,0.09338074704597643,0.03470397543081383,0.058676771615162604,0.04782438259506083,-0.03516464767104588,0.08298903026610671,0.05594444755558059,0.028288687937211954,0.027655759618368636,-0.005432043456347624,0.16121822214639137,-0.166650265602739,-0.014812118496947857
2025-03-28,SYK,364.5,0.4267820096293107,True,True,406.19,-0.10263669711218892,True,-0.05130315500685867,-0.09066695461253282,0.039363799605674155,0.005459533607681699,-0.008656372601950735,0.014115906209632434,0.07607681755829909,0.09261058920922882,-0.01653377165092973,0.03382716049382717,0.19443544613612662,-0.16060828564229945,-0.10167352537722907,0.1411474642767161,-0.24282098965394516,-0.09695473251028797
2014-01-24,TJX,28.875,1.4454795680711414,True,True,32.19,-0.10298229263746494,True,-0.006753246753246733,-0.003968919447705166,-0.0027843273055415674,0.04571428571428582,0.03365196489462807,0.012062320819657746,0.03376623376623389,0.05031024652020788,-0.01654401275397399,-0.09558441558441566,0.0940242607188777,-0.18960867630329337,0.16883116883116878,0.15210464531276213,0.016726523518406644,-0.03341991341991346
2014-05-06,TJX,28.515,1.143984962406015,True,True,32.19,-0.11416589002795896,False,0.03594599333684023,0.0170253774494058,0.018920615887434433,-0.026301946344029492,0.03431844951279572,-0.060620395856825215,-0.06557951955111352,0.03378306028482703,-0.09936257983594055,0.08854988602489922,0.051665060498982784,0.03688482552591643,0.14921970892512726,0.131384516543527,0.01783519238160025,-0.08977731018762058
2014-07-31,TJX,26.645,0.9304473827205215,True,True,32.19,-0.17225846536191358,False,0.003753049352599014,-0.010668600134652206,0.01442164948725122,0.12159879902420734,0.036511471334610635,0.0850873276895967,0.16494651904672541,0.017297633228028353,0.14764888581869706,0.26665415650215807,0.06737790667564347,0.1992762498265146,0.30343404015762787,0.09156351960225795,0.21187052055536992,-0.009945580784387342
2015-08-25,TJX,34.425,0.5039318479685451,True,True,38.465,-0.10503054725074756,True,0.007843137254902155,0.024029476157419793,-0.01618633890251764,0.03355119825708064,0.033801463128103615,-0.000250264871022976,-0.007407407407407307,0.11459390185293938,-0.12200130926034669,0.04270152505446645,0.0299567469429165,0.012744778111549948,0.14887436456063918,0.16692476104020937,-0.018050396479570185,-0.077269426289034
2015-11-18,TJX,34.17,0.6098939929328622,True,True,38.465,-0.11165995060444567,False,0.04843429909277153,0.002826618119101232,0.045607680973670295,0.03380158033362601,-0.018540698510036813,0.052342278843662826,0.05048287971905174,-0.07593541896229572,0.12641829868134746,0.08691834942932397,-0.01039620562449095,0.09731455505381492,0.075358501609599,0.04575288650409637,0.029605615105502636,-0.039508340649692775
2016-09-09,TJX,37.38,0.3864985163204748,True,True,41.82,-0.10616929698708744,True,-0.0012038523274479074,0.0004219804951237638,-0.0016258328225716712,-0.013643659711075617,0.008252063015753874,-0.021895722726829492,0.03437667201712147,0.036196549137284206,-0.0018198771201627384,0.05430711610486871,0.11787321830457609,-0.06356610219970737,-0.02461209202782244,0.15749249812453114,-0.18210459015235358,-0.04360620652755487
2017-01-23,TJX,37.245,0.2584896097313736,True,True,41.82,-0.10939741750358689,False,-0.006041079339508482,0.006190581472474088,-0.01223166081198257,0.02349308632031155,0.04572186601812955,-0.022228779697818002,0.03235333601825774,0.032235242095953964,0.00011809392230377469,-0.06296147133843466,0.08582799027194343,-0.1487894616103781,0.05906833131964029,0.2399292504974575,-0.18086091917781721,-0.016646529735534932
2017-05-17,TJX,37.385,0.27681010928961736,True,True,41.82,-0.10604973696795794,False,-0.010431991440417288,0.020312102451021996,-0.030744093891439284,-0.029824796041192814,0.03371215333729127,-0.06353694937848409,-0.04948508760197945,0.035196336188618504,-0.08468142379059795,-0.08746823592349862,0.09765923161733547,-0.1851274675408341,0.1447104453657886,0.14960563141379035,-0.004895186048001765,-0.10846596228433869
2018-11-19,TJX,48.96,0.4328358208955223,True,True,56.64,-0.13559322033898302,True,-0.0696486928104576,-0.002601263470828896,-0.0670474293396287,-0.1086601307189543,-0.06629505759940557,-0.042365073119548735,0.031045751633986818,0.03251579338535859,-0.0014700417513717756,0.06903594771241828,0.05930880713489395,0.00972714057752433,0.21629901960784315,0.15949461166852452,0.056804407939318624,-0.15257352941176472
2019-05-31,TJX,50.29,0.31219830397912585,True,True,56.64,-0.11211158192090398,False,0.03241201034002783,0.04497402550223417,-0.012562015162206341,0.0515012925034799,0.0644094888654776,-0.012908196361997692,0.06283555378802941,0.04624550441384834,0.01659004937418107,0.2058063233247167,0.1331783339993462,0.07262798932537051,0.07536289520779471,0.10062847386202645,-0.025265578654231735,-0.01849274209584406
2020-03-09,TJX,57.2,0.46104725415070247,True,True,64.95,-0.11932255581216322,True,-0.2823426573426574,-0.12536921562192327,-0.15697344172073413,-0.19388111888111892,-0.03416839878933742,-0.1597127200917815,-0.034265734265734316,0.1383874849578821,-0.17265321922361643,-0.061713286713286686,0.27021113663712937,-0.33192442335041605,0.09650349650349632,0.3989352003792437,-0.30243170387574736,-0.42797202797202805
2020-06-03,TJX,55.24,0.4555994729907773,True,True,64.95,-0.1494996150885296,False,-0.00778421433743659,0.021846370683579863,-0.029630585021016453,-0.07349746560463433,-0.0053174450637453186,-0.06818002054088901,-0.028421433743664015,0.11579857774360947,-0.14422001148727348,0.09847936278059377,0.13822153885578836,-0.03974217607519459,0.2163287472845763,0.34432058427830103,-0.12799183699372474,-0.11784938450398275
2021-03-03,TJX,63.66,0.5369386769676483,True,True,71.06,-0.10413734871939218,True,0.030474395224630912,0.021393739185150196,0.009080656039480717,0.0391140433553252,0.039090766084631134,2.3277270694066488e-05,0.05623625510524666,0.09928687536049496,-0.043050620255248306,0.18017593465284332,0.17261811126841797,0.007557823384425344,0.03832862079798938,0.14474857112893913,-0.10641995033094975,-0.03942821237825944
2023-03-16,TJX,74.6,0.8172959805115712,True,True,83.13,-0.10261036930109468,True,0.00040214477211808486,-0.007422180707379211,0.007824325479497296,0.03471849865951748,0.041276413117568245,-0.006557914458050762,0.07278820375335138,0.09515033702759323,-0.022362133274241858,0.22587131367292246,0.12304662846179104,0.10282468521113142,0.32211796246648805,0.3000176718588272,0.022100290607660833,-0.013538873994637934
2025-03-13,TJX,112.81,0.8801666666666668,True,True,128.0,-0.11867187499999998,False,0.03049375055402881,0.025515940662290237,0.004977809891738572,0.12995301834943707,-0.04867433172536351,0.17862735007480057,0.12002482049463703,0.08751949512168578,0.032505325372951255,0.2500664834677777,0.17717891987958367,0.07288756358819404,0.3809945926779539,0.20789960465706714,0.17309498802088674,-0.004520875808882274
2025-06-26,TJX,122.14,1.1245433988519742,True,True,135.85,-0.10092013249907983,True,0.030456852791878264,0.022014480200042597,0.008442372591835667,0.03520550188308502,0.041234249105202014,-0.006028747222116992,0.1413951203536925,0.08983934495889656,0.051555775394795944,0.26977239233666284,0.10950038406851137,0.16027200826815147,0.27059112493859505,0.20009152270907204,0.070499602229523,-0.018830849844440833
2026-05-11,TJX,148.91,0.9321396133385236,True,True,165.82,-0.10197804848631042,True,0.008998724061513697,-0.00087921006357361,0.009877934125087307,0.10717883285205843,-0.0030434194508318635,0.11022225230289029,0.08830837418574977,0.03957797916948458,0.04873039501626519,,,,,,,-0.018601840037606676
2026-08-12,TJX,152.61,0.7685710974620465,True,True,170.0,-0.10229411764705876,True,-0.0531419959373568,-0.0044401869279862005,-0.0487018090093706,,,,,,,,,,,,,-0.1471725312889064
2014-04-25,TMO,114.29,1.0086115992970126,True,True,127.63,-0.10452088067068865,True,-0.0006124770321113138,0.0095013151537926,-0.010113792185903914,0.012687024236591071,0.021793977132428033,-0.009106952895836962,0.07673462245165807,0.06393257823823073,0.012802044213427344,-0.027561466445008342,0.0007515164528424378,-0.02831298289785078,0.13351999300026263,0.13350152987277908,1.8463127483547837e-05,-0.01986175518418065
2014-10-13,TMO,112.49,1.1483957219251337,True,True,127.63,-0.11862414792760323,False,0.016357009511956733,0.015420735286270748,0.0009362742256859846,0.03875900080007111,0.08841577290432734,-0.04965677210425623,0.1580584940883636,0.09866069046475645,0.05939780362360714,0.18250511156547256,0.1060242249613148,0.07648088660415775,0.1247221975286692,0.07427565231311029,0.05044654521555891,-0.045870744066139224
2015-08-24,TMO,121.67,1.1511669024045261,True,True,141.25,-0.13861946902654865,True,0.030410125749979366,0.04311345646437981,-0.01270333071440044,0.029423851401331413,0.023271767810026267,0.006152083591305146,0.11317498150735594,0.08427440633245387,0.028900575174902077,0.047258979206049156,0.0014775725593667577,0.0457814066466824,0.26226678721130936,0.15324538258575204,0.10902140462555732,-0.03756061477767736
2016-01-28,TMO,128.17,0.8115901060070669,True,True,143.65,-0.10776192133658213,True,-0.0028867909807286374,0.013166939876262385,-0.016053730856991022,0.019817429975813594,0.031621807413674485,-0.011804377437860891,0.1434813138800033,0.10311458939241702,0.04036672448758627,0.23031910743543738,0.14795621595896558,0.0823628914764718,0.11125848482484213,0.21394955317011255,-0.10269106834527042,-0.06569400015604265
2016-09-09,TMO,143.68,0.582901839814917,True,True,160.68,-0.10580034851879516,True,0.044334632516703776,0.0004219804951237638,0.04391265202158001,0.10112750556792882,0.008252063015753874,0.09287544255217495,-0.016007795100222766,0.036196549137284206,-0.05220434423750697,0.1146993318485523,0.11787321830457609,-0.003173886456023789,0.3264894209354119,0.15749249812453114,0.16899692281088075,-0.032085189309576934
2016-12-05,TMO,141.38,0.41069646777090396,True,True,160.68,-0.12011451331839684,False,0.026877917668694407,0.0237556561085972,0.003122261560097206,0.026736454944122245,0.025248868778280587,0.001487586165841659,0.1328334983731787,0.07882352941176474,0.05400996896141397,0.225420851605602,0.092760180995475,0.13266067061012699,0.3594567831376432,0.19665158371040725,0.16280519942723592,-0.010609704342905646
2018-02-08,TMO,198.73,0.6104538087520257,True,True,226.44,-0.12237237237237242,True,0.060333115282040994,0.059775647246050445,0.0005574680359905493,0.09641221758164353,0.08244381477312435,0.013968402808519187,0.0515775172344386,0.03605946512440328,0.015518052110035319,0.17702410305439553,0.09016807048868536,0.08685603256571017,0.22231167916268313,0.04855800954857736,0.17375366961410577,-0.021234841241886016
2018-06-27,TMO,203.38,0.5383102639739807,True,True,226.44,-0.10183713124889593,False,0.01952011013865662,0.013959532207165282,0.0055605779314913395,0.15055561018782582,0.051939855206979635,0.09861575498084618,0.19721703215655428,0.0840542045665491,0.11316282759000518,0.1323630642147704,-0.05297939483942826,0.18534245905419866,0.43686694856918096,0.07841098941897151,0.35845595915020945,-0.0027042973743730547
2018-10-23,TMO,223.33,0.8010483870967744,True,True,249.95,-0.10650130026005189,True,0.041821519724174916,-0.02134424911370214,0.06316576883787706,0.045090225227242264,-0.034684404809765756,0.07977463003700802,0.0777772802579142,-0.039289499652790494,0.11706677991070469,0.1530470604038865,0.05789262088373959,0.0951544395201469,0.2581829579545962,0.09283286429589555,0.16535009365870068,-0.06712040478216097
2019-08-02,TMO,274.82,0.7223614941087992,True,True,305.45,-0.10027827795056476,True,0.005640055308929526,-0.0034174014079694226,0.009057456716898948,0.04453824321374,-0.0005809582393548895,0.04511920145309489,0.09125973364383966,0.036497847037112896,0.05476188660672676,0.21417655192489637,0.12353906089809308,0.0906374910268033,0.49392329524779854,0.10710136012576021,0.38682193512203833,-0.030310748853795144
2020-02-27,TMO,297.08,0.868662724871053,True,True,342.26,-0.13200490854905633,True,0.053217988420627416,0.01663809619844714,0.03657989222218028,-0.046889726672950105,-0.12204631777083119,0.07515659109788109,0.1453480543961223,-0.006957749319350559,0.15230580371547287,0.40467214218392367,0.1382474538670968,0.26642468831682686,0.5371617072842334,0.31682968639709586,0.22033202088713755,-0.15776895112427625
2020-11-10,TMO,468.59,1.4171567110285772,True,True,532.57,-0.1201344424207148,True,0.022215582918969634,0.01858547056829729,0.003630112350672343,-0.015386585287778143,0.036182352276578955,-0.0515689375643571,0.057982458012334925,0.10301095921364811,-0.04502850120131319,-0.0017499306429927808,0.17430233871878875,-0.17605226936178153,0.33265754710941353,0.32451135464919223,0.008146192460221302,-0.07003990695490725
2021-02-19,TMO,478.86,1.2736812117183418,True,True,532.57,-0.10085059241038741,False,-0.060101073382617054,-0.024792964643745252,-0.0353081087388718,-0.07068871904105589,-0.0014101479373380688,-0.06927857110371782,-0.05417032117946785,0.06535394713227194,-0.11952426831173979,0.12195631290982756,0.13780991205804694,-0.015853599148219377,0.16249008060811088,0.14375817244827327,0.018731908159837607,-0.0946832059474586
2021-05-17,TMO,452.92,1.1662521522862064,True,True,532.57,-0.14955780460784507,False,0.021063322441049026,0.0087841740469774,0.012279148394071626,0.0378874856486795,0.021563342318059453,0.016324143330620045,0.18621390090965284,0.06801116673084318,0.11820273417880967,0.4125231829020577,0.12367635733538718,0.2888468255666705,0.16091141923518482,-0.05578552175587215,0.21669694099105696,-0.031352115163825856
2022-01-13,TMO,600.89,1.5518749734573407,True,True,672.34,-0.10627063688015004,True,-0.03421591306229088,-0.057154543301831895,0.022938630239541014,-0.057581254472532484,-0.05181581383333689,-0.005765440639195596,-0.025329095175489758,-0.05297827912083175,0.027649183945341993,-0.07851686664780566,-0.16330484575807802,0.08478797911027236,-0.03220223335385852,-0.1454588508815362,0.11325661752767768,-0.14470202532909504
2022-04-11,TMO,585.67,1.0878756550568607,True,True,672.34,-0.12890799297974254,False,-0.019669779910188256,0.011638479723586226,-0.03130825963377448,-0.10149060050881886,-0.09281232951445728,-0.008678270994361581,-0.054569979681390435,-0.11649845426441174,0.06192847458302131,-0.10712517287892498,-0.16664393526095655,0.059518762382031576,-0.015862174944934804,-0.06864884524458992,0.052786670299655114,-0.14998207181518597
2022-07-08,TMO,553.71,0.8649713708319302,True,True,672.34,-0.1764434661034595,False,-0.026801033031731425,-0.009107983636504002,-0.017693049395227423,0.06600928283758645,0.0638073429901973,0.002201939847389145,-0.05558866554694708,-0.05675766074047395,0.0011689951935268672,-0.01860179516353333,-0.030900249569043137,0.012298454405509807,-0.07220386122699607,0.12833509146576794,-0.200538952692764,-0.08692275740008315
2023-05-04,TMO,545.64,0.6700538687561213,True,True,611.06,-0.10705986318855754,False,-0.029048456858001614,0.017278404462764962,-0.04632686132076658,-0.046734110402463114,0.0562535482437736,-0.10298765864623671,0.0003665420423724086,0.12674943845185505,-0.12638289640948264,-0.20610659042592183,0.030656826203934617,-0.23676341662985645,0.046935708525768005,0.24658751511860388,-0.19965180659283588,-0.08639395938714167
2013-01-10,TMUS,19.46,0.3704225352112678,True,True,29.02,-0.3294279807029634,False,-0.03288797533401855,0.006255099265705555,-0.039143074599724104,0.01747173689619741,0.03209137884144675,-0.01461964194524934,0.1500513874614593,0.06574653249932005,0.08430485496213924,0.18448098663926005,0.09654609736197983,0.08793488927728021,0.7117163412127441,0.24775632308947504,0.46396001812326904,-0.047276464542651664
2013-04-09,TMUS,22.38,0.5628491620111731,True,True,29.02,-0.2288077188146106,False,-0.012511170688114248,0.004210526315789442,-0.01672169700390369,-0.1997319034852546,0.03732057416267942,-0.23705247764793402,0.02993744414655941,0.028899521531100536,0.001037922615458875,0.1648793565683646,0.07757575757575763,0.08730359899260698,0.45040214477211804,0.18915470494417863,0.2612474398279394,-0.28462913315460225
2014-08-07,TMUS,29.86,0.6036519871106336,True,True,35.5,-0.15887323943661968,True,-0.03918285331547211,0.024760508820603988,-0.0639433621360761,0.02712659075686541,0.052766581165262005,-0.025639990408396596,-0.022438044206296026,0.05564571009789043,-0.07808375430418646,-0.010381781647689214,0.057373187457467445,-0.06775496910515666,0.3643670462156732,0.09967020886771705,0.2646968373479561,-0.17950435365036832
2014-10-31,TMUS,29.19,0.63255033557047,True,True,35.5,-0.17774647887323936,False,-0.029119561493662238,0.00833085391252597,-0.03745041540618821,-0.021582733812949728,0.02033125061985519,-0.04191398443280492,0.012332990750256956,0.001636417732817641,0.010696573017439315,0.1668379582048647,0.045175047108995336,0.12166291109586935,0.28400137033230544,0.035554894376673696,0.24844647595563174,-0.16889345666324085
2015-07-27,TMUS,36.5,1.9246794871794872,True,True,40.77,-0.1047338729457935,True,0.13671232876712325,0.014507471347743994,0.12220485741937925,0.061095890410958864,-0.08361139320083177,0.14470728361179064,0.1150684931506849,-0.017795831519899274,0.13286432467058418,0.0353424657534247,-0.09178393539339424,0.12712640114681895,0.24493150684931497,0.05053435852797539,0.19439714832133959,-0.0019178082191780854
2015-10-27,TMUS,39.02,0.8064814814814816,True,True,43.43,-0.10154271241077584,True,-0.009226037929267239,0.021297192642788065,-0.030523230572055304,-0.016145566376217335,0.013310745401742485,-0.02945631177795982,-0.02895950794464386,-0.09177153920619563,0.06281203126155177,0.028959507944643637,0.0169409486931269,0.012018559251516736,0.3118913377754995,0.040125847047434604,0.2717654907280649,-0.12250128139415684
2016-01-25,TMUS,37.89,0.9858490566037739,True,True,43.43,-0.12756159336863915,False,0.07125890736342044,0.03202941803453441,0.039229489328886036,-0.04460279757191865,0.02494137710509481,-0.06954417467701346,0.05964634468197416,0.11969729268812634,-0.06005094800615218,0.17207706518870403,0.15023449157962077,0.02184257360908326,0.5735022433359724,0.20837774461735248,0.36512449871861996,-0.12298759567168127
2017-06-27,TMUS,61.01,0.8332331730769229,True,True,68.88,-0.11425667828106845,True,-0.017374200950663776,0.005966933244934358,-0.023341134195598134,0.022619242747090595,0.025276592218124616,-0.0026573494710340206,0.03900999836092445,0.03339825135706276,0.005611747003861689,0.027044746762825644,0.10433845771350425,-0.0772937109506786,-0.020980167185707277,0.12294368706750092,-0.1439238542532082,-0.03081462055400752
2017-09-28,TMUS,61.92,1.1366459627329193,True,True,68.88,-0.10104529616724733,False,-0.006459948320413411,0.01721589774315957,-0.02367584606357298,-0.003068475452196462,0.021050529259037498,-0.02411900471123396,0.02745478036175708,0.06854403834631517,-0.04108925798455809,-0.010820413436692489,0.053205512282804124,-0.06402592571949661,0.11094961240310086,0.1578989414819254,-0.04694932907882454,-0.11821705426356588
2018-02-05,TMUS,61.54,1.0013008130081302,True,True,68.88,-0.10656213704994189,False,-0.05557361065973354,0.00534232561664072,-0.06091593627637426,0.032824179395515074,0.03391050657371264,-0.0010863271781975659,-0.07426064348391292,-0.0027658848937218705,-0.07149475859019105,-0.03136171595710102,0.0662675709468421,-0.09762928690394312,0.1278843028924277,0.03042473383094002,0.09745956906148767,-0.09733506662333447
2018-12-21,TMUS,61.93,0.5887634684453567,True,True,70.94,-0.12700873978009586,True,0.027127401905377102,0.03830494391358541,-0.011177542008208308,0.09478443403843051,0.09434981304528467,0.00043462099314584,0.16680122719199098,0.18292480265891164,-0.01612357546692067,0.21540448893912467,0.2022019110926465,0.013202577846478158,0.24689165186500883,0.3331948483589531,-0.08630319649394425,-0.0318101081866623
2019-08-05,TMUS,76.19,0.6276436658833582,True,True,85.22,-0.1059610420089181,True,0.009843811523821966,0.014974279472905305,-0.005130467949083339,0.012337577109856834,0.02438165034176598,-0.012044073231909147,0.07323795773723574,0.0683179479952083,0.0049200097420274425,0.059456621603884985,0.13980691987879634,-0.08035029827491136,0.4093713085706785,0.15044746670424924,0.25892384186642925,-0.012075075469221708
2020-02-28,TMUS,90.16,0.45021714653369793,True,True,101.35,-0.11040947212629504,True,-0.025510204081632626,0.004050496185782793,-0.02956070026741542,-0.09361135758651284,-0.1446027138324445,0.05099135624593165,0.060004436557231644,0.009518666036589352,0.05048577052064229,0.2770629991126885,0.13829069060959975,0.13877230850308875,0.3408385093167703,0.2905218389252684,0.050316670391501894,-0.29569653948535934
2020-10-28,TMUS,109.8,0.7787137534424105,True,True,123.42,-0.11035488575595531,True,0.05664845173041888,0.05167452396987682,0.004973927760542063,0.17249544626593827,0.11020633074144359,0.062289115524494676,0.19681238615664842,0.17489132431274101,0.021921061843907408,0.19972677595628419,0.2620767770770831,-0.062350001120798915,0.059744990892531824,0.39582440457968504,-0.3360794136871532,-0.020400728597449902
2021-02-17,TMUS,121.3,1.0692596383486865,True,True,135.54,-0.10506123653534005,True,-0.015828524319868142,-0.0015800606539412287,-0.014248463665926914,0.04946413849958775,0.01241112158821589,0.03705301691137186,0.13866446826051115,0.04559239532098158,0.09307207293952957,0.17881286067601,0.1267616402048981,0.05205122047111188,0.026215993404781646,0.12250567037895976,-0.09628967697417812,-0.04460016488046159
2021-09-07,TMUS,134.47,1.0464160706133012,True,True,150.2,-0.10472703062583222,True,-0.041273146426712315,-0.01614760997652054,-0.025125536450191777,-0.06744998884509557,-0.04066805475568147,-0.026781934089414094,-0.20636573213356135,-0.0021264342355911126,-0.20423929789797024,-0.08373614932698747,-0.03284897886855975,-0.05088717045842772,0.055848888227857385,-0.1311744119080317,0.18702330013588908,-0.20651446419275676
2021-12-03,TMUS,112.77,0.6632743362831859,True,True,150.2,-0.24920106524633823,False,0.01773521326593963,0.038198579683295764,-0.020463366417356132,0.014720227010729836,0.05357064090688546,-0.03885041389615562,0.11386006916733171,-0.03425080499316313,0.14811087416049484,0.17708610446040618,-0.10610471527502097,0.28319081973542715,0.3461913629511395,-0.10153941158307977,0.4477307745342193,-0.09984925068723949
2022-09-23,TMUS,132.33,0.6674647177419357,True,True,148.04,-0.10611996757633058,True,0.013904632358497482,-0.029270281288218514,0.043174913646715996,0.03120985415249744,0.0172306019839652,0.013979252168532241,0.07020327967958884,0.032803370023100964,0.03739990965648787,0.07647547797173715,0.05989944285908422,0.01657603511265293,0.05304919519383344,0.16977850251392868,-0.11672930732009523,-0.02100808584599112
2023-05-25,TMUS,135.76,0.4205294548498484,True,True,154.38,-0.12061147817074758,False,-0.03366234531526213,0.032002894006993854,-0.06566523932225599,-0.006703005303476672,0.040491981188954584,-0.04719498649243126,-0.004419563936358228,0.05667430362956716,-0.061093867565925386,0.08426635238656455,0.08448088749547811,-0.00021453510891356053,0.21515910430170893,0.2684432654045583,-0.05328416110284939,-0.07984678845020621
2024-12-17,TMUS,220.71,0.8814252834370471,True,True,248.15,-0.1105782792665726,True,0.010420914321960906,-0.004947955451852559,0.015368869773813465,-0.007883648226179152,-0.01110394016118077,0.003220291935001618,0.18132390920212038,-0.07160469311092355,0.2529286023130439,0.03620135018802939,-0.000893610683612156,0.03709496087164155,-0.09664265325540311,0.11105594995780166,-0.20769860321320477,-0.055819854107199585
2025-04-04,TMUS,248.11,0.9291656947360236,True,True,276.49,-0.10264385692068423,True,0.04256176695820413,0.05672102596580131,-0.01415925900759718,0.000765789367619174,0.11524303356554788,-0.11447724419792871,-0.04308572810446987,0.2279330272324258,-0.2710187553368957,-0.0428842045866753,0.30980842305256506,-0.35269262763924036,-0.19950828261658138,0.30408882203926524,-0.5035971046558466,-0.11329652170408289
2025-07-02,TMUS,237.42,0.7388311117621209,True,True,276.49,-0.14130709971427546,False,-0.039044730856709564,0.008655008461600389,-0.04769973931830995,0.004169825625473855,0.018744459666371283,-0.014574634040897427,0.00021059725381178396,0.06667741155612861,-0.06646681430231682,-0.1754696318760003,0.10376339753404795,-0.27923302941004824,-0.2710807851065622,0.2019663147715367,-0.4730470998780989,-0.05113301322550745
2013-07-16,TSLA,7.27,4.4963332577304,True,True,8.884,-0.18167492120666373,True,0.12554332874828078,0.009670487106017145,0.11587284164226364,0.3336038514442916,0.012476122254059252,0.32112772919023236,0.5477303988995876,-0.01146131805157602,0.5591917169511637,0.34800550206327396,0.08858643744030559,0.2594190646229684,1.0788583218707015,0.17956064947468953,0.899297672396012,-0.041719394773039764
2013-10-09,TSLA,11.252,7.261380323054333,True,True,12.9667,-0.1322387346047953,True,0.08756665481692139,0.03907004830917882,0.04849660650774257,-0.10439921791681495,0.06986714975845398,-0.17426636767526893,-0.1290437255599004,0.10120772946859913,-0.23025145502849953,0.3644418769996445,0.14057971014492754,0.22386216685471694,0.5379221471738358,0.16702898550724643,0.37089316166658937,-0.31212228937077857
2014-01-06,TSLA,9.8,4.522060066490112,True,True,12.9667,-0.24421788118796606,False,-0.05211224489795918,-0.0036740513270454578,-0.04843819357091372,0.2158469387755102,-0.0382211011186665,0.2540680398941767,0.5666020408163264,0.03575345470497915,0.5308485861113472,0.6262551020408162,0.07381004606273289,0.5524450559780834,0.49190816326530595,0.12650800614169766,0.3654001571236083,-0.07027551020408174
2014-04-02,TSLA,15.3527,8.712595685455812,True,True,17.6667,-0.13098088494172644,True,-0.05801585388889252,-0.009476916560779314,-0.04853893732811321,-0.09796322470966023,-0.0029119017365522026,-0.09505132297310803,0.038077992796055504,0.03674290554849646,0.0013350872475590414,0.08736574022810317,0.04833756882676821,0.039028171401334966,-0.18029401994437466,0.09291613722998737,-0.27321015717436203,-0.2304480645098257
2014-07-02,TSLA,15.2953,7.109915164369035,True,True,17.6667,-0.13422993541521622,False,-0.043451256268265404,-0.004512498098666495,-0.03893875816959891,-0.026714088641608846,-0.020990721492673448,-0.005723367148935399,0.07483998352435073,0.0033970491304569084,0.07144293439389382,-0.029767314142252754,0.05191907924757899,-0.08168639338983175,0.1692480696684604,0.04370531866348926,0.12554275100497114,-0.06899505076722912
2014-09-26,TSLA,16.44,8.34781372604765,True,True,19.428,-0.153798641136504,True,0.03491484184914828,-0.006973218797372338,0.04188806064652062,-0.046064476885644856,-0.007427993936331423,-0.03863648294931343,-0.09732360097323611,0.04835775644264784,-0.14568135741588395,-0.19675790754257916,0.06321374431531068,-0.25997165185788984,0.0669890510948905,-0.02526528549772611,0.09225433659261661,-0.21877737226277383
2014-12-22,TSLA,14.84,7.021621621621621,True,True,19.428,-0.23615400452954505,False,-0.001664420485175122,0.0006265966163783165,-0.0022910171015534386,-0.09425202156334234,-0.006603364341832618,-0.08764865722150972,-0.11015498652291111,0.014170723478093228,-0.12432571000100434,0.13710916442048515,0.013399527642550702,0.12370963677793445,0.035309973045822174,-0.035908806092447065,0.07121877913826924,-0.1689150943396227
2015-03-20,TSLA,13.2053,4.608060474795091,True,True,19.428,-0.32029544986617264,False,-0.0660340923720022,-0.0221947626063399,-0.043839329765662294,0.03630360537057098,-0.002661470462430482,0.03896507583300146,0.27787327815346874,-0.0007604201321229631,0.2786336982855917,0.25444329170863234,-0.06919823202319286,0.3236415237318252,0.14287445192460613,-0.02747017727294332,0.17034462919754945,-0.08420861320833306
2015-08-06,TSLA,16.4087,8.43028735632184,True,True,19.428,-0.1554097179328804,False,-0.014711707813537811,0.0014878809695224593,-0.01619958878306027,-0.0022792786753367267,-0.06143508519318441,0.05915580651784769,-0.15926916818517012,-0.0020158387329013427,-0.15725332945226878,-0.22926861969564927,-0.09234461243100545,-0.13692400726464382,-0.08263908780098361,0.03758099352051847,-0.12022008132150208,-0.20773735884012745
2015-10-30,TSLA,13.7953,6.55782611077631,True,True,19.11,-0.2781109366823653,False,0.1228969286641104,0.010147645842350617,0.11274928282175978,0.11274854479424157,0.003655076227576437,0.10909346856666513,-0.08326024080665151,-0.09051122974077808,0.007250988934126568,0.21693620290968663,0.003270331361515888,0.21366587154817074,-0.014106253579117434,0.0252007887269754,-0.03930704230609283,-0.11848963052633865
2016-01-28,TSLA,12.6467,3.988245966946712,True,True,19.11,-0.33821559392987965,False,-0.07575098642333566,0.013166939876262385,-0.08891792629959805,0.0033684676635010735,0.031621807413674485,-0.028253339750173412,0.3274609186586226,0.10311458939241702,0.22434632926620557,0.20379229364181972,0.14795621595896558,0.055836077682854146,0.3414329429811731,0.21394955317011255,0.12748338981106055,-0.2564621600891932
2017-07-05,TSLA,21.806,0.4267860998606321,True,True,25.7993,-0.1547832693135084,True,0.007429147940933634,0.005107715121308143,0.0023214328196254908,-0.003668715032559944,0.019236314206862337,-0.02290502923942228,0.03824635421443645,0.031222968241545468,0.007023385972890983,-0.005778226176281764,0.10190715492029478,-0.10768538109657655,0.024396954966523055,0.11982534909585207,-0.09542839412932902,-0.07325048151884805
2017-09-28,TSLA,22.64,0.3846501984624513,True,True,25.974,-0.12835912835912833,True,0.04632067137809193,0.01721589774315957,0.029104773634932357,-0.039545053003533503,0.021050529259037498,-0.060595582262571,-0.042402826855123754,0.06854403834631517,-0.11094686520143893,-0.08981007067137814,0.053205512282804124,-0.14301558295418226,-0.08839664310954065,0.1578989414819254,-0.24629558459146605,-0.13830830388692572
2017-12-22,TSLA,21.68,0.4716963200803732,True,True,25.974,-0.16531916531916535,False,-0.0143588560885608,0.004710104295166495,-0.019068960383727296,0.06362084870848705,0.05857724944861875,0.005043599259868303,-0.04950645756457561,-0.014354603566221757,-0.035151853998353855,0.14031365313653144,0.033830511008934305,0.10648314212759713,-0.01669741697416971,-0.10022055250271023,0.08352313552854052,-0.09360239852398522
2018-03-22,TSLA,20.6067,0.5483631008287813,True,True,25.974,-0.20664125664125665,False,-0.1390178922389319,-0.0019721621724125837,-0.13704573006651932,-0.061018988969607,0.011150301513255245,-0.07216929048286225,0.1997068914479272,0.04888686615845561,0.15082002528947158,-0.06004843085016043,0.09652216786134171,-0.15657059871150214,-0.11349221369748674,0.0798725679827057,-0.19336478168019244,-0.20870396521519696
2020-02-05,TSLA,48.98,1.9206917113893858,True,True,64.5993,-0.2417874497092074,True,0.04435892200898328,0.013699453223577462,0.03065946878540582,-0.01382809309922406,-0.09132968815718334,0.07750159505795928,-0.04543282972641893,-0.15042360151415002,0.10499077178773109,1.0096508779093507,-0.035119870215706284,1.044770748125057,4.9397713352388735,0.1462777143543832,4.79349362088449,-0.5229216006533279
2020-05-01,TSLA,46.7547,1.1724142737663787,True,True,64.5993,-0.2762351914030028,False,0.1683959045828547,0.03412426181972483,0.13427164276312986,0.2805835563055692,0.08048375119346507,0.20009980511210412,1.1053006435716624,0.13571908483326856,0.9695815587383938,2.0131730072056926,0.21195940450510986,1.8012136027005827,3.826609945096429,0.4854132041444179,3.341196740952011,-0.004735352809450255
2020-07-28,TSLA,98.4327,3.29400217246208,True,True,119.666,-0.1774380358664951,True,0.007117553414668132,0.02768004483606812,-0.020562491421399987,0.3703708218915056,0.0714574835756765,0.2989133383158291,0.4312316943454766,0.0671295575551889,0.3641021367902877,1.8599916491166049,0.1789706386026091,1.6810210105139958,1.226970305599664,0.37316685867297683,0.8538034469266871,-0.07551047568541747
2020-10-21,TSLA,140.88,5.006651317472499,True,True,167.4967,-0.15890880238237537,True,-0.03932424758659847,-0.04688822104863888,0.0075639734620404075,0.15142887563884155,0.03953549441251125,0.1118933812263303,0.9982729982964227,0.10480553205146892,0.8934674662449538,0.7481778818852924,0.213404137367607,0.5347737445176854,1.0449318568994888,0.3148542584541767,0.7300775984453121,-0.1029954571266325
2021-01-29,TSLA,264.51,10.351386147111835,True,True,300.1333,-0.1186915947014211,True,0.07397338474915882,0.04766665765936162,0.0263067270897972,-0.09464027825034971,0.05271975572189036,-0.14736003397224007,-0.11189255604703041,0.12821898559731948,-0.2401115416443499,-0.18180787115799024,0.17669630069986764,-0.3585041718578579,0.18131639635552554,0.17107574242710832,0.01024065392841722,-0.32013912517485155
2021-04-27,TSLA,234.9133,11.553682792969479,True,True,300.1333,-0.21730344483601127,False,-0.044186514769491536,-0.004550680206936164,-0.03963583456255537,-0.141967270478087,0.0017244682889443474,-0.14369173876703134,-0.07872393772510966,0.04296800153286062,-0.12169193925797028,0.19622856602840288,0.06790093887717963,0.12832762715122326,0.4261291293426128,0.02040620808584026,0.40572292125677256,-0.22385535429454184
2021-07-22,TSLA,216.42,9.352398674020463,True,True,300.1333,-0.278920399702399,False,0.04326448572220687,0.011918431084370518,0.03134605463783635,0.03728860548932644,0.010104257566711183,0.02718434792261526,0.298447463265872,0.02390575483396873,0.2745417084319033,0.6394048609185843,0.0787443163551187,0.5606605445634656,0.14360964790684783,-0.09344141827033481,0.23705106617718263,-0.03391553460863128
2021-11-09,TSLA,341.1667,13.6986820733541,True,True,414.4967,-0.17691335057673552,True,0.030512942793068598,0.004065214600539102,0.026447728192529496,0.044416116813276396,0.004578715392186128,0.03983740142109027,-0.0978800099775271,-0.03996747828319569,-0.057912531694331415,-0.11162695538573952,-0.10911891822499897,-0.0025080371607405505,-0.42233518101268375,-0.18706405922375802,-0.23527112178892573,-0.2261750633927636
2022-02-04,TSLA,307.7733,13.553305277094761,True,True,414.4967,-0.25747708003465397,False,-0.06857839845106772,-0.01836416313795408,-0.05021423531311364,-0.12860114896256425,-0.06523289503008689,-0.06336825393247736,-0.015238488848772769,-0.07203030978381986,0.05679182093504709,-0.03451663935760518,-0.08181412970804547,0.047297490350440285,-0.38272748155866676,-0.08101181190104745,-0.3017156696576193,-0.24186633473403962
2022-05-03,TSLA,303.0833,16.826332196212213,True,True,414.4967,-0.2687920072705041,False,-0.12010988398239031,-0.04152456890340561,-0.0785853150789847,-0.18573540673471622,-0.016307219366924475,-0.16942818736779175,-0.019576466271813864,-0.010543253758585891,-0.009033212513227973,-0.30299689887235626,-0.09008597915365768,-0.21291091971869858,-0.47106950465433106,-0.013305153945914805,-0.45776435070841626,-0.31749225377973656
2022-07-29,TSLA,297.15,17.398583343136828,True,True,414.4967,-0.28310647587785376,False,-0.030220427393572113,0.003592320201946775,-0.03381274759551889,-0.0304896516910651,-0.0162139857763538,-0.0142756659147113,-0.2890795894329463,-0.08039030073545472,-0.2086892886974916,-0.5510011778563015,-0.039102890846865246,-0.5118982870094363,-0.10334847720006723,0.10905604504963717,-0.2124045222497044,-0.3316843345111896
2023-10-18,TSLA,242.68,0.6219030427056134,True,True,299.29,-0.1891476494370009,False,-0.12469095104664585,-0.029427488900769294,-0.09526346214587655,0.0006593044338223386,0.045256967527486536,-0.0445976630936642,-0.0938272622383386,0.10394923409497703,-0.19777649633331562,-0.2805340365913961,0.20406313195881087,-0.48459716855020696,-0.0879759353881655,0.3535250226633504,-0.4415009580515159,-0.20030492830064284
2024-12-19,TSLA,436.17,0.41167537777536123,True,True,488.54,-0.10719695419003561,True,-0.010340005043904865,0.015202183927657265,-0.02554218897156213,-0.04828392599215903,0.03470397543081383,-0.08298790142297285,-0.4583304674782769,-0.03516464767104588,-0.423165819807231,-0.2454089001994636,0.028288687937211954,-0.27369758813667555,0.10323956255588418,0.16121822214639137,-0.05797865959050719,-0.5024417085081505
2025-05-27,TSLA,362.89,0.5345918545560957,True,True,488.54,-0.25719490727473704,False,-0.051310314420347725,0.008356593081282337,-0.05966690750163006,-0.0973848824712722,0.027015139981392267,-0.12440002245266446,-0.11788696299154011,0.07510784064958131,-0.19299480364112143,0.11424949709278298,0.13664890467732382,-0.022399407584540842,0.1948248780622226,0.26971157912543364,-0.07488670106321105,-0.24712722863677705
2025-10-13,TSLA,435.9,0.8305127451392096,True,True,488.54,-0.10774962132066979,False,0.026451020876347764,0.012457770270270174,0.01399325060607759,0.021403991741225203,0.02775096525096532,-0.006346973509740117,-0.00022941041523272254,0.03992217664092679,-0.04015158705615951,-0.20474879559532,-0.005761341698841571,-0.19898745389647843,,,,-0.12186281257169074
2026-01-08,TSLA,435.8,3.03145235892692,True,True,498.83,-0.12635567227311906,True,0.006356126663607187,0.003959333439689017,0.00239679322391817,-0.05665442863698944,0.0016098388710823475,-0.05826426750807179,-0.20456631482331356,-0.043929747211787995,-0.16063656761152556,-0.09717760440569079,0.08015837333758746,-0.17733597774327825,,,,-0.22615878843506199
2026-04-07,TSLA,346.65,0.775143383859074,True,True,498.83,-0.3050738728624983,False,0.05062743401125047,0.0534571159855588,-0.002829681974308329,0.12323669407183035,0.09791875246503445,0.025317941606795902,0.13500649069666815,0.12978975152452898,0.005216739172139162,,,,,,,-0.027116688302322167
2015-05-06,TXN,53.7,0.673418510439389,True,True,59.99,-0.10485080846807804,True,0.01843575418994403,0.009517400499903905,0.008918353690040126,0.005214152700186103,0.010046144972120752,-0.004831992271934649,-0.06927374301675993,0.011824649105941276,-0.0810983921227012,0.09515828677839844,-0.004999038646414156,0.1001573254248126,0.06517690875232773,-0.009036723706979388,0.07421363245930712,-0.1061452513966481
2015-07-31,TXN,49.98,0.8280907095830283,True,True,59.99,-0.16686114352392079,False,0.006802721088435382,-0.01211401425178149,0.018916735340216873,-0.039815926370548094,-0.053301662707838426,0.013485736337290333,0.17667066826730715,-0.016627078384798155,0.1932977466521053,0.006402561024409836,-0.09491686460807591,0.10131942563248575,0.40516206482593065,0.029786223277909807,0.37537584154802084,-0.12985194077631046
2018-02-02,TXN,107.66,0.9775900073475385,True,True,120.75,-0.10840579710144926,True,-0.06659855099386958,-0.0506444000726084,-0.01595415092126118,0.012539476128552884,-0.01183517879832996,0.024374654926882844,-0.03956901356121112,-0.038010528226538276,-0.0015584853346728433,0.05238714471484296,0.02864403703031404,0.02374310768452892,-0.052665799739922026,-0.01956797966963142,-0.03309782007029061,-0.09910830391974734
2018-05-01,TXN,103.4,0.9073971591957204,True,True,120.75,-0.1436853002070393,False,0.019922630560928356,0.007321307268473021,0.012601323292455335,0.08172147001934227,0.028794626009510216,0.05292684400983205,0.0957446808510638,0.06928824816967305,0.02645643268139075,-0.04970986460348159,0.042531511812212264,-0.09224137641569385,0.13955512572533846,0.1095931768435352,0.029961948881803258,-0.02949709864603489
2018-09-07,TXN,108.46,1.2275621277469706,True,True,120.75,-0.10178053830227751,False,-0.028581965701641066,0.011404728789985885,-0.03998669449162695,-0.04775954268854876,0.0007649513212795167,-0.04852449400982828,-0.0672137193435367,-0.028859527121001483,-0.03835419222253522,-0.009773188272173994,-0.02851182197496538,0.018738633702791385,0.17176839387792753,0.03633518776077871,0.13543320611714882,-0.18956297252443288
2018-12-03,TXN,101.17,0.7579496090356213,True,True,120.75,-0.16215320910973086,False,-0.06553326084807742,-0.05431435732187617,-0.011218903526201252,-0.12147869921913612,-0.1256355173648407,0.004156818145704566,0.06157951962044095,0.00035803795202271615,0.06122148166841823,0.029455372145893,-0.0036877909058361524,0.03314316305172915,0.1741623010773945,0.11578947368421044,0.05837282739318406,-0.1331422358406642
2019-08-05,TXN,116.93,0.6983297022512711,True,True,130.37,-0.10309120196364197,True,0.026939194389805854,0.014974279472905305,0.011964914916900549,0.04113572222697326,0.02438165034176598,0.016754071885207278,0.028735140682459637,0.0683179479952083,-0.03958280731274866,0.08021893440519956,0.13980691987879634,-0.05958798547359678,0.09082356965705962,0.15044746670424924,-0.05962389704718962,-0.009065252715299787
2019-10-30,TXN,117.79,0.6653470945850417,True,True,132.2,-0.10900151285930393,True,0.02181849053400109,0.009732360097323811,0.012086130436677278,0.0334493590287801,0.03728546064312499,-0.003836101614344889,0.08701927158502398,0.0748010784507136,0.012218193134310384,-0.06222939128958327,-0.08239626487801677,0.020166873588433498,0.2490024620086595,0.11205365949891521,0.13694880250974428,-0.027166992104592946
2020-01-31,TXN,120.65,0.5487804878048781,True,True,135.7,-0.11090641120117894,True,0.06672192291752999,0.03254281540422088,0.034179107513309104,-0.013924575217571511,-0.03928760140490484,0.025363026187333326,-0.05312888520513892,-0.11189506729245013,0.058766182087311214,0.06953999171156222,0.0038230814658253287,0.06571691024573689,0.40265230004144215,0.17374817393466557,0.22890412610677657,-0.22842934106920842
2020-04-28,TXN,114.24,0.40845765010479584,True,True,135.7,-0.15814296241709647,False,-0.02363445378151252,0.0016099114548699944,-0.025244365236382516,0.03133753501400549,0.06229657368844688,-0.030959038674441386,0.1295518207282913,0.1302978336191507,-0.0007460128908594044,0.34033613445378164,0.2154481503517307,0.12488798410205093,0.6750700280112047,0.4615546144962026,0.21351541351500214,-0.07694327731092432
2021-03-04,TXN,163.25,0.5085012012566994,True,True,181.8,-0.10203520352035211,True,0.07166921898928025,0.04467746217148916,0.02699175681779109,0.17647779479326187,0.06347225909211573,0.11300553570114613,0.16275650842266454,0.11505176533050188,0.04770474309216266,0.15050535987748836,0.18919564640297337,-0.03869028652548501,0.024747320061255795,0.14143881072471465,-0.11669149066345885,-0.009065849923430291
2022-01-07,TXN,179.44,0.8645054031587698,True,True,202.26,-0.1128250766340354,True,0.04218680338831926,-0.002939346478147864,0.045126149866467125,-0.052886758805171685,-0.04039992276169835,-0.012486836043473337,-0.012594739188586668,-0.03231135617584591,0.01971661698725924,-0.17220240748996885,-0.18204638589113686,0.009843978401168019,-0.023851983950066935,-0.16737110858417903,0.1435191246341121,-0.1025412394115025
2022-04-18,TXN,176.56,0.5273356401384084,True,True,202.26,-0.1270641748244833,False,-0.01500906207521524,-0.02159965294426569,0.00659059086905045,-0.04565020389669239,-0.08648994223348638,0.040839738336793996,-0.10596964204802906,-0.1371326803205699,0.031163038272540855,-0.09787041232442228,-0.17165559284882526,0.07378518052440297,0.019766651563208004,-0.05486677169669163,0.07463342325989963,-0.18180788400543724
2023-04-26,TXN,164.46,0.4435179496181867,True,True,186.3,-0.11723027375201289,True,-0.006749361546880772,0.009051340389751639,-0.01580070193663241,0.015870120394016585,0.016643584924324717,-0.0007734645303081322,0.11814422959990267,0.12325650410525268,-0.005112274505350012,-0.0620211601605255,0.07829656741517454,-0.14031772757570005,0.06293323604523882,0.2499010782471065,-0.18696784220186768,-0.02748388665937007
2026-06-11,TXN,297.1,0.7439539798074666,True,True,331.51,-0.10379777382281064,True,0.08670481319421075,0.012171980047712028,0.07453283314649872,0.004947829013799865,0.015465734114074925,-0.01051790510027506,,,,,,,,,,-0.16482665769101323
2023-08-11,UBER,43.71,0.3545088317322589,True,True,49.49,-0.11679127096383113,True,0.022420498741706707,-0.02053180747223149,0.042952306213938196,0.11965225348890396,0.0062829574778413555,0.1133692960110626,0.10134980553649053,-0.022349377314035634,0.12369918285052617,0.5573095401509951,0.10927858184674077,0.4480309583042543,0.5680622283230383,0.19598339504095152,0.3720788332820868,-0.08281857698467165
2024-04-19,UBER,69.2,0.19619706136560078,True,True,82.14,-0.157535914292671,True,-0.0021676300578035157,0.026456094999596003,-0.02862372505739952,-0.051011560693641655,0.06925034332337021,-0.12026190401701187,-0.008381502890173365,0.12476775183778988,-0.13314925472796324,0.1260115606936416,0.16352290168834305,-0.037511340994701436,0.0537572254335259,0.03780596170934647,0.015951263724179432,-0.09089595375722548
2024-07-17,UBER,68.62,0.4553552492046662,True,True,82.14,-0.16459702946189425,False,-0.03614106674438944,-0.028207706395662058,-0.00793336034872738,0.04823666569513274,-0.02368298200883412,0.07191964770396686,0.1355290002914602,0.03445613531080527,0.10107286498065493,-0.03599533663654908,0.056900204689912526,-0.0928955413264616,0.3188574759545322,0.127661866628362,0.1911956093261702,-0.20081608860390554
2024-10-25,UBER,77.62,0.7055592177543399,True,True,87.0,-0.10781609195402297,True,-0.056299922700335014,-0.01381597126277978,-0.042483951437555234,-0.07871682556042259,0.02844363083724799,-0.10716045639767058,-0.11672249420252512,0.049962006079027566,-0.16668450028155268,-0.04096882246843603,-0.08944114396242053,0.048472321493984505,0.24220561710899258,0.18340701851340158,0.058798598595591,-0.23563514558103593
2025-01-24,UBER,68.56,0.8108821975699949,True,True,87.0,-0.21195402298850574,False,-0.02494165694282391,-0.010115630705462397,-0.014826026237361511,0.11464410735122521,-0.017698241689557026,0.13234234904078224,0.0857642940490082,-0.13276970903169572,0.21853400308070392,0.3213243873978997,0.03225488099741769,0.289069506400482,0.20055425904317392,0.13365791075217515,0.06689634829099877,-0.11566511085180864
2025-04-22,UBER,74.44,1.277845777233782,True,True,87.0,-0.14436781609195404,False,0.06689951638903824,0.05134186818397346,0.015557648205064778,0.23414830736163372,0.12441915599810338,0.10972915136353034,0.21695325094035467,0.19028923660502617,0.0266640143353285,0.2638366469639979,0.25754385964912263,0.006292787314875259,0.03788285867813013,0.3353816974869608,-0.29749883880883066,-0.016254701773240066
2025-07-29,UBER,87.11,2.73862660944206,True,True,97.715,-0.1085299084071023,True,0.02617380323728624,-0.011475616283096679,0.03764941952038292,0.10813913442773515,0.015584170260995567,0.09255496416673958,0.0585466651360349,0.05122312124169626,0.007323543894338647,-0.03891631270807028,0.06661839246922518,-0.10553470517729546,-0.1879233153484101,0.1662311494506188,-0.3541544647990289,-0.01940075766272531
2025-11-13,UBER,91.78,2.3447521865889214,True,True,101.99,-0.10010785371114805,True,-0.09174112006973201,-0.029031010058925055,-0.06271011001080695,-0.07267378513837441,0.014463424796143043,-0.08713720993451746,-0.22630202658531262,0.029641092792095813,-0.25594311937740843,-0.17792547395946823,0.09758347717397786,-0.2755089511334461,,,,-0.23022444977119194
2026-02-11,UBER,71.01,1.0946902654867259,True,True,101.99,-0.30375527012452197,False,0.02717927052527802,-0.010809873403086923,0.037989143928364943,0.027601746232924773,-0.03742990924330902,0.0650316554762338,0.06252640473172799,0.0659864732065436,-0.003460068474815614,-0.039853541754682364,0.11247759986126349,-0.15233114161594585,,,,-0.03591043514997905
2013-01-04,UNH,52.09,0.6520773866159213,True,True,60.75,-0.14255144032921807,False,0.014014206181608646,0.004782400765183992,0.009231805416424654,0.070263006335189,0.02165744346519083,0.048605562869998176,0.1839124592052217,0.060531529685044605,0.1233809295201771,0.26876559800345556,0.10049873607979776,0.1682668619236578,0.4315607602226912,0.24970963995354234,0.18185112026914885,-0.014014206181608868
2013-10-21,UNH,68.2,0.9320113314447593,True,True,75.88,-0.10121244069583546,True,-0.018475073313783064,0.010493119266054896,-0.02896819257983796,0.05102639296187683,0.02878440366972468,0.022241989292152153,0.06686217008797657,0.0574541284403669,0.009408041647609666,0.16099706744868048,0.048967889908256845,0.11202917754042363,0.2929618768328446,0.0806766055045871,0.21228527132825747,-0.02170087976539592
2014-04-21,UNH,74.95,0.6662961316140508,True,True,83.32,-0.10045607297167536,True,0.010540360240159918,-0.0008554319931565191,0.011395792233316437,0.030020013342228147,0.009088964927288279,0.020931048414939868,0.11754503002001337,0.058383233532934176,0.0591617964870792,0.13328885923949296,0.030474764756202033,0.10281409448329093,0.5838559039359572,0.1117942686056459,0.4720616353303113,-0.009206137424949912
2015-08-24,UNH,110.43,1.075751879699248,True,True,126.21,-0.12502971238412164,True,0.047722539165081956,0.04311345646437981,0.0046090827007021495,0.11319387847505213,0.023271767810026267,0.08992211066502587,0.03585982070089644,0.08427440633245387,-0.04841458563155743,0.042742008512179686,0.0014775725593667577,0.04126443595281293,0.28624467988771163,0.15324538258575204,0.13299929730195958,-0.005704971475142706
2015-11-19,UNH,110.63,1.0909090909090908,True,True,126.21,-0.12344505189763089,False,0.03353520744825089,0.004842963318149041,0.02869224413010185,0.046913133869655566,-0.04090146247902182,0.08781459634867739,0.06164693121214859,-0.07892591704627194,0.14057284825842054,0.1660489921359487,-0.01817309997602501,0.1842220921119737,0.3694296302991955,0.04468952289618788,0.3247401074030076,-0.028202115158636798
2018-02-05,UNH,220.02,1.0387323943661975,True,True,250.79,-0.12269229235615453,True,0.025770384510499067,0.00534232561664072,0.020428058893858347,0.02799745477683846,0.03391050657371264,-0.00591305179687418,0.061085355876738356,-0.0027658848937218705,0.06385124077046023,0.16330333606035796,0.0662675709468421,0.09703576511351586,0.21902554313244238,0.03042473383094002,0.18860080930150236,-0.04458685574038723
2018-12-17,UNH,258.07,1.1942862001530483,True,True,287.94,-0.103736889629784,True,-0.09737668074553418,-0.08231516290726826,-0.015061517838265925,0.013135970860619128,0.02200814536340845,-0.00887217450278932,-0.025845700778858394,0.10162124060150379,-0.1274669413803622,-0.04727399542759714,0.13134398496240585,-0.17861798039000298,0.10621149300577382,0.2426378446115287,-0.1364263516057549,-0.10175533769907386
2019-03-15,UNH,251.4,1.0076665069477722,True,True,287.94,-0.12690143779954155,False,-0.017143993635640453,-0.007322882229568783,-0.00982111140607167,-0.11209228321400166,0.03145995520955536,-0.14355223842355702,-0.021996817820206793,0.026980910739042185,-0.04897772855924898,-0.0867541766109785,0.05868970175251498,-0.14544387836349348,-0.0039379474940334225,-0.11801926700081755,0.11408131950678413,-0.17235481304693723
2019-06-11,UNH,245.87,0.7512108262108261,True,True,287.94,-0.14610682781134954,False,-0.0006914222963355643,0.012114918656974671,-0.012806340953310236,0.006548175865294548,0.03361024575977867,-0.02706206989448412,-0.06621385284906656,0.030875735548632877,-0.09708958839769943,0.13828445926709243,0.08795430944963667,0.05033014981745576,0.2587139545288162,0.11872620283835245,0.13998775169046374,-0.10204579655915724
2020-02-25,UNH,263.39,0.6403437753004919,True,True,306.71,-0.14124091161031593,True,-0.007555336193477369,-0.03969294738525497,0.032137611191777604,-0.16549603249933553,-0.22229329921637608,0.05679726671704055,0.09339762329625279,-0.05027986566448095,0.14367748896073373,0.22897604312995945,0.07737086198624654,0.1516051811437129,0.24393484946277377,0.23790180713257647,0.006033042330197302,-0.2872926079198147
2020-06-11,UNH,283.73,0.5635952827069326,True,True,315.84,-0.10166540020263415,True,0.027314700595636676,0.03715777918232921,-0.009843078586692533,0.0264335812215839,0.05648514686803496,-0.03005156564645106,0.09963697881789013,0.1395828482086423,-0.039945869390752176,0.2025164769322947,0.21759089850637037,-0.01507442157407568,0.4136679237303069,0.4026479491700208,0.011019974560286139,-0.03531526451203626
2021-02-04,UNH,329.32,0.4202173538036915,True,True,367.95,-0.10498709063731482,True,0.011387100692335617,0.011704083482223737,-0.00031698278988812056,0.05399004008259456,-0.006628861441259515,0.060618901523854074,0.23253977893841848,0.08288666200574846,0.14965311693267003,0.24246933074213528,0.13630596338589807,0.10616336735623721,0.4223551560791936,0.17286827727284493,0.24948687880634868,-0.02723794485606701
2022-01-25,UNH,456.84,0.7043088975937324,True,True,509.23,-0.10288082006166177,True,0.025326153576744614,0.042534582364720075,-0.01720842878797546,0.0060852814989931225,-0.028816719221120057,0.03490200072011318,0.1764293844672098,0.008262941054618222,0.16816644341259157,0.16769547325102896,-0.0971298363523374,0.26482530960336637,0.07608790823920852,-0.07887771307570146,0.15496562131490998,-0.024297346992382396
2022-05-05,UNH,494.72,1.078218861583701,True,True,553.29,-0.10585768765023751,True,-0.03217981888745147,-0.05188371474831455,0.019703895860863074,-0.018414456662354528,-0.007902177327759108,-0.01051227933459542,0.08234961190168177,-0.013895265943307367,0.09624487784498914,0.09793418499353157,-0.07682269640656347,0.17475688140009504,-0.015038809831824151,-0.02097581015441874,0.005937000322594588,-0.09100097024579568
2023-01-05,UNH,489.96,0.6805350711713256,True,True,558.1,-0.12209281490772272,True,0.011654012572454908,0.046338763245294956,-0.03468475067284005,-0.03661523389664467,0.08690495018187572,-0.12352018407852039,0.00863335782512853,0.08321471875164743,-0.0745813609265189,-0.02759408931341334,0.15480520849807577,-0.18239929781148911,0.11319291370724138,0.23169381622647478,-0.1185009025192334,-0.0660666176830762
2023-04-03,UNH,494.19,1.0823782234957022,True,True,558.1,-0.11451352804156967,False,0.05418968412958591,-0.0029930648497382695,0.05718274897932418,-0.00161881057892721,-0.0002676724662368235,-0.0013511381126903865,-0.03591735971994581,0.06609076529991498,-0.10200812501986078,0.032558327768671846,0.05178245528653136,-0.019224127517859513,-0.07294765171290396,0.262538021657136,-0.33548567337004,-0.09816062647969404
2024-01-25,UNH,493.4,0.4196518486548697,True,True,554.7,-0.1105101856859565,True,0.02784758816376165,0.0023973936028522935,0.025450194560909356,0.06858532630725578,0.04061225744318997,0.02797306886406581,-0.004398054316984146,0.023953445484908853,-0.028351499801893,0.14377786785569535,0.13243038337807111,0.011347484477624237,0.07926631536278883,0.24576358010778043,-0.1664972647449916,-0.1155654641264694
2024-04-22,UNH,491.23,0.23882177893223733,True,True,554.7,-0.11442221020371379,False,-0.004478553834252885,0.020691587288881763,-0.02517014112313465,0.052928363495714725,0.060713999839910215,-0.00778563634419549,0.14883048673737354,0.1059393260225725,0.042891160714801035,0.21745414571585608,0.15980949331625705,0.05764465239959904,-0.13038698776540525,0.05509085087649068,-0.18547783864189593,-0.03656128493780919
2014-10-13,UNP,98.08,1.132173913043478,True,True,110.84,-0.11512089498376044,True,0.08238172920065256,0.015420735286270748,0.06696099391438182,0.2326672104404568,0.08841577290432734,0.14425143753612946,0.1937194127243067,0.09866069046475645,0.09505872225955025,0.09951060358890707,0.1060242249613148,-0.006513621372407741,-0.010603588907014627,0.07427565231311029,-0.08487924122012491,-0.019473898858075045
2015-01-15,UNP,110.8,0.9954975236380008,True,True,123.61,-0.10363239220127818,True,0.08384476534296037,0.029896492814792452,0.05394827252816792,0.10649819494584833,0.05406491809868341,0.05243327684716492,-0.02373646209386282,0.052607778112752523,-0.07634424020661534,-0.1313176895306859,0.02954476936991246,-0.16086245890059836,-0.33348375451263546,-0.05120088433323278,-0.2822828701794027,-0.05992779783393498
2015-04-14,UNP,108.17,1.0607734806629834,True,True,124.52,-0.13130420815933175,True,0.012295460848664064,0.0005250847295812378,0.011770376119082826,-0.02218729777202555,0.002339013795407796,-0.024526311567433345,-0.11019691226772677,-0.021910353716167896,-0.08828655855155887,-0.15041138947952293,-0.06916797937849062,-0.08124341010103231,-0.2725339742997135,-0.026111031552818798,-0.2464229427468947,-0.12258482019044104
2015-07-09,UNP,96.25,0.627906976744186,True,True,124.52,-0.2270318021201413,False,-0.0021818181818180626,0.036115178135675885,-0.03829699631749395,-0.025454545454545507,0.01683748169838939,-0.0422920271529349,-0.04519480519480512,-0.04831625183016108,0.0031214466353559622,-0.17953246753246754,0.012201073694485087,-0.19173354122695263,-0.09153246753246758,0.02323084431429967,-0.11476331184676725,-0.17599999999999993
2018-10-18,UNP,148.52,0.6019846834214218,True,True,165.63,-0.10330254181005849,True,-0.029423646646916324,-0.022865412445730815,-0.006558234201185509,0.019593320764880184,-0.012228654124457283,0.03182197488933747,0.023229194721249513,-0.05578871201157731,0.07901790673282683,0.14126043630487461,0.04978292329956613,0.09147751300530849,0.10207379477511447,0.08277858176555708,0.019295213009557388,-0.13762456234850518
2019-08-15,UNP,162.45,0.767682263329706,True,True,180.54,-0.10019940179461617,True,0.0222837796244999,0.02708589495872138,-0.0048021153342214795,0.05540166204986141,0.05775513788863518,-0.0023534758387737664,0.08402585410895669,0.0853328649218339,-0.0013070108128772073,0.14564481378885819,0.1733005445283684,-0.02765573073951022,0.1808556478916592,0.18545582294045326,-0.004600175048794064,-0.08224068944290541
2020-02-26,UNP,165.75,0.5534208059981256,True,True,188.96,-0.12283022861981374,True,-0.021598793363499347,0.004365971107544109,-0.025964764471043456,-0.19812971342383112,-0.20773675762439814,0.009607044200567016,-0.013031674208144772,-0.05335473515248801,0.040323060944343236,0.1696530920060333,0.08478330658105948,0.08486978542497381,0.2486274509803923,0.2439807383627608,0.004646712617631499,-0.3660331825037707
2020-10-22,UNP,187.14,0.6562527657314807,True,True,210.95,-0.11287034842379717,True,-0.05931388265469695,-0.04245378834044278,-0.01686009431425417,0.09303195468633119,0.038217114999564705,0.05481483968676648,0.16586512771187367,0.11398392385595302,0.051881203855920655,0.19007160414662838,0.21081802617451606,-0.02074642202788768,0.21839264721598806,0.312817387771684,-0.09442474055569594,-0.08357379501977125
2021-01-27,UNP,194.33,0.4545658682634732,True,True,221.28,-0.12179139551699203,True,0.051613235218442854,0.019871264122218957,0.0317419710962239,0.07379200329336677,0.021153281162362036,0.052638722131004734,0.15031132609478703,0.11305787772762477,0.03725344836716227,0.10883548602891979,0.15130471942522905,-0.04246923339630926,0.26125662532805016,0.17475494778451406,0.0865016775435361,0.005711933309319184
2022-06-16,UNP,208.19,0.2576416576054126,True,True,278.94,-0.2536387753638776,True,0.036457082472741265,0.06390290467748527,-0.027445822204744008,0.009750708487439308,0.04172916950770489,-0.03197846102026558,0.0869398145924396,0.07213964271103235,0.014800171881407254,0.019357317834670207,0.07230328651302353,-0.05294596867835333,-0.010903501609107136,0.20714577935360712,-0.21804928096271425,-0.027907200153705736
2022-09-13,UNP,226.29,0.3492934231709497,True,True,278.94,-0.18875026887502688,False,-0.05753678907596438,-0.022920376494530825,-0.03461641258143355,-0.14870299173626766,-0.08995166624268636,-0.05875132549358131,-0.06217685271112283,0.0001526329178325181,-0.06232948562895535,-0.0923151707985328,0.01315186975324334,-0.10546704055177614,-0.0548853241415882,0.13454591706944785,-0.18943124121103605,-0.1882098192584737
2013-08-15,V,43.4825,1.4083356410966492,True,True,49.0,-0.11260204081632652,True,0.028689702753981416,-0.0019233080899145882,0.030613010843896005,0.0866440522049099,0.0177304964539009,0.06891355575100899,0.14005634450641047,0.06557278519052767,0.0744835593158828,0.2591847294888747,0.06671474936891442,0.1924699801199603,0.21560397861208536,0.1710542132467845,0.044549765365300864,-0.009889035819007685
2014-04-04,V,51.925,1.7984370789544597,True,True,58.875,-0.11804670912951176,True,-0.05329802599903699,-0.026233905579399197,-0.027064120419637794,-0.002744342802118438,0.010836909871244638,-0.013581252673363076,0.03153586904188743,0.057027896995708094,-0.025492027953820662,0.014492055849783414,0.05332618025751068,-0.038834124407727266,0.2573904670197402,0.10751072961373387,0.14987973740600635,-0.06191622532498786
2014-07-31,V,52.7525,1.4276346065347445,True,True,58.875,-0.10399150743099794,False,-0.009336050424150533,-0.010668600134652206,0.0013325497105016737,0.01701341168665005,0.036511471334610635,-0.019498059647960586,0.01170560636936635,0.017297633228028353,-0.0055920268586620026,0.2207952229752146,0.06737790667564347,0.15341731629957112,0.44087957916686427,0.09156351960225795,0.3493160595646063,-0.07497275010662996
2015-08-24,V,68.36,1.1335830212234708,True,True,76.92,-0.1112844513780552,True,0.043007606787595076,0.04311345646437981,-0.00010584967678473056,0.02764774722059693,0.023271767810026267,0.004375979410570663,0.15315974253949682,0.08427440633245387,0.06888533620704296,0.040081919251024,0.0014775725593667577,0.03860434669165724,0.1771503803393797,0.15324538258575204,0.023904997753627644,-0.025746050321825753
2016-01-08,V,72.88,0.8293172690763049,True,True,81.01,-0.10035798049623512,True,-0.014407244785949458,-0.02141517298874529,0.007007928202795832,-0.07011525795828755,-0.03386827844935392,-0.03624697950893363,0.07313391877058173,0.07555231346394331,-0.0024183946933615807,0.017700329308452334,0.09149645685702379,-0.07379612754857146,0.11265093304061491,0.1796581909128805,-0.06700725787226558,-0.0927552140504938
2016-06-27,V,73.34,0.6061319463454695,True,True,81.73,-0.1026550838125535,True,0.0181347150259068,0.044138276553106204,-0.026003561527199404,0.07022088901008994,0.08592184368737477,-0.01570095467728483,0.13471502590673579,0.08126252505010023,0.053452500856635554,0.08399236433051538,0.13632264529058125,-0.05233028096006587,0.30324515953095155,0.2180861723446894,0.08515898718626214,0.006272157076629314
2016-12-01,V,75.43,0.47087212986886384,True,True,83.96,-0.10159599809433051,True,0.051040699986742544,0.02541330782893847,0.025627392157804074,0.03433647090017211,0.018035250717311158,0.016301220182860954,0.1797693225507091,0.09204353964567114,0.08772578290503796,0.2599761368155906,0.10106116500432671,0.1589149718112639,0.45644968845287015,0.19647492826888913,0.259974760183981,-0.0034469044146892003
2018-02-08,V,113.86,0.7156633767799292,True,True,126.88,-0.10261664564943251,True,0.07395046548392759,0.059775647246050445,0.01417481823787714,0.09353592130686805,0.08244381477312435,0.011092106533743706,0.13525382048129275,0.03605946512440328,0.09919435535688947,0.21421043386615146,0.09016807048868536,0.1240423633774661,0.23107324784823446,0.04855800954857736,0.1825152382996571,-0.024942912348498214
2018-10-10,V,135.52,0.831846444985131,True,True,151.56,-0.10583267352863546,True,0.051136363636363535,0.0077254761049225795,0.043410887531440956,0.06832939787485226,0.009737693136902648,0.05859170473794961,0.009445100354191327,-0.07736255839022643,0.08680765874441776,0.1632231404958675,0.031908012935680796,0.1313151275601867,0.29043683589138114,0.04660438375853393,0.2438324521328472,-0.10271546635183004
2019-01-28,V,135.99,0.8919031719532557,True,True,151.56,-0.10273159144893107,False,0.04051768512390619,0.03108886866848648,0.009428816455419708,0.08125597470402224,0.058993023961176894,0.022262950742845344,0.18751378777851313,0.10793903548680639,0.07957475229170674,0.3180380910361056,0.1266681831968457,0.1913699078392599,0.5074637841017722,0.24647406733393984,0.26098971676783234,-0.01978086624016473
2020-02-25,V,188.4,1.1457858769931666,True,True,214.17,-0.1203249754867628,True,-0.01417197452229313,-0.03969294738525497,0.025520972862961844,-0.17977707006369426,-0.22229329921637608,0.04251622915268183,0.02898089171974516,-0.05027986566448095,0.07926075738422611,0.04373673036093417,0.07737086198624654,-0.03363413162531237,0.1057324840764331,0.23790180713257647,-0.13216932305614337,-0.2891188959660297
2020-05-21,V,190.62,1.0612024221453287,True,True,214.17,-0.10995937806415457,False,0.024236701290525575,0.03201302224633751,-0.007776320955811933,0.008288741999790128,0.046663049376017396,-0.03837430737622727,0.04621760570769062,0.145923765599566,-0.09970615989187537,0.11903263036407519,0.20062398263700487,-0.08159135227292968,0.1782079529954883,0.39331253391209997,-0.21510458091661167,-0.02313503305004716
2020-09-23,V,195.37,0.8551894406988889,True,True,217.35,-0.10112721417069237,True,0.023545068331882968,0.03796801388544502,-0.01442294555356205,0.015662588933818,0.06226754277212998,-0.04660495383831198,0.080923376158059,0.1537317133647409,-0.0728083372066819,0.14152633464707987,0.23127944458219685,-0.08975310993511698,0.12693862926754362,0.34400570295065713,-0.2170670736831135,-0.08261247888621592
2021-01-27,V,194.97,0.5570196454240537,True,True,220.39,-0.11534098643314117,True,0.032774272965071516,0.019871264122218957,0.012903008842852559,0.09632251115556234,0.021153281162362036,0.0751692299932003,0.1796686669744063,0.11305787772762477,0.06661078924678154,0.24480689336821038,0.15130471942522905,0.09350217394298133,0.035287480125147486,0.17475494778451406,-0.13946746765936657,-0.01107862748115096
2021-09-07,V,226.27,0.5859676175790287,True,True,252.67,-0.10448410970831512,True,-0.014319176205418338,-0.01614760997652054,0.0018284337711022003,-0.008794802669377377,-0.04066805475568147,0.031873252086304094,-0.1595881027091528,-0.0021264342355911126,-0.1574616684735617,-0.04485791311265308,-0.03284897886855975,-0.012008934244093328,-0.12599991161002355,-0.1311744119080317,0.0051745002980081445,-0.15985327263888283
2022-01-31,V,226.17,0.6752092437597215,True,True,252.67,-0.10487988285114969,False,0.004377238360525393,-0.005890066902269453,0.010267305262794846,-0.07604898969801477,-0.04429774843857659,-0.03175124125943818,-0.053322721846398635,-0.07254784290191385,0.019225121055515215,-0.052615289384091546,-0.12077971149785516,0.06816442211376361,0.012954856965998962,-0.10962192438487706,0.12257678135087602,-0.1746473891320688
2025-03-13,V,328.55,0.7137864482812581,True,True,366.54,-0.10364489550935785,True,0.033328260538730836,0.025515940662290237,0.007812319876440599,-0.011992086440420047,-0.04867433172536351,0.03668224528494346,0.1159945213818292,0.08751949512168578,0.02847502626014342,0.06830010652868657,0.17717891987958367,-0.10887881335089711,-0.06711307259169075,0.20789960465706714,-0.2750126772487579,-0.08994064830315018
2025-08-05,V,337.43,0.5908255150629389,True,True,375.51,-0.10140875076562539,True,-0.0020448685653320364,0.023440610220233582,-0.02548547878556562,0.03983048335951156,0.025112664617736424,0.014717818741775135,0.011409773879026641,0.09462235457107826,-0.08321258069205162,-0.03606673976824826,0.10752105992324479,-0.14358779969149305,0.09530865661025989,0.22829116040575181,-0.13298250379549192,-0.025872032717897064
2013-04-05,VRTX,53.23,0.30947109471094714,True,True,66.1,-0.1947049924357035,False,0.047153860604922215,0.023459654550141984,0.02369420605478023,0.42757843321435285,0.040023201856148605,0.38755523135820424,0.5109900432087171,0.039958752255736085,0.471031290952981,0.40278038699981233,0.08945604537251861,0.3133243416272937,0.35825662220552323,0.21732405259087395,0.14093256961464928,-0.03663347736238953
2013-07-26,VRTX,80.71,1.376619552414605,True,True,89.96,-0.10282347710093376,True,-0.01573534877958116,0.010880491987463659,-0.02661584076704482,-0.03630281253871881,-0.014724144048252619,-0.02157866849046619,-0.07520753314335271,0.03128141446395838,-0.10648894760731109,0.003593111138644689,0.09053278930873376,-0.08693967817008907,0.1865939784413333,0.1746792028856956,0.011914775555637691,-0.14868046090942888
2013-10-21,VRTX,74.64,1.014031300593632,True,True,89.96,-0.17029791018230322,False,0.04273847802786701,0.010493119266054896,0.032245358761812115,-0.1734994640943195,0.02878440366972468,-0.20228386776404417,0.08520900321543401,0.0574541284403669,0.027754874775067107,-0.16345123258306538,0.048967889908256845,-0.21241912249132222,0.3712486602357985,0.0806766055045871,0.2905720547312114,-0.22213290460878887
2014-01-24,VRTX,79.77,0.9912631053419869,True,True,89.96,-0.11327256558470433,False,-0.009151310016296765,-0.003968919447705166,-0.005182390568591599,0.05240065187413823,0.03365196489462807,0.018748686979510154,-0.1437883916259245,0.05031024652020788,-0.19409863814613237,0.1845305252601228,0.0940242607188777,0.09050626454124511,0.5958380343487526,0.15210464531276213,0.44373338903599047,-0.25047010154193305
2014-04-22,VRTX,68.3,0.45350074483932734,True,True,89.96,-0.2407736771898621,False,-0.010688140556369019,-0.0007451168236733974,-0.009943023732695622,-0.0411420204978038,-0.0018095694289210762,-0.03933245106888272,0.38345534407027815,0.041620096865187195,0.34183524720509095,0.5333821376281114,0.014103997019532688,0.5192781406085787,0.8382137628111275,0.11687689605620322,0.7213368667549243,-0.08623718887262077
2014-08-21,VRTX,88.99,0.9648929123426804,True,True,99.74,-0.10778022859434533,True,0.04281379930329243,0.0032080200501252154,0.03960577925316722,0.16586133273401504,0.006015037593984918,0.15984629514003013,0.2511518148106531,0.023759398496240758,0.22739241631441232,0.23193617260366328,0.04721804511278194,0.18471812749088135,0.5898415552309249,0.04421052631578948,0.5456310289151354,-0.003595909652769902
2015-01-29,VRTX,114.14,2.1954087346024638,True,True,127.69,-0.10611637559714937,True,-0.022340984755563342,0.020446556760235657,-0.042787541515799,0.0463465919046786,0.042922916976087855,0.0034236749285907475,0.12037848256527073,0.043467498391009496,0.07691098417426123,0.14788855791133715,0.04643794247239952,0.10145061543893763,-0.1895917294550552,-0.06861725828011289,-0.12097447117494231,-0.09102856141580518
2015-04-30,VRTX,123.28,2.2857142857142856,True,True,137.5,-0.10341818181818185,True,0.014357560025957117,0.001966804183056725,0.012390755842900392,0.04063919532770921,0.012856183440468127,0.027783011887241083,-0.00040558079169372707,-0.008011129233426173,0.007605548441732446,-0.10569435431537966,-0.025664396047203275,-0.08002995826817638,-0.3145684620376379,0.004269404202244864,-0.31883786623988275,-0.0194678780012979
2015-07-27,VRTX,123.23,1.4759895519389188,True,True,137.5,-0.1037818181818182,False,0.11166112148015905,0.014507471347743994,0.09715365013241506,-0.03213503205388302,-0.08361139320083177,0.05147636114694876,-0.10533149395439423,-0.017795831519899274,-0.08753566243449495,-0.20546944737482764,-0.09178393539339424,-0.1136855119814334,-0.23809137385376944,0.05053435852797539,-0.2886257323817448,-0.209202304633612
2015-10-20,VRTX,110.25,1.0688684556201915,True,True,143.45,-0.23143952596723594,True,0.09759637188208625,0.017182807345773154,0.0804135645363131,0.1633560090702948,0.011619319580522758,0.15173668948977204,-0.11192743764172342,-0.07532863965338987,-0.03659879798833354,-0.22739229024943308,0.02407562404608332,-0.2514679142955164,-0.2698412698412699,0.04564029343705367,-0.31548156327832355,-0.14122448979591828
2016-01-15,VRTX,97.91,1.0796516567544603,True,True,143.45,-0.31746253049843143,False,-0.059135941170462614,-0.0009051701187371419,-0.05823077105172547,-0.1280768052292921,0.0104893243171289,-0.138566129546421,-0.13001736288428134,0.10750226292529685,-0.2375196258095782,-0.09141047901133692,0.13226132793780954,-0.22367180694914646,-0.15851292002859763,0.2061658058676321,-0.36467872589622974,-0.22479828413849445
2017-08-10,VRTX,148.54,0.7232018561484916,True,True,167.86,-0.11509591326105095,True,0.0,-0.002748605185428188,0.002748605185428188,0.06927426955702187,0.011568756153593762,0.05770551340342811,0.009627036488488061,0.060264194289465056,-0.050637157800976995,0.1646021273730982,0.1551526091237283,0.009449518249369904,0.18015349400834801,0.17106990482441753,0.009083589183930485,-0.06388851487814717
2017-11-03,VRTX,149.97,0.31437335670464517,True,True,167.86,-0.10657690932920294,False,-0.008201640328065585,-0.0013929193267556705,-0.006808721001309914,-0.07454824298192975,0.02201586380344356,-0.0965641067853733,0.15349736613989462,0.08949506674405105,0.06400229939584356,0.021270920850836816,0.023447475333720158,-0.0021765544828833416,0.16816696672667875,0.0582704585026117,0.10989650822406705,-0.08981796359271854
2018-02-05,VRTX,155.14,0.419785851560355,True,True,174.96,-0.11328303612254242,True,-0.02017532551244039,0.00534232561664072,-0.02551765112908111,0.08753384040221746,0.03391050657371264,0.053623333828504816,-0.03654763439474018,-0.0027658848937218705,-0.03378174950101831,0.10932061363929368,0.0662675709468421,0.04305304269245158,0.21167977310816033,0.03042473383094002,0.1812550392772203,-0.05756091272399111
2018-10-23,VRTX,174.17,0.5907388802630378,True,True,194.92,-0.10645392981736101,True,-0.015387265315496279,-0.02134424911370214,0.0059569837982058615,-0.08273525865533671,-0.034684404809765756,-0.04805085384557095,0.11316529827180344,-0.039289499652790494,0.15245479792459393,-0.04133892174312448,0.05789262088373959,-0.09923154262686407,0.09697422058907978,0.09283286429589555,0.00414135629318424,-0.12843773324912433
2019-04-17,VRTX,166.97,1.042446483180428,True,True,195.81,-0.14728563403299122,False,0.04575672276456855,0.00898255311798235,0.0367741696465862,0.01952446547283948,-0.006045949214026569,0.02557041468686605,0.056297538479966436,0.03903955778200041,0.017257980697966024,0.015451877582799423,-0.003178441872516924,0.018630319455316346,0.5285979517278552,-0.04038694074969773,0.5689848924775529,-0.01970413846798824
2019-07-16,VRTX,176.16,1.0068352699931649,True,True,195.81,-0.10035238241152145,False,-0.0052225249772932525,0.0008339448929215454,-0.006056469870214798,0.043994096276112726,-0.02411768630328892,0.06811178257940165,-0.04217756584922805,-0.028387484155046994,-0.013790081694181056,0.2717415985467757,0.07959170058042564,0.19214989796635007,0.6168256130790191,0.05023684034958964,0.5665887727294294,-0.062045867393278886
2020-02-27,VRTX,223.3,1.5943999070523995,True,True,249.85,-0.10626375825495293,True,0.06274070756829375,0.01663809619844714,0.04610261136984661,0.005329153605015735,-0.12204631777083119,0.12737547137584693,0.276130765785938,-0.006957749319350559,0.28308851510528854,0.21500223914017003,0.1382474538670968,0.07675478527307322,-0.02803403493058676,0.31682968639709586,-0.3448637213276826,-0.11567398119122263
2020-06-05,VRTX,265.69,1.0411000998694018,True,True,295.55,-0.10103197428523092,True,0.01080206255410432,-0.04737896912381789,0.05818103167792221,0.0964281681659076,-0.007171040270557927,0.10359920843646553,0.05054763069742929,0.09384981524394065,-0.04330218454651136,-0.18514057736459788,0.1374084048349724,-0.3225489821995703,-0.20527682637660427,0.31136093192208936,-0.5166377582986936,-0.01659829124167267
2020-09-03,VRTX,267.42,0.6482988165680474,True,True,306.08,-0.12630684788290636,True,-0.0353750654401318,-0.032803497495584644,-0.0025715679445471595,-0.024755066935906123,-0.03344045861200384,0.00868539167609772,-0.14834342981078463,0.04826428095775803,-0.19660771076854267,-0.20518285842494954,0.10124786473262115,-0.3064307231575707,-0.2628075686186524,0.3080865109007209,-0.5708940795193733,-0.24250243063346055
2020-11-30,VRTX,227.75,0.5459543850122184,True,True,306.08,-0.25591348667015157,False,-0.0030296377607025304,0.019416671269955277,-0.022446309030657807,0.0252030735455544,0.025962547644036826,-0.0007594740984824266,-0.06673984632272223,0.05054410871126325,-0.11728395503398548,-0.07257958287596045,0.15773628680329232,-0.23031586967925277,-0.19389681668496161,0.2676628183174061,-0.46155963500236774,-0.10155872667398458
2022-05-02,VRTX,261.96,0.5451220950808069,True,True,292.75,-0.1051750640478224,True,-0.10284012826385702,-0.03935051148426949,-0.06348961677958753,0.025538250114521377,-0.0037396255549122515,0.02927787566943363,0.07199572453809755,-0.02029048446245907,0.09228620900055662,0.14521300961978945,-0.09696487164640033,0.24217788126618978,0.3169949610627578,0.0024850414977803936,0.3145099195649774,-0.11051305542830958
2022-12-19,VRTX,291.59,0.3293366765443355,True,True,324.75,-0.10210931485758279,True,-0.014643849240371654,0.003631387821693588,-0.01827523706206524,0.05607188175177491,0.022683016683332502,0.03338886506844241,0.014335196680270279,0.026235461291510997,-0.011900264611240718,0.17322267567474903,0.14904478711646774,0.02417788855828129,0.3877362049452999,0.2419609494237147,0.1457752555215852,-0.03216845570835758
2023-11-16,VRTX,343.0,0.5209294075913444,True,True,387.42,-0.11465592896598009,True,0.02927113702623907,0.01126091108988736,0.01801022593635171,0.19731778425655988,0.042422761699575595,0.15489502255698429,0.21830903790087453,0.10736734557892635,0.11094169232194817,0.23259475218658876,0.15683095306843176,0.075763799118157,0.4109620991253644,0.3178819714368213,0.09308012768854312,-0.0010495626822157877
2024-04-10,VRTX,397.58,0.8907171390526916,True,True,448.4,-0.11333630686886709,True,-0.01126817244328171,-0.026394616042947128,0.015126443599665418,0.05342321042305964,0.005971368552089018,0.047451841870970624,0.21205795060113686,0.080059130164164,0.13199882043697286,0.18154836762412607,0.10600637983350181,0.07554198779062427,0.21308918959706236,0.06710495604139122,0.14598423355567114,-0.016524976105437905
2024-10-03,VRTX,453.55,1.500413473730636,True,True,510.64,-0.11180087733040889,True,0.04982912578547016,0.014634919516748113,0.03519420626872205,0.04945430492779179,0.0014441196153709424,0.04801018531242085,-0.11950170874214527,0.035926878236060666,-0.15542858697820594,0.08629699040899563,-0.02141523722306382,0.10771222763205945,-0.11079263587256094,0.17856010707618597,-0.2893527429487469,-0.16690552309557927
2024-12-30,VRTX,399.35,0.7961230547809661,True,True,519.88,-0.23184196353004538,True,0.02246149993739821,0.000697018122471027,0.021764481814927183,0.09778389883560767,0.02859474346333002,0.06918915537227766,0.2337298109427819,-0.05535343918941904,0.28908325013220093,0.11636409164892947,0.03213083540172046,0.08423325624720901,0.1361963190184048,0.1679473666315323,-0.031751047613127525,-0.005258545135845782
2025-05-06,VRTX,450.03,0.6471341775858279,True,True,519.88,-0.13435792875278918,True,-0.04006399573361774,0.05017895490336444,-0.09024295063698218,-0.009288269670910676,0.06644595561918387,-0.07573422529009455,0.026887096415794565,0.1125984251968506,-0.08571132878105603,-0.0663511321467457,0.2262705798138871,-0.2926217119606328,-0.057040641734995345,0.2952219040801718,-0.35226254581516714,-0.07428393662644706
2025-08-01,VRTX,462.13,0.6102651660336595,True,True,519.88,-0.11108332692159728,False,-0.20684655832774324,0.02486649938879215,-0.2317130577165354,-0.15387445091208107,0.03752493083703268,-0.19139938174911375,-0.09079696189383935,0.10216817860129956,-0.1929651404951389,0.013589249778201085,0.10858585858585856,-0.09499660880765748,0.03239348235345041,0.20155375410152465,-0.16916027174807424,-0.21558868716594892
2013-01-08,VZ,43.1,0.43967077969362744,True,True,48.77,-0.11625999589911828,False,-0.026218097447795907,0.010443146684987914,-0.03666124413278382,0.03828306264501147,0.03854345585709362,-0.00026039321208215505,0.1498839907192575,0.06602542081758833,0.08385856990166918,0.1684454756380509,0.10862246650635532,0.05982300913169558,0.1296983758700696,0.25290278254895227,-0.12320440667888266,-0.037122969837587005
2013-05-31,VZ,48.48,0.8782907863792921,True,True,54.31,-0.10734671331246559,True,0.03630363036303641,0.008259406546344605,0.028044223816691805,0.03836633663366351,-0.018537779137350885,0.056904115771014396,-0.03176567656765672,0.015601101254206329,-0.04736677782186305,0.04744224422442245,0.09531966962373817,-0.04787742539931572,0.025577557755775526,0.1769348424594679,-0.15135728470369236,-0.03589108910891081
2013-08-26,VZ,46.94,0.5928062436375976,True,True,54.31,-0.1357024489044376,False,-0.01981252662974009,-0.009698795180722919,-0.010113731449017171,0.007030251384746666,0.021265060240963862,-0.014234808856217196,0.08180656156795907,0.07849397590361451,0.0033125856643445584,-0.020451640391989767,0.10987951807228913,-0.1303311584642789,0.036216446527481905,0.19993975903614447,-0.16372331250866257,-0.03962505325948018
2013-12-11,VZ,48.49,0.44487485101311086,True,True,54.31,-0.1071625851592709,False,-0.00041245617653129507,0.016674127126230953,-0.017086583302762248,-0.01526087853165603,0.03032676812891677,-0.0455876466605728,-0.036914827799546246,0.047616383169203136,-0.08453121096874938,0.016292018972984046,0.08801477170993732,-0.07172275273695328,-0.032377809857702666,0.1552708146821844,-0.18764862453988707,-0.06269333883274897
2018-12-21,VZ,54.92,0.19651416122004361,True,True,61.58,-0.10815199740175374,True,0.02367079388201021,0.03830494391358541,-0.0146341500315752,0.051711580480699126,0.09434981304528467,-0.04263823256458554,0.06136198106336477,0.18292480265891164,-0.12156282159554688,0.049344501092498216,0.2022019110926465,-0.1528574100001483,0.10706482155863073,0.3331948483589531,-0.22613002680032235,-0.04806991988346687
2020-03-16,VZ,50.99,0.03302269043760142,True,True,62.22,-0.1804885888781742,True,-0.013335948225142169,-0.07046070460704612,0.05712475638190395,0.14022357324965684,0.18319783197831985,-0.042974258728663006,0.13845852127868197,0.3299979153637691,-0.19153939408508713,0.18866444400862914,0.4400250156347718,-0.25136057162614267,0.09099823494802894,0.6429435063581406,-0.5519452714101116,-0.04216513041772896
2013-10-08,WFC,40.24,0.5300380228136883,True,True,44.79,-0.10158517526233524,True,0.03230616302186862,0.02550157118685048,0.006804591835018137,0.059393638170974095,0.06520425429054888,-0.005810616119574785,0.12673956262425445,0.10520908871162682,0.021530473912627635,0.23682902584493037,0.13759970993473547,0.0992293159101949,0.29299204771371756,0.1861856417693981,0.10680640594431945,-0.004224652087475245
2014-10-15,WFC,47.85,0.7755102040816328,True,True,53.8,-0.1105947955390334,True,0.048484848484848575,0.03357828675642338,0.014906561728425194,0.11891327063740853,0.094029930805128,0.024883339832280527,0.08777429467084641,0.0870031647267071,0.0007711299441393038,0.13249738766980146,0.12052781204741736,0.011969575622384099,0.08380355276906992,0.07412970015555431,0.00967385261351561,-0.01671891327063746
2015-08-24,WFC,51.25,0.5042559436454359,True,True,58.77,-0.12795644036072829,True,0.04058536585365857,0.04311345646437981,-0.002528090610721234,-0.010926829268292693,0.023271767810026267,-0.03419859707831896,0.07239024390243909,0.08427440633245387,-0.011884162430014777,-0.05873170731707311,0.0014775725593667577,-0.06020927987643987,-0.050731707317073216,0.15324538258575204,-0.20397708990282526,-0.03395121951219515
2016-01-05,WFC,52.89,0.5215765247410817,True,True,58.77,-0.10005104645227159,False,-0.028927963698241688,-0.038239968216130404,0.009312004517888717,-0.10001890716581585,-0.049960270162892395,-0.050058637002923456,-0.08394781622234826,0.027612236789829048,-0.11156005301217731,-0.14898846662885235,-0.00874056416368707,-0.14024790246516528,0.041973908111174074,0.11010131108462451,-0.06812740297345043,-0.15863112119493283
2024-09-06,WFC,54.0,0.21157729414404303,True,True,62.55,-0.13669064748201432,False,-0.02259259259259261,0.04006588200458938,-0.06265847459718199,0.05481481481481487,0.06036716263231923,-0.005552347817504355,0.394074074074074,0.11708860759493667,0.27698546647913735,0.42648148148148146,0.08033533200088816,0.3461461494805933,0.4655555555555555,0.20073654600636615,0.26481900954918935,-0.07000000000000006
2024-12-18,WFC,68.76,0.40498569677155727,True,True,78.13,-0.11992832458722635,True,0.04363001745200701,0.025687384867298935,0.017942632584708074,0.13219895287958106,0.02860407996179304,0.10359487291778802,0.05817335660267586,-0.03266357371904205,0.09083693032171791,0.05235602094240832,0.018284778604080065,0.034071242338328256,0.3304246655031995,0.1538343453639901,0.1765903201392094,-0.047120418848167644
2025-03-19,WFC,72.76,0.45928600080224635,True,True,81.5,-0.10723926380368087,True,0.009758108851017022,0.002574365665720446,0.007183743185296576,-0.12067069818581644,-0.07312256449138654,-0.047548133694429895,-0.005497526113249163,0.052668700297991755,-0.05816622641124092,0.10362836723474422,0.15001851427362345,-0.046390147038879226,0.047141286421110484,0.16627580977906287,-0.11913452335795238,-0.197086311159978
2025-06-13,WFC,72.36,0.6213309433116736,True,True,81.5,-0.11214723926380366,False,0.06426202321724728,0.0052763819095476006,0.05898564130769968,0.0898286346047541,0.04211055276381903,0.04771808184093507,0.10972913211719182,0.09247906197654943,0.017250070140642393,0.2466832504145937,0.14638190954773878,0.10030134086685494,0.15713101160862353,0.24246231155778886,-0.08533129994916533,-0.0008291873963516272
2025-10-10,WFC,77.62,0.7921957977372431,True,True,86.66,-0.10431571659358407,True,0.07291935068281363,0.017411411595356974,0.05550793908745666,0.10847719659881472,0.027487672659336715,0.080989523939478,0.21476423602164396,0.05598603411840375,0.1587782019032402,0.05449626384952322,0.009050258797586475,0.045446005051936744,,,,0.00850296315382626
2026-01-20,WFC,86.66,1.0233481204763017,True,True,97.76,-0.11354337152209504,True,0.023655665820447647,0.026432303196670448,-0.0027766373762228014,0.021924763443341933,0.012854570678000998,0.009070192765340934,-0.062427879067620595,0.03553823902712594,-0.09796611809474653,-0.015808908377567432,0.10958115646860889,-0.12539006484617632,,,,-0.14574198015231932
2026-04-16,WFC,81.25,1.063754127508255,True,True,97.76,-0.1688829787234043,False,-0.009107692307692261,0.009677051563435457,-0.018784743871127718,-0.09181538461538452,0.06628566542199921,-0.15810105003738373,0.04972307692307698,0.07150186700111183,-0.02177879007803485,,,,,,,-0.10424615384615388
2026-07-14,WFC,85.29,0.9941547813888238,True,True,97.76,-0.12755728314238945,False,0.028725524680501602,-0.004721812111780688,0.03344733679228229,0.0253253605346464,0.02491254671933807,0.0004128138153083327,,,,,,,,,,-0.021221714151717697
2013-01-08,WMT,22.8633,0.28037655333852274,True,True,25.8667,-0.11611067511510953,True,0.005685968342277858,0.010443146684987914,-0.004757178342710056,0.03965744227648682,0.03854345585709362,0.001113986419393198,0.11371936684555606,0.06602542081758833,0.047693946027967726,0.08747643603504307,0.10862246650635532,-0.02114603047131225,0.14025534371678638,0.25290278254895227,-0.11264743883216588,-0.012684083225081189
2018-08-16,WMT,32.88,0.3717146433041303,True,True,36.66,-0.10310965630114555,False,-0.03507603406326043,0.006090262620573217,-0.04116629668383365,-0.04105839416058399,0.024009012180525202,-0.06506740634110919,0.07015510948905113,-0.022178413011335718,0.09233352250038684,-0.031021897810219023,-0.047842005210166794,0.01682010739994777,0.14243613138686118,0.0020770259804265834,0.1403591054064346,-0.058293795620438016
2018-11-16,WMT,32.5633,0.6303415059103905,True,True,36.66,-0.11174849972722312,False,-0.025998593508643086,-0.022759653673327773,-0.003238939835315313,-0.06766206127757324,-0.06813283162240169,0.0004707703448284528,0.02354491098875111,0.0132977751799217,0.01024713580882941,0.026615852815900176,0.03532678186534155,-0.008710929049441374,0.21680849299671734,0.1390421217988529,0.07776637119786445,-0.121916390537814
2020-02-27,WMT,36.8,0.5250725238292582,True,True,41.7933,-0.11947608827252232,False,0.050000000000000044,0.01663809619844714,0.033361903801552906,-0.005252717391304396,-0.12204631777083119,0.1167936003795268,0.12617663043478267,-0.006957749319350559,0.13313437975413323,0.22019836956521743,0.1382474538670968,0.08195091569812063,0.2066114130434784,0.31682968639709586,-0.11021827335361745,-0.07608695652173902
2020-06-12,WMT,39.2467,0.4858688615205218,True,True,44.46,-0.1172582096266308,True,0.01791997798541045,0.014562308931330259,0.0033576690540801923,0.10004917610907427,0.03494296702935462,0.06510620907971965,0.17589504340492335,0.09532888465204947,0.08056615875287387,0.2784081209375566,0.205713158673285,0.07269496226427163,0.18804128754774285,0.3924920285329214,-0.20445074098517857,-0.006201795310178837
2020-09-18,WMT,45.0967,0.6911241360948299,True,True,50.4433,-0.10599227251190946,True,0.014635217211015572,-0.005806744291546817,0.02044196150256239,0.06962815460998262,0.050325117193407154,0.019303037416575464,0.07657544787090842,0.1028580069559959,-0.026282559085087476,-0.008648082897418252,0.19177377892030867,-0.20042186181772692,0.07199196393527685,0.35239679419325576,-0.2804048302579789,-0.001627613550437168
2021-02-22,WMT,45.8967,0.4630761874402296,True,True,51.22,-0.10393010542756731,True,-0.04590090355080001,0.006588636539803128,-0.05248954009060314,-0.038638943540603155,0.014365811435806064,-0.05300475497640922,0.03064708355938439,0.06436193576725335,-0.03371485220786896,0.08257674299023665,0.15006588636539808,-0.06748914337516143,-0.030213501188538716,0.15391571712787133,-0.18412921831641005,-0.08286870297864557
2021-06-16,WMT,45.7167,0.6368313641245973,True,True,51.22,-0.10744435767278404,False,-0.008677354227229928,0.0011608348534741797,-0.009838189080704107,0.032882950869157046,0.029944801118191977,0.002938149750965069,0.06372507201963384,0.05526995332970075,0.008455118689933094,0.013487412696016943,0.08689678046006977,-0.07340936776405282,-0.12934879376682928,-0.11160597948402073,-0.01774281428280855,-0.020051753516767468
2025-02-24,WMT,93.67,1.1044709054145136,True,True,105.3,-0.1104463437796771,True,0.041849044517988654,-0.022504646606721357,0.06435369112471001,-0.06597629977580877,-0.03873009494147783,-0.027246204834330934,0.04409095761716664,-0.007300614524204274,0.05139157214137091,0.06757766627522144,0.07740995629678005,-0.00983229002155861,0.3431194619408562,0.1426298956815859,0.20048956625927028,-0.14796626454574568
2025-06-13,WMT,94.44,1.3165966340174702,True,True,105.3,-0.10313390313390314,False,0.03631935620499793,0.0052763819095476006,0.031042974295450332,0.010059296908089932,0.04211055276381903,-0.0320512558557291,0.06321473951715384,0.09247906197654943,-0.029264322459395586,0.2160101651842441,0.14638190954773878,0.06962825563650532,0.2816603134265143,0.24246231155778886,0.03919800186872546,-0.008682761541719541
2026-03-19,WMT,121.09,1.6304870604540627,True,True,134.69,-0.10097260375677475,True,0.009001569080848926,-0.022294634737799246,0.03129620381864817,0.052935832851597864,0.07629584722643235,-0.02336001437483448,-0.0022297464695681946,0.14402849348287372,-0.14625823995244192,,,,,,,-0.06903955735403422
2026-06-15,WMT,120.82,1.381942815234813,True,True,135.16,-0.10609647824800239,True,-0.011587485515643037,-0.028152034232873602,0.016564548717230565,-0.06861446780334379,-2.6496032219269772e-05,-0.06858797177112452,,,,,,,,,,-0.15452739612646904
2022-09-01,XOM,93.87,0.36916569428238044,True,True,105.57,-0.11082693947144062,True,0.02801747097049101,0.025679834518944622,0.0023376364515463877,-0.06988388196441886,-0.09898592401997885,0.029102042055559996,0.16980931074890804,-0.0012865143030119652,0.17109582505192,0.17982315968893148,-0.00010090308258925429,0.17992406277152073,0.18451049323532542,0.13604258110085254,0.04846791213447288,-0.10631724725684466
2023-03-13,XOM,106.54,1.5378751786565035,True,True,119.63,-0.10942071386775887,True,-0.038389337338089025,0.02174589993772047,-0.060135237275809494,0.08269194668669022,0.06321361843471052,0.019478328251979704,0.01867843063638075,0.10688706663898695,-0.0882086360026062,0.06551529941805878,0.17082727838903877,-0.10531197897097999,0.023277642200112636,0.3267593938135769,-0.30348175161346425,-0.07996996433264514
2023-06-09,XOM,107.39,1.006539611360239,True,True,119.92,-0.10448632421614412,True,-0.02104479001769255,0.022237729704582376,-0.043282519722274926,-0.013222832665983786,0.029216096766689903,-0.04243892943267369,0.06630040040972163,0.03796231681786466,0.028338083591856966,-0.04330012105410197,0.061642242381949375,-0.10494236343605134,0.04991153738709375,0.24217259827866955,-0.1922610608915758,-0.06676599310922804
2023-10-06,XOM,107.17,2.176348547717842,True,True,120.7,-0.11209610604805298,True,0.025193617616870334,0.004563020906085624,0.02063059671078471,0.005691891387515247,0.011989570237928904,-0.006297678850413657,-0.03685732947653264,0.0913768217162545,-0.12823415119278714,0.09163012036950624,0.21562601853145202,-0.12399589816194578,0.1647849211533079,0.3339386320249569,-0.169153710871649,-0.09041709433610146
2024-06-12,XOM,110.93,0.7678087649402392,True,True,123.75,-0.10359595959595957,True,0.007301902100423474,0.010418205999704444,-0.00311630389928097,0.021094383845668307,0.034413329392640746,-0.013318945546972438,0.03677995132065259,0.009328358208955168,0.027451593111697425,0.060759037230685875,0.11554233781587109,-0.05478330058518521,-0.010817632741368488,0.11524678587261716,-0.12606441861398565,-0.024790408365635952
2024-09-10,XOM,110.82,1.0315307057745189,True,True,123.75,-0.10448484848484851,False,0.030319436924743037,0.026020882304706783,0.0042985546200362545,0.10124526258798072,0.04442500774431024,0.05682025484367048,0.03122180111893158,0.10727236283459973,-0.07605056171566815,-0.048547193647356046,0.06244647315002094,-0.11099366679737699,0.015159718462371519,0.1884509557389895,-0.173291237276618,-0.027522107922757555
2024-12-06,XOM,113.57,0.8651666940384297,True,True,126.34,-0.10107646034510065,True,-0.024038038214317048,-0.005922903538934765,-0.018115134675382283,-0.04244078541868446,-0.0315559138546585,-0.010884871564025955,-0.04006339702386186,-0.05246705384906469,0.012403656825202836,-0.08602623932376507,-0.019282341521198898,-0.06674389780256618,0.021220392709342395,0.12474292953390043,-0.10352253682455803,-0.08717090781016101
2025-03-07,XOM,109.02,0.3537811995529616,True,True,126.34,-0.13709039100839016,False,0.02641717116125486,-0.022763578274760388,0.04918074943601525,-0.04292790313703898,-0.12265592443394913,0.07972802129691015,-0.047881122729774295,0.03502222530907084,-0.08290334803884514,0.0397174830306366,0.1267537157938603,-0.0870362327632237,0.38699321225463224,0.16748854007501057,0.21950467217962166,-0.10291689598238851
