AADX	Applied Aerospace & Defense Inc. Common Stock	Industrials	Military/Government/Technical	2229048188
AARD	Aardvark Therapeutics Inc. Common Stock	Health Care	Biotechnology: Pharmaceutical Preparations	117740471
ABAT	American Battery Technology Company Common Stock	Industrials	Mining & Quarrying of Nonmetallic Minerals (No Fuels)	379232057
ABEO	Abeona Therapeutics Inc. Common Stock	Health Care	Biotechnology: Pharmaceutical Preparations	343104102
ABOS	Acumen Pharmaceuticals Inc. Common Stock	Health Care	Biotechnology: Biological Products (No Diagnostic Substances)	229968966
ABSI	Absci Corporation Common Stock	Health Care	Biotechnology: Commercial Physical & Biological Resarch	1513635568
ABTC	American Bitcoin Corp. Class A Common Stock	Finance	Finance: Consumer Services	581829507
ABX	Abacus Global Management Inc. Class A Common Stock	Finance	Investment Managers	939783513
ACCO	Acco Brands Corporation Common Stock	Consumer Discretionary	Publishing	407999451
ACDC	ProFrac Holding Corp. Class A Common Stock	Energy	Oilfield Services/Equipment	937932224
ACEL	Accel Entertainment Inc. 	Consumer Discretionary	Services-Misc. Amusement & Recreation	964578483
ACHV	Achieve Life Sciences Inc. Common Shares	Health Care	Biotechnology: In Vitro & In Vivo Diagnostic Substances	873642140
ACIC	American Coastal Insurance Corporation Common Stock	Finance	Property-Casualty Insurers	450973239
ACNB	ACNB Corporation Common Stock	Finance	Major Banks	670706884
ACR	ACRES Commercial Realty Corp. Common Stock	Real Estate	Real Estate Investment Trusts	192101543
ACRE	Ares Commercial Real Estate Corporation Common Stock	Real Estate	Real Estate Investment Trusts	253548686
ACRS	Aclaris Therapeutics Inc. Common Stock	Health Care	Biotechnology: Pharmaceutical Preparations	908217170
ACTG	Acacia Research Corporation (Acacia Tech) Common Stock	Miscellaneous	Multi-Sector Companies	443044095
ACVA	ACV Auctions Inc. Class A Common Stock	Consumer Discretionary	Business Services	1185259700
ADTN	ADTRAN Holdings Inc. Common Stock	Utilities	Telecommunications Equipment	578517990
ADV	Advantage Solutions Inc. Class A Common Stock	Consumer Discretionary	Business Services	403259134
AEHR	Aehr Test Systems Common Stock	Industrials	Electrical Products	2813840017
AEVA	Aeva Technologies Inc. Common Stock	Consumer Discretionary	Auto Parts:O.E.M.	1093683343
AEYE	AudioEye Inc. Common Stock	Technology	Computer Software: Prepackaged Software	95655219
AGEN	Agenus Inc. Common Stock	Health Care	Biotechnology: Biological Products (No Diagnostic Substances)	370968154
AGIO	Agios Pharmaceuticals Inc. Common Stock	Health Care	Biotechnology: Pharmaceutical Preparations	1976132294
AGL	agilon health inc. Common Stock	Health Care	Misc Health and Biotechnology Services	1486022085
AGM	Federal Agricultural Mortgage Corporation Common Stock	Finance	Finance Companies	2472144174
AGPU	Axe Compute Inc. Common Stock	Health Care	Industrial Specialties	123677293
AI	C3.ai Inc. Class A Common Stock	Technology	Computer Software: Prepackaged Software	1674511955
AIAI	AIAI Holdings Corporation Class A Common Stock	Technology	EDP Services	295370341
AII	American Integrity Insurance Group Inc. Common Stock	Finance	Property-Casualty Insurers	509429102
AIOT	PowerFleet Inc. Common Stock	Telecommunications	Telecommunications Equipment	405362272
AIP	Arteris Inc. Common Stock	Technology	Semiconductors	1050380420
AIRJ	AirJoule Technologies Corporation Class A Common Stock	Industrials	Industrial Machinery/Components	335197591
AIRO	AIRO Group Holdings Inc. Common Stock	Industrials	Aerospace	233513786
AIRS	AirSculpt Technologies Inc. Common Stock	Health Care	Medical/Nursing Services	201506109
AIRT	Air T Inc. Common Stock	Consumer Discretionary	Air Freight/Delivery Services	85145499
AIV	Apartment Investment and Management Company Common Stock	Real Estate	Real Estate Investment Trusts	371806459
AKTS	Aktis Oncology Inc. Common stock	Health Care	Biotechnology: Pharmaceutical Preparations	1504507448
ALCO	Alico Inc. Common Stock	Consumer Staples	Farming/Seeds/Milling	299932421
ALEC	Alector Inc. Common Stock	Health Care	Biotechnology: Biological Products (No Diagnostic Substances)	274676021
ALIT	Alight Inc. Class A Common Stock	Consumer Discretionary	Business Services	401931268
ALKT	Alkami Technology Inc. Common Stock	Technology	Computer Software: Prepackaged Software	2105687586
ALMR	Alamar Biosciences Inc. Common Stock	Industrials	Biotechnology: Laboratory Analytical Instruments	2137297193
ALMS	Alumis Inc. Common Stock	Health Care	Biotechnology: Pharmaceutical Preparations	1436731153
ALMU	Aeluma Inc. Common Stock	Technology	Semiconductors	236871035
ALNT	Allient Inc. Common Stock	Industrials	Electrical Products	1608777591
ALOY	REalloys Inc. Common Stock	Basic Materials	Metal Mining	696775184
ALT	Altimmune Inc. Common Stock	Health Care	Biotechnology: Pharmaceutical Preparations	665250537
ALTG	Alta Equipment Group Inc. Class A Common Stock	Industrials	Industrial Machinery/Components	199267919
ALTI	AlTi Global Inc. Class A Common Stock	Finance	Investment Managers	467830296
ALTO	Alto Ingredients Inc. Common Stock	Industrials	Major Chemicals	313372959
ALX	Alexander's Inc. Common Stock	Real Estate	Real Estate Investment Trusts	1340255042
ALXO	ALX Oncology Holdings Inc. Common Stock	Health Care	Biotechnology: Pharmaceutical Preparations	277936764
AMBA	Ambarella Inc. Ordinary Shares	Technology	Semiconductors	2758870155
AMBP	Ardagh Metal Packaging S.A. Ordinary Shares	Industrials	Containers/Packaging	2994474926
AMBQ	Ambiq Micro Inc. Common Stock	Technology	Semiconductors	1389401593
AMCX	AMC Global Media Inc. Class A Common Stock	Telecommunications	Cable & Other Pay Television Services	514799638
AMPG	Amplitech Group Inc. Common Stock	Telecommunications	Telecommunications Equipment	101247899
AMPL	Amplitude Inc. Class A Common Stock	Technology	Computer Software: Prepackaged Software	1626407179
AMPX	Amprius Technologies Inc. Common Stock	Miscellaneous	Industrial Machinery/Components	1444737312
AMPY	Amplify Energy Corp. Common Stock	Energy	Oil & Gas Production	203136605
AMRC	Ameresco Inc. Class A Common Stock	Consumer Discretionary	Engineering & Construction	1228482785
AMSC	American Superconductor Corporation Common Stock	Consumer Discretionary	Metal Fabrications	1431465326
AMWL	American Well Corporation Class A Common Stock	Consumer Discretionary	Business Services	220943766
ANAB	AnaptysBio Inc. Common Stock	Health Care	Biotechnology: Pharmaceutical Preparations	1681761721
ANGI	Angi Inc. Class A Common Stock	Consumer Discretionary	Advertising	198725630
ANGO	AngioDynamics Inc. Common Stock	Health Care	Medical/Dental Instruments	628252313
ANGX	Angel Studios Inc. Class A Common Stock	Consumer Discretionary	Movies/Entertainment	855343941
ANIK	Anika Therapeutics Inc. Common Stock	Health Care	Medical/Dental Instruments	278499522
ANIX	Anixa Biosciences Inc. Common Stock	Health Care	Biotechnology: Pharmaceutical Preparations	104450803
ANNA	AleAnna Inc. Class A Common Stock	Energy	Oil & Gas Production	200803200
ANNX	Annexon Inc. Common Stock	Health Care	Biotechnology: Pharmaceutical Preparations	923250383
ANRO	Alto Neuroscience Inc. Common Stock	Health Care	Biotechnology: Pharmaceutical Preparations	1395056797
AOMR	Angel Oak Mortgage REIT Inc. Common Stock	Finance	Real Estate	192915628
AOUT	American Outdoor Brands Inc. Common Stock 	Consumer Discretionary	Recreational Games/Products/Toys	181103098
AP	Ampco-Pittsburgh Corporation Common Stock	Industrials	Fluid Controls	179316830
APC	ARKO Petroleum Corp. Class A Common Stock	Energy	Oil Refining/Marketing	238708535
APEI	American Public Education Inc. Common Stock	Real Estate	Other Consumer Services	830157990
APMD	Apnimed Inc. Common Stock	Health Care	Biotechnology: Pharmaceutical Preparations	1043090118
APPN	Appian Corporation Class A Common Stock	Technology	Computer Software: Prepackaged Software	2748350897
APPS	Digital Turbine Inc. Common Stock	Miscellaneous	Multi-Sector Companies	1296084038
AQST	Aquestive Therapeutics Inc. Common Stock	Health Care	Biotechnology: Pharmaceutical Preparations	670232200
ARDT	Ardent Health Inc. Common Stock	Health Care	Hospital/Nursing Management	1538810845
ARDX	Ardelyx Inc. Common Stock	Health Care	Biotechnology: Pharmaceutical Preparations	941929022
AREC	American Resources Corporation Class A Common Stock	Energy	Coal Mining	259940191
ARHS	Arhaus Inc. Class A Common Stock	Consumer Discretionary	Other Specialty Stores	1237492629
ARI	Apollo Commercial Real Estate Finance Inc	Real Estate	Real Estate Investment Trusts	882099200
ARKO	ARKO Corp. Common Stock	Consumer Staples	Food Chains	548588176
ARRY	Array Technologies Inc. Common Stock	Technology	Semiconductors	708435383
ARTNA	Artesian Resources Corporation Class A Common Stock	Utilities	Water Supply	373738509
ARTV	Artiva Biotherapeutics Inc. Common Stock	Health Care	Biotechnology: Biological Products (No Diagnostic Substances)	547080454
ARVN	Arvinas Inc. Common Stock	Health Care	Biotechnology: Pharmaceutical Preparations	613976333
ASA	ASA  Gold and Precious Metals Limited	Industrials	Precious Metals	1149215849
ASAN	Asana Inc. Class A Common Stock	Technology	Computer Software: Prepackaged Software	2030791576
ASC	Ardmore Shipping Corporation Common Stock	Consumer Discretionary	Marine Transportation	741383496
ASIC	Ategrity Specialty Insurance Company Holdings Common Stock	Finance	Property-Casualty Insurers	1313197827
ASIX	AdvanSix Inc. Common Stock 	Industrials	Major Chemicals	471170696
ASLE	AerSale Corporation Common Stock	Consumer Discretionary	Industrial Specialties	276815225
ASMB	Assembly Biosciences Inc. Common Stock	Health Care	Biotechnology: Pharmaceutical Preparations	745197814
ASPI	ASP Isotopes Inc. Common Stock	Industrials	Major Chemicals	643899396
ASPN	Aspen Aerogels Inc. Common Stock	Consumer Discretionary	RETAIL: Building Materials	408304817
ASST	Strive Inc. Class A Common Stock	Finance	Finance: Consumer Services	2434008100
ASUR	Asure Software Inc Common Stock	Technology	EDP Services	268000164
ASYS	Amtech Systems Inc. Common Stock	Technology	Industrial Machinery/Components	261746110
ATEC	Alphatec Holdings Inc. Common Stock	Health Care	Medical/Dental Instruments	1459562668
ATEX	Anterix Inc. Common Stock	Telecommunications	Telecommunications Equipment	1691736238
ATLC	Atlanticus Holdings Corporation Common Stock	Finance	Finance: Consumer Services	1412785639
ATLO	Ames National Corporation Common Stock	Finance	Major Banks	287328217
ATNI	ATN International Inc. Common Stock	Telecommunications	Telecommunications Equipment	476425832
ATOM	Atomera Incorporated Common Stock	Technology	Semiconductors	157657130
ATRA	Atara Biotherapeutics Inc. Common Stock	Health Care	Biotechnology: Biological Products (No Diagnostic Substances)	97968050
ATRC	AtriCure Inc. Common Stock	Health Care	Medical/Dental Instruments	2620631467
ATTO	Attovia Therapeutics Inc. Common Stock	Health Care	Biotechnology: Biological Products (No Diagnostic Substances)	1166389744
AURA	Aura Biosciences Inc. Common Stock	Health Care	Biotechnology: Biological Products (No Diagnostic Substances)	784008356
AVAH	Aveanna Healthcare Holdings Inc. Common Stock	Health Care	Medical/Nursing Services	2963423472
AVBP	ArriVent BioPharma Inc. Common Stock	Health Care	Biotechnology: Pharmaceutical Preparations	1526074213
AVEX	AEVEX Corp. Class A Common Stock	Industrials	Aerospace	1878266799
AVIR	Atea Pharmaceuticals Inc. Common Stock	Health Care	Biotechnology: Pharmaceutical Preparations	467593395
AVLN	Avalyn Pharma Inc. Common Stock	Health Care	Biotechnology: Pharmaceutical Preparations	1657614422
AVNW	Aviat Networks Inc. Common Stock	Technology	Radio And Television Broadcasting And Communications Equipment	253214441
AVO	Mission Produce Inc. Common Stock	Consumer Staples	Farming/Seeds/Milling	1119895153
AVPT	AvePoint Inc. Class A Common Stock	Technology	Computer Software: Prepackaged Software	2841323671
AVR	Anteris Technologies Global Corp. Common Stock	Health Care	Industrial Specialties	881024605
AVTX	Avalo Therapeutics Inc. Common Stock	Health Care	Biotechnology: Pharmaceutical Preparations	1031304688
AVXL	Anavex Life Sciences Corp. Common Stock	Health Care	Biotechnology: Biological Products (No Diagnostic Substances)	265112968
AXGN	Axogen Inc. Common Stock	Health Care	Biotechnology: Electromedical & Electrotherapeutic Apparatus	2595605848
BALY	Bally's Corporation Common Stock	Consumer Discretionary	Hotels/Resorts	461291431
BAND	Bandwidth Inc. Class A Common Stock	Technology	Computer Software: Prepackaged Software	1408553091
BBAI	BigBear.ai Inc. Common Stock	Technology	Computer Software: Prepackaged Software	1400123920
BBCP	Concrete Pumping Holdings Inc. Common Stock	Consumer Discretionary	Engineering & Construction	529130910
BBDC	Barings BDC Inc. Common Stock	Finance	Diversified Financial Services	944456094
BBNX	Beta Bionics Inc. Common Stock	Health Care	Medical/Dental Instruments	873699741
BBOT	BridgeBio Oncology Therapeutics Inc. Common Stock  	Health Care	Biotechnology: Pharmaceutical Preparations	719964918
BBSI	Barrett Business Services Inc. Common Stock	Consumer Discretionary	Professional Services	821814954
BBW	Build-A-Bear Workshop Inc. Common Stock	Consumer Discretionary	Recreational Games/Products/Toys	368976947
BCAX	Bicara Therapeutics Inc. Common Stock	Health Care	Biotechnology: Pharmaceutical Preparations	1533226881
BCIC	BCP Investment Corporation Common Stock	Finance	Finance: Consumer Services	90896006
BCML	BayCom Corp Common Stock	Finance	Major Banks	336339604
BCRX	BioCryst Pharmaceuticals Inc. Common Stock	Health Care	Biotechnology: Biological Products (No Diagnostic Substances)	2545129646
BCSF	Bain Capital Specialty Finance Inc. Common Stock	Finance	Finance/Investors Services	766745753
BCX	BlackRock Resources Common Shares of Beneficial Interest	Finance	Finance/Investors Services	1108245611
BDL	Flanigan's Enterprises Inc. Common Stock	Consumer Discretionary	Restaurants	87337823
BDSX	Biodesix Inc. Common Stock	Health Care	Medical Specialities	276228269
BDTX	Black Diamond Therapeutics Inc. Common Stock	Health Care	Biotechnology: Biological Products (No Diagnostic Substances)	121801944
BELFA	Bel Fuse Inc. Class A Common Stock	Other		2922833469
BFLY	Butterfly Network Inc. Class A Common Stock	Health Care	Medical Electronics	1959858947
BGS	B&G Foods Inc. Common Stock	Consumer Staples	Packaged Foods	267396958
BH	Biglari Holdings Inc. Class B Common Stock	Consumer Discretionary	Restaurants	892813563
BHRB	Burke & Herbert Financial Services Corp. Common Stock	Finance	Major Banks	1460531838
BHVN	Biohaven Ltd. Common Shares 	Health Care	Biotechnology: Pharmaceutical Preparations	2369876924
BIOA	BioAge Labs Inc. Common Stock	Health Care	Biotechnology: Pharmaceutical Preparations	440151357
BKD	Brookdale Senior Living Inc. Common Stock	Health Care	Hospital/Nursing Management	2810879056
BKKT	Bakkt Inc. Class A Common Stock	Finance	Finance: Consumer Services	375428585
BKSY	BlackSky Technology Inc. Class A Common Stock	Technology	Radio And Television Broadcasting And Communications Equipment	838959343
BKTI	BK Technologies Corporation Common Stock	Technology	Radio And Television Broadcasting And Communications Equipment	275768499
BKV	BKV Corporation Common Stock	Energy	Oil & Gas Production	2851949850
BLBD	Blue Bird Corporation Common Stock	Consumer Discretionary	Construction/Ag Equipment/Trucks	2015546362
BLMN	Bloomin' Brands Inc. Common Stock	Consumer Discretionary	Restaurants	838228777
BLSM	BlossomHill Therapeutics Inc. Common Stock	Health Care	Biotechnology: Pharmaceutical Preparations	665869300
BLZE	Backblaze Inc. Class A Common Stock	Technology	Computer Software: Prepackaged Software	832864500
BMBL	Bumble Inc. Class A Common Stock	Technology	Computer Software: Programming Data Processing	382708111
BMEA	Biomea Fusion Inc. Common Stock	Health Care	Biotechnology: Pharmaceutical Preparations	147142220
BNAI	Brand Engagement Network Inc. Common Stock	Technology	EDP Services	79308655
BNC	CEA Industries Inc. Common Stock	Consumer Staples	Farming/Seeds/Milling	144010837
BNED	Barnes & Noble Education Inc Common Stock	Consumer Discretionary	Other Specialty Stores	440938546
BNTC	Benitec Biopharma Inc. Common Stock	Health Care	Biotechnology: Pharmaceutical Preparations	435612955
BOBS	Bob's Discount Furniture Inc. Common Stock	Consumer Discretionary	Other Specialty Stores	2305320021
BOC	Boston Omaha Corporation Class A Common Stock	Finance	Real Estate	414541548
BOW	Bowhead Specialty Holdings Inc. Common Stock	Finance	Property-Casualty Insurers	1108532118
BRBR	BellRing Brands Inc. Common Stock 	Consumer Staples	Packaged Foods	1208130436
BRCB	Black Rock Coffee Bar Inc. Class A Common Stock	Consumer Discretionary	Restaurants	479696265
BRCC	BRC Inc. Class A Common Stock	Consumer Staples	Beverages (Production/Distribution)	219001528
BRR	ProCap Financial Inc. Common Stock	Finance	Finance: Consumer Services	235063070
BRUN	Boost Run Inc. Class A Common Stock	Technology	EDP Services	1402158459
BRVE	Braveheart Bio Inc. Common Stock	Health Care	Biotechnology: Pharmaceutical Preparations	1964463138
BTGO	BitGo Holdings Inc. Class A Common Stock	Finance	Finance: Consumer Services	858083041
BUR	Burford Capital Limited Ordinary Shares	Finance	Finance: Consumer Services	951830421
BUSE	First Busey Corporation Class A Common Stock	Finance	Major Banks	2531809471
BVS	Bioventus Inc. Class A Common Stock	Health Care	Medical/Dental Instruments	1183172752
BW	Babcock & Wilcox Enterprises Inc. Common Stock	Industrials	Building Products	1057651969
BWEN	Broadwind Inc. Common Stock	Telecommunications	Metal Fabrications	98178098
BWMN	Bowman Consulting Group Ltd. Common Stock	Consumer Discretionary	Professional Services	735545774
BXC	Bluelinx Holdings Inc. Common Stock	Consumer Discretionary	Wholesale Distributors	643044353
BYND	Beyond Meat Inc. Common Stock	Consumer Staples	Packaged Foods	202716859
BYRN	Byrna Technologies Inc. Common Stock	Miscellaneous	Industrial Machinery/Components	86129495
BZH	Beazer Homes USA Inc. Common Stock	Consumer Discretionary	Homebuilding	887364261
CABA	Cabaletta Bio Inc. Common Stock	Health Care	Biotechnology: Biological Products (No Diagnostic Substances)	588322694
CABO	Cable One Inc. Common Stock	Telecommunications	Cable & Other Pay Television Services	144514870
CAC	Camden National Corporation Common Stock	Finance	Major Banks	982901340
CADL	Candel Therapeutics Inc. Common Stock	Health Care	Biotechnology: Biological Products (No Diagnostic Substances)	977907261
CAL	Caleres Inc. Common Stock	Consumer Discretionary	Shoe Manufacturing	417520518
CAMP	CAMP4 Therapeutics Corporation Common Stock	Health Care	Biotechnology: Pharmaceutical Preparations	276741612
CAPR	Capricor Therapeutics Inc. Common Stock	Health Care	Biotechnology: Pharmaceutical Preparations	546506497
CARL	Carlsmed Inc. Common Stock	Health Care	Medical/Dental Instruments	425922791
CARS	Cars.com Inc. Common Stock 	Technology	EDP Services	627938735
CASS	Cass Information Systems Inc Common Stock	Consumer Discretionary	Business Services	714711176
CATX	Perspective Therapeutics Inc. Common Stock	Health Care	Biotechnology: Pharmaceutical Preparations	357294705
CBIO	Crescent Biopharma Inc. Common Stock	Health Care	Biotechnology: Pharmaceutical Preparations	775565467
CBK	Commercial Bancgroup Inc. Common Stock	Finance	Major Banks	476804196
CBL	CBL & Associates Properties Inc. Common Stock	Real Estate	Real Estate Investment Trusts	1701232780
CBLL	CeriBell Inc. Common Stock	Health Care	Biotechnology: Electromedical & Electrotherapeutic Apparatus	948706657
CBZ	CBIZ Inc. Common Stock	Consumer Discretionary	Business Services	2976373763
CCAP	Crescent Capital BDC Inc. Common stock	Finance	Finance: Consumer Services	382092522
CCCC	C4 Therapeutics Inc. Common Stock	Health Care	Biotechnology: Biological Products (No Diagnostic Substances)	462574511
CCLD	CareCloud Inc. Common Stock	Technology	Computer Software: Prepackaged Software	94761306
CCO	Clear Channel Outdoor Holdings Inc. Common Stock	Consumer Discretionary	Advertising	1211643351
CCSI	Consensus Cloud Solutions Inc. Common Stock	Technology	Computer Software: Prepackaged Software	647969242
CDNA	CareDx Inc. Common Stock	Health Care	Medical Specialities	2632237266
CDNL	Cardinal Infrastructure Group Inc. Class A Common Stock	Industrials	Military/Government/Technical	1729443539
CDRE	Cadre Holdings Inc. Common Stock	Health Care	Industrial Specialties	1274345044
CDZI	CADIZ Inc. Common Stock	Utilities	Water Supply	352680017
CEPL	Capstone Energy Plus Inc. Common Stock	Industrials	Industrial Machinery/Components	184581594
CERS	Cerus Corporation Common Stock	Health Care	Medical/Dental Instruments	521949486
CEVA	CEVA Inc. Common Stock	Technology	Computer Software: Programming Data Processing	758752240
CGBD	Carlyle Secured Lending Inc. Common Stock	Finance	Finance: Consumer Services	804325552
CGEM	Cullinan Therapeutics Inc. Common Stock	Health Care	Biotechnology: Biological Products (No Diagnostic Substances)	1421595190
CHCI	Comstock Holding Companies Inc. Class A Common Stock	Finance	Real Estate	217463285
CHMI	Cherry Hill Mortgage Investment Corporation Common Stock	Real Estate	Real Estate Investment Trusts	109364286
CHPT	ChargePoint Holdings Inc. Common Stock	Miscellaneous	Industrial Machinery/Components	267030000
CHRN	ChronoScale Holdings Corporation Common Stock	Industrials	Industrial Machinery/Components	2950614778
CIM	Chimera Investment Corporation Common Stock	Real Estate	Real Estate Investment Trusts	974405562
CING	Cingulate Inc. Common Stock	Health Care	Biotechnology: Pharmaceutical Preparations	74163313
CION	CION Investment Corporation Common Stock	Finance	Finance/Investors Services	361147847
CIX	CompX International Inc. Common Stock	Consumer Discretionary	Industrial Machinery/Components	431782995
CLBK	Columbia Financial Inc. Common Stock	Finance	Savings Institutions	1217355387
CLFD	Clearfield Inc. Common Stock	Utilities	Telecommunications Equipment	389180311
CLMB	Climb Global Solutions Inc. Common Stock	Technology	Retail: Computer Software & Peripheral Equipment	544330840
CLOV	Clover Health Investments Corp. Class A Common Stock	Health Care	Medical Specialities	2260069899
CLPT	ClearPoint Neuro Inc. Common Stock	Health Care	Medical/Dental Instruments	425839009
CLW	Clearwater Paper Corporation Common Stock	Basic Materials	Paper	337392823
CLYM	Climb Bio Inc. Common Stock	Health Care	Biotechnology: Pharmaceutical Preparations	891410678
CMCO	Columbus McKinnon Corporation Common Stock	Industrials	Construction/Ag Equipment/Trucks	543802357
CMDB	Costamare Bulkers Holdings Limited Common Stock	Consumer Discretionary	Marine Transportation	579122304
CMP	Compass Minerals Intl Inc Common Stock	Industrials	Mining & Quarrying of Nonmetallic Minerals (No Fuels)	1062955730
CMPX	Compass Therapeutics Inc. Common Stock	Health Care	Biotechnology: Biological Products (No Diagnostic Substances)	428609238
CMRC	Commerce.com Inc. Series 1 Common Stock	Technology	Computer Software: Prepackaged Software	212947607
CMT	Core Molding Technologies Inc Common Stock	Industrials	Plastic Products	213438700
CNL	Collective Mining Ltd. Common Shares	Other		1553440342
CNNE	Cannae Holdings Inc. Common Stock	Consumer Discretionary	Restaurants	686614013
CNTN	Canton Strategic Holdings Inc. Common Stock	Health Care	Biotechnology: Pharmaceutical Preparations	181673503
CNXU	Conexeu Sciences Inc. Common Stock	Health Care	Industrial Specialties	132988900
COAG	Hemab Therapeutics Holdings Inc. Common Stock	Health Care	Biotechnology: Biological Products (No Diagnostic Substances)	2074485116
CODI	D/B/A Compass Diversified Holdings Shares of Beneficial Interest	Consumer Discretionary	Home Furnishings	878003723
COFS	ChoiceOne Financial Services Inc. Common Stock	Finance	Major Banks	512974336
COOK	Traeger Inc. Common Stock	Consumer Discretionary	Consumer Electronics/Appliances	139827253
COUR	Coursera Inc. Common Stock	Technology	Computer Software: Prepackaged Software	1533520000
CPS	Cooper-Standard Holdings Inc. Common Stock	Consumer Discretionary	Auto Parts:O.E.M.	482967073
CRAI	CRA International Inc. Common Stock	Consumer Discretionary	Other Consumer Services	1072778143
CRBP	Corbus Pharmaceuticals Holdings Inc. Common Stock	Health Care	Biotechnology: Pharmaceutical Preparations	214301526
CRCT	Cricut Inc. Class A Common Stock	Technology	Industrial Machinery/Components	1160322065
CRMD	CorMedix Inc. Common Stock	Health Care	Biotechnology: Pharmaceutical Preparations	657070651
CRNC	Cerence Inc. Common Stock	Technology	Computer Software: Prepackaged Software	385814092
CRVS	Corvus Pharmaceuticals Inc. Common Stock	Health Care	Biotechnology: Pharmaceutical Preparations	1210500384
CSTL	Castle Biosciences Inc. Common Stock	Health Care	Medical Specialities	1005384275
CSV	Carriage Services Inc. Common Stock	Consumer Discretionary	Other Consumer Services	538727480
CSWC	Capital Southwest Corporation Common Stock	Consumer Discretionary	Textiles	1527419045
CTEV	Claritev Corporation Class A Common Stock	Consumer Discretionary	Business Services	651291003
CTGO	Contango Silver & Gold Inc. Common Stock	Basic Materials	Precious Metals	661122461
CTKB	Cytek Biosciences Inc. Common Stock	Industrials	Biotechnology: Laboratory Analytical Instruments	610921289
CTMX	CytomX Therapeutics Inc. Common Stock	Health Care	Biotechnology: Pharmaceutical Preparations	808406344
CTNM	Contineum Therapeutics Inc. Class A Common Stock	Health Care	Biotechnology: Pharmaceutical Preparations	628272904
CTO	CTO Realty Growth Inc. Common Stock	Real Estate	Real Estate Investment Trusts	805562406
CTRI	Centuri Holdings Inc. Common Stock	Utilities	Oil & Gas Production	2073781109
CTRN	Citi Trends Inc. Common Stock	Consumer Discretionary	Clothing/Shoe/Accessory Stores	592751984
CUE	Cue Biopharma Inc. Common Stock	Health Care	Biotechnology: Pharmaceutical Preparations	199335520
CURI	CuriosityStream Inc. Class A Common Stock	Consumer Discretionary	Movies/Entertainment	160806056
CURV	Torrid Holdings Inc. Common Stock	Consumer Discretionary	Clothing/Shoe/Accessory Stores	242829730
CVEO	Civeo Corporation (Canada) Common Shares	Consumer Discretionary	Hotels/Resorts	352900366
CVGI	Commercial Vehicle Group Inc. Common Stock	Consumer Discretionary	Auto Parts:O.E.M.	131649890
CVLG	Covenant Logistics Group Inc. Class A Common Stock	Industrials	Trucking Freight/Courier Services	889491119
CVRX	CVRx Inc. Common Stock	Health Care	Medical/Dental Instruments	81256871
CWH	Camping World Holdings Inc. Class A Common Stock	Consumer Discretionary	Retail-Auto Dealers and Gas Stations	718932615
CXDO	Crexendo Inc. Common Stock	Telecommunications	Telecommunications Equipment	199855278
CYPH	Cypherpunk Technologies Inc. Common Stock	Health Care	Biotechnology: Pharmaceutical Preparations	260789804
CYRX	CryoPort Inc. Common Stock	Health Care	Biotechnology: Pharmaceutical Preparations	800762271
CZFS	Citizens Financial Services Inc. Common Stock	Finance	Major Banks	398833177
CZNC	Citizens & Northern Corp Common Stock	Finance	Major Banks	468279377
DAKT	Daktronics Inc. Common Stock	Consumer Discretionary	Miscellaneous manufacturing industries	930592778
DBI	Designer Brands Inc. Class A Common Stock	Consumer Discretionary	Clothing/Shoe/Accessory Stores	267087436
DBRG	DigitalBridge Group Inc.	Real Estate	Real Estate Investment Trusts	2986799826
DC	Dakota Gold Corp. Common Stock	Basic Materials	Metal Mining	798329296
DCO	Ducommun Incorporated Common Stock	Industrials	Military/Government/Technical	2541594801
DCTH	Delcath Systems Inc. Common Stock	Health Care	Medical/Dental Instruments	571836142
DDD	3D Systems Corporation Common Stock	Technology	Computer Software: Prepackaged Software	574868713
DEC	Diversified Energy Company Common Stock	Other		1184349570
DFDV	DeFi Development Corp. Common Stock	Finance	Finance: Consumer Services	181957027
DGICA	Donegal Group Inc. Class A Common Stock	Finance	Property-Casualty Insurers	721970035
DHX	DHI Group Inc. Common Stock	Consumer Discretionary	Business Services	196277339
DIN	Dine Brands Global Inc. Common Stock	Consumer Discretionary	Restaurants	401041872
DJCO	Daily Journal Corp. (S.C.) Common Stock	Consumer Discretionary	Newspapers/Magazines	865174722
DJT	Trump Media & Technology Group Corp. Common Stock	Technology	Computer Software: Programming Data Processing	2507030291
DLTH	Duluth Holdings Inc. Class B Common Stock	Consumer Discretionary	Clothing/Shoe/Accessory Stores	171769361
DMAC	DiaMedica Therapeutics Inc. Common Stock	Health Care	Biotechnology: Pharmaceutical Preparations	363998455
DNA	Ginkgo Bioworks Holdings Inc. Class A Common Stock	Health Care	Biotechnology: Biological Products (No Diagnostic Substances)	447164925
DNUT	Krispy Kreme Inc. Common Stock	Consumer Staples	Food Chains	586430000
DOMO	Domo Inc. Class B Common Stock	Technology	Computer Software: Prepackaged Software	175184184
DRVN	Driven Brands Holdings Inc. Common Stock	Consumer Discretionary	Automotive Aftermarket	2237126305
DSGN	Design Therapeutics Inc. Common Stock	Health Care	Biotechnology: Pharmaceutical Preparations	947486196
DSGR	Distribution Solutions Group Inc. Common Stock	Consumer Discretionary	Industrial Specialties	1603212927
DSP	Viant Technology Inc. Class A Common Stock	Technology	Computer Software: Programming Data Processing	908046287
DTCX	Datacentrex Inc. Common Stock	Technology	EDP Services	80688688
DTIL	Precision BioSciences Inc. Common Stock	Health Care	Biotechnology: Biological Products (No Diagnostic Substances)	206183608
DUOT	Duos Technologies Group Inc. Common Stock	Technology	Computer Software: Prepackaged Software	275699091
EAF	GrafTech International Ltd. Common Stock	Energy	Industrial Machinery/Components	161771417
EARN	Ellington Credit Company Common Shares of Beneficial Interest	Real Estate	Real Estate Investment Trusts	163758090
EBF	Ennis Inc. Common Stock	Consumer Discretionary	Office Equipment/Supplies/Services	542900917
EBS	Emergent BioSolutions Inc. Common Stock	Health Care	Biotechnology: Pharmaceutical Preparations	318407417
ECO	Okeanis Eco Tankers Corp. Common Stock	Consumer Discretionary	Marine Transportation	2788959707
ECVT	Ecovyst Inc. Common Stock	Industrials	Major Chemicals	1117672344
EDIT	Editas Medicine Inc. Common Stock	Health Care	Biotechnology: Biological Products (No Diagnostic Substances)	496063513
EFSC	Enterprise Financial Services Corporation Common Stock	Finance	Major Banks	2340208343
EFSI	Eagle Financial Services Inc Common Stock	Finance	Major Banks	226746669
EGAN	eGain Corporation Common Stock	Technology	Computer Software: Prepackaged Software	160308473
EGY	VAALCO Energy Inc.  Common Stock	Energy	Oil & Gas Production	631150668
EIC	Eagle Point Income Company Common Shares of Beneficial Interest	Finance	Finance/Investors Services	89081080
EIKN	Eikon Therapeutics Inc. Common Stock	Health Care	Biotechnology: Biological Products (No Diagnostic Substances)	588232226
ELA	Envela Corporation Common Stock	Consumer Discretionary	Consumer Specialties	365306107
ELDN	Eledon Pharmaceuticals Inc. Common Stock	Health Care	Biotechnology: Pharmaceutical Preparations	245408679
ELMD	Electromed Inc. Common Stock	Health Care	Biotechnology: Electromedical & Electrotherapeutic Apparatus	234252564
ELMT	The Elmet Group Co. Common Stock	Industrials	Metal Fabrications	511110376
ELOX	Eloxx Pharmaceuticals Inc. Common Stock	Health Care	Biotechnology: Biological Products (No Diagnostic Substances)	60546885
ELTX	Elicio Therapeutics Inc. Common Stock	Health Care	Biotechnology: Pharmaceutical Preparations	63339336
EMAT	Evolution Metals & Technologies Corp. Common Stock	Miscellaneous	Industrial Machinery/Components	1877837951
EMBC	Embecta Corp. Common Stock	Health Care	Medical/Dental Instruments	328625674
EMPD	Empery Digital Inc. Common stock	Industrials	Auto Manufacturing	92482265
ENTA	Enanta Pharmaceuticals Inc. Common Stock	Health Care	Biotechnology: Pharmaceutical Preparations	410085660
ENVX	Enovix Corporation Common Stock	Miscellaneous	Industrial Machinery/Components	728569136
EOLS	Evolus Inc. Common Stock	Health Care	Biotechnology: Pharmaceutical Preparations	614269092
EOSE	Eos Energy Enterprises Inc. Class A Common Stock	Miscellaneous	Industrial Machinery/Components	1412970847
EPM	Evolution Petroleum Corporation Inc. Common Stock	Energy	Oil & Gas Production	132295422
EPSN	Epsilon Energy Ltd. Common Share	Energy	Oil & Gas Production	187153754
ERII	Energy Recovery Inc. Common Stock	Technology	Industrial Machinery/Components	389472396
EROC	ERock Inc. Class A Common Stock	Energy	Industrial Machinery/Components	2705202986
ESCA	Escalade Incorporated Common Stock	Consumer Discretionary	Recreational Games/Products/Toys	287297964
ESOA	Energy Services of America Corporation Common Stock	Industrials	Water Sewer Pipeline Comm & Power Line Construction	219991744
ESP	Espey Mfg. & Electronics Corp. Common Stock	Technology	Industrial Machinery/Components	189791659
ESQ	Esquire Financial Holdings Inc. Common Stock	Finance	Commercial Banks	1439961194
ETD	Ethan Allen Interiors Inc. Common Stock	Consumer Discretionary	Home Furnishings	572288164
ETON	Eton Pharmaceuticals Inc. Common Stock	Health Care	Biotechnology: Pharmaceutical Preparations	1670684241
EVC	Entravision Communications Corporation Common Stock	Industrials	Broadcasting	777067528
EVCM	EverCommerce Inc. Common Stock	Technology	Computer Software: Prepackaged Software	1399188748
EVER	EverQuote Inc. Class A Common Stock	Technology	Computer Software: Programming Data Processing	877822197
EVEX	Eve Holding Inc. Common Stock	Industrials	Aerospace	773639659
EVH	Evolent Health Inc Class A Common Stock	Consumer Discretionary	Other Consumer Services	488416327
EVI	EVI Industries Inc.  Common Stock	Consumer Discretionary	Other Consumer Services	175792084
EVLV	Evolv Technologies Holdings Inc. Class A Common Stock	Technology	Computer peripheral equipment	905630730
EVMN	Evommune Inc. Common Stock	Health Care	Biotechnology: Pharmaceutical Preparations	445304227
EXFY	Expensify Inc. Class A Common Stock	Technology	Computer Software: Prepackaged Software	217024260
EYPT	EyePoint Inc. Common Stock	Industrials	Biotechnology: Laboratory Analytical Instruments	394851592
FAC	Factorial Energy Inc. Class A Common Stock	Miscellaneous	Industrial Machinery/Components	557591106
FATE	Fate Therapeutics Inc. Common Stock	Health Care	Biotechnology: Biological Products (No Diagnostic Substances)	297154875
FBIZ	First Business Financial Services Inc. Common Stock	Finance	Major Banks	609464746
FBYD	Falcon's Beyond Global Inc. Class A Common Stock	Consumer Discretionary	Services-Misc. Amusement & Recreation	987050279
FC	Franklin Covey Company Common Stock	Consumer Discretionary	Other Consumer Services	214809464
FCAP	First Capital Inc. Common Stock	Finance	Savings Institutions	216798593
FCBM	First Carolina Financial Services Inc. Common Stock	Finance	Major Banks	397059929
FCEL	FuelCell Energy Inc. Common Stock	Energy	Industrial Machinery/Components	1195315230
FDMT	4D Molecular Therapeutics Inc. Common Stock	Health Care	Biotechnology: Biological Products (No Diagnostic Substances)	827005839
FDUS	Fidus Investment Corporation Common Stock	Finance	Finance/Investors Services	745044165
FEIM	Frequency Electronics Inc. Common Stock	Industrials	Electrical Products	678140745
FENC	Fennec Pharmaceuticals Inc. Common Stock	Health Care	Biotechnology: Biological Products (No Diagnostic Substances)	434071260
FET	Forum Energy Technologies Inc. Common Stock	Consumer Discretionary	Oil and Gas Field Machinery	921143003
FF	FutureFuel Corp.  Common shares	Industrials	Major Chemicals	230721053
FHTX	Foghorn Therapeutics Inc. Common Stock	Health Care	Biotechnology: Pharmaceutical Preparations	292175750
FIGS	FIGS Inc. Class A Common Stock	Consumer Discretionary	Apparel	2395742290
FIP	FTAI Infrastructure Inc. Common Stock 	Industrials	Railroads	402999723
FIRY	Firy Inc. Class A Common Stock	Technology	EDP Services	168383463
FISI	Financial Institutions Inc. Common Stock	Finance	Major Banks	821755212
FISN	Deep Fission Inc. Common Stock	Utilities	Electric Utilities: Central	421177457
FJET	Starfighters Space Inc. Common Stock	Consumer Discretionary	Air Freight/Delivery Services	153988853
FLGT	Fulgent Genetics Inc. Common Stock	Health Care	Medical Specialities	542876731
FLNC	Fluence Energy Inc. Class A Common Stock	Miscellaneous	Industrial Machinery/Components	1910572419
FLNG	FLEX LNG Ltd. Ordinary Shares	Consumer Discretionary	Marine Transportation	1704450768
FLOC	Flowco Holdings Inc. Class A Common Stock	Consumer Discretionary	Oil and Gas Field Machinery	1906453111
FLWS	1-800-FLOWERS.COM Inc. Common Stock	Consumer Discretionary	Other Specialty Stores	239087342
FLXS	Flexsteel Industries Inc. Common Stock	Consumer Discretionary	Home Furnishings	336177441
FLYW	Flywire Corporation Voting Common Stock	Consumer Discretionary	Business Services	2256935353
FMNB	Farmers National Banc Corp. Common Stock	Finance	Major Banks	952108482
FNKO	Funko Inc. Class A Common Stock	Consumer Discretionary	Recreational Games/Products/Toys	318055951
FOA	Finance of America Companies Inc. Class A Common Stock	Finance	Finance: Consumer Services	296986232
FOR	Forestar Group Inc Common Stock 	Finance	Real Estate	1422881617
FORR	Forrester Research Inc. Common Stock	Industrials	Diversified Commercial Services	240843350
FOSL	Fossil Group Inc. Common Stock	Consumer Discretionary	Consumer Specialties	304560968
FPI	Farmland Partners Inc. Common Stock	Real Estate	Real Estate Investment Trusts	464667189
FRAF	Franklin Financial Services Corporation Common Stock	Finance	Major Banks	289143139
FRD	Friedman Industries Inc. Common Stock	Industrials	Steel/Iron Ore	328903270
FRME	First Merchants Corporation Common Stock	Finance	Major Banks	2641427851
FRNM	Freenome Inc. Common stock	Health Care	Medical Specialities	1752457536
FRPH	FRP Holdings Inc. Common Stock	Finance	Real Estate	433689620
FSTR	L.B. Foster Company Common Stock	Industrials	Metal Fabrications	399961389
FTH	Faeth Therapeutics Inc. Common Stock	Health Care	Biotechnology: Pharmaceutical Preparations	1034909021
FTK	Flotek Industries Inc. Common Stock	Industrials	Major Chemicals	852628899
FTW	Presidio Production Company Class A Common Stock	Energy	Oil & Gas Production	326414992
FUBO	FuboTV Inc. Class A Common Stock	Consumer Discretionary	Movies/Entertainment	1228463944
FULC	Fulcrum Therapeutics Inc. Common Stock	Health Care	Biotechnology: Pharmaceutical Preparations	293744439
FVR	FrontView REIT Inc. Common Stock	Real Estate	Real Estate Investment Trusts	466619583
FVRR	Fiverr International Ltd. Ordinary Shares no par value	Consumer Discretionary	Business Services	332544234
FWDI	Forward Industries Inc. Common Stock	Finance	Finance: Consumer Services	465973832
FWRD	Forward Air Corporation Common Stock	Industrials	Integrated Freight & Logistics	604339621
FWRG	First Watch Restaurant Group Inc. Common Stock	Consumer Discretionary	Restaurants	743634842
FXNC	First National Corporation Common Stock	Finance	Major Banks	285747076
GAIN	Gladstone Investment Corporation Business Development Company	Finance	Finance: Consumer Services	653080259
GALT	Galectin Therapeutics Inc. Common Stock	Health Care	Biotechnology: Pharmaceutical Preparations	464916859
GAM	General American Investors Inc. Common Stock	Finance	Investment Managers	1593898553
GCMG	GCM Grosvenor Inc. Class A Common Stock	Finance	Investment Managers	2691051167
GCO	Genesco Inc. Common Stock	Consumer Discretionary	Clothing/Shoe/Accessory Stores	397740703
GCT	GigaCloud Technology Inc Class A Ordinary Shares	Consumer Discretionary	Catalog/Specialty Distribution	1848004765
GDOT	Green Dot Corporation Class A Common Stock $0.001 par value	Finance	Finance: Consumer Services	759612436
GDRX	GoodRx Holdings Inc. Class A Common Stock	Technology	EDP Services	1187185950
GDYN	Grid Dynamics Holdings Inc. Class A Common Stock	Technology	Computer Software: Prepackaged Software	653477026
GEMI	Gemini Space Station Inc. Class A Common Stock	Finance	Finance: Consumer Services	606772305
GENB	Generate Biomedicines Inc. Common Stock	Health Care	Biotechnology: Pharmaceutical Preparations	2103696426
GENC	Gencor Industries Inc. Common Stock	Industrials	Construction/Ag Equipment/Trucks	269994871
GFUZ	General Fusion Group Ltd. Common Shares	Utilities	Electric Utilities: Central	523609086
GHM	Graham Corporation Common Stock	Industrials	Industrial Machinery/Components	1030276757
GIC	Global Industrial Company Common Stock	Industrials	Industrial Machinery/Components	1517093055
GLAS	Glass House Brands Inc. Subordinate Voting Shares	Health Care	 Medicinal Chemicals and Botanical Products 	781422098
GLOB	Globant S.A. Common Shares	Technology	EDP Services	1689616026
GLSI	Greenwich LifeSciences Inc. Common Stock	Health Care	Biotechnology: Pharmaceutical Preparations	234117418
GLUE	Monte Rosa Therapeutics Inc. Common Stock	Health Care	Biotechnology: Biological Products (No Diagnostic Substances)	1180737470
GMRS	GMR Solutions Inc. Class A Common Stock	Consumer Discretionary	Transportation Services	727132230
GMTL	Guardian Metal Resources PLC ADS	Basic Materials	Metal Mining	419833269
GNE	Genie Energy Ltd. Class B Common Stock Stock	Utilities	Power Generation	408217353
GNK	Genco Shipping & Trading Limited Ordinary Shares New (Marshall Islands)	Consumer Discretionary	Marine Transportation	1205169628
GNLX	Genelux Corporation Common Stock	Health Care	Biotechnology: Pharmaceutical Preparations	110398617
GOGO	Gogo Inc. Common Stock	Consumer Discretionary	Telecommunications Equipment	384842328
GOLD	Gold.com Inc. Common Stock	Industrials	Other Specialty Stores	1337971773
GOOS	Canada Goose Holdings Inc. Subordinate Voting Shares	Consumer Discretionary	Apparel	794966238
GPRE	Green Plains Inc. Common Stock	Industrials	Major Chemicals	1082972818
GRC	Gorman-Rupp Company (The) Common Stock	Industrials	Fluid Controls	1989747708
GRDN	Guardian Pharmacy Services Inc. Class A Common Stock	Consumer Staples	Retail-Drug Stores and Proprietary Stores	2582465734
GRNT	Granite Ridge Resources Inc. Common Stock	Energy	Oil & Gas Production	670053229
GRPN	Groupon Inc. Common Stock	Consumer Discretionary	Advertising	767354136
GSBD	Goldman Sachs BDC Inc. Common Stock	Finance	Investment Managers	1123439289
GSIT	GSI Technology Common Stock	Technology	Semiconductors	205614357
GTN	Gray Media Inc. Common Stock	Industrials	Broadcasting	509772696
HAPN	Happen Inc. Common Stock	Finance	Finance: Consumer Services	2048482486
HAWK	HawkEye 360 Inc. Common Stock	Technology	EDP Services	1700681983
HBB	Hamilton Beach Brands Holding Company Class A Common Stock 	Consumer Discretionary	Home Furnishings	416712292
HBT	HBT Financial Inc. Common Stock	Finance	Major Banks	1330617743
HCKT	Hackett Group Inc (The). Common Stock	Consumer Discretionary	Professional Services	278880956
HDSN	Hudson Technologies Inc. Common Stock	Consumer Discretionary	Industrial Specialties	225173726
HIFS	Hingham Institution for Savings Common Stock	Finance	Banks	661377726
HIPO	Hippo Holdings Inc. Common Stock	Finance	Property-Casualty Insurers	893808334
HLIO	Helios Technologies Inc. Common Stock	Industrials	Metal Fabrications	2359920325
HLLY	Holley Inc. Common Stock	Consumer Discretionary	Auto Parts:O.E.M.	369764136
HLMN	Hillman Solutions Corp. Common Stock	Consumer Discretionary	Industrial Machinery/Components	1494105592
HMH	HMH Holding Inc. Class A Common Stock	Consumer Discretionary	Oil and Gas Field Machinery	856718402
HNRG	Hallador Energy Company Common Stock	Utilities	Electric Utilities: Central	782579726
HNST	The Honest Company Inc. Common Stock	Consumer Discretionary	Catalog/Specialty Distribution	638342055
HOS	Hornbeck Offshore Services Inc. Common Stock	Energy	Oilfield Services/Equipment	1703848114
HOV	Hovnanian Enterprises Inc. Class A Common Stock	Consumer Discretionary	Homebuilding	731814893
HPK	HighPeak Energy Inc. Common Stock	Energy	Oil & Gas Production	1017945072
HPP	Hudson Pacific Properties Inc. Common Stock	Finance	Real Estate	684328824
HQH	abrdn Healthcare Investors Shares of Beneficial Interest	Finance	Finance Companies	1068074459
HQL	abrdn Life Sciences Investors Shares of Beneficial Interest	Finance	Investment Managers	530027687
HROW	Harrow Inc. Common Stock	Health Care	Biotechnology: Pharmaceutical Preparations	1444781739
HRTG	Heritage Insurance Holdings Inc. Common Stock	Finance	Property-Casualty Insurers	1009415523
HRZN	Horizon Technology Finance Corporation Common Stock	Finance	Finance: Consumer Services	324444120
HSDT	Solana Company Class A Common Stock (DE)	Health Care	Biotechnology: Electromedical & Electrotherapeutic Apparatus	135427495
HSHP	Himalaya Shipping Ltd. Common Shares	Consumer Discretionary	Marine Transportation	857862500
HSLV	Highlander Silver Corp. Common Shares	Other		1172294888
HTZ	Hertz Global Holdings Inc Common Stock	Consumer Discretionary	Rental/Leasing Companies	819838204
HUN	Huntsman Corporation Common Stock	Industrials	Major Chemicals	1687142286
HURA	TuHURA Biosciences Inc. Common Stock	Health Care	Biotechnology: Pharmaceutical Preparations	136374960
HURC	Hurco Companies Inc. Common Stock	Industrials	Industrial Machinery/Components	148890643
HURN	Huron Consulting Group Inc. Common Stock	Consumer Discretionary	Professional Services	2470356879
HVT	Haverty Furniture Companies Inc. Common Stock	Consumer Discretionary	Other Specialty Stores	445353959
HY	Hyster-Yale Inc. Class A common stock	Industrials	Construction/Ag Equipment/Trucks	641011335
HYLN	Hyliion Holdings Corp. Class A Common Stock	Consumer Discretionary	Construction/Ag Equipment/Trucks	659023734
HYMC	Hycroft Mining Holding Corporation Class A Common Stock	Basic Materials	Precious Metals	2114292342
HYPD	Hyperion DeFi Inc. Common Stock	Health Care	Biotechnology: Pharmaceutical Preparations	51280132
IA	Innovative Solutions and Support Inc. Common Stock	Technology	EDP Services	331492684
IBTA	Ibotta Inc. Class A Common Stock	Consumer Discretionary	Advertising	889481481
ICFI	ICF International Inc. Common Stock	Consumer Discretionary	Professional Services	1578181792
IDN	Intellicheck Inc. Common Stock	Technology	Computer Software: Prepackaged Software	56544213
IDR	Idaho Strategic Resources Inc. Common Stock	Basic Materials	Precious Metals	497733047
IDT	IDT Corporation Class B Common Stock	Telecommunications	Telecommunications Equipment	1711703398
IHRT	iHeartMedia Inc. Class A Common Stock	Consumer Discretionary	Broadcasting	375026051
III	Information Services Group Inc. Common Stock	Consumer Discretionary	Professional Services	251265868
IIIN	Insteel Industries Inc. Common Stock	Industrials	Steel/Iron Ore	605138801
IIIV	i3 Verticals Inc. Class A Common Stock	Technology	Computer Software: Prepackaged Software	436945349
IKT	Inhibikase Therapeutics Inc. Common Stock	Health Care	Biotechnology: Biological Products (No Diagnostic Substances)	348839750
IMDX	Insight Molecular Diagnostics Inc. Common Stock	Health Care	Biotechnology: In Vitro & In Vivo Diagnostic Substances	135151293
IMKTA	Ingles Markets Incorporated Class A Common Stock	Consumer Staples	Food Chains	1577862814
IMMR	Immersion Corporation Common Stock	Technology	Computer peripheral equipment	255909557
IMMX	Immix Biopharma Inc. Common Stock	Health Care	Biotechnology: Pharmaceutical Preparations	995111858
IMRX	Immuneering Corporation Class A Common Stock	Health Care	Biotechnology: Pharmaceutical Preparations	311841478
IMSR	Terrestrial Energy Inc. Common Stock  	Industrials	Metal Fabrications	545566558
IMUX	Immunic Inc. Common Stock	Health Care	Biotechnology: Pharmaceutical Preparations	178878962
IMXI	International Money Express Inc. Common Stock	Consumer Discretionary	Business Services	438370708
INBX	Inhibrx Biosciences Inc. Common Stock	Health Care	Biotechnology: Biological Products (No Diagnostic Substances)	1783338862
INDI	indie Semiconductor Inc. Class A Common Stock	Technology	Semiconductors	834511979
INFQ	Infleqtion Inc. Common Stock	Technology	EDP Services	2895838118
INFU	InfuSystems Holdings Inc. Common Stock	Health Care	Medical/Dental Instruments	243786295
INGN	Inogen Inc Common Stock	Health Care	Industrial Specialties	143837787
INMB	INmune Bio Inc. Common stock	Health Care	Biotechnology: Biological Products (No Diagnostic Substances)	67719245
INN	Summit Hotel Properties Inc. Common Stock	Real Estate	Real Estate Investment Trusts	624471551
INNV	InnovAge Holding Corp. Common Stock	Health Care	Medical/Nursing Services	1459166225
INOD	Innodata Inc. Common Stock	Technology	EDP Services	1913738355
INR	Infinity Natural Resources Inc. Class A Common Stock	Energy	Oil & Gas Production	990021447
INSG	Inseego Corp. Common Stock	Telecommunications	Telecommunications Equipment	69623310
INTG	Intergroup Corporation (The) Common Stock	Real Estate	Building operators	77722530
INTT	inTest Corporation Common Stock	Industrials	Electrical Products	143135772
IPI	Intrepid Potash Inc Common Stock	Industrials	Mining & Quarrying of Nonmetallic Minerals (No Fuels)	545129864
IPSC	Century Therapeutics Inc. Common Stock	Health Care	Biotechnology: Biological Products (No Diagnostic Substances)	382068927
IPWR	Ideal Power Inc. Common Stock	Technology	Semiconductors	79215037
IRD	Opus Genetics Inc. Common Stock	Health Care	Biotechnology: Pharmaceutical Preparations	388524493
IRMD	iRadimed Corporation Common Stock	Health Care	Medical/Dental Instruments	1067074399
IRWD	Ironwood Pharmaceuticals Inc. Class A Common Stock	Health Care	Biotechnology: Pharmaceutical Preparations	703922174
ISOU	IsoEnergy Ltd. Common Shares	Other		730703221
ISTR	Investar Holding Corporation Common Stock	Finance	Major Banks	428465509
ITG	ITG Inc. Class A Common Stock	Industrials	Water Sewer Pipeline Comm & Power Line Construction	1627701141
ITIC	Investors Title Company Common Stock	Finance	Specialty Insurers	562566168
ITRG	Integra Resources Corp. Common Shares	Basic Materials	Precious Metals	568044596
IVR	INVESCO MORTGAGE CAPITAL INC Common Stock	Real Estate	Real Estate Investment Trusts	775011002
JACK	Jack In The Box Inc. Common Stock	Consumer Discretionary	Restaurants	309554386
JAKK	JAKKS Pacific Inc. Common Stock	Consumer Discretionary	Recreational Games/Products/Toys	281318395
JANX	Janux Therapeutics Inc. Common Stock	Health Care	Biotechnology: Pharmaceutical Preparations	1237408286
JBI	Janus International Group Inc. Common Stock	Industrials	Building Products	694458171
JBIO	Jade Biosciences Inc. Common Stock	Health Care	Biotechnology: Pharmaceutical Preparations	1265588001
JCAP	Jefferson Capital Inc. Common Stock	Finance	Finance Companies	1226035194
JELD	JELD-WEN Holding Inc. Common Stock	Basic Materials	Forest Products	199555779
JILL	J. Jill Inc. Common Stock	Consumer Discretionary	Apparel	298729272
JOUT	Johnson Outdoors Inc. Class A Common Stock	Consumer Discretionary	Recreational Games/Products/Toys	485208721
KARD	Kardigan Inc. Common Stock	Health Care	Biotechnology: Pharmaceutical Preparations	1949552124
KBDC	Kayne Anderson BDC Inc. Common Stock	Other		888208545
KDK	Kodiak AI Inc. Common Stock 	Technology	EDP Services	766361409
KE	Kimball Electronics Inc. Common Stock	Technology	Electrical Products	599893885
KELYA	Kelly Services Inc. Class A Common Stock	Consumer Discretionary	Professional Services	585580559
KFRC	Kforce Inc. Common Stock	Consumer Discretionary	Professional Services	976577770
KGEI	Kolibri Global Energy Inc. Common stock	Energy	Oil & Gas Production	220011318
KIDS	OrthoPediatrics Corp. Common Stock	Health Care	Medical/Dental Instruments	585120349
KINS	Kingstone Companies Inc. Common Stock	Finance	Property-Casualty Insurers	288943615
KLC	KinderCare Learning Companies Inc. Common Stock	Consumer Discretionary	Other Consumer Services	316440478
KLRA	Kailera Therapeutics Inc. Common Stock	Health Care	Biotechnology: Pharmaceutical Preparations	2104116861
KMTS	Kestra Medical Technologies Ltd. Common Stock	Health Care	Medical/Dental Instruments	1496723710
KOD	Kodiak Sciences Inc Common Stock	Health Care	Biotechnology: Biological Products (No Diagnostic Substances)	2222356800
KODK	Eastman Kodak Company Common New	Consumer Discretionary	Industrial Machinery/Components	909491000
KOPN	Kopin Corporation Common Stock	Technology	Semiconductors	795534788
KRO	Kronos Worldwide Inc Common Stock	Basic Materials	Major Chemicals	970272060
KROS	Keros Therapeutics Inc. Common Stock	Health Care	Biotechnology: Pharmaceutical Preparations	224443768
KRRO	Korro Bio Inc. Common Stock	Health Care	Biotechnology: Pharmaceutical Preparations	180241907
KRT	Karat Packaging Inc. Common Stock	Industrials	Plastic Products	964495979
KRUS	Kura Sushi USA Inc. Class A Common Stock	Consumer Discretionary	Restaurants	537144250
KULR	KULR Technology Group Inc. Common Stock	Technology	Electrical Products	118014821
KURA	Kura Oncology Inc. Common Stock	Health Care	Biotechnology: Pharmaceutical Preparations	1178728202
KVHI	KVH Industries Inc. Common Stock	Consumer Discretionary	Telecommunications Equipment	130796336
KYTX	Kyverna Therapeutics Inc. Common Stock	Health Care	Biotechnology: Biological Products (No Diagnostic Substances)	510208413
LAND	Gladstone Land Corporation Common Stock	Real Estate	Real Estate Investment Trusts	424032513
LASR	nLIGHT Inc. Common Stock	Technology	Semiconductors	2311069292
LAW	CS Disco Inc. Common Stock	Technology	Computer Software: Prepackaged Software	275259804
LBRX	LB Pharmaceuticals Inc Common Stock	Health Care	Biotechnology: Pharmaceutical Preparations	1591667695
LCID	Lucid Group Inc. Common Stock	Industrials	Auto Manufacturing	1844248424
LCLN	Lincoln International Inc. Class A Common Stock	Finance	Investment Managers	2817577046
LCUT	Lifetime Brands Inc. Common Stock	Consumer Discretionary	Industrial Machinery/Components	203910975
LE	Lands' End Inc. Common Stock	Consumer Discretionary	Clothing/Shoe/Accessory Stores	336305085
LEGH	Legacy Housing Corporation Common Stock (TX)	Consumer Discretionary	Homebuilding	675635284
LENZ	LENZ Therapeutics Inc. Common Stock	Health Care	Biotechnology: Biological Products (No Diagnostic Substances)	187265244
LEO	BNY Mellon Strategic Municipals Inc. Common Stock	Finance	Trusts Except Educational Religious and Charitable	378105484
LFCR	Lifecore Biomedical Inc. Common Stock	Health Care	Biotechnology: Pharmaceutical Preparations	166553464
LFMD	LifeMD Inc. Common Stock	Health Care	Medical/Nursing Services	148458578
LIFE	Ethos Technologies Inc. Class A Common Stock	Finance	Specialty Insurers	2540814242
LILA	Liberty Latin America Ltd. Class A Common Stock	Telecommunications	Cable & Other Pay Television Services	1669068000
LILAK	Liberty Latin America Ltd. Class C Common Stock	Telecommunications	Cable & Other Pay Television Services	1655355000
LIME	Neutron Holdings Inc. Common Stock	Technology	Computer Software: Prepackaged Software	2388168983
LINC	Lincoln Educational Services Corporation Common Stock	Real Estate	Other Consumer Services	813338722
LIND	Lindblad Expeditions Holdings Inc. Common Stock	Consumer Discretionary	Transportation Services	1697581354
LMB	Limbach Holdings Inc. Common Stock	Consumer Discretionary	Engineering & Construction	594580151
LMNR	Limoneira Co Common Stock	Consumer Staples	Farming/Seeds/Milling	271798785
LMRI	Lumexa Imaging Holdings Inc. Common Stock	Health Care	Medical Specialities	1170193208
LNSR	LENSAR Inc. Common Stock	Health Care	Medical/Dental Instruments	105412722
LOCO	El Pollo Loco Holdings Inc. Common Stock	Consumer Discretionary	Restaurants	467754242
LODE	Comstock Inc. Common Stock	Industrials	Major Chemicals	236338376
LOVE	The Lovesac Company Common Stock	Consumer Discretionary	Other Specialty Stores	244315196
LPTH	LightPath Technologies Inc. Class A Common Stock	Technology	Semiconductors	607173566
LRMR	Larimar Therapeutics Inc. Common Stock	Health Care	Biotechnology: Pharmaceutical Preparations	397871649
LTBR	Lightbridge Corporation Common Stock	Basic Materials	Major Chemicals	283932330
LTGO	Latigo Biotherapeutics Inc. Common Stock	Health Care	Biotechnology: Pharmaceutical Preparations	1457004211
LTRX	Lantronix Inc. Common Stock	Telecommunications	Computer Communications Equipment	243801729
LWAY	Lifeway Foods Inc. Common Stock	Consumer Staples	Packaged Foods	377819742
LWLG	Lightwave Logic Inc. Common Stock	Industrials	Containers/Packaging	824794814
LXEO	Lexeo Therapeutics Inc. Common Stock	Health Care	Biotechnology: Biological Products (No Diagnostic Substances)	401206187
LXRX	Lexicon Pharmaceuticals Inc. Common Stock	Health Care	Biotechnology: Pharmaceutical Preparations	996701292
LXU	LSB Industries Inc. Common Stock	Basic Materials	Major Chemicals	813571795
LYEL	Lyell Immunopharma Inc. Common Stock	Health Care	Biotechnology: Pharmaceutical Preparations	352138876
LYNX	Lyntris Inc. Common Stock	Industrials	Industrial Machinery/Components	1469078695
LYTS	LSI Industries Inc. Common Stock	Consumer Discretionary	Building Products	742691933
MAGN	Magnera Corporation Common Stock	Basic Materials	Paper	448932000
MAMA	Mama's Creations Inc. Common Stock	Consumer Staples	Specialty Foods	704898932
MASS	908 Devices Inc. Common Stock	Industrials	Industrial Machinery/Components	415403735
MATV	Mativ Holdings Inc. Common Stock	Basic Materials	Paper	698706641
MAX	MediaAlpha Inc. Class A Common Stock	Consumer Discretionary	Business Services	738230935
MAZE	Maze Therapeutics Inc. Common Stock	Health Care	Biotechnology: Biological Products (No Diagnostic Substances)	1455943693
MBI	MBIA Inc. Common Stock	Finance	Property-Casualty Insurers	243348438
MBUU	Malibu Boats Inc. Class A Common Stock	Industrials	Marine Transportation	548602455
MBX	MBX Biosciences Inc. Common Stock	Health Care	Biotechnology: Pharmaceutical Preparations	2972441125
MCFT	MasterCraft Boat Holdings Inc. Common Stock	Industrials	Marine Transportation	393159344
MCI	Barings Corporate Investors Common Stock	Finance	Trusts Except Educational Religious and Charitable	377881059
MCS	Marcus Corporation (The) Common Stock	Consumer Discretionary	Movies/Entertainment	840792976
MDXG	MiMedx Group Inc Common Stock	Health Care	Medical/Dental Instruments	666125339
MEC	Mayville Engineering Company Inc. Common Stock	Industrials	Industrial Specialties	501336507
MED	MEDIFAST INC Common Stock	Consumer Staples	Packaged Foods	141212279
MEI	Methode Electronics Inc. Common Stock	Technology	Electrical Products	559270882
METC	Ramaco Resources Inc. Class A Common Stock	Energy	Coal Mining	836724755
METCB	Ramaco Resources Inc. Class B Common Stock	Energy	Coal Mining	434843320
MFA	MFA Financial Inc.	Real Estate	Real Estate Investment Trusts	904737045
MFIC	MidCap Financial Investment Corporation Common Stock	Finance	Finance/Investors Services	792424681
MG	Mistras Group Inc Common Stock	Consumer Discretionary	Military/Government/Technical	608969954
MGNX	MacroGenics Inc. Common Stock	Health Care	Biotechnology: Pharmaceutical Preparations	280280823
MGPI	MGP Ingredients Inc.	Consumer Staples	Beverages (Production/Distribution)	351190846
MGRC	McGrath RentCorp Common Stock	Consumer Discretionary	Diversified Commercial Services	2725659734
MGTX	MeiraGTx Holdings plc Ordinary Shares	Health Care	Biotechnology: Biological Products (No Diagnostic Substances)	1334037214
MH	McGraw Hill Inc. Common Stock	Consumer Discretionary	Publishing	2546320314
MITK	Mitek Systems Inc. Common Stock	Technology	Computer peripheral equipment	837922485
MKTW	MarketWise Inc. Class A Common Stock	Technology	Computer Software: Prepackaged Software	294036400
MLAB	Mesa Laboratories Inc. Common Stock	Industrials	Industrial Machinery/Components	715040141
MLR	Miller Industries Inc. Common Stock	Consumer Discretionary	Construction/Ag Equipment/Trucks	636403435
MLTX	MoonLake Immunotherapeutics Class A Ordinary Shares	Health Care	Biotechnology: Pharmaceutical Preparations	1277451342
MLYS	Mineralys Therapeutics Inc. Common Stock	Health Care	Biotechnology: Pharmaceutical Preparations	2493958226
MNKD	MannKind Corporation Common Stock	Health Care	Biotechnology: Pharmaceutical Preparations	1305470605
MNPR	Monopar Therapeutics Inc. Common Stock	Health Care	Biotechnology: Pharmaceutical Preparations	789082940
MNRO	Monro Inc. Common Stock	Consumer Discretionary	Automotive Aftermarket	415499357
MNTK	Montauk Renewables Inc. Common Stock	Utilities	Natural Gas Distribution	317420740
MNTN	MNTN Inc. Class A Common Stock	Consumer Discretionary	Advertising	968700961
MNTS	Momentus Inc. Class A Common Stock	Industrials	Military/Government/Technical	91807016
MOBI	Mobia Medical Inc. Common Stock	Health Care	Medical/Dental Instruments	387175446
MOV	Movado Group Inc. Common Stock	Consumer Discretionary	Consumer Specialties	757946963
MOVE	Corvex Inc. Common Stock	Technology	EDP Services	465080534
MPLT	MapLight Therapeutics Inc. Common Stock	Health Care	Biotechnology: Pharmaceutical Preparations	601064920
MPTI	M-tron Industries Inc. Common Stock	Technology	Industrial Machinery/Components	324116715
MQ	Marqeta Inc. Class A Common Stock	Technology	Computer Software: Prepackaged Software	1725958668
MRAM	Everspin Technologies Inc. Common Stock	Technology	Semiconductors	398609647
MRBK	Meridian Corporation Common Stock	Finance	Major Banks	236314441
MRDN	Meridian Holdings Inc. Common Stock	Technology	Computer Software: Prepackaged Software	171671440
MRLN	Merlin Inc. Common Stock	Technology	EDP Services	338577076
MRVI	Maravai LifeSciences Holdings Inc. Class A Common Stock	Health Care	Biotechnology: Pharmaceutical Preparations	1900810935
MTRX	Matrix Service Company Common Stock	Consumer Discretionary	Engineering & Construction	298781487
MTW	Manitowoc Company Inc. (The) Common Stock	Industrials	Construction/Ag Equipment/Trucks	772086756
MYE	Myers Industries Inc. Common Stock	Industrials	Plastic Products	1196630807
MYFW	First Western Financial Inc. Common Stock	Finance	Major Banks	306234445
MYGN	Myriad Genetics Inc. Common Stock	Health Care	Biotechnology: In Vitro & In Vivo Diagnostic Substances	305122368
NAGE	Niagen Bioscience Inc. Common Stock	Health Care	 Medicinal Chemicals and Botanical Products 	250829426
NAKA	Nakamoto Inc. Common Stock	Health Care	Medical/Nursing Services	145485887
NATH	Nathan's Famous Inc. Common Stock	Consumer Discretionary	Restaurants	404316211
NATR	Nature's Sunshine Products Inc. Common Stock	Health Care	Biotechnology: Pharmaceutical Preparations	246689190
NB	NioCorp Developments Ltd. Common Stock	Basic Materials	Metal Mining	601274508
NC	NACCO Industries Inc. Common Stock	Energy	Coal Mining	316432921
NCDL	Nuveen Churchill Direct Lending Corp. Common Stock	Other		618326054
NCMI	National CineMedia Inc. Common Stock	Consumer Discretionary	Advertising	233294699
NCNO	nCino Inc. Common Stock	Technology	Computer Software: Prepackaged Software	2444620343
NEOV	NeoVolta Inc. Common Stock	Miscellaneous	Industrial Machinery/Components	227212133
NEWT	NewtekOne Inc. Common Stock	Finance	Major Banks	359326054
NEXT	NextDecade Corporation Common Stock	Utilities	Oil & Gas Production	1953801078
NGS	Natural Gas Services Group Inc. Common Stock	Energy	Oilfield Services/Equipment	468594694
NGVC	Natural Grocers by Vitamin Cottage Inc. Common Stock	Consumer Staples	Food Chains	643670618
NHP	National Healthcare Properties Inc. Class A Common Stock	Real Estate	Real Estate Investment Trusts	1181058991
NKTR	Nektar Therapeutics  Common Stock	Health Care	Biotechnology: Pharmaceutical Preparations	2533068725
NKTX	Nkarta Inc. Common Stock	Health Care	Biotechnology: Pharmaceutical Preparations	209144390
NLOP	Net Lease Office Properties Common Shares of Beneficial Interest	Real Estate	Real Estate Investment Trusts	162954825
NMAD	Nomad Power Solutions Inc. Common Stock	Health Care	Biotechnology: Pharmaceutical Preparations	64887304
NMAX	Newsmax Inc. Class B Common Stock	Industrials	Broadcasting	1372977656
NMFC	New Mountain Finance Corporation Common Stock	Finance	Finance/Investors Services	706503877
NMRK	Newmark Group Inc. Class A Common Stock	Finance	Real Estate	2763736562
NN	NextNav Inc. Common Stock	Industrials	Industrial Machinery/Components	2562534434
NNBR	NN Inc. Common Stock	Industrials	Industrial Machinery/Components	302245962
NNE	Nano Nuclear Energy Inc. Common Stock	Utilities	Electric Utilities: Central	951531147
NPCE	Neuropace Inc. Common Stock	Health Care	Medical/Dental Instruments	511431683
NPKI	NPK International Inc. Common Stock	Industrials	Misc Corporate Leasing Services	1122508799
NRC	NRC Health Common Stock	Health Care	Biotechnology: Commercial Physical & Biological Resarch	476234256
NRDS	NerdWallet Inc. Class A Common Stock	Technology	EDP Services	631560959
NREF	NexPoint Real Estate Finance Inc. Common Stock	Real Estate	Real Estate Investment Trusts	335306436
NRGV	Energy Vault Holdings Inc. Common Stock	Miscellaneous	Industrial Machinery/Components	698263949
NRIX	Nurix Therapeutics Inc. Common stock	Health Care	Biotechnology: Pharmaceutical Preparations	2712853194
NRP	Natural Resource Partners LP Limited Partnership	Energy	Coal Mining	1506836853
NRXP	NRX Pharmaceuticals Inc. Common Stock	Health Care	Biotechnology: Pharmaceutical Preparations	151102227
NTGR	NETGEAR Inc. Common Stock	Utilities	Telecommunications Equipment	579184938
NTHI	NeOnc Technologies Holdings Inc. Common Stock	Health Care	Biotechnology: Pharmaceutical Preparations	130459916
NTLA	Intellia Therapeutics Inc. Common Stock	Health Care	Biotechnology: In Vitro & In Vivo Diagnostic Substances	1785214069
NTRB	Nutriband Inc. Common Stock	Health Care	Industrial Specialties	72571219
NUAI	New Era Energy & Digital Inc. Common Stock	Energy	Oil & Gas Production	576486024
NUCL	Eagle Nuclear Energy Corp. Common stock	Basic Materials	Other Metals and Minerals	199959434
NUS	Nu Skin Enterprises Inc. Common Stock	Health Care	Other Pharmaceuticals	235594909
NUTX	Nutex Health Inc. Common Stock	Consumer Discretionary	Business Services	1323302303
NUVB	Nuvation Bio Inc. Class A Common Stock	Health Care	Biotechnology: Pharmaceutical Preparations	2391149217
NVA	Nova Minerals Corp Common Stock	Basic Materials	Precious Metals	2764802884
NVCT	Nuvectis Pharma Inc. Common Stock	Health Care	Biotechnology: Pharmaceutical Preparations	798718476
NVEC	NVE Corporation Common Stock	Technology	Semiconductors	485651466
NVRI	Enviri Corporation Common Stock	Miscellaneous	Diversified Commercial Services	644708022
NWPX	NWPX Infrastructure Inc. Common Stock	Industrials	Steel/Iron Ore	1037685725
NXDR	Nextdoor Holdings Inc. Class A Common Stock	Technology	Computer Software: Programming Data Processing	866540420
NXH	Neighborhood Intelligence Inc. Common Stock	Consumer Discretionary	Catalog/Specialty Distribution	377215848
NXP	Nuveen Select Tax Free Income Portfolio Common Stock	Finance	Trusts Except Educational Religious and Charitable	656123564
OABI	OmniAb Inc. Common Stock	Health Care	Biotechnology: Commercial Physical & Biological Resarch	629540423
OBIO	Orchestra BioMed Holdings Inc. Ordinary Shares	Health Care	 Medicinal Chemicals and Botanical Products 	305333649
OBX	Obsidian Therapeutics Inc. Common Stock	Health Care	Biotechnology: Pharmaceutical Preparations	1039019774
OCC	Optical Cable Corporation Common Stock	Industrials	Telecommunications Equipment	122255224
OCSL	Oaktree Specialty Lending Corporation Common Stock	Finance	Finance: Consumer Services	1150396930
OCUL	Ocular Therapeutix Inc. Common Stock	Health Care	Biotechnology: Pharmaceutical Preparations	2336712836
ODC	Oil-Dri Corporation Of America Common Stock	Consumer Discretionary	Miscellaneous manufacturing industries	1273524647
ODTX	Odyssey Therapeutics Inc. Common Stock	Health Care	Biotechnology: Biological Products (No Diagnostic Substances)	1382163237
OESX	Orion Energy Systems Inc. Common Stock	Consumer Discretionary	Building Products	102232150
OFRM	Once Upon a Farm PBC Common Stock	Consumer Staples	Packaged Foods	733156801
OIS	Oil States International Inc. Common Stock	Consumer Discretionary	Oil and Gas Field Machinery	528426142
OKUR	OnKure Therapeutics Inc. Class A Common Stock	Health Care	Biotechnology: Pharmaceutical Preparations	144976786
OLMA	Olema Pharmaceuticals Inc. Common Stock	Health Care	Biotechnology: Pharmaceutical Preparations	940599275
OLP	One Liberty Properties Inc. Common Stock	Real Estate	Real Estate Investment Trusts	522054574
OMDA	Omada Health Inc. Common Stock	Health Care	Medical/Nursing Services	1393904327
OMER	Omeros Corporation Common Stock	Health Care	Biotechnology: Pharmaceutical Preparations	1371758588
ONEW	OneWater Marine Inc. Class A Common Stock	Consumer Discretionary	Auto & Home Supply Stores	211653361
ONIT	Onity Group Inc. Common Stock	Finance	Finance: Consumer Services	296251279
ONT	Onterris Inc. Common Stock	Consumer Discretionary	Professional Services	626846018
OOMA	Ooma Inc. Common Stock	Technology	EDP Services	638000000
OPFI	OppFi Inc. Class A Common Stock	Finance	Finance: Consumer Services	632245193
OPRX	OptimizeRx Corporation Common Stock	Consumer Discretionary	Business Services	148238934
OPTX	Syntec Optics Holdings Inc. Class A Common Stock	Technology	Electronic Components	304918676
OPXS	Optex Systems Holdings Inc. Common Stock	Technology	Electronic Components	71617093
OPY	Oppenheimer Holdings Inc. Class A Common Stock (DE)	Finance	Investment Bankers/Brokers/Service	1315906734
ORC	Orchid Island Capital Inc. Common Stock	Real Estate	Real Estate Investment Trusts	1307402519
ORIC	Oric Pharmaceuticals Inc. Common Stock	Health Care	Biotechnology: Pharmaceutical Preparations	1332973156
ORN	Orion Group Holdings Inc. Common	Industrials	Military/Government/Technical	375796291
ORRF	Orrstown Financial Services Inc. Common Stock	Finance	Major Banks	848350969
OSG	Octave Specialty Group Inc. Common Stock	Finance	Property-Casualty Insurers	223905885
OSPN	OneSpan Inc. Common Stock	Technology	EDP Services	615431289
OSS	One Stop Systems Inc. Common Stock	Technology	Computer Manufacturing	248653096
OSUR	OraSure Technologies Inc. Common Stock	Health Care	Medical/Dental Instruments	240010822
OUST	Ouster Inc. Common Stock	Industrials	Industrial Machinery/Components	2627052291
OVBC	Ohio Valley Banc Corp. Common Stock	Finance	Major Banks	220757507
OVID	Ovid Therapeutics Inc. Common Stock	Health Care	Biotechnology: Pharmaceutical Preparations	546834000
OWLT	Owlet Inc. Class A Common Stock	Industrials	Industrial Machinery/Components	145523951
OXM	Oxford Industries Inc. Common Stock	Industrials	Garments and Clothing	460917871
PACK	Ranpak Holdings Corp Class A Common Stock	Consumer Discretionary	Containers/Packaging	389342632
PAL	Proficient Auto Logistics Inc. Common Stock	Consumer Discretionary	Transportation Services	143630966
PALI	Palisade Bio Inc. Common Stock	Health Care	Biotechnology: Biological Products (No Diagnostic Substances)	364225466
PANL	Pangaea Logistics Solutions Ltd. Common Shares	Consumer Discretionary	Marine Transportation	559800751
PAR	PAR Technology Corporation Common Stock	Miscellaneous	Office Equipment/Supplies/Services	817740737
PAYS	Paysign Inc. Common Stock	Technology	EDP Services	759415998
PBYI	Puma Biotechnology Inc Common Stock	Health Care	Biotechnology: Pharmaceutical Preparations	492971630
PCT	PureCycle Technologies Inc. Common stock	Industrials	Major Chemicals	1283781736
PCYO	Pure Cycle Corporation Common Stock	Utilities	Water Supply	269649570
PD	PagerDuty Inc. Common Stock	Technology	Computer Software: Prepackaged Software	1071211270
PDEX	Pro-Dex Inc. Common Stock	Health Care	Medical/Dental Instruments	234380438
PDLB	Ponce Financial Group Inc. Common Stock	Finance	Savings Institutions	501173309
PDYN	Palladyne AI Corp. Common Stock	Technology	Computer Software: Prepackaged Software	281722892
PEPG	PepGen Inc. Common Stock	Health Care	Biotechnology: Pharmaceutical Preparations	215397098
PESI	Perma-Fix Environmental Services Inc. Common Stock	Industrials	Environmental Services	396783164
PEW	GrabAGun Digital Holdings Inc. Common Stock	Consumer Discretionary	Other Specialty Stores	69356579
PFIS	Peoples Financial Services Corp. Common Stock	Finance	Major Banks	719044662
PFLT	PennantPark Floating Rate Capital Ltd. Common Stock	Finance	Finance: Consumer Services	733220251
PGEN	Precigen Inc. Common Stock	Health Care	Biotechnology: Pharmaceutical Preparations	2542050254
PGY	Pagaya Technologies Ltd. Class A Ordinary Shares	Finance	Finance: Consumer Services	1917125872
PHAT	Phathom Pharmaceuticals Inc. Common Stock	Health Care	Biotechnology: Pharmaceutical Preparations	768558873
PHR	Phreesia Inc. Common Stock	Consumer Discretionary	Business Services	676222066
PKE	Park Aerospace Corp. Common Stock	Industrials	Military/Government/Technical	680377880
PKOH	Park-Ohio Holdings Corp. Common Stock	Industrials	Industrial Specialties	673495665
PLAY	Dave & Buster's Entertainment Inc. Common Stock	Consumer Discretionary	Restaurants	303357412
PLCE	Children's Place Inc. (The) Common Stock	Consumer Discretionary	Clothing/Shoe/Accessory Stores	62486158
PLOW	Douglas Dynamics Inc. Common Stock	Industrials	Construction/Ag Equipment/Trucks	976159046
PLPC	Preformed Line Products Company Common Stock	Industrials	Water Sewer Pipeline Comm & Power Line Construction	1947902913
PMTS	CPI Card Group Inc. Common Stock	Consumer Discretionary	Publishing	325626093
PNNT	PennantPark Investment Corporation Common Stock	Finance	Finance: Consumer Services	244207392
PNRG	PrimeEnergy Resources Corporation Common Stock	Energy	Oil & Gas Production	343978110
PNTG	The Pennant Group Inc. Common Stock 	Health Care	Medical/Nursing Services	1327304812
POWW	Outdoor Holding Company Common Stock	Industrials	Ordnance And Accessories	251753325
PPHC	Public Policy Holding Company Inc. Common Stock	Other		267685396
PPIH	Perma-Pipe International Holdings Inc. Common Stock	Industrials	Pollution Control Equipment	230607735
PRAA	PRA Group Inc. Common Stock	Finance	Finance Companies	716065074
PRCH	Porch Group Inc. Common Stock	Technology	Computer Software: Prepackaged Software	2365066869
PRCT	PROCEPT BioRobotics Corporation Common Stock	Health Care	Medical/Dental Instruments	1303548479
PRLD	Prelude Therapeutics Incorporated Common Stock	Health Care	Biotechnology: Pharmaceutical Preparations	435727028
PRME	Prime Medicine Inc. Common Stock	Health Care	Biotechnology: Biological Products (No Diagnostic Substances)	671094367
PROK	ProKidney Corp. Class A Ordinary Shares	Health Care	Biotechnology: Biological Products (No Diagnostic Substances)	607668537
PROV	Provident Financial Holdings Inc. Common Stock	Finance	Savings Institutions	116575015
PRTA	Prothena Corporation plc Ordinary Shares	Health Care	Biotechnology: Pharmaceutical Preparations	504129085
PRTH	Priority Technology Holdings Inc. Common Stock	Consumer Discretionary	Business Services	457544065
PRTS	CarParts.com Inc. Common Stock	Consumer Discretionary	Auto & Home Supply Stores	75008518
PSIX	Power Solutions International Inc. Common Stock	Industrials	Industrial Machinery/Components	933920071
PSNL	Personalis Inc. Common Stock	Health Care	Medical Specialities	1836957798
PSUS	Pershing Square USA Ltd. Common Shares	Other		1019327000
PTLO	Portillo's Inc. Class A Common Stock	Consumer Discretionary	Restaurants	335669050
PUBM	PubMatic Inc. Class A Common Stock	Technology	Computer Software: Programming Data Processing	751576007
PUMP	ProPetro Holding Corp. Common Stock	Energy	Oilfield Services/Equipment	1408790328
PURR	Hyperliquid Strategies Inc Common Stock	Finance	Finance: Consumer Services	2409661931
PUSA	Aureus Greenway Holdings Inc. Common Stock	Consumer Discretionary	Hotels/Resorts	99691253
PVLA	Palvella Therapeutics Inc. Common Stock	Health Care	Biotechnology: Pharmaceutical Preparations	2265577917
PWP	Perella Weinberg Partners Class A Common Stock	Finance	Finance: Consumer Services	1601246825
PXED	Phoenix Education Partners Inc. Common Stock	Real Estate	Other Consumer Services	1037443481
PYXS	Pyxis Oncology Inc. Common Stock	Health Care	Biotechnology: Pharmaceutical Preparations	324457315
QCRH	QCR Holdings Inc. Common Stock	Finance	Major Banks	1681611802
QMCO	Quantum Corporation Common Stock	Technology	Electronic Components	974609325
QMLS	QumulusAI Inc. Common Stock	Technology	EDP Services	197405239
QNBC	QNB Corp. Common Stock	Finance	Major Banks	274001082
QTRX	Quanterix Corporation Common Stock	Industrials	Biotechnology: Laboratory Analytical Instruments	127218345
QTTB	Q32 Bio Inc. Common Stock	Health Care	Biotechnology: Pharmaceutical Preparations	356935897
QUAD	Quad Graphics Inc Class A Common Stock	Consumer Discretionary	Publishing	550635931
QUBT	Quantum Computing Inc. Common Stock	Technology	Computer Software: Prepackaged Software	1813038357
QUIK	QuickLogic Corporation Common Stock	Technology	Semiconductors	197098893
QVCG	QVC Group Inc. Common Stock	Consumer Discretionary	Catalog/Specialty Distribution	135252444
RAIL	FreightCar America Inc. Common Stock	Industrials	Railroads	232818088
RAPP	Rapport Therapeutics Inc. Common Stock	Health Care	Biotechnology: Pharmaceutical Preparations	2195966150
RARE	Ultragenyx Pharmaceutical Inc. Common Stock	Health Care	Biotechnology: Pharmaceutical Preparations	1508409757
RCAT	Red Cat Holdings Inc. Common Stock	Technology	Computer Software: Prepackaged Software	1278219210
RCEL	Avita Medical Inc. Common Stock	Health Care	Medical/Dental Instruments	346380686
RCKT	Rocket Pharmaceuticals Inc. Common Stock	Health Care	Biotechnology: Pharmaceutical Preparations	423729944
RCKY	Rocky Brands Inc. Common Stock	Consumer Discretionary	Shoe Manufacturing	330692952
RCMT	RCM Technologies Inc. Common Stock	Consumer Discretionary	Professional Services	291398904
RDI	Reading International Inc Class A Common Stock	Consumer Discretionary	Movies/Entertainment	53562897
RDIB	Reading International Inc Class B Common Stock	Consumer Discretionary	Movies/Entertainment	343123004
RDVT	Red Violet Inc. Common Stock 	Technology	Computer Software: Prepackaged Software	1221816677
RDW	Redwire Corporation Common Stock	Industrials	Military/Government/Technical	2632422173
REA	Rare Earths Americas Inc. Common Stock	Basic Materials	Metal Mining	234059153
REAL	The RealReal Inc. Common Stock	Consumer Discretionary	Other Specialty Stores	1199677194
REF	Reformation Inc. Common Stock	Consumer Discretionary	Apparel	871503853
REFI	Chicago Atlantic Real Estate Finance Inc. Common Stock	Real Estate	Real Estate Investment Trusts	280551549
RELL	Richardson Electronics Ltd. Common Stock	Technology	Electronic Components	257596898
REPL	Replimune Group Inc. Common Stock	Health Care	Biotechnology: Biological Products (No Diagnostic Substances)	1417063295
REPX	Riley Exploration Permian Inc. Common Stock	Energy	Oil & Gas Production	928908205
RFIL	RF Industries Ltd. Common Stock	Technology	Electrical Products	114046795
RGNX	REGENXBIO Inc. Common Stock	Health Care	Biotechnology: Biological Products (No Diagnostic Substances)	590157936
RGP	Resources Connection Inc. Common Stock	Consumer Discretionary	Business Services	138980031
RGR	Sturm Ruger & Company Inc. Common Stock	Industrials	Ordnance And Accessories	615003073
RHLD	Resolute Holdings Management Common Stock 	Finance	Finance: Consumer Services	1068078481
RICK	RCI Hospitality Holdings Inc. Common Stock	Consumer Discretionary	Restaurants	224366075
RIGL	Rigel Pharmaceuticals Inc. Common Stock	Health Care	Biotechnology: Pharmaceutical Preparations	909148981
RILY	BRC Group Holdings Inc. Common Stock	Finance	Investment Managers	282604278
RJET	Republic Airways Holdings Inc. Common Stock	Consumer Discretionary	Air Freight/Delivery Services	839005440
RLGT	Radiant Logistics Inc. Common Stock	Industrials	Integrated Freight & Logistics	395259261
RLMD	Relmada Therapeutics Inc. Common Stock	Health Care	Biotechnology: Pharmaceutical Preparations	472547418
RM	Regional Management Corp. Common Stock	Finance	Finance: Consumer Services	310724742
RMIX	Suncrete Inc. Class A Common Stock	Industrials	Building Materials	1227213428
RMNI	Rimini Street Inc. (DE) Common Stock	Consumer Discretionary	Business Services	467713560
RMR	The RMR Group Inc. Class A Common Stock	Consumer Discretionary	Professional Services	627168418
RNA	Atrium Therapeutics Inc. Common Stock	Health Care	Biotechnology: Pharmaceutical Preparations	242729074
RNAC	Cartesian Therapeutics Inc. Common Stock	Health Care	Biotechnology: Pharmaceutical Preparations	280467113
RNGR	Ranger Energy Services Inc. Class A Common Stock	Energy	Oilfield Services/Equipment	392685946
RNXT	RenovoRx Inc. Common Stock	Health Care	Biotechnology: Pharmaceutical Preparations	107859524
ROOT	Root Inc. Class A Common Stock	Finance	Property-Casualty Insurers	876763131
RPAY	Repay Holdings Corporation Class A Common Stock	Consumer Discretionary	Business Services	348659310
RPC	Ridgepost Capital Inc. Class A Common Stock	Finance	Investment Managers	937026740
RPD	Rapid7 Inc. Common Stock	Technology	Computer Software: Prepackaged Software	741407040
RRGB	Red Robin Gourmet Burgers Inc. Common Stock	Consumer Discretionary	Restaurants	160114779
RSKD	Riskified Ltd. Class A Ordinary Shares	Consumer Discretionary	Business Services	885140014
RTB	RTB Digital Inc. Common Stock	Consumer Discretionary	Professional Services	160253911
RVLV	Revolve Group Inc. Class A Common Stock	Consumer Discretionary	Catalog/Specialty Distribution	1517673717
RWAY	Runway Growth Finance Corp. Common Stock	Finance	Finance: Consumer Services	278700862
RXRX	Recursion Pharmaceuticals Inc. Class A Common Stock	Health Care	Biotechnology: Biological Products (No Diagnostic Substances)	1943292077
RXST	RxSight Inc. Common Stock	Health Care	Ophthalmic Goods	265157007
RXT	Rackspace Technology Inc. Common Stock	Technology	Computer Software: Programming Data Processing	813044392
RYAM	Rayonier Advanced Materials Inc. Common Stock	Basic Materials	Paper	574975768
RYZ	Ryerson Holding Corporation Common Stock	Industrials	Metal Fabrications	1365453560
RZLT	Rezolute Inc. Common Stock (NV)	Health Care	Biotechnology: Pharmaceutical Preparations	441018876
SANA	Sana Biotechnology Inc. Common Stock	Health Care	Biotechnology: Biological Products (No Diagnostic Substances)	1152538452
SAR	Saratoga Investment Corp New	Finance	Investment Managers	283667358
SBC	SBC Medical Group Holdings Incorporated Common Stock	Health Care	Medical/Nursing Services	423729405
SBET	Sharplink Inc. Common Stock	Technology	Computer Software: Prepackaged Software	1885500883
SBGI	Sinclair Inc. Class A Common Stock	Industrials	Broadcasting	998712409
SCM	Stellus Capital Investment Corporation Common Stock	Finance	Finance/Investors Services	250053847
SCTX	Scribe Therapeutics Inc. Common Stock	Health Care	Biotechnology: Biological Products (No Diagnostic Substances)	542771266
SD	SandRidge Energy Inc. Common Stock	Energy	Oil & Gas Production	531288992
SDHC	Smith Douglas Homes Corp. Class A Common Stock	Consumer Discretionary	Homebuilding	569786151
SECZ	Securitize Corp. Common Stock	Finance	Finance: Consumer Services	1211431383
SEG	Seaport Entertainment Group Inc. Common Stock	Consumer Discretionary	Services-Misc. Amusement & Recreation	336378415
SENEA	Seneca Foods Corp. Class A Common Stock	Consumer Staples	Packaged Foods	1325046139
SENS	Senseonics Holdings Inc. Common Stock	Health Care	Medical/Dental Instruments	509177130
SEPN	Septerna Inc. Common Stock	Health Care	Biotechnology: Pharmaceutical Preparations	1715377802
SERV	Serve Robotics Inc. Common Stock	Industrials	Industrial Machinery/Components	428768622
SEV	Aptera Motors Corp. Class B Common Stock	Industrials	Auto Manufacturing	93249188
SFIX	Stitch Fix Inc. Class A Common Stock	Consumer Discretionary	Catalog/Specialty Distribution	406948861
SG	Sweetgreen Inc. Class A Common Stock	Consumer Discretionary	Restaurants	814242595
SGHT	Sight Sciences Inc. Common Stock	Health Care	Medical/Dental Instruments	459984717
SGMT	Sagimet Biosciences Inc. Series A Common Stock	Health Care	Biotechnology: Pharmaceutical Preparations	673807279
SGP	SpyGlass Pharma Inc. Common Stock	Health Care	Medical/Dental Instruments	967984512
SGRY	Surgery Partners Inc. Common Stock	Health Care	Hospital/Nursing Management	1866894388
SHAZ	SharonAI Holdings Inc. Class A Common Stock	Technology	EDP Services	2002848070
SHLS	Shoals Technologies Group Inc. Class A Common Stock	Technology	Semiconductors	1199978644
SHOE	Shoe Station Group Inc. Common Stock	Consumer Discretionary	Clothing/Shoe/Accessory Stores	382018904
SI	Shoulder Innovations Inc. Common Stock	Health Care	Medical/Dental Instruments	423041206
SIBN	SI-BONE Inc. Common Stock	Health Care	Medical/Dental Instruments	829143638
SIDU	Sidus Space Inc. Class A Common Stock	Telecommunications	Telecommunications Equipment	209536425
SIF	SIFCO Industries Inc. Common Stock	Industrials	Aerospace	133525633
SIGA	SIGA Technologies Inc. Common Stock	Health Care	Biotechnology: Pharmaceutical Preparations	236385566
SIND	Sinda Ltd. Common Stock	Basic Materials	Precious Metals	2631164964
SION	Sionna Therapeutics Inc. Common Stock	Health Care	Biotechnology: Pharmaceutical Preparations	324625025
SITC	SITE Centers Corp. Common Stock	Real Estate	Real Estate Investment Trusts	150604223
SKWD	Skyward Specialty Insurance Group Inc. Common Stock	Finance	Property-Casualty Insurers	2545694909
SKYH	Sky Harbour Group Corporation Class A Common Stock	Finance	Real Estate	855477244
SLDB	Solid Biosciences Inc. Common Stock	Health Care	Biotechnology: Biological Products (No Diagnostic Substances)	1099058690
SLDE	Slide Insurance Holdings Inc. Common Stock	Finance	Property-Casualty Insurers	2881745108
SLDP	Solid Power Inc. Class A Common Stock	Miscellaneous	Industrial Machinery/Components	573875748
SLP	Simulations Plus Inc. Common Stock	Technology	EDP Services	372743764
SLRC	SLR Investment Corp. Common Stock	Finance	Finance/Investors Services	685751749
SLS	SELLAS Life Sciences Group Inc. Common Stock	Health Care	Biotechnology: Pharmaceutical Preparations	2798967527
SLSR	Solaris Resources Inc. Common Shares	Other		1359667570
SMA	SmartStop Self Storage REIT Inc. Common Stock	Real Estate	Real Estate Investment Trusts	1803918860
SMBK	SmartFinancial Inc. Common Stock	Finance	Major Banks	886897795
SMC	Summit Midstream Corporation Common Stock	Utilities	Natural Gas Distribution	694536507
SMHI	SEACOR Marine Holdings Inc. Common Stock 	Consumer Discretionary	Marine Transportation	264816382
SMTI	Sanara MedTech Inc. Common Stock	Health Care	Industrial Specialties	319100456
SMWB	Similarweb Ltd. Ordinary Shares	Technology	Computer Software: Programming Data Processing	768783436
SND	Smart Sand Inc. Common Stock	Industrials	Mining & Quarrying of Nonmetallic Minerals (No Fuels)	225563005
SNDA	Sonida Senior Living Inc. Common Stock	Health Care	Hospital/Nursing Management	1810928743
SNDX	Syndax Pharmaceuticals Inc. Common Stock	Health Care	Biotechnology: Pharmaceutical Preparations	1835948088
SOC	Sable Offshore Corp. Common Stock	Energy	Oil & Gas Production	909461771
SOUN	SoundHound AI Inc Class A Common Stock	Technology	Computer Software: Prepackaged Software	2993300349
SPB	Spectrum Brands Holdings Inc. Common Stock	Miscellaneous	Industrial Machinery/Components	2035110246
SPCE	Virgin Galactic Holdings Inc. Common Stock	Consumer Discretionary	Transportation Services	460851545
SPFI	South Plains Financial Inc. Common Stock	Finance	Major Banks	859628361
SPH	Suburban Propane Partners L.P. Common Stock	Consumer Discretionary	Other Specialty Stores	1168801020
SPIR	Spire Global Inc. Class A Common Stock	Consumer Discretionary	Telecommunications Equipment	486656005
SPOK	Spok Holdings Inc. Common Stock	Telecommunications	Telecommunications Equipment	224033247
SPRB	Spruce Biosciences Inc. Common Stock	Health Care	Biotechnology: Pharmaceutical Preparations	166491573
SPRY	ARS Pharmaceuticals Inc. Common Stock	Health Care	Biotechnology: Pharmaceutical Preparations	558894068
SPT	Sprout Social Inc Class A Common Stock	Technology	Computer Software: Prepackaged Software	688327528
SPTX	Seaport Therapeutics Inc. Common Stock	Health Care	Biotechnology: Pharmaceutical Preparations	1330769473
SRCE	1st Source Corporation Common Stock	Finance	Major Banks	2100657682
SRI	Stoneridge Inc. Common Stock	Consumer Discretionary	Auto Parts:O.E.M.	213351098
SRTA	Strata Critical Medical Inc. Class A Common Stock	Health Care	Medical/Nursing Services	470643408
SRZN	Surrozen Inc. Common Stock	Health Care	Biotechnology: Biological Products (No Diagnostic Substances)	267510980
SSMR	Sunshine Silver Mining & Refining Company Common Stock	Basic Materials	Precious Metals	2508029222
SSP	E.W. Scripps Company (The) Class A Common Stock	Industrials	Broadcasting	305807670
SSTK	Shutterstock Inc. Common Stock	Technology	EDP Services	212079706
SSYS	Stratasys Ltd. Ordinary Shares (Israel)	Technology	Computer peripheral equipment	689380312
STDN	Standard Nuclear Inc. Class A Common Stock	Basic Materials	Major Chemicals	2301296099
STIM	Neuronetics Inc. Common Stock	Health Care	Medical/Dental Instruments	219447999
STLN	Starling Oncology Inc. Common Stock	Health Care	Medical/Nursing Services	604362562
STOK	Stoke Therapeutics Inc. Common Stock	Health Care	Biotechnology: Pharmaceutical Preparations	1923527274
STRO	Sutro Biopharma Inc. Common Stock	Health Care	Biotechnology: Biological Products (No Diagnostic Substances)	332784102
STRT	STRATTEC SECURITY CORPORATION Common Stock	Consumer Discretionary	Auto Parts:O.E.M.	302223386
STRZ	Starz Entertainment Corp. Common Shares	Consumer Discretionary	Movies/Entertainment	460468958
STTK	Shattuck Labs Inc. Common Stock	Health Care	Biotechnology: Pharmaceutical Preparations	681466488
STUB	StubHub Holdings Inc. Class A Common Stock	Consumer Discretionary	Services-Misc. Amusement & Recreation	2521793776
SUJA	Suja Life Inc. Class A Common Stock	Consumer Staples	Beverages (Production/Distribution)	405948876
SVCO	Silvaco Group Inc. Common Stock	Technology	Computer Software: Prepackaged Software	221612857
SVRA	Savara Inc. Common Stock	Health Care	Biotechnology: Pharmaceutical Preparations	1103320281
SVV	Savers Value Village Inc. Common Stock	Consumer Discretionary	Other Specialty Stores	1611976611
SWBI	Smith & Wesson Brands Inc. Common Stock	Industrials	Ordnance And Accessories	577983475
SWIM	Latham Group Inc. Common Stock	Industrials	Plastic Products	835287211
SWMR	Swarmer Inc Common Stock	Technology	Computer Software: Prepackaged Software	513808267
SXC	SunCoke Energy Inc. Common Stock	Industrials	Steel/Iron Ore	876757201
TARA	Protara Therapeutics Inc.  Common Stock	Health Care	Biotechnology: Biological Products (No Diagnostic Substances)	232836223
TASK	TaskUs Inc. Class A Common Stock	Technology	EDP Services	725244336
TAYD	Taylor Devices Inc. Common Stock	Industrials	Industrial Machinery/Components	200531433
TBCH	Turtle Beach Corporation Common Stock	Telecommunications	Telecommunications Equipment	223513193
TBI	TrueBlue Inc. Common Stock	Consumer Discretionary	Professional Services	299876788
TBN	Tamboran Resources Corporation Common stock	Energy	Oil & Gas Production	1374388325
TCMD	Tactile Systems Technology Inc. Common Stock	Health Care	Medical/Dental Instruments	495405495
TDAY	USA TODAY Co. Inc. Common Stock	Consumer Discretionary	Newspapers/Magazines	929357567
TDUP	ThredUp Inc. Class A Common Stock	Consumer Discretionary	Catalog/Specialty Distribution	357227528
TECX	Tectonic Therapeutic Inc. Common Stock	Health Care	Biotechnology: Biological Products (No Diagnostic Substances)	601143005
TG	Tredegar Corporation Common Stock	Industrials	Metal Fabrications	271166713
TH	Target Hospitality Corp. Common Stock	Consumer Discretionary	Hotels/Resorts	1944649217
THRY	Thryv Holdings Inc. Common Stock	Consumer Discretionary	Advertising	92433351
TIC	TIC Solutions Inc. Common Stock	Consumer Discretionary	Business Services	2042542532
TII	Titan Mining Corporation Common Shares	Other		320696256
TIPT	Tiptree Inc. Common Stock	Finance	Property-Casualty Insurers	688561905
TISI	Team Inc. Common Stock	Consumer Discretionary	Other Consumer Services	127917363
TITN	Titan Machinery Inc. Common Stock	Consumer Discretionary	Other Specialty Stores	610983160
TKNO	Alpha Teknova Inc. Common Stock	Health Care	Biotechnology: In Vitro & In Vivo Diagnostic Substances	371522662
TLRY	Tilray Brands Inc. Common Stock 	Health Care	 Medicinal Chemicals and Botanical Products 	612916106
TLS	Telos Corporation Common Stock	Technology	EDP Services	358736587
TLYS	Tilly's Inc. Common Stock	Consumer Discretionary	Clothing/Shoe/Accessory Stores	134149048
TMCI	Treace Medical Concepts Inc. Common Stock	Health Care	Medical/Dental Instruments	312816195
TNXP	Tonix Pharmaceuticals Holding Corp. Common Stock	Health Care	Biotechnology: Pharmaceutical Preparations	225364455
TONX	TON Strategy Company Common Stock	Finance	Finance: Consumer Services	182839003
TPB	Turning Point Brands Inc. Common Stock	Consumer Discretionary	Tobacco	1508079913
TPVG	TriplePoint Venture Growth BDC Corp. Common Stock	Consumer Discretionary	Other Consumer Services	212911851
TRAX	First Tracks Biotherapeutics Inc. Ordinary Shares 	Health Care	Biotechnology: Pharmaceutical Preparations	1445669908
TRC	Tejon Ranch Co Common Stock	Finance	Real Estate	443962325
TRDA	Entrada Therapeutics Inc. Common Stock	Health Care	Biotechnology: Pharmaceutical Preparations	277618450
TREE	LendingTree Inc. Common Stock	Finance	Finance: Consumer Services	398021554
TRIN	Trinity Capital Inc. Common Stock	Finance	Finance: Consumer Services	1725316918
TRLV	Trulieve Cannabis Corp. Subordinate Voting Shares	Health Care	 Medicinal Chemicals and Botanical Products 	2331965807
TRNS	Transcat Inc. Common Stock	Industrials	Electrical Products	800076815
TROX	Tronox Holdings plc Ordinary Shares (UK)	Basic Materials	Major Chemicals	768157139
TRS	TriMas Corporation Common Stock	Industrials	Industrial Specialties	1416300506
TRT	Trio-Tech International Common Stock	Technology	Industrial Machinery/Components	106283415
TRVI	Trevi Therapeutics Inc. Common Stock	Health Care	Biotechnology: Pharmaceutical Preparations	2459133016
TSHA	Taysha Gene Therapies Inc. Common Stock	Health Care	Biotechnology: Biological Products (No Diagnostic Substances)	1824667852
TSLX	Sixth Street Specialty Lending Inc. Common Stock	Finance	Investment Managers	1752406895
TSSI	TSS Inc. Common Stock	Consumer Discretionary	Professional Services	237604569
TTAM	Titan America SA Common Shares	Industrials	Mining & Quarrying of Nonmetallic Minerals (No Fuels)	2852087334
TTGT	TechTarget Inc. Common Stock	Telecommunications	Telecommunications Equipment	292947273
TTI	Tetra Technologies Inc. Common Stock	Energy	Oil & Gas Production	1023182903
TTRX	Turn Therapeutics Inc. Common Stock	Health Care	Biotechnology: Pharmaceutical Preparations	291922792
TWFG	TWFG Inc. Class A Common Stock	Finance	Specialty Insurers	1561556329
TWI	Titan International Inc. (DE) Common Stock	Industrials	Steel/Iron Ore	537637792
TWIN	Twin Disc Incorporated Common Stock	Industrials	Industrial Machinery/Components	343984424
TYG	Tortoise Energy Infrastructure Corporation Common Stock	Finance	Investment Managers	506458761
TYRA	Tyra Biosciences Inc. Common Stock	Health Care	Biotechnology: Pharmaceutical Preparations	1709744302
UIS	Unisys Corporation New Common Stock	Technology	EDP Services	191039802
ULCC	Frontier Group Holdings Inc. Common Stock	Consumer Discretionary	Air Freight/Delivery Services	1372085995
ULH	Universal Logistics Holdings Inc. Common Stock	Industrials	Trucking Freight/Courier Services	501251973
UMAC	Unusual Machines Inc. Common Stock	Technology	Radio And Television Broadcasting And Communications Equipment	1186966559
UMH	UMH Properties Inc. Common Stock	Real Estate	Real Estate Investment Trusts	1361900320
UNCY	Unicycive Therapeutics Inc. Common Stock	Health Care	Biotechnology: Pharmaceutical Preparations	143733126
UPB	Upstream Bio Inc. Common Stock	Health Care	Biotechnology: Pharmaceutical Preparations	329173956
USAU	U.S. Gold Corp. Common Stock	Basic Materials	Metal Mining	266897532
USCB	USCB Financial Holdings Inc. Class A Common Stock	Finance	Major Banks	433780556
USDE	StablecoinX Inc. Class A Common Stock	Finance	Finance: Consumer Services	215593933
USGO	U.S. GoldMining Inc. Common stock	Basic Materials	Precious Metals	118601969
USIO	Usio Inc. Common Stock	Finance	Investment Bankers/Brokers/Service	78362389
USNA	USANA Health Sciences Inc. Common Stock	Health Care	 Medicinal Chemicals and Botanical Products 	276408949
UTMD	Utah Medical Products Inc. Common Stock	Health Care	Medical/Dental Instruments	226369460
UTZ	Utz Brands Inc Class A Common Stock 	Consumer Staples	Packaged Foods	2045703047
UVE	UNIVERSAL INSURANCE HOLDINGS INC Common Stock	Finance	Property-Casualty Insurers	1228431870
VEL	Velocity Financial Inc. Common Stock	Finance	Finance: Consumer Services	727643253
VELO	Velo3D Inc. Common stock	Technology	Industrial Machinery/Components	373251260
VENU	Venu Holding Corporation Common Stock	Consumer Discretionary	Services-Misc. Amusement & Recreation	117738678
VERA	Vera Therapeutics Inc. Class A Common Stock	Health Care	Biotechnology: Pharmaceutical Preparations	2586353093
VERX	Vertex Inc. Class A Common Stock	Technology	Computer Software: Prepackaged Software	2233741585
VGZ	Vista Gold Corp Common Stock	Basic Materials	Precious Metals	326975815
VIA	Via Transportation Inc. Class A Common Stock	Technology	Computer Software: Prepackaged Software	2292752894
VIRC	Virco Manufacturing Corporation Common Stock	Consumer Discretionary	Industrial Specialties	102556620
VISN	Vistance Networks Inc. Common Stock	Technology	Radio And Television Broadcasting And Communications Equipment	1476009037
VITL	Vital Farms Inc. Common Stock	Consumer Staples	Packaged Foods	425880698
VLGEA	Village Super Market Inc. Class A Common Stock	Consumer Staples	Food Chains	642287625
VMD	Viemed Healthcare Inc. Common Shares	Health Care	Misc Health and Biotechnology Services	345841110
VNDA	Vanda Pharmaceuticals Inc. Common Stock	Health Care	Biotechnology: Pharmaceutical Preparations	328312390
VOGX	Vogenx Inc Common Stock	Health Care	Biotechnology: Pharmaceutical Preparations	471351911
VOR	Vor Biopharma Inc. Common Stock	Health Care	Biotechnology: Biological Products (No Diagnostic Substances)	1482015465
VOYG	Voyager Technologies Inc. Class A Common Stock	Industrials	Military/Government/Technical	2103185707
VPG	Vishay Precision Group Inc. Common Stock	Technology	Electrical Products	839320294
VRDN	Viridian Therapeutics Inc. Common Stock	Health Care	Biotechnology: Pharmaceutical Preparations	2596658805
VREX	Varex Imaging Corporation Common Stock	Technology	Industrial Machinery/Components	779271000
VRM	Vroom Inc. Common Stock	Consumer Discretionary	Retail-Auto Dealers and Gas Stations	56688043
VSTM	Verastem Inc. Common Stock	Health Care	Biotechnology: Pharmaceutical Preparations	742620216
VTS	Vitesse Energy Inc. Common Stock	Energy	Oil & Gas Production	748614756
VUZI	Vuzix Corporation Common Stock	Technology	Radio And Television Broadcasting And Communications Equipment	205970721
VYGR	Voyager Therapeutics Inc. Common Stock	Health Care	Biotechnology: Biological Products (No Diagnostic Substances)	216278997
WATT	Energous Corporation Common Stock	Technology	Radio And Television Broadcasting And Communications Equipment	59305472
WBTN	WEBTOON Entertainment Inc. Common stock	Consumer Discretionary	Publishing	1353039368
WEAV	Weave Communications Inc. Common Stock	Technology	Computer Software: Prepackaged Software	586393542
WEST	Westrock Coffee Company Common Stock	Consumer Staples	Beverages (Production/Distribution)	756612249
WEYS	Weyco Group Inc. Common Stock	Consumer Staples	Apparel	433328099
WGS	GeneDx Holdings Corp. Class A Common Stock	Health Care	Medical/Nursing Services	2564440301
WHG	Westwood Holdings Group Inc Common Stock	Finance	Investment Managers	179888415
WHK	WhiteHawk Minerals Corp Class A Common Stock	Energy	Oil & Gas Production	766865328
WHWK	Whitehawk Therapeutics Inc. Common Stock	Health Care	Biotechnology: Pharmaceutical Preparations	262241446
WLDN	Willdan Group Inc. Common Stock	Consumer Discretionary	Military/Government/Technical	1306608766
WLFC	Willis Lease Finance Corporation Common Stock	Consumer Discretionary	Industrial Specialties	1188721920
WLTH	Wealthfront Corporation Common Stock	Finance	Finance: Consumer Services	1430880449
WMK	Weis Markets Inc. Common Stock	Consumer Staples	Food Chains	1781116092
WNC	Wabash National Corporation Common Stock	Industrials	Construction/Ag Equipment/Trucks	582948946
WOLF	Wolfspeed Inc. Common Stock New	Technology	Semiconductors	1502419477
WOOF	Petco Health and Wellness Company Inc. Class A Common Stock	Consumer Discretionary	Other Specialty Stores	873061292
WSBF	Waterstone Financial Inc. Common Stock (MD)	Finance	Savings Institutions	386775757
WTI	W&T Offshore Inc. Common Stock	Energy	Oil & Gas Production	576602077
WTTR	Select Water Solutions Inc. Class A common stock	Energy	Oilfield Services/Equipment	2777925510
WW	WW International Inc.  Common Stock	Consumer Discretionary	Other Consumer Services	180177655
WYFI	WhiteFiber Inc. Ordinary Shares	Finance	Finance: Consumer Services	759092226
WYY	WidePoint Corporation Common Stock	Technology	EDP Services	109180945
XERS	Xeris Biopharma Holdings Inc. Common Stock	Health Care	Biotechnology: Pharmaceutical Preparations	1555192210
XFOR	X4 Pharmaceuticals Inc. Common Stock	Health Care	Biotechnology: Biological Products (No Diagnostic Substances)	400552842
XGN	Exagen Inc. Common Stock	Health Care	Medical Specialities	183628070
XHLD	TEN Holdings Inc. Common Stock	Consumer Discretionary	Business Services	110671573
XMAX	XMAX Inc. Common Stock	Consumer Discretionary	Home Furnishings	556837166
XPER	Xperi Inc. Common Stock 	Technology	Computer Software: Prepackaged Software	282388849
XPOF	Xponential Fitness Inc. Class A Common Stock	Consumer Discretionary	Services-Misc. Amusement & Recreation	242180840
XRN	Chiron Real Estate Inc. Common Stock	Real Estate	Real Estate Investment Trusts	489270197
XRX	Xerox Holdings Corporation Common Stock	Technology	Computer peripheral equipment	435964177
XZO	Exzeo Group Inc. Common Stock	Technology	Computer Software: Prepackaged Software	1490921943
YARW	Yarrow Bioscience Inc. Common Stock	Health Care	Biotechnology: Pharmaceutical Preparations	80653027
YDES	YD Bio Limited Ordinary Shares	Health Care	Medical Specialities	250742965
YEXT	Yext Inc. Common Stock	Technology	EDP Services	644351363
YORW	York Water Company (The) Common Stock	Utilities	Water Supply	552583183
YSS	York Space Systems Inc. Common Stock	Industrials	Military/Government/Technical	1230724141
YSWY	Yesway Inc. Class A Common Stock	Consumer Staples	Food Chains	1566597753
ZBIO	Zenas BioPharma Inc. Common Stock	Health Care	Biotechnology: Pharmaceutical Preparations	2143010652
ZIP	ZipRecruiter Inc. Class A Common Stock	Technology	Computer Software: Programming Data Processing	346994408
ZNTL	Zentalis Pharmaceuticals Inc. Common Stock	Health Care	Biotechnology: Pharmaceutical Preparations	377727586
ZSQR	Z Squared Inc. Common Stock	Finance	Finance: Consumer Services	156351171
ZUMZ	Zumiez Inc. Common Stock	Consumer Discretionary	Clothing/Shoe/Accessory Stores	304206036
ZVRA	Zevra Therapeutics Inc. Common Stock	Health Care	Biotechnology: Pharmaceutical Preparations	736358884
ZYME	Zymeworks Inc. Common Stock	Health Care	Biotechnology: Pharmaceutical Preparations	2071300245