date,equity,cash,n_pos
2010-01-04,3000.0,3000.0,0
2010-01-05,3000.0,3000.0,0
2010-01-06,3000.0,3000.0,0
2010-01-07,3000.0,3000.0,0
2010-01-08,3000.0,3000.0,0
2010-01-11,3000.0,3000.0,0
2010-01-12,3000.0,3000.0,0
2010-01-13,3000.0,3000.0,0
2010-01-14,3000.0,3000.0,0
2010-01-15,3000.0,3000.0,0
2010-01-19,3000.0,3000.0,0
2010-01-20,3000.0,3000.0,0
2010-01-21,3000.0,3000.0,0
2010-01-22,3000.0,3000.0,0
2010-01-25,3000.0,3000.0,0
2010-01-26,3000.0,3000.0,0
2010-01-27,3000.0,3000.0,0
2010-01-28,3000.0,3000.0,0
2010-01-29,3000.0,3000.0,0
2010-02-01,3000.0,3000.0,0
2010-02-02,3000.0,3000.0,0
2010-02-03,3000.0,3000.0,0
2010-02-04,3000.0,3000.0,0
2010-02-05,3000.0,3000.0,0
2010-02-08,3000.0,3000.0,0
2010-02-09,3000.0,3000.0,0
2010-02-10,3000.0,3000.0,0
2010-02-11,3000.0,3000.0,0
2010-02-12,3000.0,3000.0,0
2010-02-16,3000.0,3000.0,0
2010-02-17,3000.0,3000.0,0
2010-02-18,3000.0,3000.0,0
2010-02-19,3000.0,3000.0,0
2010-02-22,3000.0,3000.0,0
2010-02-23,3000.0,3000.0,0
2010-02-24,3000.0,3000.0,0
2010-02-25,3000.0,3000.0,0
2010-02-26,3000.0,3000.0,0
2010-03-01,3000.0,3000.0,0
2010-03-02,3000.0,3000.0,0
2010-03-03,3000.0,3000.0,0
2010-03-04,3000.0,3000.0,0
2010-03-05,3000.0,3000.0,0
2010-03-08,3000.0,3000.0,0
2010-03-09,3000.0,3000.0,0
2010-03-10,3000.0,3000.0,0
2010-03-11,3000.0,3000.0,0
2010-03-12,3000.0,3000.0,0
2010-03-15,3000.0,3000.0,0
2010-03-16,3000.0,3000.0,0
2010-03-17,3000.0,3000.0,0
2010-03-18,3000.0,3000.0,0
2010-03-19,3000.0,3000.0,0
2010-03-22,3000.0,3000.0,0
2010-03-23,3000.0,3000.0,0
2010-03-24,3000.0,3000.0,0
2010-03-25,3000.0,3000.0,0
2010-03-26,3000.0,3000.0,0
2010-03-29,3000.0,3000.0,0
2010-03-30,3000.0,3000.0,0
2010-03-31,3000.0,3000.0,0
2010-04-01,3000.0,3000.0,0
2010-04-05,3000.0,3000.0,0
2010-04-06,3000.0,3000.0,0
2010-04-07,3000.0,3000.0,0
2010-04-08,3000.0,3000.0,0
2010-04-09,3000.0,3000.0,0
2010-04-12,3000.0,3000.0,0
2010-04-13,3000.0,3000.0,0
2010-04-14,3000.0,3000.0,0
2010-04-15,3000.0,3000.0,0
2010-04-16,3000.0,3000.0,0
2010-04-19,3000.0,3000.0,0
2010-04-20,3000.0,3000.0,0
2010-04-21,3000.0,3000.0,0
2010-04-22,3000.0,3000.0,0
2010-04-23,3000.0,3000.0,0
2010-04-26,3000.0,3000.0,0
2010-04-27,3000.0,3000.0,0
2010-04-28,3000.0,3000.0,0
2010-04-29,3000.0,3000.0,0
2010-04-30,3000.0,3000.0,0
2010-05-03,3000.0,3000.0,0
2010-05-04,3000.0,3000.0,0
2010-05-05,3000.0,3000.0,0
2010-05-06,3000.0,3000.0,0
2010-05-07,3000.0,3000.0,0
2010-05-10,3000.0,3000.0,0
2010-05-11,3000.0,3000.0,0
2010-05-12,3000.0,3000.0,0
2010-05-13,3000.0,3000.0,0
2010-05-14,3000.0,3000.0,0
2010-05-17,3000.0,3000.0,0
2010-05-18,3000.0,3000.0,0
2010-05-19,3000.0,3000.0,0
2010-05-20,3000.0,3000.0,0
2010-05-21,3000.0,3000.0,0
2010-05-24,3000.0,3000.0,0
2010-05-25,3000.0,3000.0,0
2010-05-26,3000.0,3000.0,0
2010-05-27,3000.0,3000.0,0
2010-05-28,3000.0,3000.0,0
2010-06-01,3000.0,3000.0,0
2010-06-02,3000.0,3000.0,0
2010-06-03,3000.0,3000.0,0
2010-06-04,3000.0,3000.0,0
2010-06-07,3000.0,3000.0,0
2010-06-08,3000.0,3000.0,0
2010-06-09,3000.0,3000.0,0
2010-06-10,3000.0,3000.0,0
2010-06-11,3000.0,3000.0,0
2010-06-14,3000.0,3000.0,0
2010-06-15,3000.0,3000.0,0
2010-06-16,3000.0,3000.0,0
2010-06-17,3000.0,3000.0,0
2010-06-18,3000.0,3000.0,0
2010-06-21,3000.0,3000.0,0
2010-06-22,3000.0,3000.0,0
2010-06-23,3000.0,3000.0,0
2010-06-24,3000.0,3000.0,0
2010-06-25,3000.0,3000.0,0
2010-06-28,3000.0,3000.0,0
2010-06-29,3000.0,3000.0,0
2010-06-30,3000.0,3000.0,0
2010-07-01,3000.0,3000.0,0
2010-07-02,3000.0,3000.0,0
2010-07-06,3000.0,3000.0,0
2010-07-07,3000.0,3000.0,0
2010-07-08,3000.0,3000.0,0
2010-07-09,3000.0,3000.0,0
2010-07-12,3000.0,3000.0,0
2010-07-13,3000.0,3000.0,0
2010-07-14,3000.0,3000.0,0
2010-07-15,3000.0,3000.0,0
2010-07-16,3000.0,3000.0,0
2010-07-19,3000.0,3000.0,0
2010-07-20,3000.0,3000.0,0
2010-07-21,3000.0,3000.0,0
2010-07-22,3000.0,3000.0,0
2010-07-23,3000.0,3000.0,0
2010-07-26,3000.0,3000.0,0
2010-07-27,3000.0,3000.0,0
2010-07-28,3000.0,3000.0,0
2010-07-29,3000.0,3000.0,0
2010-07-30,3000.0,3000.0,0
2010-08-02,3000.0,3000.0,0
2010-08-03,3000.0,3000.0,0
2010-08-04,3000.0,3000.0,0
2010-08-05,3000.0,3000.0,0
2010-08-06,3000.0,3000.0,0
2010-08-09,3000.0,3000.0,0
2010-08-10,3000.0,3000.0,0
2010-08-11,3000.0,3000.0,0
2010-08-12,3000.0,3000.0,0
2010-08-13,3000.0,3000.0,0
2010-08-16,3000.0,3000.0,0
2010-08-17,3000.0,3000.0,0
2010-08-18,3000.0,3000.0,0
2010-08-19,3000.0,3000.0,0
2010-08-20,3000.0,3000.0,0
2010-08-23,3000.0,3000.0,0
2010-08-24,3000.0,3000.0,0
2010-08-25,3000.0,3000.0,0
2010-08-26,3000.0,3000.0,0
2010-08-27,3000.0,3000.0,0
2010-08-30,3000.0,3000.0,0
2010-08-31,3000.0,3000.0,0
2010-09-01,3000.0,3000.0,0
2010-09-02,3000.0,3000.0,0
2010-09-03,3000.0,3000.0,0
2010-09-07,3000.0,3000.0,0
2010-09-08,3000.0,3000.0,0
2010-09-09,3000.0,3000.0,0
2010-09-10,3000.0,3000.0,0
2010-09-13,3000.0,3000.0,0
2010-09-14,3000.0,3000.0,0
2010-09-15,3000.0,3000.0,0
2010-09-16,3000.0,3000.0,0
2010-09-17,3000.0,3000.0,0
2010-09-20,3000.0,3000.0,0
2010-09-21,3000.0,3000.0,0
2010-09-22,3000.0,3000.0,0
2010-09-23,3000.0,3000.0,0
2010-09-24,3000.0,3000.0,0
2010-09-27,3000.0,3000.0,0
2010-09-28,3000.0,3000.0,0
2010-09-29,3000.0,3000.0,0
2010-09-30,3000.0,3000.0,0
2010-10-01,3000.0,3000.0,0
2010-10-04,3000.0,3000.0,0
2010-10-05,3000.0,3000.0,0
2010-10-06,3000.0,3000.0,0
2010-10-07,3000.0,3000.0,0
2010-10-08,3000.0,3000.0,0
2010-10-11,3000.0,3000.0,0
2010-10-12,3000.0,3000.0,0
2010-10-13,3000.0,3000.0,0
2010-10-14,3000.0,3000.0,0
2010-10-15,3000.0,3000.0,0
2010-10-18,3000.0,3000.0,0
2010-10-19,3000.0,3000.0,0
2010-10-20,3000.0,3000.0,0
2010-10-21,3000.0,3000.0,0
2010-10-22,3000.0,3000.0,0
2010-10-25,3000.0,3000.0,0
2010-10-26,3000.0,3000.0,0
2010-10-27,3000.0,3000.0,0
2010-10-28,3000.0,3000.0,0
2010-10-29,3000.0,3000.0,0
2010-11-01,3000.0,3000.0,0
2010-11-02,3000.0,3000.0,0
2010-11-03,3000.0,3000.0,0
2010-11-04,3000.0,3000.0,0
2010-11-05,3000.0,3000.0,0
2010-11-08,3000.0,3000.0,0
2010-11-09,3000.0,3000.0,0
2010-11-10,3000.0,3000.0,0
2010-11-11,3000.0,3000.0,0
2010-11-12,3000.0,3000.0,0
2010-11-15,3000.0,3000.0,0
2010-11-16,3000.0,3000.0,0
2010-11-17,3000.0,3000.0,0
2010-11-18,3000.0,3000.0,0
2010-11-19,3000.0,3000.0,0
2010-11-22,3000.0,3000.0,0
2010-11-23,3000.0,3000.0,0
2010-11-24,3000.0,3000.0,0
2010-11-26,3000.0,3000.0,0
2010-11-29,3000.0,3000.0,0
2010-11-30,3000.0,3000.0,0
2010-12-01,3000.0,3000.0,0
2010-12-02,3000.0,3000.0,0
2010-12-03,3000.0,3000.0,0
2010-12-06,3000.0,3000.0,0
2010-12-07,3000.0,3000.0,0
2010-12-08,3000.0,3000.0,0
2010-12-09,3000.0,3000.0,0
2010-12-10,3000.0,3000.0,0
2010-12-13,3000.0,3000.0,0
2010-12-14,3000.0,3000.0,0
2010-12-15,3000.0,3000.0,0
2010-12-16,3000.0,3000.0,0
2010-12-17,3000.0,3000.0,0
2010-12-20,3000.0,3000.0,0
2010-12-21,3000.0,3000.0,0
2010-12-22,3000.0,3000.0,0
2010-12-23,3000.0,3000.0,0
2010-12-27,3000.0,3000.0,0
2010-12-28,3000.0,3000.0,0
2010-12-29,3000.0,3000.0,0
2010-12-30,3000.0,3000.0,0
2010-12-31,3000.0,3000.0,0
2011-01-03,3046.8,7.1749999999999545,3
2011-01-04,3084.9912,632.9911999999999,3
2011-01-05,3134.0751600000003,585.0081600000001,3
2011-01-06,3090.866485,1175.492085,2
2011-01-07,3105.114885,7.242085000000088,3
2011-01-10,3138.7810449999997,586.865845,3
2011-01-11,3101.154045,586.865845,3
2011-01-12,3114.9266449999996,586.865845,3
2011-01-13,3135.9450450000004,586.865845,3
2011-01-14,3133.9666450000004,586.865845,3
2011-01-18,3128.203045,586.865845,3
2011-01-19,3100.043445,1206.065845,2
2011-01-20,3052.2782450000004,1813.555845,1
2011-01-21,3044.5539449999997,41.178044999999884,3
2011-01-24,3048.010445,5.153044999999793,3
2011-01-25,3046.8983449999996,5.153044999999793,3
2011-01-26,3087.3322449999996,26.853044999999724,3
2011-01-27,3121.6263449999997,26.853044999999724,3
2011-01-28,3106.9058496000002,1248.1766496,3
2011-01-31,3116.4378496,1849.3766495999998,2
2011-02-01,3142.6514496,606.0680496,3
2011-02-02,3140.1994496,606.0680496,3
2011-02-03,3138.0258496,606.0680496,3
2011-02-04,3148.5204496,606.0680496,3
2011-02-07,3174.6670496,606.0680496,3
2011-02-08,3187.4110496000003,606.0680496,3
2011-02-09,3190.7744496,606.0680496,3
2011-02-10,3165.4594496,606.0680496,3
2011-02-11,3194.4164496,606.0680496,3
2011-02-14,3224.4870496,606.0680496,3
2011-02-15,3254.5588496,606.0680496,3
2011-02-16,3280.4630496,606.0680496,3
2011-02-17,3278.6420495999996,606.0680496,3
2011-02-18,3261.1724496,606.0680496,3
2011-02-22,3217.6804496000004,1852.4672496,2
2011-02-23,3225.7096496000004,1852.4672496,2
2011-02-24,3223.7528496000004,571.3952496000002,3
2011-02-25,3262.6008496000004,571.3952496000002,3
2011-02-28,3286.5987696,1237.9395696000001,3
2011-03-01,3276.3327696,1237.9395696000001,3
2011-03-02,3277.6871696000003,1237.9395696000001,3
2011-03-03,3306.2031696000004,1237.9395696000001,3
2011-03-04,3312.1607696,1237.9395696000001,3
2011-03-07,3321.6695696,1237.9395696000001,3
2011-03-08,3302.6827696000005,1237.9395696000001,3
2011-03-09,3287.1699696000005,1237.9395696000001,3
2011-03-10,3239.8995696,1888.6995696000001,2
2011-03-11,3219.7561696000002,33.135169600000154,3
2011-03-14,3172.3148176,16.92211759999998,3
2011-03-15,3118.1590256,1903.3990255999997,1
2011-03-16,3083.6390255999995,54.799025599999595,3
2011-03-17,3103.109025599999,686.5390255999994,2
2011-03-18,3080.398025599999,50.97142559999941,3
2011-03-21,3154.5047256,9.25472559999946,3
2011-03-22,3150.0447255999993,9.25472559999946,3
2011-03-23,3148.5147255999996,9.25472559999946,3
2011-03-24,3220.6111255999995,661.6611255999995,3
2011-03-25,3230.0311255999995,661.6611255999995,3
2011-03-28,3227.6211255999997,661.6611255999995,3
2011-03-29,3273.3011255999995,661.6611255999995,3
2011-03-30,3304.5911256,661.6611255999995,3
2011-03-31,3292.7311255999994,661.6611255999995,3
2011-04-01,3325.8203255999997,50.00822559999938,3
2011-04-04,3324.6848255999994,50.00822559999938,3
2011-04-05,3323.6911255999994,50.00822559999938,3
2011-04-06,3287.9110255999994,50.00822559999938,3
2011-04-07,3250.3588255999994,50.00822559999938,3
2011-04-08,3254.773125599999,37.44822559999943,3
2011-04-11,3272.2541256,29.07412559999966,3
2011-04-12,3241.6541255999996,29.07412559999966,3
2011-04-13,3258.7741255999995,29.07412559999966,3
2011-04-14,3265.9941255999997,29.07412559999966,3
2011-04-15,3297.9341256,29.07412559999966,3
2011-04-18,3294.7872855999994,1294.6472855999996,2
2011-04-19,3305.5185856,19.484885599999643,3
2011-04-20,3349.6960855999996,19.484885599999643,3
2011-04-21,3335.0142855999993,19.484885599999643,3
2011-04-25,3311.3966225999993,1906.7797225999996,2
2011-04-26,3367.4557225999997,599.2597225999996,3
2011-04-27,3631.1051226,599.2597225999996,3
2011-04-28,3591.2669226,599.2597225999996,3
2011-04-29,3372.339022599999,599.2597225999996,3
2011-05-02,3439.2636825999994,1277.6638825999994,3
2011-05-03,3392.5938825999992,1277.6638825999994,3
2011-05-04,3342.492482599999,1277.6638825999994,3
2011-05-05,3320.9431825999995,720.0238825999995,3
2011-05-06,3329.7938825999995,720.0238825999995,3
2011-05-09,3311.6012825999996,720.0238825999995,3
2011-05-10,3330.3903825999996,788.2638825999995,3
2011-05-11,3284.7766825999997,788.2638825999995,3
2011-05-12,3290.613482599999,704.2638825999995,3
2011-05-13,3260.0282825999993,704.2638825999995,3
2011-05-16,3235.0762625999996,1947.5393625999995,2
2011-05-17,3233.1176625999997,677.8793625999995,3
2011-05-18,3261.1684625999997,677.8793625999995,3
2011-05-19,3263.1828625999997,677.8793625999995,3
2011-05-20,3249.5702625999993,677.8793625999995,3
2011-05-23,3205.649762599999,677.8793625999995,3
2011-05-24,3195.4948625999987,4.399862599999096,3
2011-05-25,3172.0298625999985,26.679862599999296,3
2011-05-26,3163.2974625999996,9.873862599999143,3
2011-05-27,3152.077962599999,9.873862599999143,3
2011-05-31,3161.236862599999,9.873862599999143,3
2011-06-01,3156.6933625999986,9.873862599999143,3
2011-06-02,3156.829162599999,9.873862599999143,3
2011-06-03,3084.479762599999,9.873862599999143,3
2011-06-06,3038.4727625999985,1835.6727625999986,1
2011-06-07,3027.142062599998,660.6206625999987,2
2011-06-08,3003.669462599999,1868.4694625999987,1
2011-06-09,3000.5664625999993,9.792462599998998,3
2011-06-10,2970.083462599999,1184.178462599999,2
2011-06-13,2975.213462599999,2975.213462599999,0
2011-06-14,2973.603462599999,1804.283462599999,1
2011-06-15,2946.470132599999,2946.470132599999,0
2011-06-16,2946.470132599999,2946.470132599999,0
2011-06-17,2943.2501325999992,1794.170132599999,1
2011-06-20,2973.3801325999993,1794.170132599999,1
2011-06-21,2995.230132599999,1794.170132599999,1
2011-06-22,2985.110132599999,1794.170132599999,1
2011-06-23,2970.620132599999,1794.170132599999,1
2011-06-24,2954.7501325999992,1794.170132599999,1
2011-06-27,2967.860132599999,1794.170132599999,1
2011-06-28,2999.460132599999,651.3501325999991,2
2011-06-29,2997.590132599999,8.960132599999156,3
2011-06-30,3009.3101325999987,8.960132599999156,3
2011-07-01,3063.4701325999995,8.960132599999156,3
2011-07-05,3055.2301325999993,8.960132599999156,3
2011-07-06,3063.1701325999993,8.960132599999156,3
2011-07-07,3060.370132599999,8.960132599999156,3
2011-07-08,3029.0901325999994,8.960132599999156,3
2011-07-11,2950.5501325999994,8.960132599999156,3
2011-07-12,2933.4401325999997,1783.6501325999993,1
2011-07-13,2914.758822599999,41.41482259999884,3
2011-07-14,2925.710762599999,344.29676259999883,3
2011-07-15,2920.4351025999986,1485.814102599999,2
2011-07-18,2911.9612025999995,39.2155025999989,3
2011-07-19,2979.245091799999,1.5110917999991216,3
2011-07-20,2996.260591799999,1.5110917999991216,3
2011-07-21,3021.3430917999995,1.5110917999991216,3
2011-07-22,3007.8115917999994,1.5110917999991216,3
2011-07-25,2997.6970917999993,1.5110917999991216,3
2011-07-26,3006.1615917999993,1.5110917999991216,3
2011-07-27,2930.589591799999,1.5110917999991216,3
2011-07-28,2920.798091799999,2271.031091799999,1
2011-07-29,2927.617591799999,1112.5585917999992,2
2011-08-01,2868.2931617999993,22.427661799999214,3
2011-08-02,2835.8181617999994,2197.8516617999994,1
2011-08-03,2841.1686617999994,2841.1686617999994,0
2011-08-04,2841.1686617999994,2841.1686617999994,0
2011-08-05,2841.1686617999994,2841.1686617999994,0
2011-08-08,2841.1686617999994,2841.1686617999994,0
2011-08-09,2841.1686617999994,2841.1686617999994,0
2011-08-10,2841.1686617999994,2841.1686617999994,0
2011-08-11,2841.1686617999994,2841.1686617999994,0
2011-08-12,2841.1686617999994,2841.1686617999994,0
2011-08-15,2841.1686617999994,2841.1686617999994,0
2011-08-16,2841.1686617999994,2841.1686617999994,0
2011-08-17,2841.1686617999994,2841.1686617999994,0
2011-08-18,2841.1686617999994,2841.1686617999994,0
2011-08-19,2841.1686617999994,2841.1686617999994,0
2011-08-22,2841.1686617999994,2841.1686617999994,0
2011-08-23,2841.1686617999994,2841.1686617999994,0
2011-08-24,2841.1686617999994,2841.1686617999994,0
2011-08-25,2841.1686617999994,2841.1686617999994,0
2011-08-26,2841.1686617999994,2841.1686617999994,0
2011-08-29,2841.1686617999994,2841.1686617999994,0
2011-08-30,2841.1686617999994,2841.1686617999994,0
2011-08-31,2841.1686617999994,2841.1686617999994,0
2011-09-01,2841.1686617999994,2841.1686617999994,0
2011-09-02,2841.1686617999994,2841.1686617999994,0
2011-09-06,2841.1686617999994,2841.1686617999994,0
2011-09-07,2841.1686617999994,2841.1686617999994,0
2011-09-08,2841.1686617999994,2841.1686617999994,0
2011-09-09,2841.1686617999994,2841.1686617999994,0
2011-09-12,2841.1686617999994,2841.1686617999994,0
2011-09-13,2841.1686617999994,2841.1686617999994,0
2011-09-14,2841.1686617999994,2841.1686617999994,0
2011-09-15,2841.1686617999994,2841.1686617999994,0
2011-09-16,2841.1686617999994,2841.1686617999994,0
2011-09-19,2841.1686617999994,2841.1686617999994,0
2011-09-20,2841.1686617999994,2841.1686617999994,0
2011-09-21,2841.1686617999994,2841.1686617999994,0
2011-09-22,2841.1686617999994,2841.1686617999994,0
2011-09-23,2841.1686617999994,2841.1686617999994,0
2011-09-26,2841.1686617999994,2841.1686617999994,0
2011-09-27,2841.1686617999994,2841.1686617999994,0
2011-09-28,2841.1686617999994,2841.1686617999994,0
2011-09-29,2841.1686617999994,2841.1686617999994,0
2011-09-30,2841.1686617999994,2841.1686617999994,0
2011-10-03,2841.1686617999994,2841.1686617999994,0
2011-10-04,2841.1686617999994,2841.1686617999994,0
2011-10-05,2841.1686617999994,2841.1686617999994,0
2011-10-06,2841.1686617999994,2841.1686617999994,0
2011-10-07,2841.1686617999994,2841.1686617999994,0
2011-10-10,2841.1686617999994,2841.1686617999994,0
2011-10-11,2841.1686617999994,2841.1686617999994,0
2011-10-12,2841.1686617999994,2841.1686617999994,0
2011-10-13,2841.1686617999994,2841.1686617999994,0
2011-10-14,2841.1686617999994,2841.1686617999994,0
2011-10-17,2841.1686617999994,2841.1686617999994,0
2011-10-18,2841.1686617999994,2841.1686617999994,0
2011-10-19,2841.1686617999994,2841.1686617999994,0
2011-10-20,2841.1686617999994,2841.1686617999994,0
2011-10-21,2841.1686617999994,2841.1686617999994,0
2011-10-24,2841.1686617999994,2841.1686617999994,0
2011-10-25,2841.1686617999994,2841.1686617999994,0
2011-10-26,2841.1686617999994,2841.1686617999994,0
2011-10-27,2841.1686617999994,2841.1686617999994,0
2011-10-28,2841.1686617999994,2841.1686617999994,0
2011-10-31,2841.1686617999994,2841.1686617999994,0
2011-11-01,2841.1686617999994,2841.1686617999994,0
2011-11-02,2841.1686617999994,2841.1686617999994,0
2011-11-03,2841.1686617999994,2841.1686617999994,0
2011-11-04,2841.1686617999994,2841.1686617999994,0
2011-11-07,2841.1686617999994,2841.1686617999994,0
2011-11-08,2841.1686617999994,2841.1686617999994,0
2011-11-09,2841.1686617999994,2841.1686617999994,0
2011-11-10,2841.1686617999994,2841.1686617999994,0
2011-11-11,2841.1686617999994,2841.1686617999994,0
2011-11-14,2841.1686617999994,2841.1686617999994,0
2011-11-15,2841.1686617999994,2841.1686617999994,0
2011-11-16,2841.1686617999994,2841.1686617999994,0
2011-11-17,2841.1686617999994,2841.1686617999994,0
2011-11-18,2841.1686617999994,2841.1686617999994,0
2011-11-21,2841.1686617999994,2841.1686617999994,0
2011-11-22,2841.1686617999994,2841.1686617999994,0
2011-11-23,2841.1686617999994,2841.1686617999994,0
2011-11-25,2841.1686617999994,2841.1686617999994,0
2011-11-28,2841.1686617999994,2841.1686617999994,0
2011-11-29,2841.1686617999994,2841.1686617999994,0
2011-11-30,2841.1686617999994,2841.1686617999994,0
2011-12-01,2841.1686617999994,2841.1686617999994,0
2011-12-02,2841.1686617999994,2841.1686617999994,0
2011-12-05,2841.1686617999994,2841.1686617999994,0
2011-12-06,2841.1686617999994,2841.1686617999994,0
2011-12-07,2841.1686617999994,2841.1686617999994,0
2011-12-08,2805.1836617999998,595.5536617999996,2
2011-12-09,2845.4986617999994,595.5536617999996,2
2011-12-12,2823.9736617999997,595.5536617999996,2
2011-12-13,2805.3386617999995,595.5536617999996,2
2011-12-14,2801.6745818,1693.5345817999996,1
2011-12-15,2795.4645817999995,1693.5345817999996,1
2011-12-16,2814.0945817999996,1693.5345817999996,1
2011-12-19,2827.2045817999997,1693.5345817999996,1
2011-12-20,2859.0595817999993,1693.5345817999996,1
2011-12-21,2851.8145817999994,1693.5345817999996,1
2011-12-22,2849.7445817999997,1693.5345817999996,1
2011-12-23,2871.8251567999996,2282.5651568,1
2011-12-27,2868.5476568,2282.5651568,1
2011-12-28,2861.7051567999997,2282.5651568,1
2011-12-29,2875.6776568,2282.5651568,1
2011-12-30,2866.3626568,2282.5651568,1
2012-01-03,2874.7576568,2282.5651568,1
2012-01-04,2864.1776568,2282.5651568,1
2012-01-05,2900.1426567999997,1137.1576567999998,2
2012-01-06,2898.3876818,591.9051817999998,3
2012-01-09,2882.9301818,1717.2051817999998,2
2012-01-10,2891.9851817999993,585.6351817999998,3
2012-01-11,2871.1753817999997,39.0269817999997,3
2012-01-12,2877.8195817999995,63.8869817999996,3
2012-01-13,2877.1627817999997,63.8869817999996,3
2012-01-17,2901.3043817999996,63.8869817999996,3
2012-01-18,2933.688581799999,63.8869817999996,3
2012-01-19,2940.2827817999996,63.8869817999996,3
2012-01-20,2860.1853818,3.924981799999614,3
2012-01-23,2854.0449817999997,3.924981799999614,3
2012-01-24,2838.2003017999996,1088.3195017999997,2
2012-01-25,2868.1187018,19.20990179999967,3
2012-01-26,2842.5337917999996,64.39219179999975,3
2012-01-27,2844.3655917999995,64.39219179999975,3
2012-01-30,2825.0603917999997,64.39219179999975,3
2012-01-31,2805.4060707999997,50.07407079999962,3
2012-02-01,2822.0400707999997,50.07407079999962,3
2012-02-02,2865.0880707999995,50.07407079999962,3
2012-02-03,2910.1000707999992,50.07407079999962,3
2012-02-06,2910.6420707999996,50.07407079999962,3
2012-02-07,2922.0520707999995,50.07407079999962,3
2012-02-08,2927.300070799999,50.07407079999962,3
2012-02-09,2906.5780707999993,50.07407079999962,3
2012-02-10,2893.5880707999995,50.07407079999962,3
2012-02-13,2929.0980707999997,50.07407079999962,3
2012-02-14,2945.097248719975,613.1762487199748,3
2012-02-15,2924.3932487199745,617.3062487199745,3
2012-02-16,2932.8392487199744,601.9362487199744,3
2012-02-17,2948.337248719974,601.9362487199744,3
2012-02-21,2957.427248719974,601.9362487199744,3
2012-02-22,2941.2052487199744,601.9362487199744,3
2012-02-23,2964.408248719975,601.9362487199744,3
2012-02-24,2967.109248719975,601.9362487199744,3
2012-02-27,2984.3132487199746,601.9362487199744,3
2012-02-28,2991.605248719974,601.9362487199744,3
2012-02-29,2962.543248719974,601.9362487199744,3
2012-03-01,2977.882248719975,572.2062487199746,3
2012-03-02,2962.0410487199742,1720.2570487199746,2
2012-03-05,2960.737048719974,575.9606487199746,3
2012-03-06,2918.3883615199748,523.2353615199747,3
2012-03-07,2930.4273615199745,540.4253615199748,3
2012-03-08,2973.734361519975,540.4253615199748,3
2012-03-09,2980.318361519975,540.4253615199748,3
2012-03-12,2975.952361519975,540.4253615199748,3
2012-03-13,2988.381361519975,540.4253615199748,3
2012-03-14,2980.434361519975,540.4253615199748,3
2012-03-15,2984.734361519975,540.4253615199748,3
2012-03-16,2978.2053615199748,540.4253615199748,3
2012-03-19,3003.0033615199754,540.4253615199748,3
2012-03-20,2988.7853615199747,540.4253615199748,3
2012-03-21,3000.438361519975,540.4253615199748,3
2012-03-22,2995.1718615199743,518.2897615199747,3
2012-03-23,2996.8602615199743,518.2897615199747,3
2012-03-26,3045.2410135199743,1094.1619135199746,3
2012-03-27,3048.1587135199743,1094.1619135199746,3
2012-03-28,3039.6904135199748,1094.1619135199746,3
2012-03-29,3030.0105135199747,523.3615135199746,3
2012-03-30,3043.2855135199743,523.3615135199746,3
2012-04-02,3059.8885135199744,523.3615135199746,3
2012-04-03,3052.2635135199744,523.3615135199746,3
2012-04-04,3023.8525135199743,523.3615135199746,3
2012-04-05,3049.8035135199743,523.3615135199746,3
2012-04-09,3024.708513519974,523.3615135199746,3
2012-04-10,2965.9425135199754,495.39151351997475,3
2012-04-11,2981.444513519975,1821.0445135199748,1
2012-04-12,3001.5895135199744,19.109513519974826,3
2012-04-13,3001.539513519975,19.109513519974826,3
2012-04-16,3007.154513519975,19.109513519974826,3
2012-04-17,3041.074513519975,19.109513519974826,3
2012-04-18,3008.432913519975,44.51651351997475,3
2012-04-19,2967.391513519975,44.51651351997475,3
2012-04-20,2959.307213519975,19.697213519974866,3
2012-04-23,2900.529688519975,1091.149688519975,2
2012-04-24,2882.484688519975,28.599688519974734,3
2012-04-25,2940.0296885199746,28.599688519974734,3
2012-04-26,2969.7146885199745,28.599688519974734,3
2012-04-27,2916.6158385199747,264.46583851997457,3
2012-04-30,2901.9158385199744,264.46583851997457,3
2012-05-01,2924.1303585199744,842.6403585199746,3
2012-05-02,2950.3903585199746,842.6403585199746,3
2012-05-03,2930.8303585199747,842.6403585199746,3
2012-05-04,2898.4503585199745,842.6403585199746,3
2012-05-07,2885.2183585199746,866.7803585199745,3
2012-05-08,2886.7554073199744,1425.2354073199745,2
2012-05-09,2865.7298073199745,271.46060731997454,3
2012-05-10,2891.1306073199744,300.9490073199745,3
2012-05-11,2894.567407319975,300.9490073199745,3
2012-05-14,2866.244807319975,618.4690073199745,2
2012-05-15,2880.8314073199745,3.2940073199745257,3
2012-05-16,2895.4110073199745,3.2940073199745257,3
2012-05-17,2872.416522319975,609.1725223199745,2
2012-05-18,2838.9536023199744,1716.3842023199745,1
2012-05-21,2839.5008023199744,2839.5008023199744,0
2012-05-22,2826.8808023199745,606.7908023199743,2
2012-05-23,2816.8808023199745,1711.6308023199742,1
2012-05-24,2824.9308023199737,7.24080231997425,3
2012-05-25,2824.155802319974,48.475802319974264,3
2012-05-29,2868.595802319974,608.3958023199743,2
2012-05-30,2855.9858023199745,53.35580231997437,3
2012-05-31,2898.6858023199743,53.35580231997437,3
2012-06-01,2811.0318823199746,596.7318823199744,2
2012-06-04,2815.2118823199744,2815.2118823199744,0
2012-06-05,2815.2118823199744,2815.2118823199744,0
2012-06-06,2840.5618823199743,1037.2118823199744,2
2012-06-07,2822.911882319974,1037.2118823199744,2
2012-06-08,2831.4618823199744,1675.4618823199744,1
2012-06-11,2785.4218823199744,16.02188231997434,3
2012-06-12,2804.0418823199743,1644.5418823199743,1
2012-06-13,2789.426882319974,536.3118823199743,2
2012-06-14,2826.661242319975,1098.7312423199744,2
2012-06-15,2843.8912423199745,37.181242319974444,3
2012-06-18,2870.3412423199743,37.181242319974444,3
2012-06-19,2902.331242319974,37.181242319974444,3
2012-06-20,2891.9362423199746,37.181242319974444,3
2012-06-21,2851.9962423199745,37.181242319974444,3
2012-06-22,2885.991242319975,37.181242319974444,3
2012-06-25,2839.791242319974,37.181242319974444,3
2012-06-26,2865.866242319974,37.181242319974444,3
2012-06-27,2864.6662423199746,37.181242319974444,3
2012-06-28,2841.1312423199743,52.63124231997449,3
2012-06-29,2910.2262423199745,52.63124231997449,3
2012-07-02,2922.784042319974,20.3884423199745,3
2012-07-03,2938.088442319974,20.3884423199745,3
2012-07-05,2945.507842319974,20.3884423199745,3
2012-07-06,2922.517842319974,20.3884423199745,3
2012-07-09,2949.2218423199747,20.3884423199745,3
2012-07-10,2915.415642319974,20.3884423199745,3
2012-07-11,2909.8656423199745,637.2384423199745,2
2012-07-12,2894.6756423199745,18.56844231997445,3
2012-07-13,2934.192842319975,18.56844231997445,3
2012-07-16,2931.840042319974,18.56844231997445,3
2012-07-17,2943.292682319974,312.3970823199743,3
2012-07-18,2934.5704823199744,312.3970823199743,3
2012-07-19,2916.9083690189973,225.06836901899692,3
2012-07-20,2885.421769018997,1379.8583690189969,2
2012-07-23,2859.332769018997,2859.332769018997,0
2012-07-24,2854.237769018997,624.3027690189972,2
2012-07-25,2860.604769018997,3.35796901899721,3
2012-07-26,2896.7460090189975,56.43840901899739,3
2012-07-27,2942.308809018997,56.43840901899739,3
2012-07-30,2949.357609018997,56.43840901899739,3
2012-07-31,2920.6164090189973,56.43840901899739,3
2012-08-01,2902.6962090189977,56.43840901899739,3
2012-08-02,2914.8798090189975,1181.2434090189975,2
2012-08-03,2941.503604618997,623.0904046189971,3
2012-08-06,2938.600304618997,623.0904046189971,3
2012-08-07,2932.072004618997,623.0904046189971,3
2012-08-08,2945.671304618997,623.0904046189971,3
2012-08-09,2914.6579046189972,623.0904046189971,3
2012-08-10,2919.3807046189972,623.0904046189971,3
2012-08-13,2914.126404618997,623.0904046189971,3
2012-08-14,2927.379104618997,623.0904046189971,3
2012-08-15,2924.6748046189973,623.0904046189971,3
2012-08-16,2934.506204618997,623.0904046189971,3
2012-08-17,2923.959104618997,623.0904046189971,3
2012-08-20,2921.4993046189975,1748.4279046189972,2
2012-08-21,2902.179304618997,1178.899304618997,2
2012-08-22,2906.019304618997,1178.899304618997,2
2012-08-23,2891.215904618997,2301.175904618997,1
2012-08-24,2888.335904618997,1756.535904618997,1
2012-08-27,2878.895904618997,20.885904618996847,3
2012-08-28,2871.785904618997,20.885904618996847,3
2012-08-29,2895.679624618997,19.65962461899676,3
2012-08-30,2863.3196246189964,19.65962461899676,3
2012-08-31,2878.569624618997,45.169624618996636,3
2012-09-04,2889.5196246189967,45.169624618996636,3
2012-09-05,2869.6496246189968,45.169624618996636,3
2012-09-06,2913.379624618997,626.6896246189966,3
2012-09-07,2904.109624618997,626.6896246189966,3
2012-09-10,2905.699624618997,626.6896246189966,3
2012-09-11,2898.2696246189967,626.6896246189966,3
2012-09-12,2896.6796246189965,1721.3296246189966,2
2012-09-13,2915.4160246189967,13.187824618996501,3
2012-09-14,2914.023259618997,117.83145961899663,3
2012-09-17,2902.2132596189967,117.83145961899663,3
2012-09-18,2881.0214596189962,117.83145961899663,3
2012-09-19,2876.9414596189963,117.83145961899663,3
2012-09-20,2882.1907596189967,21.254159618996482,3
2012-09-21,2881.613059618997,21.254159618996482,3
2012-09-24,2888.6642596189968,21.254159618996482,3
2012-09-25,2871.107759618997,21.254159618996482,3
2012-09-26,2867.7248596189966,21.254159618996482,3
2012-09-27,2866.7042596189963,5.029159618996459,3
2012-09-28,2861.914359618996,6.1891596189962,3
2012-10-01,2860.9285596189966,6.1891596189962,3
2012-10-02,2848.3027596189963,6.1891596189962,3
2012-10-03,2866.914359618996,206.50915961899614,3
2012-10-04,2901.466959618996,206.50915961899614,3
2012-10-05,2894.8596596189964,516.3771596189961,3
2012-10-08,2868.3246596189965,516.3771596189961,3
2012-10-09,2849.4888386510406,1600.7113386510407,2
2012-10-10,2824.2363386510406,1912.2363386510406,1
2012-10-11,2814.4348386510405,18.013438651040246,3
2012-10-12,2786.46763865104,40.073438651040306,3
2012-10-15,2821.87844055104,9.195140551040481,3
2012-10-16,2861.986200551041,536.2229005510403,3
2012-10-17,2882.53335015104,1078.86345015104,3
2012-10-18,2896.4404501510403,1078.86345015104,3
2012-10-19,2861.07805015104,1078.86345015104,3
2012-10-22,2860.00935015104,1078.86345015104,3
2012-10-23,2841.13455015104,1649.47375015104,2
2012-10-24,2840.0069501510397,518.6208501510398,3
2012-10-25,2856.27775015104,518.6208501510398,3
2012-10-26,2864.42835015104,518.6208501510398,3
2012-10-31,2832.72474145104,803.0193414510397,3
2012-11-01,2872.1071414510398,299.4162414510399,3
2012-11-02,2827.61844145104,299.4162414510399,3
2012-11-05,2809.7908414510403,1379.61424145104,2
2012-11-06,2831.7702414510404,341.2142414510399,3
2012-11-07,2785.07675145104,1353.19125145104,2
2012-11-08,2779.80175145104,1643.32175145104,1
2012-11-09,2786.7617514510403,1643.32175145104,1
2012-11-12,2789.24175145104,1643.32175145104,1
2012-11-13,2782.92175145104,1643.32175145104,1
2012-11-14,2762.92175145104,1643.32175145104,1
2012-11-15,2763.3217514510397,2763.3217514510397,0
2012-11-16,2763.3217514510397,2763.3217514510397,0
2012-11-19,2763.3217514510397,2763.3217514510397,0
2012-11-20,2763.3217514510397,2763.3217514510397,0
2012-11-21,2763.3217514510397,2763.3217514510397,0
2012-11-23,2763.3217514510397,2763.3217514510397,0
2012-11-26,2763.3217514510397,2763.3217514510397,0
2012-11-27,2763.3217514510397,2763.3217514510397,0
2012-11-28,2763.3217514510397,2763.3217514510397,0
2012-11-29,2777.24175145104,1713.9217514510397,1
2012-11-30,2788.5201514510395,607.2657514510397,2
2012-12-03,2780.1169514510398,607.2657514510397,2
2012-12-04,2782.8801514510396,607.2657514510397,2
2012-12-05,2781.4401514510396,607.2657514510397,2
2012-12-06,2783.5953514510397,607.2657514510397,2
2012-12-07,2776.3093514510397,25.865751451039728,3
2012-12-10,2790.37670145104,596.3447014510397,2
2012-12-11,2798.6679014510396,19.792701451039648,3
2012-12-12,2804.2071014510398,19.792701451039648,3
2012-12-13,2778.7615014510393,19.792701451039648,3
2012-12-14,2763.0119014510396,1088.3927014510396,2
2012-12-17,2785.35710145104,1093.8821014510397,2
2012-12-18,2825.6353284510396,857.2023284510401,3
2012-12-19,2802.28932845104,857.2023284510401,3
2012-12-20,2799.69032845104,857.2023284510401,3
2012-12-21,2757.50132845104,822.4935284510402,3
2012-12-24,2764.0979284510404,1898.1219284510403,2
2012-12-26,2724.4119284510402,265.73192845103995,3
2012-12-27,2701.1976084510397,1368.3456084510399,2
2012-12-28,2682.54360845104,1343.2956084510402,2
2012-12-31,2718.3551084510395,22.830108451039905,3
2013-01-02,2786.4605884510397,836.7130884510399,3
2013-01-03,2771.15558845104,836.7130884510399,3
2013-01-04,2768.4305884510395,836.7130884510399,3
2013-01-07,2725.09188845104,1871.87688845104,2
2013-01-08,2719.52438845104,1871.87688845104,2
2013-01-09,2765.6793884510403,806.87688845104,3
2013-01-10,2771.75688845104,806.87688845104,3
2013-01-11,2744.49938845104,806.87688845104,3
2013-01-14,2741.09438845104,806.87688845104,3
2013-01-15,2717.4543884510404,806.87688845104,3
2013-01-16,2713.62688845104,770.2168884510402,3
2013-01-17,2684.67098845104,746.6834884510401,3
2013-01-18,2687.34848845104,746.6834884510401,3
2013-01-22,2691.4634884510406,746.6834884510401,3
2013-01-23,2685.29598845104,34.91848845104005,3
2013-01-24,2700.51848845104,34.91848845104005,3
2013-01-25,2714.2359884510397,66.03598845103988,3
2013-01-28,2723.11598845104,66.03598845103988,3
2013-01-29,2701.4159884510395,66.03598845103988,3
2013-01-30,2676.1359884510402,66.03598845103988,3
2013-01-31,2680.15598845104,66.03598845103988,3
2013-02-01,2724.07598845104,66.03598845103988,3
2013-02-04,2681.4359884510395,66.03598845103988,3
2013-02-05,2724.2159884510397,66.03598845103988,3
2013-02-06,2723.53598845104,66.03598845103988,3
2013-02-07,2713.8559884510396,74.8759884510398,3
2013-02-08,2726.17598845104,38.47598845103994,3
2013-02-11,2720.2359884510397,38.47598845103994,3
2013-02-12,2744.87598845104,38.47598845103994,3
2013-02-13,2757.9159884510404,38.47598845103994,3
2013-02-14,2752.13598845104,38.47598845103994,3
2013-02-15,2765.73598845104,38.47598845103994,3
2013-02-19,2787.56398845104,564.06398845104,3
2013-02-20,2759.50398845104,564.06398845104,3
2013-02-21,2729.2739884510397,1617.82398845104,2
2013-02-22,2748.40398845104,663.8239884510399,3
2013-02-25,2719.89398845104,663.8239884510399,3
2013-02-26,2728.59398845104,1616.18398845104,2
2013-02-27,2756.85088845104,530.5603884510399,3
2013-02-28,2765.0887884510403,530.5603884510399,3
2013-03-01,2768.25858845104,530.5603884510399,3
2013-03-04,2761.1670884510395,530.5603884510399,3
2013-03-05,2791.17488845104,530.5603884510399,3
2013-03-06,2794.6733884510404,530.5603884510399,3
2013-03-07,2796.7435884510405,530.5603884510399,3
2013-03-08,2849.08638845104,530.5603884510399,3
2013-03-11,2870.4422928510403,1099.92329285104,3
2013-03-12,2863.27629285104,1099.92329285104,3
2013-03-13,2881.40029285104,1099.92329285104,3
2013-03-14,2886.80229285104,1099.92329285104,3
2013-03-15,2876.83829285104,1099.92329285104,3
2013-03-18,2856.18729285104,1099.92329285104,3
2013-03-19,2838.25129285104,1099.92329285104,3
2013-03-20,2849.78829285104,26.263292851039978,3
2013-03-21,2806.0902928510404,26.263292851039978,3
2013-03-22,2836.5582928510403,46.82329285103992,3
2013-03-25,2809.00329285104,46.82329285103992,3
2013-03-26,2841.94129285104,115.38129285103992,3
2013-03-27,2882.9612928510396,115.38129285103992,3
2013-03-28,2922.95201285104,690.3920128510399,3
2013-04-01,2899.95201285104,690.3920128510399,3
2013-04-02,2923.77201285104,690.3920128510399,3
2013-04-03,2896.46313285104,74.2923328510401,3
2013-04-04,2910.5662328510402,74.2923328510401,3
2013-04-05,2878.3275328510404,74.2923328510401,3
2013-04-08,2890.6096328510403,81.24233285104015,3
2013-04-09,2902.26293285104,81.24233285104015,3
2013-04-10,2943.2715328510403,81.24233285104015,3
2013-04-11,2978.2172328510405,81.24233285104015,3
2013-04-12,2967.40053285104,81.24233285104015,3
2013-04-15,2910.76800035104,1184.3706003510401,2
2013-04-16,2937.25020035104,2313.13020035104,1
2013-04-17,2928.1602003510397,1146.13020035104,2
2013-04-18,2856.2952003510404,10.347700351040203,3
2013-04-19,2906.08230035104,1129.24230035104,2
2013-04-22,2925.38830035104,13.754200351040026,3
2013-04-23,2893.9040044510393,18.959004451039846,3
2013-04-24,2864.56400445104,18.959004451039846,3
2013-04-25,2897.5915044510393,594.2315044510397,3
2013-04-26,2888.6315044510393,594.2315044510397,3
2013-04-29,2894.55150445104,594.2315044510397,3
2013-04-30,2892.2315044510397,594.2315044510397,3
2013-05-01,2870.3515044510395,594.2315044510397,3
2013-05-02,2926.6315044510397,109.31150445103958,3
2013-05-03,2984.2349444510396,674.1349444510397,3
2013-05-06,2996.3349444510395,674.1349444510397,3
2013-05-07,2997.8749444510395,674.1349444510397,3
2013-05-08,3022.8303044510394,609.3953044510397,3
2013-05-09,3017.56030445104,609.3953044510397,3
2013-05-10,3033.9153044510394,609.3953044510397,3
2013-05-13,3031.40030445104,609.3953044510397,3
2013-05-14,3057.97530445104,609.3953044510397,3
2013-05-15,3084.68530445104,609.3953044510397,3
2013-05-16,3053.0403044510394,609.3953044510397,3
2013-05-17,3091.06030445104,609.3953044510397,3
2013-05-20,3084.5953044510397,609.3953044510397,3
2013-05-21,3086.81530445104,609.3953044510397,3
2013-05-22,3069.1203044510394,609.3953044510397,3
2013-05-23,3053.6703044510396,1812.1103044510398,2
2013-05-24,3052.85030445104,634.1903044510398,3
2013-05-28,3098.69030445104,634.1903044510398,3
2013-05-29,3090.53030445104,634.1903044510398,3
2013-05-30,3071.8303044510403,634.1903044510398,3
2013-05-31,3031.46630445104,581.7243044510394,3
2013-06-03,3037.578304451039,1779.4583044510393,2
2013-06-04,3012.838304451039,659.6583044510394,3
2013-06-05,2987.0183044510395,1763.2583044510393,2
2013-06-06,2989.4083044510394,677.5283044510393,2
2013-06-07,3056.158304451039,44.32830445103923,3
2013-06-10,3057.778304451039,44.32830445103923,3
2013-06-11,3009.7683044510386,44.32830445103923,3
2013-06-12,2983.498304451039,44.32830445103923,3
2013-06-13,3042.7683044510386,44.32830445103923,3
2013-06-14,2993.0483044510393,44.32830445103923,3
2013-06-17,3011.1783044510394,41.97830445103932,3
2013-06-18,3026.195904451039,48.50630445103923,3
2013-06-19,2993.1655044510394,48.50630445103923,3
2013-06-20,2936.9937316510395,2936.9937316510395,0
2013-06-21,2948.21373165104,1793.4337316510396,1
2013-06-24,2928.1937316510393,1793.4337316510396,1
2013-06-25,2941.68073165104,20.845731651039728,3
2013-06-26,2994.84473165104,20.845731651039728,3
2013-06-27,3002.8577316510396,20.845731651039728,3
2013-06-28,2991.02473165104,20.845731651039728,3
2013-07-01,3021.0697316510395,20.845731651039728,3
2013-07-02,2998.36973165104,20.845731651039728,3
2013-07-03,3009.88773165104,1171.68773165104,2
2013-07-05,3038.41673165104,310.8502316510401,3
2013-07-08,3064.43763165104,905.6190316510401,3
2013-07-09,3121.5792316510397,1521.75603165104,3
2013-07-10,3125.87143165104,1521.75603165104,3
2013-07-11,3158.5980316510404,1521.75603165104,3
2013-07-12,3166.63683165104,1521.75603165104,3
2013-07-15,3169.92873165104,1521.75603165104,3
2013-07-16,3136.2670316510403,1521.75603165104,3
2013-07-17,3143.4356316510402,1521.75603165104,3
2013-07-18,3142.0355316510404,1521.75603165104,3
2013-07-19,3138.00483165104,1521.75603165104,3
2013-07-22,3141.99663165104,1521.75603165104,3
2013-07-23,3126.45983165104,1521.75603165104,3
2013-07-24,3121.72293165104,1521.75603165104,3
2013-07-25,3149.26603165104,631.28603165104,3
2013-07-26,3043.76363165104,520.1660316510402,3
2013-07-29,3013.69523165104,520.1660316510402,3
2013-07-30,3012.5752316510407,12.326031651040239,3
2013-07-31,2997.1384316510403,12.326031651040239,3
2013-08-01,3062.63883165104,7.818831651040227,3
2013-08-02,3060.128831651041,7.818831651040227,3
2013-08-05,3072.46883165104,7.818831651040227,3
2013-08-06,3042.88883165104,36.59883165103997,3
2013-08-07,3009.1553016510397,1119.0453016510398,2
2013-08-08,3007.0253016510396,30.045301651039836,3
2013-08-09,2997.9253016510397,1088.8053016510398,2
2013-08-12,2981.4053016510397,2317.5653016510396,1
2013-08-13,3038.3053016510403,30.82530165103958,3
2013-08-14,2988.7843016510396,11.724301651039468,3
2013-08-15,2914.9043016510395,1073.3043016510392,2
2013-08-16,2916.824301651039,2916.824301651039,0
2013-08-19,2904.692301651039,641.530301651039,2
2013-08-20,2910.7807016510387,1767.5665016510388,1
2013-08-21,2902.9803016510386,44.05650165103896,3
2013-08-22,2939.209301651039,40.79430165103872,3
2013-08-23,2940.5153016510385,40.79430165103872,3
2013-08-26,2927.4273016510388,40.79430165103872,3
2013-08-27,2884.9493016510387,1164.2293016510387,2
2013-08-28,2888.7013016510386,1164.2293016510387,2
2013-08-29,2896.4693016510387,1164.2293016510387,2
2013-08-30,2886.125301651039,1164.2293016510387,2
2013-09-03,2891.075301651039,54.079301651038804,3
2013-09-04,2913.0593016510393,54.079301651038804,3
2013-09-05,2916.879301651039,54.079301651038804,3
2013-09-06,2917.539301651039,652.9893016510388,2
2013-09-09,2940.2113016510384,38.18930165103882,3
2013-09-10,2961.3693016510388,620.6393016510387,3
2013-09-11,2978.0053016510387,620.6393016510387,3
2013-09-12,2974.527061651039,1128.0530616510387,3
2013-09-13,2979.6950616510385,1128.0530616510387,3
2013-09-16,2981.197061651039,1128.0530616510387,3
2013-09-17,2985.297061651039,1128.0530616510387,3
2013-09-18,3022.1070616510387,1128.0530616510387,3
2013-09-19,3023.5750616510386,1128.0530616510387,3
2013-09-20,3008.4590616510386,1128.0530616510387,3
2013-09-23,2990.009061651039,1128.0530616510387,3
2013-09-24,3012.747061651039,572.7730616510389,3
2013-09-25,3045.1720616510393,1181.560061651039,3
2013-09-26,3064.6560616510387,1181.560061651039,3
2013-09-27,3062.4220616510393,1181.560061651039,3
2013-09-30,3049.160061651039,1181.560061651039,3
2013-10-01,3076.582061651039,1181.560061651039,3
2013-10-02,3086.028061651039,1181.560061651039,3
2013-10-03,3071.216061651039,1806.110061651039,2
2013-10-04,3076.532061651039,1806.110061651039,2
2013-10-07,3053.918061651039,1806.110061651039,2
2013-10-08,3024.668061651039,1806.110061651039,2
2013-10-09,3010.568061651039,3010.568061651039,0
2013-10-10,3010.568061651039,3010.568061651039,0
2013-10-11,2990.446461651039,168.12366165103913,3
2013-10-14,3010.2644616510393,168.12366165103913,3
2013-10-15,2979.6772616510393,168.12366165103913,3
2013-10-16,3029.1586616510394,11.952161651039205,3
2013-10-17,3044.6646616510393,11.952161651039205,3
2013-10-18,3152.898661651039,11.952161651039205,3
2013-10-21,3184.068561651039,11.952161651039205,3
2013-10-22,3169.489961651039,11.952161651039205,3
2013-10-23,3127.3953616510394,11.952161651039205,3
2013-10-24,3170.1066616510393,11.952161651039205,3
2013-10-25,3238.4426616510395,549.8521616510392,3
2013-10-28,3195.554161651039,198.79216165103912,3
2013-10-29,3216.69792165104,109.62492165103936,3
2013-10-30,3158.348521651039,109.62492165103936,3
2013-10-31,3159.622821651039,129.08832165103945,3
2013-11-01,3158.930921651039,131.13672165103935,3
2013-11-04,3161.41572165104,131.13672165103935,3
2013-11-05,3154.0090216510393,131.13672165103935,3
2013-11-06,3154.2833216510394,131.13672165103935,3
2013-11-07,3102.9943216510396,131.13672165103935,3
2013-11-08,3149.7520216510393,131.13672165103935,3
2013-11-11,3152.2343216510394,131.13672165103935,3
2013-11-12,3140.3860216510393,131.13672165103935,3
2013-11-13,3151.926121651039,164.88672165103935,3
2013-11-14,3182.5073216510395,164.88672165103935,3
2013-11-15,3183.1046216510395,164.88672165103935,3
2013-11-18,3176.3233216510394,164.43312165103953,3
2013-11-19,3164.761121651039,164.43312165103953,3
2013-11-20,3142.4594216510395,102.78312165103921,3
2013-11-21,3158.7907216510393,102.78312165103921,3
2013-11-22,3181.3960216510395,102.78312165103921,3
2013-11-25,3172.7131216510397,102.78312165103921,3
2013-11-26,3203.1179216510395,78.92942165103932,3
2013-11-27,3247.907721651039,78.92942165103932,3
2013-11-29,3269.819718051039,728.6727180510392,3
2013-12-02,3255.6669180510394,728.6727180510392,3
2013-12-03,3255.1239180510393,728.6727180510392,3
2013-12-04,3245.273918051039,701.8149180510393,3
2013-12-05,3242.4266180510394,701.8149180510393,3
2013-12-06,3254.2130180510394,701.8149180510393,3
2013-12-09,3251.3092180510394,701.8149180510393,3
2013-12-10,3246.547318051039,701.8149180510393,3
2013-12-11,3215.6129002510393,648.8460002510392,3
2013-12-12,3210.039700251039,648.8460002510392,3
2013-12-13,3206.735400251039,648.8460002510392,3
2013-12-16,3233.3933002510394,648.8460002510392,3
2013-12-17,3211.140900251039,648.8460002510392,3
2013-12-18,3267.777600251039,648.8460002510392,3
2013-12-19,3252.680500251039,648.8460002510392,3
2013-12-20,3261.552400251039,353.11240025103905,3
2013-12-23,3237.5884002510393,353.11240025103905,3
2013-12-24,3238.882400251039,1283.2024002510389,2
2013-12-26,3245.6169002510387,5.2324002510388254,3
2013-12-27,3236.2764002510385,1345.7924002510388,2
2013-12-30,3220.365900251039,1345.7924002510388,2
2013-12-31,3251.8017002510387,65.5876002510388,3
2014-01-02,3218.965500251039,65.5876002510388,3
2014-01-03,3230.819600251039,67.74760025103888,3
2014-01-06,3230.574100251039,67.74760025103888,3
2014-01-07,3244.8541002510387,67.74760025103888,3
2014-01-08,3252.123600251039,67.74760025103888,3
2014-01-09,3247.1831002510385,67.74760025103888,3
2014-01-10,3227.180600251039,67.74760025103888,3
2014-01-13,3197.7047202510394,2591.685720251039,1
2014-01-14,3208.9772202510394,1921.9872202510392,1
2014-01-15,3230.3032202510394,3.8792202510392144,3
2014-01-16,3227.4292202510396,3.8792202510392144,3
2014-01-17,3233.0312202510395,3.8792202510392144,3
2014-01-21,3261.9692202510396,3.8792202510392144,3
2014-01-22,3257.587220251039,3.8792202510392144,3
2014-01-23,3216.65322025104,3.8792202510392144,3
2014-01-24,3046.132040251039,1242.7620402510395,2
2014-01-27,3041.6448402510396,1836.3918402510394,1
2014-01-28,3073.039840251039,0.28784025103936983,3
2014-01-29,3022.9487402510395,0.28784025103936983,3
2014-01-30,3225.0342402510396,71.40784025103937,3
2014-01-31,3222.3730218510395,683.0455218510396,3
2014-02-03,3116.72052185104,86.62052185103948,3
2014-02-04,3168.140521851039,122.90052185103946,3
2014-02-05,3126.3433639224813,690.6233639224813,2
2014-02-06,3153.2810639224813,74.15706392248148,3
2014-02-07,3197.713563922481,74.15706392248148,3
2014-02-10,3178.558863922481,74.15706392248148,3
2014-02-11,3228.6994839224817,705.4345839224815,3
2014-02-12,3232.8812839224815,705.4345839224815,3
2014-02-13,3266.967089322481,1335.8620893224813,3
2014-02-14,3277.6242893224817,1335.8620893224813,3
2014-02-18,3290.612689322481,1335.8620893224813,3
2014-02-19,3278.6112893224818,1335.8620893224813,3
2014-02-20,3285.9658893224814,1335.8620893224813,3
2014-02-21,3291.829889322482,1335.8620893224813,3
2014-02-24,3307.070289322481,1335.8620893224813,3
2014-02-25,3298.5730893224813,1335.8620893224813,3
2014-02-26,3288.3476893224815,1335.8620893224813,3
2014-02-27,3315.059689322481,1335.8620893224813,3
2014-02-28,3278.039489322481,1335.8620893224813,3
2014-03-03,3265.0626893224817,651.2820893224814,3
2014-03-04,3313.5424893224817,651.2820893224814,3
2014-03-05,3305.266089322481,651.2820893224814,3
2014-03-06,3302.9096893224814,651.2820893224814,3
2014-03-07,3280.6264893224816,651.2820893224814,3
2014-03-10,3269.193289322481,1940.2420893224814,2
2014-03-11,3250.6656893224817,636.1740893224814,3
2014-03-12,3246.0878893224817,609.9678893224816,3
2014-03-13,3172.4064293224815,657.5064293224814,3
2014-03-14,3179.726429322481,2530.0464293224813,1
2014-03-17,3193.569629322481,68.82882932248162,3
2014-03-18,3189.4560293224813,29.326029322481418,3
2014-03-19,3160.826029322481,29.326029322481418,3
2014-03-20,3178.8667893224815,38.9867893224814,3
2014-03-21,3182.8367893224813,38.9867893224814,3
2014-03-24,3151.7067893224817,3.546789322481345,3
2014-03-25,3158.4067893224815,673.7767893224814,2
2014-03-26,3138.806789322481,673.7767893224814,2
2014-03-27,3134.8367893224813,17.176789322481454,3
2014-03-28,3160.706789322481,17.176789322481454,3
2014-03-31,3194.596789322481,17.176789322481454,3
2014-04-01,3236.597957425366,657.3279574253662,3
2014-04-02,3237.807957425366,657.3279574253662,3
2014-04-03,3235.737957425366,657.3279574253662,3
2014-04-04,3194.287957425366,657.3279574253662,3
2014-04-07,3183.848357425366,3183.848357425366,0
2014-04-08,3193.768357425366,1946.328357425366,1
2014-04-09,3234.698357425366,4.248357425366066,3
2014-04-10,3069.0428574253665,4.962857425366337,3
2014-04-11,3040.9426174253667,3040.9426174253667,0
2014-04-14,3044.242617425367,1857.1426174253668,1
2014-04-15,3053.4326174253665,0.7826174253667659,3
2014-04-16,3078.7326174253667,0.7826174253667659,3
2014-04-17,3099.032617425367,0.7826174253667659,3
2014-04-21,3101.2926174253666,0.7826174253667659,3
2014-04-22,3100.682617425367,0.7826174253667659,3
2014-04-23,3108.3026174253664,0.7826174253667659,3
2014-04-24,3054.820417425367,1161.820417425367,2
2014-04-25,3030.3104174253667,1161.820417425367,2
2014-04-28,3032.840417425367,1809.340417425367,1
2014-04-29,3046.090417425367,1809.340417425367,1
2014-04-30,3052.339617425367,73.01401742536689,3
2014-05-01,3039.306417425367,133.6140174253669,3
2014-05-02,3030.630417425367,717.7804174253669,2
2014-05-05,3037.620417425367,1844.220417425367,1
2014-05-06,3029.2154174253674,640.7804174253672,2
2014-05-07,3046.665417425367,640.7804174253672,2
2014-05-08,3038.5829174253668,47.620417425367236,3
2014-05-09,3021.2820224253674,1239.8220224253673,2
2014-05-12,3052.912022425367,13.7220224253673,3
2014-05-13,3062.992022425368,13.7220224253673,3
2014-05-14,3046.772022425367,13.7220224253673,3
2014-05-15,3026.0820224253675,13.7220224253673,3
2014-05-16,3013.1140324253674,2346.0740324253675,1
2014-05-19,3054.9640324253673,33.404032425367404,3
2014-05-20,3028.3740324253677,33.404032425367404,3
2014-05-21,3065.494032425367,33.404032425367404,3
2014-05-22,3073.2740324253673,33.404032425367404,3
2014-05-23,3102.0929724253674,614.6029724253676,3
2014-05-27,3134.0429724253677,614.6029724253676,3
2014-05-28,3150.893972425368,772.9639724253677,3
2014-05-29,3146.353972425368,1900.8039724253679,2
2014-05-30,3146.443972425368,1900.8039724253679,2
2014-06-02,3149.873972425368,1900.8039724253679,2
2014-06-03,3158.6239724253683,673.8039724253679,3
2014-06-04,3175.0939724253676,673.8039724253679,3
2014-06-05,3177.1839724253678,673.8039724253679,3
2014-06-06,3181.3439724253676,673.8039724253679,3
2014-06-09,3149.252922425368,628.2869224253677,3
2014-06-10,3150.5269224253675,628.2869224253677,3
2014-06-11,3179.726922425368,628.2869224253677,3
2014-06-12,3148.566922425368,628.2869224253677,3
2014-06-13,3160.9869224253675,15.63692242536763,3
2014-06-16,3168.1269224253674,15.63692242536763,3
2014-06-17,3183.9089224253676,6.158922425367791,3
2014-06-18,3192.878922425368,6.158922425367791,3
2014-06-19,3174.3689224253676,6.158922425367791,3
2014-06-20,3128.2689224253672,93.19892242536775,3
2014-06-23,3117.6889224253673,93.19892242536775,3
2014-06-24,3129.548922425368,93.19892242536775,3
2014-06-25,3140.2889224253677,93.19892242536775,3
2014-06-26,3124.2789224253675,93.19892242536775,3
2014-06-27,3130.9789224253673,93.19892242536775,3
2014-06-30,3147.048922425368,93.19892242536775,3
2014-07-01,3179.4589224253677,93.65892242536779,3
2014-07-02,3176.918922425368,93.65892242536779,3
2014-07-03,3199.2489224253677,93.65892242536779,3
2014-07-07,3158.5389224253677,93.65892242536779,3
2014-07-08,3157.7439224253676,7.233922425367609,3
2014-07-09,3143.5479224253677,0.5179224253677148,3
2014-07-10,3106.520312425368,41.01031242536783,3
2014-07-11,3129.6803124253684,55.070312425368,3
2014-07-14,3150.6003124253684,55.070312425368,3
2014-07-15,3167.080312425368,55.070312425368,3
2014-07-16,3229.4525924253685,657.5325924253682,3
2014-07-17,3176.3325924253677,657.5325924253682,3
2014-07-18,3203.492592425368,491.4325924253685,3
2014-07-21,3201.1425924253685,491.4325924253685,3
2014-07-22,3205.5925924253684,491.4325924253685,3
2014-07-23,3206.4225924253683,491.4325924253685,3
2014-07-24,3215.0125924253684,491.4325924253685,3
2014-07-25,3192.5925924253684,491.4325924253685,3
2014-07-28,3170.3825924253683,491.4325924253685,3
2014-07-29,3166.7143924253687,12.924892425368625,3
2014-07-30,3197.9939924253686,12.924892425368625,3
2014-07-31,3120.528220893063,1196.628220893063,2
2014-08-01,3117.446220893063,610.642220893063,2
2014-08-04,3161.546220893063,1889.442220893063,1
2014-08-05,3149.7866208930627,628.2724208930629,2
2014-08-06,3178.866420893063,611.4924208930629,2
2014-08-07,3189.785300893063,52.28530089306287,3
2014-08-08,3176.860300893063,2515.180300893063,1
2014-08-11,3217.740300893063,27.352800893062977,3
2014-08-12,3222.633300893063,27.352800893062977,3
2014-08-13,3260.6428008930625,27.352800893062977,3
2014-08-14,3273.3898008930632,27.352800893062977,3
2014-08-15,3280.079800893063,27.352800893062977,3
2014-08-18,3300.844800893063,27.352800893062977,3
2014-08-19,3317.809940893063,673.6904408930629,3
2014-08-20,3313.479940893063,673.6904408930629,3
2014-08-21,3317.9954408930635,673.6904408930629,3
2014-08-22,3312.343820893063,1275.1258208930628,3
2014-08-25,3315.6859208930628,624.089720893063,3
2014-08-26,3306.9862208930626,624.089720893063,3
2014-08-27,3319.384220893063,624.089720893063,3
2014-08-28,3320.868520893063,624.089720893063,3
2014-08-29,3342.906720893063,624.089720893063,3
2014-09-02,3388.191820893063,624.089720893063,3
2014-09-03,3353.102020893063,624.089720893063,3
2014-09-04,3366.7762208930626,0.767220893062813,3
2014-09-05,3366.6364208930627,0.767220893062813,3
2014-09-08,3395.7348208930625,0.767220893062813,3
2014-09-09,3381.2576758930627,657.2580758930628,3
2014-09-10,3395.9712758930627,657.2580758930628,3
2014-09-11,3394.716075893062,657.2580758930628,3
2014-09-12,3378.175475893063,657.2580758930628,3
2014-09-15,3311.5228758930625,678.7280758930629,3
2014-09-16,3326.2612758930622,37.86807589306272,3
2014-09-17,3327.2956758930627,37.86807589306272,3
2014-09-18,3331.7306758930627,37.86807589306272,3
2014-09-19,3319.1916758930624,37.86807589306272,3
2014-09-22,3287.489275893063,37.86807589306272,3
2014-09-23,3298.852675893063,2046.212675893063,1
2014-09-24,3320.012675893063,764.272675893063,2
2014-09-25,3257.312675893063,27.172675893063,3
2014-09-26,3311.8826758930627,97.58267589306308,3
2014-09-29,3300.202675893063,97.58267589306308,3
2014-09-30,3283.462675893063,97.58267589306308,3
2014-10-01,3205.940855893063,10.860855893063103,3
2014-10-02,3202.4158558930626,1240.2108558930627,2
2014-10-03,3254.526055893062,19.70605589306274,3
2014-10-06,3188.0712558930627,19.70605589306274,3
2014-10-07,3108.7312558930626,4.706055893062739,3
2014-10-08,3136.4460558930623,2182.2060558930625,1
2014-10-09,3091.8212558930627,17.56605589306264,3
2014-10-10,3011.5054418439922,1964.2054418439925,1
2014-10-13,3023.3054418439924,1964.2054418439925,1
2014-10-14,3006.8054418439924,1964.2054418439925,1
2014-10-15,2984.2054418439925,2984.2054418439925,0
2014-10-16,2984.2054418439925,2984.2054418439925,0
2014-10-17,2984.2054418439925,2984.2054418439925,0
2014-10-20,2984.2054418439925,2984.2054418439925,0
2014-10-21,2984.2054418439925,2984.2054418439925,0
2014-10-22,2984.2054418439925,2984.2054418439925,0
2014-10-23,2984.2054418439925,2984.2054418439925,0
2014-10-24,2984.2054418439925,2984.2054418439925,0
2014-10-27,2984.2054418439925,2984.2054418439925,0
2014-10-28,3012.8296418439922,1810.9212418439924,1
2014-10-29,3002.3928418439928,1810.9212418439924,1
2014-10-30,3004.3430418439925,634.8501418439923,2
2014-10-31,3027.1248418439923,634.8501418439923,2
2014-11-03,3030.1227418439926,634.8501418439923,2
2014-11-04,3038.8893418439925,634.8501418439923,2
2014-11-05,3010.1310186439923,1247.6479186439922,2
2014-11-06,3030.6627186439923,2408.9790186439923,1
2014-11-07,2991.9648186439927,76.35901864399216,3
2014-11-10,3056.1374186439925,1276.1290186439921,2
2014-11-11,3099.0069186439923,152.5690186439922,3
2014-11-12,3104.412718643992,152.5690186439922,3
2014-11-13,3119.067418643992,152.5690186439922,3
2014-11-14,3083.8032186439923,152.5690186439922,3
2014-11-17,3094.9116186439924,557.5195186439922,3
2014-11-18,3109.5684586439925,430.7900586439923,3
2014-11-19,3109.6563586439925,1652.1200586439923,2
2014-11-20,3094.8758586439926,484.4000586439922,3
2014-11-21,3104.2300586439924,484.4000586439922,3
2014-11-24,3121.8816586439925,484.4000586439922,3
2014-11-25,3105.7858586439925,484.4000586439922,3
2014-11-26,3117.936358643992,484.4000586439922,3
2014-11-28,3142.250058643993,484.4000586439922,3
2014-12-01,3116.2921586439925,484.4000586439922,3
2014-12-02,3131.0421586439925,484.4000586439922,3
2014-12-03,3150.1563586439925,484.4000586439922,3
2014-12-04,3142.408458643992,484.4000586439922,3
2014-12-05,3148.4921586439923,484.4000586439922,3
2014-12-08,3170.6739186439922,1698.1939186439922,2
2014-12-09,3161.3739186439925,1698.1939186439922,2
2014-12-10,3106.923918643992,479.9739186439922,3
2014-12-11,3113.2939186439917,455.173918643992,3
2014-12-12,3072.233918643992,455.173918643992,3
2014-12-15,3001.396618643992,417.37661864399206,3
2014-12-16,2957.4166186439925,1788.7666186439922,1
2014-12-17,2987.306618643992,1788.7666186439922,1
2014-12-18,3039.2166186439918,210.5766186439921,3
2014-12-19,3049.016618643992,210.5766186439921,3
2014-12-22,3019.856618643992,210.5766186439921,3
2014-12-23,2995.203578643992,1244.363578643992,2
2014-12-24,2996.253578643992,2365.003578643992,1
2014-12-26,3002.593578643992,1543.973578643992,2
2014-12-29,3015.253578643992,1543.973578643992,2
2014-12-30,3008.523578643992,1543.973578643992,2
2014-12-31,2975.693578643992,365.893578643992,3
2015-01-02,2986.0235786439916,433.04357864399185,3
2015-01-05,2956.490778643992,309.2221786439918,3
2015-01-06,2911.873578643992,912.4721786439918,2
2015-01-07,2980.4507786439926,607.5921786439919,2
2015-01-08,3023.9832786439915,15.392178643991997,3
2015-01-09,2979.454678643992,15.392178643991997,3
2015-01-12,2986.553578643992,602.732178643992,2
2015-01-13,2962.270778643992,602.732178643992,2
2015-01-14,2969.2621786439922,602.732178643992,2
2015-01-15,2910.790778643992,602.732178643992,2
2015-01-16,2900.873578643992,2900.873578643992,0
2015-01-20,2872.7155786439926,3.2350786439922103,3
2015-01-21,2895.684578643992,395.43507864399214,3
2015-01-22,2898.2416601439922,352.4516601439923,3
2015-01-23,2900.727660143992,352.4516601439923,3
2015-01-26,2909.0126601439924,352.4516601439923,3
2015-01-27,2879.224660143992,352.4516601439923,3
2015-01-28,2855.2516601439925,352.4516601439923,3
2015-01-29,2822.8826601439923,1026.8516601439924,2
2015-01-30,2750.907660143993,4.571660143992403,3
2015-02-02,2726.8507801439923,2726.8507801439923,0
2015-02-03,2734.355780143993,67.2557801439923,3
2015-02-04,2758.570780143992,74.82078014399235,3
2015-02-05,2780.8707801439923,74.82078014399235,3
2015-02-06,2781.7207801439927,74.82078014399235,3
2015-02-09,2754.9207801439925,74.82078014399235,3
2015-02-10,2804.225780143993,0.38078014399241056,3
2015-02-11,2811.5764801439927,0.38078014399241056,3
2015-02-12,2847.711480143992,0.38078014399241056,3
2015-02-13,2853.8357801439925,0.38078014399241056,3
2015-02-17,2868.6294925439925,319.35449254399236,3
2015-02-18,2869.2539925439924,319.35449254399236,3
2015-02-19,2857.8794925439925,319.35449254399236,3
2015-02-20,2907.4799925439925,323.85449254399236,3
2015-02-23,2928.589192543993,895.1396925439924,3
2015-02-24,2945.2851925439927,1424.4096925439924,3
2015-02-25,2945.2501925439924,1424.4096925439924,3
2015-02-26,2943.135192543992,1424.4096925439924,3
2015-02-27,2940.8291925439926,1424.4096925439924,3
2015-03-02,2962.0796925439927,1424.4096925439924,3
2015-03-03,2961.0401925439924,1424.4096925439924,3
2015-03-04,2944.4441925439924,1424.4096925439924,3
2015-03-05,2952.6901925439925,1424.4096925439924,3
2015-03-06,2928.714692543992,1424.4096925439924,3
2015-03-09,2939.8151925439925,1424.4096925439924,3
2015-03-10,2917.5651925439925,1424.4096925439924,3
2015-03-11,2921.3893925439925,27.76709254399225,3
2015-03-12,2961.4936925439924,27.76709254399225,3
2015-03-13,2921.2314925439923,27.76709254399225,3
2015-03-16,2988.3875925439925,626.6170925439923,3
2015-03-17,2982.0870925439926,626.6170925439923,3
2015-03-18,3025.3474925439928,626.6170925439923,3
2015-03-19,3030.7936925439926,626.6170925439923,3
2015-03-20,3023.7436925439924,626.6170925439923,3
2015-03-23,3018.1027925439926,626.6170925439923,3
2015-03-24,3006.4299925439923,626.6170925439923,3
2015-03-25,2978.2497925439925,626.6170925439923,3
2015-03-26,2966.0885925439925,1774.4385925439924,2
2015-03-27,3024.1885925439924,687.3803925439925,3
2015-03-30,3064.1721925439924,687.3803925439925,3
2015-03-31,3020.028592543992,687.3803925439925,3
2015-04-01,2977.4421925439924,687.3803925439925,3
2015-04-02,2983.740392543993,654.1403925439924,3
2015-04-06,2987.3403925439925,654.1403925439924,3
2015-04-07,2971.690392543993,654.1403925439924,3
2015-04-08,2987.9303925439926,592.6703925439924,3
2015-04-09,2987.3219925439926,592.6703925439924,3
2015-04-10,3004.9319925439922,592.6703925439924,3
2015-04-13,2973.721992543992,592.6703925439924,3
2015-04-14,2975.0903925439925,592.6703925439924,3
2015-04-15,2968.348792543992,592.6703925439924,3
2015-04-16,3019.0403925439928,54.65039254399244,3
2015-04-17,2964.6232925439926,1180.6232925439924,2
2015-04-20,2960.234892543993,267.4648925439924,3
2015-04-21,2995.6348925439925,267.4648925439924,3
2015-04-22,3017.234892543993,267.4648925439924,3
2015-04-23,3057.2622525439924,859.2422525439924,3
2015-04-24,3086.3374525439926,1342.2674525439925,3
2015-04-27,3055.4874525439927,1342.2674525439925,3
2015-04-28,3039.3774525439926,764.5374525439925,3
2015-04-29,3035.6174525439924,764.5374525439925,3
2015-04-30,3003.7274525439925,2408.7674525439925,1
2015-05-01,3015.2632525439926,118.69395254399251,3
2015-05-04,3045.3353525439925,118.69395254399251,3
2015-05-05,3022.973252543992,118.69395254399251,3
2015-05-06,2991.227452543992,118.69395254399251,3
2015-05-07,2987.4719525439928,223.5639525439925,3
2015-05-08,3018.319252543992,223.5639525439925,3
2015-05-11,3002.0499525439923,223.5639525439925,3
2015-05-12,3007.4411525439928,142.34395254399237,3
2015-05-13,2985.220852543992,142.34395254399237,3
2015-05-14,3018.8053525439927,142.34395254399237,3
2015-05-15,3035.8029525439924,142.34395254399237,3
2015-05-18,3075.3496313439928,747.2851313439925,3
2015-05-19,3063.4296313439922,747.2851313439925,3
2015-05-20,3101.3566313439924,747.2851313439925,3
2015-05-21,3137.1491313439924,747.2851313439925,3
2015-05-22,3147.4411313439923,747.2851313439925,3
2015-05-26,3178.023490087563,1380.4199900875633,3
2015-05-27,3192.4369900875636,1380.4199900875633,3
2015-05-28,3186.227490087563,1380.4199900875633,3
2015-05-29,3198.689490087563,1380.4199900875633,3
2015-06-01,3195.693490087563,1380.4199900875633,3
2015-06-02,3184.178490087563,1380.4199900875633,3
2015-06-03,3187.1729900875634,1380.4199900875633,3
2015-06-04,3201.0884900875635,1380.4199900875633,3
2015-06-05,3231.780686209859,44.79068620985936,3
2015-06-08,3169.3947862098594,2498.2347862098595,1
2015-06-09,3153.7707862098596,1239.1747862098596,2
2015-06-10,3194.76878620986,1.5347862098599308,3
2015-06-11,3173.04578620986,1.5347862098599308,3
2015-06-12,3177.8377862098596,1.5347862098599308,3
2015-06-15,3192.10278620986,1.5347862098599308,3
2015-06-16,3196.9757862098595,1.5347862098599308,3
2015-06-17,3208.27218620986,641.1611862098598,3
2015-06-18,3235.87118620986,641.1611862098598,3
2015-06-19,3225.7621862098595,641.1611862098598,3
2015-06-22,3229.5531862098596,641.1611862098598,3
2015-06-23,3222.69718620986,641.1611862098598,3
2015-06-24,3194.9241862098597,641.1611862098598,3
2015-06-25,3189.27818620986,620.9681862098598,3
2015-06-26,3180.697356209859,1860.5573562098596,2
2015-06-29,3160.7173562098596,1860.5573562098596,2
2015-06-30,3150.4873562098596,1291.8973562098595,2
2015-07-01,3145.874106209859,19.65120620985931,3
2015-07-02,3135.3033062098593,19.65120620985931,3
2015-07-06,3119.0538062098594,9.619806209859235,3
2015-07-07,3120.157156209859,7.537156209859177,3
2015-07-08,3076.9821562098587,7.537156209859177,3
2015-07-09,3102.922156209859,656.3771562098592,2
2015-07-10,3155.3121562098586,656.3771562098592,2
2015-07-13,3171.412156209859,30.72715620985923,3
2015-07-14,3187.3071562098594,30.72715620985923,3
2015-07-15,3162.122156209859,30.72715620985923,3
2015-07-16,3187.578556209859,647.4635562098592,3
2015-07-17,3183.333556209859,647.4635562098592,3
2015-07-20,3195.123556209859,647.4635562098592,3
2015-07-21,3183.918556209859,719.9435562098593,3
2015-07-22,3191.898556209859,634.473556209859,3
2015-07-23,3176.7885562098586,634.473556209859,3
2015-07-24,3159.338556209859,634.473556209859,3
2015-07-27,3146.643556209859,634.473556209859,3
2015-07-28,3164.248556209859,848.4385562098589,2
2015-07-29,3149.108556209859,17.79855620985893,3
2015-07-30,3149.278556209859,17.79855620985893,3
2015-07-31,3152.4085562098585,17.79855620985893,3
2015-08-03,3144.548556209859,17.79855620985893,3
2015-08-04,3233.1892562098587,618.0592562098587,3
2015-08-05,3254.6792562098585,618.0592562098587,3
2015-08-06,3220.0092562098584,618.0592562098587,3
2015-08-07,3212.179256209859,1792.4192562098588,2
2015-08-10,3219.7292562098587,513.6092562098588,3
2015-08-11,3177.959256209859,513.6092562098588,3
2015-08-12,3156.277666209859,121.42766620985913,3
2015-08-13,3145.847666209859,121.42766620985913,3
2015-08-14,3142.567666209859,121.42766620985913,3
2015-08-17,3170.1576662098596,34.13766620985939,3
2015-08-18,3240.1076662098594,707.1576662098594,3
2015-08-19,3216.87766620986,707.1576662098594,3
2015-08-20,3157.2476662098597,1260.4576662098593,2
2015-08-21,3108.247666209859,2464.297666209859,1
2015-08-24,3072.5176662098593,3072.5176662098593,0
2015-08-25,3072.5176662098593,3072.5176662098593,0
2015-08-26,3072.5176662098593,3072.5176662098593,0
2015-08-27,3072.5176662098593,3072.5176662098593,0
2015-08-28,3072.5176662098593,3072.5176662098593,0
2015-08-31,3072.5176662098593,3072.5176662098593,0
2015-09-01,3072.5176662098593,3072.5176662098593,0
2015-09-02,3072.5176662098593,3072.5176662098593,0
2015-09-03,3072.5176662098593,3072.5176662098593,0
2015-09-04,3072.5176662098593,3072.5176662098593,0
2015-09-08,3072.5176662098593,3072.5176662098593,0
2015-09-09,3072.5176662098593,3072.5176662098593,0
2015-09-10,3072.5176662098593,3072.5176662098593,0
2015-09-11,3072.5176662098593,3072.5176662098593,0
2015-09-14,3072.5176662098593,3072.5176662098593,0
2015-09-15,3072.5176662098593,3072.5176662098593,0
2015-09-16,3072.5176662098593,3072.5176662098593,0
2015-09-17,3072.5176662098593,3072.5176662098593,0
2015-09-18,3072.5176662098593,3072.5176662098593,0
2015-09-21,3072.5176662098593,3072.5176662098593,0
2015-09-22,3072.5176662098593,3072.5176662098593,0
2015-09-23,3072.5176662098593,3072.5176662098593,0
2015-09-24,3072.5176662098593,3072.5176662098593,0
2015-09-25,3072.5176662098593,3072.5176662098593,0
2015-09-28,3072.5176662098593,3072.5176662098593,0
2015-09-29,3072.5176662098593,3072.5176662098593,0
2015-09-30,3072.5176662098593,3072.5176662098593,0
2015-10-01,3072.5176662098593,3072.5176662098593,0
2015-10-02,3072.5176662098593,3072.5176662098593,0
2015-10-05,3072.5176662098593,3072.5176662098593,0
2015-10-06,3072.5176662098593,3072.5176662098593,0
2015-10-07,3072.5176662098593,3072.5176662098593,0
2015-10-08,3072.5176662098593,3072.5176662098593,0
2015-10-09,3072.5176662098593,3072.5176662098593,0
2015-10-12,3072.5176662098593,3072.5176662098593,0
2015-10-13,3072.5176662098593,3072.5176662098593,0
2015-10-14,3072.5176662098593,3072.5176662098593,0
2015-10-15,3072.5176662098593,3072.5176662098593,0
2015-10-16,3072.5176662098593,3072.5176662098593,0
2015-10-19,3072.5176662098593,3072.5176662098593,0
2015-10-20,3072.5176662098593,3072.5176662098593,0
2015-10-21,3072.5176662098593,3072.5176662098593,0
2015-10-22,3072.5176662098593,3072.5176662098593,0
2015-10-23,3072.5176662098593,3072.5176662098593,0
2015-10-26,3069.0376662098593,1869.0176662098593,1
2015-10-27,3023.222306209859,3023.222306209859,0
2015-10-28,3023.222306209859,3023.222306209859,0
2015-10-29,3023.222306209859,3023.222306209859,0
2015-10-30,3015.942306209859,1815.7823062098591,1
2015-11-02,2995.521386209859,2995.521386209859,0
2015-11-03,2995.521386209859,2995.521386209859,0
2015-11-04,2967.281386209859,41.31138620985894,3
2015-11-05,2980.871386209859,41.31138620985894,3
2015-11-06,2945.7654062098586,573.365406209859,2
2015-11-09,2905.3029062098594,1734.702906209859,1
2015-11-10,2930.682906209859,619.242906209859,2
2015-11-11,2919.4149062098586,8.610906209859081,3
2015-11-12,2856.7134262098593,75.99542620985903,3
2015-11-13,2834.211272209859,1662.561272209859,1
2015-11-16,2846.061272209859,1662.561272209859,1
2015-11-17,2845.0112722098593,1662.561272209859,1
2015-11-18,2869.461272209859,1662.561272209859,1
2015-11-19,2868.371272209859,1780.141272209859,1
2015-11-20,2874.641272209859,1780.141272209859,1
2015-11-23,2873.211272209859,1780.141272209859,1
2015-11-24,2860.981272209859,705.6412722098589,2
2015-11-25,2844.9412722098596,649.7212722098591,2
2015-11-27,2846.526272209859,30.31627220985922,3
2015-11-30,2850.016752209859,8.776752209859296,3
2015-12-01,2860.5467522098593,8.776752209859296,3
2015-12-02,2833.5817522098596,8.776752209859296,3
2015-12-03,2787.973512209859,798.535212209859,2
2015-12-04,2808.095412209859,1807.295412209859,1
2015-12-07,2810.375412209859,693.6354122098592,2
2015-12-08,2827.605412209859,18.175412209859132,3
2015-12-09,2722.751132209859,549.9411322098588,2
2015-12-10,2725.186132209859,2725.186132209859,0
2015-12-11,2725.186132209859,2725.186132209859,0
2015-12-14,2725.186132209859,2725.186132209859,0
2015-12-15,2725.186132209859,2725.186132209859,0
2015-12-16,2725.186132209859,2725.186132209859,0
2015-12-17,2685.9641322098596,79.297132209859,3
2015-12-18,2631.757919194981,1959.0439191949806,1
2015-12-21,2640.2509191949807,2640.2509191949807,0
2015-12-22,2640.2509191949807,2640.2509191949807,0
2015-12-23,2640.2509191949807,2640.2509191949807,0
2015-12-24,2640.2509191949807,2640.2509191949807,0
2015-12-28,2640.2509191949807,2640.2509191949807,0
2015-12-29,2640.2509191949807,2640.2509191949807,0
2015-12-30,2628.780919194981,1598.0309191949807,1
2015-12-31,2618.860919194981,1598.0309191949807,1
2016-01-04,2588.4809191949807,2588.4809191949807,0
2016-01-05,2588.4809191949807,2588.4809191949807,0
2016-01-06,2588.4809191949807,2588.4809191949807,0
2016-01-07,2588.4809191949807,2588.4809191949807,0
2016-01-08,2588.4809191949807,2588.4809191949807,0
2016-01-11,2588.4809191949807,2588.4809191949807,0
2016-01-12,2588.4809191949807,2588.4809191949807,0
2016-01-13,2588.4809191949807,2588.4809191949807,0
2016-01-14,2588.4809191949807,2588.4809191949807,0
2016-01-15,2588.4809191949807,2588.4809191949807,0
2016-01-19,2588.4809191949807,2588.4809191949807,0
2016-01-20,2588.4809191949807,2588.4809191949807,0
2016-01-21,2588.4809191949807,2588.4809191949807,0
2016-01-22,2588.4809191949807,2588.4809191949807,0
2016-01-25,2588.4809191949807,2588.4809191949807,0
2016-01-26,2588.4809191949807,2588.4809191949807,0
2016-01-27,2588.4809191949807,2588.4809191949807,0
2016-01-28,2588.4809191949807,2588.4809191949807,0
2016-01-29,2588.4809191949807,2588.4809191949807,0
2016-02-01,2588.4809191949807,2588.4809191949807,0
2016-02-02,2588.4809191949807,2588.4809191949807,0
2016-02-03,2588.4809191949807,2588.4809191949807,0
2016-02-04,2588.4809191949807,2588.4809191949807,0
2016-02-05,2588.4809191949807,2588.4809191949807,0
2016-02-08,2588.4809191949807,2588.4809191949807,0
2016-02-09,2588.4809191949807,2588.4809191949807,0
2016-02-10,2588.4809191949807,2588.4809191949807,0
2016-02-11,2588.4809191949807,2588.4809191949807,0
2016-02-12,2588.4809191949807,2588.4809191949807,0
2016-02-16,2588.4809191949807,2588.4809191949807,0
2016-02-17,2588.4809191949807,2588.4809191949807,0
2016-02-18,2588.4809191949807,2588.4809191949807,0
2016-02-19,2588.4809191949807,2588.4809191949807,0
2016-02-22,2588.4809191949807,2588.4809191949807,0
2016-02-23,2588.4809191949807,2588.4809191949807,0
2016-02-24,2588.4809191949807,2588.4809191949807,0
2016-02-25,2588.4809191949807,2588.4809191949807,0
2016-02-26,2588.4809191949807,2588.4809191949807,0
2016-02-29,2588.4809191949807,2588.4809191949807,0
2016-03-01,2588.4809191949807,2588.4809191949807,0
2016-03-02,2588.4809191949807,2588.4809191949807,0
2016-03-03,2588.4809191949807,2588.4809191949807,0
2016-03-04,2588.4809191949807,2588.4809191949807,0
2016-03-07,2588.4809191949807,2588.4809191949807,0
2016-03-08,2588.4809191949807,2588.4809191949807,0
2016-03-09,2588.4809191949807,2588.4809191949807,0
2016-03-10,2588.4809191949807,2588.4809191949807,0
2016-03-11,2588.4809191949807,2588.4809191949807,0
2016-03-14,2588.4809191949807,2588.4809191949807,0
2016-03-15,2588.4809191949807,2588.4809191949807,0
2016-03-16,2588.4809191949807,2588.4809191949807,0
2016-03-17,2610.2866191949806,1571.6693191949807,1
2016-03-18,2608.9447191949807,1571.6693191949807,1
2016-03-21,2613.7052191949806,534.2997191949808,2
2016-03-22,2626.991419194981,534.2997191949808,2
2016-03-23,2615.471519194981,26.74971919498074,3
2016-03-24,2600.992219194981,66.05811919498063,3
2016-03-28,2615.4037193949807,64.40371939498084,3
2016-03-29,2652.3221193949807,64.40371939498084,3
2016-03-30,2662.7577193949805,475.5249193949807,3
2016-03-31,2665.8641193949807,475.5249193949807,3
2016-04-01,2684.737319394981,475.5249193949807,3
2016-04-04,2699.1809193949807,475.5249193949807,3
2016-04-05,2674.538919394981,475.5249193949807,3
2016-04-06,2700.5725193949806,475.5249193949807,3
2016-04-07,2673.832119394981,40.12971939498084,3
2016-04-08,2661.5180293949807,0.3252293949808518,3
2016-04-11,2656.292829394981,0.3252293949808518,3
2016-04-12,2665.6728393949807,42.70523939498082,3
2016-04-13,2669.1598089949807,602.3874089949808,3
2016-04-14,2660.605008994981,602.3874089949808,3
2016-04-15,2667.719808994981,602.3874089949808,3
2016-04-18,2676.672608994981,602.3874089949808,3
2016-04-19,2695.059248994981,1055.6504489949807,3
2016-04-20,2708.692848994981,1055.6504489949807,3
2016-04-21,2705.7868489949806,1567.3504489949808,2
2016-04-22,2694.195248994981,505.35044899498075,3
2016-04-25,2687.669248994981,505.35044899498075,3
2016-04-26,2695.622848994981,505.35044899498075,3
2016-04-27,2702.875648994981,505.35044899498075,3
2016-04-28,2666.851148994981,506.513448994981,3
2016-04-29,2645.9400489949808,507.59364899498087,3
2016-05-02,2665.414448994981,507.59364899498087,3
2016-05-03,2650.4636489949808,507.59364899498087,3
2016-05-04,2572.0000489949807,2010.9000489949808,1
2016-05-05,2567.4600489949808,34.86004899498084,3
2016-05-06,2574.0400489949807,34.86004899498084,3
2016-05-09,2570.6001489949804,49.20414899498087,3
2016-05-10,2589.8767089949806,536.147708994981,3
2016-05-11,2589.359708994981,536.147708994981,3
2016-05-12,2597.797708994981,536.147708994981,3
2016-05-13,2580.828708994981,536.147708994981,3
2016-05-16,2607.1617089949814,536.147708994981,3
2016-05-17,2590.1577089949815,536.147708994981,3
2016-05-18,2600.4697089949814,536.147708994981,3
2016-05-19,2591.2777089949814,536.147708994981,3
2016-05-20,2613.4697089949814,123.91390899498106,3
2016-05-23,2613.3209089949805,123.91390899498106,3
2016-05-24,2643.1391089949816,235.88290899498134,3
2016-05-25,2656.5875089949814,235.88290899498134,3
2016-05-26,2645.022908994981,235.88290899498134,3
2016-05-27,2654.367508994981,235.88290899498134,3
2016-05-31,2641.7791089949815,235.88290899498134,3
2016-06-01,2652.6745089949814,235.88290899498134,3
2016-06-02,2680.787508994981,235.88290899498134,3
2016-06-03,2681.9140889949817,646.2740889949813,3
2016-06-06,2687.5356889949812,646.2740889949813,3
2016-06-07,2694.707888994981,646.8178889949813,3
2016-06-08,2715.8478889949815,646.8178889949813,3
2016-06-09,2721.5878889949813,646.8178889949813,3
2016-06-10,2707.7578889949814,646.8178889949813,3
2016-06-13,2709.8678889949815,646.8178889949813,3
2016-06-14,2705.9678889949814,646.8178889949813,3
2016-06-15,2692.9978889949816,646.8178889949813,3
2016-06-16,2712.4178889949812,646.8178889949813,3
2016-06-17,2700.3378889949813,646.8178889949813,3
2016-06-20,2710.0378889949816,646.8178889949813,3
2016-06-21,2713.9478889949814,646.8178889949813,3
2016-06-22,2714.967888994982,572.0583889949814,3
2016-06-23,2745.638388994981,572.0583889949814,3
2016-06-24,2695.4788889949814,572.0583889949814,3
2016-06-27,2689.7414219949815,1054.3214219949816,2
2016-06-28,2701.0714219949814,1054.3214219949816,2
2016-06-29,2718.3864219949814,1.141421994981556,3
2016-06-30,2752.8114219949816,1.141421994981556,3
2016-07-01,2750.9764219949816,1.141421994981556,3
2016-07-05,2770.666421994981,1.141421994981556,3
2016-07-06,2777.5364561009064,561.9239561009066,3
2016-07-07,2759.7964561009067,561.9239561009066,3
2016-07-08,2779.8164561009066,561.9239561009066,3
2016-07-11,2778.3908561009066,1052.6783561009065,3
2016-07-12,2767.3708561009066,1052.6783561009065,3
2016-07-13,2775.8708561009066,1052.6783561009065,3
2016-07-14,2768.3083561009066,1052.6783561009065,3
2016-07-15,2770.6133561009065,1052.6783561009065,3
2016-07-18,2768.8408561009064,1052.6783561009065,3
2016-07-19,2776.2208561009065,1052.6783561009065,3
2016-07-20,2777.200856100906,1052.6783561009065,3
2016-07-21,2776.5383561009066,506.12835610090656,3
2016-07-22,2748.858356100907,32.728356100906694,3
2016-07-25,2741.249656100906,1.8996561009066681,3
2016-07-26,2762.0396561009065,1.8996561009066681,3
2016-07-27,2766.889656100907,1.8996561009066681,3
2016-07-28,2761.3496561009065,1.8996561009066681,3
2016-07-29,2776.3066961009067,529.4666961009066,3
2016-08-01,2792.9466961009066,529.4666961009066,3
2016-08-02,2800.7387761009063,1050.9487761009063,3
2016-08-03,2790.6037761009065,531.1887761009064,3
2016-08-04,2780.253776100906,531.1887761009064,3
2016-08-05,2776.9387761009066,519.8187761009065,3
2016-08-08,2759.998776100906,519.8187761009065,3
2016-08-09,2760.0187761009065,534.4787761009063,3
2016-08-10,2743.8887761009064,1.2087761009063342,3
2016-08-11,2759.238776100906,168.1187761009062,3
2016-08-12,2753.0329361009058,85.80293610090621,3
2016-08-15,2743.672936100906,85.80293610090621,3
2016-08-16,2733.7529361009065,1073.8529361009064,2
2016-08-17,2671.9229361009066,1003.7129361009063,2
2016-08-18,2666.8466161009064,133.63321610090645,3
2016-08-19,2657.070551900906,56.6691519009064,3
2016-08-22,2662.0762519009068,56.6691519009064,3
2016-08-23,2668.8748519009064,56.6691519009064,3
2016-08-24,2655.156251900906,653.4591519009064,2
2016-08-25,2659.803451900906,1642.9034519009062,1
2016-08-26,2660.4143519009067,0.02215190090635133,3
2016-08-29,2676.7809519009065,4.502151900906483,3
2016-08-30,2664.9843519009064,4.502151900906483,3
2016-08-31,2653.7701519009065,4.502151900906483,3
2016-09-01,2670.373151900906,71.99935190090639,3
2016-09-02,2674.114051900907,590.6438519009065,3
2016-09-06,2668.3611708009066,200.8620708009064,3
2016-09-07,2655.793370800907,200.8620708009064,3
2016-09-08,2657.6343708009063,200.8620708009064,3
2016-09-09,2626.197850800906,1612.5235508009064,1
2016-09-12,2616.1486508009066,1580.4986508009065,1
2016-09-13,2608.798650800906,1580.4986508009065,1
2016-09-14,2605.908650800907,553.6986508009065,2
2016-09-15,2637.2816508009064,16.448650800906535,3
2016-09-16,2645.722650800906,16.448650800906535,3
2016-09-19,2648.7186508009063,16.448650800906535,3
2016-09-20,2655.3726508009067,16.448650800906535,3
2016-09-21,2678.7366508009072,16.448650800906535,3
2016-09-22,2676.8781508009065,294.44315080090655,3
2016-09-23,2638.235650800906,294.44315080090655,3
2016-09-26,2624.779150800907,1326.5931508009064,2
2016-09-27,2634.9916508009064,276.5131508009065,3
2016-09-28,2644.7051508009063,276.5131508009065,3
2016-09-29,2633.7606508009067,276.5131508009065,3
2016-09-30,2653.616450800906,804.2179508009064,3
2016-10-03,2655.6769508009065,804.2179508009064,3
2016-10-04,2650.188450800906,804.2179508009064,3
2016-10-05,2645.143950800906,804.2179508009064,3
2016-10-06,2641.5789508009066,1814.0179508009064,2
2016-10-07,2638.401350800906,774.0322508009062,3
2016-10-10,2647.5693508009062,774.0322508009062,3
2016-10-11,2610.8723908009056,2320.0223908009057,1
2016-10-12,2611.953890800906,2320.0223908009057,1
2016-10-13,2609.670390800906,1352.0223908009057,2
2016-10-14,2615.738390800906,310.70239080090573,3
2016-10-17,2607.054890800906,310.70239080090573,3
2016-10-18,2624.8570908009056,39.31169080090558,3
2016-10-19,2574.089183900906,50.65918390090576,3
2016-10-20,2540.6491839009054,35.65918390090576,3
2016-10-21,2557.5791839009057,35.65918390090576,3
2016-10-24,2605.449183900906,11.939183900905846,3
2016-10-25,2579.0591839009057,11.939183900905846,3
2016-10-26,2572.5791839009057,11.939183900905846,3
2016-10-27,2563.1791839009056,11.939183900905846,3
2016-10-28,2566.3291839009057,1055.9391839009058,2
2016-10-31,2572.609183900906,1055.9391839009058,2
2016-11-01,2563.709183900906,1055.9391839009058,2
2016-11-02,2558.439183900906,1055.9391839009058,2
2016-11-03,2547.179183900906,60.83918390090582,3
2016-11-04,2539.8291839009057,987.4291839009056,2
2016-11-07,2589.249183900906,39.3491839009057,3
2016-11-08,2587.189183900906,39.3491839009057,3
2016-11-09,2653.5798806358293,828.1298806358296,3
2016-11-10,2642.20952063583,1747.5695206358296,2
2016-11-11,2652.4295206358297,1747.5695206358296,2
2016-11-14,2687.5695206358296,1747.5695206358296,2
2016-11-15,2717.7695206358294,685.3295206358296,3
2016-11-16,2679.07952063583,685.3295206358296,3
2016-11-17,2674.7895206358294,685.3295206358296,3
2016-11-18,2675.9095206358297,1734.3695206358295,2
2016-11-21,2683.6419206358296,694.6495206358295,3
2016-11-22,2693.4751206358296,694.6495206358295,3
2016-11-23,2692.3227206358297,694.6495206358295,3
2016-11-25,2703.5919206358294,694.6495206358295,3
2016-11-28,2690.8771206358297,694.6495206358295,3
2016-11-29,2689.7631206358296,694.6495206358295,3
2016-11-30,2697.1319206358294,694.6495206358295,3
2016-12-01,2707.8587206358293,1715.7987206358293,2
2016-12-02,2700.5687206358293,1715.7987206358293,2
2016-12-05,2719.358720635829,653.1987206358292,3
2016-12-06,2741.0987206358295,653.1987206358292,3
2016-12-07,2797.3087206358286,653.1987206358292,3
2016-12-08,2824.148720635829,653.1987206358292,3
2016-12-09,2806.528720635829,653.1987206358292,3
2016-12-12,2784.3887206358295,653.1987206358292,3
2016-12-13,2790.5087206358294,653.1987206358292,3
2016-12-14,2783.368720635829,653.1987206358292,3
2016-12-15,2818.8087206358296,653.1987206358292,3
2016-12-16,2779.068720635829,653.1987206358292,3
2016-12-19,2789.028720635829,653.1987206358292,3
2016-12-20,2806.968720635829,708.0987206358291,3
2016-12-21,2803.048720635829,708.0987206358291,3
2016-12-22,2807.218720635829,708.0987206358291,3
2016-12-23,2808.6187206358295,708.0987206358291,3
2016-12-27,2816.028720635829,708.0987206358291,3
2016-12-28,2795.928720635829,708.0987206358291,3
2016-12-29,2782.598720635829,708.0987206358291,3
2016-12-30,2748.788720635829,288.63172063582897,3
2017-01-03,2752.6256206358294,226.68562063582908,3
2017-01-04,2797.9256206358286,226.68562063582908,3
2017-01-05,2764.655620635829,226.68562063582908,3
2017-01-06,2770.4156206358284,226.68562063582908,3
2017-01-09,2768.9756206358293,17.515620635829123,3
2017-01-10,2776.995620635829,17.515620635829123,3
2017-01-11,2781.425620635829,17.515620635829123,3
2017-01-12,2763.945620635829,17.515620635829123,3
2017-01-13,2775.8139806358295,796.7139806358293,3
2017-01-17,2711.766980635829,763.4969806358292,3
2017-01-18,2715.641180635829,476.53358063582937,3
2017-01-19,2719.7991806358295,377.73918063582937,3
2017-01-20,2746.0891806358295,377.73918063582937,3
2017-01-23,2753.9156606358297,824.1156606358294,3
2017-01-24,2775.6856606358297,824.1156606358294,3
2017-01-25,2785.745660635829,824.1156606358294,3
2017-01-26,2770.6356606358295,824.1156606358294,3
2017-01-27,2789.325660635829,824.1156606358294,3
2017-01-30,2772.8756606358293,824.1156606358294,3
2017-01-31,2769.7656606358296,824.1156606358294,3
2017-02-01,2777.685660635829,824.1156606358294,3
2017-02-02,2778.6756606358294,824.1156606358294,3
2017-02-03,2797.6556606358295,824.1156606358294,3
2017-02-06,2793.6356606358295,824.1156606358294,3
2017-02-07,2806.3756606358297,824.1156606358294,3
2017-02-08,2809.265660635829,824.1156606358294,3
2017-02-09,2816.49556063583,1370.0055606358296,3
2017-02-10,2823.3355606358296,1370.0055606358296,3
2017-02-13,2831.1455606358295,1370.0055606358296,3
2017-02-14,2825.2255606358294,1370.0055606358296,3
2017-02-15,2828.6655606358295,1370.0055606358296,3
2017-02-16,2827.12556063583,1370.0055606358296,3
2017-02-17,2840.7355606358296,1370.0055606358296,3
2017-02-21,2845.4255606358292,1370.0055606358296,3
2017-02-22,2844.1955606358297,1370.0055606358296,3
2017-02-23,2828.2455606358294,1370.0055606358296,3
2017-02-24,2831.9455606358297,930.3355606358296,3
2017-02-27,2844.3855606358293,930.3355606358296,3
2017-02-28,2840.2955606358296,930.3355606358296,3
2017-03-01,2871.3755606358295,930.3355606358296,3
2017-03-02,2862.1055606358295,930.3355606358296,3
2017-03-03,2871.5655606358296,930.3355606358296,3
2017-03-06,2875.0255606358296,930.3355606358296,3
2017-03-07,2872.7655606358294,930.3355606358296,3
2017-03-08,2870.5055606358296,930.3355606358296,3
2017-03-09,2874.3655606358298,930.3355606358296,3
2017-03-10,2898.7455606358294,930.3355606358296,3
2017-03-13,2906.5555606358294,930.3355606358296,3
2017-03-14,2896.32556063583,930.3355606358296,3
2017-03-15,2921.8455606358293,930.3355606358296,3
2017-03-16,2921.33556063583,930.3355606358296,3
2017-03-17,2937.1055606358295,930.3355606358296,3
2017-03-20,2926.0155606358294,930.3355606358296,3
2017-03-21,2909.1055606358295,930.3355606358296,3
2017-03-22,2919.5455606358296,1939.1155606358295,2
2017-03-23,2914.835560635829,794.6755606358295,3
2017-03-24,2938.965560635829,794.6755606358295,3
2017-03-27,2941.625560635829,794.6755606358295,3
2017-03-28,2943.6455606358295,794.6755606358295,3
2017-03-29,2957.7255606358294,794.6755606358295,3
2017-03-30,2965.07556063583,794.6755606358295,3
2017-03-31,2958.045560635829,794.6755606358295,3
2017-04-03,2936.535560635829,794.6755606358295,3
2017-04-04,2942.1155606358298,794.6755606358295,3
2017-04-05,2932.545560635829,794.6755606358295,3
2017-04-06,2911.5734406358297,2260.8234406358297,1
2017-04-07,2915.3014406358293,6.686440635829513,3
2017-04-10,2914.2554406358295,5.790440635829555,3
2017-04-11,2917.2364406358297,1116.7464406358297,2
2017-04-12,2906.3524406358297,1.4014406358296583,3
2017-04-13,2901.5714406358297,10.463940635829658,3
2017-04-17,2926.23394063583,12.325940635829738,3
2017-04-18,2920.2539406358296,12.325940635829738,3
2017-04-19,2996.8949406358297,587.9239406358297,3
2017-04-20,3010.8519406358296,587.9239406358297,3
2017-04-21,3012.03794063583,587.9239406358297,3
2017-04-24,3049.6069006358302,1178.9939006358297,3
2017-04-25,3079.3619006358294,1178.9939006358297,3
2017-04-26,3076.85690063583,1178.9939006358297,3
2017-04-27,3087.65390063583,1178.9939006358297,3
2017-04-28,3075.9789006358296,1178.9939006358297,3
2017-05-01,3110.97990063583,1178.9939006358297,3
2017-05-02,3098.52990063583,1178.9939006358297,3
2017-05-03,3086.7379006358296,1178.9939006358297,3
2017-05-04,3094.6869006358297,562.9139006358296,3
2017-05-05,3105.6469006358298,562.9139006358296,3
2017-05-08,3097.1299006358295,562.9139006358296,3
2017-05-09,3097.8359006358296,562.9139006358296,3
2017-05-10,3100.9089006358295,562.9139006358296,3
2017-05-11,3095.9199006358294,562.9139006358296,3
2017-05-12,3089.7079006358294,562.9139006358296,3
2017-05-15,3105.87490063583,574.7539006358297,3
2017-05-16,3115.9519006358296,574.7539006358297,3
2017-05-17,3082.20638063583,542.4953806358299,3
2017-05-18,3094.92838063583,1827.1953806358297,2
2017-05-19,3100.0293806358295,603.4533806358297,3
2017-05-22,3109.6143806358295,603.4533806358297,3
2017-05-23,3118.4623806358295,603.4533806358297,3
2017-05-24,3118.5873806358295,603.4533806358297,3
2017-05-25,3171.06338063583,603.4533806358297,3
2017-05-26,3171.9233806358297,603.4533806358297,3
2017-05-30,3184.41038063583,603.4533806358297,3
2017-05-31,3179.08038063583,603.4533806358297,3
2017-06-01,3188.8673806358292,603.4533806358297,3
2017-06-02,3219.8437806358297,1246.8597806358298,3
2017-06-05,3225.7407806358297,1246.8597806358298,3
2017-06-06,3227.7657806358297,1246.8597806358298,3
2017-06-07,3234.8787806358296,1246.8597806358298,3
2017-06-08,3249.0627806358298,1246.8597806358298,3
2017-06-09,3124.43478063583,614.7807806358298,3
2017-06-12,3101.82618063583,553.51638063583,3
2017-06-13,3107.4187806358304,2.3543806358300117,3
2017-06-14,3103.51798063583,2.3543806358300117,3
2017-06-15,3097.4771806358303,13.164380635830184,3
2017-06-16,3107.22718063583,13.164380635830184,3
2017-06-19,3119.6639806358303,13.164380635830184,3
2017-06-20,3053.5995614358303,346.76956143583027,3
2017-06-21,3048.2695614358304,346.76956143583027,3
2017-06-22,3035.5495614358297,407.4795614358302,3
2017-06-23,3047.2595614358297,407.4795614358302,3
2017-06-26,3061.0095614358306,407.4795614358302,3
2017-06-27,3017.4695614358307,407.4795614358302,3
2017-06-28,3044.8071614358305,347.17396143583005,3
2017-06-29,2995.9007614358297,347.17396143583005,3
2017-06-30,2949.5423614358297,347.17396143583005,3
2017-07-03,2902.02826143583,29.60706143583002,3
2017-07-05,2898.3763614358304,78.38196143583014,3
2017-07-06,2850.82460143583,10.40340143583012,3
2017-07-07,2897.25980143583,2.3894014358299955,3
2017-07-10,2892.2358014358306,2.3894014358299955,3
2017-07-11,2874.85380143583,2.3894014358299955,3
2017-07-12,2902.7717414358303,472.5013414358301,3
2017-07-13,2903.30054143583,472.5013414358301,3
2017-07-14,2906.7061414358304,1601.8861414358303,2
2017-07-17,2899.9961414358304,479.1061414358303,3
2017-07-18,2881.1875214358297,1066.27752143583,2
2017-07-19,2875.45752143583,95.47752143583,3
2017-07-20,2879.05752143583,95.47752143583,3
2017-07-21,2901.64752143583,95.47752143583,3
2017-07-24,2932.7875214358305,95.47752143583,3
2017-07-25,2922.04752143583,95.47752143583,3
2017-07-26,2924.02752143583,95.47752143583,3
2017-07-27,2860.1451385966216,5.765138596621455,3
2017-07-28,2888.0751385966214,132.78513859662144,3
2017-07-31,2876.855138596621,132.78513859662144,3
2017-08-01,2890.0851385966216,132.78513859662144,3
2017-08-02,2872.7451385966215,132.78513859662144,3
2017-08-03,2890.7451385966215,132.78513859662144,3
2017-08-04,2895.3651385966214,132.78513859662144,3
2017-08-07,2897.855138596621,132.78513859662144,3
2017-08-08,2911.551138596621,660.0111385966213,3
2017-08-09,2913.7411385966216,660.0111385966213,3
2017-08-10,2883.4811385966213,1528.9311385966212,2
2017-08-11,2870.181138596621,1196.6311385966214,2
2017-08-14,2888.8711385966217,181.77113859662154,3
2017-08-15,2900.2011385966216,181.77113859662154,3
2017-08-16,2913.141138596621,181.77113859662154,3
2017-08-17,2890.4411385966214,181.77113859662154,3
2017-08-18,2882.199138596621,1013.5491385966213,2
2017-08-21,2881.759138596621,109.76913859662136,3
2017-08-22,2915.719138596621,109.76913859662136,3
2017-08-23,2898.239138596621,109.76913859662136,3
2017-08-24,2889.2691385966214,109.76913859662136,3
2017-08-25,2897.6691385966215,109.76913859662136,3
2017-08-28,2880.949138596621,109.76913859662136,3
2017-08-29,2908.968778596621,12.580778596621258,3
2017-08-30,2939.111778596621,12.580778596621258,3
2017-08-31,2945.8227785966214,602.3307785966213,3
2017-09-01,2949.4447785966213,602.3307785966213,3
2017-09-05,2930.5207785966213,602.3307785966213,3
2017-09-06,2928.6997785966214,602.3307785966213,3
2017-09-07,2964.1117785966217,36.27077859662131,3
2017-09-08,2922.1457785966213,36.27077859662131,3
2017-09-11,2977.713714596621,616.1154145966213,3
2017-09-12,2984.087014596621,616.1154145966213,3
2017-09-13,2984.1596145966214,616.1154145966213,3
2017-09-14,2992.462014596621,616.1154145966213,3
2017-09-15,3011.8504145966217,616.1154145966213,3
2017-09-18,3083.4483781966214,1227.1683781966212,3
2017-09-19,3084.093378196621,1227.1683781966212,3
2017-09-20,3093.140778196621,1227.1683781966212,3
2017-09-21,3086.0009781966214,1227.1683781966212,3
2017-09-22,3112.6657781966214,1227.1683781966212,3
2017-09-25,3054.665978196621,1227.1683781966212,3
2017-09-26,3059.2385781966213,1227.1683781966212,3
2017-09-27,3098.657978196621,627.2513781966213,3
2017-09-28,3097.0739781966213,627.2513781966213,3
2017-09-29,3105.7787781966213,627.2513781966213,3
2017-10-02,3079.5209781966214,627.2513781966213,3
2017-10-03,3084.3461781966216,1817.5063781966214,2
2017-10-04,3115.4233781966213,583.9183781966215,3
2017-10-05,3170.351918196621,1234.9609181966212,3
2017-10-06,3194.0163181966213,1234.9609181966212,3
2017-10-09,3191.341318196621,1234.9609181966212,3
2017-10-10,3189.9531181966213,1234.9609181966212,3
2017-10-11,3191.9985181966213,1234.9609181966212,3
2017-10-12,3196.167318196621,1234.9609181966212,3
2017-10-13,3211.8717181966213,1234.9609181966212,3
2017-10-16,3218.5905181966214,1234.9609181966212,3
2017-10-17,3209.200318196621,1234.9609181966212,3
2017-10-18,3197.297118196621,1234.9609181966212,3
2017-10-19,3197.8403181966214,1234.9609181966212,3
2017-10-20,3198.824918196621,1234.9609181966212,3
2017-10-23,3194.3063181966213,1234.9609181966212,3
2017-10-24,3244.344118196621,1234.9609181966212,3
2017-10-25,3217.9113181966213,1234.9609181966212,3
2017-10-26,3230.8025181966213,1234.9609181966212,3
2017-10-27,3262.7643181966214,1234.9609181966212,3
2017-10-30,3253.908918196621,1234.9609181966212,3
2017-10-31,3256.450318196621,1234.9609181966212,3
2017-11-01,3255.360718196621,1234.9609181966212,3
2017-11-02,3206.446318196621,1234.9609181966212,3
2017-11-03,3278.420718196621,641.1547181966212,3
2017-11-06,3282.3927181966214,641.1547181966212,3
2017-11-07,3281.636718196621,641.1547181966212,3
2017-11-08,3297.2247181966213,641.1547181966212,3
2017-11-09,3257.724718196621,641.1547181966212,3
2017-11-10,3260.0247181966215,1292.6287181966213,2
2017-11-13,3244.914718196622,99.76871819662142,3
2017-11-14,3253.084718196622,99.76871819662142,3
2017-11-15,3218.562718196621,99.76871819662142,3
2017-11-16,3243.4827181966216,170.49271819662124,3
2017-11-17,3241.3388781966214,715.8588781966212,3
2017-11-20,3248.0088781966206,715.8588781966212,3
2017-11-21,3280.648878196621,715.8588781966212,3
2017-11-22,3303.8788781966214,715.8588781966212,3
2017-11-24,3312.2488781966213,715.8588781966212,3
2017-11-27,3337.368878196621,715.8588781966212,3
2017-11-28,3351.6388781966216,715.8588781966212,3
2017-11-29,3367.577138196621,933.9571381966211,3
2017-11-30,3399.5571381966215,933.9571381966211,3
2017-12-01,3389.377138196621,933.9571381966211,3
2017-12-04,3246.4637381966213,831.1712381966211,3
2017-12-05,3236.0262381966213,2042.496238196621,2
2017-12-06,3228.676238196621,806.9262381966212,3
2017-12-07,3242.146238196621,806.9262381966212,3
2017-12-08,3233.2062381966207,806.9262381966212,3
2017-12-11,3225.3462381966215,769.0462381966213,3
2017-12-12,3221.276238196621,769.0462381966213,3
2017-12-13,3243.0462381966213,769.0462381966213,3
2017-12-14,3210.646238196621,769.0462381966213,3
2017-12-15,3233.8862381966214,769.0462381966213,3
2017-12-18,3261.0562381966215,769.0462381966213,3
2017-12-19,3258.4862381966213,769.0462381966213,3
2017-12-20,3251.9862381966213,769.0462381966213,3
2017-12-21,3264.5562381966215,769.0462381966213,3
2017-12-22,3273.4262381966214,769.0462381966213,3
2017-12-26,3270.5262381966213,76.12623819662144,3
2017-12-27,3280.6162381966215,61.86623819662145,3
2017-12-28,3279.6662381966216,61.86623819662145,3
2017-12-29,3267.716238196622,61.86623819662145,3
2018-01-02,3286.2662381966215,61.86623819662145,3
2018-01-03,3306.8861381966217,639.7361381966216,3
2018-01-04,3324.9861381966216,639.7361381966216,3
2018-01-05,3355.052078196622,1253.632078196622,3
2018-01-08,3362.1220781966217,1253.632078196622,3
2018-01-09,3382.942078196622,1253.632078196622,3
2018-01-10,3375.792078196622,1253.632078196622,3
2018-01-11,3394.772078196622,1253.632078196622,3
2018-01-12,3417.382078196622,1253.632078196622,3
2018-01-16,3400.0820781966218,1253.632078196622,3
2018-01-17,3421.802078196622,1253.632078196622,3
2018-01-18,3429.482078196622,1253.632078196622,3
2018-01-19,3438.732078196622,1253.632078196622,3
2018-01-22,3460.0620781966218,1253.632078196622,3
2018-01-23,3455.382078196622,1253.632078196622,3
2018-01-24,3458.942078196622,1253.632078196622,3
2018-01-25,3464.022078196622,1253.632078196622,3
2018-01-26,3495.1620781966217,1253.632078196622,3
2018-01-29,3475.092078196622,1253.632078196622,3
2018-01-30,3455.8520781966217,1253.632078196622,3
2018-01-31,3466.962078196622,1253.632078196622,3
2018-02-01,3475.5620781966218,1253.632078196622,3
2018-02-02,3417.222078196622,1253.632078196622,3
2018-02-05,3320.5637781966216,1311.4737781966219,2
2018-02-06,3279.385478196622,3279.385478196622,0
2018-02-07,3279.652278196622,387.6110781966222,3
2018-02-08,3139.833578196622,276.31607819662213,3
2018-02-09,3190.9741781966222,3190.9741781966222,0
2018-02-12,3203.8861781966225,185.53217819662223,3
2018-02-13,3230.7721781966225,185.53217819662223,3
2018-02-14,3259.7161781966224,185.53217819662223,3
2018-02-15,3323.436178196622,185.53217819662223,3
2018-02-16,3337.620178196622,185.53217819662223,3
2018-02-20,3348.3181781966223,185.53217819662223,3
2018-02-21,3330.660178196623,185.53217819662223,3
2018-02-22,3319.3921781966224,185.53217819662223,3
2018-02-23,3374.8021781966218,185.53217819662223,3
2018-02-26,3388.614178196622,185.53217819662223,3
2018-02-27,3393.6661781966222,185.53217819662223,3
2018-02-28,3378.018178196622,2315.352178196622,1
2018-03-01,3368.514178196622,2315.352178196622,1
2018-03-02,3413.182818196622,2846.5048181966217,1
2018-03-05,3439.7148181966218,251.98481819662175,3
2018-03-06,3462.9528181966216,251.98481819662175,3
2018-03-07,3468.4888181966217,129.32481819662166,3
2018-03-08,3454.5108181966216,129.32481819662166,3
2018-03-09,3533.918818196622,129.32481819662166,3
2018-03-12,3527.266818196622,129.32481819662166,3
2018-03-13,3531.6397781966216,822.5357781966215,3
2018-03-14,3512.4917781966215,822.5357781966215,3
2018-03-15,3499.1577781966216,822.5357781966215,3
2018-03-16,3497.087778196621,822.5357781966215,3
2018-03-19,3478.3097781966217,822.5357781966215,3
2018-03-20,3508.689778196621,822.5357781966215,3
2018-03-21,3503.8617781966213,822.5357781966215,3
2018-03-22,3459.379778196622,2173.975778196622,2
2018-03-23,3425.2337781966216,2173.975778196622,2
2018-03-26,3457.405778196622,3457.405778196622,0
2018-03-27,3347.2837781966223,57.907778196622075,3
2018-03-28,3352.7477781966218,2023.0677781966222,1
2018-03-29,3363.5277781966224,2023.0677781966222,1
2018-04-02,3307.7585581966214,2109.8585581966217,1
2018-04-03,3317.028558196622,3317.028558196622,0
2018-04-04,3317.028558196622,3317.028558196622,0
2018-04-05,3321.868558196622,2213.508558196622,1
2018-04-06,3286.8885581966215,2213.508558196622,1
2018-04-09,3295.028558196622,3295.028558196622,0
2018-04-10,3295.028558196622,3295.028558196622,0
2018-04-11,3295.028558196622,3295.028558196622,0
2018-04-12,3309.173558196622,2007.5588581966217,1
2018-04-13,3287.9888581966215,2007.5588581966217,1
2018-04-16,3298.1441581966214,726.9788581966218,2
2018-04-17,3346.174158196622,726.9788581966218,2
2018-04-18,3326.9691581966217,726.9788581966218,2
2018-04-19,3322.844158196622,726.9788581966218,2
2018-04-20,3321.508558196622,726.9788581966218,2
2018-04-23,3326.443858196622,726.9788581966218,2
2018-04-24,3302.7391581966217,0.5188581966217498,3
2018-04-25,3270.3172581966214,681.4069581966219,2
2018-04-26,3298.4019581966218,2.0269581966218766,3
2018-04-27,3296.9001581966218,808.9981581966216,3
2018-04-30,3264.7901581966216,86.0181581966217,3
2018-05-01,3271.292158196622,10.850158196622033,3
2018-05-02,3273.690158196622,10.850158196622033,3
2018-05-03,3241.931158196622,1110.900158196622,2
2018-05-04,3270.377158196622,26.497158196621967,3
2018-05-07,3314.177158196622,26.497158196621967,3
2018-05-08,3339.309158196622,26.497158196621967,3
2018-05-09,3392.185878196622,373.285878196622,3
2018-05-10,3396.285878196622,373.285878196622,3
2018-05-11,3364.817878196622,373.285878196622,3
2018-05-14,3340.4658781966223,373.285878196622,3
2018-05-15,3347.9138781966217,373.285878196622,3
2018-05-16,3322.913878196622,373.285878196622,3
2018-05-17,3262.245878196622,2906.325878196622,1
2018-05-18,3281.920478196622,362.174478196622,3
2018-05-21,3296.644478196622,362.174478196622,3
2018-05-22,3289.6284781966224,336.2084781966221,3
2018-05-23,3307.743878196622,336.2084781966221,3
2018-05-24,3321.886178196622,995.5084781966221,3
2018-05-25,3311.4107781966222,995.5084781966221,3
2018-05-29,3288.550778196622,1334.448478196622,2
2018-05-30,3326.203478196622,141.40847819662213,3
2018-05-31,3293.6907781966224,141.40847819662213,3
2018-06-01,3286.6734781966225,83.98847819662183,3
2018-06-04,3261.2323781966215,147.84257819662184,3
2018-06-05,3263.8933781966216,147.84257819662184,3
2018-06-06,3266.225578196622,1366.6225781966218,2
2018-06-07,3257.9891781966217,1403.1107781966218,2
2018-06-08,3283.957878196622,118.90077819662179,3
2018-06-11,3303.941778196622,118.90077819662179,3
2018-06-12,3303.058078196622,118.90077819662179,3
2018-06-13,3279.578778196622,118.90077819662179,3
2018-06-14,3285.5961781966225,118.90077819662179,3
2018-06-15,3308.207758196622,711.0220581966219,3
2018-06-18,3289.8843581966216,711.0220581966219,3
2018-06-19,3256.0543581966213,3256.0543581966213,0
2018-06-20,3263.064358196621,5.163158196621225,3
2018-06-21,3232.8131581966218,5.163158196621225,3
2018-06-22,3212.885578196621,71.79557819662114,3
2018-06-25,3163.8477781966208,2457.207778196621,1
2018-06-26,3145.8243781966207,1288.5985781966208,2
2018-06-27,3079.354178196621,392.9471781966208,3
2018-06-28,3095.4751781966206,2380.4751781966206,1
2018-06-29,3048.391178196621,159.53417819662081,3
2018-07-02,3079.476178196621,79.0541781966208,3
2018-07-03,3045.486278196621,444.94827819662083,3
2018-07-05,3083.859278196621,444.94827819662083,3
2018-07-06,3129.783278196621,444.94827819662083,3
2018-07-09,3165.7312781966207,444.94827819662083,3
2018-07-10,3159.0352781966208,444.94827819662083,3
2018-07-11,3187.7732781966206,444.94827819662083,3
2018-07-12,3196.118278196621,444.94827819662083,3
2018-07-13,3140.498278196621,444.94827819662083,3
2018-07-16,3142.320278196621,1601.990278196621,2
2018-07-17,3151.600278196621,1601.990278196621,2
2018-07-18,3155.533478196621,365.57027819662085,3
2018-07-19,3156.893478196621,365.57027819662085,3
2018-07-20,3121.780278196621,365.57027819662085,3
2018-07-23,3120.723478196621,379.7734781966208,3
2018-07-24,3121.4934781966203,379.7734781966208,3
2018-07-25,3163.9234781966206,379.7734781966208,3
2018-07-26,3158.563478196621,379.7734781966208,3
2018-07-27,3117.1734781966206,379.7734781966208,3
2018-07-30,3117.473478196621,335.2934781966205,3
2018-07-31,3117.6334781966207,106.10347819662059,3
2018-08-01,3084.15347819662,12.993478196620572,3
2018-08-02,3105.597668196621,51.34316819662081,3
2018-08-03,3096.651668196621,51.34316819662081,3
2018-08-06,3120.5706681966208,51.34316819662081,3
2018-08-07,3142.6251681966205,265.17316819662074,3
2018-08-08,3163.671168196621,265.17316819662074,3
2018-08-09,3173.5397281966207,595.2917281966207,3
2018-08-10,3163.1867281966206,595.2917281966207,3
2018-08-13,3173.799320196621,1171.339320196621,3
2018-08-14,3196.096820196621,1171.339320196621,3
2018-08-15,3155.316320196621,1171.339320196621,3
2018-08-16,3164.401320196621,1065.2493201966208,3
2018-08-17,3175.166320196621,1065.2493201966208,3
2018-08-20,3179.4578201966206,1065.2493201966208,3
2018-08-21,3177.5253201966207,137.2688201966207,3
2018-08-22,3207.6433201966206,137.2688201966207,3
2018-08-23,3214.9743201966207,137.2688201966207,3
2018-08-24,3275.564820196621,137.2688201966207,3
2018-08-27,3284.816320196621,137.2688201966207,3
2018-08-28,3302.171320196621,137.2688201966207,3
2018-08-29,3336.394320196621,137.2688201966207,3
2018-08-30,3335.3173201966206,137.2688201966207,3
2018-08-31,3355.7423201966208,137.2688201966207,3
2018-09-04,3360.506820196621,137.2688201966207,3
2018-09-05,3309.846320196621,137.2688201966207,3
2018-09-06,3305.8077790473353,624.4392790473353,3
2018-09-07,3310.763779047335,624.4392790473353,3
2018-09-10,3318.8727790473354,624.4392790473353,3
2018-09-11,3345.2117790473353,624.4392790473353,3
2018-09-12,3340.7392790473355,624.4392790473353,3
2018-09-13,3342.143779047335,624.4392790473353,3
2018-09-14,3321.585779047335,624.4392790473353,3
2018-09-17,3269.5297790473355,624.4392790473353,3
2018-09-18,3283.226779047335,689.9067790473355,2
2018-09-19,3274.906779047335,160.96677904733542,3
2018-09-20,3277.2067790473347,260.2267790473354,3
2018-09-21,3283.1367790473355,157.31677904733533,3
2018-09-24,3275.756779047335,157.31677904733533,3
2018-09-25,3276.5767790473355,157.31677904733533,3
2018-09-26,3297.6267790473353,240.56677904733533,3
2018-09-27,3305.806779047335,240.56677904733533,3
2018-09-28,3337.4067790473355,240.56677904733533,3
2018-10-01,3343.746779047335,240.56677904733533,3
2018-10-02,3336.706779047335,240.56677904733533,3
2018-10-03,3362.6467790473353,240.56677904733533,3
2018-10-04,3385.256779047335,922.2867790473354,3
2018-10-05,3385.756779047336,922.2867790473354,3
2018-10-08,3381.1267790473353,733.7467790473352,3
2018-10-09,3397.9867790473354,675.666779047335,3
2018-10-10,3229.5655790473347,103.74557904733524,3
2018-10-11,3199.115579047335,2551.655579047335,1
2018-10-12,3205.655579047335,3205.655579047335,0
2018-10-15,3205.655579047335,3205.655579047335,0
2018-10-16,3205.655579047335,3205.655579047335,0
2018-10-17,3250.558979047335,6.362979047334875,3
2018-10-18,3244.4441790473347,6.362979047334875,3
2018-10-19,3240.098179047335,6.362979047334875,3
2018-10-22,3242.866979047335,6.362979047334875,3
2018-10-23,3212.1423790473345,6.362979047334875,3
2018-10-24,3154.3354825378465,1942.7698825378463,1
2018-10-25,3092.5018825378465,3092.5018825378465,0
2018-10-26,3092.5018825378465,3092.5018825378465,0
2018-10-29,3092.5018825378465,3092.5018825378465,0
2018-10-30,3092.5018825378465,3092.5018825378465,0
2018-10-31,3092.5018825378465,3092.5018825378465,0
2018-11-01,3092.5018825378465,3092.5018825378465,0
2018-11-02,3092.5018825378465,3092.5018825378465,0
2018-11-05,3092.5018825378465,3092.5018825378465,0
2018-11-06,3092.5018825378465,3092.5018825378465,0
2018-11-07,3092.5018825378465,3092.5018825378465,0
2018-11-08,3092.5018825378465,3092.5018825378465,0
2018-11-09,3092.5018825378465,3092.5018825378465,0
2018-11-12,3092.5018825378465,3092.5018825378465,0
2018-11-13,3092.5018825378465,3092.5018825378465,0
2018-11-14,3092.5018825378465,3092.5018825378465,0
2018-11-15,3092.5018825378465,3092.5018825378465,0
2018-11-16,3092.5018825378465,3092.5018825378465,0
2018-11-19,3092.5018825378465,3092.5018825378465,0
2018-11-20,3092.5018825378465,3092.5018825378465,0
2018-11-21,3092.5018825378465,3092.5018825378465,0
2018-11-23,3092.5018825378465,3092.5018825378465,0
2018-11-26,3092.5018825378465,3092.5018825378465,0
2018-11-27,3092.5018825378465,3092.5018825378465,0
2018-11-28,3092.5018825378465,3092.5018825378465,0
2018-11-29,3092.5018825378465,3092.5018825378465,0
2018-11-30,3092.5018825378465,3092.5018825378465,0
2018-12-03,3092.5018825378465,3092.5018825378465,0
2018-12-04,3092.5018825378465,3092.5018825378465,0
2018-12-06,3092.5018825378465,3092.5018825378465,0
2018-12-07,3092.5018825378465,3092.5018825378465,0
2018-12-10,3092.5018825378465,3092.5018825378465,0
2018-12-11,3092.5018825378465,3092.5018825378465,0
2018-12-12,3092.5018825378465,3092.5018825378465,0
2018-12-13,3092.5018825378465,3092.5018825378465,0
2018-12-14,3092.5018825378465,3092.5018825378465,0
2018-12-17,3092.5018825378465,3092.5018825378465,0
2018-12-18,3092.5018825378465,3092.5018825378465,0
2018-12-19,3092.5018825378465,3092.5018825378465,0
2018-12-20,3092.5018825378465,3092.5018825378465,0
2018-12-21,3092.5018825378465,3092.5018825378465,0
2018-12-24,3092.5018825378465,3092.5018825378465,0
2018-12-26,3092.5018825378465,3092.5018825378465,0
2018-12-27,3092.5018825378465,3092.5018825378465,0
2018-12-28,3092.5018825378465,3092.5018825378465,0
2018-12-31,3092.5018825378465,3092.5018825378465,0
2019-01-02,3092.5018825378465,3092.5018825378465,0
2019-01-03,3092.5018825378465,3092.5018825378465,0
2019-01-04,3092.5018825378465,3092.5018825378465,0
2019-01-07,3092.5018825378465,3092.5018825378465,0
2019-01-08,3092.5018825378465,3092.5018825378465,0
2019-01-09,3092.5018825378465,3092.5018825378465,0
2019-01-10,3092.5018825378465,3092.5018825378465,0
2019-01-11,3092.5018825378465,3092.5018825378465,0
2019-01-14,3092.5018825378465,3092.5018825378465,0
2019-01-15,3092.5018825378465,3092.5018825378465,0
2019-01-16,3092.5018825378465,3092.5018825378465,0
2019-01-17,3092.5018825378465,3092.5018825378465,0
2019-01-18,3092.5018825378465,3092.5018825378465,0
2019-01-22,3092.5018825378465,3092.5018825378465,0
2019-01-23,3092.5018825378465,3092.5018825378465,0
2019-01-24,3092.5018825378465,3092.5018825378465,0
2019-01-25,3092.5018825378465,3092.5018825378465,0
2019-01-28,3092.5018825378465,3092.5018825378465,0
2019-01-29,3092.5018825378465,3092.5018825378465,0
2019-01-30,3092.5018825378465,3092.5018825378465,0
2019-01-31,3092.5018825378465,3092.5018825378465,0
2019-02-01,3092.5018825378465,3092.5018825378465,0
2019-02-04,3092.5018825378465,3092.5018825378465,0
2019-02-05,3092.5018825378465,3092.5018825378465,0
2019-02-06,3092.5018825378465,3092.5018825378465,0
2019-02-07,3092.5018825378465,3092.5018825378465,0
2019-02-08,3092.5018825378465,3092.5018825378465,0
2019-02-11,3092.5018825378465,3092.5018825378465,0
2019-02-12,3092.5018825378465,3092.5018825378465,0
2019-02-13,3077.981882537846,1057.3018825378465,2
2019-02-14,3094.7418825378463,1057.3018825378465,2
2019-02-15,3130.0418825378465,1057.3018825378465,2
2019-02-19,3119.8018825378467,1057.3018825378465,2
2019-02-20,3128.9218825378466,1057.3018825378465,2
2019-02-21,3121.7418825378463,1057.3018825378465,2
2019-02-22,3142.3418825378467,1057.3018825378465,2
2019-02-25,3136.9618825378466,1057.3018825378465,2
2019-02-26,3156.3018825378467,1057.3018825378465,2
2019-02-27,3183.4304825378467,1688.3704825378466,2
2019-02-28,3182.4964825378465,422.9104825378465,3
2019-03-01,3195.320482537846,21.170482537846738,3
2019-03-04,3201.650482537847,100.81048253784661,3
2019-03-05,3220.780482537847,100.81048253784661,3
2019-03-06,3204.230482537847,100.81048253784661,3
2019-03-07,3186.0904825378466,100.81048253784661,3
2019-03-08,3170.0144425378467,1355.5944425378468,2
2019-03-11,3168.0544425378466,1355.5944425378468,2
2019-03-12,3179.004442537847,33.08444253784671,3
2019-03-13,3188.048402537847,653.9584025378467,3
2019-03-14,3173.5284025378464,653.9584025378467,3
2019-03-15,3179.428402537847,679.8284025378466,3
2019-03-18,3155.335572537847,1341.9955725378468,2
2019-03-19,3179.255572537847,88.49557253784678,3
2019-03-20,3198.125572537847,88.49557253784678,3
2019-03-21,3214.955572537847,88.49557253784678,3
2019-03-22,3204.7755725378465,88.49557253784678,3
2019-03-25,3228.0555725378467,88.49557253784678,3
2019-03-26,3257.135572537847,88.49557253784678,3
2019-03-27,3230.175572537847,88.49557253784678,3
2019-03-28,3256.6155725378467,88.49557253784678,3
2019-03-29,3274.1755725378466,88.49557253784678,3
2019-04-01,3264.5555725378467,686.5755725378468,3
2019-04-02,3270.7055725378464,686.5755725378468,3
2019-04-03,3248.185572537847,686.5755725378468,3
2019-04-04,3249.705572537847,1959.9755725378468,2
2019-04-05,3255.885572537847,787.275572537847,3
2019-04-08,3254.1556525378464,675.9356525378469,3
2019-04-09,3243.7356525378473,680.975652537847,3
2019-04-10,3258.425652537847,700.6856525378469,3
2019-04-11,3262.5356525378465,700.6856525378469,3
2019-04-12,3286.2056525378475,700.6856525378469,3
2019-04-15,3280.235652537847,1296.845652537847,3
2019-04-16,3281.091652537847,643.161652537847,3
2019-04-17,3265.773652537847,643.161652537847,3
2019-04-18,3280.5216525378464,643.161652537847,3
2019-04-22,3262.363652537847,643.161652537847,3
2019-04-23,3251.5276525378467,643.161652537847,3
2019-04-24,3279.404952537847,20.170052537846914,3
2019-04-25,3250.930175037847,0.29417503784702603,3
2019-04-26,3259.9171750378473,0.29417503784702603,3
2019-04-29,3274.613175037847,0.29417503784702603,3
2019-04-30,3294.853175037847,0.29417503784702603,3
2019-05-01,3279.052001037847,681.834001037847,3
2019-05-02,3292.0160010378468,681.834001037847,3
2019-05-03,3319.025001037847,681.834001037847,3
2019-05-06,3284.008001037847,681.834001037847,3
2019-05-07,3189.420001037847,29.929001037847,3
2019-05-08,3176.870001037847,1223.540001037847,2
2019-05-09,3187.195001037847,15.668001037847034,3
2019-05-10,3210.699998037847,0.7599980378470264,3
2019-05-13,3087.039998037847,0.7599980378470264,3
2019-05-14,3118.9499980378473,68.80999803784732,3
2019-05-15,3135.539998037847,68.80999803784732,3
2019-05-16,3190.9699980378473,68.80999803784732,3
2019-05-17,3183.7799980378477,68.80999803784732,3
2019-05-20,3175.7199980378473,68.80999803784732,3
2019-05-21,3221.189998037847,68.80999803784732,3
2019-05-22,3219.3804780378473,741.7104780378473,3
2019-05-23,3208.4704780378474,741.7104780378473,3
2019-05-24,3194.3804780378473,741.7104780378473,3
2019-05-28,3145.346478037847,108.3664780378474,3
2019-05-29,3119.1141940378475,1889.9373940378473,1
2019-05-30,3124.3537940378474,120.51739403784723,3
2019-05-31,3081.335194037847,68.21739403784727,3
2019-06-03,3072.636874037847,2277.516874037847,1
2019-06-04,3076.036874037847,2277.516874037847,1
2019-06-05,3101.540874037847,86.264874037847,3
2019-06-06,3125.883874037847,86.264874037847,3
2019-06-07,3190.5338740378475,86.264874037847,3
2019-06-10,3179.0028740378475,86.264874037847,3
2019-06-11,3176.5508740378473,86.264874037847,3
2019-06-12,3191.6148740378476,86.264874037847,3
2019-06-13,3185.017874037847,86.264874037847,3
2019-06-14,3185.679874037847,86.264874037847,3
2019-06-17,3173.6768740378475,86.264874037847,3
2019-06-18,3194.3238740378465,134.33487403784693,3
2019-06-19,3226.817323580851,767.5613235808512,3
2019-06-20,3220.4878235808515,1150.1213235808514,3
2019-06-21,3184.7669235808517,2024.6459235808513,2
2019-06-24,3179.4234235808512,2024.6459235808513,2
2019-06-25,3169.5849235808514,2539.2659235808514,1
2019-06-26,3129.4129235808514,29.715923580851268,3
2019-06-27,3138.2039235808516,29.715923580851268,3
2019-06-28,3128.094423580851,29.715923580851268,3
2019-07-01,3168.769923580852,56.82192358085149,3
2019-07-02,3202.3604235808516,56.82192358085149,3
2019-07-03,3226.7464235808516,56.82192358085149,3
2019-07-05,3215.6144235808515,56.82192358085149,3
2019-07-08,3197.265423580852,56.82192358085149,3
2019-07-09,3201.329923580852,56.82192358085149,3
2019-07-10,3226.073923580851,56.82192358085149,3
2019-07-11,3196.7419235808516,56.82192358085149,3
2019-07-12,3181.8924235808513,56.82192358085149,3
2019-07-15,3181.0239235808513,720.1639235808514,2
2019-07-16,3152.7339235808513,616.6239235808514,2
2019-07-17,3131.1075835808515,600.2775835808513,2
2019-07-18,3149.917583580851,650.7675835808514,2
2019-07-19,3090.3078235808516,162.1878235808515,3
2019-07-22,3108.6878235808513,161.85782358085135,3
2019-07-23,3118.4478235808515,161.85782358085135,3
2019-07-24,3123.305823580851,108.55382358085126,3
2019-07-25,3087.8937355808516,182.71373558085133,3
2019-07-26,3113.9837355808513,182.71373558085133,3
2019-07-29,3124.8337355808517,765.0737355808513,3
2019-07-30,3108.423735580852,765.0737355808513,3
2019-07-31,3030.8228362708505,664.0628362708505,3
2019-08-01,3000.0828362708507,151.2028362708504,3
2019-08-02,2989.51223627085,1282.25223627085,2
2019-08-05,2955.23223627085,1902.98223627085,1
2019-08-06,2953.32223627085,1809.24223627085,1
2019-08-07,2960.8227362708494,6.614736270850017,3
2019-08-08,3033.4355438708503,493.18884387085,3
2019-08-09,3032.13264387085,493.18884387085,3
2019-08-12,3004.8710438708504,493.18884387085,3
2019-08-13,3043.39014387085,493.18884387085,3
2019-08-14,2974.0190438708505,493.18884387085,3
2019-08-15,2995.6913438708502,1130.77884387085,2
2019-08-16,3013.9834438708494,34.878843870850005,3
2019-08-19,3028.56634387085,34.878843870850005,3
2019-08-20,3016.2457438708498,34.878843870850005,3
2019-08-21,3044.71914387085,1190.11884387085,2
2019-08-22,3034.92914387085,1190.11884387085,2
2019-08-23,2936.23689387085,234.08049387085032,3
2019-08-26,2945.47446079768,2215.48386079768,1
2019-08-27,2936.4345607976798,90.37386079767975,3
2019-08-28,2950.26846079768,90.37386079767975,3
2019-08-29,2971.5999607976796,90.37386079767975,3
2019-08-30,2950.0305607976798,90.37386079767975,3
2019-09-03,2938.33656079768,90.37386079767975,3
2019-09-04,2915.3980807976795,298.0411807976798,3
2019-09-05,2975.86728079768,298.0411807976798,3
2019-09-06,2981.6350807976796,298.0411807976798,3
2019-09-09,2936.77578079768,298.0411807976798,3
2019-09-10,2896.90722079768,1236.16212079768,2
2019-09-11,2914.26222079768,83.19222079767985,3
2019-09-12,2928.6622207976798,83.19222079767985,3
2019-09-13,2911.41222079768,83.19222079767985,3
2019-09-16,2915.13474079768,33.694740797679856,3
2019-09-17,2937.8747407976803,33.694740797679856,3
2019-09-18,2941.8347407976803,33.694740797679856,3
2019-09-19,2929.2347407976795,39.57474079767974,3
2019-09-20,2900.1947407976795,39.57474079767974,3
2019-09-23,2894.58474079768,969.9947407976797,2
2019-09-24,2874.764740797679,68.6047407976796,3
2019-09-25,2880.5147407976797,41.294740797679765,3
2019-09-26,2886.54474079768,95.36474079767981,3
2019-09-27,2872.2047407976797,95.36474079767981,3
2019-09-30,2865.78474079768,114.56474079767986,3
2019-10-01,2843.3347407976803,24.844740797679947,3
2019-10-02,2826.21474079768,2826.21474079768,0
2019-10-03,2822.38074079768,1707.96474079768,1
2019-10-04,2873.38334079768,35.06554079767989,3
2019-10-07,2863.08034079768,35.06554079767989,3
2019-10-08,2796.59374079768,35.06554079767989,3
2019-10-09,2841.6587407976795,335.4625407976795,3
2019-10-10,2862.2225407976794,335.4625407976795,3
2019-10-11,2868.5625407976795,335.4625407976795,3
2019-10-14,2856.8087407976795,335.4625407976795,3
2019-10-15,2862.0487407976793,335.4625407976795,3
2019-10-16,2865.9563407976793,335.4625407976795,3
2019-10-17,2878.8763407976794,335.4625407976795,3
2019-10-18,2881.5687407976798,335.4625407976795,3
2019-10-21,2867.6787407976794,335.4625407976795,3
2019-10-22,2879.9100407976794,250.93004079767934,3
2019-10-23,2867.5762407976795,250.93004079767934,3
2019-10-24,2907.038540797679,58.57004079767944,3
2019-10-25,2912.7498407976796,29.983840797679477,3
2019-10-28,2934.1183407976796,29.983840797679477,3
2019-10-29,2907.0958407976796,29.983840797679477,3
2019-10-30,2939.4128407976796,29.983840797679477,3
2019-10-31,2923.5248407976796,29.983840797679477,3
2019-11-01,2935.7043407976794,29.983840797679477,3
2019-11-04,2923.601840797679,29.983840797679477,3
2019-11-05,2897.7733407976793,1110.1813407976795,2
2019-11-06,2904.452140797679,165.78414079767958,3
2019-11-07,2903.479140797679,165.78414079767958,3
2019-11-08,2906.993140797679,165.78414079767958,3
2019-11-11,2902.1911407976795,152.0241407976796,3
2019-11-12,2914.7743767976795,749.6643767976794,3
2019-11-13,2935.7693767976793,749.6643767976794,3
2019-11-14,2942.9043767976796,749.6643767976794,3
2019-11-15,2947.034376797679,749.6643767976794,3
2019-11-18,2939.3043767976797,749.6643767976794,3
2019-11-19,2923.8293767976793,749.6643767976794,3
2019-11-20,2905.509376797679,749.6643767976794,3
2019-11-21,2864.904376797679,1315.3843767976794,2
2019-11-22,2848.684376797679,257.58437679767917,3
2019-11-25,2876.8843767976796,299.5443767976792,3
2019-11-26,2882.1243767976794,299.5443767976792,3
2019-11-27,2836.5703767976793,170.62237679767918,3
2019-11-29,2813.7283767976787,170.62237679767918,3
2019-12-02,2806.893376797679,185.63837679767903,3
2019-12-03,2804.323376797679,586.858376797679,2
2019-12-04,2798.780576797679,87.27457679767906,3
2019-12-05,2804.6233767976787,87.27457679767906,3
2019-12-06,2839.102294397679,351.4485943976788,3
2019-12-09,2827.787394397679,351.4485943976788,3
2019-12-10,2827.1089943976785,351.4485943976788,3
2019-12-11,2830.739594397679,505.16209439767863,3
2019-12-12,2873.599894397679,505.16209439767863,3
2019-12-13,2864.3407943976786,505.16209439767863,3
2019-12-16,2891.587721197679,898.5385211976788,3
2019-12-17,2905.494421197679,898.5385211976788,3
2019-12-18,2904.3580211976787,898.5385211976788,3
2019-12-19,2898.3848211976792,898.5385211976788,3
2019-12-20,2900.5388211976788,898.5385211976788,3
2019-12-23,2913.304621197679,898.5385211976788,3
2019-12-24,2917.413521197679,898.5385211976788,3
2019-12-26,2927.221621987752,1466.533521987752,3
2019-12-27,2924.862021987752,1466.533521987752,3
2019-12-30,2912.678921987752,1466.533521987752,3
2019-12-31,2914.748921987752,1466.533521987752,3
2020-01-02,2932.5307219877523,1466.533521987752,3
2020-01-03,2915.150821987752,1466.533521987752,3
2020-01-06,2918.736021987752,1466.533521987752,3
2020-01-07,2959.6112219877523,881.573421987752,3
2020-01-08,2939.563921987752,295.9814219877519,3
2020-01-09,2931.6895219877515,295.9814219877519,3
2020-01-10,2895.2850279877516,311.99642798775176,3
2020-01-13,2940.9364279877523,308.36742798775185,3
2020-01-14,2930.032527987752,308.36742798775185,3
2020-01-15,2890.514927987752,308.36742798775185,3
2020-01-16,2922.988927987752,308.36742798775185,3
2020-01-17,2918.402027987752,308.36742798775185,3
2020-01-21,2931.1495279877518,308.36742798775185,3
2020-01-22,2952.114527987752,248.70722798775182,3
2020-01-23,2940.138927987752,248.70722798775182,3
2020-01-24,2903.7421279877517,248.70722798775182,3
2020-01-27,2832.819827987752,2555.497227987752,1
2020-01-28,2854.0860279877525,510.5372279877522,3
2020-01-29,2848.7344279877516,510.5372279877522,3
2020-01-30,2794.2019279877522,500.94722798775206,3
2020-01-31,2713.6299584508533,412.7296584508531,3
2020-02-03,2725.666258450853,434.5606584508532,3
2020-02-04,2705.223680313275,595.359380313275,3
2020-02-05,2706.473580313275,595.359380313275,3
2020-02-06,2701.283080313275,595.359380313275,3
2020-02-07,2701.315280313275,595.359380313275,3
2020-02-10,2755.1870803132747,595.359380313275,3
2020-02-11,2780.978580313275,595.359380313275,3
2020-02-12,2801.414980313275,595.359380313275,3
2020-02-13,2814.988680313275,595.359380313275,3
2020-02-14,2849.538980313275,595.359380313275,3
2020-02-18,2865.465680313275,1039.536980313275,3
2020-02-19,2897.697280313275,1039.536980313275,3
2020-02-20,2875.3651803132752,1039.536980313275,3
2020-02-21,2815.593080313275,1039.536980313275,3
2020-02-24,2716.618280313275,1742.608280313275,1
2020-02-25,2706.628280313275,2706.628280313275,0
2020-02-26,2706.628280313275,2706.628280313275,0
2020-02-27,2683.9902803132745,1866.2282803132748,1
2020-02-28,2654.7827350177217,2654.7827350177217,0
2020-03-02,2654.7827350177217,2654.7827350177217,0
2020-03-03,2568.8337350177217,372.55073501772176,3
2020-03-04,2615.455735017722,2615.455735017722,0
2020-03-05,2605.035735017722,1973.515735017722,1
2020-03-06,2596.1957350177217,1973.515735017722,1
2020-03-09,2565.215735017722,2565.215735017722,0
2020-03-10,2565.215735017722,2565.215735017722,0
2020-03-11,2565.215735017722,2565.215735017722,0
2020-03-12,2565.215735017722,2565.215735017722,0
2020-03-13,2565.215735017722,2565.215735017722,0
2020-03-16,2565.215735017722,2565.215735017722,0
2020-03-17,2565.215735017722,2565.215735017722,0
2020-03-18,2565.215735017722,2565.215735017722,0
2020-03-19,2565.215735017722,2565.215735017722,0
2020-03-20,2565.215735017722,2565.215735017722,0
2020-03-23,2565.215735017722,2565.215735017722,0
2020-03-24,2565.215735017722,2565.215735017722,0
2020-03-25,2565.215735017722,2565.215735017722,0
2020-03-26,2565.215735017722,2565.215735017722,0
2020-03-27,2565.215735017722,2565.215735017722,0
2020-03-30,2565.215735017722,2565.215735017722,0
2020-03-31,2565.215735017722,2565.215735017722,0
2020-04-01,2565.215735017722,2565.215735017722,0
2020-04-02,2565.215735017722,2565.215735017722,0
2020-04-03,2565.215735017722,2565.215735017722,0
2020-04-06,2565.215735017722,2565.215735017722,0
2020-04-07,2565.215735017722,2565.215735017722,0
2020-04-08,2565.215735017722,2565.215735017722,0
2020-04-09,2565.215735017722,2565.215735017722,0
2020-04-13,2565.215735017722,2565.215735017722,0
2020-04-14,2565.215735017722,2565.215735017722,0
2020-04-15,2565.215735017722,2565.215735017722,0
2020-04-16,2565.215735017722,2565.215735017722,0
2020-04-17,2565.215735017722,2565.215735017722,0
2020-04-20,2565.215735017722,2565.215735017722,0
2020-04-21,2565.215735017722,2565.215735017722,0
2020-04-22,2565.215735017722,2565.215735017722,0
2020-04-23,2565.215735017722,2565.215735017722,0
2020-04-24,2565.215735017722,2565.215735017722,0
2020-04-27,2565.215735017722,2565.215735017722,0
2020-04-28,2565.215735017722,2565.215735017722,0
2020-04-29,2565.215735017722,2565.215735017722,0
2020-04-30,2565.215735017722,2565.215735017722,0
2020-05-01,2565.215735017722,2565.215735017722,0
2020-05-04,2565.215735017722,2565.215735017722,0
2020-05-05,2565.215735017722,2565.215735017722,0
2020-05-06,2565.215735017722,2565.215735017722,0
2020-05-07,2565.215735017722,2565.215735017722,0
2020-05-08,2565.215735017722,2565.215735017722,0
2020-05-11,2565.215735017722,2565.215735017722,0
2020-05-12,2565.215735017722,2565.215735017722,0
2020-05-13,2565.215735017722,2565.215735017722,0
2020-05-14,2565.215735017722,2565.215735017722,0
2020-05-15,2565.215735017722,2565.215735017722,0
2020-05-18,2565.215735017722,2565.215735017722,0
2020-05-19,2565.215735017722,2565.215735017722,0
2020-05-20,2565.215735017722,2565.215735017722,0
2020-05-21,2565.215735017722,2565.215735017722,0
2020-05-22,2565.215735017722,2565.215735017722,0
2020-05-26,2565.215735017722,2565.215735017722,0
2020-05-27,2565.215735017722,2565.215735017722,0
2020-05-28,2573.273735017722,34.3737350177222,3
2020-05-29,2610.061735017722,34.3737350177222,3
2020-06-01,2618.7497350177223,34.3737350177222,3
2020-06-02,2627.207735017722,34.3737350177222,3
2020-06-03,2631.003735017722,34.3737350177222,3
2020-06-04,2616.443735017722,34.3737350177222,3
2020-06-05,2646.143735017722,34.3737350177222,3
2020-06-08,2683.8977350177224,34.3737350177222,3
2020-06-09,2695.6357350177223,551.4537350177222,3
2020-06-10,2738.6537350177223,551.4537350177222,3
2020-06-11,2643.9357350177224,551.4537350177222,3
2020-06-12,2683.7477350177223,2174.7437350177224,1
2020-06-15,2685.3084350177223,225.24493501772236,3
2020-06-16,2736.422035017722,225.24493501772236,3
2020-06-17,2743.3093350177223,225.24493501772236,3
2020-06-18,2729.590135017722,225.24493501772236,3
2020-06-19,2689.6344350177224,225.24493501772236,3
2020-06-22,2710.7010350177225,359.2949350177223,3
2020-06-23,2726.1929350177224,359.2949350177223,3
2020-06-24,2667.034235017722,359.2949350177223,3
2020-06-25,2672.5939350177223,2121.677935017722,1
2020-06-26,2634.6359350177227,147.4307350177221,3
2020-06-29,2643.381935017722,1190.3907350177221,2
2020-06-30,2684.4599350177223,568.4607350177222,3
2020-07-01,2695.710935017722,568.4607350177222,3
2020-07-02,2726.915490217722,1048.533090217722,3
2020-07-06,2773.893090217722,1048.533090217722,3
2020-07-07,2773.586090217722,1048.533090217722,3
2020-07-08,2795.573790217722,1048.533090217722,3
2020-07-09,2818.960490217722,1048.533090217722,3
2020-07-10,2797.877090217722,1048.533090217722,3
2020-07-13,2770.346090217722,1048.533090217722,3
2020-07-14,2779.711090217722,638.353090217722,3
2020-07-15,2787.3713902177215,638.353090217722,3
2020-07-16,2801.707490217722,638.353090217722,3
2020-07-17,2826.092790217722,638.353090217722,3
2020-07-20,2856.3429902177213,638.353090217722,3
2020-07-21,2856.587990217722,638.353090217722,3
2020-07-22,2854.8543902177216,638.353090217722,3
2020-07-23,2815.5035902177215,638.353090217722,3
2020-07-24,2816.1901902177215,638.353090217722,3
2020-07-27,2839.5171902177217,638.353090217722,3
2020-07-28,2814.1609902177215,638.353090217722,3
2020-07-29,2838.6167902177212,672.9685902177218,3
2020-07-30,2821.0548902177215,672.9685902177218,3
2020-07-31,2842.012890217722,672.9685902177218,3
2020-08-03,2840.7338902177216,672.9685902177218,3
2020-08-04,2838.047620517722,533.6230205177219,3
2020-08-05,2844.3779205177216,533.6230205177219,3
2020-08-06,2812.4469005177216,619.727100517722,3
2020-08-07,2759.365259917722,498.906659917722,3
2020-08-10,2774.9855599177217,498.906659917722,3
2020-08-11,2742.8020599177216,498.906659917722,3
2020-08-12,2810.686259917722,300.18665991772207,3
2020-08-13,2790.613959917722,300.18665991772207,3
2020-08-14,2820.608759917722,839.6682599177221,3
2020-08-17,2822.456959917722,839.6682599177221,3
2020-08-18,2824.478759917722,839.6682599177221,3
2020-08-19,2821.424559917722,839.6682599177221,3
2020-08-20,2814.9363599177223,402.9982599177222,3
2020-08-21,2833.7203999177223,831.8406999177223,3
2020-08-24,2830.352699917722,831.8406999177223,3
2020-08-25,2846.678699917722,831.8406999177223,3
2020-08-26,2862.4874999177223,831.8406999177223,3
2020-08-27,2801.461099917722,148.2106999177222,3
2020-08-28,2830.0156999177225,355.5906999177222,3
2020-08-31,2822.6230999177224,355.5906999177222,3
2020-09-01,2844.0026999177226,355.5906999177222,3
2020-09-02,2878.541499917722,355.5906999177222,3
2020-09-03,2774.0657999177224,355.5906999177222,3
2020-09-04,2771.875199917722,2771.875199917722,0
2020-09-08,2771.875199917722,2771.875199917722,0
2020-09-09,2760.2651999177224,662.1751999177221,2
2020-09-10,2683.781805817722,88.35430581772209,3
2020-09-11,2667.0168058177223,27.056805817722193,3
2020-09-14,2721.8968058177225,27.056805817722193,3
2020-09-15,2762.2668058177223,27.056805817722193,3
2020-09-16,2747.9368058177224,27.056805817722193,3
2020-09-17,2743.6868058177224,27.056805817722193,3
2020-09-18,2720.656805817722,27.056805817722193,3
2020-09-21,2699.4768058177224,27.056805817722193,3
2020-09-22,2706.816805817722,74.20680581772228,3
2020-09-23,2646.3668058177223,27.746805817722247,3
2020-09-24,2649.546805817722,1819.3468058177223,1
2020-09-25,2658.908305817722,26.445805817722317,3
2020-09-28,2689.3858058177225,58.915805817722344,3
2020-09-29,2686.263805817722,58.915805817722344,3
2020-09-30,2729.2128058177223,58.915805817722344,3
2020-10-01,2726.6263058177224,443.68540581772237,3
2020-10-02,2740.4549058177226,443.68540581772237,3
2020-10-05,2774.9435058177223,443.68540581772237,3
2020-10-06,2753.541005817722,443.68540581772237,3
2020-10-07,2798.8207058177222,443.68540581772237,3
2020-10-08,2821.9901058177225,443.68540581772237,3
2020-10-09,2853.199605817723,793.0462058177225,3
2020-10-12,2857.7152058177226,793.0462058177225,3
2020-10-13,2867.9693058177227,793.0462058177225,3
2020-10-14,2869.7435258177225,1269.4469258177223,3
2020-10-15,2873.8981258177223,1269.4469258177223,3
2020-10-16,2887.5872258177224,1269.4469258177223,3
2020-10-19,2866.469325817722,1269.4469258177223,3
2020-10-20,2882.260025817722,1269.4469258177223,3
2020-10-21,2868.273525817722,1269.4469258177223,3
2020-10-22,2879.2442258177225,1269.4469258177223,3
2020-10-23,2883.7036258177222,1269.4469258177223,3
2020-10-26,2867.097425817722,1269.4469258177223,3
2020-10-27,2871.599625817723,658.7069258177225,3
2020-10-28,2823.255765817722,2205.9685658177223,1
2020-10-29,2817.856965817722,2205.9685658177223,1
2020-10-30,2788.215765817722,1288.8765658177222,2
2020-11-02,2803.943965817722,331.27656581772214,3
2020-11-03,2843.751365817722,331.27656581772214,3
2020-11-04,2948.4757658177223,837.6075658177222,3
2020-11-05,2960.9447658177223,837.6075658177222,3
2020-11-06,2985.938265817722,837.6075658177222,3
2020-11-09,2913.133965817722,837.6075658177222,3
2020-11-10,2872.898165817722,1316.4075658177221,2
2020-11-11,2883.6873658177224,1922.7108658177222,1
2020-11-12,2867.321865817722,110.4108658177222,3
2020-11-13,2879.7938658177222,113.57086581772228,3
2020-11-16,2888.5673658177225,113.57086581772228,3
2020-11-17,2884.0038658177227,56.81086581772229,3
2020-11-18,2867.2936658177223,234.3832658177222,3
2020-11-19,2927.9206658177222,234.3832658177222,3
2020-11-20,2872.035665817722,234.3832658177222,3
2020-11-23,2881.9786658177222,998.3186658177223,2
2020-11-24,2892.3786658177223,998.3186658177223,2
2020-11-25,2852.698665817722,998.3186658177223,2
2020-11-27,2874.2186658177225,2002.3186658177224,1
2020-11-30,2928.9186658177223,2002.3186658177224,1
2020-12-01,2913.1949658177223,1438.0449658177222,2
2020-12-02,2916.244965817722,2447.544965817722,1
2020-12-03,2933.004965817722,332.5749658177224,3
2020-12-04,2992.3386458177224,869.7086458177223,3
2020-12-07,2992.7586458177225,869.7086458177223,3
2020-12-08,2988.598645817722,869.7086458177223,3
2020-12-09,2951.6086458177224,869.7086458177223,3
2020-12-10,2952.058645817722,869.7086458177223,3
2020-12-11,2958.788645817722,869.7086458177223,3
2020-12-14,2974.288645817722,869.7086458177223,3
2020-12-15,2981.8186458177224,869.7086458177223,3
2020-12-16,3000.238645817722,869.7086458177223,3
2020-12-17,3032.3786458177224,869.7086458177223,3
2020-12-18,3032.5186458177222,869.7086458177223,3
2020-12-21,3004.1286458177224,869.7086458177223,3
2020-12-22,3005.158645817722,869.7086458177223,3
2020-12-23,2984.5391458177223,358.1841458177223,3
2020-12-24,2996.2356458177223,817.1841458177223,2
2020-12-28,2987.502145817722,73.74414581772226,3
2020-12-29,2986.4236458177224,21.53414581772222,3
2020-12-30,2977.658645817722,21.53414581772222,3
2020-12-31,3023.4181458177222,21.53414581772222,3
2021-01-04,2948.6866458177224,21.53414581772222,3
2021-01-05,2938.915345817722,1072.3810458177222,2
2021-01-06,2944.6863508177225,61.916950817722295,3
2021-01-07,2985.7119508177225,342.4769508177223,3
2021-01-08,3023.9553508177223,342.4769508177223,3
2021-01-11,3002.4955508177222,342.4769508177223,3
2021-01-12,3057.123972417722,970.8146724177222,3
2021-01-13,3022.7710724177223,970.8146724177222,3
2021-01-14,3046.8009724177223,970.8146724177222,3
2021-01-15,3045.4496724177225,1306.6146724177222,2
2021-01-19,3061.649572417722,186.1146724177222,3
2021-01-20,3068.0693724177227,186.1146724177222,3
2021-01-21,3069.4053052177223,690.6117052177224,3
2021-01-22,2995.1909052177225,417.79170521772244,3
2021-01-25,2976.7209052177222,417.79170521772244,3
2021-01-26,2961.9517052177225,407.5617052177224,3
2021-01-27,2882.175267049238,1082.596067049238,2
2021-01-28,2865.176767049238,48.33756704923803,3
2021-01-29,2827.5855670492374,48.33756704923803,3
2021-02-01,2887.6260670492384,337.4075670492382,3
2021-02-02,2933.4043670492383,337.4075670492382,3
2021-02-03,3008.414067049238,853.8100670492382,3
2021-02-04,3037.670667049238,853.8100670492382,3
2021-02-05,3051.999867049238,853.8100670492382,3
2021-02-08,3070.4652670492383,853.8100670492382,3
2021-02-09,3062.3978670492384,853.8100670492382,3
2021-02-10,3057.7748670492383,853.8100670492382,3
2021-02-11,3059.914267049238,853.8100670492382,3
2021-02-12,3067.9398670492383,853.8100670492382,3
2021-02-16,3080.0295670492383,1175.3179670492382,3
2021-02-17,3059.483167049238,1175.3179670492382,3
2021-02-18,3022.059367049238,726.8563670492383,3
2021-02-19,3020.7393670492384,161.05636704923836,3
2021-02-22,3028.4833670492385,79.2953670492384,3
2021-02-23,3063.2813670492387,660.0653670492384,3
2021-02-24,3065.358367049238,660.0653670492384,3
2021-02-25,2988.3503670492382,660.0653670492384,3
2021-02-26,2973.5185670492383,245.5277670492385,3
2021-03-01,3036.5284670492383,245.5277670492385,3
2021-03-02,3017.448267049239,245.5277670492385,3
2021-03-03,2990.4980670492387,245.5277670492385,3
2021-03-04,2964.4805670492387,12.577767049238332,3
2021-03-05,3040.213867049238,121.02776704923838,3
2021-03-08,3069.1454670492385,724.4705670492384,3
2021-03-09,3084.0043670492387,724.4705670492384,3
2021-03-10,3118.8913894492384,1309.9701894492384,3
2021-03-11,3115.0125894492385,1309.9701894492384,3
2021-03-12,3120.992589449238,1309.9701894492384,3
2021-03-15,3143.2300494492383,1498.0600494492385,3
2021-03-16,3147.966049449238,1498.0600494492385,3
2021-03-17,3138.1428494492384,1498.0600494492385,3
2021-03-18,3110.571649449238,1498.0600494492385,3
2021-03-19,3099.0000494492388,1498.0600494492385,3
2021-03-22,3109.3548494492384,1498.0600494492385,3
2021-03-23,3103.9676494492387,1498.0600494492385,3
2021-03-24,3113.7532494492384,1498.0600494492385,3
2021-03-25,3119.9876494492382,1498.0600494492385,3
2021-03-26,3122.071249449238,1498.0600494492385,3
2021-03-29,3108.7640494492384,927.8340494492386,3
2021-03-30,3095.4140494492385,927.8340494492386,3
2021-03-31,3092.1740494492387,504.25404944923866,3
2021-04-01,3110.054049449239,504.25404944923866,3
2021-04-05,3108.8940494492385,504.25404944923866,3
2021-04-06,3093.3940494492385,504.25404944923866,3
2021-04-07,3097.2140494492387,504.25404944923866,3
2021-04-08,3116.5340494492384,146.13404944923866,3
2021-04-09,3143.014049449239,146.13404944923866,3
2021-04-12,3155.255149449238,523.3951494492386,3
2021-04-13,3160.9751494492384,523.3951494492386,3
2021-04-14,3147.245149449239,309.69514944923867,3
2021-04-15,3131.7957094492385,306.7457094492386,3
2021-04-16,3125.435709449239,306.7457094492386,3
2021-04-19,3119.4657094492386,306.7457094492386,3
2021-04-20,3120.0757094492383,1451.5457094492385,2
2021-04-21,3147.639049449239,860.4421494492387,3
2021-04-22,3152.431849449239,860.4421494492387,3
2021-04-23,3213.157149449239,860.4421494492387,3
2021-04-26,3217.2368494492384,860.4421494492387,3
2021-04-27,3219.8002494492393,860.4421494492387,3
2021-04-28,3230.264649449239,860.4421494492387,3
2021-04-29,3247.8768494492388,860.4421494492387,3
2021-04-30,3208.1424494492385,860.4421494492387,3
2021-05-03,3213.3543494492387,860.4421494492387,3
2021-05-04,3190.6765316492383,944.3465316492386,3
2021-05-05,3179.206531649238,944.3465316492386,3
2021-05-06,3202.0065316492382,944.3465316492386,3
2021-05-07,3229.7165316492383,944.3465316492386,3
2021-05-10,3216.3165316492386,944.3465316492386,3
2021-05-11,3191.7365316492387,944.3465316492386,3
2021-05-12,3134.116531649239,944.3465316492386,3
2021-05-13,3140.9865316492387,2732.4265316492388,1
2021-05-14,3168.936531649239,437.42653164923877,3
2021-05-17,3197.606531649239,437.42653164923877,3
2021-05-18,3150.0865316492386,437.42653164923877,3
2021-05-19,3095.8915316492385,1611.2515316492386,2
2021-05-20,3103.2915316492386,404.7315316492386,3
2021-05-21,3151.9015316492387,404.7315316492386,3
2021-05-24,3176.2115316492386,404.7315316492386,3
2021-05-25,3155.3515316492385,404.7315316492386,3
2021-05-26,3171.041531649238,404.7315316492386,3
2021-05-27,3195.741531649239,404.7315316492386,3
2021-05-28,3206.0115316492383,404.7315316492386,3
2021-06-01,3248.0380316492383,1431.6680316492386,3
2021-06-02,3246.448031649239,635.4680316492388,3
2021-06-03,3282.5580316492387,635.4680316492388,3
2021-06-04,3288.2080316492384,635.4680316492388,3
2021-06-07,3368.001031649239,1271.6510316492388,3
2021-06-08,3352.6810316492383,1271.6510316492388,3
2021-06-09,3363.9010316492386,1271.6510316492388,3
2021-06-10,3361.911031649239,1271.6510316492388,3
2021-06-11,3329.7710316492385,693.4810316492387,3
2021-06-14,3297.8230616492383,675.1330616492389,3
2021-06-15,3300.6730616492396,812.4130616492391,3
2021-06-16,3283.353061649239,812.4130616492391,3
2021-06-17,3252.4290216492386,698.270021649239,3
2021-06-18,3177.400021649239,74.6000216492389,3
2021-06-21,3189.4640216492385,1303.3290216492385,2
2021-06-22,3196.1540216492385,92.72902164923858,3
2021-06-23,3180.499021649239,92.72902164923858,3
2021-06-24,3244.4390216492384,92.72902164923858,3
2021-06-25,3234.674021649238,92.72902164923858,3
2021-06-28,3194.549021649239,92.72902164923858,3
2021-06-29,3184.5640216492384,92.72902164923858,3
2021-06-30,3211.7840216492386,1302.3290216492385,2
2021-07-01,3223.774021649239,111.21902164923858,3
2021-07-02,3257.9240216492385,111.21902164923858,3
2021-07-06,3224.288721649238,741.7587216492386,3
2021-07-07,3223.152024991253,597.8820249912528,3
2021-07-08,3211.842024991253,597.8820249912528,3
2021-07-09,3226.9345249912526,597.8820249912528,3
2021-07-12,3259.8980049912525,1203.4805049912527,3
2021-07-13,3244.8980049912525,1203.4805049912527,3
2021-07-14,3244.265504991253,1203.4805049912527,3
2021-07-15,3250.4155049912524,1203.4805049912527,3
2021-07-16,3251.110504991253,1203.4805049912527,3
2021-07-19,3226.900504991253,1203.4805049912527,3
2021-07-20,3267.059704991253,653.3411049912527,3
2021-07-21,3289.449604991253,653.3411049912527,3
2021-07-22,3327.800604991253,653.3411049912527,3
2021-07-23,3352.6868049912528,653.3411049912527,3
2021-07-26,3349.321804991253,653.3411049912527,3
2021-07-27,3355.140504991253,653.3411049912527,3
2021-07-28,3361.574604991253,653.3411049912527,3
2021-07-29,3387.216504991253,630.6765049912528,3
2021-07-30,3361.7765049912528,630.6765049912528,3
2021-08-02,3321.4685349912525,649.5585349912528,3
2021-08-03,3380.778534991253,460.5885349912528,3
2021-08-04,3415.9985349912527,460.5885349912528,3
2021-08-05,3404.508534991253,460.5885349912528,3
2021-08-06,3393.7385349912524,460.5885349912528,3
2021-08-09,3410.2485349912527,460.5885349912528,3
2021-08-10,3410.2785349912524,460.5885349912528,3
2021-08-11,3398.5585349912526,460.5885349912528,3
2021-08-12,3392.648534991253,460.5885349912528,3
2021-08-13,3414.221914991253,1094.951914991253,3
2021-08-16,3434.651914991253,1094.951914991253,3
2021-08-17,3430.351914991253,1094.951914991253,3
2021-08-18,3392.041914991253,1094.951914991253,3
2021-08-19,3383.371914991253,587.1719149912531,3
2021-08-20,3410.381914991253,224.8619149912529,3
2021-08-23,3432.0919149912534,224.8619149912529,3
2021-08-24,3424.1819149912526,224.8619149912529,3
2021-08-25,3439.0140149912527,885.4340149912529,3
2021-08-26,3414.9240149912525,885.4340149912529,3
2021-08-27,3450.7360149912524,706.7060149912527,3
2021-08-30,3475.7660149912526,706.7060149912527,3
2021-08-31,3466.1160149912525,706.7060149912527,3
2021-09-01,3485.9460149912525,706.7060149912527,3
2021-09-02,3468.9060149912525,706.7060149912527,3
2021-09-03,3475.816014991253,706.7060149912527,3
2021-09-07,3463.256014991253,706.7060149912527,3
2021-09-08,3447.1660149912527,2028.8060149912526,2
2021-09-09,3436.9960149912527,669.3960149912527,3
2021-09-10,3432.776014991253,669.3960149912527,3
2021-09-13,3424.7660149912526,669.3960149912527,3
2021-09-14,3388.247104991253,104.52660499125295,3
2021-09-15,3410.352104991253,104.52660499125295,3
2021-09-16,3395.4566049912532,104.52660499125295,3
2021-09-17,3328.491562991253,254.63596299125334,3
2021-09-20,3302.9623629912535,973.2359629912534,2
2021-09-21,3315.063562991253,127.18116299125336,3
2021-09-22,3341.574762991253,416.1175629912533,3
2021-09-23,3362.536362991253,416.1175629912533,3
2021-09-24,3364.306762991253,416.1175629912533,3
2021-09-27,3304.794154591253,287.2441545912534,3
2021-09-28,3213.656249604563,1989.176249604563,1
2021-09-29,3202.136249604563,3202.136249604563,0
2021-09-30,3172.916249604563,2030.256249604563,1
2021-10-01,3202.751849604563,708.1194496045634,2
2021-10-04,3178.249849604563,72.70944960456347,3
2021-10-05,3190.7362496045635,62.16944960456351,3
2021-10-06,3188.413449604563,62.16944960456351,3
2021-10-07,3212.2494496045633,62.16944960456351,3
2021-10-08,3235.621849604563,62.16944960456351,3
2021-10-11,3226.4726496045637,62.16944960456351,3
2021-10-12,3237.1734496045633,62.16944960456351,3
2021-10-13,3188.1831796045635,1232.8675796045636,2
2021-10-14,3223.294699604564,282.18029960456374,3
2021-10-15,3281.7970996045633,282.18029960456374,3
2021-10-18,3265.167899604564,282.18029960456374,3
2021-10-19,3252.6722996045637,282.18029960456374,3
2021-10-20,3284.395499604564,383.4354996045638,3
2021-10-21,3266.3754996045636,383.4354996045638,3
2021-10-22,3310.855499604564,383.4354996045638,3
2021-10-25,3301.855499604564,383.4354996045638,3
2021-10-26,3319.385439967024,1060.2254399670242,3
2021-10-27,3277.715439967024,1060.2254399670242,3
2021-10-28,3306.5854399670243,1060.2254399670242,3
2021-10-29,3302.135439967024,1060.2254399670242,3
2021-11-01,3296.2454399670246,1060.2254399670242,3
2021-11-02,3317.5854399670243,208.39543996702423,3
2021-11-03,3330.885439967024,208.39543996702423,3
2021-11-04,3313.705439967024,66.39543996702423,3
2021-11-05,3377.0654399670243,624.6654399670242,3
2021-11-08,3392.0054399670244,624.6654399670242,3
2021-11-09,3384.4854399670244,624.6654399670242,3
2021-11-10,3323.325439967024,624.6654399670242,3
2021-11-11,3336.6454399670247,624.0454399670241,3
2021-11-12,3344.905439967024,624.0454399670241,3
2021-11-15,3351.065439967024,624.0454399670241,3
2021-11-16,3343.4654399670244,624.0454399670241,3
2021-11-17,3319.1854399670246,624.0454399670241,3
2021-11-18,3330.957439967024,1379.889439967024,2
2021-11-19,3326.501439967024,1379.889439967024,2
2021-11-22,3292.3054399670236,1379.889439967024,2
2021-11-23,3292.3234399670237,125.5234399670237,3
2021-11-24,3282.9334399670233,851.3234399670237,2
2021-11-26,3203.0936399670236,91.60643996702356,3
2021-11-29,3231.4326399670235,91.60643996702356,3
2021-11-30,3169.120039967024,91.60643996702356,3
2021-12-01,3137.7305642769415,385.28916427694116,3
2021-12-02,3103.9161642769413,1376.1891642769413,2
2021-12-03,3056.2253642769415,783.2571642769414,3
2021-12-06,3032.493254276942,678.2732542769415,2
2021-12-07,3065.7532542769413,140.02325427694154,3
2021-12-08,3052.0032542769413,140.02325427694154,3
2021-12-09,3025.403254276942,140.02325427694154,3
2021-12-10,3053.1642542769414,103.98865427694159,3
2021-12-13,3038.372654276942,103.98865427694159,3
2021-12-14,2977.2507393573364,645.7907393573363,2
2021-12-15,3009.728739357336,24.93473935733641,3
2021-12-16,2932.1023433573364,76.37234335733638,3
2021-12-17,2903.412343357337,1725.3123433573364,1
2021-12-20,2892.212343357336,2892.212343357336,0
2021-12-21,2898.272343357336,151.38234335733603,3
2021-12-22,2938.9823433573356,84.00234335733603,3
2021-12-23,2964.122343357336,84.00234335733603,3
2021-12-27,3019.677403357336,868.127403357336,3
2021-12-28,3007.057403357336,868.127403357336,3
2021-12-29,3019.4874033573356,868.127403357336,3
2021-12-30,2990.2274033573353,868.127403357336,3
2021-12-31,2991.217403357336,868.127403357336,3
2022-01-03,3019.437403357336,868.127403357336,3
2022-01-04,3020.9074033573356,868.127403357336,3
2022-01-05,2998.007403357336,868.127403357336,3
2022-01-06,2982.6074033573354,868.127403357336,3
2022-01-07,2935.099403357336,170.29240335733584,3
2022-01-10,2925.1194033573356,1750.539403357336,1
2022-01-11,2948.199803357336,62.44220335733587,3
2022-01-12,2939.0402033573355,330.97220335733584,3
2022-01-13,2923.5466033573357,330.97220335733584,3
2022-01-14,2937.8382033573357,330.97220335733584,3
2022-01-18,2851.142713357336,1468.1239133573358,2
2022-01-19,2854.6087133573355,2854.6087133573355,0
2022-01-20,2854.6087133573355,2854.6087133573355,0
2022-01-21,2854.6087133573355,2854.6087133573355,0
2022-01-24,2854.6087133573355,2854.6087133573355,0
2022-01-25,2854.6087133573355,2854.6087133573355,0
2022-01-26,2854.6087133573355,2854.6087133573355,0
2022-01-27,2854.6087133573355,2854.6087133573355,0
2022-01-28,2854.6087133573355,2854.6087133573355,0
2022-01-31,2854.6087133573355,2854.6087133573355,0
2022-02-01,2847.2587133573356,1729.0787133573356,1
2022-02-02,2862.298713357335,1809.4787133573354,1
2022-02-03,2870.798713357335,669.5987133573353,2
2022-02-04,2835.2487133573354,669.5987133573353,2
2022-02-07,2828.2787133573356,1706.0387133573354,1
2022-02-08,2833.8787133573355,2833.8787133573355,0
2022-02-09,2833.8787133573355,2833.8787133573355,0
2022-02-10,2833.8787133573355,2833.8787133573355,0
2022-02-11,2833.8787133573355,2833.8787133573355,0
2022-02-14,2833.8787133573355,2833.8787133573355,0
2022-02-15,2833.8787133573355,2833.8787133573355,0
2022-02-16,2831.1987133573357,651.7787133573354,2
2022-02-17,2840.918713357336,651.7787133573354,2
2022-02-18,2810.378713357335,651.7787133573354,2
2022-02-22,2772.2960733573354,2772.2960733573354,0
2022-02-23,2772.2960733573354,2772.2960733573354,0
2022-02-24,2772.2960733573354,2772.2960733573354,0
2022-02-25,2772.2960733573354,2772.2960733573354,0
2022-02-28,2772.2960733573354,2772.2960733573354,0
2022-03-01,2772.2960733573354,2772.2960733573354,0
2022-03-02,2772.2960733573354,2772.2960733573354,0
2022-03-03,2772.2960733573354,2772.2960733573354,0
2022-03-04,2772.2960733573354,2772.2960733573354,0
2022-03-07,2772.2960733573354,2772.2960733573354,0
2022-03-08,2772.2960733573354,2772.2960733573354,0
2022-03-09,2772.2960733573354,2772.2960733573354,0
2022-03-10,2772.2960733573354,2772.2960733573354,0
2022-03-11,2772.2960733573354,2772.2960733573354,0
2022-03-14,2772.2960733573354,2772.2960733573354,0
2022-03-15,2772.2960733573354,2772.2960733573354,0
2022-03-16,2772.2960733573354,2772.2960733573354,0
2022-03-17,2772.2960733573354,2772.2960733573354,0
2022-03-18,2772.2960733573354,2772.2960733573354,0
2022-03-21,2772.2960733573354,2772.2960733573354,0
2022-03-22,2772.2960733573354,2772.2960733573354,0
2022-03-23,2772.2960733573354,2772.2960733573354,0
2022-03-24,2772.2960733573354,2772.2960733573354,0
2022-03-25,2772.2960733573354,2772.2960733573354,0
2022-03-28,2792.036073357335,1669.5860733573354,1
2022-03-29,2822.420733357335,2163.620733357335,1
2022-03-30,2820.180733357335,2163.620733357335,1
2022-03-31,2798.220733357335,1269.5007333573353,2
2022-04-01,2824.6607333573356,1269.5007333573353,2
2022-04-04,2800.430733357335,151.24073335733533,3
2022-04-05,2789.390733357335,151.24073335733533,3
2022-04-06,2838.090733357335,1248.4907333573353,2
2022-04-07,2854.8307333573357,1248.4907333573353,2
2022-04-08,2858.640733357335,201.70073335733537,3
2022-04-11,2849.180733357335,201.70073335733537,3
2022-04-12,2847.340733357336,201.70073335733537,3
2022-04-13,2838.7407333573356,201.70073335733537,3
2022-04-14,2826.300733357335,1240.1807333573354,2
2022-04-18,2827.0607333573353,1240.1807333573354,2
2022-04-19,2838.220733357335,1240.1807333573354,2
2022-04-20,2850.620733357335,2159.9407333573354,1
2022-04-21,2843.0607333573353,2159.9407333573354,1
2022-04-22,2834.8607333573354,2159.9407333573354,1
2022-04-25,2830.8607333573354,2159.9407333573354,1
2022-04-26,2822.4607333573354,2159.9407333573354,1
2022-04-27,2830.620733357335,2159.9407333573354,1
2022-04-28,2851.9807333573353,2159.9407333573354,1
2022-04-29,2801.1007333573352,2159.9407333573354,1
2022-05-02,2803.7407333573356,2803.7407333573356,0
2022-05-03,2803.7407333573356,2803.7407333573356,0
2022-05-04,2803.7407333573356,2803.7407333573356,0
2022-05-05,2803.7407333573356,2803.7407333573356,0
2022-05-06,2803.7407333573356,2803.7407333573356,0
2022-05-09,2803.7407333573356,2803.7407333573356,0
2022-05-10,2803.7407333573356,2803.7407333573356,0
2022-05-11,2803.7407333573356,2803.7407333573356,0
2022-05-12,2803.7407333573356,2803.7407333573356,0
2022-05-13,2803.7407333573356,2803.7407333573356,0
2022-05-16,2803.7407333573356,2803.7407333573356,0
2022-05-17,2803.7407333573356,2803.7407333573356,0
2022-05-18,2803.7407333573356,2803.7407333573356,0
2022-05-19,2803.7407333573356,2803.7407333573356,0
2022-05-20,2803.7407333573356,2803.7407333573356,0
2022-05-23,2803.7407333573356,2803.7407333573356,0
2022-05-24,2803.7407333573356,2803.7407333573356,0
2022-05-25,2803.7407333573356,2803.7407333573356,0
2022-05-26,2803.7407333573356,2803.7407333573356,0
2022-05-27,2803.7407333573356,2803.7407333573356,0
2022-05-31,2803.7407333573356,2803.7407333573356,0
2022-06-01,2803.7407333573356,2803.7407333573356,0
2022-06-02,2803.7407333573356,2803.7407333573356,0
2022-06-03,2803.7407333573356,2803.7407333573356,0
2022-06-06,2803.7407333573356,2803.7407333573356,0
2022-06-07,2803.7407333573356,2803.7407333573356,0
2022-06-08,2803.7407333573356,2803.7407333573356,0
2022-06-09,2803.7407333573356,2803.7407333573356,0
2022-06-10,2803.7407333573356,2803.7407333573356,0
2022-06-13,2803.7407333573356,2803.7407333573356,0
2022-06-14,2803.7407333573356,2803.7407333573356,0
2022-06-15,2803.7407333573356,2803.7407333573356,0
2022-06-16,2803.7407333573356,2803.7407333573356,0
2022-06-17,2803.7407333573356,2803.7407333573356,0
2022-06-21,2803.7407333573356,2803.7407333573356,0
2022-06-22,2803.7407333573356,2803.7407333573356,0
2022-06-23,2803.7407333573356,2803.7407333573356,0
2022-06-24,2803.7407333573356,2803.7407333573356,0
2022-06-27,2803.7407333573356,2803.7407333573356,0
2022-06-28,2803.7407333573356,2803.7407333573356,0
2022-06-29,2803.7407333573356,2803.7407333573356,0
2022-06-30,2803.7407333573356,2803.7407333573356,0
2022-07-01,2803.7407333573356,2803.7407333573356,0
2022-07-05,2803.7407333573356,2803.7407333573356,0
2022-07-06,2803.7407333573356,2803.7407333573356,0
2022-07-07,2803.7407333573356,2803.7407333573356,0
2022-07-08,2803.7407333573356,2803.7407333573356,0
2022-07-11,2803.7407333573356,2803.7407333573356,0
2022-07-12,2803.7407333573356,2803.7407333573356,0
2022-07-13,2803.7407333573356,2803.7407333573356,0
2022-07-14,2803.7407333573356,2803.7407333573356,0
2022-07-15,2803.7407333573356,2803.7407333573356,0
2022-07-18,2803.7407333573356,2803.7407333573356,0
2022-07-19,2803.7407333573356,2803.7407333573356,0
2022-07-20,2803.7407333573356,2803.7407333573356,0
2022-07-21,2803.7407333573356,2803.7407333573356,0
2022-07-22,2803.7407333573356,2803.7407333573356,0
2022-07-25,2803.7407333573356,2803.7407333573356,0
2022-07-26,2803.7407333573356,2803.7407333573356,0
2022-07-27,2803.7407333573356,2803.7407333573356,0
2022-07-28,2803.7407333573356,2803.7407333573356,0
2022-07-29,2803.7407333573356,2803.7407333573356,0
2022-08-01,2803.7407333573356,2803.7407333573356,0
2022-08-02,2803.7407333573356,2803.7407333573356,0
2022-08-03,2803.7407333573356,2803.7407333573356,0
2022-08-04,2803.7407333573356,2803.7407333573356,0
2022-08-05,2803.7407333573356,2803.7407333573356,0
2022-08-08,2803.7407333573356,2803.7407333573356,0
2022-08-09,2803.7407333573356,2803.7407333573356,0
2022-08-10,2803.7407333573356,2803.7407333573356,0
2022-08-11,2803.7407333573356,2803.7407333573356,0
2022-08-12,2803.7407333573356,2803.7407333573356,0
2022-08-15,2803.7407333573356,2803.7407333573356,0
2022-08-16,2803.7407333573356,2803.7407333573356,0
2022-08-17,2803.7407333573356,2803.7407333573356,0
2022-08-18,2803.7407333573356,2803.7407333573356,0
2022-08-19,2803.7407333573356,2803.7407333573356,0
2022-08-22,2803.7407333573356,2803.7407333573356,0
2022-08-23,2803.7407333573356,2803.7407333573356,0
2022-08-24,2803.7407333573356,2803.7407333573356,0
2022-08-25,2803.7407333573356,2803.7407333573356,0
2022-08-26,2803.7407333573356,2803.7407333573356,0
2022-08-29,2803.7407333573356,2803.7407333573356,0
2022-08-30,2803.7407333573356,2803.7407333573356,0
2022-08-31,2803.7407333573356,2803.7407333573356,0
2022-09-01,2803.7407333573356,2803.7407333573356,0
2022-09-02,2803.7407333573356,2803.7407333573356,0
2022-09-06,2803.7407333573356,2803.7407333573356,0
2022-09-07,2803.7407333573356,2803.7407333573356,0
2022-09-08,2803.7407333573356,2803.7407333573356,0
2022-09-09,2803.7407333573356,2803.7407333573356,0
2022-09-12,2803.7407333573356,2803.7407333573356,0
2022-09-13,2803.7407333573356,2803.7407333573356,0
2022-09-14,2803.7407333573356,2803.7407333573356,0
2022-09-15,2803.7407333573356,2803.7407333573356,0
2022-09-16,2803.7407333573356,2803.7407333573356,0
2022-09-19,2803.7407333573356,2803.7407333573356,0
2022-09-20,2803.7407333573356,2803.7407333573356,0
2022-09-21,2803.7407333573356,2803.7407333573356,0
2022-09-22,2803.7407333573356,2803.7407333573356,0
2022-09-23,2803.7407333573356,2803.7407333573356,0
2022-09-26,2803.7407333573356,2803.7407333573356,0
2022-09-27,2803.7407333573356,2803.7407333573356,0
2022-09-28,2803.7407333573356,2803.7407333573356,0
2022-09-29,2803.7407333573356,2803.7407333573356,0
2022-09-30,2803.7407333573356,2803.7407333573356,0
2022-10-03,2803.7407333573356,2803.7407333573356,0
2022-10-04,2803.7407333573356,2803.7407333573356,0
2022-10-05,2803.7407333573356,2803.7407333573356,0
2022-10-06,2803.7407333573356,2803.7407333573356,0
2022-10-07,2803.7407333573356,2803.7407333573356,0
2022-10-10,2803.7407333573356,2803.7407333573356,0
2022-10-11,2803.7407333573356,2803.7407333573356,0
2022-10-12,2803.7407333573356,2803.7407333573356,0
2022-10-13,2803.7407333573356,2803.7407333573356,0
2022-10-14,2803.7407333573356,2803.7407333573356,0
2022-10-17,2803.7407333573356,2803.7407333573356,0
2022-10-18,2803.7407333573356,2803.7407333573356,0
2022-10-19,2803.7407333573356,2803.7407333573356,0
2022-10-20,2803.7407333573356,2803.7407333573356,0
2022-10-21,2803.7407333573356,2803.7407333573356,0
2022-10-24,2803.7407333573356,2803.7407333573356,0
2022-10-25,2803.7407333573356,2803.7407333573356,0
2022-10-26,2803.7407333573356,2803.7407333573356,0
2022-10-27,2803.7407333573356,2803.7407333573356,0
2022-10-28,2803.7407333573356,2803.7407333573356,0
2022-10-31,2803.7407333573356,2803.7407333573356,0
2022-11-01,2803.7407333573356,2803.7407333573356,0
2022-11-02,2803.7407333573356,2803.7407333573356,0
2022-11-03,2803.7407333573356,2803.7407333573356,0
2022-11-04,2803.7407333573356,2803.7407333573356,0
2022-11-07,2803.7407333573356,2803.7407333573356,0
2022-11-08,2803.7407333573356,2803.7407333573356,0
2022-11-09,2803.7407333573356,2803.7407333573356,0
2022-11-10,2803.7407333573356,2803.7407333573356,0
2022-11-11,2803.7407333573356,2803.7407333573356,0
2022-11-14,2803.7407333573356,2803.7407333573356,0
2022-11-15,2803.7407333573356,2803.7407333573356,0
2022-11-16,2803.7407333573356,2803.7407333573356,0
2022-11-17,2803.7407333573356,2803.7407333573356,0
2022-11-18,2803.7407333573356,2803.7407333573356,0
2022-11-21,2803.7407333573356,2803.7407333573356,0
2022-11-22,2803.7407333573356,2803.7407333573356,0
2022-11-23,2803.7407333573356,2803.7407333573356,0
2022-11-25,2803.7407333573356,2803.7407333573356,0
2022-11-28,2803.7407333573356,2803.7407333573356,0
2022-11-29,2803.7407333573356,2803.7407333573356,0
2022-11-30,2803.7407333573356,2803.7407333573356,0
2022-12-01,2803.7407333573356,2803.7407333573356,0
2022-12-02,2803.7407333573356,2803.7407333573356,0
2022-12-05,2803.7407333573356,2803.7407333573356,0
2022-12-06,2803.7407333573356,2803.7407333573356,0
2022-12-07,2803.7407333573356,2803.7407333573356,0
2022-12-08,2803.7407333573356,2803.7407333573356,0
2022-12-09,2803.7407333573356,2803.7407333573356,0
2022-12-12,2803.7407333573356,2803.7407333573356,0
2022-12-13,2803.7407333573356,2803.7407333573356,0
2022-12-14,2803.7407333573356,2803.7407333573356,0
2022-12-15,2803.7407333573356,2803.7407333573356,0
2022-12-16,2803.7407333573356,2803.7407333573356,0
2022-12-19,2803.7407333573356,2803.7407333573356,0
2022-12-20,2803.7407333573356,2803.7407333573356,0
2022-12-21,2803.7407333573356,2803.7407333573356,0
2022-12-22,2803.7407333573356,2803.7407333573356,0
2022-12-23,2803.7407333573356,2803.7407333573356,0
2022-12-27,2803.7407333573356,2803.7407333573356,0
2022-12-28,2803.7407333573356,2803.7407333573356,0
2022-12-29,2803.7407333573356,2803.7407333573356,0
2022-12-30,2803.7407333573356,2803.7407333573356,0
2023-01-03,2803.7407333573356,2803.7407333573356,0
2023-01-04,2803.7407333573356,2803.7407333573356,0
2023-01-05,2803.7407333573356,2803.7407333573356,0
2023-01-06,2803.7407333573356,2803.7407333573356,0
2023-01-09,2803.7407333573356,2803.7407333573356,0
2023-01-10,2803.7407333573356,2803.7407333573356,0
2023-01-11,2803.7407333573356,2803.7407333573356,0
2023-01-12,2803.7407333573356,2803.7407333573356,0
2023-01-13,2803.7407333573356,2803.7407333573356,0
2023-01-17,2775.150733357336,756.1807333573356,2
2023-01-18,2765.7007333573356,2765.7007333573356,0
2023-01-19,2765.7007333573356,2765.7007333573356,0
2023-01-20,2765.7007333573356,2765.7007333573356,0
2023-01-23,2765.7007333573356,2765.7007333573356,0
2023-01-24,2765.7007333573356,2765.7007333573356,0
2023-01-25,2769.7807333573355,1662.9007333573354,1
2023-01-26,2776.3507333573352,623.1207333573354,2
2023-01-27,2752.0707333573355,623.1207333573354,2
2023-01-30,2752.140733357335,1723.2807333573355,1
2023-01-31,2768.4507333573356,1723.2807333573355,1
2023-02-01,2777.2307333573353,75.28073335733552,3
2023-02-02,2701.672723357335,94.62272335733553,3
2023-02-03,2675.3127233573355,94.62272335733553,3
2023-02-06,2629.942723357335,30.872723357335417,3
2023-02-07,2641.9627233573356,857.5627233573354,2
2023-02-08,2623.5427233573355,857.5627233573354,2
2023-02-09,2609.7427233573353,65.22272335733533,3
2023-02-10,2650.562723357335,820.4227233573351,2
2023-02-13,2652.082723357335,68.27272335733517,3
2023-02-14,2626.122723357335,68.27272335733517,3
2023-02-15,2628.302723357335,68.27272335733517,3
2023-02-16,2599.622723357335,805.2727233573352,2
2023-02-17,2556.492723357335,805.2727233573352,2
2023-02-21,2536.022723357335,1802.562723357335,1
2023-02-22,2542.508723357335,544.9582233573348,2
2023-02-23,2532.8487233573346,55.02422335733473,3
2023-02-24,2484.543341857335,1515.9433418573349,1
2023-02-27,2481.681541857334,78.04274185733448,3
2023-02-28,2486.7527418573345,660.7627418573345,2
2023-03-01,2495.1479418573344,660.7627418573345,2
2023-03-02,2494.431541857334,1566.4127418573344,1
2023-03-03,2530.9867418573344,605.8927418573344,2
2023-03-06,2537.126241857334,1057.8514418573343,2
2023-03-07,2516.4154418573344,1057.8514418573343,2
2023-03-08,2518.6246418573346,1057.8514418573343,2
2023-03-09,2487.9718418573343,780.9814418573342,2
2023-03-10,2471.9133218573343,2471.9133218573343,0
2023-03-13,2471.9133218573343,2471.9133218573343,0
2023-03-14,2471.9133218573343,2471.9133218573343,0
2023-03-15,2471.9133218573343,2471.9133218573343,0
2023-03-16,2471.9133218573343,2471.9133218573343,0
2023-03-17,2458.7833218573346,781.8833218573344,2
2023-03-20,2465.8433218573346,1530.5433218573344,1
2023-03-21,2472.5433218573344,1530.5433218573344,1
2023-03-22,2463.5933218573346,1530.5433218573344,1
2023-03-23,2477.7933218573344,1530.5433218573344,1
2023-03-24,2468.993321857334,1530.5433218573344,1
2023-03-27,2451.3533218573343,567.2433218573343,2
2023-03-28,2443.053321857334,513.6433218573343,2
2023-03-29,2461.649321857334,7.419321857334296,3
2023-03-30,2483.589321857334,7.419321857334296,3
2023-03-31,2514.571321857334,7.419321857334296,3
2023-04-03,2509.685321857334,7.419321857334296,3
2023-04-04,2500.927321857334,7.419321857334296,3
2023-04-05,2510.0073218573343,7.419321857334296,3
2023-04-06,2481.261321857334,7.419321857334296,3
2023-04-10,2484.7043218573344,21.084321857334317,3
2023-04-11,2479.4893218573343,21.084321857334317,3
2023-04-12,2473.586321857334,778.3883218573343,3
2023-04-13,2502.364921857334,546.0231218573342,3
2023-04-14,2516.700161857334,745.8905618573342,3
2023-04-17,2528.4085618573345,745.8905618573342,3
2023-04-18,2533.2928082573344,1177.8568082573343,3
2023-04-19,2534.992808257334,1177.8568082573343,3
2023-04-20,2524.675808257334,1466.3218082573344,2
2023-04-21,2514.8878082573347,1466.3218082573344,2
2023-04-24,2510.442808257335,460.55080825733444,3
2023-04-25,2477.400094257335,454.6760942573346,3
2023-04-26,2461.6200942573346,1950.6200942573346,1
2023-04-27,2460.8050942573345,33.35509425733471,3
2023-04-28,2487.0500942573344,33.35509425733471,3
2023-05-01,2545.9250942573344,33.35509425733471,3
2023-05-02,2506.6650942573347,33.35509425733471,3
2023-05-03,2481.4450942573344,33.35509425733471,3
2023-05-04,2451.505094257335,33.35509425733471,3
2023-05-05,2483.6750942573344,33.35509425733471,3
2023-05-08,2517.9200942573348,33.35509425733471,3
2023-05-09,2497.720094257335,33.35509425733471,3
2023-05-10,2508.850094257335,33.35509425733471,3
2023-05-11,2510.6450942573347,33.35509425733471,3
2023-05-12,2494.314694257335,22.80509425733476,3
2023-05-15,2505.0002942573346,1118.600294257335,2
2023-05-16,2497.312744257335,966.3707442573351,2
2023-05-17,2520.122744257335,2.3707442573351045,3
2023-05-18,2610.773008257335,498.23500825733515,3
2023-05-19,2589.131008257335,498.23500825733515,3
2023-05-22,2581.4550082573355,498.23500825733515,3
2023-05-23,2531.703008257335,498.23500825733515,3
2023-05-24,2552.961008257335,1012.2350082573352,2
2023-05-25,2665.9450082573353,150.13500825733524,3
2023-05-26,2756.235944257335,686.5719442573352,3
2023-05-30,2804.4509442573353,1040.4919442573353,3
2023-05-31,2768.7419442573355,1040.4919442573353,3
2023-06-01,2821.2339442573357,1040.4919442573353,3
2023-06-02,2812.558944257335,1040.4919442573353,3
2023-06-05,2810.0949442573356,1040.4919442573353,3
2023-06-06,2794.2459442573354,1040.4919442573353,3
2023-06-07,2770.7049442573352,1040.4919442573353,3
2023-06-08,2809.989944257335,1040.4919442573353,3
2023-06-09,2830.489944257335,1040.4919442573353,3
2023-06-12,2856.613944257335,1040.4919442573353,3
2023-06-13,2897.8179442573355,1040.4919442573353,3
2023-06-14,2940.494944257335,1040.4919442573353,3
2023-06-15,2947.0009442573355,1040.4919442573353,3
2023-06-16,2925.759944257335,1040.4919442573353,3
2023-06-20,2948.837944257335,1040.4919442573353,3
2023-06-21,2918.3669442573355,1040.4919442573353,3
2023-06-22,2924.3889442573354,1040.4919442573353,3
2023-06-23,2911.712944257335,1040.4919442573353,3
2023-06-26,2869.3619442573354,1040.4919442573353,3
2023-06-27,2900.4759442573354,1040.4919442573353,3
2023-06-28,2909.006944257335,1040.4919442573353,3
2023-06-29,2902.7719442573352,1040.4919442573353,3
2023-06-30,2958.221944257335,1040.4919442573353,3
2023-07-03,2956.908944257335,1040.4919442573353,3
2023-07-05,2958.130944257335,1040.4919442573353,3
2023-07-06,2946.0489442573353,1040.4919442573353,3
2023-07-07,2948.422944257335,1040.4919442573353,3
2023-07-10,2941.775944257335,1040.4919442573353,3
2023-07-11,2941.9109442573354,1040.4919442573353,3
2023-07-12,2977.805944257336,1040.4919442573353,3
2023-07-13,3024.252944257335,1040.4919442573353,3
2023-07-14,3004.208944257335,1040.4919442573353,3
2023-07-17,3042.3689442573354,1040.4919442573353,3
2023-07-18,3093.7999442573355,1040.4919442573353,3
2023-07-19,3094.726944257335,1040.4919442573353,3
2023-07-20,3006.109944257335,1040.4919442573353,3
2023-07-21,2981.882944257335,1652.8099442573352,2
2023-07-24,2966.3339442573356,470.4799442573353,3
2023-07-25,2981.7329442573355,449.2799442573353,3
2023-07-26,2971.993944257335,449.2799442573353,3
2023-07-27,2955.8899442573347,449.2799442573353,3
2023-07-28,3053.029944257335,753.8299442573353,3
2023-07-31,3046.672944257335,753.8299442573353,3
2023-08-01,3037.458944257335,753.8299442573353,3
2023-08-02,2990.0029442573355,450.3499442573352,3
2023-08-03,2986.1099442573354,60.79994425733503,3
2023-08-04,2932.619944257335,86.44994425733512,3
2023-08-07,2949.3099442573352,86.44994425733512,3
2023-08-08,2919.872074257335,550.7920742573351,2
2023-08-09,2908.852074257335,154.41207425733512,3
2023-08-10,2916.222074257335,22.292074257335003,3
2023-08-11,2920.102074257335,687.392074257335,2
2023-08-14,2938.232074257335,687.392074257335,2
2023-08-15,2908.802074257335,687.392074257335,2
2023-08-16,2900.692074257335,66.14207425733503,3
2023-08-17,2917.230154257335,2299.200154257335,1
2023-08-18,2925.8401542573347,2299.200154257335,1
2023-08-21,2925.0521542573347,349.09395425733476,3
2023-08-22,2926.370354257335,233.7899542573349,3
2023-08-23,2948.5415542573355,233.7899542573349,3
2023-08-24,2899.340354257335,233.7899542573349,3
2023-08-25,2915.310354257335,1323.290354257335,2
2023-08-28,2931.450354257335,160.8103542573349,3
2023-08-29,2978.8003542573347,160.8103542573349,3
2023-08-30,2998.310354257335,160.8103542573349,3
2023-08-31,3012.9703542573347,160.8103542573349,3
2023-09-01,3035.690354257335,778.8103542573349,3
2023-09-05,3015.950354257335,778.8103542573349,3
2023-09-06,3011.490354257335,778.8103542573349,3
2023-09-07,2992.340354257335,829.5803542573351,2
2023-09-08,2988.5003542573345,1.4003542573350387,3
2023-09-11,3023.020354257335,1.4003542573350387,3
2023-09-12,3019.020354257335,1.4003542573350387,3
2023-09-13,3042.500354257335,1.4003542573350387,3
2023-09-14,3027.020354257335,1.4003542573350387,3
2023-09-15,2982.6003542573353,187.14035425733505,3
2023-09-18,2988.460354257335,187.14035425733505,3
2023-09-19,2981.380354257335,187.14035425733505,3
2023-09-20,2950.5215742573355,170.55157425733512,3
2023-09-21,2900.3515742573354,1729.0915742573352,1
2023-09-22,2900.711574257335,2900.711574257335,0
2023-09-25,2900.711574257335,2900.711574257335,0
2023-09-26,2877.551574257335,720.4315742573349,2
2023-09-27,2910.6115742573347,1828.811574257335,1
2023-09-28,2904.041574257335,1828.811574257335,1
2023-09-29,2854.3115742573355,106.37157425733494,3
2023-10-02,2826.4315742573353,902.281574257335,2
2023-10-03,2814.451574257335,2814.451574257335,0
2023-10-04,2814.451574257335,2814.451574257335,0
2023-10-05,2814.451574257335,2814.451574257335,0
2023-10-06,2843.604074257335,1727.989074257335,1
2023-10-09,2857.289074257335,1727.989074257335,1
2023-10-10,2847.686574257335,1727.989074257335,1
2023-10-11,2831.184074257335,1727.989074257335,1
2023-10-12,2827.556574257335,601.749074257335,2
2023-10-13,2800.746574257335,601.749074257335,2
2023-10-16,2838.8590742573347,601.749074257335,2
2023-10-17,2810.068574257335,667.061074257335,2
2023-10-18,2794.511074257335,1677.861074257335,1
2023-10-19,2744.4710742573347,562.981074257335,2
2023-10-20,2714.073574257335,1643.941074257335,1
2023-10-23,2706.023574257335,2706.023574257335,0
2023-10-24,2706.023574257335,2706.023574257335,0
2023-10-25,2656.5935742573347,191.35857425733502,3
2023-10-26,2619.615771204502,2619.615771204502,0
2023-10-27,2619.615771204502,2619.615771204502,0
2023-10-30,2619.615771204502,2619.615771204502,0
2023-10-31,2619.615771204502,2619.615771204502,0
2023-11-01,2619.615771204502,2619.615771204502,0
2023-11-02,2619.615771204502,2619.615771204502,0
2023-11-03,2619.615771204502,2619.615771204502,0
2023-11-06,2619.615771204502,2619.615771204502,0
2023-11-07,2619.615771204502,2619.615771204502,0
2023-11-08,2619.615771204502,2619.615771204502,0
2023-11-09,2619.615771204502,2619.615771204502,0
2023-11-10,2619.615771204502,2619.615771204502,0
2023-11-13,2625.695771204502,1867.855771204502,1
2023-11-14,2607.755771204502,1867.855771204502,1
2023-11-15,2607.695771204502,2607.695771204502,0
2023-11-16,2607.695771204502,2607.695771204502,0
2023-11-17,2604.3157712045017,2012.6057712045017,1
2023-11-20,2610.2057712045016,2012.6057712045017,1
2023-11-21,2619.0357712045015,395.5007712045017,3
2023-11-22,2624.100771204502,395.5007712045017,3
2023-11-24,2644.1207712045016,395.5007712045017,3
2023-11-27,2646.215771204502,395.5007712045017,3
2023-11-28,2672.1357712045015,12.500771204501689,3
2023-11-29,2704.775771204502,12.500771204501689,3
2023-11-30,2736.9057712045014,12.500771204501689,3
2023-12-01,2741.1607712045015,12.500771204501689,3
2023-12-04,2639.554771204502,942.5697712045018,2
2023-12-05,2664.8797712045016,70.46977120450185,3
2023-12-06,2624.529771204502,70.46977120450185,3
2023-12-07,2660.1247712045015,436.0397712045017,3
2023-12-08,2675.968608823087,733.8086088230867,3
2023-12-11,2684.1686088230867,733.8086088230867,3
2023-12-12,2710.7186088230865,733.8086088230867,3
2023-12-13,2721.8986088230868,733.8086088230867,3
2023-12-14,2650.7014388230864,250.1978388230866,3
2023-12-15,2692.7958388230863,250.1978388230866,3
2023-12-18,2711.3518988230867,702.3446988230866,3
2023-12-19,2732.2484988230867,702.3446988230866,3
2023-12-20,2693.2313988230867,702.3446988230866,3
2023-12-21,2727.6254988230867,702.3446988230866,3
2023-12-22,2722.121998823087,702.3446988230866,3
2023-12-26,2732.8544988230865,702.3446988230866,3
2023-12-27,2734.0730988230866,702.3446988230866,3
2023-12-28,2732.3668988230866,702.3446988230866,3
2023-12-29,2720.939198823087,702.3446988230866,3
2024-01-02,2691.2214988230867,702.3446988230866,3
2024-01-03,2671.6739988230865,1699.2339988230867,1
2024-01-04,2643.1839988230868,1.6939988230867584,3
2024-01-05,2658.843998823087,15.743998823086827,3
2024-01-08,2721.463998823087,15.743998823086827,3
2024-01-09,2691.563998823087,15.743998823086827,3
2024-01-10,2688.6840188230867,380.2540188230868,3
2024-01-11,2703.404018823087,380.2540188230868,3
2024-01-12,2685.824018823087,380.2540188230868,3
2024-01-16,2679.394018823087,1370.734018823087,2
2024-01-17,2654.544018823087,1236.684018823087,2
2024-01-18,2674.2040188230867,242.3340188230868,3
2024-01-19,2712.3540188230863,242.3340188230868,3
2024-01-22,2714.7040188230867,242.3340188230868,3
2024-01-23,2797.0240188230864,242.3340188230868,3
2024-01-24,2788.277418823087,688.217418823087,3
2024-01-25,2830.7074188230868,688.217418823087,3
2024-01-26,2835.8272747733854,1239.3272747733856,3
2024-01-29,2843.0872747733856,1239.3272747733856,3
2024-01-30,2839.807274773386,1239.3272747733856,3
2024-01-31,2788.5372747733854,765.9272747733855,3
2024-02-01,2744.1682747733853,674.5192747733854,3
2024-02-02,2841.2352747733853,674.5192747733854,3
2024-02-05,2832.9547227733856,1172.6747227733854,3
2024-02-06,2814.1197227733855,1172.6747227733854,3
2024-02-07,2836.6747227733854,1172.6747227733854,3
2024-02-08,2854.3347227733857,724.2347227733852,3
2024-02-09,2855.5047227733853,724.2347227733852,3
2024-02-12,2866.2747227733853,724.2347227733852,3
2024-02-13,2809.7797227733854,724.2347227733852,3
2024-02-14,2852.224722773385,724.2347227733852,3
2024-02-15,2882.7997227733854,724.2347227733852,3
2024-02-16,2843.414722773385,724.2347227733852,3
2024-02-20,2819.8997227733853,724.2347227733852,3
2024-02-21,2815.5097227733854,724.2347227733852,3
2024-02-22,2881.1347227733854,724.2347227733852,3
2024-02-23,2857.329722773385,724.2347227733852,3
2024-02-26,2861.4877227733855,903.9627227733853,3
2024-02-27,2854.8577227733854,903.9627227733853,3
2024-02-28,2852.202722773385,903.9627227733853,3
2024-02-29,2876.9577227733853,903.9627227733853,3
2024-03-01,2969.0677227733854,903.9627227733853,3
2024-03-04,2967.1027227733853,903.9627227733853,3
2024-03-05,2906.9677227733855,903.9627227733853,3
2024-03-06,2928.552722773385,903.9627227733853,3
2024-03-07,2979.0977227733856,903.9627227733853,3
2024-03-08,2883.6027227733857,903.9627227733853,3
2024-03-11,2830.5127227733856,735.9227227733854,3
2024-03-12,2856.162722773385,384.2127227733856,3
2024-03-13,2853.1827227733856,384.2127227733856,3
2024-03-14,2858.5027227733854,384.2127227733856,3
2024-03-15,2799.9643027733855,150.3443027733856,3
2024-03-18,2809.4273027733857,15.557302773385686,3
2024-03-19,2806.278703773386,42.85870377338574,3
2024-03-20,2848.6387037733857,42.85870377338574,3
2024-03-21,3021.2725637733856,899.9065637733856,3
2024-03-22,3026.7565637733856,899.9065637733856,3
2024-03-25,3071.3845637733857,899.9065637733856,3
2024-03-26,3081.8905637733856,899.9065637733856,3
2024-03-27,3065.6965637733856,899.9065637733856,3
2024-03-28,3049.376563773386,650.0965637733857,3
2024-04-01,3103.1083637733855,615.3983637733857,3
2024-04-02,3057.3683637733857,615.3983637733857,3
2024-04-03,3125.8483637733852,615.3983637733857,3
2024-04-04,3055.0183637733853,615.3983637733857,3
2024-04-05,3076.168363773386,1779.4783637733856,2
2024-04-08,3052.3773637733852,626.3783637733854,3
2024-04-09,3052.2743637733856,938.0643637733854,3
2024-04-10,3023.091423773385,566.6614237733854,3
2024-04-11,3103.6504237733852,527.2264237733855,3
2024-04-12,3030.399423773385,527.2264237733855,3
2024-04-15,2956.3246477733855,658.2046477733854,3
2024-04-16,2953.634647773385,631.3046477733853,3
2024-04-17,2918.724647773385,631.3046477733853,3
2024-04-18,2901.726647773385,753.9686477733853,2
2024-04-19,2850.882647773385,742.3926477733853,2
2024-04-22,2823.094647773385,44.65464777338525,3
2024-04-23,2851.634647773385,44.65464777338525,3
2024-04-24,2910.5746477733855,629.7746477733853,3
2024-04-25,2874.804647773385,197.4946477733854,3
2024-04-26,2864.924647773386,197.4946477733854,3
2024-04-29,2859.2546477733854,1237.4946477733854,2
2024-04-30,2828.059127773385,1211.8491277733851,2
2024-05-01,2823.3891277733846,75.86912777338489,3
2024-05-02,2840.8491277733856,75.86912777338489,3
2024-05-03,2841.4817277733846,17.5017277733848,3
2024-05-06,2864.7683277733845,584.9283277733847,3
2024-05-07,2882.308327773385,584.9283277733847,3
2024-05-08,2871.8283277733844,584.9283277733847,3
2024-05-09,2914.788327773385,584.9283277733847,3
2024-05-10,2917.6283277733846,584.9283277733847,3
2024-05-13,2905.068327773385,584.9283277733847,3
2024-05-14,2923.8283277733844,584.9283277733847,3
2024-05-15,2950.948327773385,584.9283277733847,3
2024-05-16,2955.7578277733846,1173.5778277733848,3
2024-05-17,2961.4478277733847,1173.5778277733848,3
2024-05-20,2960.737827773385,1173.5778277733848,3
2024-05-21,2982.8678277733848,1173.5778277733848,3
2024-05-22,2977.377827773385,1173.5778277733848,3
2024-05-23,2949.687827773385,1173.5778277733848,3
2024-05-24,2967.937827773385,1173.5778277733848,3
2024-05-28,2956.7578277733846,1173.5778277733848,3
2024-05-29,2937.8378277733846,1173.5778277733848,3
2024-05-30,2940.867827773385,764.7678277733846,3
2024-05-31,2970.977827773385,393.2678277733846,3
2024-06-03,2911.489147773384,168.16914777338434,3
2024-06-04,2903.0695477733843,235.52874777338434,3
2024-06-05,2901.639947773385,235.52874777338434,3
2024-06-06,2881.3655477733846,81.24874777338437,3
2024-06-07,2890.693947773384,1206.1487477733842,2
2024-06-10,2887.500347773384,219.1987477733843,3
2024-06-11,2884.434747773384,219.1987477733843,3
2024-06-12,2918.773547773384,219.1987477733843,3
2024-06-13,2895.997947773384,219.1987477733843,3
2024-06-14,2883.3267477733843,219.1987477733843,3
2024-06-17,2900.1370445733837,624.0258445733841,3
2024-06-18,2916.2246445733845,624.0258445733841,3
2024-06-20,2899.6086445733845,624.0258445733841,3
2024-06-21,2927.841844573384,590.125844573384,3
2024-06-24,2916.117844573384,590.125844573384,3
2024-06-25,2956.6512445733842,1142.1804445733842,3
2024-06-26,2947.801244573384,1142.1804445733842,3
2024-06-27,2955.914444573384,1142.1804445733842,3
2024-06-28,2938.550444573384,1142.1804445733842,3
2024-07-01,2924.011244573384,1142.1804445733842,3
2024-07-02,2951.300044573384,65.5400445733842,3
2024-07-03,2977.929044573384,65.5400445733842,3
2024-07-05,3008.7390445733845,65.5400445733842,3
2024-07-08,3011.558044573384,65.5400445733842,3
2024-07-09,3023.098044573384,65.5400445733842,3
2024-07-10,3040.375044573384,65.5400445733842,3
2024-07-11,2931.9841345733844,551.7341345733843,3
2024-07-12,2943.742134573384,121.22413457338416,3
2024-07-15,2967.6821345733842,121.22413457338416,3
2024-07-16,2962.4461345733844,566.6341345733842,3
2024-07-17,2866.824146573384,2866.824146573384,0
2024-07-18,2856.244146573384,2016.874146573384,1
2024-07-19,2853.384146573384,2853.384146573384,0
2024-07-22,2844.704146573384,63.074146573384155,3
2024-07-23,2855.484146573384,63.074146573384155,3
2024-07-24,2813.7948465733843,647.9548465733842,2
2024-07-25,2758.7027485654335,610.0827485654333,2
2024-07-26,2756.4227485654337,120.16274856543333,3
2024-07-29,2736.9427485654332,120.16274856543333,3
2024-07-30,2763.5627485654336,120.16274856543333,3
2024-07-31,2774.8427485654333,120.16274856543333,3
2024-08-01,2770.3254485654334,241.82544856543325,3
2024-08-02,2739.5701485654336,716.6501485654333,2
2024-08-05,2675.687028565433,1578.9070285654334,1
2024-08-06,2667.2070285654336,70.69702856543324,3
2024-08-07,2597.826068565433,44.386068565433334,3
2024-08-08,2630.6660685654333,968.1760685654332,2
2024-08-09,2637.696068565433,480.44606856543317,3
2024-08-12,2608.216068565433,480.44606856543317,3
2024-08-13,2621.3760685654333,286.2760685654332,3
2024-08-14,2653.286068565433,286.2760685654332,3
2024-08-15,2660.9660685654335,286.2760685654332,3
2024-08-16,2680.616068565433,286.2760685654332,3
2024-08-19,2690.2960685654334,286.2760685654332,3
2024-08-20,2672.3060685654327,286.2760685654332,3
2024-08-21,2671.946068565433,286.2760685654332,3
2024-08-22,2685.7260685654337,286.2760685654332,3
2024-08-23,2720.576068565433,236.76606856543322,3
2024-08-26,2722.784068565433,81.50606856543322,3
2024-08-27,2733.928068565434,81.50606856543322,3
2024-08-28,2729.4440685654336,46.85406856543318,3
2024-08-29,2747.094068565433,46.85406856543318,3
2024-08-30,2778.2315885654334,23.261588565433158,3
2024-09-03,2687.8149885654334,49.31498856543328,3
2024-09-04,2671.1849885654333,1061.4549885654333,2
2024-09-05,2660.9549885654333,1.0749885654333866,3
2024-09-06,2581.0587385654335,33.598738565433564,3
2024-09-09,2629.958738565434,243.18873856543382,3
2024-09-10,2629.4787385654336,243.18873856543382,3
2024-09-11,2612.2141785654335,199.11417856543358,3
2024-09-12,2625.4841785654335,199.11417856543358,3
2024-09-13,2632.3841785654336,199.11417856543358,3
2024-09-16,2629.8841785654336,199.11417856543358,3
2024-09-17,2610.2641785654337,199.11417856543358,3
2024-09-18,2605.6741785654335,714.3941785654335,2
2024-09-19,2620.9941785654337,222.39417856543355,3
2024-09-20,2627.714178565433,222.39417856543355,3
2024-09-23,2635.374178565434,222.39417856543355,3
2024-09-24,2604.364178565433,120.00417856543356,3
2024-09-25,2599.0699785654338,124.01457856543345,3
2024-09-26,2598.600378565433,185.94037856543332,3
2024-09-27,2601.6807985654336,72.84079856543337,3
2024-09-30,2628.3507985654337,72.84079856543337,3
2024-10-01,2564.004718565433,69.43471856543351,3
2024-10-02,2568.8947185654333,77.18471856543351,3
2024-10-03,2572.134718565433,77.18471856543351,3
2024-10-04,2588.7347185654335,77.18471856543351,3
2024-10-07,2566.9672754987223,53.19727549872198,3
2024-10-08,2622.057275498722,53.19727549872198,3
2024-10-09,2665.420475498722,424.1604754987219,3
2024-10-10,2661.840475498722,424.1604754987219,3
2024-10-11,2707.160475498722,752.1604754987219,3
2024-10-14,2718.400475498722,752.1604754987219,3
2024-10-15,2700.172355498722,1188.3423554987219,3
2024-10-16,2705.6823554987222,1188.3423554987219,3
2024-10-17,2718.382355498722,1188.3423554987219,3
2024-10-18,2714.2823554987217,1188.3423554987219,3
2024-10-21,2718.462355498722,1188.3423554987219,3
2024-10-22,2705.1523554987216,1188.3423554987219,3
2024-10-23,2691.042355498722,1188.3423554987219,3
2024-10-24,2730.542355498722,714.9423554987218,3
2024-10-25,2684.3973554987215,28.232355498721745,3
2024-10-28,2710.272355498722,94.60235549872186,3
2024-10-29,2707.752355498722,94.60235549872186,3
2024-10-30,2682.492355498722,94.60235549872186,3
2024-10-31,2634.8723554987223,20.742355498722077,3
2024-11-01,2648.882355498722,20.742355498722077,3
2024-11-04,2638.612355498722,20.742355498722077,3
2024-11-05,2652.7708054987224,645.9608054987222,3
2024-11-06,2664.650805498722,645.9608054987222,3
2024-11-07,2667.040805498722,645.9608054987222,3
2024-11-08,2697.620805498722,645.9608054987222,3
2024-11-11,2708.1108054987217,645.9608054987222,3
2024-11-12,2732.1108054987217,645.9608054987222,3
2024-11-13,2743.7808054987217,645.9608054987222,3
2024-11-14,2717.060805498722,645.9608054987222,3
2024-11-15,2722.700805498722,645.9608054987222,3
2024-11-18,2724.410805498722,645.9608054987222,3
2024-11-19,2729.120805498722,645.9608054987222,3
2024-11-20,2733.9908054987222,645.9608054987222,3
2024-11-21,2754.710805498722,645.9608054987222,3
2024-11-22,2763.580805498722,645.9608054987222,3
2024-11-25,2762.100805498722,645.9608054987222,3
2024-11-26,2799.310805498722,645.9608054987222,3
2024-11-27,2804.000805498722,645.9608054987222,3
2024-11-29,2818.580805498722,645.9608054987222,3
2024-12-02,2808.160805498722,645.9608054987222,3
2024-12-03,2817.020805498722,645.9608054987222,3
2024-12-04,2815.870805498722,645.9608054987222,3
2024-12-05,2809.780805498722,645.9608054987222,3
2024-12-06,2816.080805498722,346.00080549872223,3
2024-12-09,2746.170805498722,346.00080549872223,3
2024-12-10,2760.620805498722,36.87080549872212,3
2024-12-11,2748.134185498722,12.614185498722009,3
2024-12-12,2733.9441854987226,7.934185498722172,3
2024-12-13,2718.5057254987223,995.4057254987222,2
2024-12-16,2699.545775498722,480.965775498722,3
2024-12-17,2682.113635498722,79.97363549872193,3
2024-12-18,2590.5393104987224,502.31931049872196,3
2024-12-19,2592.859310498722,1939.059310498722,1
2024-12-20,2591.7123104987218,20.37731049872184,3
2024-12-23,2595.1723104987213,208.45731049872182,3
2024-12-24,2631.389310498722,208.45731049872182,3
2024-12-26,2623.2113104987216,208.45731049872182,3
2024-12-27,2595.3623104987214,208.45731049872182,3
2024-12-30,2556.052850498722,645.4798504987218,2
2024-12-31,2517.039850498722,1709.3598504987222,1
2025-01-02,2477.159850498722,534.179850498722,2
2025-01-03,2520.029850498722,93.31985049872196,3
2025-01-06,2474.759850498722,1035.879850498722,2
2025-01-07,2435.743230498722,1831.703230498722,1
2025-01-08,2437.403230498722,1831.703230498722,1
2025-01-10,2405.724970498722,1565.304970498722,1
2025-01-13,2405.724970498722,2405.724970498722,0
2025-01-14,2416.264970498722,100.96497049872193,3
2025-01-15,2471.424970498722,100.96497049872193,3
2025-01-16,2491.3324504987218,357.5824504987219,3
2025-01-17,2514.022450498722,357.5824504987219,3
2025-01-21,2545.574770498722,674.644770498722,3
2025-01-22,2605.984770498722,1179.364770498722,3
2025-01-23,2613.534770498722,1179.364770498722,3
2025-01-24,2603.564770498722,1179.364770498722,3
2025-01-27,2516.534770498722,1617.844770498722,2
2025-01-28,2524.424770498722,720.564770498722,3
2025-01-29,2532.1647704987217,720.564770498722,3
2025-01-30,2643.2347704987224,1220.564770498722,3
2025-01-31,2634.1647704987217,1220.564770498722,3
2025-02-03,2641.894770498722,1220.564770498722,3
2025-02-04,2649.084770498722,1220.564770498722,3
2025-02-05,2658.6547704987224,1220.564770498722,3
2025-02-06,2644.644770498722,1220.564770498722,3
2025-02-07,2634.584770498722,1220.564770498722,3
2025-02-10,2610.6647704987217,1220.564770498722,3
2025-02-11,2621.714770498722,875.924770498722,3
2025-02-12,2688.2447704987217,1384.624770498722,3
2025-02-13,2709.124770498722,1384.624770498722,3
2025-02-14,2704.174770498722,1384.624770498722,3
2025-02-18,2716.964770498722,1384.624770498722,3
2025-02-19,2730.764770498722,1384.624770498722,3
2025-02-20,2731.054770498722,1384.624770498722,3
2025-02-21,2703.164770498722,584.7347704987219,3
2025-02-24,2715.754770498722,601.2647704987219,3
2025-02-25,2730.0747704987225,601.2647704987219,3
2025-02-26,2697.214770498722,601.2647704987219,3
2025-02-27,2645.7801903987215,755.5701903987218,3
2025-02-28,2651.940190398722,1045.490190398722,2
2025-03-03,2598.450190398722,5.490190398722007,3
2025-03-04,2538.210190398722,1964.510190398722,1
2025-03-05,2539.910190398722,1274.3901903987219,2
2025-03-06,2529.230190398722,1274.3901903987219,2
2025-03-07,2527.940190398722,246.37019039872177,3
2025-03-10,2531.9501903987216,246.37019039872177,3
2025-03-11,2486.957750398722,1018.0377503987219,2
2025-03-12,2483.7077503987216,1018.0377503987219,2
2025-03-13,2489.1877503987216,1018.0377503987219,2
2025-03-14,2485.167750398722,1018.0377503987219,2
2025-03-17,2503.687750398722,1018.0377503987219,2
2025-03-18,2498.017750398722,1018.0377503987219,2
2025-03-19,2512.503510398722,1971.223510398722,1
2025-03-20,2509.103510398722,1971.223510398722,1
2025-03-21,2500.703510398722,1971.223510398722,1
2025-03-24,2509.983510398722,1971.223510398722,1
2025-03-25,2513.863510398722,1971.223510398722,1
2025-03-26,2509.113510398722,228.19351039872208,3
2025-03-27,2512.953510398722,1049.173510398722,2
2025-03-28,2507.0135103987222,1049.173510398722,2
2025-03-31,2526.9241103987224,1520.8941103987222,2
2025-04-01,2526.5641103987223,1520.8941103987222,2
2025-04-02,2522.0041103987223,1520.8941103987222,2
2025-04-03,2528.024110398722,1520.8941103987222,2
2025-04-04,2482.034110398722,2482.034110398722,0
2025-04-07,2482.034110398722,2482.034110398722,0
2025-04-08,2482.034110398722,2482.034110398722,0
2025-04-09,2482.034110398722,2482.034110398722,0
2025-04-10,2482.034110398722,2482.034110398722,0
2025-04-11,2482.034110398722,2482.034110398722,0
2025-04-14,2482.034110398722,2482.034110398722,0
2025-04-15,2482.034110398722,2482.034110398722,0
2025-04-16,2482.034110398722,2482.034110398722,0
2025-04-17,2482.034110398722,2482.034110398722,0
2025-04-21,2482.034110398722,2482.034110398722,0
2025-04-22,2482.034110398722,2482.034110398722,0
2025-04-23,2482.034110398722,2482.034110398722,0
2025-04-24,2482.034110398722,2482.034110398722,0
2025-04-25,2482.034110398722,2482.034110398722,0
2025-04-28,2482.034110398722,2482.034110398722,0
2025-04-29,2482.034110398722,2482.034110398722,0
2025-04-30,2482.034110398722,2482.034110398722,0
2025-05-01,2482.034110398722,2482.034110398722,0
2025-05-02,2482.034110398722,2482.034110398722,0
2025-05-05,2482.034110398722,2482.034110398722,0
2025-05-06,2482.034110398722,2482.034110398722,0
2025-05-07,2482.034110398722,2482.034110398722,0
2025-05-08,2482.034110398722,2482.034110398722,0
2025-05-09,2482.034110398722,2482.034110398722,0
2025-05-12,2482.034110398722,2482.034110398722,0
2025-05-13,2482.034110398722,2482.034110398722,0
2025-05-14,2477.1341103987224,1508.8341103987223,1
2025-05-15,2468.5041103987223,650.5141103987221,2
2025-05-16,2488.6441103987227,141.71411039872214,3
2025-05-19,2504.914110398722,141.71411039872214,3
2025-05-20,2504.3841103987224,141.71411039872214,3
2025-05-21,2490.4486703987222,569.7286703987222,3
2025-05-22,2487.9186703987225,569.7286703987222,3
2025-05-23,2507.398670398722,569.7286703987222,3
2025-05-27,2530.9686703987218,569.7286703987222,3
2025-05-28,2517.648670398722,569.7286703987222,3
2025-05-29,2518.488670398722,569.7286703987222,3
2025-05-30,2536.7986703987226,569.7286703987222,3
2025-06-02,2541.658670398722,86.32867039872201,3
2025-06-03,2536.698670398722,86.32867039872201,3
2025-06-04,2508.918670398722,86.32867039872201,3
2025-06-05,2512.4886703987218,1073.808670398722,2
2025-06-06,2512.398670398722,1073.808670398722,2
2025-06-09,2515.198670398722,433.15867039872194,3
2025-06-10,2508.9986703987215,334.6586703987218,3
2025-06-11,2533.506670398722,325.54267039872195,3
2025-06-12,2525.8166703987217,325.54267039872195,3
2025-06-13,2535.307410398722,509.9274103987219,3
2025-06-16,2563.8374103987217,509.9274103987219,3
2025-06-17,2544.383410398722,509.9274103987219,3
2025-06-18,2552.7794103987217,509.9274103987219,3
2025-06-20,2548.135410398722,509.9274103987219,3
2025-06-23,2582.2594103987217,509.9274103987219,3
2025-06-24,2618.345410398722,509.9274103987219,3
2025-06-25,2611.563130398722,803.4631303987219,3
2025-06-26,2644.9991303987217,168.223130398722,3
2025-06-27,2631.791618398722,697.7036183987219,3
2025-06-30,2673.015618398722,204.57361839872192,3
2025-07-01,2621.452618398722,140.8626183987219,3
2025-07-02,2605.216618398722,140.8626183987219,3
2025-07-03,2642.1746183987216,93.95261839872182,3
2025-07-07,2640.3834383987214,533.7554383987217,3
2025-07-08,2644.149078398722,942.4150783987216,3
2025-07-09,2660.627078398722,942.4150783987216,3
2025-07-10,2625.4110783987217,529.2950783987216,3
2025-07-11,2642.3710783987217,1033.2110783987216,2
2025-07-14,2675.4510783987216,308.05107839872164,3
2025-07-15,2671.8410783987215,308.05107839872164,3
2025-07-16,2686.8210783987215,1021.4210783987216,2
2025-07-17,2699.7910783987218,549.1310783987218,3
2025-07-18,2737.720578398722,1030.3805783987218,3
2025-07-21,2739.840578398722,1030.3805783987218,3
2025-07-22,2717.400578398722,1030.3805783987218,3
2025-07-23,2753.600578398722,1030.3805783987218,3
2025-07-24,2766.280578398722,1030.3805783987218,3
2025-07-25,2783.4405783987218,1030.3805783987218,3
2025-07-28,2783.340578398722,1030.3805783987218,3
2025-07-29,2786.9405783987218,1030.3805783987218,3
2025-07-30,2802.5005783987217,1030.3805783987218,3
2025-07-31,2789.200578398722,1030.3805783987218,3
2025-08-01,2769.560578398722,1030.3805783987218,3
2025-08-04,2794.9605783987217,1030.3805783987218,3
2025-08-05,2778.5805783987216,1030.3805783987218,3
2025-08-06,2778.2005783987215,1030.3805783987218,3
2025-08-07,2773.400578398722,1030.3805783987218,3
2025-08-08,2782.320578398722,1030.3805783987218,3
2025-08-11,2785.760578398722,1030.3805783987218,3
2025-08-12,2803.740578398722,1030.3805783987218,3
2025-08-13,2764.4805783987217,1030.3805783987218,3
2025-08-14,2772.0405783987217,1146.3205783987216,2
2025-08-15,2781.2805783987214,1146.3205783987216,2
2025-08-18,2797.050578398722,655.5705783987216,2
2025-08-19,2818.2805783987214,655.5705783987216,2
2025-08-20,2803.830578398722,49.630578398721696,3
2025-08-21,2770.9545783987214,131.46457839872153,3
2025-08-22,2795.2745783987216,131.46457839872153,3
2025-08-25,2784.484578398722,306.5145783987216,3
2025-08-26,2814.274578398721,306.5145783987216,3
2025-08-27,2796.224578398722,306.5145783987216,3
2025-08-28,2807.8445783987218,306.5145783987216,3
2025-08-29,2754.864578398722,306.5145783987216,3
2025-09-02,2725.8145783987216,1158.7745783987216,2
2025-09-03,2712.3675783987214,129.86757839872143,3
2025-09-04,2747.381898398721,388.6818983987216,3
2025-09-05,2734.8218983987217,388.6818983987216,3
2025-09-08,2687.791898398722,1353.2018983987216,2
2025-09-09,2715.7418983987213,305.0918983987217,3
2025-09-10,2728.1318983987217,305.0918983987217,3
2025-09-11,2763.9418983987216,305.0918983987217,3
2025-09-12,2739.891898398722,305.0918983987217,3
2025-09-15,2757.911498398722,805.9214983987217,3
2025-09-16,2757.9414983987217,805.9214983987217,3
2025-09-17,2781.5614983987216,805.9214983987217,3
2025-09-18,2807.8090983987213,1326.5990983987215,3
2025-09-19,2816.6490983987214,1326.5990983987215,3
2025-09-22,2809.459098398722,1326.5990983987215,3
2025-09-23,2801.4790983987214,1326.5990983987215,3
2025-09-24,2790.4790983987214,1326.5990983987215,3
2025-09-25,2795.7290983987214,1326.5990983987215,3
2025-09-26,2806.429098398721,1326.5990983987215,3
2025-09-29,2808.919098398722,1326.5990983987215,3
2025-09-30,2794.5090983987216,1326.5990983987215,3
2025-10-01,2774.8790983987215,1326.5990983987215,3
2025-10-02,2773.7490983987213,1471.7290983987214,2
2025-10-03,2776.7890983987213,680.7290983987214,3
2025-10-06,2788.2290983987214,680.7290983987214,3
2025-10-07,2753.719098398721,680.7290983987214,3
2025-10-08,2769.3990983987214,1678.1690983987214,2
2025-10-09,2773.4790983987214,2457.0190983987213,1
2025-10-10,2693.5390983987218,820.1990983987214,3
2025-10-13,2711.6190983987212,2416.719098398721,1
2025-10-14,2697.419098398721,1341.3990983987212,2
2025-10-15,2703.5790983987217,176.43909839872117,3
2025-10-16,2672.139098398721,176.43909839872117,3
2025-10-17,2689.999098398721,176.43909839872117,3
2025-10-20,2737.039098398721,176.43909839872117,3
2025-10-21,2730.8590983987215,176.43909839872117,3
2025-10-22,2630.4244783987215,286.0844783987212,3
2025-10-23,2697.384478398721,598.2244783987212,3
2025-10-24,2687.6644783987213,598.2244783987212,3
2025-10-27,2757.9044783987215,598.2244783987212,3
2025-10-28,2768.884478398721,598.2244783987212,3
2025-10-29,2812.044478398721,598.2244783987212,3
2025-10-30,2756.224478398721,598.2244783987212,3
2025-10-31,2749.774478398721,544.8244783987212,3
2025-11-03,2751.444478398721,544.8244783987212,3
2025-11-04,2712.3944783987213,491.01447839872117,3
2025-11-05,2705.2685780317215,822.4085780317214,3
2025-11-06,2653.6585780317214,417.7585780317213,3
2025-11-07,2643.609158031721,341.2791580317212,3
2025-11-10,2684.880758031721,879.230758031721,3
2025-11-11,2667.410758031721,879.230758031721,3
2025-11-12,2662.200758031721,879.230758031721,3
2025-11-13,2624.550758031721,1405.4007580317211,2
2025-11-14,2603.3307580317214,2603.3307580317214,0
2025-11-17,2603.3307580317214,2603.3307580317214,0
2025-11-18,2603.3307580317214,2603.3307580317214,0
2025-11-19,2588.5307580317212,1609.3307580317214,1
2025-11-20,2529.2507580317215,28.01075803172148,3
2025-11-21,2562.7107580317215,23.790758031721566,3
2025-11-24,2539.5007580317215,23.790758031721566,3
2025-11-25,2567.8907580317214,23.790758031721566,3
2025-11-26,2563.5787580317215,129.0387580317215,3
2025-11-28,2574.1487580317216,129.0387580317215,3
2025-12-01,2556.4887580317218,129.0387580317215,3
2025-12-02,2556.0587580317215,129.0387580317215,3
2025-12-03,2579.5787580317215,129.0387580317215,3
2025-12-04,2567.5487580317217,129.0387580317215,3
2025-12-05,2585.4387580317216,707.0387580317215,2
2025-12-08,2587.0887580317217,707.0387580317215,2
2025-12-09,2582.1487580317216,74.18875803172159,3
2025-12-10,2611.0087580317218,107.16875803172172,3
2025-12-11,2617.866710072346,797.8667100723458,2
2025-12-12,2626.606710072346,797.8667100723458,2
2025-12-15,2621.0167100723456,237.5667100723458,3
2025-12-16,2590.256710072346,783.2067100723458,2
2025-12-17,2584.776710072346,1548.3267100723458,1
2025-12-18,2568.306710072346,516.0867100723458,2
2025-12-19,2578.866710072346,51.586710072345795,3
2025-12-22,2609.3767100723458,51.586710072345795,3
2025-12-23,2613.7067100723457,51.586710072345795,3
2025-12-24,2629.276710072346,51.586710072345795,3
2025-12-26,2631.9967100723456,51.586710072345795,3
2025-12-29,2612.146710072346,51.586710072345795,3
2025-12-30,2602.1267100723458,1105.8967100723457,2
2025-12-31,2586.986710072346,1105.8967100723457,2
2026-01-02,2644.276710072346,909.5767100723457,2
2026-01-05,2700.9757700723458,813.7657700723457,3
2026-01-06,2708.3457700723457,813.7657700723457,3
2026-01-07,2665.0757700723457,813.7657700723457,3
2026-01-08,2678.115770072346,813.7657700723457,3
2026-01-09,2676.6257700723454,813.7657700723457,3
2026-01-12,2663.5957700723457,344.47577007234577,3
2026-01-13,2654.303550072346,265.3335500723456,3
2026-01-14,2641.2135500723457,265.3335500723456,3
2026-01-15,2652.5135500723454,14.133550072345543,3
2026-01-16,2678.0935500723454,14.133550072345543,3
2026-01-20,2596.4327400723455,944.0127400723454,2
2026-01-21,2605.1727400723453,288.5527400723454,3
2026-01-22,2587.292740072345,288.5527400723454,3
2026-01-23,2586.6927400723453,361.11274007234545,3
2026-01-26,2598.952740072345,361.11274007234545,3
2026-01-27,2631.2527400723457,361.11274007234545,3
2026-01-28,2625.9927400723454,361.11274007234545,3
2026-01-29,2625.352740072345,361.11274007234545,3
2026-01-30,2617.8327400723456,361.11274007234545,3
2026-02-02,2646.1136000723454,345.5036000723453,3
2026-02-03,2608.1336000723454,345.5036000723453,3
2026-02-04,2470.5036000723453,1205.5036000723453,2
2026-02-05,2417.3636000723454,2417.3636000723454,0
2026-02-06,2421.123600072345,2026.4336000723454,1
2026-02-09,2419.0536000723455,1465.4336000723454,2
2026-02-10,2374.6536000723454,546.3336000723455,3
2026-02-11,2411.1236000723457,1054.9336000723456,2
2026-02-12,2419.1636000723456,270.13360007234564,3
2026-02-13,2428.7659200723456,677.0459200723456,3
2026-02-17,2422.8259200723455,1222.2959200723456,2
2026-02-18,2424.0759200723455,1222.2959200723456,2
2026-02-19,2415.4959200723456,1222.2959200723456,2
2026-02-20,2406.5559200723455,375.9659200723455,3
2026-02-23,2380.305730072346,412.0257300723458,3
2026-02-24,2358.185730072346,301.82573007234566,3
2026-02-25,2353.1257300723455,1472.8757300723455,1
2026-02-26,2343.8157300723456,1472.8757300723455,1
2026-02-27,2374.435730072345,124.2057300723452,3
2026-03-02,2438.206210072345,460.47621007234534,3
2026-03-03,2407.6362100723454,460.47621007234534,3
2026-03-04,2406.9662100723453,539.4462100723453,3
2026-03-05,2320.4599720685374,1258.7599720685373,2
2026-03-06,2322.7499720685373,324.19997206853714,3
2026-03-09,2307.449972068537,324.19997206853714,3
2026-03-10,2263.1355820685376,367.14558206853724,3
2026-03-11,2265.9155820685373,367.14558206853724,3
2026-03-12,2234.9255820685376,367.14558206853724,3
2026-03-13,2249.895582068537,639.6955820685371,2
2026-03-16,2252.465582068537,546.2955820685371,2
2026-03-17,2235.715582068537,71.21558206853706,3
2026-03-18,2224.365582068537,1758.765582068537,1
2026-03-19,2224.065582068537,2224.065582068537,0
2026-03-20,2224.065582068537,2224.065582068537,0
2026-03-23,2224.065582068537,2224.065582068537,0
2026-03-24,2224.065582068537,2224.065582068537,0
2026-03-25,2224.065582068537,2224.065582068537,0
2026-03-26,2224.065582068537,2224.065582068537,0
2026-03-27,2224.065582068537,2224.065582068537,0
2026-03-30,2224.065582068537,2224.065582068537,0
2026-03-31,2224.065582068537,2224.065582068537,0
2026-04-01,2224.065582068537,2224.065582068537,0
2026-04-02,2224.065582068537,2224.065582068537,0
2026-04-06,2224.065582068537,2224.065582068537,0
2026-04-07,2224.065582068537,2224.065582068537,0
2026-04-08,2224.065582068537,2224.065582068537,0
2026-04-09,2232.805582068537,3.375582068537028,3
2026-04-10,2209.755582068537,686.375582068537,2
2026-04-13,2196.155582068537,1399.505582068537,1
2026-04-14,2191.9555820685373,2191.9555820685373,0
2026-04-15,2188.3555820685374,563.6055820685373,2
2026-04-16,2194.4689320685375,1349.4689320685375,1
2026-04-17,2208.7814320685375,1777.5314320685375,1
2026-04-20,2207.5314320685375,970.5314320685375,2
2026-04-21,2215.2814320685375,970.5314320685375,2
2026-04-22,2216.5314320685375,1767.5314320685375,1
2026-04-23,2207.0414320685377,967.7714320685375,2
2026-04-24,2204.2214320685375,459.5114320685375,3
2026-04-27,2194.6814320685376,459.5114320685375,3
2026-04-28,2170.6266320685377,603.1366320685376,3
2026-04-29,2174.1966320685374,603.1366320685376,3
2026-04-30,2198.0228720685373,447.80287206853745,3
2026-05-01,2189.3683320685377,557.1583320685377,3
2026-05-04,2194.0583320685378,557.1583320685377,3
2026-05-05,2242.668332068538,557.1583320685377,3
2026-05-06,2262.838332068538,557.1583320685377,3
2026-05-07,2229.8383320685375,557.1583320685377,3
2026-05-08,2301.3824720685375,991.8024720685377,3
2026-05-11,2313.262472068538,1376.0424720685378,2
2026-05-12,2301.942472068538,461.84247206853786,3
2026-05-13,2328.092472068538,461.84247206853786,3
2026-05-14,2407.272472068538,461.84247206853786,3
2026-05-15,2409.6624720685377,461.84247206853786,3
2026-05-18,2403.192472068538,461.84247206853786,3
2026-05-19,2382.5124720685376,866.2124720685379,2
2026-05-20,2378.9324720685377,307.0524720685379,3
2026-05-21,2373.262472068538,750.4224720685379,3
2026-05-22,2395.3324720685378,750.4224720685379,3
2026-05-26,2434.4124720685377,1065.1924720685379,3
2026-05-27,2430.722472068538,1065.1924720685379,3
2026-05-28,2426.072472068538,1065.1924720685379,3
2026-05-29,2435.5324720685376,1065.1924720685379,3
2026-06-01,2447.132472068538,1065.1924720685379,3
2026-06-02,2528.157212068538,1553.747212068538,2
2026-06-03,2529.8572120685376,936.467212068538,3
2026-06-04,2533.617212068538,936.467212068538,3
2026-06-05,2422.837352068538,1003.4573520685381,3
2026-06-08,2444.6773520685383,1322.007352068538,2
2026-06-09,2431.7573520685382,1829.957352068538,1
2026-06-10,2414.297352068538,1030.6373520685381,2
2026-06-11,2484.137352068538,70.31735206853807,3
2026-06-12,2467.0773520685384,70.31735206853807,3
2026-06-15,2461.9292720685385,1007.4592720685381,2
2026-06-16,2449.3892720685376,114.11927206853818,3
2026-06-17,2435.009272068538,114.11927206853818,3
2026-06-18,2464.789272068538,1601.4492720685382,1
2026-06-22,2454.4892720685384,187.90927206853826,3
2026-06-23,2462.6292720685383,259.1092720685383,3
2026-06-24,2442.2192720685384,259.1092720685383,3
2026-06-25,2491.719272068538,259.1092720685383,3
2026-06-26,2534.7587520685383,978.8487520685383,3
2026-06-29,2573.728752068538,978.8487520685383,3
2026-06-30,2617.6387520685385,667.7287520685381,3
2026-07-01,2622.9687520685384,667.7287520685381,3
2026-07-02,2571.2825120685384,470.0125120685383,3
2026-07-06,2610.0825120685386,470.0125120685383,3
2026-07-07,2557.6725120685383,470.0125120685383,3
2026-07-08,2503.6446920685385,1436.8646920685383,2
2026-07-09,2554.6146920685383,899.5946920685383,3
2026-07-10,2533.924692068538,899.5946920685383,3
2026-07-13,2523.674692068538,899.5946920685383,3
2026-07-14,2578.694692068538,899.5946920685383,3
2026-07-15,2555.294692068538,899.5946920685383,3
2026-07-16,2555.1665420685385,406.24654206853825,3
2026-07-17,2573.868822068538,921.4388220685382,3
2026-07-20,2547.0688220685383,921.4388220685382,3
2026-07-21,2554.288822068538,921.4388220685382,3
2026-07-22,2529.908822068538,921.4388220685382,3
2026-07-23,2510.098822068538,921.4388220685382,3
2026-07-24,2528.118822068538,702.878822068538,3
2026-07-27,2509.178822068538,178.9488220685381,3
2026-07-28,2552.358822068538,285.65882206853826,3
2026-07-29,2526.2188220685384,285.65882206853826,3
2026-07-30,2495.6688220685382,151.05882206853812,3
2026-07-31,2457.988822068538,58.81882206853811,3
2026-08-03,2450.5088220685384,199.8588220685382,3
2026-08-04,2475.7988220685384,511.16882206853825,3
2026-08-05,2476.6888220685382,511.16882206853825,3
2026-08-06,2465.8688220685385,511.16882206853825,3
2026-08-07,2458.4188220685382,511.16882206853825,3
2026-08-10,2438.328822068538,511.16882206853825,3
2026-08-11,2450.9788220685386,511.16882206853825,3
2026-08-12,2449.058822068538,511.16882206853825,3
2026-08-13,2440.4088220685385,511.16882206853825,3
2026-08-14,2432.3788220685383,1236.1688220685382,2
2026-08-17,2434.7188220685384,1695.8588220685383,1
2026-08-18,2446.038822068538,1695.8588220685383,1
2026-08-19,2414.2397220685384,2414.2397220685384,0
2026-08-20,2414.2397220685384,2414.2397220685384,0
2026-08-21,2414.2397220685384,2414.2397220685384,0
2026-08-24,2414.8797220685383,1554.9597220685384,1
2026-08-25,2401.0397220685386,1554.9597220685384,1
2026-08-26,2400.3997220685383,1623.9997220685382,1
2026-08-27,2385.9197220685382,1623.9997220685382,1
2026-08-28,2398.309722068538,78.89972206853827,3
2026-08-31,2398.147762068538,182.10776206853825,3
2026-09-01,2458.207762068538,587.1077620685382,3
2026-09-02,2484.197762068538,587.1077620685382,3
2026-09-03,2480.8177620685383,587.1077620685382,3
2026-09-04,2457.6177620685385,587.1077620685382,3
