date,equity,cash,n_pos
2010-01-04,3000.0,3000.0,0
2010-01-05,3000.0,3000.0,0
2010-01-06,3000.0,3000.0,0
2010-01-07,3000.0,3000.0,0
2010-01-08,3000.0,3000.0,0
2010-01-11,3000.0,3000.0,0
2010-01-12,3000.0,3000.0,0
2010-01-13,3000.0,3000.0,0
2010-01-14,3000.0,3000.0,0
2010-01-15,3000.0,3000.0,0
2010-01-19,3000.0,3000.0,0
2010-01-20,3000.0,3000.0,0
2010-01-21,3000.0,3000.0,0
2010-01-22,3000.0,3000.0,0
2010-01-25,3000.0,3000.0,0
2010-01-26,3000.0,3000.0,0
2010-01-27,3000.0,3000.0,0
2010-01-28,3000.0,3000.0,0
2010-01-29,3000.0,3000.0,0
2010-02-01,3000.0,3000.0,0
2010-02-02,3000.0,3000.0,0
2010-02-03,3000.0,3000.0,0
2010-02-04,3000.0,3000.0,0
2010-02-05,3000.0,3000.0,0
2010-02-08,3000.0,3000.0,0
2010-02-09,3000.0,3000.0,0
2010-02-10,3000.0,3000.0,0
2010-02-11,3000.0,3000.0,0
2010-02-12,3000.0,3000.0,0
2010-02-16,3000.0,3000.0,0
2010-02-17,3000.0,3000.0,0
2010-02-18,3000.0,3000.0,0
2010-02-19,3000.0,3000.0,0
2010-02-22,3000.0,3000.0,0
2010-02-23,3000.0,3000.0,0
2010-02-24,3000.0,3000.0,0
2010-02-25,3000.0,3000.0,0
2010-02-26,3000.0,3000.0,0
2010-03-01,3000.0,3000.0,0
2010-03-02,3000.0,3000.0,0
2010-03-03,3000.0,3000.0,0
2010-03-04,3000.0,3000.0,0
2010-03-05,3000.0,3000.0,0
2010-03-08,3000.0,3000.0,0
2010-03-09,3000.0,3000.0,0
2010-03-10,3000.0,3000.0,0
2010-03-11,3000.0,3000.0,0
2010-03-12,3000.0,3000.0,0
2010-03-15,3000.0,3000.0,0
2010-03-16,3000.0,3000.0,0
2010-03-17,3000.0,3000.0,0
2010-03-18,3000.0,3000.0,0
2010-03-19,3000.0,3000.0,0
2010-03-22,3000.0,3000.0,0
2010-03-23,3000.0,3000.0,0
2010-03-24,3000.0,3000.0,0
2010-03-25,3000.0,3000.0,0
2010-03-26,3000.0,3000.0,0
2010-03-29,3000.0,3000.0,0
2010-03-30,3000.0,3000.0,0
2010-03-31,3000.0,3000.0,0
2010-04-01,3000.0,3000.0,0
2010-04-05,3000.0,3000.0,0
2010-04-06,3000.0,3000.0,0
2010-04-07,3000.0,3000.0,0
2010-04-08,3000.0,3000.0,0
2010-04-09,3000.0,3000.0,0
2010-04-12,3000.0,3000.0,0
2010-04-13,3000.0,3000.0,0
2010-04-14,3000.0,3000.0,0
2010-04-15,3000.0,3000.0,0
2010-04-16,3000.0,3000.0,0
2010-04-19,3000.0,3000.0,0
2010-04-20,3000.0,3000.0,0
2010-04-21,3000.0,3000.0,0
2010-04-22,3000.0,3000.0,0
2010-04-23,3000.0,3000.0,0
2010-04-26,3000.0,3000.0,0
2010-04-27,3000.0,3000.0,0
2010-04-28,3000.0,3000.0,0
2010-04-29,3000.0,3000.0,0
2010-04-30,3000.0,3000.0,0
2010-05-03,3000.0,3000.0,0
2010-05-04,3000.0,3000.0,0
2010-05-05,3000.0,3000.0,0
2010-05-06,3000.0,3000.0,0
2010-05-07,3000.0,3000.0,0
2010-05-10,3000.0,3000.0,0
2010-05-11,3000.0,3000.0,0
2010-05-12,3000.0,3000.0,0
2010-05-13,3000.0,3000.0,0
2010-05-14,3000.0,3000.0,0
2010-05-17,3000.0,3000.0,0
2010-05-18,3000.0,3000.0,0
2010-05-19,3000.0,3000.0,0
2010-05-20,3000.0,3000.0,0
2010-05-21,3000.0,3000.0,0
2010-05-24,3000.0,3000.0,0
2010-05-25,3000.0,3000.0,0
2010-05-26,3000.0,3000.0,0
2010-05-27,3000.0,3000.0,0
2010-05-28,3000.0,3000.0,0
2010-06-01,3000.0,3000.0,0
2010-06-02,3000.0,3000.0,0
2010-06-03,3000.0,3000.0,0
2010-06-04,3000.0,3000.0,0
2010-06-07,3000.0,3000.0,0
2010-06-08,3000.0,3000.0,0
2010-06-09,3000.0,3000.0,0
2010-06-10,3000.0,3000.0,0
2010-06-11,3000.0,3000.0,0
2010-06-14,3000.0,3000.0,0
2010-06-15,3000.0,3000.0,0
2010-06-16,3000.0,3000.0,0
2010-06-17,3000.0,3000.0,0
2010-06-18,3000.0,3000.0,0
2010-06-21,3000.0,3000.0,0
2010-06-22,3000.0,3000.0,0
2010-06-23,3000.0,3000.0,0
2010-06-24,3000.0,3000.0,0
2010-06-25,3000.0,3000.0,0
2010-06-28,3000.0,3000.0,0
2010-06-29,3000.0,3000.0,0
2010-06-30,3000.0,3000.0,0
2010-07-01,3000.0,3000.0,0
2010-07-02,3000.0,3000.0,0
2010-07-06,3000.0,3000.0,0
2010-07-07,3000.0,3000.0,0
2010-07-08,3000.0,3000.0,0
2010-07-09,3000.0,3000.0,0
2010-07-12,3000.0,3000.0,0
2010-07-13,3000.0,3000.0,0
2010-07-14,3000.0,3000.0,0
2010-07-15,3000.0,3000.0,0
2010-07-16,3000.0,3000.0,0
2010-07-19,3000.0,3000.0,0
2010-07-20,3000.0,3000.0,0
2010-07-21,3000.0,3000.0,0
2010-07-22,3000.0,3000.0,0
2010-07-23,3000.0,3000.0,0
2010-07-26,3000.0,3000.0,0
2010-07-27,3000.0,3000.0,0
2010-07-28,3000.0,3000.0,0
2010-07-29,3000.0,3000.0,0
2010-07-30,3000.0,3000.0,0
2010-08-02,3000.0,3000.0,0
2010-08-03,3000.0,3000.0,0
2010-08-04,3000.0,3000.0,0
2010-08-05,3000.0,3000.0,0
2010-08-06,3000.0,3000.0,0
2010-08-09,3000.0,3000.0,0
2010-08-10,3000.0,3000.0,0
2010-08-11,3000.0,3000.0,0
2010-08-12,3000.0,3000.0,0
2010-08-13,3000.0,3000.0,0
2010-08-16,3000.0,3000.0,0
2010-08-17,3000.0,3000.0,0
2010-08-18,3000.0,3000.0,0
2010-08-19,3000.0,3000.0,0
2010-08-20,3000.0,3000.0,0
2010-08-23,3000.0,3000.0,0
2010-08-24,3000.0,3000.0,0
2010-08-25,3000.0,3000.0,0
2010-08-26,3000.0,3000.0,0
2010-08-27,3000.0,3000.0,0
2010-08-30,3000.0,3000.0,0
2010-08-31,3000.0,3000.0,0
2010-09-01,3000.0,3000.0,0
2010-09-02,3000.0,3000.0,0
2010-09-03,3000.0,3000.0,0
2010-09-07,3000.0,3000.0,0
2010-09-08,3000.0,3000.0,0
2010-09-09,3000.0,3000.0,0
2010-09-10,3000.0,3000.0,0
2010-09-13,3000.0,3000.0,0
2010-09-14,3000.0,3000.0,0
2010-09-15,3000.0,3000.0,0
2010-09-16,3000.0,3000.0,0
2010-09-17,3000.0,3000.0,0
2010-09-20,3000.0,3000.0,0
2010-09-21,3000.0,3000.0,0
2010-09-22,3000.0,3000.0,0
2010-09-23,3000.0,3000.0,0
2010-09-24,3000.0,3000.0,0
2010-09-27,3000.0,3000.0,0
2010-09-28,3000.0,3000.0,0
2010-09-29,3000.0,3000.0,0
2010-09-30,3000.0,3000.0,0
2010-10-01,3000.0,3000.0,0
2010-10-04,3000.0,3000.0,0
2010-10-05,3000.0,3000.0,0
2010-10-06,3000.0,3000.0,0
2010-10-07,3000.0,3000.0,0
2010-10-08,3000.0,3000.0,0
2010-10-11,3000.0,3000.0,0
2010-10-12,3000.0,3000.0,0
2010-10-13,3000.0,3000.0,0
2010-10-14,3000.0,3000.0,0
2010-10-15,3000.0,3000.0,0
2010-10-18,3000.0,3000.0,0
2010-10-19,3000.0,3000.0,0
2010-10-20,3000.0,3000.0,0
2010-10-21,3000.0,3000.0,0
2010-10-22,3000.0,3000.0,0
2010-10-25,3000.0,3000.0,0
2010-10-26,3000.0,3000.0,0
2010-10-27,3000.0,3000.0,0
2010-10-28,3000.0,3000.0,0
2010-10-29,3000.0,3000.0,0
2010-11-01,3000.0,3000.0,0
2010-11-02,3000.0,3000.0,0
2010-11-03,3000.0,3000.0,0
2010-11-04,3000.0,3000.0,0
2010-11-05,3000.0,3000.0,0
2010-11-08,3000.0,3000.0,0
2010-11-09,3000.0,3000.0,0
2010-11-10,3000.0,3000.0,0
2010-11-11,3000.0,3000.0,0
2010-11-12,3000.0,3000.0,0
2010-11-15,3000.0,3000.0,0
2010-11-16,3000.0,3000.0,0
2010-11-17,3000.0,3000.0,0
2010-11-18,3000.0,3000.0,0
2010-11-19,3000.0,3000.0,0
2010-11-22,3000.0,3000.0,0
2010-11-23,3000.0,3000.0,0
2010-11-24,3000.0,3000.0,0
2010-11-26,3000.0,3000.0,0
2010-11-29,3000.0,3000.0,0
2010-11-30,3000.0,3000.0,0
2010-12-01,3000.0,3000.0,0
2010-12-02,3000.0,3000.0,0
2010-12-03,3000.0,3000.0,0
2010-12-06,3000.0,3000.0,0
2010-12-07,3000.0,3000.0,0
2010-12-08,3000.0,3000.0,0
2010-12-09,3000.0,3000.0,0
2010-12-10,3000.0,3000.0,0
2010-12-13,3000.0,3000.0,0
2010-12-14,3000.0,3000.0,0
2010-12-15,3000.0,3000.0,0
2010-12-16,3000.0,3000.0,0
2010-12-17,3000.0,3000.0,0
2010-12-20,3000.0,3000.0,0
2010-12-21,3000.0,3000.0,0
2010-12-22,3000.0,3000.0,0
2010-12-23,3000.0,3000.0,0
2010-12-27,3000.0,3000.0,0
2010-12-28,3000.0,3000.0,0
2010-12-29,3000.0,3000.0,0
2010-12-30,3000.0,3000.0,0
2010-12-31,3000.0,3000.0,0
2011-01-03,3046.8,7.1749999999999545,3
2011-01-04,3084.9912,632.9911999999999,3
2011-01-05,3134.0751600000003,585.0081600000001,3
2011-01-06,3090.866485,1175.492085,2
2011-01-07,3105.114885,7.242085000000088,3
2011-01-10,3138.7810449999997,586.865845,3
2011-01-11,3101.154045,586.865845,3
2011-01-12,3114.9266449999996,586.865845,3
2011-01-13,3135.9450450000004,586.865845,3
2011-01-14,3133.9666450000004,586.865845,3
2011-01-18,3128.203045,586.865845,3
2011-01-19,3100.043445,1206.065845,2
2011-01-20,3052.2782450000004,1813.555845,1
2011-01-21,3044.5539449999997,41.178044999999884,3
2011-01-24,3048.010445,5.153044999999793,3
2011-01-25,3046.8983449999996,5.153044999999793,3
2011-01-26,3087.3322449999996,26.853044999999724,3
2011-01-27,3121.6263449999997,26.853044999999724,3
2011-01-28,3106.9058496000002,1248.1766496,3
2011-01-31,3116.4378496,1849.3766495999998,2
2011-02-01,3142.6514496,606.0680496,3
2011-02-02,3140.1994496,606.0680496,3
2011-02-03,3138.0258496,606.0680496,3
2011-02-04,3148.5204496,606.0680496,3
2011-02-07,3174.6670496,606.0680496,3
2011-02-08,3187.4110496000003,606.0680496,3
2011-02-09,3190.7744496,606.0680496,3
2011-02-10,3165.4594496,606.0680496,3
2011-02-11,3194.4164496,606.0680496,3
2011-02-14,3224.4870496,606.0680496,3
2011-02-15,3254.5588496,606.0680496,3
2011-02-16,3280.4630496,606.0680496,3
2011-02-17,3278.6420495999996,606.0680496,3
2011-02-18,3261.1724496,606.0680496,3
2011-02-22,3217.6804496000004,1852.4672496,2
2011-02-23,3225.7096496000004,1852.4672496,2
2011-02-24,3223.7528496000004,571.3952496000002,3
2011-02-25,3262.6008496000004,571.3952496000002,3
2011-02-28,3286.5987696,1237.9395696000001,3
2011-03-01,3276.3327696,1237.9395696000001,3
2011-03-02,3277.6871696000003,1237.9395696000001,3
2011-03-03,3306.2031696000004,1237.9395696000001,3
2011-03-04,3312.1607696,1237.9395696000001,3
2011-03-07,3321.6695696,1237.9395696000001,3
2011-03-08,3302.6827696000005,1237.9395696000001,3
2011-03-09,3287.1699696000005,1237.9395696000001,3
2011-03-10,3239.8995696,1888.6995696000001,2
2011-03-11,3219.7561696000002,33.135169600000154,3
2011-03-14,3172.3148176,16.92211759999998,3
2011-03-15,3118.1590256,1903.3990255999997,1
2011-03-16,3083.6390255999995,54.799025599999595,3
2011-03-17,3103.109025599999,686.5390255999994,2
2011-03-18,3080.398025599999,50.97142559999941,3
2011-03-21,3154.5047256,9.25472559999946,3
2011-03-22,3150.0447255999993,9.25472559999946,3
2011-03-23,3148.5147255999996,9.25472559999946,3
2011-03-24,3220.6111255999995,661.6611255999995,3
2011-03-25,3230.0311255999995,661.6611255999995,3
2011-03-28,3227.6211255999997,661.6611255999995,3
2011-03-29,3273.3011255999995,661.6611255999995,3
2011-03-30,3304.5911256,661.6611255999995,3
2011-03-31,3292.7311255999994,661.6611255999995,3
2011-04-01,3325.8203255999997,50.00822559999938,3
2011-04-04,3324.6848255999994,50.00822559999938,3
2011-04-05,3323.6911255999994,50.00822559999938,3
2011-04-06,3287.9110255999994,50.00822559999938,3
2011-04-07,3250.3588255999994,50.00822559999938,3
2011-04-08,3254.773125599999,37.44822559999943,3
2011-04-11,3272.2541256,29.07412559999966,3
2011-04-12,3241.6541255999996,29.07412559999966,3
2011-04-13,3258.7741255999995,29.07412559999966,3
2011-04-14,3265.9941255999997,29.07412559999966,3
2011-04-15,3297.9341256,29.07412559999966,3
2011-04-18,3294.7872855999994,1294.6472855999996,2
2011-04-19,3305.5185856,19.484885599999643,3
2011-04-20,3349.6960855999996,19.484885599999643,3
2011-04-21,3335.0142855999993,19.484885599999643,3
2011-04-25,3311.3966225999993,1906.7797225999996,2
2011-04-26,3367.4557225999997,599.2597225999996,3
2011-04-27,3631.1051226,599.2597225999996,3
2011-04-28,3591.2669226,599.2597225999996,3
2011-04-29,3372.339022599999,599.2597225999996,3
2011-05-02,3439.2636825999994,1277.6638825999994,3
2011-05-03,3392.5938825999992,1277.6638825999994,3
2011-05-04,3342.492482599999,1277.6638825999994,3
2011-05-05,3320.9431825999995,720.0238825999995,3
2011-05-06,3329.7938825999995,720.0238825999995,3
2011-05-09,3311.6012825999996,720.0238825999995,3
2011-05-10,3330.3903825999996,788.2638825999995,3
2011-05-11,3284.7766825999997,788.2638825999995,3
2011-05-12,3290.613482599999,704.2638825999995,3
2011-05-13,3260.0282825999993,704.2638825999995,3
2011-05-16,3235.0762625999996,1947.5393625999995,2
2011-05-17,3233.1176625999997,677.8793625999995,3
2011-05-18,3261.1684625999997,677.8793625999995,3
2011-05-19,3263.1828625999997,677.8793625999995,3
2011-05-20,3249.5702625999993,677.8793625999995,3
2011-05-23,3205.649762599999,677.8793625999995,3
2011-05-24,3195.4948625999987,4.399862599999096,3
2011-05-25,3172.0298625999985,26.679862599999296,3
2011-05-26,3163.2974625999996,9.873862599999143,3
2011-05-27,3152.077962599999,9.873862599999143,3
2011-05-31,3161.236862599999,9.873862599999143,3
2011-06-01,3156.6933625999986,9.873862599999143,3
2011-06-02,3156.829162599999,9.873862599999143,3
2011-06-03,3084.479762599999,9.873862599999143,3
2011-06-06,3038.4727625999985,1835.6727625999986,1
2011-06-07,3027.142062599998,660.6206625999987,2
2011-06-08,3003.669462599999,1868.4694625999987,1
2011-06-09,3000.5664625999993,9.792462599998998,3
2011-06-10,2970.083462599999,1184.178462599999,2
2011-06-13,2975.213462599999,2975.213462599999,0
2011-06-14,2973.603462599999,1804.283462599999,1
2011-06-15,2946.470132599999,2946.470132599999,0
2011-06-16,2946.470132599999,2946.470132599999,0
2011-06-17,2943.2501325999992,1794.170132599999,1
2011-06-20,2973.3801325999993,1794.170132599999,1
2011-06-21,2995.230132599999,1794.170132599999,1
2011-06-22,2985.110132599999,1794.170132599999,1
2011-06-23,2970.620132599999,1794.170132599999,1
2011-06-24,2954.7501325999992,1794.170132599999,1
2011-06-27,2967.860132599999,1794.170132599999,1
2011-06-28,2999.460132599999,651.3501325999991,2
2011-06-29,2997.590132599999,8.960132599999156,3
2011-06-30,3009.3101325999987,8.960132599999156,3
2011-07-01,3063.4701325999995,8.960132599999156,3
2011-07-05,3055.2301325999993,8.960132599999156,3
2011-07-06,3063.1701325999993,8.960132599999156,3
2011-07-07,3060.370132599999,8.960132599999156,3
2011-07-08,3029.0901325999994,8.960132599999156,3
2011-07-11,2950.5501325999994,8.960132599999156,3
2011-07-12,2933.4401325999997,1783.6501325999993,1
2011-07-13,2914.758822599999,41.41482259999884,3
2011-07-14,2925.710762599999,344.29676259999883,3
2011-07-15,2920.4351025999986,1485.814102599999,2
2011-07-18,2911.9612025999995,39.2155025999989,3
2011-07-19,2979.245091799999,1.5110917999991216,3
2011-07-20,2996.260591799999,1.5110917999991216,3
2011-07-21,3021.3430917999995,1.5110917999991216,3
2011-07-22,3007.8115917999994,1.5110917999991216,3
2011-07-25,2997.6970917999993,1.5110917999991216,3
2011-07-26,3006.1615917999993,1.5110917999991216,3
2011-07-27,2930.589591799999,1.5110917999991216,3
2011-07-28,2920.798091799999,2271.031091799999,1
2011-07-29,2927.617591799999,1112.5585917999992,2
2011-08-01,2868.2931617999993,22.427661799999214,3
2011-08-02,2835.8181617999994,2197.8516617999994,1
2011-08-03,2841.1686617999994,2841.1686617999994,0
2011-08-04,2841.1686617999994,2841.1686617999994,0
2011-08-05,2841.1686617999994,2841.1686617999994,0
2011-08-08,2841.1686617999994,2841.1686617999994,0
2011-08-09,2841.1686617999994,2841.1686617999994,0
2011-08-10,2841.1686617999994,2841.1686617999994,0
2011-08-11,2841.1686617999994,2841.1686617999994,0
2011-08-12,2841.1686617999994,2841.1686617999994,0
2011-08-15,2841.1686617999994,2841.1686617999994,0
2011-08-16,2841.1686617999994,2841.1686617999994,0
2011-08-17,2841.1686617999994,2841.1686617999994,0
2011-08-18,2841.1686617999994,2841.1686617999994,0
2011-08-19,2841.1686617999994,2841.1686617999994,0
2011-08-22,2841.1686617999994,2841.1686617999994,0
2011-08-23,2841.1686617999994,2841.1686617999994,0
2011-08-24,2849.4936617999992,1819.4136617999993,1
2011-08-25,2814.8986617999994,1819.4136617999993,1
2011-08-26,2835.4890617999995,1794.3422617999995,1
2011-08-29,2862.5922617999995,676.1022617999995,2
2011-08-30,2856.5654618,676.1022617999995,2
2011-08-31,2820.0386617999993,10.942261799999528,3
2011-09-01,2789.845461799999,10.942261799999528,3
2011-09-02,2741.9386617999994,634.8222617999995,2
2011-09-06,2702.3726617999996,2702.3726617999996,0
2011-09-07,2697.8912617999995,1642.0826617999996,1
2011-09-08,2698.4687618,1642.0826617999996,1
2011-09-09,2680.1504618,1642.0826617999996,1
2011-09-12,2667.8304617999997,2667.8304617999997,0
2011-09-13,2674.7334617999995,1603.2942617999997,1
2011-09-14,2715.8946617999995,37.611061799999675,3
2011-09-15,2772.4548618,37.611061799999675,3
2011-09-16,2784.2514617999996,37.611061799999675,3
2011-09-19,2822.5664618,37.611061799999675,3
2011-09-20,2854.2872018,1194.1077017999996,3
2011-09-21,2820.7652018,1194.1077017999996,3
2011-09-22,2773.2462017999997,1722.1557017999996,2
2011-09-23,2772.6216017999996,2209.4889017999994,1
2011-09-26,2765.1325017999993,18.722901799999363,3
2011-09-27,2744.206101799999,18.722901799999363,3
2011-09-28,2741.2175017999994,18.722901799999363,3
2011-09-29,2655.4338517999995,1348.0267517999991,2
2011-09-30,2640.0290517999993,2640.0290517999993,0
2011-10-03,2640.0290517999993,2640.0290517999993,0
2011-10-04,2640.0290517999993,2640.0290517999993,0
2011-10-05,2640.0290517999993,2640.0290517999993,0
2011-10-06,2640.0290517999993,2640.0290517999993,0
2011-10-07,2640.0290517999993,2640.0290517999993,0
2011-10-10,2640.0290517999993,2640.0290517999993,0
2011-10-11,2640.0290517999993,2640.0290517999993,0
2011-10-12,2640.0290517999993,2640.0290517999993,0
2011-10-13,2640.0290517999993,2640.0290517999993,0
2011-10-14,2640.0290517999993,2640.0290517999993,0
2011-10-17,2640.0290517999993,2640.0290517999993,0
2011-10-18,2640.0290517999993,2640.0290517999993,0
2011-10-19,2640.0290517999993,2640.0290517999993,0
2011-10-20,2640.0290517999993,2640.0290517999993,0
2011-10-21,2641.1255518,545.2670517999993,2
2011-10-24,2673.8220517999994,11.491051799999354,3
2011-10-25,2552.9733892999993,14.380389299999479,3
2011-10-26,2561.0812392999997,2561.0812392999997,0
2011-10-27,2615.1812393,9.016039299999647,3
2011-10-28,2639.5060393,9.016039299999647,3
2011-10-31,2597.0264392999998,9.016039299999647,3
2011-11-01,2512.0456392999995,9.016039299999647,3
2011-11-02,2614.1314393,64.07143929999984,3
2011-11-03,2639.1414392999995,31.35143929999981,3
2011-11-04,2607.8364393,31.35143929999981,3
2011-11-07,2606.0414393,31.35143929999981,3
2011-11-08,2633.1564393,31.35143929999981,3
2011-11-09,2550.3164392999997,31.35143929999981,3
2011-11-10,2562.8689393000004,1562.6889393000001,1
2011-11-11,2596.0089393,553.2189393000001,2
2011-11-14,2565.5039392999997,553.2189393000001,2
2011-11-15,2593.9314393000004,553.2189393000001,2
2011-11-16,2546.7289393,553.2189393000001,2
2011-11-17,2515.9677593,1533.4177593,1
2011-11-18,2517.2577592999996,2517.2577592999996,0
2011-11-21,2517.2577592999996,2517.2577592999996,0
2011-11-22,2507.5797592999998,523.7422592999997,2
2011-11-23,2497.3242592999995,2497.3242592999995,0
2011-11-25,2497.3242592999995,2497.3242592999995,0
2011-11-28,2497.3242592999995,2497.3242592999995,0
2011-11-29,2523.165259299999,544.4692592999993,2
2011-11-30,2575.474259299999,544.4692592999993,2
2011-12-01,2595.901259299999,544.4692592999993,2
2011-12-02,2610.681919299999,1069.8359192999992,2
2011-12-05,2599.493919299999,1069.8359192999992,2
2011-12-06,2596.5059192999993,1069.8359192999992,2
2011-12-07,2610.0709192999993,1069.8359192999992,2
2011-12-08,2568.477919299999,46.61091929999918,3
2011-12-09,2609.129919299999,46.61091929999918,3
2011-12-12,2587.3769192999994,46.61091929999918,3
2011-12-13,2563.433919299999,46.61091929999918,3
2011-12-14,2555.545919299999,1034.945919299999,2
2011-12-15,2539.1754192999992,124.42941929999915,3
2011-12-16,2553.158919299999,10.338919299999134,3
2011-12-19,2559.036919299999,1001.3469192999992,2
2011-12-20,2631.796919299999,8.421919299999104,3
2011-12-21,2629.881919299999,8.421919299999104,3
2011-12-22,2621.551919299999,8.421919299999104,3
2011-12-23,2654.0474442999994,546.2324442999992,3
2011-12-27,2663.769944299999,546.2324442999992,3
2011-12-28,2644.9524442999996,546.2324442999992,3
2011-12-29,2679.0249442999993,546.2324442999992,3
2011-12-30,2661.0099442999995,546.2324442999992,3
2012-01-03,2653.7749442999993,546.2324442999992,3
2012-01-04,2671.7149442999994,546.2324442999992,3
2012-01-05,2684.5299442999994,546.2324442999992,3
2012-01-06,2687.7599442999995,546.2324442999992,3
2012-01-09,2680.9724442999996,546.2324442999992,3
2012-01-10,2692.991184299999,1064.7211842999993,3
2012-01-11,2692.414784299999,519.3385842999992,3
2012-01-12,2699.777884299999,519.3385842999992,3
2012-01-13,2701.6354842999995,519.3385842999992,3
2012-01-17,2722.464284299999,519.3385842999992,3
2012-01-18,2753.9123842999993,519.3385842999992,3
2012-01-19,2769.415484299999,519.3385842999992,3
2012-01-20,2680.565984299999,454.07598429999916,3
2012-01-23,2678.4259842999995,454.07598429999916,3
2012-01-24,2687.050984299999,454.07598429999916,3
2012-01-25,2712.6709842999994,454.07598429999916,3
2012-01-26,2702.4259842999995,454.07598429999916,3
2012-01-27,2696.9334842999992,454.07598429999916,3
2012-01-30,2688.923484299999,454.07598429999916,3
2012-01-31,2645.462021799999,456.2120217999991,3
2012-02-01,2658.282021799999,456.2120217999991,3
2012-02-02,2651.482021799999,456.2120217999991,3
2012-02-03,2683.962021799999,456.2120217999991,3
2012-02-06,2689.407021799999,456.2120217999991,3
2012-02-07,2694.707021799999,456.2120217999991,3
2012-02-08,2706.922021799999,456.2120217999991,3
2012-02-09,2690.522021799999,456.2120217999991,3
2012-02-10,2681.532021799999,456.2120217999991,3
2012-02-13,2701.297021799999,456.2120217999991,3
2012-02-14,2703.6520217999987,456.2120217999991,3
2012-02-15,2685.622021799999,514.1720217999991,3
2012-02-16,2691.1220217999994,465.9820217999991,3
2012-02-17,2705.757021799999,465.9820217999991,3
2012-02-21,2710.012021799999,465.9820217999991,3
2012-02-22,2693.087021799999,1021.3170217999991,2
2012-02-23,2733.1070217999995,120.68702179999923,3
2012-02-24,2727.8270218,120.68702179999923,3
2012-02-27,2753.247021799999,120.68702179999923,3
2012-02-28,2751.8070217999993,120.68702179999923,3
2012-02-29,2735.8470217999993,120.68702179999923,3
2012-03-01,2755.717021799999,127.77702179999937,3
2012-03-02,2756.5527417999992,1161.0227417999995,2
2012-03-05,2752.4077417999997,60.73774179999941,3
2012-03-06,2676.618811799999,89.1388117999993,3
2012-03-07,2686.0648117999995,13.420811799999115,3
2012-03-08,2728.0593117999993,13.420811799999115,3
2012-03-09,2733.3653117999993,13.420811799999115,3
2012-03-12,2761.683071799999,461.2545717999991,3
2012-03-13,2783.504071799999,461.2545717999991,3
2012-03-14,2771.692119799999,800.968619799999,3
2012-03-15,2797.608619799999,800.968619799999,3
2012-03-16,2793.044619799999,800.968619799999,3
2012-03-19,2817.060619799999,800.968619799999,3
2012-03-20,2796.262619799999,800.968619799999,3
2012-03-21,2802.408119799999,800.968619799999,3
2012-03-22,2797.754619799999,804.447719799999,3
2012-03-23,2816.7322197999993,804.447719799999,3
2012-03-26,2853.2776565999993,1322.732656599999,3
2012-03-27,2825.888656599999,1322.732656599999,3
2012-03-28,2817.8936565999993,1322.732656599999,3
2012-03-29,2807.364656599999,814.648656599999,3
2012-03-30,2817.0606565999988,814.648656599999,3
2012-04-02,2852.4486565999987,814.648656599999,3
2012-04-03,2873.454656599999,814.648656599999,3
2012-04-04,2838.490656599999,814.648656599999,3
2012-04-05,2859.588656599999,814.648656599999,3
2012-04-09,2835.710656599999,814.648656599999,3
2012-04-10,2776.042656599999,783.7386565999991,3
2012-04-11,2807.754656599999,1098.3246565999993,2
2012-04-12,2833.5146565999994,5.274656599999389,3
2012-04-13,2830.3746566,5.274656599999389,3
2012-04-16,2829.5646565999996,5.274656599999389,3
2012-04-17,2849.2246565999994,5.274656599999389,3
2012-04-18,2821.1918765999994,39.27467659999911,3
2012-04-19,2796.264676599999,39.27467659999911,3
2012-04-20,2791.9132765999993,39.25127659999907,3
2012-04-23,2745.687553599999,1024.987553599999,2
2012-04-24,2712.957553599999,8.5525535999991,3
2012-04-25,2775.462553599999,8.5525535999991,3
2012-04-26,2852.372553599999,8.5525535999991,3
2012-04-27,2804.046928599999,1.5269285999991098,3
2012-04-30,2772.4569285999987,1.5269285999991098,3
2012-05-01,2786.080128599999,527.1401285999991,3
2012-05-02,2820.7001285999995,527.1401285999991,3
2012-05-03,2787.030128599999,527.1401285999991,3
2012-05-04,2750.580128599999,527.1401285999991,3
2012-05-07,2733.296128599999,454.34012859999916,3
2012-05-08,2739.259122199999,1024.109122199999,2
2012-05-09,2709.5291221999996,7.114122199999088,3
2012-05-10,2738.0191221999994,7.114122199999088,3
2012-05-11,2749.8891221999993,7.114122199999088,3
2012-05-14,2709.6666271999993,998.6166271999991,2
2012-05-15,2711.940627199999,16.312227199999143,3
2012-05-16,2726.9917271999993,16.312227199999143,3
2012-05-17,2688.426227199999,16.312227199999143,3
2012-05-18,2661.386077199999,1686.523177199999,1
2012-05-21,2661.861277199999,2661.861277199999,0
2012-05-22,2650.131277199999,594.5262771999991,2
2012-05-23,2640.866277199999,1624.036277199999,1
2012-05-24,2648.221277199999,15.791277199998945,3
2012-05-25,2647.476277199999,36.531277199998954,3
2012-05-29,2688.8462771999993,582.006277199999,2
2012-05-30,2677.2012772,26.966277199999013,3
2012-05-31,2717.1862771999986,26.966277199999013,3
2012-06-01,2634.492357199999,570.342357199999,2
2012-06-04,2638.397357199999,2638.397357199999,0
2012-06-05,2638.397357199999,2638.397357199999,0
2012-06-06,2662.727357199999,950.437357199999,2
2012-06-07,2644.877357199999,950.437357199999,2
2012-06-08,2652.207357199999,1588.687357199999,1
2012-06-11,2608.1673571999986,12.867357199998992,3
2012-06-12,2625.5673571999987,1558.827357199999,1
2012-06-13,2611.867357199999,513.3273571999989,2
2012-06-14,2646.538437199999,1028.878437199999,2
2012-06-15,2662.7384371999988,38.098437199999125,3
2012-06-18,2687.578437199999,38.098437199999125,3
2012-06-19,2717.498437199999,38.098437199999125,3
2012-06-20,2707.668437199999,38.098437199999125,3
2012-06-21,2670.248437199999,38.098437199999125,3
2012-06-22,2702.1784371999993,38.098437199999125,3
2012-06-25,2658.958437199999,38.098437199999125,3
2012-06-26,2683.3884371999993,38.098437199999125,3
2012-06-27,2681.9684371999992,38.098437199999125,3
2012-06-28,2659.918437199999,48.31843719999915,3
2012-06-29,2724.848437199999,48.31843719999915,3
2012-07-02,2736.6066371999996,5.695237199999383,3
2012-07-03,2751.1077372,5.695237199999383,3
2012-07-05,2758.2288371999994,5.695237199999383,3
2012-07-06,2736.4938371999997,5.695237199999383,3
2012-07-09,2761.7598371999993,5.695237199999383,3
2012-07-10,2729.967037199999,5.695237199999383,3
2012-07-11,2724.7020371999997,575.0952371999995,2
2012-07-12,2710.3995371999995,4.015237199999433,3
2012-07-13,2747.5563371999997,4.015237199999433,3
2012-07-16,2745.420637199999,4.015237199999433,3
2012-07-17,2755.6652771999998,297.8288771999994,3
2012-07-18,2747.4059772,297.8288771999994,3
2012-07-19,2730.9974645990733,243.5174645990735,3
2012-07-20,2701.704564599074,1309.4774645990735,2
2012-07-23,2677.6760645990735,2677.6760645990735,0
2012-07-24,2672.9160645990737,557.1560645990735,2
2012-07-25,2679.183064599073,10.133264599073527,3
2012-07-26,2712.8469045990737,50.58750459907378,3
2012-07-27,2755.7601045990737,50.58750459907378,3
2012-07-30,2762.4473045990735,50.58750459907378,3
2012-07-31,2735.574504599074,50.58750459907378,3
2012-08-01,2718.7907045990737,50.58750459907378,3
2012-08-02,2730.2241045990736,1109.2275045990737,2
2012-08-03,2755.0968559990733,583.8935559990734,3
2012-08-06,2752.3941559990735,583.8935559990734,3
2012-08-07,2746.183955999073,583.8935559990734,3
2012-08-08,2758.7906559990734,583.8935559990734,3
2012-08-09,2729.713555999074,583.8935559990734,3
2012-08-10,2734.2692559990737,583.8935559990734,3
2012-08-13,2729.2475559990735,583.8935559990734,3
2012-08-14,2741.7988559990736,583.8935559990734,3
2012-08-15,2739.1896559990737,583.8935559990734,3
2012-08-16,2748.346255999074,583.8935559990734,3
2012-08-17,2738.3288559990733,583.8935559990734,3
2012-08-20,2736.0101559990735,1644.9260559990735,2
2012-08-21,2717.9801559990738,1100.7201559990738,2
2012-08-22,2721.620155999074,1100.7201559990738,2
2012-08-23,2707.7529259990733,2166.8829259990734,1
2012-08-24,2705.0529259990735,1629.8429259990735,1
2012-08-27,2696.332925999074,24.8279259990735,3
2012-08-28,2689.4979259990732,24.8279259990735,3
2012-08-29,2712.3731059990732,8.30310599907375,3
2012-08-30,2681.6431059990737,8.30310599907375,3
2012-08-31,2695.943105999074,49.603105999073705,3
2012-09-04,2706.1531059990734,49.603105999073705,3
2012-09-05,2687.3331059990737,49.603105999073705,3
2012-09-06,2728.5711059990736,572.9711059990736,3
2012-09-07,2720.5811059990733,572.9711059990736,3
2012-09-10,2722.0911059990735,572.9711059990736,3
2012-09-11,2715.0611059990733,572.9711059990736,3
2012-09-12,2714.2011059990737,1622.0011059990736,2
2012-09-13,2732.1973059990737,20.14720599907332,3
2012-09-14,2732.4603774990733,10.76847749907347,3
2012-09-17,2721.160377499073,10.76847749907347,3
2012-09-18,2700.0084774990733,10.76847749907347,3
2012-09-19,2695.5084774990733,10.76847749907347,3
2012-09-20,2700.422977499073,0.20327749907346515,3
2012-09-21,2699.8281774990733,0.20327749907346515,3
2012-09-24,2706.2043774990734,0.20327749907346515,3
2012-09-25,2689.5583774990732,0.20327749907346515,3
2012-09-26,2686.2000774990734,0.20327749907346515,3
2012-09-27,2685.485677499074,2.303277499073488,3
2012-09-28,2681.1380774990735,23.883277499073756,3
2012-10-01,2680.2788774990736,23.883277499073756,3
2012-10-02,2668.589677499074,23.883277499073756,3
2012-10-03,2685.828077499074,188.21327749907357,3
2012-10-04,2718.2604774990737,188.21327749907357,3
2012-10-05,2712.145277499074,464.60527749907374,3
2012-10-08,2687.0752774990733,464.60527749907374,3
2012-10-09,2669.1844956248306,1497.3044956248305,2
2012-10-10,2645.5044956248303,1790.5044956248305,1
2012-10-11,2636.5409956248304,3.2063956248301793,3
2012-10-12,2611.0101956248304,26.896395624830234,3
2012-10-15,2642.75429472483,5.203194724830155,3
2012-10-16,2679.93525472483,532.23095472483,3
2012-10-17,2698.90185852483,1029.6514585248299,3
2012-10-18,2711.67505852483,1029.6514585248299,3
2012-10-19,2679.83005852483,1029.6514585248299,3
2012-10-22,2678.64625852483,1029.6514585248299,3
2012-10-23,2660.7094585248296,1556.3686585248297,2
2012-10-24,2659.54405852483,497.6978585248296,3
2012-10-25,2674.411058524829,497.6978585248296,3
2012-10-26,2683.4940585248296,497.6978585248296,3
2012-10-31,2654.5685641248297,786.3732641248298,3
2012-11-01,2691.3675641248296,244.06986412482956,3
2012-11-02,2649.0772641248295,244.06986412482956,3
2012-11-05,2632.2564641248296,1272.8298641248296,2
2012-11-06,2653.05586412483,234.42986412482946,3
2012-11-07,2607.01237412483,1246.4068741248295,2
2012-11-08,2601.9873741248293,1536.5373741248295,1
2012-11-09,2608.51237412483,1536.5373741248295,1
2012-11-12,2607.60737412483,493.58737412482947,2
2012-11-13,2605.9473741248294,6.750374124829477,3
2012-11-14,2562.9363741248294,32.150374124829455,3
2012-11-15,2558.4133741248293,1591.3733741248293,1
2012-11-16,2556.973374124829,2556.973374124829,0
2012-11-19,2570.413374124829,1557.133374124829,1
2012-11-20,2578.253374124829,1557.133374124829,1
2012-11-21,2582.573374124829,1557.133374124829,1
2012-11-23,2594.253374124829,1557.133374124829,1
2012-11-26,2591.8533741248293,1557.133374124829,1
2012-11-27,2583.693374124829,1557.133374124829,1
2012-11-28,2594.413374124829,1557.133374124829,1
2012-11-29,2597.733374124829,595.183374124829,2
2012-11-30,2617.883774124829,7.272374124829071,3
2012-12-03,2614.5460541248294,531.5288541248291,3
2012-12-04,2609.770254124829,531.5288541248291,3
2012-12-05,2610.390254124829,531.5288541248291,3
2012-12-06,2611.9214541248293,531.5288541248291,3
2012-12-07,2608.630454124829,531.5288541248291,3
2012-12-10,2616.4758541248293,531.5288541248291,3
2012-12-11,2625.2420541248293,28.72285412482904,3
2012-12-12,2632.0102541248293,28.72285412482904,3
2012-12-13,2615.222654124829,28.72285412482904,3
2012-12-14,2603.278054124829,1008.272854124829,2
2012-12-17,2628.922254124829,560.524254124829,2
2012-12-18,2671.131239124829,571.1682391248291,3
2012-12-19,2647.501739124829,571.1682391248291,3
2012-12-20,2650.036239124829,571.1682391248291,3
2012-12-21,2607.686239124829,515.5572391248293,3
2012-12-24,2614.6582391248294,1539.9652391248292,2
2012-12-26,2572.750239124829,4.650239124829113,3
2012-12-27,2551.7803591248294,1024.5233591248293,2
2012-12-28,2531.711359124829,1020.8833591248292,2
2012-12-31,2565.9953591248295,7.845359124829201,3
2013-01-02,2630.1596691248287,809.2421691248292,3
2013-01-03,2615.6146691248296,809.2421691248292,3
2013-01-04,2613.049669124829,809.2421691248292,3
2013-01-07,2572.860049124829,1775.3950491248293,2
2013-01-08,2568.0225491248293,1775.3950491248293,2
2013-01-09,2607.5275491248294,887.8950491248293,3
2013-01-10,2613.075049124829,887.8950491248293,3
2013-01-11,2590.307549124829,887.8950491248293,3
2013-01-14,2587.382549124829,887.8950491248293,3
2013-01-15,2568.0425491248293,887.8950491248293,3
2013-01-16,2564.745049124829,735.3350491248293,3
2013-01-17,2536.873149124829,716.1156491248292,3
2013-01-18,2539.1806491248294,716.1156491248292,3
2013-01-22,2542.6181491248294,716.1156491248292,3
2013-01-23,2537.245649124829,4.350649124829147,3
2013-01-24,2552.340649124829,4.350649124829147,3
2013-01-25,2565.373149124829,18.158149124829038,3
2013-01-28,2573.470649124829,18.158149124829038,3
2013-01-29,2552.3256491248285,18.158149124829038,3
2013-01-30,2528.233149124829,18.158149124829038,3
2013-01-31,2532.2956491248287,18.158149124829038,3
2013-02-01,2574.913149124829,18.158149124829038,3
2013-02-04,2533.788149124829,18.158149124829038,3
2013-02-05,2573.868149124829,18.158149124829038,3
2013-02-06,2573.1831491248286,18.158149124829038,3
2013-02-07,2564.188149124829,57.03814912482892,3
2013-02-08,2575.7981491248293,87.33814912482921,3
2013-02-11,2569.978149124829,87.33814912482921,3
2013-02-12,2592.838149124829,87.33814912482921,3
2013-02-13,2604.728149124829,87.33814912482921,3
2013-02-14,2599.288149124829,87.33814912482921,3
2013-02-15,2612.0481491248293,87.33814912482921,3
2013-02-19,2632.302149124829,537.8421491248293,3
2013-02-20,2606.1021491248293,537.8421491248293,3
2013-02-21,2577.742149124829,1525.7421491248292,2
2013-02-22,2596.572149124829,571.7421491248292,3
2013-02-25,2568.5421491248294,571.7421491248292,3
2013-02-26,2576.9521491248292,1524.1021491248293,2
2013-02-27,2602.9317491248294,493.6797491248292,3
2013-02-28,2610.595349124829,493.6797491248292,3
2013-03-01,2613.4285491248293,493.6797491248292,3
2013-03-04,2607.1125491248285,493.6797491248292,3
2013-03-05,2636.1777491248295,493.6797491248292,3
2013-03-06,2639.4417491248287,493.6797491248292,3
2013-03-07,2641.758549124829,493.6797491248292,3
2013-03-08,2691.063749124829,493.6797491248292,3
2013-03-11,2711.3038499248296,1043.4094499248295,3
2013-03-12,2704.6682499248295,1043.4094499248295,3
2013-03-13,2721.3486499248293,1043.4094499248295,3
2013-03-14,2726.627849924829,1043.4094499248295,3
2013-03-15,2716.7534499248295,1043.4094499248295,3
2013-03-18,2697.8238499248296,1043.4094499248295,3
2013-03-19,2680.9362499248296,1043.4094499248295,3
2013-03-20,2691.4314499248294,20.329449924829305,3
2013-03-21,2650.33864992483,20.329449924829305,3
2013-03-22,2679.6094499248293,17.03944992482934,3
2013-03-25,2653.2214499248294,17.03944992482934,3
2013-03-26,2684.7662499248295,46.71624992482941,3
2013-03-27,2723.916249924829,46.71624992482941,3
2013-03-28,2762.849409924829,573.8094099248294,3
2013-04-01,2739.9894099248295,573.8094099248294,3
2013-04-02,2763.33940992483,573.8094099248294,3
2013-04-03,2736.394529924829,16.5769299248293,3
2013-04-04,2750.0127299248297,16.5769299248293,3
2013-04-05,2718.9313299248297,16.5769299248293,3
2013-04-08,2730.4875299248297,21.666929924829446,3
2013-04-09,2742.060129924829,21.666929924829446,3
2013-04-10,2782.049329924829,21.666929924829446,3
2013-04-11,2816.4347299248293,21.666929924829446,3
2013-04-12,2806.1673299248296,21.666929924829446,3
2013-04-15,2751.481394924829,1083.9385949248294,2
2013-04-16,2777.4097949248294,2153.2897949248295,1
2013-04-17,2768.9797949248295,1079.6497949248294,2
2013-04-18,2700.8272949248294,21.202294924829516,3
2013-04-19,2749.7284949248296,1060.4884949248299,2
2013-04-22,2768.4604949248296,3.7102949248298955,3
2013-04-23,2738.06642512483,41.94642512482983,3
2013-04-24,2708.4664251248305,41.94642512482983,3
2013-04-25,2739.7014251248293,586.9414251248297,3
2013-04-26,2731.52142512483,586.9414251248297,3
2013-04-29,2736.56142512483,586.9414251248297,3
2013-04-30,2733.94142512483,586.9414251248297,3
2013-05-01,2713.5014251248294,586.9414251248297,3
2013-05-02,2767.62142512483,148.6014251248298,3
2013-05-03,2820.60624512483,666.3562451248299,3
2013-05-06,2832.10624512483,666.3562451248299,3
2013-05-07,2834.19624512483,666.3562451248299,3
2013-05-08,2858.4403251248295,573.9628251248298,3
2013-05-09,2853.0253251248296,573.9628251248298,3
2013-05-10,2868.2428251248293,573.9628251248298,3
2013-05-13,2866.1053251248295,573.9628251248298,3
2013-05-14,2891.6728251248296,573.9628251248298,3
2013-05-15,2917.48782512483,573.9628251248298,3
2013-05-16,2887.3453251248293,573.9628251248298,3
2013-05-17,2923.5553251248302,573.9628251248298,3
2013-05-20,2917.68282512483,573.9628251248298,3
2013-05-21,2919.6328251248297,573.9628251248298,3
2013-05-22,2902.5253251248296,573.9628251248298,3
2013-05-23,2887.9003251248296,1709.8603251248298,2
2013-05-24,2887.1903251248295,597.3803251248298,3
2013-05-28,2930.9303251248302,597.3803251248298,3
2013-05-29,2923.83032512483,597.3803251248298,3
2013-05-30,2906.9003251248305,597.3803251248298,3
2013-05-31,2867.9595251248293,541.0806251248296,3
2013-06-03,2873.5879251248293,1678.9279251248295,2
2013-06-04,2848.977925124829,559.1279251248295,3
2013-06-05,2824.1479251248293,1662.7279251248294,2
2013-06-06,2826.2479251248296,708.9079251248295,2
2013-06-07,2889.727925124829,75.70792512482944,3
2013-06-10,2891.46792512483,75.70792512482944,3
2013-06-11,2846.3179251248293,75.70792512482944,3
2013-06-12,2821.38792512483,75.70792512482944,3
2013-06-13,2877.2779251248294,75.70792512482944,3
2013-06-14,2829.9479251248295,75.70792512482944,3
2013-06-17,2845.8379251248293,61.55792512482958,3
2013-06-18,2861.525325124829,15.909925124829556,3
2013-06-19,2830.0657251248294,15.909925124829556,3
2013-06-20,2776.126562924829,2776.126562924829,0
2013-06-21,2786.836562924829,1684.5465629248292,1
2013-06-24,2767.7265629248295,1684.5465629248292,1
2013-06-25,2780.3264629248297,7.039762924829233,3
2013-06-26,2830.6338629248294,7.039762924829233,3
2013-06-27,2838.22716292483,7.039762924829233,3
2013-06-28,2827.3604629248293,7.039762924829233,3
2013-07-01,2856.121562924829,7.039762924829233,3
2013-07-02,2834.811362924829,7.039762924829233,3
2013-07-03,2845.7577629248294,1088.1337629248292,2
2013-07-05,2873.138862924829,250.15876292482926,3
2013-07-08,2898.21096292483,844.9275629248293,3
2013-07-09,2952.179882924829,1436.4190829248294,3
2013-07-10,2956.0016829248298,1436.4190829248294,3
2013-07-11,2986.9270829248294,1436.4190829248294,3
2013-07-12,2994.6042829248295,1436.4190829248294,3
2013-07-15,2997.4453829248296,1436.4190829248294,3
2013-07-16,2966.1080829248294,1436.4190829248294,3
2013-07-17,2972.8314829248293,1436.4190829248294,3
2013-07-18,2971.6145829248294,1436.4190829248294,3
2013-07-19,2967.6962829248296,1436.4190829248294,3
2013-07-22,2971.620482924829,1436.4190829248294,3
2013-07-23,2956.8512829248293,1436.4190829248294,3
2013-07-24,2952.2051829248294,1436.4190829248294,3
2013-07-25,2978.4890829248293,633.4290829248293,3
2013-07-26,2880.5834829248297,514.6890829248293,3
2013-07-29,2852.3638829248293,514.6890829248293,3
2013-07-30,2851.2938829248296,7.259082924829272,3
2013-07-31,2836.7946829248294,7.259082924829272,3
2013-08-01,2898.6222829248295,7.46228292482931,3
2013-08-02,2896.082282924829,7.46228292482931,3
2013-08-05,2907.3322829248295,7.46228292482931,3
2013-08-06,2879.372282924829,35.692282924829215,3
2013-08-07,2847.565862924829,1071.0758629248292,2
2013-08-08,2845.465862924829,42.57586292482915,3
2013-08-09,2836.8658629248293,1042.5158629248292,2
2013-08-12,2821.3458629248294,2198.9958629248295,1
2013-08-13,2874.8958629248295,29.60586292482958,3
2013-08-14,2826.534862924829,10.504862924829467,3
2013-08-15,2757.7548629248295,1064.3048629248294,2
2013-08-16,2759.5548629248296,2759.5548629248296,0
2013-08-19,2748.1268629248293,618.6638629248296,2
2013-08-20,2753.8614629248295,1674.1591629248294,1
2013-08-21,2746.38686292483,33.94516292482945,3
2013-08-22,2780.4648629248295,17.08086292482949,3
2013-08-23,2781.9176629248295,17.08086292482949,3
2013-08-26,2769.3372629248297,17.08086292482949,3
2013-08-27,2728.9668629248295,1091.6708629248294,2
2013-08-28,2732.3784629248294,1091.6708629248294,2
2013-08-29,2739.864862924829,1091.6708629248294,2
2013-08-30,2730.20566292483,1091.6708629248294,2
2013-09-03,2734.9136629248296,104.87086292482945,3
2013-09-04,2755.5128629248293,104.87086292482945,3
2013-09-05,2759.3588629248293,104.87086292482945,3
2013-09-06,2760.16486292483,657.7108629248295,2
2013-09-09,2782.236462924829,42.91086292482953,3
2013-09-10,2802.190862924829,586.5308629248295,3
2013-09-11,2817.3268629248296,586.5308629248295,3
2013-09-12,2813.87862292483,1093.9446229248294,3
2013-09-13,2818.3366229248295,1093.9446229248294,3
2013-09-16,2818.6286229248294,1093.9446229248294,3
2013-09-17,2821.548622924829,1093.9446229248294,3
2013-09-18,2857.1586229248296,1093.9446229248294,3
2013-09-19,2859.0766229248293,1093.9446229248294,3
2013-09-20,2846.3506229248296,1093.9446229248294,3
2013-09-23,2828.2806229248295,1093.9446229248294,3
2013-09-24,2849.8986229248294,588.9446229248294,3
2013-09-25,2880.9346229248295,1171.2626229248294,3
2013-09-26,2898.388622924829,1171.2626229248294,3
2013-09-27,2896.8146229248296,1171.2626229248294,3
2013-09-30,2885.3426229248294,1171.2626229248294,3
2013-10-01,2912.3446229248293,1171.2626229248294,3
2013-10-02,2924.040622924829,1171.2626229248294,3
2013-10-03,2909.5286229248295,1670.9026229248293,2
2013-10-04,2914.944622924829,1670.9026229248293,2
2013-10-07,2892.7606229248295,1670.9026229248293,2
2013-10-08,2863.640622924829,1670.9026229248293,2
2013-10-09,2850.2206229248295,2850.2206229248295,0
2013-10-10,2850.2206229248295,2850.2206229248295,0
2013-10-11,2831.0874229248293,139.57182292482935,3
2013-10-14,2849.9774229248296,139.57182292482935,3
2013-10-15,2821.013022924829,139.57182292482935,3
2013-10-16,2868.0308229248294,5.470322924829361,3
2013-10-17,2882.5328229248294,5.470322924829361,3
2013-10-18,2984.480822924829,5.470322924829361,3
2013-10-21,3014.9651229248293,5.470322924829361,3
2013-10-22,3000.7949229248293,5.470322924829361,3
2013-10-23,2961.0227229248294,5.470322924829361,3
2013-10-24,3001.5168229248293,5.470322924829361,3
2013-10-25,3064.9778229248295,507.5103229248293,3
2013-10-28,3027.300322924829,411.72032292482913,3
2013-10-29,3055.3203929248293,80.11439292482919,3
2013-10-30,2999.4495929248287,80.11439292482919,3
2013-10-31,3000.81299292483,115.6374929248293,3
2013-11-01,3000.189392924829,117.57209292482935,3
2013-11-04,3002.513092924829,117.57209292482935,3
2013-11-05,2995.4557929248294,117.57209292482935,3
2013-11-06,2995.912492924829,117.57209292482935,3
2013-11-07,2947.321492924829,117.57209292482935,3
2013-11-08,2991.6077929248295,117.57209292482935,3
2013-11-11,2993.768992924829,117.57209292482935,3
2013-11-12,2982.686292924829,117.57209292482935,3
2013-11-13,2993.495692924829,150.19709292482935,3
2013-11-14,3022.115992924829,150.19709292482935,3
2013-11-15,3022.672192924829,150.19709292482935,3
2013-11-18,3016.0924929248295,149.76869292482934,3
2013-11-19,3004.9831929248294,149.76869292482934,3
2013-11-20,2984.0633929248293,120.95369292482928,3
2013-11-21,2999.4080929248294,120.95369292482928,3
2013-11-22,3020.683792924829,120.95369292482928,3
2013-11-25,3012.4586929248294,120.95369292482928,3
2013-11-26,3041.307292924829,82.22329292482937,3
2013-11-27,3083.8585929248293,82.22329292482937,3
2013-11-29,3104.575998524829,712.2773985248292,3
2013-12-02,3091.2469985248295,712.2773985248292,3
2013-12-03,3090.7803985248293,712.2773985248292,3
2013-12-04,3081.4647985248293,686.9116985248293,3
2013-12-05,3078.784598524829,686.9116985248293,3
2013-12-06,3089.9132985248293,686.9116985248293,3
2013-12-09,3087.173998524829,686.9116985248293,3
2013-12-10,3082.639998524829,686.9116985248293,3
2013-12-11,3053.5306428248296,639.6599428248294,3
2013-12-12,3048.2900428248295,639.6599428248294,3
2013-12-13,3045.153142824829,639.6599428248294,3
2013-12-16,3070.218842824829,639.6599428248294,3
2013-12-17,3049.2676428248296,639.6599428248294,3
2013-12-18,3102.554742824829,639.6599428248294,3
2013-12-19,3088.3454428248288,639.6599428248294,3
2013-12-20,3096.5771428248295,349.5271428248293,3
2013-12-23,3073.6611428248293,349.5271428248293,3
2013-12-24,3074.9871428248293,1236.3571428248292,2
2013-12-26,3081.2526428248293,20.727142824829116,3
2013-12-27,3072.5031428248294,1283.9471428248291,2
2013-12-30,3057.483642824829,1283.9471428248291,2
2013-12-31,3087.2578428248294,63.75194282482926,3
2014-01-02,3056.009042824829,63.75194282482926,3
2014-01-03,3068.29494282483,322.05694282482943,3
2014-01-06,3068.21044282483,322.05694282482943,3
2014-01-07,3079.3604428248295,322.05694282482943,3
2014-01-08,3086.2609428248293,322.05694282482943,3
2014-01-09,3082.2114428248296,322.05694282482943,3
2014-01-10,3064.1839428248295,322.05694282482943,3
2014-01-13,3040.1565328248294,2473.2355328248295,1
2014-01-14,3050.7940328248296,1834.3240328248294,1
2014-01-15,3071.01053282483,1.717032824829289,3
2014-01-16,3068.577032824829,1.717032824829289,3
2014-01-17,3073.9575328248297,1.717032824829289,3
2014-01-21,3101.509532824829,1.717032824829289,3
2014-01-22,3097.304032824829,1.717032824829289,3
2014-01-23,3058.25053282483,1.717032824829289,3
2014-01-24,2895.499340324829,1168.339340324829,2
2014-01-27,2891.3705403248287,1759.9085403248287,1
2014-01-28,2920.9405403248284,6.142540324828701,3
2014-01-29,2873.2111403248286,6.142540324828701,3
2014-01-30,3066.358140324829,49.88254032482871,3
2014-01-31,3063.8018185248293,636.0353185248289,3
2014-02-03,2965.930718524829,142.0407185248289,3
2014-02-04,3014.6507185248292,112.3907185248288,3
2014-02-05,2976.6911505962707,602.6011505962708,2
2014-02-06,3002.3722505962705,10.332250596270796,3
2014-02-07,3045.4922505962704,10.332250596270796,3
2014-02-10,3026.6762505962706,10.332250596270796,3
2014-02-11,3075.521770596271,641.6097705962708,3
2014-02-12,3079.9657705962704,641.6097705962708,3
2014-02-13,3113.0669185962706,1242.0169185962707,3
2014-02-14,3123.5789185962703,1242.0169185962707,3
2014-02-18,3136.16291859627,1242.0169185962707,3
2014-02-19,3124.5889185962706,1242.0169185962707,3
2014-02-20,3131.854918596271,1242.0169185962707,3
2014-02-21,3137.734918596271,1242.0169185962707,3
2014-02-24,3152.5389185962704,1242.0169185962707,3
2014-02-25,3143.666918596271,1242.0169185962707,3
2014-02-26,3133.4329185962706,1242.0169185962707,3
2014-02-27,3160.192918596271,1242.0169185962707,3
2014-02-28,3123.3509185962707,1242.0169185962707,3
2014-03-03,3110.782918596271,606.1569185962708,3
2014-03-04,3157.3909185962702,606.1569185962708,3
2014-03-05,3149.5069185962707,606.1569185962708,3
2014-03-06,3147.202918596271,606.1569185962708,3
2014-03-07,3125.860918596271,606.1569185962708,3
2014-03-10,3114.7889185962704,1846.4769185962707,2
2014-03-11,3097.1209185962707,609.6289185962705,3
2014-03-12,3093.1429185962706,533.5629185962705,3
2014-03-13,3020.6968385962705,505.7968385962704,3
2014-03-14,3028.01683859627,2378.3368385962704,1
2014-03-17,3041.7998385962705,47.72033859627072,3
2014-03-18,3038.2777135962706,2.0677135962705506,3
2014-03-19,3010.5877135962705,2.0677135962705506,3
2014-03-20,3027.592353596271,32.72235359627098,3
2014-03-21,3031.1823535962712,32.72235359627098,3
2014-03-24,3001.587353596271,28.24235359627096,3
2014-03-25,3008.027353596271,668.007353596271,2
2014-03-26,2989.6473535962714,668.007353596271,2
2014-03-27,2984.7873535962713,11.407353596271037,3
2014-03-28,3009.7173535962716,11.407353596271037,3
2014-03-31,3042.187353596271,11.407353596271037,3
2014-04-01,3083.7585216991556,651.5585216991558,3
2014-04-02,3084.898521699156,651.5585216991558,3
2014-04-03,3082.6185216991557,651.5585216991558,3
2014-04-04,3043.058521699156,651.5585216991558,3
2014-04-07,3032.6289216991554,3032.6289216991554,0
2014-04-08,3042.2289216991553,1835.0289216991553,1
2014-04-09,3081.398921699155,26.77892169915515,3
2014-04-10,2941.8146616991553,585.4646616991552,2
2014-04-11,2918.1434616991555,2918.1434616991555,0
2014-04-14,2921.2234616991555,1813.2634616991554,1
2014-04-15,2929.9634616991557,5.583461699155464,3
2014-04-16,2954.263461699156,5.583461699155464,3
2014-04-17,2973.5834616991556,5.583461699155464,3
2014-04-21,2976.043461699155,5.583461699155464,3
2014-04-22,2975.6434616991555,5.583461699155464,3
2014-04-23,2982.8034616991554,5.583461699155464,3
2014-04-24,2932.898741699156,1089.2187416991555,2
2014-04-25,2908.658741699155,1089.2187416991555,2
2014-04-28,2911.2987416991555,1736.7387416991555,1
2014-04-29,2924.0187416991557,1736.7387416991555,1
2014-04-30,2930.0979416991554,0.41234169915549046,3
2014-05-01,2916.8347416991555,90.1323416991554,3
2014-05-02,2908.158741699155,674.2987416991554,2
2014-05-05,2914.5787416991557,1800.7387416991555,1
2014-05-06,2906.613741699156,646.4187416991556,2
2014-05-07,2923.3437416991555,646.4187416991556,2
2014-05-08,2915.3762416991553,3.8287416991555574,3
2014-05-09,2898.4090566991554,1147.3690566991554,2
2014-05-12,2929.179056699155,11.909056699155485,3
2014-05-13,2938.919056699155,11.909056699155485,3
2014-05-14,2922.6690566991556,11.909056699155485,3
2014-05-15,2902.559056699155,11.909056699155485,3
2014-05-16,2889.9110666991555,2264.5610666991556,1
2014-05-19,2930.151066699156,4.631066699155554,3
2014-05-20,2904.941066699156,4.631066699155554,3
2014-05-21,2941.061066699155,4.631066699155554,3
2014-05-22,2948.641066699156,4.631066699155554,3
2014-05-23,2976.5100066991554,585.8300066991558,3
2014-05-27,3007.240006699156,585.8300066991558,3
2014-05-28,3022.860506699156,673.5405066991559,3
2014-05-29,3018.350506699156,1801.380506699156,2
2014-05-30,3018.4305066991565,1801.380506699156,2
2014-06-02,3021.790506699156,1801.380506699156,2
2014-06-03,3029.7805066991564,656.180506699156,3
2014-06-04,3045.480506699156,656.180506699156,3
2014-06-05,3047.720506699156,656.180506699156,3
2014-06-06,3051.790506699156,656.180506699156,3
2014-06-09,3022.046926699156,587.1539266991558,3
2014-06-10,3023.053926699156,587.1539266991558,3
2014-06-11,3050.8539266991556,587.1539266991558,3
2014-06-12,3020.623926699156,587.1539266991558,3
2014-06-13,3032.5189266991556,15.603926699155863,3
2014-06-16,3039.453926699156,15.603926699155863,3
2014-06-17,3054.529926699156,35.34992669915596,3
2014-06-18,3062.739926699156,35.34992669915596,3
2014-06-19,3045.2199266991556,35.34992669915596,3
2014-06-20,3003.409926699156,41.86992669915594,3
2014-06-23,2993.109926699156,41.86992669915594,3
2014-06-24,3003.9699266991556,41.86992669915594,3
2014-06-25,3014.5899266991564,41.86992669915594,3
2014-06-26,2999.229926699156,41.86992669915594,3
2014-06-27,3005.8899266991557,41.86992669915594,3
2014-06-30,3021.069926699156,41.86992669915594,3
2014-07-01,3052.3299266991557,53.22992669915584,3
2014-07-02,3050.0699266991555,53.22992669915584,3
2014-07-03,3072.0899266991555,53.22992669915584,3
2014-07-07,3032.749926699156,53.22992669915584,3
2014-07-08,3032.024926699156,27.754926699155703,3
2014-07-09,3018.3909266991554,8.270926699155552,3
2014-07-10,2982.932536699155,56.752536699155144,3
2014-07-11,3005.252536699155,5.532536699155344,3
2014-07-14,3025.3325366991558,5.532536699155344,3
2014-07-15,3041.0725366991555,5.532536699155344,3
2014-07-16,3101.194816699155,607.9948166991555,3
2014-07-17,3049.2148166991556,607.9948166991555,3
2014-07-18,3075.2948166991555,496.6948166991558,3
2014-07-21,3072.994816699156,496.6948166991558,3
2014-07-22,3077.2548166991555,496.6948166991558,3
2014-07-23,3078.034816699156,496.6948166991558,3
2014-07-24,3086.4148166991563,496.6948166991558,3
2014-07-25,3064.934816699156,496.6948166991558,3
2014-07-28,3043.8748166991554,496.6948166991558,3
2014-07-29,3040.2472166991565,11.95621669915613,3
2014-07-30,3070.4800166991563,11.95621669915613,3
2014-07-31,2995.71436796541,1170.47436796541,2
2014-08-01,2992.8085679654105,587.55846796541,2
2014-08-04,3035.15856796541,1810.75846796541,1
2014-08-05,3018.9285679654104,35.13546796540993,3
2014-08-06,3046.6535679654103,584.1654679654098,2
2014-08-07,3057.2272039654094,64.6332039654094,3
2014-08-08,3044.6062039654093,2399.4682039654094,1
2014-08-11,3084.28020396541,40.97570396540959,3
2014-08-12,3088.9105039654096,40.97570396540959,3
2014-08-13,3124.9117039654093,40.97570396540959,3
2014-08-14,3137.0274039654096,40.97570396540959,3
2014-08-15,3143.5254039654096,40.97570396540959,3
2014-08-18,3163.1284039654097,40.97570396540959,3
2014-08-19,3178.9339039654096,662.4542039654096,3
2014-08-20,3174.78390396541,662.4542039654096,3
2014-08-21,3178.84820396541,662.4542039654096,3
2014-08-22,3175.08888396541,1263.8895839654097,3
2014-08-25,3179.80518396541,582.3156839654098,3
2014-08-26,3171.4063839654095,582.3156839654098,3
2014-08-27,3183.3936839654098,582.3156839654098,3
2014-08-28,3184.84468396541,582.3156839654098,3
2014-08-29,3206.2436839654097,582.3156839654098,3
2014-09-02,3250.31128396541,582.3156839654098,3
2014-09-03,3216.4223839654096,582.3156839654098,3
2014-09-04,3229.7263839654097,4.040683965409698,3
2014-09-05,3229.2147839654094,4.040683965409698,3
2014-09-08,3257.16978396541,4.040683965409698,3
2014-09-09,3243.35860476541,634.2719047654098,3
2014-09-10,3257.5369047654094,634.2719047654098,3
2014-09-11,3256.30160476541,634.2719047654098,3
2014-09-12,3240.5881047654093,634.2719047654098,3
2014-09-15,3175.47290476541,586.32190476541,3
2014-09-16,3189.5469047654096,32.76190476541001,3
2014-09-17,3190.4969047654095,32.76190476541001,3
2014-09-18,3194.4744047654103,32.76190476541001,3
2014-09-19,3183.0369047654094,32.76190476541001,3
2014-09-22,3152.0769047654103,32.76190476541001,3
2014-09-23,3163.37940476541,1910.7394047654102,1
2014-09-24,3183.75940476541,687.0694047654101,2
2014-09-25,3123.86940476541,20.16940476541015,3
2014-09-26,3176.9094047654103,21.799404765410145,3
2014-09-29,3165.8994047654105,21.799404765410145,3
2014-09-30,3149.9194047654105,21.799404765410145,3
2014-10-01,3081.4875847654102,12.257584765410229,3
2014-10-02,3080.6875847654096,1858.0375847654097,1
2014-10-03,3127.47938476541,34.07938476540994,3
2014-10-06,3063.2311847654096,34.07938476540994,3
2014-10-07,2988.1911847654096,70.00938476540989,3
2014-10-08,3015.30938476541,2095.14938476541,1
2014-10-09,2972.92118476541,38.179384765410305,3
2014-10-10,2895.6609355038067,1953.0909355038068,1
2014-10-13,2906.2809355038066,1953.0909355038068,1
2014-10-14,2891.4309355038067,1953.0909355038068,1
2014-10-15,2871.0909355038066,2871.0909355038066,0
2014-10-16,2871.0909355038066,2871.0909355038066,0
2014-10-17,2871.0909355038066,2871.0909355038066,0
2014-10-20,2871.0909355038066,2871.0909355038066,0
2014-10-21,2871.0909355038066,2871.0909355038066,0
2014-10-22,2871.0909355038066,2871.0909355038066,0
2014-10-23,2871.0909355038066,2871.0909355038066,0
2014-10-24,2871.0909355038066,2871.0909355038066,0
2014-10-27,2871.0909355038066,2871.0909355038066,0
2014-10-28,2898.4140355038066,1751.1378355038066,1
2014-10-29,2888.4516355038068,1751.1378355038066,1
2014-10-30,2890.2452355038067,610.1733355038066,2
2014-10-31,2912.125735503807,610.1733355038066,2
2014-11-03,2915.032635503807,610.1733355038066,2
2014-11-04,2923.531435503807,610.1733355038066,2
2014-11-05,2895.571923503807,1167.2622235038066,2
2014-11-06,2915.610423503807,2293.926723503807,1
2014-11-07,2879.362523503807,70.20672350380687,3
2014-11-10,2940.915123503807,1160.9067235038067,2
2014-11-11,2983.784623503807,37.34672350380674,3
2014-11-12,2989.1904235038064,37.34672350380674,3
2014-11-13,3003.8451235038065,37.34672350380674,3
2014-11-14,2968.580923503807,37.34672350380674,3
2014-11-17,2979.689323503807,442.2972235038068,3
2014-11-18,2995.5861635038073,427.84776350380685,3
2014-11-19,2995.684063503807,1538.1477635038068,2
2014-11-20,2980.903563503807,370.4277635038068,3
2014-11-21,2990.257763503807,370.4277635038068,3
2014-11-24,3007.909363503807,370.4277635038068,3
2014-11-25,2991.813563503807,370.4277635038068,3
2014-11-26,3003.9640635038068,370.4277635038068,3
2014-11-28,3028.2777635038074,370.4277635038068,3
2014-12-01,3002.319863503807,370.4277635038068,3
2014-12-02,3017.069863503807,370.4277635038068,3
2014-12-03,3036.184063503807,370.4277635038068,3
2014-12-04,3028.4361635038067,370.4277635038068,3
2014-12-05,3034.519863503807,370.4277635038068,3
2014-12-08,3056.701623503807,1584.2216235038068,2
2014-12-09,3047.401623503807,1584.2216235038068,2
2014-12-10,2992.9516235038063,366.00162350380674,3
2014-12-11,3000.1916235038066,462.8516235038064,3
2014-12-12,2961.3616235038066,462.8516235038064,3
2014-12-15,2894.1710535038064,401.05105350380654,3
2014-12-16,2850.791053503807,1705.9910535038066,1
2014-12-17,2880.0710535038065,1705.9910535038066,1
2014-12-18,2929.0510535038065,293.9010535038067,3
2014-12-19,2937.281053503806,293.9010535038067,3
2014-12-22,2913.2510535038073,293.9010535038067,3
2014-12-23,2888.2180135038066,1162.7780135038067,2
2014-12-24,2889.418013503807,2283.418013503807,1
2014-12-26,2895.8180135038065,1462.3880135038066,2
2014-12-29,2908.3580135038064,1462.3880135038066,2
2014-12-30,2901.7180135038066,1462.3880135038066,2
2014-12-31,2870.618013503807,357.9380135038068,3
2015-01-02,2880.9780135038063,352.95801350380657,3
2015-01-05,2851.9884135038064,270.1232135038065,3
2015-01-06,2808.0280135038065,849.2432135038065,2
2015-01-07,2884.6384135038065,99.77321350380635,3
2015-01-08,2934.2497735038064,312.5545735038064,3
2015-01-09,2894.8245735038063,312.5545735038064,3
2015-01-12,2899.359373503806,312.5545735038064,3
2015-01-13,2873.839773503806,312.5545735038064,3
2015-01-14,2876.4645735038066,619.4245735038064,2
2015-01-15,2803.239773503806,13.324573503806391,3
2015-01-16,2791.9093735038064,2791.9093735038064,0
2015-01-20,2765.5813735038064,4.107473503806432,3
2015-01-21,2787.4935735038066,329.0274735038064,3
2015-01-22,2789.7610884038063,313.5210884038065,3
2015-01-23,2792.0870884038063,313.5210884038065,3
2015-01-26,2799.6420884038066,313.5210884038065,3
2015-01-27,2770.4440884038063,313.5210884038065,3
2015-01-28,2747.1010884038064,313.5210884038065,3
2015-01-29,2714.0220884038067,987.9210884038066,2
2015-01-30,2645.2370884038064,38.661088403806616,3
2015-02-02,2623.0106284038065,2623.0106284038065,0
2015-02-03,2630.631628403806,4.8116284038064805,3
2015-02-04,2653.864628403807,78.52462840380645,3
2015-02-05,2675.584628403806,78.52462840380645,3
2015-02-06,2676.3846284038063,78.52462840380645,3
2015-02-09,2650.284628403806,78.52462840380645,3
2015-02-10,2697.259628403807,4.084628403806505,3
2015-02-11,2704.9703284038064,4.084628403806505,3
2015-02-12,2739.2553284038063,4.084628403806505,3
2015-02-13,2745.649628403807,4.084628403806505,3
2015-02-17,2760.3333408038065,323.05834080380646,3
2015-02-18,2760.9678408038067,323.05834080380646,3
2015-02-19,2750.643340803807,323.05834080380646,3
2015-02-20,2798.113840803807,327.1083408038064,3
2015-02-23,2817.5860008038067,784.1365008038065,3
2015-02-24,2834.2820008038066,1313.4065008038065,3
2015-02-25,2834.2470008038063,1313.4065008038065,3
2015-02-26,2832.1320008038065,1313.4065008038065,3
2015-02-27,2829.8260008038064,1313.4065008038065,3
2015-03-02,2851.0765008038065,1313.4065008038065,3
2015-03-03,2850.037000803806,1313.4065008038065,3
2015-03-04,2833.441000803806,1313.4065008038065,3
2015-03-05,2841.6870008038068,1313.4065008038065,3
2015-03-06,2817.7115008038063,1313.4065008038065,3
2015-03-09,2828.8120008038068,1313.4065008038065,3
2015-03-10,2806.5620008038063,1313.4065008038065,3
2015-03-11,2810.2498008038065,41.81410080380647,3
2015-03-12,2848.933500803807,41.81410080380647,3
2015-03-13,2810.963700803806,41.81410080380647,3
2015-03-16,2875.7636008038066,606.4441008038065,3
2015-03-17,2869.7741008038065,606.4441008038065,3
2015-03-18,2911.457700803807,606.4441008038065,3
2015-03-19,2916.8735008038066,606.4441008038065,3
2015-03-20,2909.7935008038066,606.4441008038065,3
2015-03-23,2904.6604008038066,606.4441008038065,3
2015-03-24,2893.2552008038065,606.4441008038065,3
2015-03-25,2865.9934008038067,606.4441008038065,3
2015-03-26,2854.4226008038063,1680.2126008038063,2
2015-03-27,2911.3576008038062,616.7861008038062,3
2015-03-30,2950.7396008038063,616.7861008038062,3
2015-03-31,2907.3376008038063,616.7861008038062,3
2015-04-01,2865.609600803806,616.7861008038062,3
2015-04-02,2871.741100803806,559.8611008038063,3
2015-04-06,2875.3811008038065,559.8611008038063,3
2015-04-07,2859.7211008038066,559.8611008038063,3
2015-04-08,2875.6011008038063,547.3211008038061,3
2015-04-09,2875.189300803806,547.3211008038061,3
2015-04-10,2892.159300803806,547.3211008038061,3
2015-04-13,2862.189300803806,547.3211008038061,3
2015-04-14,2863.661100803806,547.3211008038061,3
2015-04-15,2856.722900803806,547.3211008038061,3
2015-04-16,2906.201100803806,76.81110080380608,3
2015-04-17,2854.650300803806,1136.550300803806,2
2015-04-20,2850.0685008038063,223.45850080380615,3
2015-04-21,2884.948500803806,223.45850080380615,3
2015-04-22,2906.4785008038066,223.45850080380615,3
2015-04-23,2945.521080803806,765.9210808038061,3
2015-04-24,2974.676280803806,1248.946280803806,3
2015-04-27,2944.1862808038063,1248.946280803806,3
2015-04-28,2928.266280803806,716.6462808038059,3
2015-04-29,2924.906280803806,716.6462808038059,3
2015-04-30,2893.2862808038058,2298.3262808038057,1
2015-05-01,2904.8318808038057,49.22428080380564,3
2015-05-04,2934.109080803805,49.22428080380564,3
2015-05-05,2912.011880803806,49.22428080380564,3
2015-05-06,2880.7862808038053,49.22428080380564,3
2015-05-07,2876.530280803806,154.09428080380565,3
2015-05-08,2907.0438808038057,154.09428080380565,3
2015-05-11,2890.686280803806,154.09428080380565,3
2015-05-12,2895.9946808038057,107.20428080380589,3
2015-05-13,2874.365080803806,107.20428080380589,3
2015-05-14,2907.2990808038057,107.20428080380589,3
2015-05-15,2923.682280803806,107.20428080380589,3
2015-05-18,2962.239659603806,712.145459603806,3
2015-05-19,2951.063659603806,712.145459603806,3
2015-05-20,2988.0628596038064,712.145459603806,3
2015-05-21,3023.0018596038058,712.145459603806,3
2015-05-22,3033.011059603806,712.145459603806,3
2015-05-26,3063.2656913624605,1308.0370913624606,3
2015-05-27,3077.414291362461,1308.0370913624606,3
2015-05-28,3071.0280913624606,1308.0370913624606,3
2015-05-29,3083.3232913624606,1308.0370913624606,3
2015-06-01,3080.6216913624608,1308.0370913624606,3
2015-06-02,3069.2636913624606,1308.0370913624606,3
2015-06-03,3072.0618913624608,1308.0370913624606,3
2015-06-04,3086.4876913624607,1308.0370913624606,3
2015-06-05,3117.1195874847567,55.86958748475672,3
2015-06-08,3057.3669174847564,2386.2069174847566,1
2015-06-09,3041.874917484756,1169.8269174847567,2
2015-06-10,3080.355917484756,35.35991748475658,3
2015-06-11,3059.293917484757,35.35991748475658,3
2015-06-12,3064.261917484757,35.35991748475658,3
2015-06-15,3078.4519174847564,35.35991748475658,3
2015-06-16,3082.2639174847563,35.35991748475658,3
2015-06-17,3093.348117484756,621.6841174847564,3
2015-06-18,3119.384117484756,621.6841174847564,3
2015-06-19,3109.4881174847565,621.6841174847564,3
2015-06-22,3113.192117484756,621.6841174847564,3
2015-06-23,3106.6081174847563,621.6841174847564,3
2015-06-24,3079.7461174847563,621.6841174847564,3
2015-06-25,3074.6321174847562,634.0021174847564,3
2015-06-26,3066.194277484756,1800.6742774847562,2
2015-06-29,3047.284277484756,1800.6742774847562,2
2015-06-30,3038.1642774847564,1314.2042774847564,2
2015-07-01,3033.4931774847564,34.25597748475661,3
2015-07-02,3022.913777484757,34.25597748475661,3
2015-07-06,3007.3862774847566,63.36627748475689,3
2015-07-07,3008.146527484757,60.61652748475694,3
2015-07-08,2967.226527484757,60.61652748475694,3
2015-07-09,2985.726527484757,48.136527484756925,3
2015-07-10,3050.276527484757,48.136527484756925,3
2015-07-13,3081.897907484757,318.01790748475685,3
2015-07-14,3091.357907484757,318.01790748475685,3
2015-07-15,3075.477907484757,318.01790748475685,3
2015-07-16,3095.224307484757,934.7543074847569,3
2015-07-17,3108.844307484757,934.7543074847569,3
2015-07-20,3132.864307484757,934.7543074847569,3
2015-07-21,3119.9343074847566,937.1243074847566,3
2015-07-22,3118.574307484756,965.6243074847564,3
2015-07-23,3099.9743074847565,965.6243074847564,3
2015-07-24,3091.2543074847563,965.6243074847564,3
2015-07-27,3068.4243074847564,965.6243074847564,3
2015-07-28,3093.7143074847563,409.2543074847565,3
2015-07-29,3096.5543074847565,409.2543074847565,3
2015-07-30,3141.2488977393,1032.4288977392998,3
2015-07-31,3147.6088977392997,1032.4288977392998,3
2015-08-03,3154.3888977393,1032.4288977392998,3
2015-08-04,3228.2695977392996,1632.6895977392996,3
2015-08-05,3258.9095977392994,1632.6895977392996,3
2015-08-06,3250.9795977392996,1632.6895977392996,3
2015-08-07,3234.4695977392994,1632.6895977392996,3
2015-08-10,3240.0295977393,1632.6895977392996,3
2015-08-11,3219.5595977392995,1632.6895977392996,3
2015-08-12,3240.3895977393,815.3795977392997,3
2015-08-13,3213.6795977393,815.3795977392997,3
2015-08-14,3216.5795977392995,815.3795977392997,3
2015-08-17,3221.9295977393003,728.0895977393,3
2015-08-18,3216.1195977393,728.0895977393,3
2015-08-19,3196.9195977393,728.0895977393,3
2015-08-20,3125.2095977393,1281.3895977393,2
2015-08-21,3095.6295977393,3095.6295977393,0
2015-08-24,3095.6295977393,3095.6295977393,0
2015-08-25,3095.6295977393,3095.6295977393,0
2015-08-26,3095.6295977393,3095.6295977393,0
2015-08-27,3096.7495977393,2273.1295977393,1
2015-08-28,3096.9695977393003,142.7995977393,3
2015-08-31,3067.2445977393,1100.8795977393002,2
2015-09-01,3025.1145977393,3025.1145977393,0
2015-09-02,3025.1145977393,3025.1145977393,0
2015-09-03,3025.1145977393,3025.1145977393,0
2015-09-04,3025.1145977393,3025.1145977393,0
2015-09-08,3025.1145977393,3025.1145977393,0
2015-09-09,3025.1145977393,3025.1145977393,0
2015-09-10,3025.1145977393,3025.1145977393,0
2015-09-11,3025.1145977393,3025.1145977393,0
2015-09-14,3025.1145977393,3025.1145977393,0
2015-09-15,3061.4145977393,1822.1145977392998,1
2015-09-16,3068.0145977393,1822.1145977392998,1
2015-09-17,3087.9414977393,2450.8914977393,1
2015-09-18,3078.4914977393,2450.8914977393,1
2015-09-21,3093.0414977393,2450.8914977393,1
2015-09-22,3085.9914977393,2450.8914977393,1
2015-09-23,3096.3414977393004,2450.8914977393,1
2015-09-24,3088.6914977393003,2450.8914977393,1
2015-09-25,3005.9991977393,3.7029977393001445,3
2015-09-28,2957.3490200393003,2349.2490200393004,1
2015-09-29,2958.2490200393004,2958.2490200393004,0
2015-09-30,2958.2490200393004,2958.2490200393004,0
2015-10-01,2986.6690200393004,664.5690200393003,2
2015-10-02,3002.0290200393,664.5690200393003,2
2015-10-05,3047.1290200393005,664.5690200393003,2
2015-10-06,3030.4690200393006,664.5690200393003,2
2015-10-07,2969.2690200393,664.5690200393003,2
2015-10-08,2980.0690200393,1790.8690200393003,1
2015-10-09,3011.0290200393,636.1490200393002,2
2015-10-12,3031.4890200393006,13.090520039300259,3
2015-10-13,3018.6255200393007,13.090520039300259,3
2015-10-14,2989.245020039301,13.090520039300259,3
2015-10-15,3068.4765200393003,13.090520039300259,3
2015-10-16,3109.4445200393006,13.090520039300259,3
2015-10-19,3129.2130200393003,13.090520039300259,3
2015-10-20,3091.4625200393007,13.090520039300259,3
2015-10-21,3068.6460200393003,13.090520039300259,3
2015-10-22,3129.5232200392998,627.6867200393003,3
2015-10-23,3182.9687200393,967.4107200393003,3
2015-10-26,3215.6630000393,1594.3170000393004,3
2015-10-27,3204.3730000393007,1594.3170000393004,3
2015-10-28,3219.1770000393003,1594.3170000393004,3
2015-10-29,3212.0870000393006,1594.3170000393004,3
2015-10-30,3216.1770000393008,1594.3170000393004,3
2015-11-02,3223.0970000393004,1594.3170000393004,3
2015-11-03,3230.0230000393003,1594.3170000393004,3
2015-11-04,3235.5570000393004,1594.3170000393004,3
2015-11-05,3244.3570000393,1594.3170000393004,3
2015-11-06,3244.4690000393,1594.3170000393004,3
2015-11-09,3229.6110000393005,1594.3170000393004,3
2015-11-10,3237.4850000393003,2209.7170000393003,2
2015-11-11,3249.6290000393005,920.6050000393002,3
2015-11-12,3197.5330000393,920.6050000393002,3
2015-11-13,3159.2376860393006,2150.6876860393004,2
2015-11-16,3170.0236860393006,1036.1876860393004,3
2015-11-17,3196.0176860393003,1036.1876860393004,3
2015-11-18,3242.8919260393004,1618.7879260393004,3
2015-11-19,3239.2199260393,1618.7879260393004,3
2015-11-20,3242.0979260393005,1618.7879260393004,3
2015-11-23,3240.7519260393,1618.7879260393004,3
2015-11-24,3232.9479260393005,1618.7879260393004,3
2015-11-25,3228.0719260393007,1618.7879260393004,3
2015-11-27,3231.8839260393,938.1179260393005,3
2015-11-30,3228.3379260393003,938.1179260393005,3
2015-12-01,3257.003926039301,938.1179260393005,3
2015-12-02,3234.1739260393006,938.1179260393005,3
2015-12-03,3189.6683860393005,1014.8583860393007,3
2015-12-04,3220.642386039301,438.6883860393009,3
2015-12-07,3215.796386039301,438.6883860393009,3
2015-12-08,3231.736386039301,438.6883860393009,3
2015-12-09,3125.267976039301,281.36397603930095,3
2015-12-10,3123.236976039301,298.43697603930104,3
2015-12-11,3073.5635460393014,2689.4735460393013,1
2015-12-14,3075.4035460393015,1862.3235460393014,1
2015-12-15,3058.6765460393017,12.648046039301335,3
2015-12-16,3106.7433460393013,80.10454603930123,3
2015-12-17,3071.490546039301,80.10454603930123,3
2015-12-18,2996.224546039301,80.10454603930123,3
2015-12-21,3024.108146039301,3024.108146039301,0
2015-12-22,3037.0405460393013,5.369346039301263,3
2015-12-23,3072.8765460393015,5.369346039301263,3
2015-12-24,3066.875746039301,5.369346039301263,3
2015-12-28,3068.1597460393014,5.369346039301263,3
2015-12-29,3102.078426039301,608.9992260393012,3
2015-12-30,3080.610826039301,608.9992260393012,3
2015-12-31,3068.774426039301,608.9992260393012,3
2016-01-04,3031.8456260393014,1854.439226039301,1
2016-01-05,3042.985226039301,57.329226039301034,3
2016-01-06,2999.149290039301,2407.149290039301,1
2016-01-07,2985.919940039301,2985.919940039301,0
2016-01-08,2985.919940039301,2985.919940039301,0
2016-01-11,2985.919940039301,2985.919940039301,0
2016-01-12,2989.719940039301,1815.319940039301,1
2016-01-13,2966.767340039301,2966.767340039301,0
2016-01-14,2966.767340039301,2966.767340039301,0
2016-01-15,2966.767340039301,2966.767340039301,0
2016-01-19,2966.767340039301,2966.767340039301,0
2016-01-20,2966.767340039301,2966.767340039301,0
2016-01-21,2966.767340039301,2966.767340039301,0
2016-01-22,2966.767340039301,2966.767340039301,0
2016-01-25,2966.767340039301,2966.767340039301,0
2016-01-26,2966.767340039301,2966.767340039301,0
2016-01-27,2966.767340039301,2966.767340039301,0
2016-01-28,2966.767340039301,2966.767340039301,0
2016-01-29,2966.767340039301,2966.767340039301,0
2016-02-01,2966.767340039301,2966.767340039301,0
2016-02-02,2966.767340039301,2966.767340039301,0
2016-02-03,2966.767340039301,2966.767340039301,0
2016-02-04,2966.767340039301,2966.767340039301,0
2016-02-05,2966.767340039301,2966.767340039301,0
2016-02-08,2966.767340039301,2966.767340039301,0
2016-02-09,2966.767340039301,2966.767340039301,0
2016-02-10,2966.767340039301,2966.767340039301,0
2016-02-11,2966.767340039301,2966.767340039301,0
2016-02-12,2966.767340039301,2966.767340039301,0
2016-02-16,2966.767340039301,2966.767340039301,0
2016-02-17,2966.767340039301,2966.767340039301,0
2016-02-18,2966.767340039301,2966.767340039301,0
2016-02-19,2966.767340039301,2966.767340039301,0
2016-02-22,2966.767340039301,2966.767340039301,0
2016-02-23,2966.767340039301,2966.767340039301,0
2016-02-24,2966.767340039301,2966.767340039301,0
2016-02-25,2966.767340039301,2966.767340039301,0
2016-02-26,2966.767340039301,2966.767340039301,0
2016-02-29,2966.767340039301,2966.767340039301,0
2016-03-01,2966.767340039301,2966.767340039301,0
2016-03-02,2966.767340039301,2966.767340039301,0
2016-03-03,2966.767340039301,2966.767340039301,0
2016-03-04,2966.767340039301,2966.767340039301,0
2016-03-07,2966.767340039301,2966.767340039301,0
2016-03-08,2966.767340039301,2966.767340039301,0
2016-03-09,2969.187340039301,684.3773400393006,2
2016-03-10,2973.4773400393005,684.3773400393006,2
2016-03-11,3003.2561400393006,103.7257400393006,3
2016-03-14,2999.9341400393005,103.7257400393006,3
2016-03-15,3014.205740039301,103.7257400393006,3
2016-03-16,3025.1869400393,103.7257400393006,3
2016-03-17,3039.0113400393006,103.7257400393006,3
2016-03-18,3036.5945400393007,103.7257400393006,3
2016-03-21,3047.0033400393004,103.7257400393006,3
2016-03-22,3042.358140039301,103.7257400393006,3
2016-03-23,3046.179740039301,103.7257400393006,3
2016-03-24,3033.8465400393006,133.91574003930077,3
2016-03-28,3045.4990068393013,893.1910068393013,3
2016-03-29,3097.903206839301,893.1910068393013,3
2016-03-30,3083.0384068393014,893.1910068393013,3
2016-03-31,3084.593606839301,893.1910068393013,3
2016-04-01,3108.5962068393014,893.1910068393013,3
2016-04-04,3111.947006839301,893.1910068393013,3
2016-04-05,3089.2900068393014,893.1910068393013,3
2016-04-06,3123.863806839301,893.1910068393013,3
2016-04-07,3086.588606839302,35.008406839301415,3
2016-04-08,3077.532806839301,35.008406839301415,3
2016-04-11,3066.9482068393017,41.86340683930143,3
2016-04-12,3073.3554068393005,616.735606839301,2
2016-04-13,3081.856006839301,10.415606839301063,3
2016-04-14,3073.7952068393015,10.415606839301063,3
2016-04-15,3082.986006839301,10.415606839301063,3
2016-04-18,3105.6648068393006,10.415606839301063,3
2016-04-19,3120.784206839301,576.9944068393011,3
2016-04-20,3159.4943068393013,1221.9641068393012,3
2016-04-21,3158.8738068393013,1221.9641068393012,3
2016-04-22,3102.7845068393017,539.8141068393013,3
2016-04-25,3095.0740068393015,539.8141068393013,3
2016-04-26,3104.7043068393014,539.8141068393013,3
2016-04-27,3113.2237068393015,539.8141068393013,3
2016-04-28,3070.8966568393016,579.8259568393016,3
2016-04-29,3046.8255568393015,565.5643568393016,3
2016-05-02,3069.3112568393017,565.5643568393016,3
2016-05-03,3052.4178568393017,565.5643568393016,3
2016-05-04,2961.5540568393017,2288.2340568393015,1
2016-05-05,2956.9540568393013,51.05405683930144,3
2016-05-06,2964.314056839302,51.05405683930144,3
2016-05-09,2961.4921668393017,66.83256683930153,3
2016-05-10,2983.8622868393013,634.9333868393016,3
2016-05-11,2983.095586839301,634.9333868393016,3
2016-05-12,2992.3993868393018,634.9333868393016,3
2016-05-13,2973.1464868393014,634.9333868393016,3
2016-05-16,3003.0247868393017,634.9333868393016,3
2016-05-17,2983.583386839302,634.9333868393016,3
2016-05-18,2994.7225868393016,634.9333868393016,3
2016-05-19,2984.0013868393016,634.9333868393016,3
2016-05-20,3009.527586839302,126.34948683930179,3
2016-05-23,3008.5771868393017,126.34948683930179,3
2016-05-24,3045.2214868393016,78.95538683930181,3
2016-05-25,3061.926686839302,78.95538683930181,3
2016-05-26,3047.6353868393016,78.95538683930181,3
2016-05-27,3059.346686839302,78.95538683930181,3
2016-05-31,3044.241486839302,78.95538683930181,3
2016-06-01,3057.890186839302,78.95538683930181,3
2016-06-02,3092.0766868393016,78.95538683930181,3
2016-06-03,3093.8436268393016,626.1436268393018,3
2016-06-06,3100.748426839302,626.1436268393018,3
2016-06-07,3108.827526839302,658.857526839302,3
2016-06-08,3134.657526839302,658.857526839302,3
2016-06-09,3141.427526839302,658.857526839302,3
2016-06-10,3124.697526839302,658.857526839302,3
2016-06-13,3126.877526839302,658.857526839302,3
2016-06-14,3122.227526839302,658.857526839302,3
2016-06-15,3106.8475268393017,658.857526839302,3
2016-06-16,3130.147526839302,658.857526839302,3
2016-06-17,3115.647526839302,658.857526839302,3
2016-06-20,3127.3075268393018,658.857526839302,3
2016-06-21,3131.827526839302,658.857526839302,3
2016-06-22,3132.9475268393026,623.1114268393021,3
2016-06-23,3168.611426839302,623.1114268393021,3
2016-06-24,3110.375326839302,623.1114268393021,3
2016-06-27,3103.716364239302,1171.336364239302,2
2016-06-28,3126.911364239302,116.80636423930196,3
2016-06-29,3138.9388642393014,116.80636423930196,3
2016-06-30,3185.906364239302,116.80636423930196,3
2016-07-01,3177.583864239302,116.80636423930196,3
2016-07-05,3198.8988642393024,603.766364239302,3
2016-07-06,3210.0733141223945,1230.5233141223948,3
2016-07-07,3188.723314122395,1230.5233141223948,3
2016-07-08,3200.773314122395,1230.5233141223948,3
2016-07-11,3195.223314122395,1230.5233141223948,3
2016-07-12,3181.073314122395,1230.5233141223948,3
2016-07-13,3193.773314122395,1230.5233141223948,3
2016-07-14,3186.823314122395,1230.5233141223948,3
2016-07-15,3190.073314122395,1230.5233141223948,3
2016-07-18,3191.223314122395,1230.5233141223948,3
2016-07-19,3210.173314122395,1230.5233141223948,3
2016-07-20,3207.3733141223947,1230.5233141223948,3
2016-07-21,3205.4233141223945,587.5233141223948,3
2016-07-22,3207.323314122395,587.5233141223948,3
2016-07-25,3207.023314122395,587.5233141223948,3
2016-07-26,3210.773314122395,587.5233141223948,3
2016-07-27,3217.773314122395,587.5233141223948,3
2016-07-28,3218.023314122395,587.5233141223948,3
2016-07-29,3251.432114122395,1246.9821141223947,3
2016-08-01,3260.9321141223945,1246.9821141223947,3
2016-08-02,3254.8821141223943,1246.9821141223947,3
2016-08-03,3246.5821141223946,1246.9821141223947,3
2016-08-04,3240.8321141223946,1246.9821141223947,3
2016-08-05,3248.532114122395,1246.9821141223947,3
2016-08-08,3239.282114122395,1246.9821141223947,3
2016-08-09,3241.6421141223946,584.9921141223947,3
2016-08-10,3214.362114122395,36.34211412239483,3
2016-08-11,3224.2721141223947,33.40211412239478,3
2016-08-12,3216.739814122395,33.1198141223947,3
2016-08-15,3204.699814122395,33.1198141223947,3
2016-08-16,3193.0698141223947,1303.4698141223948,2
2016-08-17,3121.4298141223944,1200.8698141223945,2
2016-08-18,3115.6509341223946,5.799734122394284,3
2016-08-19,3102.382848522394,5.018048522394338,3
2016-08-22,3108.665248522395,5.018048522394338,3
2016-08-23,3117.6604485223943,5.018048522394338,3
2016-08-24,3100.6252485223945,668.1180485223944,2
2016-08-25,3106.175648522394,1885.8956485223944,1
2016-08-26,3106.8166485223946,4.99864852239466,3
2016-08-29,3125.750648522395,6.2186485223946875,3
2016-08-30,3112.156648522395,6.2186485223946875,3
2016-08-31,3099.018648522395,6.2186485223946875,3
2016-09-01,3118.631648522395,12.362648522394693,3
2016-09-02,3123.210048522395,634.7360485223948,3
2016-09-06,3117.6345695223945,134.56506952239488,3
2016-09-07,3102.491069522395,134.56506952239488,3
2016-09-08,3104.6310695223947,134.56506952239488,3
2016-09-09,3066.497419522395,1873.939419522395,1
2016-09-12,3054.685419522395,1841.4954195223952,1
2016-09-13,3046.0754195223954,1841.4954195223952,1
2016-09-14,3042.9054195223953,686.3454195223953,2
2016-09-15,3079.506919522395,33.97041952239533,3
2016-09-16,3089.3924195223954,33.97041952239533,3
2016-09-19,3092.9554195223955,33.97041952239533,3
2016-09-20,3100.9074195223952,33.97041952239533,3
2016-09-21,3128.0794195223953,33.97041952239533,3
2016-09-22,3126.403419522395,351.67841952239536,3
2016-09-23,3081.9659195223953,351.67841952239536,3
2016-09-26,3066.180419522395,1560.7684195223953,2
2016-09-27,3078.7079195223955,265.11841952239547,3
2016-09-28,3090.6224195223954,265.11841952239547,3
2016-09-29,3077.710919522395,265.11841952239547,3
2016-09-30,3101.4691195223954,868.2096195223953,3
2016-10-03,3103.842619522395,868.2096195223953,3
2016-10-04,3097.2031195223954,868.2096195223953,3
2016-10-05,3091.8216195223954,868.2096195223953,3
2016-10-06,3087.5466195223953,2061.6096195223954,2
2016-10-07,3083.8026195223956,861.6261195223954,3
2016-10-10,3094.4186195223956,861.6261195223954,3
2016-10-11,3050.667819522395,2676.717819522395,1
2016-10-12,3052.0583195223953,2676.717819522395,1
2016-10-13,3049.173819522395,1515.1178195223952,2
2016-10-14,3055.849819522395,325.03781952239524,3
2016-10-17,3045.385319522395,325.03781952239524,3
2016-10-18,3066.1601195223952,55.98251952239514,3
2016-10-19,3008.2082259223953,58.15822592239533,3
2016-10-20,2968.0982259223956,26.458225922395513,3
2016-10-21,2987.2182259223955,26.458225922395513,3
2016-10-24,3043.4382259223953,7.658225922395559,3
2016-10-25,3012.668225922396,7.658225922395559,3
2016-10-26,3005.7282259223953,7.658225922395559,3
2016-10-27,2995.2782259223954,7.658225922395559,3
2016-10-28,2998.5782259223956,1182.1582259223956,2
2016-10-31,3006.068225922396,1182.1582259223956,2
2016-11-01,2995.4182259223953,1182.1582259223956,2
2016-11-02,2989.0582259223956,1182.1582259223956,2
2016-11-03,2975.778225922396,21.208225922395513,3
2016-11-04,2967.2682259223952,1150.6682259223953,2
2016-11-07,3024.7682259223952,67.14822592239534,3
2016-11-08,3022.4482259223955,67.14822592239534,3
2016-11-09,3100.095062004304,996.0250620043041,3
2016-11-10,3087.433222004304,2046.813222004304,2
2016-11-11,3099.313222004304,2046.813222004304,2
2016-11-14,3140.133222004304,2046.813222004304,2
2016-11-15,3175.3532220043044,807.533222004304,3
2016-11-16,3130.2832220043038,807.533222004304,3
2016-11-17,3125.2232220043034,807.533222004304,3
2016-11-18,3126.543222004304,2031.413222004304,2
2016-11-21,3135.477222004304,808.2132220043043,3
2016-11-22,3147.029222004304,808.2132220043043,3
2016-11-23,3145.5452220043044,808.2132220043043,3
2016-11-25,3158.6472220043042,808.2132220043043,3
2016-11-28,3143.9292220043044,808.2132220043043,3
2016-11-29,3142.5992220043045,808.2132220043043,3
2016-11-30,3150.9472220043044,808.2132220043043,3
2016-12-01,3163.385222004304,2009.5652220043041,2
2016-12-02,3154.925222004304,2009.5652220043041,2
2016-12-05,3176.865222004304,805.2852220043042,3
2016-12-06,3201.975222004304,805.2852220043042,3
2016-12-07,3266.515222004304,805.2852220043042,3
2016-12-08,3297.2952220043044,805.2852220043042,3
2016-12-09,3277.0852220043043,805.2852220043042,3
2016-12-12,3251.4552220043042,805.2852220043042,3
2016-12-13,3258.495222004304,805.2852220043042,3
2016-12-14,3250.4352220043043,805.2852220043042,3
2016-12-15,3291.1652220043043,805.2852220043042,3
2016-12-16,3245.645222004304,805.2852220043042,3
2016-12-19,3256.935222004304,805.2852220043042,3
2016-12-20,3278.0252220043044,798.2452220043042,3
2016-12-21,3273.4652220043045,798.2452220043042,3
2016-12-22,3278.525222004304,798.2452220043042,3
2016-12-23,3280.1452220043043,798.2452220043042,3
2016-12-27,3288.9652220043045,798.2452220043042,3
2016-12-28,3265.245222004304,798.2452220043042,3
2016-12-29,3249.635222004304,798.2452220043042,3
2016-12-30,3210.0052220043044,308.20822200430416,3
2017-01-03,3214.1071020043046,247.0771020043046,3
2017-01-04,3267.4671020043043,247.0771020043046,3
2017-01-05,3228.5271020043047,247.0771020043046,3
2017-01-06,3235.377102004305,247.0771020043046,3
2017-01-09,3226.7271020043045,51.16710200430464,3
2017-01-10,3244.5231020043043,295.9131020043046,3
2017-01-11,3248.2931020043047,295.9131020043046,3
2017-01-12,3229.8431020043045,295.9131020043046,3
2017-01-13,3235.6507020043045,933.8407020043044,3
2017-01-17,3165.6529820043042,897.6229820043043,3
2017-01-18,3165.777882004305,485.6356820043045,3
2017-01-19,3170.1088820043046,440.80888200430445,3
2017-01-20,3198.0088820043043,440.80888200430445,3
2017-01-23,3207.1494820043044,998.7794820043044,3
2017-01-24,3229.9694820043046,998.7794820043044,3
2017-01-25,3236.2694820043043,998.7794820043044,3
2017-01-26,3222.4794820043044,998.7794820043044,3
2017-01-27,3233.6994820043046,1361.8694820043045,2
2017-01-30,3222.4494820043046,1361.8694820043045,2
2017-01-31,3219.999482004305,176.36948200430447,3
2017-02-01,3212.2794820043046,176.36948200430447,3
2017-02-02,3208.9863820043047,1348.2963820043044,2
2017-02-03,3234.906382004304,75.0463820043044,3
2017-02-06,3222.0663820043046,75.0463820043044,3
2017-02-07,3220.666382004304,75.0463820043044,3
2017-02-08,3197.3988820043046,70.30888200430445,3
2017-02-09,3214.5587820043047,616.1987820043046,3
2017-02-10,3226.5387820043047,616.1987820043046,3
2017-02-13,3188.3303820043047,539.0303820043048,3
2017-02-14,3183.710382004305,539.0303820043048,3
2017-02-15,3205.6103820043045,539.0303820043048,3
2017-02-16,3184.430382004304,539.0303820043048,3
2017-02-17,3187.9103820043047,539.0303820043048,3
2017-02-21,3186.5393820043046,541.9593820043049,3
2017-02-22,3197.033382004305,541.9593820043049,3
2017-02-23,3172.0613820043045,541.9593820043049,3
2017-02-24,3179.094382004305,46.88938200430516,3
2017-02-27,3193.5783820043052,46.88938200430516,3
2017-02-28,3179.546382004305,46.88938200430516,3
2017-03-01,3214.1543820043053,46.88938200430516,3
2017-03-02,3182.6579370043055,1292.0879370043053,2
2017-03-03,3203.727937004305,34.887937004305286,3
2017-03-06,3193.4879370043054,34.887937004305286,3
2017-03-07,3165.467937004305,34.887937004305286,3
2017-03-08,3142.7379370043054,248.80793700430536,3
2017-03-09,3144.576697004305,1249.0466970043053,2
2017-03-10,3163.706697004305,15.386697004305233,3
2017-03-13,3184.076697004305,15.386697004305233,3
2017-03-14,3164.8766970043052,15.386697004305233,3
2017-03-15,3189.3866970043055,15.386697004305233,3
2017-03-16,3210.956697004305,15.386697004305233,3
2017-03-17,3208.286697004305,15.386697004305233,3
2017-03-20,3174.496697004305,15.386697004305233,3
2017-03-21,3121.466097004304,41.36609700430495,3
2017-03-22,3129.6960970043046,2372.436097004305,1
2017-03-23,3116.913097004305,7.055097004305026,3
2017-03-24,3112.978097004305,86.34809700430492,3
2017-03-27,3100.330097004305,1.3880970043051093,3
2017-03-28,3111.7070970043055,1.3880970043051093,3
2017-03-29,3139.3748730043053,560.6018730043049,3
2017-03-30,3153.1658730043046,560.6018730043049,3
2017-03-31,3145.050873004305,560.6018730043049,3
2017-04-03,3118.579873004305,560.6018730043049,3
2017-04-04,3118.211873004305,560.6018730043049,3
2017-04-05,3106.559873004305,560.6018730043049,3
2017-04-06,3086.3774130043053,2305.477413004305,1
2017-04-07,3090.4474130043054,9.857413004305045,3
2017-04-10,3089.7734130043054,1.64341300430533,3
2017-04-11,3092.5414130043055,1098.1714130043054,2
2017-04-12,3081.2814130043053,11.79641300430535,3
2017-04-13,3076.481413004306,27.54641300430535,3
2017-04-17,3102.8714130043054,6.766413004305377,3
2017-04-18,3096.371413004305,6.766413004305377,3
2017-04-19,3173.2994130043053,568.9784130043054,3
2017-04-20,3188.1364130043057,568.9784130043054,3
2017-04-21,3189.312413004305,568.9784130043054,3
2017-04-24,3229.481373004305,1160.0483730043054,3
2017-04-25,3261.2563730043057,1160.0483730043054,3
2017-04-26,3258.2813730043054,1160.0483730043054,3
2017-04-27,3269.828373004305,1160.0483730043054,3
2017-04-28,3258.043373004305,1160.0483730043054,3
2017-05-01,3295.454373004306,1160.0483730043054,3
2017-05-02,3281.5243730043057,1160.0483730043054,3
2017-05-03,3267.9923730043056,1160.0483730043054,3
2017-05-04,3276.2113730043056,529.0883730043054,3
2017-05-05,3288.141373004305,529.0883730043054,3
2017-05-08,3279.5843730043052,529.0883730043054,3
2017-05-09,3280.2503730043054,529.0883730043054,3
2017-05-10,3284.293373004305,529.0883730043054,3
2017-05-11,3278.8443730043055,529.0883730043054,3
2017-05-12,3272.682373004305,529.0883730043054,3
2017-05-15,3289.9493730043055,536.0383730043054,3
2017-05-16,3300.6263730043056,536.0383730043054,3
2017-05-17,3263.5966730043056,507.23567300430545,3
2017-05-18,3275.3986730043052,1966.0956730043056,2
2017-05-19,3280.094673004306,663.9086730043057,3
2017-05-22,3290.169673004306,663.9086730043057,3
2017-05-23,3299.442673004305,663.9086730043057,3
2017-05-24,3299.737673004305,663.9086730043057,3
2017-05-25,3355.313673004306,663.9086730043057,3
2017-05-26,3355.893673004305,663.9086730043057,3
2017-05-30,3368.6956730043057,663.9086730043057,3
2017-05-31,3363.500673004305,663.9086730043057,3
2017-06-01,3373.5776730043053,663.9086730043057,3
2017-06-02,3405.928273004306,1340.3102730043056,3
2017-06-05,3411.7692730043054,1340.3102730043056,3
2017-06-06,3413.7272730043055,1340.3102730043056,3
2017-06-07,3420.9622730043056,1340.3102730043056,3
2017-06-08,3435.3372730043056,1340.3102730043056,3
2017-06-09,3304.1022730043055,672.3682730043056,3
2017-06-12,3280.9350730043057,612.1504730043057,3
2017-06-13,3286.522273004306,11.996473004305699,3
2017-06-14,3282.6976730043057,11.996473004305699,3
2017-06-15,3276.6030730043058,69.87447300430586,3
2017-06-16,3286.1430730043057,69.87447300430586,3
2017-06-19,3299.4246730043055,69.87447300430586,3
2017-06-20,3229.949977604306,447.8799776043061,3
2017-06-21,3225.859977604306,447.8799776043061,3
2017-06-22,3211.959977604306,354.50997760430596,3
2017-06-23,3225.4799776043055,354.50997760430596,3
2017-06-26,3238.6899776043065,354.50997760430596,3
2017-06-27,3191.369977604306,354.50997760430596,3
2017-06-28,3220.804777604306,305.53117760430587,3
2017-06-29,3168.042577604306,305.53117760430587,3
2017-06-30,3119.966877604306,305.53117760430587,3
2017-07-03,3072.647377604306,18.05427760430598,3
2017-07-05,3071.157877604306,66.8291776043061,3
2017-07-06,3022.379717604306,19.978617604305782,3
2017-07-07,3068.875317604306,144.51861760430575,3
2017-07-10,3064.620817604306,144.51861760430575,3
2017-07-11,3046.5773176043053,144.51861760430575,3
2017-07-12,3074.562257604306,614.6305576043059,3
2017-07-13,3077.169657604306,614.6305576043059,3
2017-07-14,3080.3084576043057,1885.1884576043058,2
2017-07-17,3073.488457604306,762.4084576043058,3
2017-07-18,3056.3698376043058,1196.119837604306,2
2017-07-19,3048.859837604306,63.51983760430585,3
2017-07-20,3052.909837604306,63.51983760430585,3
2017-07-21,3079.2198376043057,63.51983760430585,3
2017-07-24,3113.7198376043057,63.51983760430585,3
2017-07-25,3098.9698376043057,63.51983760430585,3
2017-07-26,3101.9998376043054,63.51983760430585,3
2017-07-27,3028.285390958563,55.89539095856253,3
2017-07-28,3058.875390958563,108.56539095856238,3
2017-07-31,3046.865390958563,108.56539095856238,3
2017-08-01,3060.995390958563,108.56539095856238,3
2017-08-02,3040.8853909585623,108.56539095856238,3
2017-08-03,3060.505390958562,108.56539095856238,3
2017-08-04,3065.3853909585623,108.56539095856238,3
2017-08-07,3068.035390958563,108.56539095856238,3
2017-08-08,3081.1113909585624,635.7913909585623,3
2017-08-09,3082.741390958562,635.7913909585623,3
2017-08-10,3051.7913909585623,1649.5313909585623,2
2017-08-11,3036.6413909585626,1122.8413909585627,2
2017-08-14,3056.5613909585627,107.98139095856277,3
2017-08-15,3068.5013909585628,107.98139095856277,3
2017-08-16,3081.8313909585627,107.98139095856277,3
2017-08-17,3057.8613909585624,107.98139095856277,3
2017-08-18,3049.2469909585634,1131.966990958563,2
2017-08-21,3048.866990958563,228.186990958563,3
2017-08-22,3083.026990958563,228.186990958563,3
2017-08-23,3065.486990958563,228.186990958563,3
2017-08-24,3055.946990958563,228.186990958563,3
2017-08-25,3064.486990958563,228.186990958563,3
2017-08-28,3046.676990958563,228.186990958563,3
2017-08-29,3075.3046309585625,81.52463095856297,3
2017-08-30,3107.0496309585624,81.52463095856297,3
2017-08-31,3114.3546309585627,671.274630958563,3
2017-09-01,3118.504630958563,671.274630958563,3
2017-09-05,3097.9246309585633,671.274630958563,3
2017-09-06,3096.6496309585627,671.274630958563,3
2017-09-07,3134.469630958563,60.25463095856276,3
2017-09-08,3089.929630958563,60.25463095856276,3
2017-09-11,3149.016278958562,670.6885789585624,3
2017-09-12,3155.3439789585627,670.6885789585624,3
2017-09-13,3155.7723789585625,670.6885789585624,3
2017-09-14,3164.411978958562,670.6885789585624,3
2017-09-15,3184.6805789585624,670.6885789585624,3
2017-09-18,3260.0549461585624,1316.3294461585624,3
2017-09-19,3260.4629461585623,1316.3294461585624,3
2017-09-20,3269.5496461585626,1316.3294461585624,3
2017-09-21,3261.9517461585624,1316.3294461585624,3
2017-09-22,3290.6676461585625,1316.3294461585624,3
2017-09-25,3228.7837461585623,1316.3294461585624,3
2017-09-26,3233.4805461585624,1316.3294461585624,3
2017-09-27,3275.7112461585625,696.5384461585627,3
2017-09-28,3273.8067461585624,696.5384461585627,3
2017-09-29,3283.157646158563,696.5384461585627,3
2017-10-02,3255.317746158563,696.5384461585627,3
2017-10-03,3260.2093461585628,1957.8534461585627,2
2017-10-04,3292.4349461585625,669.8424461585628,3
2017-10-05,3349.9947961585626,1340.0332961585627,3
2017-10-06,3374.866996158563,1340.0332961585627,3
2017-10-09,3372.0444961585627,1340.0332961585627,3
2017-10-10,3370.1953961585627,1340.0332961585627,3
2017-10-11,3372.239096158563,1340.0332961585627,3
2017-10-12,3376.2634961585627,1340.0332961585627,3
2017-10-13,3392.680696158563,1340.0332961585627,3
2017-10-16,3399.5970961585626,1340.0332961585627,3
2017-10-17,3389.9079961585626,1340.0332961585627,3
2017-10-18,3377.0913961585625,1340.0332961585627,3
2017-10-19,3377.587996158563,1340.0332961585627,3
2017-10-20,3378.6692961585627,1340.0332961585627,3
2017-10-23,3373.791996158563,1340.0332961585627,3
2017-10-24,3424.8268961585627,1340.0332961585627,3
2017-10-25,3397.289496158563,1340.0332961585627,3
2017-10-26,3410.885096158563,1340.0332961585627,3
2017-10-27,3444.4289961585628,1340.0332961585627,3
2017-10-30,3435.435296158563,1340.0332961585627,3
2017-10-31,3438.2879961585627,1340.0332961585627,3
2017-11-01,3437.019196158563,1340.0332961585627,3
2017-11-02,3385.3519961585625,1340.0332961585627,3
2017-11-03,3461.2851961585625,709.0711961585625,3
2017-11-06,3465.1731961585624,709.0711961585625,3
2017-11-07,3464.0491961585626,709.0711961585625,3
2017-11-08,3481.001196158563,709.0711961585625,3
2017-11-09,3439.751196158563,709.0711961585625,3
2017-11-10,3441.8511961585627,1398.8671961585626,2
2017-11-13,3425.541196158563,73.46719615856273,3
2017-11-14,3434.3511961585627,73.46719615856273,3
2017-11-15,3398.5231961585628,73.46719615856273,3
2017-11-16,3425.703196158563,123.63319615856278,3
2017-11-17,3424.430896158563,805.3408961585627,3
2017-11-20,3431.090896158563,805.3408961585627,3
2017-11-21,3464.810896158563,805.3408961585627,3
2017-11-22,3487.8308961585626,805.3408961585627,3
2017-11-24,3496.4508961585625,805.3408961585627,3
2017-11-27,3522.270896158563,805.3408961585627,3
2017-11-28,3536.540896158563,805.3408961585627,3
2017-11-29,3552.879156158563,1023.4391561585627,3
2017-11-30,3585.959156158563,1023.4391561585627,3
2017-12-01,3575.179156158563,1023.4391561585627,3
2017-12-04,3424.896756158563,944.1417561585629,3
2017-12-05,3414.1217561585627,2220.591756158563,2
2017-12-06,3406.671756158563,854.9617561585628,3
2017-12-07,3420.641756158563,854.9617561585628,3
2017-12-08,3409.721756158563,854.9617561585628,3
2017-12-11,3401.431756158563,848.6617561585629,3
2017-12-12,3397.1917561585624,848.6617561585629,3
2017-12-13,3420.011756158563,848.6617561585629,3
2017-12-14,3386.561756158563,848.6617561585629,3
2017-12-15,3410.9517561585626,848.6617561585629,3
2017-12-18,3438.8617561585625,848.6617561585629,3
2017-12-19,3436.021756158563,848.6617561585629,3
2017-12-20,3429.011756158563,848.6617561585629,3
2017-12-21,3442.0817561585627,848.6617561585629,3
2017-12-22,3451.251756158563,848.6617561585629,3
2017-12-26,3447.7717561585628,42.631756158562894,3
2017-12-27,3458.931756158563,40.45175615856283,3
2017-12-28,3458.3217561585625,40.45175615856283,3
2017-12-29,3445.8617561585625,40.45175615856283,3
2018-01-02,3465.3117561585623,40.45175615856283,3
2018-01-03,3487.471656158563,618.321656158563,3
2018-01-04,3506.761656158563,618.321656158563,3
2018-01-05,3540.197016158563,1319.9170161585632,3
2018-01-08,3547.7470161585634,1319.9170161585632,3
2018-01-09,3568.3370161585635,1319.9170161585632,3
2018-01-10,3561.057016158563,1319.9170161585632,3
2018-01-11,3580.897016158563,1319.9170161585632,3
2018-01-12,3603.7570161585636,1319.9170161585632,3
2018-01-16,3586.7570161585636,1319.9170161585632,3
2018-01-17,3610.067016158563,1319.9170161585632,3
2018-01-18,3618.8770161585635,1319.9170161585632,3
2018-01-19,3627.7170161585636,1319.9170161585632,3
2018-01-22,3650.6770161585637,1319.9170161585632,3
2018-01-23,3646.317016158563,1319.9170161585632,3
2018-01-24,3649.777016158563,1319.9170161585632,3
2018-01-25,3655.527016158563,1319.9170161585632,3
2018-01-26,3687.767016158563,1319.9170161585632,3
2018-01-29,3666.2170161585636,1319.9170161585632,3
2018-01-30,3645.687016158563,1319.9170161585632,3
2018-01-31,3657.477016158563,1319.9170161585632,3
2018-02-01,3667.567016158563,1319.9170161585632,3
2018-02-02,3604.4170161585635,1319.9170161585632,3
2018-02-05,3502.8388161585626,1416.9788161585632,2
2018-02-06,3459.7606161585636,3459.7606161585636,0
2018-02-07,3460.4810161585633,533.2374161585635,3
2018-02-08,3316.5515161585636,369.5290161585633,3
2018-02-09,3369.4199161585634,3369.4199161585634,0
2018-02-12,3383.8299161585637,138.38991615856344,3
2018-02-13,3412.7699161585642,138.38991615856344,3
2018-02-14,3444.1899161585634,138.38991615856344,3
2018-02-15,3511.999916158563,138.38991615856344,3
2018-02-16,3527.7399161585636,138.38991615856344,3
2018-02-20,3539.2299161585634,138.38991615856344,3
2018-02-21,3518.8699161585637,138.38991615856344,3
2018-02-22,3507.6199161585637,138.38991615856344,3
2018-02-23,3567.579916158563,138.38991615856344,3
2018-02-26,3583.5699161585635,138.38991615856344,3
2018-02-27,3587.789916158563,138.38991615856344,3
2018-02-28,3571.5699161585635,2444.4999161585633,1
2018-03-01,3561.4899161585636,2444.4999161585633,1
2018-03-02,3608.8615961585633,3008.849596158563,1
2018-03-05,3637.3095961585636,200.75959615856345,3
2018-03-06,3661.9215961585637,200.75959615856345,3
2018-03-07,3667.2655961585638,133.9695961585635,3
2018-03-08,3652.1935961585637,133.9695961585635,3
2018-03-09,3736.1655961585634,133.9695961585635,3
2018-03-12,3728.7475961585637,133.9695961585635,3
2018-03-13,3734.2104761585633,880.5044761585633,3
2018-03-14,3714.378476158563,880.5044761585633,3
2018-03-15,3699.9924761585635,880.5044761585633,3
2018-03-16,3697.7324761585633,880.5044761585633,3
2018-03-19,3678.0204761585633,880.5044761585633,3
2018-03-20,3710.100476158563,880.5044761585633,3
2018-03-21,3705.138476158563,880.5044761585633,3
2018-03-22,3658.240476158563,2288.254476158563,2
2018-03-23,3621.8264761585633,2288.254476158563,2
2018-03-26,3694.834476158563,2321.374476158563,1
2018-03-27,3492.887796158563,17.803796158563046,3
2018-03-28,3498.723796158563,2048.163796158563,1
2018-03-29,3510.4837961585627,2048.163796158563,1
2018-04-02,3449.1755561585624,2118.1755561585624,1
2018-04-03,3476.265556158563,2095.575556158563,1
2018-04-04,3465.455556158563,2095.575556158563,1
2018-04-05,3491.215556158563,941.8955561585631,2
2018-04-06,3427.045556158563,941.8955561585631,2
2018-04-09,3466.835556158563,2072.575556158563,1
2018-04-10,3506.395556158563,2072.575556158563,1
2018-04-11,3526.865556158563,2072.575556158563,1
2018-04-12,3542.2755561585627,690.9007561585629,2
2018-04-13,3557.425296158563,1404.505296158563,2
2018-04-16,3578.2604961585635,1.9652961585629782,3
2018-04-17,3639.790496158563,1.9652961585629782,3
2018-04-18,3617.5904961585634,1.9652961585629782,3
2018-04-19,3611.820496158563,1.9652961585629782,3
2018-04-20,3604.110096158563,1.9652961585629782,3
2018-04-23,3605.7652961585627,1.9652961585629782,3
2018-04-24,3584.660496158563,1.9652961585629782,3
2018-04-25,3558.170496158563,93.26529615856293,3
2018-04-26,3600.485296158563,93.26529615856293,3
2018-04-27,3560.5222961585628,599.9782961585628,3
2018-04-30,3552.022296158563,473.2182961585629,3
2018-05-01,3557.3070961585627,469.02519615856295,3
2018-05-02,3572.7822961585625,469.02519615856295,3
2018-05-03,3550.9842961585628,469.02519615856295,3
2018-05-04,3581.384196158563,19.98419615856278,3
2018-05-07,3615.9941961585628,19.98419615856278,3
2018-05-08,3650.3960961585626,19.98419615856278,3
2018-05-09,3706.289196158563,19.98419615856278,3
2018-05-10,3716.6091961585626,19.98419615856278,3
2018-05-11,3681.0510961585633,19.98419615856278,3
2018-05-14,3660.1141961585627,19.98419615856278,3
2018-05-15,3674.8522961585622,19.98419615856278,3
2018-05-16,3644.7422961585626,19.98419615856278,3
2018-05-17,3586.6091961585626,2738.6891961585625,1
2018-05-18,3595.0705961585627,26.276596158562597,3
2018-05-21,3624.116596158563,26.276596158562597,3
2018-05-22,3608.4125961585623,34.75259615856271,3
2018-05-23,3620.161196158563,34.75259615856271,3
2018-05-24,3632.106896158563,763.4525961585628,3
2018-05-25,3590.958296158563,763.4525961585628,3
2018-05-29,3564.4382961585625,1541.0525961585627,2
2018-05-30,3603.497596158563,149.17259615856256,3
2018-05-31,3569.0582961585624,149.17259615856256,3
2018-06-01,3559.517596158563,150.52259615856224,3
2018-06-04,3530.4084961585622,90.63209615856226,3
2018-06-05,3534.196496158562,90.63209615856226,3
2018-06-06,3539.5060961585623,1444.832096158562,2
2018-06-07,3529.967196158562,1389.9815961585618,2
2018-06-08,3557.476696158562,105.7715961585618,3
2018-06-11,3578.5719961585623,105.7715961585618,3
2018-06-12,3577.6836961585614,105.7715961585618,3
2018-06-13,3553.5931961585616,105.7715961585618,3
2018-06-14,3559.571496158562,105.7715961585618,3
2018-06-15,3583.205676158562,697.8928761585619,3
2018-06-18,3562.9384761585625,697.8928761585619,3
2018-06-19,3526.9630761585613,3526.9630761585613,0
2018-06-20,3535.9730761585615,9.201776158561415,3
2018-06-21,3503.951776158561,9.201776158561415,3
2018-06-22,3483.8352311585613,35.69523115856191,3
2018-06-25,3429.8557811585615,2562.6157811585617,1
2018-06-26,3408.668481158562,1199.2383811585617,2
2018-06-27,3336.926581158562,333.3940811585617,3
2018-06-28,3356.2990811585614,2478.7990811585614,1
2018-06-29,3305.3670811585616,45.64108115856152,3
2018-07-02,3337.9870811585615,53.961081158561456,3
2018-07-03,3303.7053811585615,486.38138115856145,3
2018-07-05,3344.469381158561,486.38138115856145,3
2018-07-06,3394.521381158562,486.38138115856145,3
2018-07-09,3434.2253811585615,486.38138115856145,3
2018-07-10,3425.8373811585616,486.38138115856145,3
2018-07-11,3454.8213811585615,486.38138115856145,3
2018-07-12,3461.6213811585612,486.38138115856145,3
2018-07-13,3400.7213811585616,486.38138115856145,3
2018-07-16,3402.8973811585615,1763.1173811585616,2
2018-07-17,3414.5773811585614,1763.1173811585616,2
2018-07-18,3417.854181158561,423.66238115856163,3
2018-07-19,3419.739181158561,423.66238115856163,3
2018-07-20,3381.9973811585614,423.66238115856163,3
2018-07-23,3379.9641811585616,397.9241811585616,3
2018-07-24,3382.0541811585617,397.9241811585616,3
2018-07-25,3428.0541811585617,397.9241811585616,3
2018-07-26,3423.3041811585617,397.9241811585616,3
2018-07-27,3379.5341811585613,397.9241811585616,3
2018-07-30,3378.8341811585615,254.0441811585615,3
2018-07-31,3379.3041811585617,124.09418115856158,3
2018-08-01,3343.7241811585614,30.98418115856157,3
2018-08-02,3364.309671158562,24.771871158561908,3
2018-08-03,3352.3848711585624,24.771871158561908,3
2018-08-06,3375.466871158562,24.771871158561908,3
2018-08-07,3390.0410711585614,128.82187115856186,3
2018-08-08,3410.909071158562,128.82187115856186,3
2018-08-09,3423.705871158562,128.82187115856186,3
2018-08-10,3412.425071158562,128.82187115856186,3
2018-08-13,3426.060595158562,800.877395158562,3
2018-08-14,3458.3380951585623,800.877395158562,3
2018-08-15,3409.421195158562,800.877395158562,3
2018-08-16,3422.082595158562,724.1273951585622,3
2018-08-17,3425.317595158562,262.4605951585622,3
2018-08-20,3434.109095158562,262.4605951585622,3
2018-08-21,3450.047595158562,262.4605951585622,3
2018-08-22,3474.8855951585624,262.4605951585622,3
2018-08-23,3476.485595158562,262.4605951585622,3
2018-08-24,3490.5770951585623,262.4605951585622,3
2018-08-27,3506.928595158562,262.4605951585622,3
2018-08-28,3510.307595158562,262.4605951585622,3
2018-08-29,3542.7566751585623,743.0916751585622,3
2018-08-30,3546.474675158562,743.0916751585622,3
2018-08-31,3563.6201751585627,743.0916751585622,3
2018-09-04,3573.1501751585624,743.0916751585622,3
2018-09-05,3564.0486751585627,743.0916751585622,3
2018-09-06,3554.3541134346337,1451.7156134346337,3
2018-09-07,3567.2001134346337,1451.7156134346337,3
2018-09-10,3571.4791134346337,1451.7156134346337,3
2018-09-11,3589.138113434634,1451.7156134346337,3
2018-09-12,3592.685613434634,1451.7156134346337,3
2018-09-13,3603.980113434634,1451.7156134346337,3
2018-09-14,3573.3621134346336,1451.7156134346337,3
2018-09-17,3530.906113434634,1451.7156134346337,3
2018-09-18,3543.893113434634,1408.683113434634,2
2018-09-19,3558.103113434633,86.33311343463379,3
2018-09-20,3569.933113434633,86.33311343463379,3
2018-09-21,3576.3831134346337,86.33311343463379,3
2018-09-24,3575.943113434634,86.33311343463379,3
2018-09-25,3567.313113434633,86.33311343463379,3
2018-09-26,3583.998113434633,796.0581134346335,3
2018-09-27,3592.7031134346335,796.0581134346335,3
2018-09-28,3620.8281134346335,796.0581134346335,3
2018-10-01,3637.4031134346337,796.0581134346335,3
2018-10-02,3622.7581134346333,796.0581134346335,3
2018-10-03,3643.2381134346338,796.0581134346335,3
2018-10-04,3591.0381134346335,796.0581134346335,3
2018-10-05,3568.9381134346336,796.0581134346335,3
2018-10-08,3557.1531134346333,1466.5181134346333,2
2018-10-09,3564.415613434633,71.11811343463341,3
2018-10-10,3352.039413434633,178.16941343463293,3
2018-10-11,3355.0394134346325,3355.0394134346325,0
2018-10-12,3355.0394134346325,3355.0394134346325,0
2018-10-15,3350.2394134346323,2022.7994134346325,1
2018-10-16,3355.1594134346324,2022.7994134346325,1
2018-10-17,3404.6397134346325,20.60971343463268,3
2018-10-18,3399.1579134346325,20.60971343463268,3
2018-10-19,3393.0811134346327,20.60971343463268,3
2018-10-22,3396.2931134346327,20.60971343463268,3
2018-10-23,3363.7362134346326,20.60971343463268,3
2018-10-24,3305.889922286782,2027.0151222867823,1
2018-10-25,3240.6211222867823,3240.6211222867823,0
2018-10-26,3240.6211222867823,3240.6211222867823,0
2018-10-29,3242.072722286782,1946.7002222867823,1
2018-10-30,3267.8158222867823,1946.7002222867823,1
2018-10-31,3272.9517222867826,683.8202222867824,2
2018-11-01,3252.1892222867828,683.8202222867824,2
2018-11-02,3247.2183222867825,1936.9802222867825,1
2018-11-05,3262.6292222867824,1936.9802222867825,1
2018-11-06,3266.0739222867824,1936.9802222867825,1
2018-11-07,3298.1630222867825,1936.9802222867825,1
2018-11-08,3305.4153222867826,1936.9802222867825,1
2018-11-09,3294.174922286782,1936.9802222867825,1
2018-11-12,3291.093122286782,1936.9802222867825,1
2018-11-13,3289.6415222867827,1936.9802222867825,1
2018-11-14,3261.1656222867823,751.3802222867826,2
2018-11-15,3245.5186222867824,3245.5186222867824,0
2018-11-16,3286.338622286782,737.4886222867824,2
2018-11-19,3269.6186222867823,193.88862228678238,3
2018-11-20,3230.1286222867825,725.1286222867824,2
2018-11-21,3207.958622286782,1973.4286222867822,1
2018-11-23,3214.9986222867824,1973.4286222867822,1
2018-11-26,3211.8798222867817,751.9599222867821,2
2018-11-27,3241.813822286782,13.35832228678214,3
2018-11-28,3279.085822286782,13.35832228678214,3
2018-11-29,3292.8962454867824,608.9914454867821,3
2018-11-30,3343.075945486782,608.9914454867821,3
2018-12-03,3357.8134454867823,608.9914454867821,3
2018-12-04,3346.2579454867823,1208.1268454867823,3
2018-12-06,3350.719345486782,1208.1268454867823,3
2018-12-07,3312.132145486782,1208.1268454867823,3
2018-12-10,3333.578445486782,1889.7268454867822,2
2018-12-11,3330.6130454867825,626.4868454867822,3
2018-12-12,3336.2398454867816,626.4868454867822,3
2018-12-13,3349.885345486782,97.0230454867824,3
2018-12-14,3273.2829454867824,97.0230454867824,3
2018-12-17,3252.157845486782,3252.157845486782,0
2018-12-18,3252.157845486782,3252.157845486782,0
2018-12-19,3252.157845486782,3252.157845486782,0
2018-12-20,3252.157845486782,3252.157845486782,0
2018-12-21,3252.157845486782,3252.157845486782,0
2018-12-24,3252.157845486782,3252.157845486782,0
2018-12-26,3252.157845486782,3252.157845486782,0
2018-12-27,3252.157845486782,3252.157845486782,0
2018-12-28,3232.837845486782,1956.317845486782,1
2018-12-31,3239.1378454867818,3239.1378454867818,0
2019-01-02,3239.1378454867818,3239.1378454867818,0
2019-01-03,3239.1378454867818,3239.1378454867818,0
2019-01-04,3239.1378454867818,3239.1378454867818,0
2019-01-07,3243.977845486782,1975.8978454867818,1
2019-01-08,3255.6378454867818,1975.8978454867818,1
2019-01-09,3265.2078454867815,1975.8978454867818,1
2019-01-10,3251.2378454867817,1975.8978454867818,1
2019-01-11,3253.8778454867816,1975.8978454867818,1
2019-01-14,3237.3778454867816,1975.8978454867818,1
2019-01-15,3263.8878454867818,1975.8978454867818,1
2019-01-16,3260.6978454867817,1975.8978454867818,1
2019-01-17,3286.6578454867818,1975.8978454867818,1
2019-01-18,3258.3878454867818,1975.8978454867818,1
2019-01-22,3263.8878454867818,1975.8978454867818,1
2019-01-23,3225.2118454867823,1974.283845486782,1
2019-01-24,3227.183845486782,3227.183845486782,0
2019-01-25,3250.779845486782,1951.435845486782,1
2019-01-28,3229.4278454867817,1951.435845486782,1
2019-01-29,3214.8118454867817,685.225845486782,2
2019-01-30,3258.277845486782,103.01784548678211,3
2019-01-31,3319.543245486782,695.403245486782,3
2019-02-01,3339.145865486782,1657.2558654867817,3
2019-02-04,3338.5258654867816,1657.2558654867817,3
2019-02-05,3339.5658654867816,1657.2558654867817,3
2019-02-06,3348.225865486782,1657.2558654867817,3
2019-02-07,3332.5658654867816,1657.2558654867817,3
2019-02-08,3354.4258654867817,1657.2558654867817,3
2019-02-11,3353.4058654867813,1657.2558654867817,3
2019-02-12,3380.4558654867815,1657.2558654867817,3
2019-02-13,3369.1558654867817,1657.2558654867817,3
2019-02-14,3379.3358654867816,1657.2558654867817,3
2019-02-15,3390.4058654867817,1657.2558654867817,3
2019-02-19,3388.8758654867815,1657.2558654867817,3
2019-02-20,3392.1658654867815,1657.2558654867817,3
2019-02-21,3394.8758654867815,1657.2558654867817,3
2019-02-22,3412.7158654867817,1657.2558654867817,3
2019-02-25,3403.145865486782,1657.2558654867817,3
2019-02-26,3408.8958654867815,1657.2558654867817,3
2019-02-27,3416.3858654867818,1657.2558654867817,3
2019-02-28,3424.3358654867816,1657.2558654867817,3
2019-03-01,3452.1058654867816,1657.2558654867817,3
2019-03-04,3424.1158654867813,1657.2558654867817,3
2019-03-05,3433.372865486782,621.8538654867816,3
2019-03-06,3387.8088654867815,621.8538654867816,3
2019-03-07,3369.655865486782,657.4358654867817,3
2019-03-08,3365.5758654867814,1326.0458654867816,2
2019-03-11,3385.945865486782,7.189865486781628,3
2019-03-12,3386.015865486781,48.089865486781605,3
2019-03-13,3408.773865486782,1.3898654867817868,3
2019-03-14,3409.9338654867815,1.3898654867817868,3
2019-03-15,3418.4878254867817,4.093825486781725,3
2019-03-18,3410.1118254867815,4.093825486781725,3
2019-03-19,3428.5898254867816,4.093825486781725,3
2019-03-20,3446.8078254867814,4.093825486781725,3
2019-03-21,3499.783825486782,4.093825486781725,3
2019-03-22,3415.8098254867814,697.7938254867817,2
2019-03-25,3425.013825486782,697.7938254867817,2
2019-03-26,3469.9378254867815,763.5778254867819,2
2019-03-27,3430.6978254867818,13.597825486781858,3
2019-03-28,3434.144305486782,666.2563054867819,2
2019-03-29,3459.060305486782,666.2563054867819,2
2019-04-01,3480.0923054867817,8.428305486782165,3
2019-04-02,3486.965305486782,8.428305486782165,3
2019-04-03,3512.8893054867813,8.428305486782165,3
2019-04-04,3446.257945486782,1326.468945486782,2
2019-04-05,3455.6829454867825,153.7689454867823,3
2019-04-08,3450.421025486782,42.429025486782166,3
2019-04-09,3413.0320254867825,47.46902548678236,3
2019-04-10,3441.573025486782,67.17902548678217,3
2019-04-11,3440.7000254867826,67.17902548678217,3
2019-04-12,3469.0620254867827,67.17902548678217,3
2019-04-15,3445.4840254867822,663.3390254867821,3
2019-04-16,3425.149025486782,9.629025486782439,3
2019-04-17,3406.4390254867826,1308.2290254867826,2
2019-04-18,3425.1490254867826,1308.2290254867826,2
2019-04-22,3443.0490254867823,1308.2290254867826,2
2019-04-23,3446.127825486782,29.88342548678247,3
2019-04-24,3484.9090254867824,29.88342548678247,3
2019-04-25,3465.4434254867824,29.88342548678247,3
2019-04-26,3481.649025486782,29.88342548678247,3
2019-04-29,3484.8590254867822,29.88342548678247,3
2019-04-30,3487.6478254867825,29.88342548678247,3
2019-05-01,3442.8823854867824,37.85238548678262,3
2019-05-02,3435.6342854867826,37.85238548678262,3
2019-05-03,3479.2298854867827,37.85238548678262,3
2019-05-06,3443.2667854867827,37.85238548678262,3
2019-05-07,3340.768886287171,23.914486287170803,3
2019-05-08,3327.978886287171,1257.5088862871708,2
2019-05-09,3338.516386287171,9.37448628717084,3
2019-05-10,3362.876883187171,6.746883187171079,3
2019-05-13,3234.746883187171,6.746883187171079,3
2019-05-14,3266.9668831871713,676.5968831871712,2
2019-05-15,3278.486883187171,676.5968831871712,2
2019-05-16,3337.4768831871706,53.076883187171234,3
2019-05-17,3331.5568831871706,53.076883187171234,3
2019-05-20,3313.736883187171,53.076883187171234,3
2019-05-21,3353.3768831871707,669.4768831871712,2
2019-05-22,3355.3993631871713,31.97736318717125,3
2019-05-23,3303.519363187171,31.97736318717125,3
2019-05-24,3299.9773631871712,43.27736318717143,3
2019-05-28,3257.0873631871714,43.27736318717143,3
2019-05-29,3230.5259631871713,2001.3491631871711,1
2019-05-30,3235.345563187171,103.04916318717096,3
2019-05-31,3192.2769631871706,125.93916318717095,3
2019-06-03,3128.3033131871707,341.9993131871706,3
2019-06-04,3209.1813131871704,341.9993131871706,3
2019-06-05,3223.6053131871704,341.9993131871706,3
2019-06-06,3324.5883131871706,341.9993131871706,3
2019-06-07,3372.6924731871704,921.3134731871706,3
2019-06-10,3379.7214731871704,921.3134731871706,3
2019-06-11,3369.4894731871705,921.3134731871706,3
2019-06-12,3377.7534731871706,921.3134731871706,3
2019-06-13,3367.1864731871706,921.3134731871706,3
2019-06-14,3351.8784731871706,921.3134731871706,3
2019-06-17,3322.9154731871704,921.3134731871706,3
2019-06-18,3339.4544731871706,129.25997318717054,3
2019-06-19,3373.6859731871705,129.25997318717054,3
2019-06-20,3431.5364731871705,660.8599731871706,3
2019-06-21,3404.84097318717,660.8599731871706,3
2019-06-24,3404.4774731871703,660.8599731871706,3
2019-06-25,3361.758973187171,1432.7899731871707,2
2019-06-26,3327.9649731871705,130.29997318717074,3
2019-06-27,3346.2899731871703,130.29997318717074,3
2019-06-28,3349.4824731871704,130.29997318717074,3
2019-07-01,3390.2019731871706,672.8739731871708,3
2019-07-02,3428.9424731871713,672.8739731871708,3
2019-07-03,3457.8184731871706,672.8739731871708,3
2019-07-05,3448.466473187171,672.8739731871708,3
2019-07-08,3440.137473187171,672.8739731871708,3
2019-07-09,3445.5319731871714,672.8739731871708,3
2019-07-10,3459.4259731871707,672.8739731871708,3
2019-07-11,3436.7339731871707,672.8739731871708,3
2019-07-12,3412.6744731871713,672.8739731871708,3
2019-07-15,3410.1159731871708,1416.685973187171,2
2019-07-16,3366.8710731871706,92.27587318717087,3
2019-07-17,3359.201493187171,23.191493187170636,3
2019-07-18,3386.5214931871706,23.191493187170636,3
2019-07-19,3369.7017331871707,656.3717331871707,3
2019-07-22,3374.391733187171,656.3717331871707,3
2019-07-23,3366.677733187171,621.2137331871706,3
2019-07-24,3410.397733187171,621.2137331871706,3
2019-07-25,3379.778509187171,614.8585091871707,3
2019-07-26,3406.268509187171,614.8585091871707,3
2019-07-29,3419.4485091871707,1197.2185091871706,3
2019-07-30,3397.1785091871707,1197.2185091871706,3
2019-07-31,3358.4185091871705,1197.2185091871706,3
2019-08-01,3331.5985091871707,482.7185091871704,3
2019-08-02,3322.37790918717,1400.6379091871702,2
2019-08-05,3284.06790918717,2021.3679091871702,1
2019-08-06,3282.02790918717,2042.60790918717,1
2019-08-07,3292.9984091871693,140.19040918716996,3
2019-08-08,3364.25121678717,626.7645167871699,3
2019-08-09,3359.80831678717,626.7645167871699,3
2019-08-12,3335.78671678717,626.7645167871699,3
2019-08-13,3370.70581678717,626.7645167871699,3
2019-08-14,3304.21471678717,626.7645167871699,3
2019-08-15,3334.12701678717,626.7645167871699,3
2019-08-16,3364.0391167871694,626.7645167871699,3
2019-08-19,3384.1520167871695,626.7645167871699,3
2019-08-20,3374.9114167871703,626.7645167871699,3
2019-08-21,3395.3248167871698,1878.27451678717,2
2019-08-22,3397.39481678717,1878.27451678717,2
2019-08-23,3331.49091678717,522.37451678717,3
2019-08-26,3347.68511678717,2617.69451678717,1
2019-08-27,3337.4052167871696,74.31451678716985,3
2019-08-28,3351.5291167871696,74.31451678716985,3
2019-08-29,3376.16061678717,74.31451678716985,3
2019-08-30,3351.3512167871695,74.31451678716985,3
2019-09-03,3336.56721678717,74.31451678716985,3
2019-09-04,3312.70434678717,222.29744678716997,3
2019-09-05,3384.20354678717,222.29744678716997,3
2019-09-06,3389.43134678717,222.29744678716997,3
2019-09-09,3337.49204678717,222.29744678716997,3
2019-09-10,3291.29046678717,1473.1253667871702,2
2019-09-11,3311.20546678717,77.79546678716997,3
2019-09-12,3326.9654667871696,77.79546678716997,3
2019-09-13,3307.0754667871697,77.79546678716997,3
2019-09-16,3304.97882678717,11.7988267871699,3
2019-09-17,3332.67882678717,11.7988267871699,3
2019-09-18,3334.47882678717,11.7988267871699,3
2019-09-19,3320.7888267871695,71.1588267871698,3
2019-09-20,3288.90882678717,71.1588267871698,3
2019-09-23,3283.4088267871693,1104.9588267871698,2
2019-09-24,3259.42882678717,74.79882678716967,3
2019-09-25,3266.9588267871695,33.64882678716981,3
2019-09-26,3275.92882678717,87.71882678716975,3
2019-09-27,3260.81882678717,87.71882678716975,3
2019-09-30,3251.9588267871695,106.91882678716979,3
2019-10-01,3225.7888267871704,20.89882678716981,3
2019-10-02,3204.63882678717,3204.63882678717,0
2019-10-03,3200.26482678717,1928.8888267871698,1
2019-10-04,3258.6376267871697,1.0877267871697995,3
2019-10-07,3246.6666267871697,1.0877267871697995,3
2019-10-08,3171.3358267871695,1.0877267871697995,3
2019-10-09,3222.82082678717,180.49472678716984,3
2019-10-10,3247.95472678717,180.49472678716984,3
2019-10-11,3256.37472678717,180.49472678716984,3
2019-10-14,3242.19082678717,180.49472678716984,3
2019-10-15,3248.8308267871694,180.49472678716984,3
2019-10-16,3253.5086267871698,180.49472678716984,3
2019-10-17,3269.0786267871704,180.49472678716984,3
2019-10-18,3272.4708267871697,180.49472678716984,3
2019-10-21,3255.81082678717,180.49472678716984,3
2019-10-22,3270.09972678717,107.1597267871698,3
2019-10-23,3254.8258267871697,107.1597267871698,3
2019-10-24,3299.6067267871695,2.0097267871699387,3
2019-10-25,3305.7956267871696,92.42362678716995,3
2019-10-28,3328.7826267871696,92.42362678716995,3
2019-10-29,3297.2376267871696,92.42362678716995,3
2019-10-30,3334.1116267871703,92.42362678716995,3
2019-10-31,3316.85562678717,92.42362678716995,3
2019-11-01,3330.1046267871698,92.42362678716995,3
2019-11-04,3314.85962678717,92.42362678716995,3
2019-11-05,3285.55262678717,1343.1786267871698,2
2019-11-06,3292.73742678717,235.0814267871699,3
2019-11-07,3291.25142678717,235.0814267871699,3
2019-11-08,3294.95942678717,235.0814267871699,3
2019-11-11,3289.6554267871697,226.77142678716996,3
2019-11-12,3303.0579327871696,912.2999327871698,3
2019-11-13,3326.20493278717,912.2999327871698,3
2019-11-14,3334.06993278717,912.2999327871698,3
2019-11-15,3338.37393278717,912.2999327871698,3
2019-11-18,3329.81993278717,912.2999327871698,3
2019-11-19,3312.77093278717,912.2999327871698,3
2019-11-20,3292.4729327871696,912.2999327871698,3
2019-11-21,3246.9799327871697,1526.9099327871697,2
2019-11-22,3228.6399327871695,292.8099327871696,3
2019-11-25,3261.0399327871696,322.7899327871696,3
2019-11-26,3267.4199327871697,322.7899327871696,3
2019-11-27,3214.0339327871698,199.5219327871696,3
2019-11-29,3187.7259327871698,199.5219327871696,3
2019-12-02,3181.32583278717,219.83793278716962,3
2019-12-03,3178.2160327871698,621.0579327871696,2
2019-12-04,3161.09193278717,20.497932787169702,3
2019-12-05,3161.66583278717,20.497932787169702,3
2019-12-06,3203.2460327871695,47.33603278716964,3
2019-12-09,3191.2860327871695,47.33603278716964,3
2019-12-10,3189.9860327871697,47.33603278716964,3
2019-12-11,3195.6164327871693,194.55623278716962,3
2019-12-12,3252.6164327871693,194.55623278716962,3
2019-12-13,3246.2564327871696,194.55623278716962,3
2019-12-16,3280.68087298717,784.6208729871698,3
2019-12-17,3293.58097298717,784.6208729871698,3
2019-12-18,3293.44077298717,784.6208729871698,3
2019-12-19,3289.3209729871696,784.6208729871698,3
2019-12-20,3299.0973729871694,1099.4474729871697,3
2019-12-23,3312.9774729871697,1099.4474729871697,3
2019-12-24,3316.1573729871698,1099.4474729871697,3
2019-12-26,3328.701948876002,1738.441848876002,3
2019-12-27,3325.8917488760017,1738.441848876002,3
2019-12-30,3312.7919488760017,1738.441848876002,3
2019-12-31,3314.171848876002,1738.441848876002,3
2020-01-02,3334.101948876002,1738.441848876002,3
2020-01-03,3312.1218488760023,1738.441848876002,3
2020-01-06,3314.411948876002,1738.441848876002,3
2020-01-07,3355.871748876002,1042.7217488760023,3
2020-01-08,3334.4417488760023,366.27674887600233,3
2020-01-09,3324.7617488760025,366.27674887600233,3
2020-01-10,3282.876073876002,360.10607387600226,3
2020-01-13,3332.783473876002,355.90407387600226,3
2020-01-14,3322.2242738760024,355.90407387600226,3
2020-01-15,3275.7314738760024,355.90407387600226,3
2020-01-16,3313.152473876002,355.90407387600226,3
2020-01-17,3311.261273876002,355.90407387600226,3
2020-01-21,3323.7440738760024,355.90407387600226,3
2020-01-22,3344.461973876002,325.26397387600196,3
2020-01-23,3333.255473876002,325.26397387600196,3
2020-01-24,3292.3609738760015,325.26397387600196,3
2020-01-27,3210.4939738760017,2885.933973876002,1
2020-01-28,3237.813973876002,504.5839738760019,3
2020-01-29,3237.353973876002,504.5839738760019,3
2020-01-30,3181.9239738760016,441.01397387600196,3
2020-01-31,3087.1584358338328,269.2384358338327,3
2020-02-03,3107.162435833832,598.7624358338326,3
2020-02-04,3090.7724036766003,803.6224036766005,3
2020-02-05,3095.342403676601,803.6224036766005,3
2020-02-06,3095.8624036766005,803.6224036766005,3
2020-02-07,3097.2724036766003,803.6224036766005,3
2020-02-10,3164.8024036766,803.6224036766005,3
2020-02-11,3187.4624036766,803.6224036766005,3
2020-02-12,3199.4324036766,803.6224036766005,3
2020-02-13,3214.632403676601,803.6224036766005,3
2020-02-14,3248.0624036766003,803.6224036766005,3
2020-02-18,3270.4022036766005,1303.3222036766006,3
2020-02-19,3300.562203676601,1303.3222036766006,3
2020-02-20,3278.2122036766004,1303.3222036766006,3
2020-02-21,3212.4022036766005,1303.3222036766006,3
2020-02-24,3094.6722036766005,2120.6622036766007,1
2020-02-25,3084.6822036766007,3084.6822036766007,0
2020-02-26,3084.6822036766007,3084.6822036766007,0
2020-02-27,3057.928203676601,2091.482203676601,1
2020-02-28,3023.4101956000386,3023.4101956000386,0
2020-03-02,3035.8221956000384,1930.7771956000386,1
2020-03-03,2937.7301956000383,380.50519560003863,3
2020-03-04,2992.974195600039,2992.974195600039,0
2020-03-05,2977.344195600039,2030.0641956000388,1
2020-03-06,2964.0841956000386,2030.0641956000388,1
2020-03-09,2917.614195600039,2917.614195600039,0
2020-03-10,2917.614195600039,2917.614195600039,0
2020-03-11,2917.614195600039,2917.614195600039,0
2020-03-12,2917.614195600039,2917.614195600039,0
2020-03-13,2917.614195600039,2917.614195600039,0
2020-03-16,2917.614195600039,2917.614195600039,0
2020-03-17,2917.614195600039,2917.614195600039,0
2020-03-18,2917.614195600039,2917.614195600039,0
2020-03-19,2917.614195600039,2917.614195600039,0
2020-03-20,2917.614195600039,2917.614195600039,0
2020-03-23,2917.614195600039,2917.614195600039,0
2020-03-24,2917.614195600039,2917.614195600039,0
2020-03-25,2917.614195600039,2917.614195600039,0
2020-03-26,2917.614195600039,2917.614195600039,0
2020-03-27,2911.2541956000387,2012.2141956000387,1
2020-03-30,2938.3941956000385,2938.3941956000385,0
2020-03-31,2938.3941956000385,2938.3941956000385,0
2020-04-01,2938.3941956000385,2938.3941956000385,0
2020-04-02,2938.3941956000385,2938.3941956000385,0
2020-04-03,2938.3941956000385,2938.3941956000385,0
2020-04-06,2938.3941956000385,2938.3941956000385,0
2020-04-07,2938.3941956000385,2938.3941956000385,0
2020-04-08,2938.3941956000385,2938.3941956000385,0
2020-04-09,2938.3941956000385,2938.3941956000385,0
2020-04-13,2938.3941956000385,2938.3941956000385,0
2020-04-14,2938.3941956000385,2938.3941956000385,0
2020-04-15,2938.3941956000385,2938.3941956000385,0
2020-04-16,2938.3941956000385,2938.3941956000385,0
2020-04-17,2938.3941956000385,2938.3941956000385,0
2020-04-20,2938.3941956000385,2938.3941956000385,0
2020-04-21,2938.3941956000385,2938.3941956000385,0
2020-04-22,2922.1941956000383,2131.3641956000383,1
2020-04-23,2912.1141956000383,2131.3641956000383,1
2020-04-24,2935.4541956000385,1202.4441956000383,2
2020-04-27,2952.8441956000383,400.94419560003826,3
2020-04-28,2908.804195600038,400.94419560003826,3
2020-04-29,2967.434195600038,437.44419560003826,3
2020-04-30,2976.5641956000386,437.44419560003826,3
2020-05-01,2891.4441956000383,437.44419560003826,3
2020-05-04,2918.314195600038,437.44419560003826,3
2020-05-05,2922.304195600038,437.44419560003826,3
2020-05-06,2907.3041956000384,437.44419560003826,3
2020-05-07,2932.6541956000383,1019.8741956000383,2
2020-05-08,2937.314195600038,26.684195600038265,3
2020-05-11,2924.2841956000384,26.684195600038265,3
2020-05-12,2821.320225600038,1908.7702256000382,1
2020-05-13,2807.5202256000384,1908.7702256000382,1
2020-05-14,2800.6502256000385,1756.6402256000383,1
2020-05-15,2849.0407256000385,61.68372560003843,3
2020-05-18,2909.7397256000386,565.5487256000384,3
2020-05-19,2877.408725600038,565.5487256000384,3
2020-05-20,2902.4707256000383,565.5487256000384,3
2020-05-21,2866.3462256000385,1132.7287256000386,2
2020-05-22,2880.066725600039,45.40872560003868,3
2020-05-26,2852.3232256000388,333.8007256000387,3
2020-05-27,2850.650725600039,335.520725600039,3
2020-05-28,2869.900725600039,335.520725600039,3
2020-05-29,2893.840725600039,335.520725600039,3
2020-06-01,2887.918225600039,335.520725600039,3
2020-06-02,2907.229225600039,630.2527256000391,3
2020-06-03,2905.220225600039,317.357725600039,3
2020-06-04,2906.262725600039,317.357725600039,3
2020-06-05,2947.9127256000393,317.357725600039,3
2020-06-08,2974.487725600039,317.357725600039,3
2020-06-09,2950.187725600039,317.357725600039,3
2020-06-10,2997.4627256000385,846.887725600039,3
2020-06-11,2896.547785600039,1940.7327856000388,2
2020-06-12,2911.057785600039,2297.197785600039,1
2020-06-15,2920.5764856000396,252.578985600039,3
2020-06-16,2954.942085600039,252.578985600039,3
2020-06-17,2954.927385600039,252.578985600039,3
2020-06-18,2959.558185600039,252.578985600039,3
2020-06-19,2915.2364856000395,252.578985600039,3
2020-06-22,2926.6910856000386,478.4489856000389,3
2020-06-23,2935.424985600039,478.4489856000389,3
2020-06-24,2889.888285600039,478.4489856000389,3
2020-06-25,2901.971985600039,2240.831985600039,1
2020-06-26,2845.759985600039,113.70358560003888,3
2020-06-29,2856.677985600039,540.3135856000389,3
2020-06-30,2886.212985600039,540.3135856000389,3
2020-07-01,2910.572485600039,118.35158560003902,3
2020-07-02,2934.9831408000387,598.423940800039,3
2020-07-06,2957.3539408000393,598.423940800039,3
2020-07-07,2968.6873608000387,530.051360800039,3
2020-07-08,3020.2829608000393,530.051360800039,3
2020-07-09,3029.8085608000392,530.051360800039,3
2020-07-10,3016.139360800039,530.051360800039,3
2020-07-13,2938.7573608000394,530.051360800039,3
2020-07-14,2952.4453608000385,544.291360800039,3
2020-07-15,2979.3437608000386,544.291360800039,3
2020-07-16,2997.8405608000394,544.291360800039,3
2020-07-17,3035.008960800039,544.291360800039,3
2020-07-20,3030.6005608000387,544.291360800039,3
2020-07-21,3032.990560800039,544.291360800039,3
2020-07-22,3035.003760800039,1265.071360800039,2
2020-07-23,3018.5253608000394,85.71136080003885,3
2020-07-24,2996.875000800039,1247.7082008000389,2
2020-07-27,3023.331000800039,128.90220080003883,3
2020-07-28,3012.175400800039,128.90220080003883,3
2020-07-29,3060.4992008000386,163.5177008000387,3
2020-07-30,3002.070100800039,163.5177008000387,3
2020-07-31,3022.219800800039,163.5177008000387,3
2020-08-03,3036.1609008000387,163.5177008000387,3
2020-08-04,3022.7069311000387,24.17213110003877,3
2020-08-05,3009.0613311000384,24.17213110003877,3
2020-08-06,2959.2033111000387,110.27621110003884,3
2020-08-07,2920.2605705000387,53.6257705000387,3
2020-08-10,2954.5229705000384,53.6257705000387,3
2020-08-11,2923.5509705000386,1182.9357705000386,2
2020-08-12,2978.2055705000384,77.20877050003855,3
2020-08-13,2959.4021705000387,77.20877050003855,3
2020-08-14,2985.9113705000386,616.6903705000386,3
2020-08-17,2995.0254705000384,616.6903705000386,3
2020-08-18,3043.955870500039,616.6903705000386,3
2020-08-19,3015.0667705000387,616.6903705000386,3
2020-08-20,3019.970670500039,115.85037050003871,3
2020-08-21,3023.0319705000384,115.85037050003871,3
2020-08-24,3038.9992705000386,616.5212705000388,3
2020-08-25,3062.3832705000386,616.5212705000388,3
2020-08-26,3094.4536705000382,616.5212705000388,3
2020-08-27,3076.458470500039,616.5212705000388,3
2020-08-28,3104.6512705000387,616.5212705000388,3
2020-08-31,3098.8264705000383,616.5212705000388,3
2020-09-01,3122.0312705000388,616.5212705000388,3
2020-09-02,3149.7856705000386,616.5212705000388,3
2020-09-03,3047.368070500039,616.5212705000388,3
2020-09-04,3003.581270500039,3003.581270500039,0
2020-09-08,3003.581270500039,3003.581270500039,0
2020-09-09,2991.011270500039,697.1012705000389,2
2020-09-10,2905.1836030000395,50.000603000038836,3
2020-09-11,2875.917603000039,7.957603000039171,3
2020-09-14,2940.6376030000392,7.957603000039171,3
2020-09-15,2986.927603000039,7.957603000039171,3
2020-09-16,2970.5576030000393,7.957603000039171,3
2020-09-17,2965.3076030000393,7.957603000039171,3
2020-09-18,2940.5576030000393,7.957603000039171,3
2020-09-21,2923.6576030000388,7.957603000039171,3
2020-09-22,2930.1976030000396,55.10760300003926,3
2020-09-23,2863.1076030000395,8.647603000039226,3
2020-09-24,2867.6476030000395,1800.2476030000394,1
2020-09-25,2877.726503000039,154.11900300003924,3
2020-09-28,2909.1110030000395,103.52900300003921,3
2020-09-29,2901.445803000039,103.52900300003921,3
2020-09-30,2945.3852030000394,103.52900300003921,3
2020-10-01,2941.924403000039,295.91380300003925,3
2020-10-02,2962.0668030000397,295.91380300003925,3
2020-10-05,2997.6392030000397,295.91380300003925,3
2020-10-06,2968.394203000039,295.91380300003925,3
2020-10-07,3021.7240030000394,295.91380300003925,3
2020-10-08,3054.53360300004,295.91380300003925,3
2020-10-09,3087.7406030000393,819.9550030000394,3
2020-10-12,3093.741003000039,819.9550030000394,3
2020-10-13,3107.410403000039,819.9550030000394,3
2020-10-14,3107.8901230000392,1296.3557230000392,3
2020-10-15,3115.356523000039,1296.3557230000392,3
2020-10-16,3130.6159230000394,1296.3557230000392,3
2020-10-19,3108.247323000039,1296.3557230000392,3
2020-10-20,3123.8611230000392,1296.3557230000392,3
2020-10-21,3105.240123000039,1296.3557230000392,3
2020-10-22,3106.8539230000392,1296.3557230000392,3
2020-10-23,3116.023523000039,1296.3557230000392,3
2020-10-26,3088.1327230000393,1296.3557230000392,3
2020-10-27,3083.497523000039,854.6657230000394,3
2020-10-28,3038.4521630000395,2626.9273630000393,1
2020-10-29,3034.8529630000394,2626.9273630000393,1
2020-10-30,3003.1151630000395,1626.4633630000394,2
2020-11-02,3016.6829630000393,668.8633630000394,3
2020-11-03,3055.5005630000396,668.8633630000394,3
2020-11-04,3160.1281630000394,1175.1943630000394,3
2020-11-05,3173.5891630000397,1175.1943630000394,3
2020-11-06,3193.9051630000395,1175.1943630000394,3
2020-11-09,3131.5399630000393,1175.1943630000394,3
2020-11-10,3097.1227630000394,1653.9943630000394,2
2020-11-11,3106.5345630000397,2058.1965630000395,1
2020-11-12,3089.9485630000395,245.8965630000397,3
2020-11-13,3102.3225630000397,166.05656300003966,3
2020-11-16,3113.4845630000395,166.05656300003966,3
2020-11-17,3107.9325630000403,109.29656300003967,3
2020-11-18,3089.3143630000395,306.71996300003957,3
2020-11-19,3152.99886300004,306.71996300003957,3
2020-11-20,3094.4513630000397,306.71996300003957,3
2020-11-23,3105.48186300004,1136.5118630000397,2
2020-11-24,3115.64186300004,1136.5118630000397,2
2020-11-25,3077.60186300004,1136.5118630000397,2
2020-11-27,3099.60186300004,2140.5118630000397,1
2020-11-30,3159.77186300004,2140.5118630000397,1
2020-12-01,3139.6681630000403,1369.48816300004,2
2020-12-02,3143.32816300004,2580.88816300004,1
2020-12-03,3158.86816300004,291.49816300004045,3
2020-12-04,3227.5118430000402,828.6318430000404,3
2020-12-07,3224.46184300004,828.6318430000404,3
2020-12-08,3219.2818430000407,828.6318430000404,3
2020-12-09,3180.4318430000403,828.6318430000404,3
2020-12-10,3181.4918430000407,828.6318430000404,3
2020-12-11,3188.6518430000406,828.6318430000404,3
2020-12-14,3206.04184300004,828.6318430000404,3
2020-12-15,3219.6018430000404,828.6318430000404,3
2020-12-16,3235.5118430000402,828.6318430000404,3
2020-12-17,3267.3118430000404,828.6318430000404,3
2020-12-18,3268.3218430000406,828.6318430000404,3
2020-12-21,3236.4418430000405,828.6318430000404,3
2020-12-22,3233.8218430000406,828.6318430000404,3
2020-12-23,3211.2564430000402,285.7824430000403,3
2020-12-24,3222.74824300004,836.5824430000403,2
2020-12-28,3213.09004300004,0.21244300004013894,3
2020-12-29,3211.2708430000403,39.66244300004007,3
2020-12-30,3204.30484300004,39.66244300004007,3
2020-12-31,3251.7942430000403,39.66244300004007,3
2021-01-04,3172.36744300004,39.66244300004007,3
2021-01-05,3161.84764300004,1174.7206430000401,2
2021-01-06,3171.3641480000406,6.0060480000402094,3
2021-01-07,3215.7489480000404,356.7060480000402,3
2021-01-08,3256.7245480000397,356.7060480000402,3
2021-01-11,3234.3250480000397,356.7060480000402,3
2021-01-12,3293.4543772000407,1024.3148772000402,3
2021-01-13,3255.66537720004,1024.3148772000402,3
2021-01-14,3282.3058772000404,1024.3148772000402,3
2021-01-15,3281.1443772000403,1360.1148772000402,2
2021-01-19,3299.11337720004,115.11487720004016,3
2021-01-20,3306.36837720004,115.11487720004016,3
2021-01-21,3308.0961682000398,745.7361682000403,3
2021-01-22,3231.4671682000408,378.4961682000403,3
2021-01-25,3211.06716820004,378.4961682000403,3
2021-01-26,3194.95866820004,379.4961682000403,3
2021-01-27,3106.332570235058,1158.036570235058,2
2021-01-28,3087.940570235058,29.754570235058054,3
2021-01-29,3047.1980702350584,29.754570235058054,3
2021-02-01,3112.084070235058,115.71457023505809,3
2021-02-02,3169.5380702350585,115.71457023505809,3
2021-02-03,3250.534070235058,735.3975702350581,3
2021-02-04,3288.524570235058,735.3975702350581,3
2021-02-05,3303.185570235058,735.3975702350581,3
2021-02-08,3329.1095702350585,735.3975702350581,3
2021-02-09,3319.3135702350583,735.3975702350581,3
2021-02-10,3312.730570235058,735.3975702350581,3
2021-02-11,3315.596070235058,735.3975702350581,3
2021-02-12,3323.148070235058,735.3975702350581,3
2021-02-16,3342.8738702350583,1378.4133702350582,3
2021-02-17,3321.117870235058,1378.4133702350582,3
2021-02-18,3282.628370235058,810.2653702350581,3
2021-02-19,3279.788370235058,184.17537023505815,3
2021-02-22,3291.3288702350574,11.280870235057819,3
2021-02-23,3332.8168702350586,592.0508702350578,3
2021-02-24,3334.573870235058,592.0508702350578,3
2021-02-25,3246.675870235058,592.0508702350578,3
2021-02-26,3228.0608702350582,7.320870235058237,3
2021-03-01,3301.8333702350583,7.320870235058237,3
2021-03-02,3279.0083702350585,7.320870235058237,3
2021-03-03,3247.2633702350586,7.320870235058237,3
2021-03-04,3215.140870235058,46.600870235058096,3
2021-03-05,3300.488370235058,32.650870235058164,3
2021-03-08,3329.7411702350582,636.0936702350582,3
2021-03-09,3323.508670235058,636.0936702350582,3
2021-03-10,3378.1893310350583,1274.8205310350581,3
2021-03-11,3371.890631035058,1274.8205310350581,3
2021-03-12,3402.168131035058,1274.8205310350581,3
2021-03-15,3411.968031035058,1274.8205310350581,3
2021-03-16,3406.062031035058,1274.8205310350581,3
2021-03-17,3417.3096710350583,1508.3074710350581,3
2021-03-18,3384.8308710350584,1508.3074710350581,3
2021-03-19,3365.814971035058,1508.3074710350581,3
2021-03-22,3377.402671035058,1508.3074710350581,3
2021-03-23,3336.819871035058,607.667471035058,3
2021-03-24,3327.1792710350583,607.667471035058,3
2021-03-25,3345.1298710350584,607.667471035058,3
2021-03-26,3359.203771035058,607.667471035058,3
2021-03-29,3352.927971035058,346.403971035058,3
2021-03-30,3341.419971035058,346.403971035058,3
2021-03-31,3335.099971035058,43.12397103505805,3
2021-04-01,3373.487971035058,43.12397103505805,3
2021-04-05,3375.295971035058,43.12397103505805,3
2021-04-06,3371.483971035058,43.12397103505805,3
2021-04-07,3379.179971035058,43.12397103505805,3
2021-04-08,3385.669971035058,307.1839710350582,3
2021-04-09,3429.9879710350583,307.1839710350582,3
2021-04-12,3418.2850710350576,684.4450710350582,3
2021-04-13,3404.001071035058,684.4450710350582,3
2021-04-14,3396.105071035058,133.14507103505775,3
2021-04-15,3361.6634710350577,113.32347103505754,3
2021-04-16,3366.2434710350576,113.32347103505754,3
2021-04-19,3353.293471035057,113.32347103505754,3
2021-04-20,3328.9976210350574,2535.9376210350574,1
2021-04-21,3360.1047210350575,54.422621035057546,3
2021-04-22,3338.5799210350574,54.422621035057546,3
2021-04-23,3397.447621035057,54.422621035057546,3
2021-04-26,3410.8199010350572,626.6176010350575,3
2021-04-27,3413.9905010350576,626.6176010350575,3
2021-04-28,3423.620101035057,626.6176010350575,3
2021-04-29,3443.189901035058,626.6176010350575,3
2021-04-30,3409.9103010350573,626.6176010350575,3
2021-05-03,3429.3874010350573,626.6176010350575,3
2021-05-04,3410.047340835057,561.8273408350576,3
2021-05-05,3401.2273408350575,561.8273408350576,3
2021-05-06,3432.467340835058,561.8273408350576,3
2021-05-07,3459.6873408350575,561.8273408350576,3
2021-05-10,3454.5673408350576,561.8273408350576,3
2021-05-11,3419.5273408350577,561.8273408350576,3
2021-05-12,3362.8073408350574,561.8273408350576,3
2021-05-13,3381.1873408350575,1893.8273408350576,2
2021-05-14,3420.7773408350577,807.8273408350576,3
2021-05-17,3425.3973408350575,807.8273408350576,3
2021-05-18,3405.3073408350574,807.8273408350576,3
2021-05-19,3383.6473408350575,807.8273408350576,3
2021-05-20,3386.287340835058,807.8273408350576,3
2021-05-21,3416.3473408350574,807.8273408350576,3
2021-05-24,3426.4373408350575,807.8273408350576,3
2021-05-25,3417.537340835058,807.8273408350576,3
2021-05-26,3428.4473408350577,807.8273408350576,3
2021-05-27,3456.217340835058,807.8273408350576,3
2021-05-28,3457.4073408350578,807.8273408350576,3
2021-06-01,3478.273840835058,1188.0338408350576,3
2021-06-02,3471.6738408350575,800.9738408350577,3
2021-06-03,3504.0538408350576,800.9738408350577,3
2021-06-04,3508.153840835058,800.9738408350577,3
2021-06-07,3592.7968408350575,1437.1568408350577,3
2021-06-08,3584.2568408350576,1437.1568408350577,3
2021-06-09,3591.5168408350573,1437.1568408350577,3
2021-06-10,3591.6568408350577,1437.1568408350577,3
2021-06-11,3561.4068408350577,858.9868408350578,3
2021-06-14,3536.968870835058,749.2588708350581,3
2021-06-15,3546.658870835058,830.2488708350584,3
2021-06-16,3517.2988708350586,830.2488708350584,3
2021-06-17,3439.084950835058,756.7649508350582,3
2021-06-18,3359.4949508350583,1388.574950835058,2
2021-06-21,3378.4494508350576,1370.5019508350576,2
2021-06-22,3385.917450835058,99.37195083505753,3
2021-06-23,3370.028950835058,99.37195083505753,3
2021-06-24,3434.971950835057,99.37195083505753,3
2021-06-25,3425.135450835058,99.37195083505753,3
2021-06-28,3383.3179508350577,99.37195083505753,3
2021-06-29,3372.529450835058,99.37195083505753,3
2021-06-30,3400.9964508350577,1369.4519508350575,2
2021-07-01,3413.5314508350575,115.6519508350575,3
2021-07-02,3450.3644508350576,115.6519508350575,3
2021-07-06,3415.1916508350578,746.1916508350575,3
2021-07-07,3413.4980754055987,661.7540754055988,3
2021-07-08,3400.758075405599,661.7540754055988,3
2021-07-09,3416.325075405599,661.7540754055988,3
2021-07-12,3450.7455554055987,1267.3525554055987,3
2021-07-13,3436.1115554055987,1267.3525554055987,3
2021-07-14,3436.3745554055986,1267.3525554055987,3
2021-07-15,3441.2925554055987,1267.3525554055987,3
2021-07-16,3441.9525554055986,1267.3525554055987,3
2021-07-19,3415.3505554055987,1267.3525554055987,3
2021-07-20,3456.459255405599,842.7406554055985,3
2021-07-21,3478.849155405599,842.7406554055985,3
2021-07-22,3517.2001554055987,842.7406554055985,3
2021-07-23,3542.0863554055986,842.7406554055985,3
2021-07-26,3538.721355405599,842.7406554055985,3
2021-07-27,3544.5400554055987,842.7406554055985,3
2021-07-28,3550.974155405599,842.7406554055985,3
2021-07-29,3575.1160554055987,646.6260554055987,3
2021-07-30,3548.256055405599,646.6260554055987,3
2021-08-02,3506.9583754055984,835.0483754055986,3
2021-08-03,3566.268375405599,646.0783754055985,3
2021-08-04,3601.488375405598,646.0783754055985,3
2021-08-05,3589.9983754055984,646.0783754055985,3
2021-08-06,3579.228375405598,646.0783754055985,3
2021-08-09,3595.738375405598,646.0783754055985,3
2021-08-10,3595.768375405598,646.0783754055985,3
2021-08-11,3584.0483754055986,646.0783754055985,3
2021-08-12,3578.1383754055987,646.0783754055985,3
2021-08-13,3599.7117554055985,1280.4417554055985,3
2021-08-16,3620.1417554055984,1280.4417554055985,3
2021-08-17,3615.8417554055986,1280.4417554055985,3
2021-08-18,3577.5317554055987,1280.4417554055985,3
2021-08-19,3568.861755405598,772.6617554055986,3
2021-08-20,3595.8717554055984,410.3517554055984,3
2021-08-23,3617.581755405599,410.3517554055984,3
2021-08-24,3609.671755405598,410.3517554055984,3
2021-08-25,3624.503855405598,1070.9238554055983,3
2021-08-26,3600.413855405598,1070.9238554055983,3
2021-08-27,3636.395855405598,803.0158554055979,3
2021-08-30,3661.525855405598,803.0158554055979,3
2021-08-31,3651.555855405598,803.0158554055979,3
2021-09-01,3672.205855405598,803.0158554055979,3
2021-09-02,3655.015855405598,803.0158554055979,3
2021-09-03,3662.125855405598,803.0158554055979,3
2021-09-07,3648.285855405598,803.0158554055979,3
2021-09-08,3631.615855405598,2213.2558554055977,2
2021-09-09,3621.4458554055977,853.8458554055978,3
2021-09-10,3617.225855405598,853.8458554055978,3
2021-09-13,3609.2158554055977,853.8458554055978,3
2021-09-14,3572.2459454055984,145.98094540559805,3
2021-09-15,3596.2359454055977,145.98094540559805,3
2021-09-16,3580.520945405598,145.98094540559805,3
2021-09-17,3510.5431654055983,436.6875654055982,3
2021-09-20,3485.0139654055984,1155.2875654055983,2
2021-09-21,3497.1151654055984,309.23276540559834,3
2021-09-22,3525.826365405598,37.56916540559837,3
2021-09-23,3561.3579654055984,37.56916540559837,3
2021-09-24,3563.678365405598,37.56916540559837,3
2021-09-27,3492.285757005598,12.825757005598462,3
2021-09-28,3384.160342018908,2261.720342018908,1
2021-09-29,3373.600342018908,3373.600342018908,0
2021-09-30,3344.380342018908,2201.720342018908,1
2021-10-01,3374.215942018908,879.5835420189085,2
2021-10-04,3346.225942018908,117.09154201890851,3
2021-10-05,3361.7323420189086,50.185542018908336,3
2021-10-06,3359.1095420189076,50.185542018908336,3
2021-10-07,3384.8855420189084,50.185542018908336,3
2021-10-08,3412.4179420189084,50.185542018908336,3
2021-10-11,3405.068742018909,50.185542018908336,3
2021-10-12,3416.329542018909,50.185542018908336,3
2021-10-13,3368.9992720189084,1220.8836720189083,2
2021-10-14,3405.2150320189085,278.68063201890845,3
2021-10-15,3466.3674320189084,278.68063201890845,3
2021-10-18,3450.7382320189085,278.68063201890845,3
2021-10-19,3439.192632018908,278.68063201890845,3
2021-10-20,3473.9058320189083,211.28583201890842,3
2021-10-21,3453.685832018908,211.28583201890842,3
2021-10-22,3503.8758320189086,211.28583201890842,3
2021-10-25,3493.5558320189084,211.28583201890842,3
2021-10-26,3511.9179109786874,936.4179109786875,3
2021-10-27,3464.8079109786877,936.4179109786875,3
2021-10-28,3497.147910978688,936.4179109786875,3
2021-10-29,3491.9379109786873,936.4179109786875,3
2021-11-01,3484.4679109786875,936.4179109786875,3
2021-11-02,3505.8579109786874,178.31791097868745,3
2021-11-03,3519.707910978688,178.31791097868745,3
2021-11-04,3500.2679109786873,132.31791097868745,3
2021-11-05,3565.407910978687,690.5879109786874,3
2021-11-08,3581.1979109786876,690.5879109786874,3
2021-11-09,3573.0379109786873,690.5879109786874,3
2021-11-10,3509.4779109786873,690.5879109786874,3
2021-11-11,3523.1779109786876,712.4979109786871,3
2021-11-12,3531.227910978687,712.4979109786871,3
2021-11-15,3537.647910978687,712.4979109786871,3
2021-11-16,3529.367910978687,712.4979109786871,3
2021-11-17,3503.987910978687,712.4979109786871,3
2021-11-18,3517.0289109786872,1416.122410978687,2
2021-11-19,3511.660910978687,1416.122410978687,2
2021-11-22,3474.840410978687,1416.122410978687,2
2021-11-23,3474.9094109786865,115.15941097868676,3
2021-11-24,3462.9894109786865,840.9594109786867,2
2021-11-26,3361.437410978687,25.57941097868661,3
2021-11-29,3383.077410978686,25.57941097868661,3
2021-11-30,3320.889410978687,92.65941097868654,3
2021-12-01,3280.9621352886043,0.13813528860418955,3
2021-12-02,3248.283135288604,991.0381352886043,2
2021-12-03,3222.984135288604,204.58413528860422,3
2021-12-06,3188.3963152886045,300.97631528860416,3
2021-12-07,3226.706315288605,300.97631528860416,3
2021-12-08,3212.956315288604,300.97631528860416,3
2021-12-09,3186.3563152886045,300.97631528860416,3
2021-12-10,3214.117315288604,264.9417152886042,3
2021-12-13,3199.3257152886044,264.9417152886042,3
2021-12-14,3138.203800368999,806.7438003689989,2
2021-12-15,3167.243800368999,53.56380036899907,3
2021-12-16,3098.723660368999,132.35366036899904,3
2021-12-17,3071.3636603689993,1893.2636603689991,1
2021-12-20,3060.163660368999,3060.163660368999,0
2021-12-21,3064.713660368999,671.8336603689991,2
2021-12-22,3092.8336603689986,123.3736603689988,3
2021-12-23,3104.473660368999,123.3736603689988,3
2021-12-27,3165.1684203689993,663.6584203689988,3
2021-12-28,3145.118420368999,663.6584203689988,3
2021-12-29,3161.108420368999,663.6584203689988,3
2021-12-30,3138.288420368999,663.6584203689988,3
2021-12-31,3138.398420368999,663.6584203689988,3
2022-01-03,3153.8784203689984,663.6584203689988,3
2022-01-04,3092.528420368999,239.4084203689988,3
2022-01-05,3057.8284203689986,1239.1484203689988,2
2022-01-06,3042.8484203689986,1239.1484203689988,2
2022-01-07,2989.770420368999,31.243420368998613,3
2022-01-10,2979.4304203689985,1804.8504203689986,1
2022-01-11,3003.938020368998,19.40362036899853,3
2022-01-12,2993.4456203689983,287.93362036899873,3
2022-01-13,2978.8672203689985,287.93362036899873,3
2022-01-14,2992.837620368998,287.93362036899873,3
2022-01-18,2903.472530368999,1425.0853303689987,2
2022-01-19,2906.4565303689988,2906.4565303689988,0
2022-01-20,2906.4565303689988,2906.4565303689988,0
2022-01-21,2906.4565303689988,2906.4565303689988,0
2022-01-24,2906.4565303689988,2906.4565303689988,0
2022-01-25,2915.736530368999,7.286530368998797,3
2022-01-26,2933.5365303689987,245.95653036899864,3
2022-01-27,2922.886530368999,245.95653036899864,3
2022-01-28,2939.296530368999,1168.9965303689987,2
2022-01-31,2934.8665303689986,132.61653036899884,3
2022-02-01,2969.3665303689986,132.61653036899884,3
2022-02-02,3000.586530368999,40.07653036899865,3
2022-02-03,2997.296530368999,40.07653036899865,3
2022-02-04,3004.7865303689987,40.07653036899865,3
2022-02-07,3024.4565303689988,40.07653036899865,3
2022-02-08,3061.780130368999,1750.040130368999,2
2022-02-09,3071.7901303689987,2038.1301303689988,2
2022-02-10,3067.920130368999,2038.1301303689988,2
2022-02-11,3060.6201303689986,2038.1301303689988,2
2022-02-14,3048.760130368999,2038.1301303689988,2
2022-02-15,3056.470130368999,2038.1301303689988,2
2022-02-16,3060.440130368999,869.1701303689988,3
2022-02-17,3049.340130368999,869.1701303689988,3
2022-02-18,3023.5701303689993,540.500130368999,3
2022-02-22,2945.1796403689996,496.3696403689994,3
2022-02-23,2917.5496403689995,611.5696403689994,3
2022-02-24,2847.9196403689994,1769.1196403689996,1
2022-02-25,2912.409640369,820.8196403689997,2
2022-02-28,2945.5196403689997,820.8196403689997,2
2022-03-01,2914.6325808293595,1716.8725808293595,1
2022-03-02,2939.4736808859984,2322.9136808859985,1
2022-03-03,2947.7936808859986,2322.9136808859985,1
2022-03-04,2957.5136808859984,2322.9136808859985,1
2022-03-07,2971.0736808859983,2322.9136808859985,1
2022-03-08,3005.0336808859984,2322.9136808859985,1
2022-03-09,2979.5936808859988,1123.7936808859986,2
2022-03-10,3005.193680885998,160.83368088599855,3
2022-03-11,2982.8336808859985,160.83368088599855,3
2022-03-14,3011.233680885998,160.83368088599855,3
2022-03-15,3028.9536808859984,160.83368088599855,3
2022-03-16,3034.1536808859987,160.83368088599855,3
2022-03-17,3065.9245608859983,789.8045608859982,3
2022-03-18,3069.8445608859984,789.8045608859982,3
2022-03-21,3089.6045608859986,789.8045608859982,3
2022-03-22,3093.7245608859985,789.8045608859982,3
2022-03-23,3079.444560885998,789.8045608859982,3
2022-03-24,3102.9245608859983,789.8045608859982,3
2022-03-25,3128.164560885998,789.8045608859982,3
2022-03-28,3128.0164408859982,1303.2964408859982,3
2022-03-29,3125.256440885998,1303.2964408859982,3
2022-03-30,3133.256440885998,1303.2964408859982,3
2022-03-31,3124.9964408859987,1303.2964408859982,3
2022-04-01,3143.196440885998,1303.2964408859982,3
2022-04-04,3145.616440885998,1303.2964408859982,3
2022-04-05,3150.376440885998,1303.2964408859982,3
2022-04-06,3182.9564408859983,1303.2964408859982,3
2022-04-07,3216.4764408859983,1303.2964408859982,3
2022-04-08,3243.416440885998,1303.2964408859982,3
2022-04-11,3207.0364408859978,1303.2964408859982,3
2022-04-12,3210.876440885998,1303.2964408859982,3
2022-04-13,3207.636440885998,1303.2964408859982,3
2022-04-14,3145.886440885998,681.076440885998,3
2022-04-18,3140.376440885998,1878.836440885998,2
2022-04-19,3135.5764408859977,694.6164408859979,3
2022-04-20,3162.3964408859974,694.6164408859979,3
2022-04-21,3099.836440885998,694.6164408859979,3
2022-04-22,3049.338920885998,2508.498920885998,1
2022-04-25,3048.498920885998,3048.498920885998,0
2022-04-26,3048.498920885998,3048.498920885998,0
2022-04-27,3036.248920885998,1862.558920885998,1
2022-04-28,3093.8389208859976,27.16892088599809,3
2022-04-29,2958.595050885998,2276.595050885998,1
2022-05-02,2967.8750508859976,2276.595050885998,1
2022-05-03,2968.315050885998,1137.0450508859979,2
2022-05-04,2995.795050885998,2262.195050885998,1
2022-05-05,2984.675050885998,2262.195050885998,1
2022-05-06,2995.715050885998,2262.195050885998,1
2022-05-09,2937.875050885998,2262.195050885998,1
2022-05-10,2947.315050885998,2947.315050885998,0
2022-05-11,2947.315050885998,2947.315050885998,0
2022-05-12,2947.315050885998,2947.315050885998,0
2022-05-13,2966.815050885998,1811.635050885998,1
2022-05-16,2993.985050885998,1811.635050885998,1
2022-05-17,3009.065050885998,1811.635050885998,1
2022-05-18,2990.085050885998,1811.635050885998,1
2022-05-19,2996.455050885998,1811.635050885998,1
2022-05-20,3005.815050885998,1811.635050885998,1
2022-05-23,3044.3150508859976,76.60505088599803,3
2022-05-24,3059.6850508859984,76.60505088599803,3
2022-05-25,3107.2558508859975,649.2858508859979,3
2022-05-26,3127.645850885998,649.2858508859979,3
2022-05-27,3153.3758508859983,649.2858508859979,3
2022-05-31,3105.705850885998,649.2858508859979,3
2022-06-01,3147.155850885998,649.2858508859979,3
2022-06-02,3139.775850885998,649.2858508859979,3
2022-06-03,3176.7158508859975,649.2858508859979,3
2022-06-06,3165.8758508859983,649.2858508859979,3
2022-06-07,3240.793170885998,887.6731708859979,3
2022-06-08,3253.293170885998,887.6731708859979,3
2022-06-09,3202.303170885998,887.6731708859979,3
2022-06-10,3175.973170885998,2122.263170885998,2
2022-06-13,3128.493170885998,2122.263170885998,2
2022-06-14,3146.193170885998,3146.193170885998,0
2022-06-15,3146.193170885998,3146.193170885998,0
2022-06-16,3146.193170885998,3146.193170885998,0
2022-06-17,3146.193170885998,3146.193170885998,0
2022-06-21,3146.193170885998,3146.193170885998,0
2022-06-22,3146.193170885998,3146.193170885998,0
2022-06-23,3146.193170885998,3146.193170885998,0
2022-06-24,3146.193170885998,3146.193170885998,0
2022-06-27,3146.193170885998,3146.193170885998,0
2022-06-28,3146.193170885998,3146.193170885998,0
2022-06-29,3146.193170885998,3146.193170885998,0
2022-06-30,3146.193170885998,3146.193170885998,0
2022-07-01,3146.193170885998,3146.193170885998,0
2022-07-05,3148.143170885998,1943.823170885998,1
2022-07-06,3163.093170885998,921.823170885998,2
2022-07-07,3159.7131708859984,921.823170885998,2
2022-07-08,3166.843170885998,6.343170885998006,3
2022-07-11,3185.5231708859983,6.343170885998006,3
2022-07-12,3166.7431708859976,6.343170885998006,3
2022-07-13,3140.733170885998,6.343170885998006,3
2022-07-14,3108.6031708859978,13.443170885998029,3
2022-07-15,3148.874830885998,346.4648308859981,3
2022-07-18,3081.794830885998,671.1448308859981,2
2022-07-19,3096.814830885998,1896.1348308859983,1
2022-07-20,3078.294830885998,1936.2948308859982,1
2022-07-21,3061.465830885998,2080.7058308859982,1
2022-07-22,3040.2758308859984,932.8658308859983,2
2022-07-25,3055.5158308859986,2060.8658308859985,1
2022-07-26,3055.545830885999,2060.8658308859985,1
2022-07-27,3047.6858308859983,2060.8658308859985,1
2022-07-28,3053.2658308859986,2060.8658308859985,1
2022-07-29,3049.9358308859983,2060.8658308859985,1
2022-08-01,3033.3158308859984,2060.8658308859985,1
2022-08-02,3042.4358308859983,3042.4358308859983,0
2022-08-03,3042.4358308859983,3042.4358308859983,0
2022-08-04,3042.4358308859983,3042.4358308859983,0
2022-08-05,3042.4358308859983,3042.4358308859983,0
2022-08-08,3035.8158308859984,1962.6158308859983,1
2022-08-09,3037.135830885998,1962.6158308859983,1
2022-08-10,3038.055830885998,1962.6158308859983,1
2022-08-11,3020.085830885999,836.1158308859983,2
2022-08-12,3067.1158308859985,836.1158308859983,2
2022-08-15,3078.3558308859983,836.1158308859983,2
2022-08-16,3070.545830885999,836.1158308859983,2
2022-08-17,3051.385830885998,836.1158308859983,2
2022-08-18,3072.6158308859985,836.1158308859983,2
2022-08-19,3046.485830885998,236.33583088599835,3
2022-08-22,3004.2558308859984,1327.4358308859983,2
2022-08-23,2996.3329308859984,2996.3329308859984,0
2022-08-24,2995.072930885998,974.4229308859983,2
2022-08-25,3008.4329308859988,95.42293088599831,3
2022-08-26,2965.9629308859985,429.6729308859983,3
2022-08-29,2941.7329308859985,2941.7329308859985,0
2022-08-30,2941.7329308859985,2941.7329308859985,0
2022-08-31,2941.7329308859985,2941.7329308859985,0
2022-09-01,2941.7329308859985,2941.7329308859985,0
2022-09-02,2913.152930885999,78.93293088599853,3
2022-09-06,2880.412930885999,98.02293088599845,3
2022-09-07,2834.344180885999,1704.6641808859986,1
2022-09-08,2844.6241808859986,743.8341808859986,2
2022-09-09,2883.2941808859987,68.19418088599866,3
2022-09-12,2905.561780885999,634.2917808859987,3
2022-09-13,2848.8452008859986,1619.8852008859985,2
2022-09-14,2892.1252008859983,1619.8852008859985,2
2022-09-15,2861.495200885998,1619.8852008859985,2
2022-09-16,2851.0252008859984,2285.3752008859983,1
2022-09-19,2851.8852008859985,1269.2152008859985,2
2022-09-20,2825.6880808859983,2265.3380808859984,1
2022-09-21,2820.788080885998,2265.3380808859984,1
2022-09-22,2815.6380808859985,2265.3380808859984,1
2022-09-23,2790.788080885998,2790.788080885998,0
2022-09-26,2790.788080885998,2790.788080885998,0
2022-09-27,2790.788080885998,2790.788080885998,0
2022-09-28,2790.788080885998,2790.788080885998,0
2022-09-29,2790.788080885998,2790.788080885998,0
2022-09-30,2790.788080885998,2790.788080885998,0
2022-10-03,2790.788080885998,2790.788080885998,0
2022-10-04,2792.408080885998,1802.738080885998,1
2022-10-05,2798.078080885998,1802.738080885998,1
2022-10-06,2801.588080885998,1802.738080885998,1
2022-10-07,2782.718080885998,1802.738080885998,1
2022-10-10,2774.408080885998,1802.738080885998,1
2022-10-11,2781.278080885998,912.998080885998,2
2022-10-12,2760.3335808859983,1786.623580885998,1
2022-10-13,2785.6235808859983,899.7035808859981,2
2022-10-14,2773.503580885998,899.7035808859981,2
2022-10-17,2789.043580885998,899.7035808859981,2
2022-10-18,2805.303580885998,899.7035808859981,2
2022-10-19,2774.3138508859984,2774.3138508859984,0
2022-10-20,2774.3138508859984,2774.3138508859984,0
2022-10-21,2774.3138508859984,2774.3138508859984,0
2022-10-24,2793.2838508859986,2056.1338508859985,1
2022-10-25,2803.4638508859985,2056.1338508859985,1
2022-10-26,2790.1138508859985,2056.1338508859985,1
2022-10-27,2781.0138508859986,2056.1338508859985,1
2022-10-28,2806.8938508859983,2056.1338508859985,1
2022-10-31,2804.8838508859985,2056.1338508859985,1
2022-11-01,2817.1088108859985,2817.1088108859985,0
2022-11-02,2817.1088108859985,2817.1088108859985,0
2022-11-03,2817.1088108859985,2817.1088108859985,0
2022-11-04,2817.1088108859985,2817.1088108859985,0
2022-11-07,2826.9788108859984,2076.0488108859986,1
2022-11-08,2833.4188108859985,129.16881088599848,3
2022-11-09,2821.7388108859986,129.16881088599848,3
2022-11-10,2841.2588108859986,129.16881088599848,3
2022-11-11,2787.4732208859987,105.46322088599845,3
2022-11-14,2764.7345008859984,1221.4645008859984,2
2022-11-15,2752.5245008859983,188.3345008859983,3
2022-11-16,2712.9645008859984,198.1045008859984,3
2022-11-17,2759.3345008859983,198.1045008859984,3
2022-11-18,2769.794500885998,198.1045008859984,3
2022-11-21,2770.6202708859983,55.64027088599835,3
2022-11-22,2792.7802708859986,55.64027088599835,3
2022-11-23,2784.9802708859984,55.64027088599835,3
2022-11-25,2786.720270885998,55.64027088599835,3
2022-11-28,2796.0835708859986,594.4135708859983,3
2022-11-29,2798.6635708859985,594.4135708859983,3
2022-11-30,2827.6935708859983,1233.4535708859983,2
2022-12-01,2833.893570885998,1233.4535708859983,2
2022-12-02,2838.3435708859984,1233.4535708859983,2
2022-12-05,2832.603570885998,1233.4535708859983,2
2022-12-06,2817.063570885998,1233.4535708859983,2
2022-12-07,2799.2435708859985,252.2135708859987,3
2022-12-08,2819.863570885999,252.2135708859987,3
2022-12-09,2767.8135708859986,252.2135708859987,3
2022-12-12,2806.883570885999,147.67357088599852,3
2022-12-13,2849.0202908859983,1206.1502908859984,3
2022-12-14,2853.4602908859983,972.9702908859983,3
2022-12-15,2814.9102908859986,1535.4902908859983,2
2022-12-16,2803.2902908859983,2257.2902908859983,1
2022-12-19,2805.010290885998,1211.3102908859983,2
2022-12-20,2812.341290885998,92.43229088599833,3
2022-12-21,2858.144290885998,92.43229088599833,3
2022-12-22,2794.219972885998,1191.6499728859983,2
2022-12-23,2799.5999728859983,83.80997288599838,3
2022-12-27,2806.9099728859987,83.80997288599838,3
2022-12-28,2782.2199728859982,83.80997288599838,3
2022-12-29,2799.019972885998,158.41997288599828,3
2022-12-30,2796.6299728859985,158.41997288599828,3
2023-01-03,2773.4199728859985,158.41997288599828,3
2023-01-04,2784.0399728859984,142.19997288599825,3
2023-01-05,2769.759972885998,142.19997288599825,3
2023-01-06,2831.2799728859986,184.7599728859982,3
2023-01-09,2786.204772885998,684.9847728859983,3
2023-01-10,2802.964772885998,1237.7847728859983,2
2023-01-11,2797.2447728859984,1237.7847728859983,2
2023-01-12,2816.044772885998,124.68477288599843,3
2023-01-13,2833.3047728859983,124.68477288599843,3
2023-01-17,2787.2247728859984,124.68477288599843,3
2023-01-18,2768.8047728859983,2263.1647728859984,1
2023-01-19,2754.6647728859984,2263.1647728859984,1
2023-01-20,2781.6947728859986,1.4047728859987956,3
2023-01-23,2800.2847728859983,1.4047728859987956,3
2023-01-24,2805.146482885999,1348.7364828859988,2
2023-01-25,2810.8864828859987,245.93648288599866,3
2023-01-26,2813.5364828859992,245.93648288599866,3
2023-01-27,2789.686482885999,245.93648288599866,3
2023-01-30,2763.7564828859986,1715.5564828859988,1
2023-01-31,2777.0764828859988,1715.5564828859988,1
2023-02-01,2790.099602885998,145.6796028859983,3
2023-02-02,2720.9798728859982,606.2998728859983,3
2023-02-03,2708.3798728859983,606.2998728859983,3
2023-02-06,2694.5998728859986,606.2998728859983,3
2023-02-07,2708.6898728859983,924.2898728859981,2
2023-02-08,2690.269872885998,924.2898728859981,2
2023-02-09,2675.979872885998,25.409872885998084,3
2023-02-10,2716.2698728859978,886.1298728859981,2
2023-02-13,2718.859872885998,26.52987288599809,3
2023-02-14,2692.359872885998,26.52987288599809,3
2023-02-15,2695.5598728859977,26.52987288599809,3
2023-02-16,2665.419872885998,763.5298728859981,2
2023-02-17,2621.849872885998,763.5298728859981,2
2023-02-21,2599.0598728859977,1760.819872885998,1
2023-02-22,2606.325872885998,574.2353728859975,2
2023-02-23,2596.5958728859973,84.30137288599752,3
2023-02-24,2547.220491385998,1545.2204913859978,1
2023-02-27,2545.908491385998,41.42649138599768,3
2023-02-28,2551.0964913859975,624.1464913859977,2
2023-03-01,2560.6244913859978,624.1464913859977,2
2023-03-02,2560.928491385998,1529.7964913859978,1
2023-03-03,2599.186491385998,569.2764913859978,2
2023-03-06,2605.0471913859974,1021.2351913859977,2
2023-03-07,2582.9551913859978,1021.2351913859977,2
2023-03-08,2585.323191385998,1021.2351913859977,2
2023-03-09,2551.5711913859977,744.3651913859976,2
2023-03-10,2535.6526713859976,2535.6526713859976,0
2023-03-13,2535.6526713859976,2535.6526713859976,0
2023-03-14,2563.1246713859973,32.468671385997595,3
2023-03-15,2535.0726713859976,32.468671385997595,3
2023-03-16,2586.878671385997,32.468671385997595,3
2023-03-17,2571.520671385998,32.468671385997595,3
2023-03-20,2614.3046713859976,32.468671385997595,3
2023-03-21,2577.828671385997,32.468671385997595,3
2023-03-22,2546.940671385997,32.468671385997595,3
2023-03-23,2585.8566713859973,32.468671385997595,3
2023-03-24,2562.1306713859976,32.468671385997595,3
2023-03-27,2544.122671385998,32.468671385997595,3
2023-03-28,2544.618671385998,864.6986713859976,2
2023-03-29,2575.3190713859976,703.6318713859977,2
2023-03-30,2614.7454713859975,93.63187138599767,3
2023-03-31,2647.7529913859976,487.07539138599765,3
2023-04-03,2646.983791385998,487.07539138599765,3
2023-04-04,2622.8341913859977,487.07539138599765,3
2023-04-05,2586.4013913859976,487.07539138599765,3
2023-04-06,2549.6713913859976,1057.9753913859977,2
2023-04-10,2542.5405913859977,653.3153913859976,2
2023-04-11,2536.5785913859977,39.58739138599765,3
2023-04-12,2529.4813913859975,39.58739138599765,3
2023-04-13,2569.4753913859977,30.345391385997686,3
2023-04-14,2574.1439913859977,530.0139913859977,3
2023-04-17,2595.9139913859976,530.0139913859977,3
2023-04-18,2599.2539913859973,530.0139913859977,3
2023-04-19,2589.8139913859973,530.0139913859977,3
2023-04-20,2570.5589913859976,1010.7889913859976,2
2023-04-21,2577.4589913859977,1010.7889913859976,2
2023-04-24,2541.1087113859976,140.37471138599756,3
2023-04-25,2489.2108373859974,553.2408373859976,2
2023-04-26,2494.7008373859976,2494.7008373859976,0
2023-04-27,2485.5988373859977,76.02283738599766,3
2023-04-28,2509.8668373859978,76.02283738599766,3
2023-05-01,2563.8528373859976,76.02283738599766,3
2023-05-02,2522.5428373859977,76.02283738599766,3
2023-05-03,2498.9148373859975,76.02283738599766,3
2023-05-04,2477.184837385998,76.02283738599766,3
2023-05-05,2524.4728373859975,76.02283738599766,3
2023-05-08,2542.488837385998,76.02283738599766,3
2023-05-09,2518.7588373859976,76.02283738599766,3
2023-05-10,2535.802837385998,76.02283738599766,3
2023-05-11,2535.1908373859974,76.02283738599766,3
2023-05-12,2521.172437385998,65.47283738599776,3
2023-05-15,2527.029397385998,1385.6493973859979,2
2023-05-16,2521.411847385998,1233.4198473859979,2
2023-05-17,2552.381847385998,269.41984738599785,3
2023-05-18,2650.4421113859976,765.2841113859978,3
2023-05-19,2628.3001113859978,765.2841113859978,3
2023-05-22,2617.0141113859977,765.2841113859978,3
2023-05-23,2579.372111385998,765.2841113859978,3
2023-05-24,2600.970111385998,765.2841113859978,3
2023-05-25,2729.0141113859977,765.2841113859978,3
2023-05-26,2806.4750473859976,1301.7210473859977,3
2023-05-30,2849.2300473859978,1301.7210473859977,3
2023-05-31,2816.041047385998,1301.7210473859977,3
2023-06-01,2860.1630473859977,1301.7210473859977,3
2023-06-02,2848.6080473859975,1301.7210473859977,3
2023-06-05,2853.374047385998,1301.7210473859977,3
2023-06-06,2839.1450473859977,1301.7210473859977,3
2023-06-07,2814.224047385998,1301.7210473859977,3
2023-06-08,2851.949047385998,1301.7210473859977,3
2023-06-09,2878.389047385998,1301.7210473859977,3
2023-06-12,2915.7630473859977,1301.7210473859977,3
2023-06-13,2959.157047385998,1301.7210473859977,3
2023-06-14,3016.6840473859975,1301.7210473859977,3
2023-06-15,3029.8500473859976,1301.7210473859977,3
2023-06-16,3008.6090473859977,1301.7210473859977,3
2023-06-20,3021.1570473859974,1301.7210473859977,3
2023-06-21,2994.016047385998,1301.7210473859977,3
2023-06-22,2986.3580473859975,1301.7210473859977,3
2023-06-23,2968.822047385998,1301.7210473859977,3
2023-06-26,2925.1210473859974,1301.7210473859977,3
2023-06-27,2951.0450473859973,1301.7210473859977,3
2023-06-28,2952.0760473859978,1301.7210473859977,3
2023-06-29,2948.5710473859976,1301.7210473859977,3
2023-06-30,2994.811047385998,1301.7210473859977,3
2023-07-03,2992.208047385998,1301.7210473859977,3
2023-07-05,2993.2500473859977,1301.7210473859977,3
2023-07-06,2978.1980473859976,1301.7210473859977,3
2023-07-07,2979.702047385998,485.2410473859977,3
2023-07-10,2975.755047385998,485.2410473859977,3
2023-07-11,2969.1715573859974,518.6325573859974,3
2023-07-12,3002.0245573859975,518.6325573859974,3
2023-07-13,3064.585557385997,518.6325573859974,3
2023-07-14,3057.0475573859976,518.6325573859974,3
2023-07-17,3118.4035573859974,518.6325573859974,3
2023-07-18,3182.2743573859975,1113.8343573859975,3
2023-07-19,3168.3453573859974,1113.8343573859975,3
2023-07-20,3083.5623573859975,1113.8343573859975,3
2023-07-21,3064.0533573859975,1726.1523573859974,2
2023-07-24,3040.1783573859975,543.8223573859975,3
2023-07-25,3062.5613573859973,505.9323573859974,3
2023-07-26,3053.2083573859973,505.9323573859974,3
2023-07-27,3040.212357385997,505.9323573859974,3
2023-07-28,3141.8523573859975,827.6923573859975,3
2023-07-31,3125.3453573859974,827.6923573859975,3
2023-08-01,3107.3533573859972,827.6923573859975,3
2023-08-02,3063.1093573859976,524.2123573859976,3
2023-08-03,3054.1243573859974,59.05235738599754,3
2023-08-04,3082.6477573859975,57.8179573859976,3
2023-08-07,3106.157357385998,57.8179573859976,3
2023-08-08,3077.5360973859974,74.09859738599744,3
2023-08-09,3061.5162973859974,74.09859738599744,3
2023-08-10,3066.860797385997,25.490797385997325,3
2023-08-11,3071.1007973859973,838.3907973859974,2
2023-08-14,3087.0707973859976,71.89079738599742,3
2023-08-15,3052.0607973859974,71.89079738599742,3
2023-08-16,3031.1707973859975,113.57079738599737,3
2023-08-17,3052.3224773859974,3052.3224773859974,0
2023-08-18,3052.3224773859974,3052.3224773859974,0
2023-08-21,3040.294477385997,46.21627738599739,3
2023-08-22,3043.4326773859975,85.38227738599744,3
2023-08-23,3059.8561973859973,71.02459738599748,3
2023-08-24,3006.7749973859973,71.02459738599748,3
2023-08-25,3022.7749973859973,1160.5249973859973,2
2023-08-28,3035.494997385997,143.3549973859972,3
2023-08-29,3092.764997385997,143.3549973859972,3
2023-08-30,3110.554997385997,143.3549973859972,3
2023-08-31,3121.924997385997,143.3549973859972,3
2023-09-01,3141.6649973859976,606.8549973859972,3
2023-09-05,3126.8449973859974,606.8549973859972,3
2023-09-06,3122.674997385997,606.8549973859972,3
2023-09-07,3107.594997385997,21.394997385997385,3
2023-09-08,3108.304997385997,21.394997385997385,3
2023-09-11,3116.2349973859973,21.394997385997385,3
2023-09-12,3115.634997385997,21.394997385997385,3
2023-09-13,3124.7749973859973,21.394997385997385,3
2023-09-14,3111.160517385998,298.0605173859974,3
2023-09-15,3088.080517385997,334.77051738599744,3
2023-09-18,3098.370517385997,334.77051738599744,3
2023-09-19,3107.1305173859973,334.77051738599744,3
2023-09-20,3059.5873473859974,401.9873473859975,3
2023-09-21,3006.5273473859975,1835.2673473859975,1
2023-09-22,3006.8873473859976,3006.8873473859976,0
2023-09-25,3006.8873473859976,3006.8873473859976,0
2023-09-26,2982.487347385997,656.1273473859976,2
2023-09-27,3019.2873473859977,1817.2873473859977,1
2023-09-28,3011.987347385998,1817.2873473859977,1
2023-09-29,2958.9673473859975,59.42734738599768,3
2023-10-02,2931.1173473859976,823.3773473859978,2
2023-10-03,2918.157347385998,2918.157347385998,0
2023-10-04,2918.157347385998,2918.157347385998,0
2023-10-05,2918.157347385998,2918.157347385998,0
2023-10-06,2948.577347385998,1784.4573473859982,1
2023-10-09,2962.8573473859983,1784.4573473859982,1
2023-10-10,2952.8373473859983,1784.4573473859982,1
2023-10-11,2935.617347385998,1784.4573473859982,1
2023-10-12,2932.277347385998,658.2173473859982,2
2023-10-13,2904.6773473859985,658.2173473859982,2
2023-10-16,2944.537347385998,658.2173473859982,2
2023-10-17,2915.3893473859985,723.5293473859982,2
2023-10-18,2899.529347385998,1734.329347385998,1
2023-10-19,2848.8093473859976,619.449347385998,2
2023-10-20,2817.0693473859983,1700.409347385998,1
2023-10-23,2808.6693473859978,2808.6693473859978,0
2023-10-24,2807.3413473859982,219.92934738599774,3
2023-10-25,2726.3453473859977,141.16934738599775,3
2023-10-26,2713.3852073859975,2713.3852073859975,0
2023-10-27,2713.3852073859975,2713.3852073859975,0
2023-10-30,2724.3052073859976,1637.9752073859977,1
2023-10-31,2744.6145073859975,2112.2545073859974,1
2023-11-01,2750.6945073859974,2112.2545073859974,1
2023-11-02,2747.3345073859973,2112.2545073859974,1
2023-11-03,2737.0945073859975,2112.2545073859974,1
2023-11-06,2745.1745073859975,2112.2545073859974,1
2023-11-07,2746.6945073859974,2112.2545073859974,1
2023-11-08,2746.6945073859974,2112.2545073859974,1
2023-11-09,2753.6545073859975,2112.2545073859974,1
2023-11-10,2753.8145073859973,2112.2545073859974,1
2023-11-13,2766.0145073859976,1360.4945073859974,2
2023-11-14,2738.5145073859976,1360.4945073859974,2
2023-11-15,2731.014507385997,2100.3345073859973,1
2023-11-16,2740.0945073859975,2100.3345073859973,1
2023-11-17,2727.234507385997,1505.2445073859972,2
2023-11-20,2740.244507385997,1505.2445073859972,2
2023-11-21,2752.824507385997,720.8945073859973,3
2023-11-22,2755.8445073859975,720.8945073859973,3
2023-11-24,2775.1145073859975,720.8945073859973,3
2023-11-27,2777.3345073859973,720.8945073859973,3
2023-11-28,2811.184507385997,220.89450738599726,3
2023-11-29,2850.6645073859972,220.89450738599726,3
2023-11-30,2885.084507385997,220.89450738599726,3
2023-12-01,2894.3345073859973,220.89450738599726,3
2023-12-04,2776.0417873859974,1262.5717873859974,2
2023-12-05,2805.741787385997,245.12178738599744,3
2023-12-06,2764.321787385997,245.12178738599744,3
2023-12-07,2800.9517873859972,245.12178738599744,3
2023-12-08,2816.025043813875,691.7750438138751,3
2023-12-11,2850.1850438138754,221.09504381387524,3
2023-12-12,2856.865043813875,221.09504381387524,3
2023-12-13,2892.585043813875,221.09504381387524,3
2023-12-14,2878.375043813875,221.09504381387524,3
2023-12-15,2945.8054638138747,834.9854638138751,3
2023-12-18,2958.752323813875,1287.132323813875,3
2023-12-19,2971.787323813875,1287.132323813875,3
2023-12-20,2941.9623238138747,1287.132323813875,3
2023-12-21,2963.632323813875,1287.132323813875,3
2023-12-22,2972.1273238138747,1287.132323813875,3
2023-12-26,3008.5023238138747,1287.132323813875,3
2023-12-27,3006.6223238138755,1287.132323813875,3
2023-12-28,2999.092323813875,1287.132323813875,3
2023-12-29,2990.4623238138747,1287.132323813875,3
2024-01-02,2941.632323813875,1287.132323813875,3
2024-01-03,2918.362323813875,1195.352323813875,2
2024-01-04,2885.9023238138752,110.24232381387515,3
2024-01-05,2885.692723813875,100.66792381387518,3
2024-01-08,2978.1270238138754,76.13952381387526,3
2024-01-09,2948.7795238138756,76.13952381387526,3
2024-01-10,2948.032023813875,76.13952381387526,3
2024-01-11,2975.294523813875,76.13952381387526,3
2024-01-12,2957.414223813875,643.7092238138753,3
2024-01-16,2961.659223813875,1716.7292238138753,2
2024-01-17,2928.264223813875,1139.6892238138753,2
2024-01-18,2963.229223813875,3.2892238138751964,3
2024-01-19,3013.004223813875,3.2892238138751964,3
2024-01-22,3025.109223813875,3.2892238138751964,3
2024-01-23,3101.609223813875,3.2892238138751964,3
2024-01-24,3087.1754238138756,597.8004238138753,3
2024-01-25,3135.030423813875,597.8004238138753,3
2024-01-26,3139.4564114488353,1233.6964114488353,3
2024-01-29,3152.4364114488353,1233.6964114488353,3
2024-01-30,3156.4864114488355,1233.6964114488353,3
2024-01-31,3081.526411448835,611.4964114488353,3
2024-02-01,3036.046411448836,541.2364114488353,3
2024-02-02,3080.2764114488355,541.2364114488353,3
2024-02-05,3088.605721448835,1163.9307214488351,3
2024-02-06,3053.980721448835,1163.9307214488351,3
2024-02-07,3066.3857214488353,1163.9307214488351,3
2024-02-08,3106.875721448835,629.2107214488351,3
2024-02-09,3126.1757214488352,629.2107214488351,3
2024-02-12,3134.630721448835,629.2107214488351,3
2024-02-13,3043.3607214488347,629.2107214488351,3
2024-02-14,3087.230721448835,356.75072144883507,3
2024-02-15,3116.2657214488354,356.75072144883507,3
2024-02-16,3078.5507214488352,356.75072144883507,3
2024-02-20,3053.865721448835,356.75072144883507,3
2024-02-21,3059.025721448835,356.75072144883507,3
2024-02-22,3119.7007214488353,356.75072144883507,3
2024-02-23,3112.125721448835,356.75072144883507,3
2024-02-26,3126.662721448835,593.1627214488349,3
2024-02-27,3118.335221448835,593.1627214488349,3
2024-02-28,3124.861281448835,480.54878144883514,3
2024-02-29,3142.9787814488354,480.54878144883514,3
2024-03-01,3244.4887814488347,480.54878144883514,3
2024-03-04,3275.843781448835,480.54878144883514,3
2024-03-05,3215.151281448835,480.54878144883514,3
2024-03-06,3257.133781448835,480.54878144883514,3
2024-03-07,3299.476281448835,1075.2912814488352,3
2024-03-08,3205.1087814488355,1075.2912814488352,3
2024-03-11,3160.771281448835,974.5812814488352,3
2024-03-12,3188.341281448835,140.79128144883498,3
2024-03-13,3185.5312814488348,140.79128144883498,3
2024-03-14,3185.6112814488347,140.79128144883498,3
2024-03-15,3115.7167214488345,109.31672144883487,3
2024-03-18,3124.8867214488346,109.31672144883487,3
2024-03-19,3142.6367214488346,109.31672144883487,3
2024-03-20,3189.4967214488347,109.31672144883487,3
2024-03-21,3389.225541448835,1331.975541448835,3
2024-03-22,3391.445541448835,1331.975541448835,3
2024-03-25,3438.215541448835,649.755541448835,3
2024-03-26,3448.8855414488353,649.755541448835,3
2024-03-27,3466.2755414488356,649.755541448835,3
2024-03-28,3471.205541448835,649.755541448835,3
2024-04-01,3509.0555414488354,649.755541448835,3
2024-04-02,3496.5955414488353,649.755541448835,3
2024-04-03,3516.7755414488356,649.755541448835,3
2024-04-04,3414.4205414488347,537.2155414488348,3
2024-04-05,3445.5455414488347,1840.2055414488348,2
2024-04-08,3418.1105414488347,509.70554144883477,3
2024-04-09,3416.9655414488343,583.7455414488347,3
2024-04-10,3377.9911314488345,613.4111314488348,3
2024-04-11,3471.631131448835,440.4011314488348,3
2024-04-12,3386.631131448835,440.4011314488348,3
2024-04-15,3300.792491448835,527.8424914488348,3
2024-04-16,3297.4324914488348,461.66249144883477,3
2024-04-17,3255.8124914488344,461.66249144883477,3
2024-04-18,3237.2224914488347,757.6024914488348,2
2024-04-19,3183.1024914488344,601.1624914488348,2
2024-04-22,3148.989991448834,21.509991448834626,3
2024-04-23,3180.4899914488346,21.509991448834626,3
2024-04-24,3245.6799914488347,679.7699914488346,3
2024-04-25,3208.5399914488353,117.7899914488346,3
2024-04-26,3196.6599914488343,117.7899914488346,3
2024-04-29,3190.269991448835,1365.7899914488346,2
2024-04-30,3155.257531448834,1258.9275314488343,2
2024-05-01,3150.137531448834,60.3075314488342,3
2024-05-02,3169.4575314488343,60.3075314488342,3
2024-05-03,3169.412231448834,67.19223144883404,3
2024-05-06,3194.868831448834,634.6188314488339,3
2024-05-07,3214.738831448834,634.6188314488339,3
2024-05-08,3203.0088314488344,634.6188314488339,3
2024-05-09,3251.528831448834,634.6188314488339,3
2024-05-10,3254.6388314488345,634.6188314488339,3
2024-05-13,3240.7588314488344,634.6188314488339,3
2024-05-14,3261.858831448834,634.6188314488339,3
2024-05-15,3292.3388314488343,634.6188314488339,3
2024-05-16,3297.261631448834,1262.5116314488341,3
2024-05-17,3303.831631448834,1262.5116314488341,3
2024-05-20,3303.001631448834,1262.5116314488341,3
2024-05-21,3328.301631448834,1262.5116314488341,3
2024-05-22,3321.941631448834,1262.5116314488341,3
2024-05-23,3290.261631448834,1262.5116314488341,3
2024-05-24,3310.8716314488343,1262.5116314488341,3
2024-05-28,3298.171631448834,1262.5116314488341,3
2024-05-29,3276.461631448834,1262.5116314488341,3
2024-05-30,3280.091631448834,752.401631448834,3
2024-05-31,3316.211631448834,220.3016314488341,3
2024-06-03,3250.278281448834,229.63828144883382,3
2024-06-04,3240.295881448834,145.62068144883392,3
2024-06-05,3238.1234814488344,145.62068144883392,3
2024-06-06,3217.2398814488342,188.60068144883394,3
2024-06-07,3227.679481448834,1313.5006814488338,2
2024-06-10,3224.0510814488343,129.16068144883388,3
2024-06-11,3220.534681448834,129.16068144883388,3
2024-06-12,3260.1818814488342,129.16068144883388,3
2024-06-13,3233.4454814488345,129.16068144883388,3
2024-06-14,3218.312681448834,129.16068144883388,3
2024-06-17,3237.5213438488336,885.2201438488337,3
2024-06-18,3253.7289438488333,885.2201438488337,3
2024-06-20,3237.802943848834,885.2201438488337,3
2024-06-21,3269.086143848833,674.0301438488336,3
2024-06-24,3255.9521438488337,674.0301438488336,3
2024-06-25,3302.0955438488336,1226.0847438488336,3
2024-06-26,3292.6855438488337,1226.0847438488336,3
2024-06-27,3302.2287438488333,1226.0847438488336,3
2024-06-28,3281.6147438488338,1226.0847438488336,3
2024-07-01,3267.3155438488334,1226.0847438488336,3
2024-07-02,3298.7633438488338,7.936343848833303,3
2024-07-03,3327.9803438488334,7.936343848833303,3
2024-07-05,3365.3863438488333,7.936343848833303,3
2024-07-08,3366.787343848833,7.936343848833303,3
2024-07-09,3379.112343848833,7.936343848833303,3
2024-07-10,3398.7163438488333,7.936343848833303,3
2024-07-11,3277.572973848833,626.4579738488331,3
2024-07-12,3289.307973848833,195.94797384883304,3
2024-07-15,3314.747973848833,195.94797384883304,3
2024-07-16,3307.807973848833,641.3579738488331,3
2024-07-17,3203.580843848833,3203.580843848833,0
2024-07-18,3193.000843848833,2353.630843848833,1
2024-07-19,3190.1408438488334,3190.1408438488334,0
2024-07-22,3182.000843848833,17.41084384883345,3
2024-07-23,3193.840843848833,17.41084384883345,3
2024-07-24,3146.6083638488335,825.2483638488336,2
2024-07-25,3085.2196589826044,595.149658982604,2
2024-07-26,3081.079658982604,595.149658982604,2
2024-07-29,3043.329658982604,16.389658982604033,3
2024-07-30,3072.229658982604,0.5796589826039735,3
2024-07-31,3074.269658982604,0.5796589826039735,3
2024-08-01,3062.418838982604,894.9888389826041,2
2024-08-02,3053.4988389826044,894.9888389826041,2
2024-08-05,2986.395718982604,1757.245718982604,1
2024-08-06,2978.175718982604,223.07571898260392,3
2024-08-07,2902.290758982604,37.37475898260391,3
2024-08-08,2938.314758982604,1006.6047589826039,2
2024-08-09,2946.384758982604,518.8747589826039,3
2024-08-12,2914.644758982604,518.8747589826039,3
2024-08-13,2927.6247589826044,324.70475898260406,3
2024-08-14,2964.0847589826044,324.70475898260406,3
2024-08-15,2972.034758982604,324.70475898260406,3
2024-08-16,2992.4547589826043,324.70475898260406,3
2024-08-19,3002.7547589826045,324.70475898260406,3
2024-08-20,2982.764758982604,324.70475898260406,3
2024-08-21,2982.444758982604,324.70475898260406,3
2024-08-22,2997.0047589826045,324.70475898260406,3
2024-08-23,3032.334758982604,548.524758982604,3
2024-08-26,3031.8867589826036,59.46475898260405,3
2024-08-27,3044.5827589826044,59.46475898260405,3
2024-08-28,3033.816758982604,7.4867589826039875,3
2024-08-29,3054.886758982604,7.4867589826039875,3
2024-08-30,3087.414278982604,86.81427898260392,3
2024-09-03,2988.191418982604,92.95141898260431,3
2024-09-04,2971.361418982605,1105.0914189826044,2
2024-09-05,2959.411418982605,44.71141898260453,3
2024-09-06,2879.1551689826047,77.2351689826047,3
2024-09-09,2934.485168982605,166.05516898260476,3
2024-09-10,2937.445168982605,166.05516898260476,3
2024-09-11,2914.412538982605,239.93253898260468,3
2024-09-12,2926.8825389826043,239.93253898260468,3
2024-09-13,2933.162538982604,239.93253898260468,3
2024-09-16,2929.2625389826044,239.93253898260468,3
2024-09-17,2908.822538982605,239.93253898260468,3
2024-09-18,2904.1325389826047,1012.8525389826046,2
2024-09-19,2917.462538982604,28.852538982604642,3
2024-09-20,2920.3725389826045,28.852538982604642,3
2024-09-23,2930.9025389826047,28.852538982604642,3
2024-09-24,2896.6625389826045,129.34253898260465,3
2024-09-25,2889.488338982605,133.35293898260477,3
2024-09-26,2891.018738982604,195.27873898260464,3
2024-09-27,2884.5795789826047,53.67957898260465,3
2024-09-30,2910.0095789826046,53.67957898260465,3
2024-10-01,2850.363498982605,50.27349898260479,3
2024-10-02,2854.233498982605,58.02349898260479,3
2024-10-03,2855.2434989826047,58.02349898260479,3
2024-10-04,2864.393498982605,58.02349898260479,3
2024-10-07,2830.428247572998,2.8582475729974703,3
2024-10-08,2893.7382475729974,2.8582475729974703,3
2024-10-09,2948.0814475729976,373.8214475729974,3
2024-10-10,2945.4914475729975,373.8214475729974,3
2024-10-11,3035.141447572997,947.8214475729974,3
2024-10-14,3037.9114475729975,947.8214475729974,3
2024-10-15,3011.6033275729974,1384.0033275729975,3
2024-10-16,3009.1833275729978,1384.0033275729975,3
2024-10-17,3011.6933275729975,1384.0033275729975,3
2024-10-18,3003.3733275729974,1384.0033275729975,3
2024-10-21,3013.1933275729975,1384.0033275729975,3
2024-10-22,3003.4433275729975,1384.0033275729975,3
2024-10-23,2985.073327572997,1384.0033275729975,3
2024-10-24,3007.033327572997,744.5733275729974,3
2024-10-25,2963.1133275729976,170.95332757299775,3
2024-10-28,2991.6333275729976,203.93332757299777,3
2024-10-29,2991.4233275729976,203.93332757299777,3
2024-10-30,2965.6833275729978,203.93332757299777,3
2024-10-31,2908.4733275729977,142.45332757299775,3
2024-11-01,2926.1133275729976,142.45332757299775,3
2024-11-04,2909.6133275729976,142.45332757299775,3
2024-11-05,2919.3553275729973,769.7953275729976,3
2024-11-06,2925.3153275729974,769.7953275729976,3
2024-11-07,2929.215327572998,769.7953275729976,3
2024-11-08,2962.1053275729973,769.7953275729976,3
2024-11-11,2972.4853275729974,769.7953275729976,3
2024-11-12,3004.055327572997,769.7953275729976,3
2024-11-13,3015.0753275729976,769.7953275729976,3
2024-11-14,2986.425327572998,769.7953275729976,3
2024-11-15,3001.005327572998,769.7953275729976,3
2024-11-18,3000.6153275729976,769.7953275729976,3
2024-11-19,3008.4353275729973,769.7953275729976,3
2024-11-20,3008.0353275729976,769.7953275729976,3
2024-11-21,3032.1053275729982,769.7953275729976,3
2024-11-22,3033.9853275729974,769.7953275729976,3
2024-11-25,3030.9053275729975,769.7953275729976,3
2024-11-26,3067.9353275729973,769.7953275729976,3
2024-11-27,3069.7753275729974,769.7953275729976,3
2024-11-29,3087.625327572998,769.7953275729976,3
2024-12-02,3076.805327572997,769.7953275729976,3
2024-12-03,3086.975327572998,769.7953275729976,3
2024-12-04,3086.385327572998,769.7953275729976,3
2024-12-05,3072.125327572998,769.7953275729976,3
2024-12-06,3079.5253275729983,734.4653275729977,3
2024-12-09,3023.1953275729975,734.4653275729977,3
2024-12-10,3030.8653275729976,6.195327572997712,3
2024-12-11,3016.9935275729977,38.12352757299777,3
2024-12-12,3002.243527572998,21.393527572997755,3
2024-12-13,2982.3953475729977,1188.4053475729977,2
2024-12-16,2956.696067572998,196.12606757299795,3
2024-12-17,2927.9617875729973,140.22178757299775,3
2024-12-18,2812.257462572998,48.827462572997774,3
2024-12-19,2827.947462572998,2174.147462572998,1
2024-12-20,2827.533462572998,72.72346257299785,3
2024-12-23,2830.9134625729985,34.59346257299785,3
2024-12-24,2873.737462572998,34.59346257299785,3
2024-12-26,2863.221462572998,34.59346257299785,3
2024-12-27,2830.113462572998,34.59346257299785,3
2024-12-30,2782.753272572998,690.1272725729979,2
2024-12-31,2744.457272572998,1936.7772725729983,1
2025-01-02,2704.0172725729976,642.8372725729979,2
2025-01-03,2749.767272572998,125.44727257299792,3
2025-01-06,2700.6272725729978,1185.8272725729978,2
2025-01-07,2658.038232572998,2053.998232572998,1
2025-01-08,2659.6982325729978,2053.998232572998,1
2025-01-10,2626.069972572998,1665.5899725729978,1
2025-01-13,2626.069972572998,2626.069972572998,0
2025-01-14,2636.909972572998,206.69997257299775,3
2025-01-15,2693.259972572998,206.69997257299775,3
2025-01-16,2715.197452572998,463.31745257299775,3
2025-01-17,2739.7074525729977,463.31745257299775,3
2025-01-21,2772.8097725729976,780.3797725729978,3
2025-01-22,2841.5397725729977,1285.0997725729978,3
2025-01-23,2848.389772572998,1285.0997725729978,3
2025-01-24,2838.4697725729975,1285.0997725729978,3
2025-01-27,2731.889772572998,1833.199772572998,2
2025-01-28,2739.779772572998,935.919772572998,3
2025-01-29,2747.5197725729977,935.919772572998,3
2025-01-30,2858.5897725729983,1435.919772572998,3
2025-01-31,2849.5197725729977,1435.919772572998,3
2025-02-03,2857.249772572998,1435.919772572998,3
2025-02-04,2864.4397725729978,1435.919772572998,3
2025-02-05,2874.0097725729984,1435.919772572998,3
2025-02-06,2859.999772572998,1435.919772572998,3
2025-02-07,2849.9397725729978,1435.919772572998,3
2025-02-10,2826.0197725729977,1435.919772572998,3
2025-02-11,2837.039772572997,995.1097725729976,3
2025-02-12,2910.7397725729975,1503.8097725729976,3
2025-02-13,2934.2697725729977,1503.8097725729976,3
2025-02-14,2927.4397725729978,1503.8097725729976,3
2025-02-18,2941.399772572998,1503.8097725729976,3
2025-02-19,2957.5997725729976,1503.8097725729976,3
2025-02-20,2960.2697725729977,1503.8097725729976,3
2025-02-21,2930.569772572997,621.7497725729975,3
2025-02-24,2944.7797725729974,719.2597725729975,3
2025-02-25,2959.5997725729976,719.2597725729975,3
2025-02-26,2925.6697725729973,719.2597725729975,3
2025-02-27,2866.6551924729974,699.6951924729976,3
2025-02-28,2873.4851924729974,1152.7251924729976,2
2025-03-03,2818.8451924729975,32.725192472997605,3
2025-03-04,2754.7251924729976,2066.2851924729976,1
2025-03-05,2756.9251924729974,1299.4851924729974,2
2025-03-06,2745.3251924729975,1299.4851924729974,2
2025-03-07,2745.7051924729976,81.48519247299726,3
2025-03-10,2750.9051924729974,81.48519247299726,3
2025-03-11,2696.805272472998,48.7552724729976,3
2025-03-12,2687.6552724729972,48.7552724729976,3
2025-03-13,2686.6852724729974,48.7552724729976,3
2025-03-14,2690.4852724729976,48.7552724729976,3
2025-03-17,2736.6352724729977,48.7552724729976,3
2025-03-18,2722.2631724729977,516.6931724729976,3
2025-03-19,2734.768932472998,494.8889324729978,3
2025-03-20,2726.968932472998,1101.528932472998,2
2025-03-21,2730.268932472998,1101.528932472998,2
2025-03-24,2739.1889324729977,1101.528932472998,2
2025-03-25,2709.588932472998,1101.528932472998,2
2025-03-26,2709.128932472998,273.8789324729978,3
2025-03-27,2713.648932472998,1094.8589324729978,2
2025-03-28,2718.7789324729974,269.19893247299774,3
2025-03-31,2754.709532472998,740.9195324729978,3
2025-04-01,2757.549532472998,740.9195324729978,3
2025-04-02,2741.889532472998,740.9195324729978,3
2025-04-03,2771.119532472998,740.9195324729978,3
2025-04-04,2655.8073624729977,2655.8073624729977,0
2025-04-07,2655.8073624729977,2655.8073624729977,0
2025-04-08,2655.8073624729977,2655.8073624729977,0
2025-04-09,2655.8073624729977,2655.8073624729977,0
2025-04-10,2645.8473624729977,1192.4673624729978,2
2025-04-11,2657.727362472998,1582.337362472998,2
2025-04-14,2681.877362472998,649.697362472998,3
2025-04-15,2690.627362472998,649.697362472998,3
2025-04-16,2679.2873624729978,649.697362472998,3
2025-04-17,2678.7573624729976,1168.597362472998,2
2025-04-21,2670.0373624729978,1696.9573624729978,1
2025-04-22,2681.617362472998,1696.9573624729978,1
2025-04-23,2692.0973624729977,679.4373624729978,2
2025-04-24,2711.857362472998,679.4373624729978,2
2025-04-25,2713.097362472998,185.33736247299782,3
2025-04-28,2713.887362472998,185.33736247299782,3
2025-04-29,2734.637362472998,185.33736247299782,3
2025-04-30,2752.4373624729983,185.33736247299782,3
2025-05-01,2725.537362472998,185.33736247299782,3
2025-05-02,2745.327362472998,185.33736247299782,3
2025-05-05,2755.8606077328914,704.5806077328918,3
2025-05-06,2738.3906077328916,90.23060773289171,3
2025-05-07,2741.410607732892,90.23060773289171,3
2025-05-08,2692.8706077328916,165.07060773289163,3
2025-05-09,2698.630607732892,1103.7706077328917,2
2025-05-12,2644.6506077328913,1085.9106077328913,2
2025-05-13,2638.9514177328915,2638.9514177328915,0
2025-05-14,2634.0514177328914,1665.7514177328917,1
2025-05-15,2627.651417732892,529.9514177328917,2
2025-05-16,2650.371417732892,21.151417732891787,3
2025-05-19,2667.7614177328915,21.151417732891787,3
2025-05-20,2666.6514177328922,21.151417732891787,3
2025-05-21,2651.609617732892,556.169617732892,3
2025-05-22,2648.359617732892,556.169617732892,3
2025-05-23,2669.959617732892,556.169617732892,3
2025-05-27,2695.949617732892,556.169617732892,3
2025-05-28,2681.8896177328925,556.169617732892,3
2025-05-29,2683.459617732892,556.169617732892,3
2025-05-30,2703.039617732892,556.169617732892,3
2025-06-02,2708.679617732892,17.169617732891766,3
2025-06-03,2702.799617732892,17.169617732891766,3
2025-06-04,2673.609617732892,17.169617732891766,3
2025-06-05,2676.749617732892,1059.5096177328917,2
2025-06-06,2676.779617732892,1059.5096177328917,2
2025-06-09,2676.869617732892,418.8596177328917,3
2025-06-10,2670.6996177328915,496.3596177328918,3
2025-06-11,2695.207617732892,487.24361773289195,3
2025-06-12,2687.5176177328917,487.24361773289195,3
2025-06-13,2697.008357732892,671.6283577328919,3
2025-06-16,2725.5383577328917,671.6283577328919,3
2025-06-17,2706.084357732892,671.6283577328919,3
2025-06-18,2714.4803577328917,671.6283577328919,3
2025-06-20,2709.836357732892,671.6283577328919,3
2025-06-23,2743.9603577328917,671.6283577328919,3
2025-06-24,2780.046357732892,671.6283577328919,3
2025-06-25,2773.264077732892,965.1640777328919,3
2025-06-26,2806.7000777328917,329.924077732892,3
2025-06-27,2793.492565732892,859.4045657328919,3
2025-06-30,2835.546565732892,184.97456573289173,3
2025-07-01,2779.8753657328916,163.02536573289171,3
2025-07-02,2761.4893657328917,163.02536573289171,3
2025-07-03,2799.0073657328912,250.7853657328917,3
2025-07-07,2797.216185732891,690.5881857328916,3
2025-07-08,2800.9818257328916,1099.2478257328914,3
2025-07-09,2817.4598257328917,1099.2478257328914,3
2025-07-10,2782.2438257328913,686.1278257328914,3
2025-07-11,2799.2038257328913,1190.0438257328915,2
2025-07-14,2832.2838257328917,464.8838257328915,3
2025-07-15,2828.6738257328916,464.8838257328915,3
2025-07-16,2843.6538257328916,1178.2538257328915,2
2025-07-17,2857.733825732891,613.9738257328916,3
2025-07-18,2898.8132257328916,1191.4732257328915,3
2025-07-21,2900.9332257328915,1191.4732257328915,3
2025-07-22,2878.4932257328915,1191.4732257328915,3
2025-07-23,2914.6932257328917,1191.4732257328915,3
2025-07-24,2927.3732257328916,1191.4732257328915,3
2025-07-25,2944.5332257328914,1191.4732257328915,3
2025-07-28,2944.4332257328915,1191.4732257328915,3
2025-07-29,2948.0332257328914,1191.4732257328915,3
2025-07-30,2963.5932257328914,1191.4732257328915,3
2025-07-31,2950.2932257328916,1191.4732257328915,3
2025-08-01,2930.6532257328918,1191.4732257328915,3
2025-08-04,2956.0532257328914,1191.4732257328915,3
2025-08-05,2939.6732257328913,1191.4732257328915,3
2025-08-06,2939.293225732891,1191.4732257328915,3
2025-08-07,2934.4932257328915,1191.4732257328915,3
2025-08-08,2943.4132257328915,1191.4732257328915,3
2025-08-11,2946.8532257328916,1191.4732257328915,3
2025-08-12,2964.8332257328916,1191.4732257328915,3
2025-08-13,2925.5732257328914,1191.4732257328915,3
2025-08-14,2932.3332257328916,1215.2132257328913,2
2025-08-15,2942.773225732891,1215.2132257328913,2
2025-08-18,2959.9232257328913,724.4632257328913,2
2025-08-19,2982.493225732891,724.4632257328913,2
2025-08-20,2964.6132257328914,17.53322573289131,3
2025-08-21,2931.7582257328913,66.00822573289133,3
2025-08-22,2959.8582257328912,66.00822573289133,3
2025-08-25,2948.4482257328914,62.46822573289137,3
2025-08-26,2982.7982257328913,62.46822573289137,3
2025-08-27,2962.378225732891,62.46822573289137,3
2025-08-28,2976.1582257328914,62.46822573289137,3
2025-08-29,2915.2982257328913,62.46822573289137,3
2025-09-02,2879.898225732891,1176.9882257328914,2
2025-09-03,2867.364225732891,54.54422573289139,3
2025-09-04,2908.118545732891,311.1685457328913,3
2025-09-05,2895.5585457328916,311.1685457328913,3
2025-09-08,2846.158545732891,1275.6885457328913,2
2025-09-09,2877.858545732891,177.6685457328913,3
2025-09-10,2898.7285457328912,177.6685457328913,3
2025-09-11,2939.1285457328913,177.6685457328913,3
2025-09-12,2901.8785457328913,177.6685457328913,3
2025-09-15,2926.6740657328914,778.6640657328913,3
2025-09-16,2923.5040657328914,778.6640657328913,3
2025-09-17,2948.5440657328913,778.6640657328913,3
2025-09-18,2979.2794257328915,1351.4094257328911,3
2025-09-19,2991.0694257328914,1351.4094257328911,3
2025-09-22,2979.669425732891,1351.4094257328911,3
2025-09-23,2970.379425732891,1351.4094257328911,3
2025-09-24,2957.929425732891,1351.4094257328911,3
2025-09-25,2963.599425732891,1351.4094257328911,3
2025-09-26,2973.739425732891,1351.4094257328911,3
2025-09-29,2977.099425732891,1351.4094257328911,3
2025-09-30,2965.0294257328915,1351.4094257328911,3
2025-10-01,2948.9594257328913,1351.4094257328911,3
2025-10-02,2944.119425732891,1328.7894257328912,2
2025-10-03,2948.529425732891,537.7894257328912,3
2025-10-06,2963.409425732891,537.7894257328912,3
2025-10-07,2921.5294257328915,537.7894257328912,3
2025-10-08,2950.059425732891,1701.4694257328913,2
2025-10-09,2955.0094257328915,2480.3194257328914,1
2025-10-10,2858.1494257328914,461.6294257328914,3
2025-10-13,2875.2294257328913,2432.8794257328914,1
2025-10-14,2852.3694257328916,1357.5594257328914,2
2025-10-15,2860.9394257328913,189.01942573289148,3
2025-10-16,2827.089425732892,189.01942573289148,3
2025-10-17,2844.089425732892,189.01942573289148,3
2025-10-20,2893.669425732892,189.01942573289148,3
2025-10-21,2888.4794257328913,189.01942573289148,3
2025-10-22,2781.744805732891,115.87480573289145,3
2025-10-23,2860.4048057328914,460.9448057328914,3
2025-10-24,2855.8848057328914,460.9448057328914,3
2025-10-27,2934.3348057328917,460.9448057328914,3
2025-10-28,2943.9948057328916,460.9448057328914,3
2025-10-29,2997.4648057328914,460.9448057328914,3
2025-10-30,2938.394805732891,460.9448057328914,3
2025-10-31,2927.1348057328914,218.1648057328914,3
2025-11-03,2929.874805732891,218.1648057328914,3
2025-11-04,2881.244805732892,186.52480573289154,3
2025-11-05,2871.428905365892,517.9189053658918,3
2025-11-06,2812.5289053658917,176.53890536589188,3
2025-11-07,2797.6679153658915,335.9879153658917,3
2025-11-10,2845.9595153658915,873.9395153658916,3
2025-11-11,2821.2995153658917,873.9395153658916,3
2025-11-12,2818.3295153658914,873.9395153658916,3
2025-11-13,2772.579515365892,1400.1095153658916,2
2025-11-14,2745.5495153658917,2745.5495153658917,0
2025-11-17,2745.5495153658917,2745.5495153658917,0
2025-11-18,2745.5495153658917,2745.5495153658917,0
2025-11-19,2730.749515365892,1751.5495153658917,1
2025-11-20,2671.469515365892,170.22951536589233,3
2025-11-21,2704.9295153658923,166.00951536589207,3
2025-11-24,2681.719515365892,166.00951536589207,3
2025-11-25,2710.109515365892,166.00951536589207,3
2025-11-26,2705.7975153658917,271.2575153658919,3
2025-11-28,2716.367515365892,271.2575153658919,3
2025-12-01,2698.707515365892,271.2575153658919,3
2025-12-02,2698.2775153658918,271.2575153658919,3
2025-12-03,2721.7975153658917,271.2575153658919,3
2025-12-04,2709.767515365892,271.2575153658919,3
2025-12-05,2711.017515365892,114.25751536589189,3
2025-12-08,2713.6574453658923,833.607445365892,2
2025-12-09,2708.7174453658918,200.75744536589195,3
2025-12-10,2739.0574453658924,105.50744536589207,3
2025-12-11,2746.7753974065163,741.6553974065162,2
2025-12-12,2755.715397406516,741.6553974065162,2
2025-12-15,2750.795397406516,181.3553974065162,3
2025-12-16,2716.4653974065163,726.9953974065162,2
2025-12-17,2710.635397406516,1619.6353974065162,1
2025-12-18,2693.875397406516,587.3953974065162,2
2025-12-19,2705.4453974065163,122.89539740651617,3
2025-12-22,2736.5653974065162,122.89539740651617,3
2025-12-23,2740.9853974065163,122.89539740651617,3
2025-12-24,2756.835397406516,122.89539740651617,3
2025-12-26,2759.475397406516,122.89539740651617,3
2025-12-29,2738.805397406516,122.89539740651617,3
2025-12-30,2728.925397406516,1232.6953974065161,2
2025-12-31,2713.7853974065165,1232.6953974065161,2
2026-01-02,2771.605397406516,980.9553974065161,2
2026-01-05,2829.2444574065166,885.1444574065163,3
2026-01-06,2836.974457406516,885.1444574065163,3
2026-01-07,2792.094457406516,885.1444574065163,3
2026-01-08,2805.6744574065165,885.1444574065163,3
2026-01-09,2803.8544574065163,885.1444574065163,3
2026-01-12,2790.264457406516,471.14445740651627,3
2026-01-13,2780.9722374065163,392.0022374065161,3
2026-01-14,2767.882237406516,392.0022374065161,3
2026-01-15,2779.742237406516,38.60223740651611,3
2026-01-16,2806.3822374065157,38.60223740651611,3
2026-01-20,2721.891427406516,968.481427406516,2
2026-01-21,2731.431427406516,313.02142740651595,3
2026-01-22,2715.811427406516,313.02142740651595,3
2026-01-23,2713.341427406516,385.5814274065161,3
2026-01-26,2726.3614274065158,385.5814274065161,3
2026-01-27,2759.4414274065157,385.5814274065161,3
2026-01-28,2753.931427406516,385.5814274065161,3
2026-01-29,2753.291427406516,385.5814274065161,3
2026-01-30,2746.2214274065163,385.5814274065161,3
2026-02-02,2774.312287406516,473.702287406516,3
2026-02-03,2736.332287406516,473.702287406516,3
2026-02-04,2598.702287406516,1333.702287406516,2
2026-02-05,2545.562287406516,2545.562287406516,0
2026-02-06,2549.3222874065164,2154.6322874065163,1
2026-02-09,2547.252287406516,1593.6322874065163,2
2026-02-10,2502.8522874065166,674.5322874065164,3
2026-02-11,2539.4222874065163,986.7222874065162,2
2026-02-12,2552.0922874065163,201.92228740651626,3
2026-02-13,2560.6146074065164,608.8346074065162,3
2026-02-17,2558.1146074065164,1154.0846074065162,2
2026-02-18,2560.6746074065163,1154.0846074065162,2
2026-02-19,2552.6946074065163,1154.0846074065162,2
2026-02-20,2543.264607406516,307.75460740651613,3
2026-02-23,2514.0144174065163,343.8144174065162,3
2026-02-24,2488.4344174065163,233.61441740651605,3
2026-02-25,2483.374417406516,1603.124417406516,1
2026-02-26,2474.064417406516,1603.124417406516,1
2026-02-27,2504.6844174065154,254.45441740651563,3
2026-03-02,2566.9548974065156,462.12489740651574,3
2026-03-03,2537.194897406516,462.12489740651574,3
2026-03-04,2536.424897406516,541.0948974065158,3
2026-03-05,2443.82931306874,1382.12931306874,2
2026-03-06,2446.1193130687398,447.56931306874003,3
2026-03-09,2430.81931306874,447.56931306874003,3
2026-03-10,2386.5049230687405,490.51492306874013,3
2026-03-11,2389.28492306874,490.51492306874013,3
2026-03-12,2358.2949230687404,490.51492306874013,3
2026-03-13,2373.2649230687402,763.06492306874,2
2026-03-16,2375.83492306874,669.66492306874,2
2026-03-17,2359.26492306874,36.22492306873994,3
2026-03-18,2344.5749230687397,1723.77492306874,1
2026-03-19,2344.17492306874,2344.17492306874,0
2026-03-20,2311.77492306874,1416.77492306874,1
2026-03-23,2329.33492306874,1418.8949230687401,1
2026-03-24,2335.27492306874,1418.8949230687401,1
2026-03-25,2312.1549230687397,493.8949230687401,2
2026-03-26,2318.5149230687402,25.794923068740104,3
2026-03-27,2299.10492306874,13.36492306874004,3
2026-03-30,2318.52492306874,1413.12492306874,1
2026-03-31,2316.72492306874,1413.12492306874,1
2026-04-01,2302.14492306874,1413.12492306874,1
2026-04-02,2309.70492306874,2309.70492306874,0
2026-04-06,2309.70492306874,2309.70492306874,0
2026-04-07,2314.43492306874,688.7249230687399,2
2026-04-08,2247.92492306874,577.4649230687402,2
2026-04-09,2261.1849230687403,94.80492306874015,3
2026-04-10,2229.6649230687403,94.80492306874015,3
2026-04-13,2207.9249230687406,570.2249230687402,2
2026-04-14,2202.39492306874,1362.67492306874,1
2026-04-15,2184.65492306874,55.064923068740086,3
2026-04-16,2191.49293306874,1346.49293306874,1
2026-04-17,2205.80543306874,1774.55543306874,1
2026-04-20,2204.55543306874,967.5554330687401,2
2026-04-21,2212.30543306874,967.5554330687401,2
2026-04-22,2213.55543306874,1764.55543306874,1
2026-04-23,2204.0654330687403,964.7954330687401,2
2026-04-24,2201.24543306874,456.5354330687401,3
2026-04-27,2191.70543306874,456.5354330687401,3
2026-04-28,2167.6506330687403,600.1606330687401,3
2026-04-29,2171.22063306874,600.1606330687401,3
2026-04-30,2195.04687306874,444.82687306874004,3
2026-05-01,2186.3923330687403,554.1823330687403,3
2026-05-04,2191.0823330687404,554.1823330687403,3
2026-05-05,2239.6923330687405,554.1823330687403,3
2026-05-06,2259.8623330687406,554.1823330687403,3
2026-05-07,2226.86233306874,554.1823330687403,3
2026-05-08,2298.40647306874,988.8264730687403,3
2026-05-11,2310.2864730687406,1373.0664730687404,2
2026-05-12,2298.9664730687405,458.86647306874045,3
2026-05-13,2325.1164730687406,458.86647306874045,3
2026-05-14,2404.2964730687404,458.86647306874045,3
2026-05-15,2406.6864730687403,458.86647306874045,3
2026-05-18,2400.2164730687405,458.86647306874045,3
2026-05-19,2379.53647306874,863.2364730687405,2
2026-05-20,2375.9564730687403,304.0764730687405,3
2026-05-21,2370.2864730687406,747.4464730687405,3
2026-05-22,2392.3564730687403,747.4464730687405,3
2026-05-26,2431.4364730687403,1062.2164730687405,3
2026-05-27,2427.7464730687407,1062.2164730687405,3
2026-05-28,2423.0964730687406,1062.2164730687405,3
2026-05-29,2432.55647306874,1062.2164730687405,3
2026-06-01,2444.1564730687405,1062.2164730687405,3
2026-06-02,2525.1812130687404,1550.7712130687405,2
2026-06-03,2526.88121306874,933.4912130687405,3
2026-06-04,2530.6412130687404,933.4912130687405,3
2026-06-05,2419.8613530687408,1000.4813530687406,3
2026-06-08,2441.701353068741,1319.0313530687406,2
2026-06-09,2428.781353068741,1826.9813530687406,1
2026-06-10,2411.321353068741,1027.6613530687407,2
2026-06-11,2481.1613530687405,67.34135306874066,3
2026-06-12,2464.101353068741,67.34135306874066,3
2026-06-15,2458.953273068741,1004.4832730687407,2
2026-06-16,2446.41327306874,111.14327306874077,3
2026-06-17,2432.0332730687405,111.14327306874077,3
2026-06-18,2461.8132730687407,1598.4732730687408,1
2026-06-22,2451.513273068741,184.93327306874085,3
2026-06-23,2459.653273068741,256.1332730687409,3
2026-06-24,2439.243273068741,256.1332730687409,3
2026-06-25,2488.7432730687406,256.1332730687409,3
2026-06-26,2531.782753068741,975.8727530687408,3
2026-06-29,2570.7527530687407,975.8727530687408,3
2026-06-30,2614.662753068741,664.7527530687407,3
2026-07-01,2619.992753068741,664.7527530687407,3
2026-07-02,2568.306513068741,467.0365130687409,3
2026-07-06,2607.106513068741,467.0365130687409,3
2026-07-07,2554.696513068741,467.0365130687409,3
2026-07-08,2500.668693068741,1433.8886930687408,2
2026-07-09,2551.638693068741,896.6186930687409,3
2026-07-10,2530.948693068741,896.6186930687409,3
2026-07-13,2520.698693068741,896.6186930687409,3
2026-07-14,2575.718693068741,896.6186930687409,3
2026-07-15,2552.3186930687407,896.6186930687409,3
2026-07-16,2552.190543068741,403.27054306874084,3
2026-07-17,2570.8928230687407,918.4628230687408,3
2026-07-20,2544.092823068741,918.4628230687408,3
2026-07-21,2551.3128230687407,918.4628230687408,3
2026-07-22,2526.9328230687406,918.4628230687408,3
2026-07-23,2507.1228230687407,918.4628230687408,3
2026-07-24,2525.1428230687407,699.9028230687406,3
2026-07-27,2506.2028230687406,175.9728230687407,3
2026-07-28,2549.3828230687404,282.68282306874084,3
2026-07-29,2523.242823068741,282.68282306874084,3
2026-07-30,2492.692823068741,148.0828230687407,3
2026-07-31,2455.0128230687405,55.8428230687407,3
2026-08-03,2447.532823068741,196.88282306874078,3
2026-08-04,2472.822823068741,508.19282306874084,3
2026-08-05,2473.712823068741,508.19282306874084,3
2026-08-06,2462.892823068741,508.19282306874084,3
2026-08-07,2455.442823068741,508.19282306874084,3
2026-08-10,2435.3528230687407,508.19282306874084,3
2026-08-11,2448.0028230687412,508.19282306874084,3
2026-08-12,2446.0828230687407,508.19282306874084,3
2026-08-13,2437.432823068741,508.19282306874084,3
2026-08-14,2429.402823068741,1233.1928230687408,2
2026-08-17,2431.742823068741,1692.882823068741,1
2026-08-18,2443.0628230687407,1692.882823068741,1
2026-08-19,2411.263723068741,2411.263723068741,0
2026-08-20,2411.263723068741,2411.263723068741,0
2026-08-21,2411.263723068741,2411.263723068741,0
2026-08-24,2411.903723068741,1551.983723068741,1
2026-08-25,2398.063723068741,1551.983723068741,1
2026-08-26,2397.423723068741,1621.0237230687408,1
2026-08-27,2382.943723068741,1621.0237230687408,1
2026-08-28,2395.3337230687407,75.92372306874086,3
2026-08-31,2395.171763068741,179.13176306874084,3
2026-09-01,2455.2317630687407,584.1317630687408,3
2026-09-02,2481.2217630687405,584.1317630687408,3
2026-09-03,2477.841763068741,584.1317630687408,3
2026-09-04,2454.641763068741,584.1317630687408,3
