date,equity,cash,n_pos
2010-01-04,10000.0,10000.0,0
2010-01-05,10000.0,10000.0,0
2010-01-06,10000.0,10000.0,0
2010-01-07,10000.0,10000.0,0
2010-01-08,10000.0,10000.0,0
2010-01-11,10000.0,10000.0,0
2010-01-12,10000.0,10000.0,0
2010-01-13,10000.0,10000.0,0
2010-01-14,10000.0,10000.0,0
2010-01-15,10000.0,10000.0,0
2010-01-19,10000.0,10000.0,0
2010-01-20,10000.0,10000.0,0
2010-01-21,10000.0,10000.0,0
2010-01-22,10000.0,10000.0,0
2010-01-25,10000.0,10000.0,0
2010-01-26,10000.0,10000.0,0
2010-01-27,10000.0,10000.0,0
2010-01-28,10000.0,10000.0,0
2010-01-29,10000.0,10000.0,0
2010-02-01,10000.0,10000.0,0
2010-02-02,10000.0,10000.0,0
2010-02-03,10000.0,10000.0,0
2010-02-04,10000.0,10000.0,0
2010-02-05,10000.0,10000.0,0
2010-02-08,10000.0,10000.0,0
2010-02-09,10000.0,10000.0,0
2010-02-10,10000.0,10000.0,0
2010-02-11,10000.0,10000.0,0
2010-02-12,10000.0,10000.0,0
2010-02-16,10000.0,10000.0,0
2010-02-17,10000.0,10000.0,0
2010-02-18,10000.0,10000.0,0
2010-02-19,10000.0,10000.0,0
2010-02-22,10000.0,10000.0,0
2010-02-23,10000.0,10000.0,0
2010-02-24,10000.0,10000.0,0
2010-02-25,10000.0,10000.0,0
2010-02-26,10000.0,10000.0,0
2010-03-01,10000.0,10000.0,0
2010-03-02,10000.0,10000.0,0
2010-03-03,10000.0,10000.0,0
2010-03-04,10000.0,10000.0,0
2010-03-05,10000.0,10000.0,0
2010-03-08,10000.0,10000.0,0
2010-03-09,10000.0,10000.0,0
2010-03-10,10000.0,10000.0,0
2010-03-11,10000.0,10000.0,0
2010-03-12,10000.0,10000.0,0
2010-03-15,10000.0,10000.0,0
2010-03-16,10000.0,10000.0,0
2010-03-17,10000.0,10000.0,0
2010-03-18,10000.0,10000.0,0
2010-03-19,10000.0,10000.0,0
2010-03-22,10000.0,10000.0,0
2010-03-23,10000.0,10000.0,0
2010-03-24,10000.0,10000.0,0
2010-03-25,10000.0,10000.0,0
2010-03-26,10000.0,10000.0,0
2010-03-29,10000.0,10000.0,0
2010-03-30,10000.0,10000.0,0
2010-03-31,10000.0,10000.0,0
2010-04-01,10000.0,10000.0,0
2010-04-05,10000.0,10000.0,0
2010-04-06,10000.0,10000.0,0
2010-04-07,10000.0,10000.0,0
2010-04-08,10000.0,10000.0,0
2010-04-09,10000.0,10000.0,0
2010-04-12,10000.0,10000.0,0
2010-04-13,10000.0,10000.0,0
2010-04-14,10000.0,10000.0,0
2010-04-15,10000.0,10000.0,0
2010-04-16,10000.0,10000.0,0
2010-04-19,10000.0,10000.0,0
2010-04-20,10000.0,10000.0,0
2010-04-21,10000.0,10000.0,0
2010-04-22,10000.0,10000.0,0
2010-04-23,10000.0,10000.0,0
2010-04-26,10000.0,10000.0,0
2010-04-27,10000.0,10000.0,0
2010-04-28,10000.0,10000.0,0
2010-04-29,10000.0,10000.0,0
2010-04-30,10000.0,10000.0,0
2010-05-03,10000.0,10000.0,0
2010-05-04,10000.0,10000.0,0
2010-05-05,10000.0,10000.0,0
2010-05-06,10000.0,10000.0,0
2010-05-07,10000.0,10000.0,0
2010-05-10,10000.0,10000.0,0
2010-05-11,10000.0,10000.0,0
2010-05-12,10000.0,10000.0,0
2010-05-13,10000.0,10000.0,0
2010-05-14,10000.0,10000.0,0
2010-05-17,10000.0,10000.0,0
2010-05-18,10000.0,10000.0,0
2010-05-19,10000.0,10000.0,0
2010-05-20,10000.0,10000.0,0
2010-05-21,10000.0,10000.0,0
2010-05-24,10000.0,10000.0,0
2010-05-25,10000.0,10000.0,0
2010-05-26,10000.0,10000.0,0
2010-05-27,10000.0,10000.0,0
2010-05-28,10000.0,10000.0,0
2010-06-01,10000.0,10000.0,0
2010-06-02,10000.0,10000.0,0
2010-06-03,10000.0,10000.0,0
2010-06-04,10000.0,10000.0,0
2010-06-07,10000.0,10000.0,0
2010-06-08,10000.0,10000.0,0
2010-06-09,10000.0,10000.0,0
2010-06-10,10000.0,10000.0,0
2010-06-11,10000.0,10000.0,0
2010-06-14,10000.0,10000.0,0
2010-06-15,10000.0,10000.0,0
2010-06-16,10000.0,10000.0,0
2010-06-17,10000.0,10000.0,0
2010-06-18,10000.0,10000.0,0
2010-06-21,10000.0,10000.0,0
2010-06-22,10000.0,10000.0,0
2010-06-23,10000.0,10000.0,0
2010-06-24,10000.0,10000.0,0
2010-06-25,10000.0,10000.0,0
2010-06-28,10000.0,10000.0,0
2010-06-29,10000.0,10000.0,0
2010-06-30,10000.0,10000.0,0
2010-07-01,10000.0,10000.0,0
2010-07-02,10000.0,10000.0,0
2010-07-06,10000.0,10000.0,0
2010-07-07,10000.0,10000.0,0
2010-07-08,10000.0,10000.0,0
2010-07-09,10000.0,10000.0,0
2010-07-12,10000.0,10000.0,0
2010-07-13,10000.0,10000.0,0
2010-07-14,10000.0,10000.0,0
2010-07-15,10000.0,10000.0,0
2010-07-16,10000.0,10000.0,0
2010-07-19,10000.0,10000.0,0
2010-07-20,10000.0,10000.0,0
2010-07-21,10000.0,10000.0,0
2010-07-22,10000.0,10000.0,0
2010-07-23,10000.0,10000.0,0
2010-07-26,10000.0,10000.0,0
2010-07-27,10000.0,10000.0,0
2010-07-28,10000.0,10000.0,0
2010-07-29,10000.0,10000.0,0
2010-07-30,10000.0,10000.0,0
2010-08-02,10000.0,10000.0,0
2010-08-03,10000.0,10000.0,0
2010-08-04,10000.0,10000.0,0
2010-08-05,10000.0,10000.0,0
2010-08-06,10000.0,10000.0,0
2010-08-09,10000.0,10000.0,0
2010-08-10,10000.0,10000.0,0
2010-08-11,10000.0,10000.0,0
2010-08-12,10000.0,10000.0,0
2010-08-13,10000.0,10000.0,0
2010-08-16,10000.0,10000.0,0
2010-08-17,10000.0,10000.0,0
2010-08-18,10000.0,10000.0,0
2010-08-19,10000.0,10000.0,0
2010-08-20,10000.0,10000.0,0
2010-08-23,10000.0,10000.0,0
2010-08-24,10000.0,10000.0,0
2010-08-25,10000.0,10000.0,0
2010-08-26,10000.0,10000.0,0
2010-08-27,10000.0,10000.0,0
2010-08-30,10000.0,10000.0,0
2010-08-31,10000.0,10000.0,0
2010-09-01,10000.0,10000.0,0
2010-09-02,10000.0,10000.0,0
2010-09-03,10000.0,10000.0,0
2010-09-07,10000.0,10000.0,0
2010-09-08,10000.0,10000.0,0
2010-09-09,10000.0,10000.0,0
2010-09-10,10000.0,10000.0,0
2010-09-13,10000.0,10000.0,0
2010-09-14,10000.0,10000.0,0
2010-09-15,10000.0,10000.0,0
2010-09-16,10000.0,10000.0,0
2010-09-17,10000.0,10000.0,0
2010-09-20,10000.0,10000.0,0
2010-09-21,10000.0,10000.0,0
2010-09-22,10000.0,10000.0,0
2010-09-23,10000.0,10000.0,0
2010-09-24,10000.0,10000.0,0
2010-09-27,10000.0,10000.0,0
2010-09-28,10000.0,10000.0,0
2010-09-29,10000.0,10000.0,0
2010-09-30,10000.0,10000.0,0
2010-10-01,10000.0,10000.0,0
2010-10-04,10000.0,10000.0,0
2010-10-05,10000.0,10000.0,0
2010-10-06,10000.0,10000.0,0
2010-10-07,10000.0,10000.0,0
2010-10-08,10000.0,10000.0,0
2010-10-11,10000.0,10000.0,0
2010-10-12,10000.0,10000.0,0
2010-10-13,10000.0,10000.0,0
2010-10-14,10000.0,10000.0,0
2010-10-15,10000.0,10000.0,0
2010-10-18,10000.0,10000.0,0
2010-10-19,10000.0,10000.0,0
2010-10-20,10000.0,10000.0,0
2010-10-21,10000.0,10000.0,0
2010-10-22,10000.0,10000.0,0
2010-10-25,10000.0,10000.0,0
2010-10-26,10000.0,10000.0,0
2010-10-27,10000.0,10000.0,0
2010-10-28,10000.0,10000.0,0
2010-10-29,10000.0,10000.0,0
2010-11-01,10000.0,10000.0,0
2010-11-02,10000.0,10000.0,0
2010-11-03,10000.0,10000.0,0
2010-11-04,10000.0,10000.0,0
2010-11-05,10000.0,10000.0,0
2010-11-08,10000.0,10000.0,0
2010-11-09,10000.0,10000.0,0
2010-11-10,10000.0,10000.0,0
2010-11-11,10000.0,10000.0,0
2010-11-12,10000.0,10000.0,0
2010-11-15,10000.0,10000.0,0
2010-11-16,10000.0,10000.0,0
2010-11-17,10000.0,10000.0,0
2010-11-18,10000.0,10000.0,0
2010-11-19,10000.0,10000.0,0
2010-11-22,10000.0,10000.0,0
2010-11-23,10000.0,10000.0,0
2010-11-24,10000.0,10000.0,0
2010-11-26,10000.0,10000.0,0
2010-11-29,10000.0,10000.0,0
2010-11-30,10000.0,10000.0,0
2010-12-01,10000.0,10000.0,0
2010-12-02,10000.0,10000.0,0
2010-12-03,10000.0,10000.0,0
2010-12-06,10000.0,10000.0,0
2010-12-07,10000.0,10000.0,0
2010-12-08,10000.0,10000.0,0
2010-12-09,10000.0,10000.0,0
2010-12-10,10000.0,10000.0,0
2010-12-13,10000.0,10000.0,0
2010-12-14,10000.0,10000.0,0
2010-12-15,10000.0,10000.0,0
2010-12-16,10000.0,10000.0,0
2010-12-17,10000.0,10000.0,0
2010-12-20,10000.0,10000.0,0
2010-12-21,10000.0,10000.0,0
2010-12-22,10000.0,10000.0,0
2010-12-23,10000.0,10000.0,0
2010-12-27,10000.0,10000.0,0
2010-12-28,10000.0,10000.0,0
2010-12-29,10000.0,10000.0,0
2010-12-30,10000.0,10000.0,0
2010-12-31,10000.0,10000.0,0
2011-01-03,10090.41,1275.4399999999996,2
2011-01-04,10191.7046,2880.7945999999993,2
2011-01-05,10263.0477,6238.9277,2
2011-01-06,10169.8557,6238.9277,2
2011-01-07,10257.153700000003,210.75770000000102,3
2011-01-10,10392.17842,246.10442000000057,4
2011-01-11,10270.69342,246.10442000000057,4
2011-01-12,10333.260420000002,151.02442000000065,4
2011-01-13,10375.508420000002,151.02442000000065,4
2011-01-14,10428.900420000002,151.02442000000065,4
2011-01-18,10504.598420000002,151.02442000000065,4
2011-01-19,10369.716419999999,1673.2244200000007,3
2011-01-20,10193.72242,4710.67442,2
2011-01-21,10136.414120000001,39.244420000000446,3
2011-01-24,10167.92862,1351.1144199999999,3
2011-01-25,10072.499319999999,1351.1144199999999,3
2011-01-26,10253.60802,20.41441999999961,3
2011-01-27,10329.283319999999,20.41441999999961,3
2011-01-28,10132.5599594,1456.9901593999998,3
2011-01-31,10161.5447594,8527.2917594,1
2011-02-01,10270.614559399999,544.3685593999999,3
2011-02-02,10230.1319594,544.3685593999999,3
2011-02-03,10204.371359400002,544.3685593999999,3
2011-02-04,10044.014559400002,1411.2585594000002,3
2011-02-07,10091.0059594,463.7785593999997,3
2011-02-08,10176.4293594,463.7785593999997,3
2011-02-09,10302.6475738,4.8437738000002355,4
2011-02-10,10247.2727738,4.8437738000002355,4
2011-02-11,10340.580973799999,28.983773800000108,4
2011-02-14,10381.115573800002,28.983773800000108,4
2011-02-15,10353.2031738,28.983773800000108,4
2011-02-16,10446.8621738,28.983773800000108,4
2011-02-17,10310.838773799998,45.163773799999944,4
2011-02-18,10342.0823738,1549.9157738000001,4
2011-02-22,10200.099173800001,6891.9061738,2
2011-02-23,10231.7221738,6891.9061738,2
2011-02-24,10192.4281738,3380.5621738,2
2011-02-25,10346.184173799998,11.9021737999999,4
2011-02-28,10372.394813800001,13.406813799999327,5
2011-03-01,10257.289813799998,13.406813799999327,5
2011-03-02,10281.851413799997,85.23321379999834,4
2011-03-03,10548.649813799999,85.23321379999834,4
2011-03-04,10638.719413799998,85.23321379999834,4
2011-03-07,10693.637813799998,85.23321379999834,4
2011-03-08,10676.668413799998,85.23321379999834,4
2011-03-09,10700.4740138,85.23321379999834,4
2011-03-10,10502.801613799998,85.23321379999834,4
2011-03-11,10395.686813799999,1771.8572137999981,3
2011-03-14,10401.5691138,75.76601379999829,3
2011-03-15,10220.7359138,4193.198313799999,2
2011-03-16,10049.037713799999,346.63531379999904,3
2011-03-17,10115.4183138,5172.218313800001,1
2011-03-18,10009.8038138,1055.6733138000004,4
2011-03-21,10138.817313800002,110.70231380000041,3
2011-03-22,10146.9248138,110.70231380000041,3
2011-03-23,10254.322313800001,110.70231380000041,3
2011-03-24,10346.4163138,110.70231380000041,3
2011-03-25,10364.6138138,110.70231380000041,3
2011-03-28,10260.5573138,110.70231380000041,3
2011-03-29,10344.4068138,110.70231380000041,3
2011-03-30,10371.465813800001,110.70231380000041,3
2011-03-31,10265.5773138,110.70231380000041,3
2011-04-01,10347.535813800001,4954.712313800001,2
2011-04-04,10409.497313800002,2172.6173138000004,3
2011-04-05,10412.662813800001,2172.6173138000004,3
2011-04-06,10391.8188138,2172.6173138000004,3
2011-04-07,10296.308813799998,10.697313800000302,4
2011-04-08,10229.894813800001,2000.4173138000003,3
2011-04-11,10145.1758138,31.103813800000353,3
2011-04-12,10054.8458138,7.6683138000003055,3
2011-04-13,10056.2433138,7.6683138000003055,3
2011-04-14,10068.7483138,7.6683138000003055,3
2011-04-15,10136.295813800001,7.6683138000003055,3
2011-04-18,9958.1432138,5032.738213799999,2
2011-04-19,10060.0213138,2985.5136138,2
2011-04-20,10096.965713799998,442.9736137999994,3
2011-04-21,10079.690713799999,442.9736137999994,3
2011-04-25,9957.892713,4600.512713,2
2011-04-26,10029.520213,24.192713000000367,3
2011-04-27,10155.275213,24.192713000000367,3
2011-04-28,9973.992338,1.0923380000003817,3
2011-04-29,9950.132338,118.21233800000027,3
2011-05-02,9922.781897999997,2492.6268979999995,3
2011-05-03,9852.841967999997,1081.971967999999,2
2011-05-04,9883.289068,13.508767999999236,3
2011-05-05,9811.437768,67.24776799999927,3
2011-05-06,9863.882767999998,67.24776799999927,3
2011-05-09,9803.667768,67.24776799999927,3
2011-05-10,9916.992768,7.572767999999314,4
2011-05-11,9768.642768,7.572767999999314,4
2011-05-12,9799.252767999998,696.7927679999993,3
2011-05-13,9700.242768,696.7927679999993,3
2011-05-16,9648.883457999998,3563.2334579999992,2
2011-05-17,9697.733457999999,26.32345799999939,3
2011-05-18,9806.043457999998,26.32345799999939,3
2011-05-19,9798.743457999999,26.32345799999939,3
2011-05-20,9754.193457999998,3830.123457999999,2
2011-05-23,9657.633457999998,271.08345799999915,3
2011-05-24,9624.203457999998,1068.283457999998,2
2011-05-25,9569.243457999999,2589.4034579999984,2
2011-05-26,9584.247857999999,880.917857999998,2
2011-05-27,9546.447857999996,880.917857999998,2
2011-05-31,9540.207857999998,880.917857999998,2
2011-06-01,9550.897857999997,880.917857999998,2
2011-06-02,9550.787857999996,880.917857999998,2
2011-06-03,9332.057857999996,880.917857999998,2
2011-06-06,9184.087857999999,4523.237857999999,1
2011-06-07,9128.519158,814.9117579999984,2
2011-06-08,9102.112557999997,6774.952557999998,1
2011-06-09,9047.269757999999,5.741657999999461,2
2011-06-10,8958.021058,5858.098558,1
2011-06-13,8975.931058,8975.931058,0
2011-06-14,8970.961058,5361.321058,1
2011-06-15,8887.201648,8887.201648,0
2011-06-16,8887.201648,8887.201648,0
2011-06-17,8880.341648000001,6432.301648000001,1
2011-06-20,8944.531648,6432.301648000001,1
2011-06-21,8991.081648,6432.301648000001,1
2011-06-22,8969.521648000002,6432.301648000001,1
2011-06-23,8938.651648000001,6432.301648000001,1
2011-06-24,8904.841648000001,6432.301648000001,1
2011-06-27,8932.771648000002,6432.301648000001,1
2011-06-28,9017.631648,2622.9016480000005,2
2011-06-29,9023.161648000001,22.751648000000387,3
2011-06-30,9064.721647999999,22.751648000000387,3
2011-07-01,9207.621648,22.751648000000387,3
2011-07-05,9187.001648000001,22.751648000000387,3
2011-07-06,9203.321648000001,22.751648000000387,3
2011-07-07,9209.921648,22.751648000000387,3
2011-07-08,9117.721648000002,22.751648000000387,3
2011-07-11,8876.061647999999,22.751648000000387,3
2011-07-12,8810.731648,20.401648000000932,1
2011-07-13,8753.000278,11.050277999998798,2
2011-07-14,8580.819528,2877.7175279999983,2
2011-07-15,8591.811527999998,5213.761527999998,1
2011-07-18,8606.741627999998,842.381927999998,2
2011-07-19,8815.824439199998,6.466439199997694,3
2011-07-20,8900.193939199999,6.466439199997694,3
2011-07-21,8998.2712392,6.466439199997694,3
2011-07-22,8942.744539199997,6.466439199997694,3
2011-07-25,8908.428439199999,6.466439199997694,3
2011-07-26,8927.458539199997,6.466439199997694,3
2011-07-27,8711.487739199998,6.466439199997694,3
2011-07-28,8678.421439199998,6295.942439199998,1
2011-07-29,8699.7604392,1662.0524391999988,2
2011-08-01,8515.1272192,218.66271919999917,3
2011-08-02,8408.957219199998,6069.746719199999,1
2011-08-03,8428.575719199998,8428.575719199998,0
2011-08-04,8428.575719199998,8428.575719199998,0
2011-08-05,8428.575719199998,8428.575719199998,0
2011-08-08,8428.575719199998,8428.575719199998,0
2011-08-09,8428.575719199998,8428.575719199998,0
2011-08-10,8428.575719199998,8428.575719199998,0
2011-08-11,8428.575719199998,8428.575719199998,0
2011-08-12,8428.575719199998,8428.575719199998,0
2011-08-15,8428.575719199998,8428.575719199998,0
2011-08-16,8428.575719199998,8428.575719199998,0
2011-08-17,8428.575719199998,8428.575719199998,0
2011-08-18,8428.575719199998,8428.575719199998,0
2011-08-19,8428.575719199998,8428.575719199998,0
2011-08-22,8428.575719199998,8428.575719199998,0
2011-08-23,8428.575719199998,8428.575719199998,0
2011-08-24,8428.575719199998,8428.575719199998,0
2011-08-25,8428.575719199998,8428.575719199998,0
2011-08-26,8428.575719199998,8428.575719199998,0
2011-08-29,8428.575719199998,8428.575719199998,0
2011-08-30,8428.575719199998,8428.575719199998,0
2011-08-31,8428.575719199998,8428.575719199998,0
2011-09-01,8428.575719199998,8428.575719199998,0
2011-09-02,8428.575719199998,8428.575719199998,0
2011-09-06,8428.575719199998,8428.575719199998,0
2011-09-07,8428.575719199998,8428.575719199998,0
2011-09-08,8428.575719199998,8428.575719199998,0
2011-09-09,8428.575719199998,8428.575719199998,0
2011-09-12,8428.575719199998,8428.575719199998,0
2011-09-13,8428.575719199998,8428.575719199998,0
2011-09-14,8428.575719199998,8428.575719199998,0
2011-09-15,8428.575719199998,8428.575719199998,0
2011-09-16,8428.575719199998,8428.575719199998,0
2011-09-19,8428.575719199998,8428.575719199998,0
2011-09-20,8428.575719199998,8428.575719199998,0
2011-09-21,8428.575719199998,8428.575719199998,0
2011-09-22,8428.575719199998,8428.575719199998,0
2011-09-23,8428.575719199998,8428.575719199998,0
2011-09-26,8428.575719199998,8428.575719199998,0
2011-09-27,8428.575719199998,8428.575719199998,0
2011-09-28,8428.575719199998,8428.575719199998,0
2011-09-29,8428.575719199998,8428.575719199998,0
2011-09-30,8428.575719199998,8428.575719199998,0
2011-10-03,8428.575719199998,8428.575719199998,0
2011-10-04,8428.575719199998,8428.575719199998,0
2011-10-05,8428.575719199998,8428.575719199998,0
2011-10-06,8428.575719199998,8428.575719199998,0
2011-10-07,8428.575719199998,8428.575719199998,0
2011-10-10,8428.575719199998,8428.575719199998,0
2011-10-11,8428.575719199998,8428.575719199998,0
2011-10-12,8428.575719199998,8428.575719199998,0
2011-10-13,8428.575719199998,8428.575719199998,0
2011-10-14,8428.575719199998,8428.575719199998,0
2011-10-17,8428.575719199998,8428.575719199998,0
2011-10-18,8428.575719199998,8428.575719199998,0
2011-10-19,8428.575719199998,8428.575719199998,0
2011-10-20,8428.575719199998,8428.575719199998,0
2011-10-21,8428.575719199998,8428.575719199998,0
2011-10-24,8428.575719199998,8428.575719199998,0
2011-10-25,8428.575719199998,8428.575719199998,0
2011-10-26,8428.575719199998,8428.575719199998,0
2011-10-27,8428.575719199998,8428.575719199998,0
2011-10-28,8428.575719199998,8428.575719199998,0
2011-10-31,8428.575719199998,8428.575719199998,0
2011-11-01,8428.575719199998,8428.575719199998,0
2011-11-02,8428.575719199998,8428.575719199998,0
2011-11-03,8428.575719199998,8428.575719199998,0
2011-11-04,8428.575719199998,8428.575719199998,0
2011-11-07,8428.575719199998,8428.575719199998,0
2011-11-08,8428.575719199998,8428.575719199998,0
2011-11-09,8428.575719199998,8428.575719199998,0
2011-11-10,8428.575719199998,8428.575719199998,0
2011-11-11,8428.575719199998,8428.575719199998,0
2011-11-14,8428.575719199998,8428.575719199998,0
2011-11-15,8428.575719199998,8428.575719199998,0
2011-11-16,8428.575719199998,8428.575719199998,0
2011-11-17,8428.575719199998,8428.575719199998,0
2011-11-18,8428.575719199998,8428.575719199998,0
2011-11-21,8428.575719199998,8428.575719199998,0
2011-11-22,8428.575719199998,8428.575719199998,0
2011-11-23,8428.575719199998,8428.575719199998,0
2011-11-25,8428.575719199998,8428.575719199998,0
2011-11-28,8428.575719199998,8428.575719199998,0
2011-11-29,8428.575719199998,8428.575719199998,0
2011-11-30,8428.575719199998,8428.575719199998,0
2011-12-01,8428.575719199998,8428.575719199998,0
2011-12-02,8428.575719199998,8428.575719199998,0
2011-12-05,8428.575719199998,8428.575719199998,0
2011-12-06,8428.575719199998,8428.575719199998,0
2011-12-07,8428.575719199998,8428.575719199998,0
2011-12-08,8320.157219199999,1652.324219199998,2
2011-12-09,8442.492719199998,1652.324219199998,2
2011-12-12,8376.278219199998,1652.324219199998,2
2011-12-13,8320.428719199997,1652.324219199998,2
2011-12-14,8308.215071199998,5056.065071199998,1
2011-12-15,8289.990071199998,5056.065071199998,1
2011-12-16,8344.665071199997,5056.065071199998,1
2011-12-19,8383.140071199998,5056.065071199998,1
2011-12-20,8476.627571199999,5056.065071199998,1
2011-12-21,8455.365071199998,5056.065071199998,1
2011-12-22,8449.290071199997,5056.065071199998,1
2011-12-23,8514.096746199999,6771.936746199998,1
2011-12-27,8504.406746199998,6771.936746199998,1
2011-12-28,8484.176746199999,6771.936746199998,1
2011-12-29,8525.486746199998,6771.936746199998,1
2011-12-30,8497.946746199998,6771.936746199998,1
2012-01-03,8522.766746199999,6771.936746199998,1
2012-01-04,8491.486746199998,6771.936746199998,1
2012-01-05,8633.901746199997,2077.3792461999983,2
2012-01-06,8634.870421199998,14.190421199998127,3
2012-01-09,8577.640421199998,4481.2904211999985,2
2012-01-10,8612.740421199996,126.46042119999856,3
2012-01-11,8532.0304212,1809.1204211999986,2
2012-01-12,8545.994721199997,38.74182119999841,3
2012-01-13,8542.9475212,38.74182119999841,3
2012-01-17,8620.483921199997,38.74182119999841,3
2012-01-18,8720.028221199998,38.74182119999841,3
2012-01-19,8740.412521199996,38.74182119999841,3
2012-01-20,8512.8002212,637.5424211999989,3
2012-01-23,8495.6474212,637.5424211999989,3
2012-01-24,8460.576301199999,3496.4007011999993,2
2012-01-25,8478.588901199999,347.7807011999994,3
2012-01-26,8435.0433012,347.7807011999994,3
2012-01-27,8434.9412012,347.7807011999994,3
2012-01-30,8445.7362012,347.7807011999994,3
2012-01-31,8421.116266699999,0.5936666999991758,3
2012-02-01,8445.7236667,0.5936666999991758,3
2012-02-02,8432.1078667,0.5936666999991758,3
2012-02-03,8538.8910667,0.5936666999991758,3
2012-02-06,8567.401266699999,0.5936666999991758,3
2012-02-07,8622.910266699999,0.5936666999991758,3
2012-02-08,8696.597866699998,0.5936666999991758,3
2012-02-09,8718.1740667,1666.0836666999994,3
2012-02-10,8689.607366699998,1666.0836666999994,3
2012-02-13,8743.393666699998,1666.0836666999994,3
2012-02-14,8778.638666699999,1666.0836666999994,3
2012-02-15,8676.5619667,48.873666699999376,3
2012-02-16,8716.745366699999,985.2836666999992,3
2012-02-17,8780.4549667,985.2836666999992,3
2012-02-21,8862.211166699999,985.2836666999992,3
2012-02-22,8807.8549667,985.2836666999992,3
2012-02-23,8926.1361667,84.65366669999935,4
2012-02-24,8933.4411667,84.65366669999935,4
2012-02-27,9030.9223667,84.65366669999935,4
2012-02-28,9078.6782667,84.65366669999935,4
2012-02-29,9018.7049667,84.65366669999935,4
2012-03-01,9073.497466699999,35.283666699999685,4
2012-03-02,9054.1339667,3479.4360666999996,3
2012-03-05,9035.0418667,3479.4360666999996,3
2012-03-06,8899.6323667,51.83606669999972,4
2012-03-07,8944.336466699999,8.716066699999828,4
2012-03-08,9106.7531667,8.716066699999828,4
2012-03-09,9130.802366699998,8.716066699999828,4
2012-03-12,9165.4644267,456.5498266999998,4
2012-03-13,9251.394426699999,456.5498266999998,4
2012-03-14,9306.5531267,456.5498266999998,4
2012-03-15,9332.4711267,456.5498266999998,4
2012-03-16,9300.4402267,456.5498266999998,4
2012-03-19,9432.476126700001,456.5498266999998,4
2012-03-20,9412.8456267,456.5498266999998,4
2012-03-21,9444.6786267,456.5498266999998,4
2012-03-22,9417.9973267,3912.0123267,3
2012-03-23,9411.7828267,245.92782669999997,4
2012-03-26,9606.070626699999,245.92782669999997,4
2012-03-27,9596.207726699999,245.92782669999997,4
2012-03-28,9569.4516267,245.92782669999997,4
2012-03-29,9513.0717267,245.92782669999997,4
2012-03-30,9544.463326700003,245.92782669999997,4
2012-04-02,9644.422626700001,245.92782669999997,4
2012-04-03,9653.916726700001,245.92782669999997,4
2012-04-04,9576.707426699999,245.92782669999997,4
2012-04-05,9673.117126699999,42.30132669999966,4
2012-04-09,9502.183826699998,122.40132670000003,4
2012-04-10,9310.845586700001,17.488486700000067,4
2012-04-11,9299.0655867,1939.0984867000006,3
2012-04-12,9346.633086700002,2.838486700000658,4
2012-04-13,9263.262286700001,2.838486700000658,4
2012-04-16,9247.5047867,2116.2647867000005,3
2012-04-17,9343.789786700003,11.764786700000514,4
2012-04-18,9267.2846067,25.994206700000177,5
2012-04-19,9147.6004067,25.994206700000177,5
2012-04-20,9168.2119067,25.663006700000096,4
2012-04-23,9008.1331327,3197.1623327,3
2012-04-24,8996.0983327,1313.6583326999998,2
2012-04-25,9140.3583327,6.048332699999719,3
2012-04-26,9219.0483327,6.048332699999719,3
2012-04-27,9247.938332700001,6.048332699999719,3
2012-04-30,9186.1783327,6.048332699999719,3
2012-05-01,9304.410762699998,51.57676269999956,5
2012-05-02,9354.920362699999,51.57676269999956,5
2012-05-03,9290.1236627,51.57676269999956,5
2012-05-04,9153.728462699999,705.3817626999996,4
2012-05-07,9038.0368627,1.6928626999997505,3
2012-05-08,9081.879389099999,438.12938909999866,2
2012-05-09,8952.1893891,438.12938909999866,2
2012-05-10,9013.9993891,438.12938909999866,2
2012-05-11,9106.719389099999,438.12938909999866,2
2012-05-14,9028.779389099998,438.12938909999866,2
2012-05-15,9080.469389099999,438.12938909999866,2
2012-05-16,9114.469389099999,438.12938909999866,2
2012-05-17,9037.8493891,438.12938909999866,2
2012-05-18,8890.011879099999,8890.011879099999,0
2012-05-21,8890.011879099999,8890.011879099999,0
2012-05-22,8849.2118791,1498.771879099998,2
2012-05-23,8816.231879099998,5014.1718790999985,1
2012-05-24,8856.8018791,23.58187909999924,2
2012-05-25,8849.0918791,23.58187909999924,2
2012-05-29,8988.061879100002,59.34187910000037,3
2012-05-30,8935.701879100001,3023.3318791000006,2
2012-05-31,9034.9318791,3023.3318791000006,2
2012-06-01,8845.8318791,3023.3318791000006,2
2012-06-04,8856.2618791,8856.2618791,0
2012-06-05,8856.2618791,8856.2618791,0
2012-06-06,8927.3918791,3404.8618791,2
2012-06-07,8900.6218791,3404.8618791,2
2012-06-08,8946.5118791,4553.7118791,1
2012-06-11,8828.4318791,389.2668791000001,3
2012-06-12,8891.2068791,4485.1068791,1
2012-06-13,8847.026879099998,1432.2468790999997,2
2012-06-14,8970.0760391,3635.0560391,2
2012-06-15,9014.7160391,945.7960391000001,3
2012-06-18,9085.2760391,945.7960391000001,3
2012-06-19,9175.0760391,945.7960391000001,3
2012-06-20,9149.8860391,945.7960391000001,3
2012-06-21,9039.6260391,945.7960391000001,3
2012-06-22,9131.4360391,945.7960391000001,3
2012-06-25,8998.3360391,945.7960391000001,3
2012-06-26,9077.246039099999,945.7960391000001,3
2012-06-27,9077.866039100001,945.7960391000001,3
2012-06-28,9014.796039099998,84.59603909999987,3
2012-06-29,9239.7160391,84.59603909999987,3
2012-07-02,9265.780239099999,124.03683909999972,3
2012-07-03,9305.0393391,124.03683909999972,3
2012-07-05,9307.4684391,124.03683909999972,3
2012-07-06,9234.1134391,124.03683909999972,3
2012-07-09,9311.8194391,124.03683909999972,3
2012-07-10,9202.5126391,124.03683909999972,3
2012-07-11,9191.1876391,2401.6368391,2
2012-07-12,9153.145139100001,61.51083910000034,3
2012-07-13,9296.637939100001,61.51083910000034,3
2012-07-16,9243.2282391,61.51083910000034,3
2012-07-17,9286.679239100002,8.035839100000203,4
2012-07-18,9269.2339391,8.035839100000203,4
2012-07-19,9239.504510397892,2344.326510397891,3
2012-07-20,9124.567610397891,2344.326510397891,3
2012-07-23,9004.58211039789,7370.047110397891,1
2012-07-24,8947.21711039789,2408.4471103978913,2
2012-07-25,8978.432110397891,10.172110397891174,2
2012-07-26,9086.502110397892,10.172110397891174,2
2012-07-27,9187.865550397892,211.4555503978911,3
2012-07-30,9229.035550397892,211.4555503978911,3
2012-07-31,9106.210550397893,211.4555503978911,3
2012-08-01,9023.505550397891,211.4555503978911,3
2012-08-02,9056.050550397891,7181.63555039789,1
2012-08-03,9086.42555039789,2.6955503978906563,3
2012-08-06,9055.73055039789,2.6955503978906563,3
2012-08-07,9089.635550397892,2.6955503978906563,3
2012-08-08,9170.77055039789,2.6955503978906563,3
2012-08-09,9134.830550397892,2.6955503978906563,3
2012-08-10,9118.760550397888,2.6955503978906563,3
2012-08-13,9103.48555039789,0.7255503978901743,3
2012-08-14,9220.609610397889,6.039610397890101,4
2012-08-15,9272.30961039789,6.039610397890101,4
2012-08-16,9355.179610397889,6.039610397890101,4
2012-08-17,9388.93961039789,6.039610397890101,4
2012-08-20,9348.98961039789,2723.3196103978903,3
2012-08-21,9324.51961039789,2723.3196103978903,3
2012-08-22,9396.63961039789,2723.3196103978903,3
2012-08-23,9447.82961039789,2723.3196103978903,3
2012-08-24,9490.929610397892,47.91961039789021,3
2012-08-27,9489.25961039789,47.91961039789021,3
2012-08-28,9475.436090397889,1221.3160903978905,3
2012-08-29,9548.35609039789,1221.3160903978905,3
2012-08-30,9523.966090397891,1221.3160903978905,3
2012-08-31,9582.01609039789,1221.3160903978905,3
2012-09-04,9599.526090397889,1221.3160903978905,3
2012-09-05,9560.876090397891,1221.3160903978905,3
2012-09-06,9737.54109039789,16.921090397890566,4
2012-09-07,9716.77609039789,16.921090397890566,4
2012-09-10,9702.191090397891,16.921090397890566,4
2012-09-11,9642.496090397892,16.921090397890566,4
2012-09-12,9643.10609039789,3506.0860903978905,3
2012-09-13,9766.13609039789,389.8960903978905,4
2012-09-14,9927.556090397891,389.8960903978905,4
2012-09-17,9847.33609039789,389.8960903978905,4
2012-09-18,9782.99609039789,389.8960903978905,4
2012-09-19,9800.736090397892,389.8960903978905,4
2012-09-20,9760.466090397891,1703.3560903978905,3
2012-09-21,9751.45609039789,1703.3560903978905,3
2012-09-24,9762.126090397891,4829.556090397891,2
2012-09-25,9685.16009039789,10.552090397891334,3
2012-09-26,9649.80209039789,69.2820903978909,3
2012-09-27,9716.20159039789,3.416590397890559,3
2012-09-28,9771.08759039789,3.416590397890559,3
2012-10-01,9830.80209039789,3.416590397890559,3
2012-10-02,9789.16559039789,3.416590397890559,3
2012-10-03,9872.852590397892,3.416590397890559,3
2012-10-04,9949.29609039789,3.416590397890559,3
2012-10-05,10000.49359039789,3.416590397890559,3
2012-10-08,9941.539090397891,3.416590397890559,3
2012-10-09,9825.60059039789,3.416590397890559,3
2012-10-10,9718.128090397891,2421.0980903978902,2
2012-10-11,9676.03809039789,56.02809039788872,2
2012-10-12,9595.978090397888,36.24809039788852,3
2012-10-15,9729.059090397888,11.879390397888528,2
2012-10-16,9946.397450397888,380.80595039788705,3
2012-10-17,10174.435970797886,2.4150707978865285,4
2012-10-18,10064.580397197886,51.37779719788614,4
2012-10-19,9876.021797197885,51.37779719788614,4
2012-10-22,9914.360697197888,51.37779719788614,4
2012-10-23,9750.36750466064,6519.527504660641,1
2012-10-24,9716.89530466064,1069.3148046606411,2
2012-10-25,9674.87760466064,84.47480466064121,3
2012-10-26,9844.726704660641,1022.9948046606412,2
2012-10-31,9798.10870466064,1022.9948046606412,2
2012-11-01,9889.99350466064,966.8198046606408,2
2012-11-02,9888.82120466064,7.779804660640707,3
2012-11-05,9816.271404660642,7.779804660640707,3
2012-11-06,9856.29080466064,7.779804660640707,3
2012-11-07,9665.684864660641,917.3093646606407,2
2012-11-08,9630.28486466064,6327.38986466064,1
2012-11-09,9650.51236466064,6327.38986466064,1
2012-11-12,9657.719864660641,6327.38986466064,1
2012-11-13,9639.35236466064,6327.38986466064,1
2012-11-14,9581.22736466064,6327.38986466064,1
2012-11-15,9582.38986466064,9582.38986466064,0
2012-11-16,9582.38986466064,9582.38986466064,0
2012-11-19,9582.38986466064,9582.38986466064,0
2012-11-20,9582.38986466064,9582.38986466064,0
2012-11-21,9582.38986466064,9582.38986466064,0
2012-11-23,9582.38986466064,9582.38986466064,0
2012-11-26,9582.38986466064,9582.38986466064,0
2012-11-27,9582.38986466064,9582.38986466064,0
2012-11-28,9582.38986466064,9582.38986466064,0
2012-11-29,9635.749864660638,5559.689864660639,1
2012-11-30,9672.32866466064,2135.972864660639,2
2012-12-03,9642.78126466064,2135.972864660639,2
2012-12-04,9650.708664660639,2135.972864660639,2
2012-12-05,9652.288664660638,2135.972864660639,2
2012-12-06,9654.785064660638,2135.972864660639,2
2012-12-07,9634.46806466064,2135.972864660639,2
2012-12-10,9720.20186466064,2135.972864660639,2
2012-12-11,9743.78126466064,2135.972864660639,2
2012-12-12,9748.878664660639,1.9728646606390612,3
2012-12-13,9661.784464660639,1.9728646606390612,3
2012-12-14,9610.70726466064,4098.272864660639,2
2012-12-17,9692.48866466064,3109.6236646606385,2
2012-12-18,9868.088774660639,13.209374660638332,4
2012-12-19,9784.632474660639,13.209374660638332,4
2012-12-20,9816.328474660639,13.209374660638332,4
2012-12-21,9624.173474660638,158.18317466063854,4
2012-12-24,9658.514774660638,2924.0847746606382,3
2012-12-26,9535.475674660638,2.459774660637777,3
2012-12-27,9355.326234951275,26.848234951274208,2
2012-12-28,9274.198234951273,5566.318234951274,1
2012-12-31,9392.208234951273,46.548234951273116,2
2013-01-02,9685.489434951272,98.05583495127257,3
2013-01-03,9613.855434951272,98.05583495127257,3
2013-01-04,9603.529034951272,98.05583495127257,3
2013-01-07,9425.210194951273,3755.6345949512724,2
2013-01-08,9406.250994951273,3755.6345949512724,2
2013-01-09,9535.051794951272,1625.6345949512724,3
2013-01-10,9553.661794951273,1625.6345949512724,3
2013-01-11,9500.014594951273,23.634594951272447,4
2013-01-14,9490.838194951271,23.634594951272447,4
2013-01-15,9494.855394951273,23.634594951272447,4
2013-01-16,9479.588994951273,8.414594951272647,4
2013-01-17,9529.573694951272,1201.0536949512725,3
2013-01-18,9549.483694951272,1201.0536949512725,3
2013-01-22,9608.393694951272,1201.0536949512725,3
2013-01-23,9588.873694951275,149.61369495127246,4
2013-01-24,9586.598614951272,985.8086149512726,4
2013-01-25,9639.833614951272,3588.2036149512724,3
2013-01-28,9673.128614951273,3588.2036149512724,3
2013-01-29,9714.888614951273,20.453614951272357,4
2013-01-30,9642.48361495127,20.453614951272357,4
2013-01-31,9609.078614951271,20.453614951272357,4
2013-02-01,9718.023614951271,20.453614951272357,4
2013-02-04,9582.583614951272,20.453614951272357,4
2013-02-05,9768.983614951274,20.453614951272357,4
2013-02-06,9766.223614951272,20.453614951272357,4
2013-02-07,9724.183614951273,2167.4536149512724,3
2013-02-08,9733.020614951274,21.92361495127261,4
2013-02-11,9769.928614951274,21.92361495127261,4
2013-02-12,9803.137614951273,21.92361495127261,4
2013-02-13,9790.754614951271,4.223614951272339,4
2013-02-14,9799.469614951271,4.223614951272339,4
2013-02-15,9794.266614951272,29.198614951272248,4
2013-02-19,9823.059614951273,29.198614951272248,4
2013-02-20,9676.27961495127,29.198614951272248,4
2013-02-21,9584.608614951274,5626.798614951273,2
2013-02-22,9671.328614951271,60.838614951272575,2
2013-02-25,9528.378614951274,60.838614951272575,2
2013-02-26,9586.388614951273,6489.268614951273,1
2013-02-27,9732.659114951271,49.05661495127242,3
2013-02-28,9742.624614951272,49.05661495127242,3
2013-03-01,9694.140514951274,38.08151495127231,3
2013-03-04,9683.97301495127,38.08151495127231,3
2013-03-05,9776.204014951272,38.08151495127231,3
2013-03-06,9780.796514951273,38.08151495127231,3
2013-03-07,9765.295514951273,38.08151495127231,3
2013-03-08,9991.161514951275,38.08151495127231,3
2013-03-11,10066.507592151273,1549.8381921512728,3
2013-03-12,10003.471992151273,1549.8381921512728,3
2013-03-13,10082.032392151272,1549.8381921512728,3
2013-03-14,10109.811592151273,1549.8381921512728,3
2013-03-15,10087.637192151273,1549.8381921512728,3
2013-03-18,9962.882592151273,1549.8381921512728,3
2013-03-19,9882.994992151274,1549.8381921512728,3
2013-03-20,9949.075192151273,795.0781921512735,3
2013-03-21,9797.212392151274,795.0781921512735,3
2013-03-22,9890.973192151272,37.478192151273106,4
2013-03-25,9770.290192151273,37.478192151273106,4
2013-03-26,9880.144992151274,66.70499215127347,3
2013-03-27,9985.284992151273,66.70499215127347,3
2013-03-28,10067.486792151274,3.6811921512735353,4
2013-04-01,9925.613909751273,61.68390975127363,4
2013-04-02,10087.343909751273,61.68390975127363,4
2013-04-03,9935.743749751275,46.29174975127398,4
2013-04-04,9995.387749751273,46.29174975127398,4
2013-04-05,9907.579749751274,46.29174975127398,4
2013-04-08,9980.133749751274,21.81174975127442,4
2013-04-09,10072.485749751275,21.81174975127442,4
2013-04-10,10261.992928132193,813.2349281321929,4
2013-04-11,10391.660928132193,813.2349281321929,4
2013-04-12,10431.142928132194,813.2349281321929,4
2013-04-15,10152.568928132194,3802.242928132193,3
2013-04-16,10270.896928132192,7366.746928132193,2
2013-04-17,10201.536928132193,504.78692813219277,3
2013-04-18,9973.459428132193,0.621928132193716,4
2013-04-19,10117.021928132193,1586.7719281321934,3
2013-04-22,10198.011928132195,8.971928132193398,4
2013-04-23,10277.811928132196,8.971928132193398,4
2013-04-24,10223.501928132193,8.971928132193398,4
2013-04-25,10376.411928132193,2915.6119281321926,4
2013-04-26,10341.511928132193,2915.6119281321926,4
2013-04-29,10386.425228132193,81.80622813219225,5
2013-04-30,10238.26439621583,2812.2443962158304,4
2013-05-01,9777.814396215832,3949.7443962158304,3
2013-05-02,9933.42439621583,1184.5743962158303,3
2013-05-03,10135.16439621583,1184.5743962158303,3
2013-05-06,10197.88439621583,1184.5743962158303,3
2013-05-07,10243.53439621583,1184.5743962158303,3
2013-05-08,10366.617116215832,16.354616215830447,4
2013-05-09,10331.23211621583,16.354616215830447,4
2013-05-10,10453.33461621583,16.354616215830447,4
2013-05-13,10478.212116215831,16.354616215830447,4
2013-05-14,10598.26461621583,16.354616215830447,4
2013-05-15,10662.22961621583,16.354616215830447,4
2013-05-16,10500.79211621583,16.354616215830447,4
2013-05-17,10648.19211621583,16.354616215830447,4
2013-05-20,10608.944616215831,16.354616215830447,4
2013-05-21,10605.65461621583,16.354616215830447,4
2013-05-22,10553.992116215832,16.354616215830447,4
2013-05-23,10452.03711621583,3602.2271162158304,3
2013-05-24,10423.80711621583,3.027116215830574,4
2013-05-28,10618.05791621583,6.6471162158306925,4
2013-05-29,10544.15351621583,6.6471162158306925,4
2013-05-30,10512.26351621583,6.6471162158306925,4
2013-05-31,10332.43231621583,35.29171621583009,4
2013-06-03,10363.475516215829,4719.39551621583,2
2013-06-04,10269.35551621583,800.0955162158302,3
2013-06-05,10156.51551621583,4662.69551621583,2
2013-06-06,10164.32551621583,636.3455162158298,2
2013-06-07,10321.54551621583,636.3455162158298,2
2013-06-10,10316.52551621583,636.3455162158298,2
2013-06-11,10176.23551621583,636.3455162158298,2
2013-06-12,10108.52551621583,636.3455162158298,2
2013-06-13,10273.35551621583,636.3455162158298,2
2013-06-14,10150.98551621583,636.3455162158298,2
2013-06-17,10277.005516215831,30.605516215830903,2
2013-06-18,10285.35551621583,30.605516215830903,2
2013-06-19,10168.955516215832,30.605516215830903,2
2013-06-20,9990.55826621583,9990.55826621583,0
2013-06-21,10042.57826621583,4688.59826621583,1
2013-06-24,9949.758266215831,4688.59826621583,1
2013-06-25,10008.846366215832,5.273066215831477,3
2013-06-26,10179.074966215832,5.273066215831477,3
2013-06-27,10216.893666215832,5.273066215831477,3
2013-06-28,10172.148366215832,5.273066215831477,3
2013-07-01,10282.807266215832,5.273066215831477,3
2013-07-02,10220.517466215832,5.273066215831477,3
2013-07-03,10270.30306621583,3178.8070662158316,2
2013-07-05,10380.137966215832,1211.6145662158324,3
2013-07-08,10443.759366215832,55.543766215831965,4
2013-07-09,10664.353886215831,2002.5366862158319,4
2013-07-10,10702.905086215831,2002.5366862158319,4
2013-07-11,10892.198686215834,33.33668621583206,5
2013-07-12,10985.213486215835,33.33668621583206,5
2013-07-15,10971.030886215833,33.33668621583206,5
2013-07-16,10810.752686215834,33.33668621583206,5
2013-07-17,10841.968286215833,33.33668621583206,5
2013-07-18,10915.643686215833,33.33668621583206,5
2013-07-19,10960.523106215833,2616.7883062158326,5
2013-07-22,10988.015906215833,2616.7883062158326,5
2013-07-23,10894.933106215833,2616.7883062158326,5
2013-07-24,10877.135706215833,2616.7883062158326,5
2013-07-25,11011.468306215833,4431.288306215833,4
2013-07-26,10900.517906215833,2126.9283062158333,4
2013-07-29,10812.371506215834,2126.9283062158333,4
2013-07-30,10816.361506215833,3.228306215833072,4
2013-07-31,10787.678706215833,3.228306215833072,4
2013-08-01,10986.977106215832,435.95710621583294,4
2013-08-02,10966.887106215832,435.95710621583294,4
2013-08-05,10976.867106215836,435.95710621583294,4
2013-08-06,10887.167106215835,19.337106215832137,4
2013-08-07,10786.455876215832,4396.185876215832,3
2013-08-08,10753.96587621583,40.18587621583174,4
2013-08-09,10726.605876215832,4275.225876215832,3
2013-08-12,10680.70587621583,7527.825876215831,2
2013-08-13,10831.72587621583,13.455876215831267,3
2013-08-14,10606.744126215832,0.40412621583072905,4
2013-08-15,10424.44412621583,5034.044126215831,3
2013-08-16,10417.78412621583,8785.36412621583,1
2013-08-19,10388.89412621583,3289.6041262158305,1
2013-08-20,10413.55352621583,2601.58982621583,1
2013-08-21,10369.87412621583,1.8198262158298348,2
2013-08-22,10484.52012621583,3517.6581262158306,2
2013-08-23,10470.468526215831,3517.6581262158306,2
2013-08-26,10423.80732621583,57.75812621583054,3
2013-08-27,10268.066126215832,3454.5781262158307,2
2013-08-28,10285.29092621583,3454.5781262158307,2
2013-08-29,10314.63012621583,3454.5781262158307,2
2013-08-30,10270.93252621583,3454.5781262158307,2
2013-09-03,10293.10652621583,28.14812621583087,3
2013-09-04,10419.034126215829,28.14812621583087,3
2013-09-05,10433.94212621583,28.14812621583087,3
2013-09-06,10392.440126215832,2654.138126215831,2
2013-09-09,10477.808126215832,27.96812621583149,3
2013-09-10,10457.178126215831,27.96812621583149,3
2013-09-11,10487.008126215833,27.96812621583149,3
2013-09-12,10557.548126215832,27.96812621583149,3
2013-09-13,10625.528126215831,27.96812621583149,3
2013-09-16,10680.088126215833,1771.1181262158314,3
2013-09-17,10706.07812621583,1771.1181262158314,3
2013-09-18,10853.908126215832,1771.1181262158314,3
2013-09-19,10849.99812621583,1771.1181262158314,3
2013-09-20,10789.928126215831,1771.1181262158314,3
2013-09-23,10691.098126215831,1771.1181262158314,3
2013-09-24,10739.378126215834,4832.498126215833,2
2013-09-25,10827.144126215833,21.6793262158335,3
2013-09-26,10869.626926215833,1839.7593262158334,2
2013-09-27,10875.572526215834,1839.7593262158334,2
2013-09-30,10812.871726215833,1839.7593262158334,2
2013-10-01,10865.390126215834,1839.7593262158334,2
2013-10-02,10818.468985815834,206.59098581583476,3
2013-10-03,10707.379785815836,206.59098581583476,3
2013-10-04,10709.707585815835,4892.527585815835,2
2013-10-07,10607.547585815835,4892.527585815835,2
2013-10-08,10596.377585815835,8530.777585815835,1
2013-10-09,10541.977585815835,10541.977585815835,0
2013-10-10,10541.977585815835,10541.977585815835,0
2013-10-11,10497.848385815836,2939.204785815837,4
2013-10-14,10589.441385815837,20.204785815837113,5
2013-10-15,10481.784985815837,20.204785815837113,5
2013-10-16,10738.942545815838,503.5210458158376,5
2013-10-17,10812.936545815839,503.5210458158376,5
2013-10-18,11078.893545815838,503.5210458158376,5
2013-10-21,11104.529845815838,503.5210458158376,5
2013-10-22,11126.562645815839,503.5210458158376,5
2013-10-23,11032.711445815838,503.5210458158376,5
2013-10-24,11143.151545815837,503.5210458158376,5
2013-10-25,11335.654045815836,1884.1310458158375,5
2013-10-28,11227.763045815838,975.8510458158376,5
2013-10-29,11381.557165815839,49.71566581583829,4
2013-10-30,11173.423465815838,49.71566581583829,4
2013-10-31,11176.35056581584,63.250565815838854,4
2013-11-01,11183.29136581584,873.5249658158386,4
2013-11-04,11190.309965815839,873.5249658158386,4
2013-11-05,11180.15856581584,873.5249658158386,4
2013-11-06,11192.66616581584,873.5249658158386,4
2013-11-07,11019.897165815839,873.5249658158386,4
2013-11-08,11185.47556581584,873.5249658158386,4
2013-11-11,11190.42316581584,873.5249658158386,4
2013-11-12,11155.61956581584,873.5249658158386,4
2013-11-13,11218.55576581584,157.5249658158391,4
2013-11-14,11309.365165815838,157.5249658158391,4
2013-11-15,11323.372765815839,157.5249658158391,4
2013-11-18,11274.434765815839,18.92056581583938,4
2013-11-19,11252.95756581584,18.92056581583938,4
2013-11-20,11212.395365815839,1731.380565815839,4
2013-11-21,11282.473165815838,1731.380565815839,4
2013-11-22,11312.223965815838,37.2305658158391,5
2013-11-25,11310.17676581584,5.7591658158391965,5
2013-11-26,11384.73136581584,18.299465815839085,5
2013-11-27,11507.093965815839,18.299465815839085,5
2013-11-29,11544.63578621584,1258.7184862158388,5
2013-12-02,11535.99288621584,1258.7184862158388,5
2013-12-03,11475.92268621584,1258.7184862158388,5
2013-12-04,11421.295086215836,47.33348621583809,5
2013-12-05,11369.342086215838,47.33348621583809,5
2013-12-06,11431.412886215838,9.417486215838153,5
2013-12-09,11432.695286215838,159.73948621583827,5
2013-12-10,11435.084286215839,159.73948621583827,5
2013-12-11,11240.050390815837,2.069490815838435,5
2013-12-12,11204.417090815838,3123.6294908158384,4
2013-12-13,11250.47139081584,28.989490815838508,5
2013-12-16,11313.729690815839,28.989490815838508,5
2013-12-17,11250.829490815839,28.989490815838508,5
2013-12-18,11496.027159615838,39.92715961583781,5
2013-12-19,11395.430559615837,39.92715961583781,5
2013-12-20,11456.419959615838,253.6715596158374,5
2013-12-23,11441.286759615838,253.6715596158374,5
2013-12-24,11446.909159615836,1897.5515596158373,4
2013-12-26,11496.435359615836,1897.5515596158373,4
2013-12-27,11481.589559615837,5558.311559615838,3
2013-12-30,11430.505759615839,1156.2915596158382,4
2013-12-31,11546.638959615839,1156.2915596158382,4
2014-01-02,11442.472159615838,1156.2915596158382,4
2014-01-03,11522.544359615838,1156.2915596158382,4
2014-01-06,11487.854559615838,1156.2915596158382,4
2014-01-07,11488.764559615836,57.63155961583925,4
2014-01-08,11500.953159615838,57.63155961583925,4
2014-01-09,11498.26455961584,57.63155961583925,4
2014-01-10,11444.66475961584,57.63155961583925,4
2014-01-13,11284.392079615838,4399.1656796158395,3
2014-01-14,11316.15667961584,4420.632679615839,2
2014-01-15,11393.222279615842,271.6566796158395,3
2014-01-16,11296.69107961584,271.6566796158395,3
2014-01-17,11315.876679615838,271.6566796158395,3
2014-01-21,11420.515079615838,271.6566796158395,3
2014-01-22,11419.58787961584,271.6566796158395,3
2014-01-23,11284.265479615842,271.6566796158395,3
2014-01-24,10805.185879615838,6873.078679615838,2
2014-01-27,10758.937079615838,3232.2550796158375,1
2014-01-28,10920.755079615838,5.4050796158376215,2
2014-01-29,10801.619679615837,5.4050796158376215,2
2014-01-30,11129.196679615838,5.4050796158376215,2
2014-01-31,11162.89029981584,826.719799815839,3
2014-02-03,10735.60969981584,1882.209199815839,3
2014-02-04,10889.73169981584,2577.789199815839,3
2014-02-05,10828.991398776141,3829.981398776141,2
2014-02-06,10918.706898776141,382.36289877614126,3
2014-02-07,11073.741898776141,382.36289877614126,3
2014-02-10,11011.76569877614,382.36289877614126,3
2014-02-11,11182.960858776141,2276.195458776141,3
2014-02-12,11190.723658776142,2276.195458776141,3
2014-02-13,11305.69476737614,4948.007267376141,3
2014-02-14,11288.770567376141,2232.9895673761407,4
2014-02-18,11362.968667376139,4929.2239673761405,3
2014-02-19,11323.469367376141,4929.2239673761405,3
2014-02-20,11333.772067376141,2228.1039673761406,4
2014-02-21,11375.620067376141,2228.1039673761406,4
2014-02-24,11398.19986737614,2228.1039673761406,4
2014-02-25,11398.958467376142,2228.1039673761406,4
2014-02-26,11328.631167376141,8.853967376140645,5
2014-02-27,11371.37516737614,8.853967376140645,5
2014-02-28,11115.106667376142,20.755367376140384,4
2014-03-03,10989.05506737614,6347.79536737614,2
2014-03-04,11070.300167376141,695.4153673761407,4
2014-03-05,11201.888367376141,695.4153673761407,4
2014-03-06,11163.846567376142,695.4153673761407,4
2014-03-07,11066.713167376141,695.4153673761407,4
2014-03-10,11146.529767376142,2932.8553673761407,3
2014-03-11,10993.79956737614,2.063367376140377,4
2014-03-12,11008.73846737614,20.148467376141525,3
2014-03-13,10684.903417376143,282.1834173761413,4
2014-03-14,10660.11341737614,5392.7934173761405,2
2014-03-17,10632.76421737614,60.04901737614091,3
2014-03-18,10617.43481737614,43.12481737614007,4
2014-03-19,10453.86681737614,94.26281737613999,4
2014-03-20,10552.21681737614,15.15281737614032,4
2014-03-21,10535.50281737614,15.15281737614032,4
2014-03-24,10429.382817376141,1371.1228173761403,3
2014-03-25,10456.050817376141,3991.7308173761403,2
2014-03-26,10404.19081737614,3991.7308173761403,2
2014-03-27,10364.94081737614,150.62081737614062,3
2014-03-28,10449.37081737614,150.62081737614062,3
2014-03-31,10564.910817376141,150.62081737614062,3
2014-04-01,10718.187538860166,107.48753886016448,4
2014-04-02,10720.357538860166,107.48753886016448,4
2014-04-03,10675.437538860166,107.48753886016448,4
2014-04-04,10455.377538860166,107.48753886016448,4
2014-04-07,10383.335878860164,10383.335878860164,0
2014-04-08,10419.175878860164,5912.295878860164,1
2014-04-09,10563.755878860164,521.7458788601634,2
2014-04-10,10065.413878860165,50.65387886016424,3
2014-04-11,9967.541398860165,9967.541398860165,0
2014-04-14,9981.841398860164,4837.741398860165,1
2014-04-15,10014.011398860164,411.3013988601649,3
2014-04-16,10095.131398860167,411.3013988601649,3
2014-04-17,10178.711398860165,411.3013988601649,3
2014-04-21,10172.871398860167,411.3013988601649,3
2014-04-22,10162.061398860164,411.3013988601649,3
2014-04-23,10181.641398860165,411.3013988601649,3
2014-04-24,9958.705198860165,5442.465198860165,2
2014-04-25,9897.435198860167,5442.465198860165,2
2014-04-28,9904.805198860166,7115.225198860166,1
2014-04-29,9935.015198860165,7115.225198860166,1
2014-04-30,9954.505198860166,1792.985198860165,2
2014-05-01,9920.415198860166,1079.4651988601654,2
2014-05-02,9898.015198860165,1079.4651988601654,2
2014-05-05,9916.385198860165,6336.185198860166,1
2014-05-06,9880.720198860166,24.265198860165583,2
2014-05-07,9971.570198860165,24.265198860165583,2
2014-05-08,9929.747698860167,24.265198860165583,2
2014-05-09,9854.740963860166,6277.240963860166,1
2014-05-12,9919.910963860166,1146.7409638601657,2
2014-05-13,9960.230963860166,1146.7409638601657,2
2014-05-14,9888.250963860164,1146.7409638601657,2
2014-05-15,9806.580963860166,1146.7409638601657,2
2014-05-16,9767.871293860166,9767.871293860166,0
2014-05-19,9862.821293860165,1494.171293860164,2
2014-05-20,9812.803293860163,6.56529386016382,3
2014-05-21,9952.949293860163,6.56529386016382,3
2014-05-22,9999.171293860163,6.56529386016382,3
2014-05-23,10073.058833860163,150.55683386016517,4
2014-05-27,10205.372833860163,47.276833860165425,4
2014-05-28,10245.101833860166,1251.0178338601656,4
2014-05-29,10265.823833860166,1251.0178338601656,4
2014-05-30,10277.077833860165,1251.0178338601656,4
2014-06-02,10302.649833860165,1251.0178338601656,4
2014-06-03,10268.945833860165,1251.0178338601656,4
2014-06-04,10275.771833860166,1251.0178338601656,4
2014-06-05,10338.033833860165,15.857833860165556,4
2014-06-06,10433.055833860166,15.857833860165556,4
2014-06-09,10455.923135860166,808.4051358601657,4
2014-06-10,10447.736135860167,808.4051358601657,4
2014-06-11,10487.199135860168,808.4051358601657,4
2014-06-12,10359.541135860167,808.4051358601657,4
2014-06-13,10392.622135860165,7.305135860165137,4
2014-06-16,10445.800135860165,7.305135860165137,4
2014-06-17,10492.770135860166,7.305135860165137,4
2014-06-18,10536.430135860166,7.305135860165137,4
2014-06-19,10503.579795860167,21.410795860165763,5
2014-06-20,10381.318795860165,2074.6707958601655,4
2014-06-23,10425.442795860166,16.120795860165344,4
2014-06-24,10478.188795860166,16.120795860165344,4
2014-06-25,10606.298795860166,16.120795860165344,4
2014-06-26,10571.028795860166,2192.1207958601653,4
2014-06-27,10633.943795860165,6.740795860165235,5
2014-06-30,10614.215795860166,6.740795860165235,5
2014-07-01,10741.390795860167,98.42079586016507,5
2014-07-02,10699.320795860165,98.42079586016507,5
2014-07-03,10810.792795860165,98.42079586016507,5
2014-07-07,10683.086795860167,98.42079586016507,5
2014-07-08,10594.060795860165,2245.400795860165,4
2014-07-09,10575.351795860166,64.81179586016515,4
2014-07-10,10478.801125860165,683.3811258601645,4
2014-07-11,10513.161125860166,1097.6411258601652,3
2014-07-14,10598.851125860165,23.561125860165248,4
2014-07-15,10563.981125860166,23.561125860165248,4
2014-07-16,10659.321125860166,23.561125860165248,4
2014-07-17,10431.631125860164,23.561125860165248,4
2014-07-18,10552.661125860166,5112.441125860167,3
2014-07-21,10579.401125860168,19.561125860166612,4
2014-07-22,10577.301125860165,19.561125860166612,4
2014-07-23,10513.991125860168,19.561125860166612,4
2014-07-24,10662.071125860168,479.4411258601667,4
2014-07-25,10579.321125860168,479.4411258601667,4
2014-07-28,10613.491125860166,479.4411258601667,4
2014-07-29,10554.741125860168,1861.4611258601667,3
2014-07-30,10655.386525860167,30.018725860166796,4
2014-07-31,10458.866925860166,1811.1169258601667,3
2014-08-01,10414.087725860167,4651.365325860166,3
2014-08-04,10511.837725860167,7570.365325860166,2
2014-08-05,10437.977125860167,27.54302586016638,4
2014-08-06,10464.977425860168,2718.063025860167,3
2014-08-07,10457.197353860167,501.4333538601659,3
2014-08-08,10416.381353860166,8607.793353860166,2
2014-08-11,10515.145353860165,28.21085386016648,4
2014-08-12,10523.240153860166,28.21085386016648,4
2014-08-13,10659.116853860165,28.21085386016648,4
2014-08-14,10701.778053860166,28.21085386016648,4
2014-08-15,10719.176053860167,28.21085386016648,4
2014-08-18,10808.719053860166,28.21085386016648,4
2014-08-19,10884.845913860167,2489.2657138601667,4
2014-08-20,10871.185913860167,2489.2657138601667,4
2014-08-21,10888.139713860166,2489.2657138601667,4
2014-08-22,10867.434333860165,4465.410533860167,4
2014-08-25,10867.167833860167,5.354433860166864,4
2014-08-26,10843.849633860169,5.354433860166864,4
2014-08-27,10871.661433860168,5.354433860166864,4
2014-08-28,10866.819533860169,5.354433860166864,4
2014-08-29,10933.076433860166,5.354433860166864,4
2014-09-02,11046.145733860169,5.354433860166864,4
2014-09-03,10926.485733860169,5.354433860166864,4
2014-09-04,10950.299633860166,2476.604433860167,3
2014-09-05,11014.545433860167,2476.604433860167,3
2014-09-08,11081.250233860166,11.844433860166646,4
2014-09-09,11040.983708860165,340.2371088601667,5
2014-09-10,11173.763908860166,340.2371088601667,5
2014-09-11,11149.866508860167,340.2371088601667,5
2014-09-12,11237.623108860165,340.2371088601667,5
2014-09-15,10989.163108860166,340.2371088601667,5
2014-09-16,11048.193508860168,2187.137108860167,3
2014-09-17,11081.182548860166,2.3285488601673023,4
2014-09-18,11123.267948860168,2.3285488601673023,4
2014-09-19,11027.102148860167,2.3285488601673023,4
2014-09-22,10878.705091901036,2846.473891901035,3
2014-09-23,10898.228491901034,7107.678491901034,2
2014-09-24,10957.948491901034,3436.668491901034,3
2014-09-25,10745.708491901034,31.968491901033758,4
2014-09-26,10903.488491901033,0.26849190103393994,4
2014-09-29,10858.278491901034,0.26849190103393994,4
2014-09-30,10793.218491901034,0.26849190103393994,4
2014-10-01,10556.992421901035,1657.0224219010338,3
2014-10-02,10533.627421901034,2523.932421901034,2
2014-10-03,10644.368821901031,33.138821901031406,4
2014-10-06,10383.38102190103,20.154621901031533,4
2014-10-07,10206.131021901032,3571.144621901032,3
2014-10-08,10249.904621901032,8682.224621901032,1
2014-10-09,10110.621021901032,475.52462190103233,4
2014-10-10,9976.70504167756,8301.02504167756,1
2014-10-13,9995.58504167756,8301.02504167756,1
2014-10-14,9969.18504167756,8301.02504167756,1
2014-10-15,9933.02504167756,9933.02504167756,0
2014-10-16,9933.02504167756,9933.02504167756,0
2014-10-17,9933.02504167756,9933.02504167756,0
2014-10-20,9933.02504167756,9933.02504167756,0
2014-10-21,9933.02504167756,9933.02504167756,0
2014-10-22,9933.02504167756,9933.02504167756,0
2014-10-23,9933.02504167756,9933.02504167756,0
2014-10-24,9933.02504167756,9933.02504167756,0
2014-10-27,9933.02504167756,9933.02504167756,0
2014-10-28,10041.01634167756,5506.543741677559,1
2014-10-29,10001.641141677559,5506.543741677559,1
2014-10-30,10018.148941677558,3540.5741416775595,2
2014-10-31,10086.02324167756,3540.5741416775595,2
2014-11-03,10091.23804167756,3540.5741416775595,2
2014-11-04,10106.71544167756,3540.5741416775595,2
2014-11-05,10096.74138247756,5824.638582477559,2
2014-11-06,10139.66958247756,7765.968182477559,1
2014-11-07,10020.645782477559,1742.3881824775585,3
2014-11-10,10200.632982477558,5123.558182477558,2
2014-11-11,10308.551982477558,67.53818247755862,3
2014-11-12,10315.91958247756,67.53818247755862,3
2014-11-13,10369.602982477558,67.53818247755862,3
2014-11-14,10262.450582477559,67.53818247755862,3
2014-11-17,10276.245882477559,1282.3896824775588,3
2014-11-18,10278.41191247756,1441.9271124775596,3
2014-11-19,10271.35571247756,6216.21711247756,2
2014-11-20,10253.02471247756,85.68711247755982,3
2014-11-21,10303.66711247756,85.68711247755982,3
2014-11-24,10356.76231247756,85.68711247755982,3
2014-11-25,10259.604712477561,85.68711247755982,3
2014-11-26,10307.52571247756,85.68711247755982,3
2014-11-28,10428.587112477562,85.68711247755982,3
2014-12-01,10347.413312477558,85.68711247755982,3
2014-12-02,10345.83331247756,85.68711247755982,3
2014-12-03,10414.675712477561,85.68711247755982,3
2014-12-04,10395.64191247756,85.68711247755982,3
2014-12-05,10430.65331247756,85.68711247755982,3
2014-12-08,10484.13407247756,5530.57407247756,2
2014-12-09,10449.73407247756,5530.57407247756,2
2014-12-10,10249.00407247756,12.75407247755993,3
2014-12-11,10273.494072477559,15.854072477559384,4
2014-12-12,10146.67007247756,2916.9500724775594,3
2014-12-15,9971.06547247756,711.3254724775588,3
2014-12-16,9813.905472477558,6856.505472477558,1
2014-12-17,9889.545472477559,6856.505472477558,1
2014-12-18,10037.305472477557,671.1354724775583,4
2014-12-19,10026.242972477557,671.1354724775583,4
2014-12-22,10006.367972477557,671.1354724775583,4
2014-12-23,9961.39595247756,2891.7809524775594,3
2014-12-24,9989.558452477559,5413.220952477559,2
2014-12-26,9987.915952477559,4005.740952477559,3
2014-12-29,9998.52845247756,4005.740952477559,3
2014-12-30,9975.368452477558,4005.740952477559,3
2014-12-31,9848.910952477558,29.720952477559422,4
2015-01-02,9861.455952477558,60.100952477559076,4
2015-01-05,9705.790652477559,375.29455247755914,5
2015-01-06,9586.27845247756,4793.992052477559,3
2015-01-07,9837.325652477559,76.4620524775587,3
2015-01-08,10032.49403247756,2.1129324775590703,4
2015-01-09,9871.820432477558,2.1129324775590703,4
2015-01-12,9864.739332477558,1764.1329324775593,3
2015-01-13,9808.77653247756,1764.1329324775593,3
2015-01-14,9784.96293247756,3400.772932477559,2
2015-01-15,9568.766532477559,91.65293247755926,3
2015-01-16,9535.22933247756,9535.22933247756,0
2015-01-20,9456.76733247756,48.99273247756037,4
2015-01-21,9522.628132477561,1429.6127324775603,4
2015-01-22,9551.69336107756,1175.4933610775597,4
2015-01-23,9611.827361077561,3.509361077559788,5
2015-01-26,9633.53936107756,3.509361077559788,5
2015-01-27,9528.11736107756,3.509361077559788,5
2015-01-28,9490.185361077562,3.509361077559788,5
2015-01-29,9583.83136107756,1239.9093610775599,4
2015-01-30,9341.493361077559,1239.9093610775599,4
2015-02-02,9343.72336107756,6805.93936107756,2
2015-02-03,9392.99936107756,22.119361077559915,5
2015-02-04,9438.295361077558,46.19936107755939,5
2015-02-05,9533.295361077558,705.3193610775594,5
2015-02-06,9478.40136107756,705.3193610775594,5
2015-02-09,9378.57336107756,705.3193610775594,5
2015-02-10,9514.155361077559,590.3393610775593,5
2015-02-11,9574.72976107756,590.3393610775593,5
2015-02-12,9691.56576107756,590.3393610775593,5
2015-02-13,9767.13936107756,590.3393610775593,5
2015-02-17,9783.630537477558,1820.6665374775591,5
2015-02-18,9751.26873747756,1820.6665374775591,5
2015-02-19,9763.85453747756,4258.946537477559,4
2015-02-20,9941.366337477559,65.26653747755881,5
2015-02-23,10009.68449747756,2236.150297477559,5
2015-02-24,10051.855117477558,4016.273317477559,5
2015-02-25,10057.309117477558,4016.273317477559,5
2015-02-26,10061.76911747756,4016.273317477559,5
2015-02-27,10017.349517477558,4016.273317477559,5
2015-03-02,10097.085317477558,4016.273317477559,5
2015-03-03,10067.67511747756,4016.273317477559,5
2015-03-04,10083.93751747756,53.40931747755894,5
2015-03-05,10125.901117477559,53.40931747755894,5
2015-03-06,9973.119317477558,53.40931747755894,5
2015-03-09,9973.88111747756,746.529317477559,4
2015-03-10,9848.786957477558,5296.135157477559,3
2015-03-11,9846.386957477558,160.80695747755817,2
2015-03-12,10028.476957477558,160.80695747755817,2
2015-03-13,9908.106957477557,160.80695747755817,2
2015-03-16,10278.215157477558,42.891057477558206,4
2015-03-17,10332.381957477559,42.891057477558206,4
2015-03-18,10473.741957477558,42.891057477558206,4
2015-03-19,10593.156057477558,42.891057477558206,4
2015-03-20,10522.591217477559,1259.4403174775584,4
2015-03-23,10452.611217477559,2372.0203174775584,3
2015-03-24,10402.515317477559,4092.9953174775583,2
2015-03-25,10301.815317477558,4092.9953174775583,2
2015-03-26,10278.065317477558,4092.9953174775583,2
2015-03-27,10485.320317477559,3.787617477558342,4
2015-03-30,10653.299917477558,3.787617477558342,4
2015-03-31,10476.22031747756,3.787617477558342,4
2015-04-01,10288.389917477558,3.787617477558342,4
2015-04-02,10312.852617477558,899.5726174775582,3
2015-04-06,10319.43261747756,899.5726174775582,3
2015-04-07,10275.16261747756,899.5726174775582,3
2015-04-08,10346.722617477559,1984.9576174775582,3
2015-04-09,10384.568717477558,1984.9576174775582,3
2015-04-10,10419.678717477558,1984.9576174775582,3
2015-04-13,10319.298717477557,1984.9576174775582,3
2015-04-14,10344.107617477557,1984.9576174775582,3
2015-04-15,10328.976517477557,1984.9576174775582,3
2015-04-16,10497.902617477559,48.49761747755838,3
2015-04-17,10387.670717477558,4221.2207174775585,2
2015-04-20,10334.256817477559,3019.9968174775586,2
2015-04-21,10438.456817477558,22.296817477558307,3
2015-04-22,10525.266817477559,22.296817477558307,3
2015-04-23,10647.276817477557,22.296817477558307,3
2015-04-24,10789.092417477557,65.13041747755824,4
2015-04-27,10623.823417477559,65.13041747755824,4
2015-04-28,10562.81841747756,20.10041747755804,4
2015-04-29,10551.216417477557,20.10041747755804,4
2015-04-30,10406.215417477557,5908.970417477558,2
2015-05-01,10459.49281747756,821.7464174775587,3
2015-05-04,10557.47361747756,821.7464174775587,3
2015-05-05,10492.28281747756,821.7464174775587,3
2015-05-06,10387.03441747756,821.7464174775587,3
2015-05-07,10375.08041747756,892.6564174775588,3
2015-05-08,10476.94081747756,892.6564174775588,3
2015-05-11,10414.984417477559,892.6564174775588,3
2015-05-12,10427.492017477558,478.0664174775584,4
2015-05-13,10397.98761747756,478.0664174775584,4
2015-05-14,10545.943617477558,478.0664174775584,4
2015-05-15,10600.248417477556,478.0664174775584,4
2015-05-18,10736.41409067756,30.550290677558678,5
2015-05-19,10709.490090677558,30.550290677558678,5
2015-05-20,10782.168890677558,30.550290677558678,5
2015-05-21,10883.349890677559,30.550290677558678,5
2015-05-22,10908.17869067756,30.550290677558678,5
2015-05-26,10903.848635149614,1334.0632351496158,5
2015-05-27,10999.544035149618,35.99323514961634,5
2015-05-28,10999.502235149619,35.99323514961634,5
2015-05-29,11034.765035149616,35.99323514961634,5
2015-06-01,11052.492635149614,35.99323514961634,5
2015-06-02,10924.991935149614,20.594535149616604,5
2015-06-03,11029.631735149618,20.594535149616604,5
2015-06-04,11037.147935149616,20.594535149616604,5
2015-06-05,11251.159431271913,19.259431271912945,5
2015-06-08,11123.127551271913,4346.807551271913,4
2015-06-09,11107.934279132001,14.486279132000163,5
2015-06-10,11198.309279132,1919.9552791320007,5
2015-06-11,11148.071279132,1919.9552791320007,5
2015-06-12,11119.913279132003,2918.835279132001,4
2015-06-15,11173.303279132,2918.835279132001,4
2015-06-16,11178.571279132,48.175279132000924,5
2015-06-17,11177.901279132,48.175279132000924,5
2015-06-18,11299.985279132,48.175279132000924,5
2015-06-19,11228.121279132001,48.175279132000924,5
2015-06-22,11322.317279132003,48.175279132000924,5
2015-06-23,11328.641279132002,48.175279132000924,5
2015-06-24,11226.683279132001,48.175279132000924,5
2015-06-25,11203.887279132003,29.077279132001422,5
2015-06-26,11185.673759132002,3529.0937591320007,4
2015-06-29,11002.013759132002,3529.0937591320007,4
2015-06-30,10971.503759132002,64.8837591320007,2
2015-07-01,10977.192059132001,1225.1242591320015,3
2015-07-02,10957.21721300577,18.17001300576976,4
2015-07-06,10930.561713005769,57.65571300576994,4
2015-07-07,10930.70136300577,19.891363005769563,4
2015-07-08,10759.601363005768,19.891363005769563,4
2015-07-09,10857.96136300577,2723.3913630057696,3
2015-07-10,11013.22136300577,2723.3913630057696,3
2015-07-13,11085.50136300577,2723.3913630057696,3
2015-07-14,11112.22136300577,2723.3913630057696,3
2015-07-15,11081.411363005769,2723.3913630057696,3
2015-07-16,11145.55656300577,5014.12656300577,3
2015-07-17,11134.916563005769,5014.12656300577,3
2015-07-20,11169.31656300577,5014.12656300577,3
2015-07-21,11079.68656300577,190.75656300576975,3
2015-07-22,11091.47656300577,703.6665630057696,3
2015-07-23,11033.11656300577,703.6665630057696,3
2015-07-24,10959.86656300577,703.6665630057696,3
2015-07-27,10897.466563005768,703.6665630057696,3
2015-07-28,11002.556563005772,166.37656300577055,4
2015-07-29,11007.076563005772,166.37656300577055,4
2015-07-30,11248.854628896672,9.312628896671868,5
2015-07-31,11321.379628896671,9.312628896671868,5
2015-08-03,11307.204628896672,9.312628896671868,5
2015-08-04,11601.75483689667,2459.3698368966716,5
2015-08-05,11596.938836896672,766.0298368966714,5
2015-08-06,11433.02816689667,3779.6831668966715,4
2015-08-07,11352.83116689667,6542.883166896671,3
2015-08-10,11329.49016689667,92.12316689667114,5
2015-08-11,11220.16916689667,92.12316689667114,5
2015-08-12,11151.154886896671,676.9258868966717,4
2015-08-13,11190.45288689667,676.9258868966717,4
2015-08-14,11217.57688689667,676.9258868966717,4
2015-08-17,11307.279886896671,676.9258868966717,4
2015-08-18,11637.520886896673,588.335886896672,5
2015-08-19,11494.574886896671,588.335886896672,5
2015-08-20,11137.702616896671,4701.196616896672,3
2015-08-21,10936.551616896671,8038.776616896672,1
2015-08-24,10775.766616896672,10775.766616896672,0
2015-08-25,10775.766616896672,10775.766616896672,0
2015-08-26,10775.766616896672,10775.766616896672,0
2015-08-27,10775.766616896672,10775.766616896672,0
2015-08-28,10775.766616896672,10775.766616896672,0
2015-08-31,10775.766616896672,10775.766616896672,0
2015-09-01,10775.766616896672,10775.766616896672,0
2015-09-02,10775.766616896672,10775.766616896672,0
2015-09-03,10775.766616896672,10775.766616896672,0
2015-09-04,10775.766616896672,10775.766616896672,0
2015-09-08,10775.766616896672,10775.766616896672,0
2015-09-09,10775.766616896672,10775.766616896672,0
2015-09-10,10775.766616896672,10775.766616896672,0
2015-09-11,10775.766616896672,10775.766616896672,0
2015-09-14,10775.766616896672,10775.766616896672,0
2015-09-15,10775.766616896672,10775.766616896672,0
2015-09-16,10775.766616896672,10775.766616896672,0
2015-09-17,10775.766616896672,10775.766616896672,0
2015-09-18,10775.766616896672,10775.766616896672,0
2015-09-21,10775.766616896672,10775.766616896672,0
2015-09-22,10775.766616896672,10775.766616896672,0
2015-09-23,10775.766616896672,10775.766616896672,0
2015-09-24,10775.766616896672,10775.766616896672,0
2015-09-25,10775.766616896672,10775.766616896672,0
2015-09-28,10775.766616896672,10775.766616896672,0
2015-09-29,10775.766616896672,10775.766616896672,0
2015-09-30,10775.766616896672,10775.766616896672,0
2015-10-01,10775.766616896672,10775.766616896672,0
2015-10-02,10775.766616896672,10775.766616896672,0
2015-10-05,10775.766616896672,10775.766616896672,0
2015-10-06,10775.766616896672,10775.766616896672,0
2015-10-07,10775.766616896672,10775.766616896672,0
2015-10-08,10775.766616896672,10775.766616896672,0
2015-10-09,10775.766616896672,10775.766616896672,0
2015-10-12,10775.766616896672,10775.766616896672,0
2015-10-13,10775.766616896672,10775.766616896672,0
2015-10-14,10775.766616896672,10775.766616896672,0
2015-10-15,10775.766616896672,10775.766616896672,0
2015-10-16,10775.766616896672,10775.766616896672,0
2015-10-19,10775.766616896672,10775.766616896672,0
2015-10-20,10775.766616896672,10775.766616896672,0
2015-10-21,10775.766616896672,10775.766616896672,0
2015-10-22,10775.766616896672,10775.766616896672,0
2015-10-23,10775.766616896672,10775.766616896672,0
2015-10-26,10768.206616896672,8161.266616896672,1
2015-10-27,10668.676696896673,10668.676696896673,0
2015-10-28,10668.676696896673,10668.676696896673,0
2015-10-29,10668.676696896673,10668.676696896673,0
2015-10-30,10640.676696896673,6024.676696896673,1
2015-11-02,10562.134696896674,10562.134696896674,0
2015-11-03,10562.134696896674,10562.134696896674,0
2015-11-04,10471.854696896673,44.554696896673704,3
2015-11-05,10498.634696896675,44.554696896673704,3
2015-11-06,10400.118576896673,48.958576896674,3
2015-11-09,10217.706076896675,3997.506076896674,2
2015-11-10,10278.426076896674,2484.366076896674,2
2015-11-11,10238.100076896675,245.38207689667388,3
2015-11-12,10000.923256896675,1031.9072568966749,3
2015-11-13,9913.360558896675,7570.0605588966755,1
2015-11-16,9937.060558896676,7570.0605588966755,1
2015-11-17,9934.960558896675,7570.0605588966755,1
2015-11-18,9983.860558896675,7570.0605588966755,1
2015-11-19,9977.910558896676,6515.360558896676,1
2015-11-20,9997.860558896675,6515.360558896676,1
2015-11-23,9993.310558896676,6515.360558896676,1
2015-11-24,9946.900558896676,68.36055889667568,2
2015-11-25,9898.860558896677,97.68055889667585,2
2015-11-27,9904.800558896675,3482.1605588966763,1
2015-11-30,9805.423438896676,46.12343889667591,2
2015-12-01,9895.913438896678,46.12343889667591,2
2015-12-02,9801.538438896678,46.12343889667591,2
2015-12-03,9627.493378896677,86.65427889667626,2
2015-12-04,9710.089678896677,5706.889678896676,1
2015-12-07,9718.549678896676,3293.959678896676,2
2015-12-08,9780.149178896676,17.978678896675774,3
2015-12-09,9357.625133896674,2.3051338966747608,3
2015-12-10,9368.910133896674,7387.020133896674,1
2015-12-11,9340.410133896674,7387.020133896674,1
2015-12-14,9346.680133896674,9346.680133896674,0
2015-12-15,9346.680133896674,9346.680133896674,0
2015-12-16,9346.680133896674,9346.680133896674,0
2015-12-17,9233.668133896675,29.47713389667456,5
2015-12-18,9082.68897019529,6148.252970195291,2
2015-12-21,9122.159970195291,9122.159970195291,0
2015-12-22,9122.159970195291,9122.159970195291,0
2015-12-23,9122.159970195291,9122.159970195291,0
2015-12-24,9122.159970195291,9122.159970195291,0
2015-12-28,9122.159970195291,9122.159970195291,0
2015-12-29,9122.159970195291,9122.159970195291,0
2015-12-30,9100.699970195292,7172.199970195291,1
2015-12-31,9082.13997019529,7172.199970195291,1
2016-01-04,9025.29997019529,9025.29997019529,0
2016-01-05,9025.29997019529,9025.29997019529,0
2016-01-06,9025.29997019529,9025.29997019529,0
2016-01-07,9025.29997019529,9025.29997019529,0
2016-01-08,9025.29997019529,9025.29997019529,0
2016-01-11,9025.29997019529,9025.29997019529,0
2016-01-12,9025.29997019529,9025.29997019529,0
2016-01-13,9025.29997019529,9025.29997019529,0
2016-01-14,9025.29997019529,9025.29997019529,0
2016-01-15,9025.29997019529,9025.29997019529,0
2016-01-19,9025.29997019529,9025.29997019529,0
2016-01-20,9025.29997019529,9025.29997019529,0
2016-01-21,9025.29997019529,9025.29997019529,0
2016-01-22,9025.29997019529,9025.29997019529,0
2016-01-25,9025.29997019529,9025.29997019529,0
2016-01-26,9025.29997019529,9025.29997019529,0
2016-01-27,9025.29997019529,9025.29997019529,0
2016-01-28,9025.29997019529,9025.29997019529,0
2016-01-29,9025.29997019529,9025.29997019529,0
2016-02-01,9025.29997019529,9025.29997019529,0
2016-02-02,9025.29997019529,9025.29997019529,0
2016-02-03,9025.29997019529,9025.29997019529,0
2016-02-04,9025.29997019529,9025.29997019529,0
2016-02-05,9025.29997019529,9025.29997019529,0
2016-02-08,9025.29997019529,9025.29997019529,0
2016-02-09,9025.29997019529,9025.29997019529,0
2016-02-10,9025.29997019529,9025.29997019529,0
2016-02-11,9025.29997019529,9025.29997019529,0
2016-02-12,9025.29997019529,9025.29997019529,0
2016-02-16,9025.29997019529,9025.29997019529,0
2016-02-17,9025.29997019529,9025.29997019529,0
2016-02-18,9025.29997019529,9025.29997019529,0
2016-02-19,9025.29997019529,9025.29997019529,0
2016-02-22,9025.29997019529,9025.29997019529,0
2016-02-23,9025.29997019529,9025.29997019529,0
2016-02-24,9025.29997019529,9025.29997019529,0
2016-02-25,9025.29997019529,9025.29997019529,0
2016-02-26,9025.29997019529,9025.29997019529,0
2016-02-29,9025.29997019529,9025.29997019529,0
2016-03-01,9025.29997019529,9025.29997019529,0
2016-03-02,9025.29997019529,9025.29997019529,0
2016-03-03,9025.29997019529,9025.29997019529,0
2016-03-04,9025.29997019529,9025.29997019529,0
2016-03-07,9025.29997019529,9025.29997019529,0
2016-03-08,9025.29997019529,9025.29997019529,0
2016-03-09,9025.29997019529,9025.29997019529,0
2016-03-10,9025.29997019529,9025.29997019529,0
2016-03-11,9025.29997019529,9025.29997019529,0
2016-03-14,9025.29997019529,9025.29997019529,0
2016-03-15,9025.29997019529,9025.29997019529,0
2016-03-16,9025.29997019529,9025.29997019529,0
2016-03-17,9131.21337019529,4086.50077019529,1
2016-03-18,9124.69557019529,4086.50077019529,1
2016-03-21,9150.33387019529,1817.25477019529,2
2016-03-22,9176.71017019529,1817.25477019529,2
2016-03-23,9160.06177019529,1817.25477019529,2
2016-03-24,9154.833570195291,1817.25477019529,2
2016-03-28,9155.746237995292,45.499037995291474,3
2016-03-29,9235.956337995292,824.5230379952914,3
2016-03-30,9267.605137995291,824.5230379952914,3
2016-03-31,9286.635737995291,824.5230379952914,3
2016-04-01,9340.997037995292,824.5230379952914,3
2016-04-04,9335.518637995292,824.5230379952914,3
2016-04-05,9223.924937995293,824.5230379952914,3
2016-04-06,9304.581637995292,824.5230379952914,3
2016-04-07,9198.64743799529,26.83593799529126,3
2016-04-08,9153.384747995291,3260.289247995291,2
2016-04-11,9107.739747995292,38.34324799529122,3
2016-04-12,9136.56990799529,28.031407995291374,3
2016-04-13,9220.786418395292,54.03601839529074,3
2016-04-14,9207.57561839529,54.03601839529074,3
2016-04-15,9255.696418395291,54.03601839529074,3
2016-04-18,9352.465218395291,54.03601839529074,3
2016-04-19,9281.307458395291,2.8676583952906185,4
2016-04-20,9326.498058395291,1245.8276583952907,4
2016-04-21,9310.60705839529,1245.8276583952907,4
2016-04-22,9132.228458395291,1387.527658395291,3
2016-04-25,9100.097458395292,1387.527658395291,3
2016-04-26,9153.19805839529,1387.527658395291,3
2016-04-27,9186.016858395291,1387.527658395291,3
2016-04-28,8994.448958395293,18.964558395291988,4
2016-04-29,8931.96775839529,3471.966158395291,3
2016-05-02,8987.80275839529,17.856158395291004,4
2016-05-03,8958.98995839529,17.856158395291004,4
2016-05-04,8789.365558395291,3614.155558395291,2
2016-05-05,8767.115558395291,33.65555839529088,3
2016-05-06,8815.515558395291,33.65555839529088,3
2016-05-09,8782.56990839529,1566.6879083952908,3
2016-05-10,8825.935908395291,1566.6879083952908,3
2016-05-11,8758.421908395292,1566.6879083952908,3
2016-05-12,8798.297908395292,1566.6879083952908,3
2016-05-13,8725.339908395292,30.88790839529065,4
2016-05-16,8808.91590839529,30.88790839529065,4
2016-05-17,8772.93790839529,3530.0879083952905,3
2016-05-18,8816.881908395291,3530.0879083952905,3
2016-05-19,8866.39790839529,3530.0879083952905,3
2016-05-20,8924.531908395289,1042.08590839529,3
2016-05-23,8927.09990839529,1042.08590839529,3
2016-05-24,9054.854094251663,124.44609425166118,3
2016-05-25,9116.26009425166,124.44609425166118,3
2016-05-26,9062.366094251662,124.44609425166118,3
2016-05-27,9092.480094251661,124.44609425166118,3
2016-05-31,9069.374094251662,124.44609425166118,3
2016-06-01,9111.580094251662,124.44609425166118,3
2016-06-02,9164.94009425166,124.44609425166118,3
2016-06-03,9163.304934251662,2039.604934251661,3
2016-06-06,9187.11933425166,89.22213425166092,4
2016-06-07,9204.143534251662,642.8741342516605,4
2016-06-08,9273.63653425166,642.8741342516605,4
2016-06-09,9286.053934251662,642.8741342516605,4
2016-06-10,9218.174734251661,642.8741342516605,4
2016-06-13,9196.24213425166,642.8741342516605,4
2016-06-14,9188.82793425166,642.8741342516605,4
2016-06-15,9176.17713425166,1461.1741342516605,3
2016-06-16,9245.21813425166,1461.1741342516605,3
2016-06-17,9212.37313425166,1461.1741342516605,3
2016-06-20,9256.78053425166,20.854134251660525,4
2016-06-21,9266.31493425166,15.254934251660643,4
2016-06-22,9255.224934251662,91.69663425166118,4
2016-06-23,9382.35663425166,2084.8666342516613,3
2016-06-24,9224.79833425166,2084.8666342516613,3
2016-06-27,9230.53644645166,3753.096446451661,2
2016-06-28,9270.05144645166,3753.096446451661,2
2016-06-29,9335.488946451662,8.456446451661122,3
2016-06-30,9449.21644645166,8.456446451661122,3
2016-07-01,9444.753946451661,8.456446451661122,3
2016-07-05,9511.34894645166,8.456446451661122,3
2016-07-06,9543.863464546603,14.26846454660381,4
2016-07-07,9504.853464546602,14.26846454660381,4
2016-07-08,9620.543464546603,14.26846454660381,4
2016-07-11,9638.811064546602,87.82606454660367,5
2016-07-12,9646.771064546603,87.82606454660367,5
2016-07-13,9711.611064546603,87.82606454660367,5
2016-07-14,9700.146064546603,1026.7060645466036,5
2016-07-15,9723.386064546605,1026.7060645466036,5
2016-07-18,9709.071064546602,1026.7060645466036,5
2016-07-19,9728.081064546604,1026.7060645466036,5
2016-07-20,9733.771064546603,1026.7060645466036,5
2016-07-21,9712.746064546605,2741.2060645466036,4
2016-07-22,9673.396064546603,90.82606454660345,4
2016-07-25,9573.886064546605,90.82606454660345,4
2016-07-26,9636.406064546605,0.16606454660336567,4
2016-07-27,9598.456064546603,0.16606454660336567,4
2016-07-28,9658.186064546604,0.16606454660336567,4
2016-07-29,9624.106064546604,0.16606454660336567,4
2016-08-01,9646.866064546604,0.16606454660336567,4
2016-08-02,9536.986064546603,0.16606454660336567,4
2016-08-03,9560.013564546603,283.14606454660407,4
2016-08-04,9577.353564546604,283.14606454660407,4
2016-08-05,9602.471064546606,6.591064546604684,4
2016-08-08,9538.371344546604,1033.5713445466045,4
2016-08-09,9531.821344546604,17.83134454660467,4
2016-08-10,9498.831344546605,2145.881344546605,3
2016-08-11,9569.461344546604,127.82134454660445,3
2016-08-12,9598.061344546604,127.82134454660445,3
2016-08-15,9561.691344546603,127.82134454660445,3
2016-08-16,9509.161344546605,7467.621344546605,2
2016-08-17,9444.281344546605,1598.8713445466046,3
2016-08-18,9431.871344546604,921.2513445466047,3
2016-08-19,9487.991344546605,921.2513445466047,3
2016-08-22,9470.741344546605,921.2513445466047,3
2016-08-23,9566.401344546604,921.2513445466047,3
2016-08-24,9544.911344546605,921.2513445466047,3
2016-08-25,9582.701344546605,921.2513445466047,3
2016-08-26,9624.941344546605,921.2513445466047,3
2016-08-29,9644.701344546605,921.2513445466047,3
2016-08-30,9620.881344546606,921.2513445466047,3
2016-08-31,9631.691344546605,921.2513445466047,3
2016-09-01,9690.121344546606,921.2513445466047,3
2016-09-02,9681.816144546605,336.57614454660506,4
2016-09-06,9692.356144546604,1378.2961445466049,3
2016-09-07,9686.566144546605,1378.2961445466049,3
2016-09-08,9657.486144546603,1378.2961445466049,3
2016-09-09,9479.424944546605,8411.604944546605,1
2016-09-12,9471.284944546605,9471.284944546605,0
2016-09-13,9471.284944546605,9471.284944546605,0
2016-09-14,9451.564944546606,5107.384944546606,1
2016-09-15,9544.474944546604,55.92494454660573,3
2016-09-16,9578.254944546607,55.92494454660573,3
2016-09-19,9580.524944546607,55.92494454660573,3
2016-09-20,9581.614944546604,55.92494454660573,3
2016-09-21,9676.274944546607,55.92494454660573,3
2016-09-22,9654.674944546605,55.92494454660573,3
2016-09-23,9496.984944546606,55.92494454660573,3
2016-09-26,9442.494944546606,2621.5549445466054,2
2016-09-27,9499.814944546604,0.21494454660478368,2
2016-09-28,9547.854944546605,0.21494454660478368,2
2016-09-29,9508.454944546604,0.21494454660478368,2
2016-09-30,9641.794944546604,12.21494454660342,3
2016-10-03,9610.854944546603,12.21494454660342,3
2016-10-04,9554.074944546604,12.21494454660342,3
2016-10-05,9576.662744546602,35.313344546603275,3
2016-10-06,9568.899544546603,2054.913344546603,2
2016-10-07,9578.403344546603,2054.913344546603,2
2016-10-10,9637.257944546604,2054.913344546603,2
2016-10-11,9412.710344546604,5748.913344546603,1
2016-10-12,9440.517344546603,9440.517344546603,0
2016-10-13,9436.257344546602,2567.7173445466024,1
2016-10-14,9461.297344546603,1.6073445466026897,2
2016-10-17,9445.287344546603,1.6073445466026897,2
2016-10-18,9473.477344546602,1.6073445466026897,2
2016-10-19,9399.637344546603,32.02734454660276,2
2016-10-20,9192.187344546604,3240.9273445466033,2
2016-10-21,9243.247344546602,3240.9273445466033,2
2016-10-24,9437.727344546603,679.9673445466033,3
2016-10-25,9331.077344546604,679.9673445466033,3
2016-10-26,9318.857344546603,679.9673445466033,3
2016-10-27,9298.307344546603,679.9673445466033,3
2016-10-28,9299.627344546603,3159.4673445466033,2
2016-10-31,9327.417344546604,3159.4673445466033,2
2016-11-01,9289.307344546603,3159.4673445466033,2
2016-11-02,9268.687344546604,3159.4673445466033,2
2016-11-03,9257.139344546604,1017.4223445466032,3
2016-11-04,9216.413344546603,726.3223445466024,3
2016-11-07,9432.750344546603,726.3223445466024,3
2016-11-08,9436.802344546602,726.3223445466024,3
2016-11-09,9681.517967568207,4068.601967568207,3
2016-11-10,9666.144412441641,6118.644412441641,2
2016-11-11,9705.504412441642,6118.644412441641,2
2016-11-14,9836.60441244164,6118.644412441641,2
2016-11-15,9969.444412441642,1382.8244124416415,3
2016-11-16,9806.69441244164,1382.8244124416415,3
2016-11-17,9779.74441244164,1382.8244124416415,3
2016-11-18,9786.724412441643,6059.794412441642,2
2016-11-21,9848.454412441642,1084.9144124416416,4
2016-11-22,9869.374412441643,1084.9144124416416,4
2016-11-23,9882.514412441642,1084.9144124416416,4
2016-11-25,9901.744412441642,1084.9144124416416,4
2016-11-28,9844.71441244164,1084.9144124416416,4
2016-11-29,9791.704412441642,1084.9144124416416,4
2016-11-30,9908.224412441641,3029.5144124416415,3
2016-12-01,9948.914412441642,6032.894412441641,2
2016-12-02,9922.994412441642,6032.894412441641,2
2016-12-05,9978.55681244164,40.83211244164113,4
2016-12-06,10069.790112441642,994.6801124416411,4
2016-12-07,10421.210112441642,994.6801124416411,4
2016-12-08,10528.000112441641,46.030112441640995,5
2016-12-09,10452.430112441642,46.030112441640995,5
2016-12-12,10335.28011244164,46.030112441640995,5
2016-12-13,10370.320112441641,2204.530112441641,4
2016-12-14,10346.020112441642,2204.530112441641,4
2016-12-15,10478.71011244164,2204.530112441641,4
2016-12-16,10354.750112441641,2204.530112441641,4
2016-12-19,10388.44011244164,2204.530112441641,4
2016-12-20,10480.450112441642,61.69011244164085,4
2016-12-21,10460.650112441643,61.69011244164085,4
2016-12-22,10639.930112441638,61.69011244164085,4
2016-12-23,10648.87011244164,61.69011244164085,4
2016-12-27,10685.950112441642,61.69011244164085,4
2016-12-28,10568.590112441641,61.69011244164085,4
2016-12-29,10485.400112441639,61.69011244164085,4
2016-12-30,10416.580112441641,2571.9701124416406,3
2017-01-03,10431.579632441642,56.49963244164201,4
2017-01-04,10596.819632441642,56.49963244164201,4
2017-01-05,10477.879632441642,56.49963244164201,4
2017-01-06,10492.619632441641,56.49963244164201,4
2017-01-09,10478.929632441641,1583.889632441642,3
2017-01-10,10499.679632441643,29.599632441642143,4
2017-01-11,10541.569632441642,29.599632441642143,4
2017-01-12,10471.109632441641,29.599632441642143,4
2017-01-13,10503.528632441641,21.658632441641657,5
2017-01-17,10296.48763244164,4765.207632441641,3
2017-01-18,10331.447632441643,41.66763244164122,3
2017-01-19,10448.25763244164,41.66763244164122,3
2017-01-20,10489.21763244164,41.66763244164122,3
2017-01-23,10533.807112441642,16.397112441641184,4
2017-01-24,10710.08711244164,16.397112441641184,4
2017-01-25,10798.697112441641,16.397112441641184,4
2017-01-26,10939.565589355534,35.915589355532575,5
2017-01-27,10915.165589355533,35.915589355532575,5
2017-01-30,10827.915589355533,2156.135589355533,4
2017-01-31,10782.045589355534,2156.135589355533,4
2017-02-01,10846.835589355533,3.4855893555322837,4
2017-02-02,10745.13558935553,3.4855893555322837,4
2017-02-03,10942.935589355533,43.61558935553239,4
2017-02-06,10894.275589355533,43.61558935553239,4
2017-02-07,10918.225589355534,43.61558935553239,4
2017-02-08,10956.865589355533,43.61558935553239,4
2017-02-09,10975.605589355535,43.61558935553239,4
2017-02-10,10993.295589355532,34.255589355532265,4
2017-02-13,11033.15558935553,34.255589355532265,4
2017-02-14,11095.715589355532,1259.0555893555322,3
2017-02-15,11163.395589355532,3572.9655893555328,3
2017-02-16,11152.725589355534,3572.9655893555328,3
2017-02-17,11176.705589355533,11.965589355532757,4
2017-02-21,11207.715589355532,11.965589355532757,4
2017-02-22,11229.74558935553,11.965589355532757,4
2017-02-23,11191.275589355533,11.965589355532757,4
2017-02-24,11170.165589355533,11.965589355532757,4
2017-02-27,11181.625589355532,11.965589355532757,4
2017-02-28,11131.915589355533,18.415589355532802,4
2017-03-01,11254.025589355533,18.415589355532802,4
2017-03-02,11124.644339355533,3516.1643393555332,3
2017-03-03,11150.004339355533,3516.1643393555332,3
2017-03-06,11127.494339355533,128.4843393555334,4
2017-03-07,11058.874339355532,128.4843393555334,4
2017-03-08,10958.544339355532,73.5843393555333,3
2017-03-09,10968.588139355532,7371.288139355533,1
2017-03-10,11063.584139355535,1.2041393555327886,3
2017-03-13,11185.529019355534,1790.3290193555324,3
2017-03-14,11145.479019355533,1790.3290193555324,3
2017-03-15,11196.751019355534,1790.3290193555324,3
2017-03-16,11285.151019355533,23.809019355532428,4
2017-03-17,11401.837019355533,23.809019355532428,4
2017-03-20,11319.345019355533,23.809019355532428,4
2017-03-21,11087.562219355532,47.780219355532154,4
2017-03-22,11155.440219355532,3766.740219355532,3
2017-03-23,11161.315519355532,3.9942193555320955,4
2017-03-24,11197.116919355532,1831.3949193555322,4
2017-03-27,11222.524919355532,1549.2209193555323,4
2017-03-28,11293.114919355532,1549.2209193555323,4
2017-03-29,11335.42891935553,1549.2209193555323,4
2017-03-30,11363.540919355532,1549.2209193555323,4
2017-03-31,11355.072919355534,84.92091935553208,4
2017-04-03,11477.494843355533,4520.784843355532,3
2017-04-04,11518.580843355532,4520.784843355532,3
2017-04-05,11462.928843355532,4520.784843355532,3
2017-04-06,11501.438843355532,4520.784843355532,3
2017-04-07,11543.072843355532,24.354843355531557,4
2017-04-10,11595.38484335553,24.354843355531557,4
2017-04-11,11554.284843355532,24.354843355531557,4
2017-04-12,11473.36884335553,24.354843355531557,4
2017-04-13,11495.376843355532,1861.0348433555316,3
2017-04-17,11577.234843355533,1861.0348433555316,3
2017-04-18,11543.646843355533,1861.0348433555316,3
2017-04-19,11616.294843355532,18.63484335553153,4
2017-04-20,11647.612843355531,18.63484335553153,4
2017-04-21,11650.462843355532,18.63484335553153,4
2017-04-24,11810.218243355532,2317.2402433555317,4
2017-04-25,11918.828243355532,2317.2402433555317,4
2017-04-26,11887.870243355534,2317.2402433555317,4
2017-04-27,11944.47492330212,3277.9969233021206,4
2017-04-28,11942.83692330212,3277.9969233021206,4
2017-05-01,12074.45692330212,22.74692330212065,5
2017-05-02,11976.15492330212,22.74692330212065,5
2017-05-03,11875.038923302121,22.74692330212065,5
2017-05-04,11847.91492330212,2380.026923302121,4
2017-05-05,11905.11892330212,22.608923302121184,4
2017-05-08,11771.714623302123,1529.5404233021209,4
2017-05-09,11913.546623302122,1529.5404233021209,4
2017-05-10,11973.91262330212,1529.5404233021209,4
2017-05-11,11977.150423302119,1529.5404233021209,4
2017-05-12,11992.966423302121,1529.5404233021209,4
2017-05-15,12000.93822330212,1529.5404233021209,4
2017-05-16,12008.416423302118,19.080423302119925,4
2017-05-17,11702.87254330212,4728.44634330212,3
2017-05-18,11689.256143302122,10635.416143302122,1
2017-05-19,11697.093143302121,6101.295143302122,2
2017-05-22,11703.859143302121,3506.8951433021216,3
2017-05-23,11760.330143302122,367.84514330212187,4
2017-05-24,11840.790143302122,367.84514330212187,4
2017-05-25,12027.480143302122,367.84514330212187,4
2017-05-26,12057.562143302122,367.84514330212187,4
2017-05-30,12147.943463302121,1781.6054633021215,4
2017-05-31,12098.408463302121,1781.6054633021215,4
2017-06-01,12140.846463302121,22.675463302121898,4
2017-06-02,12271.33986330212,2398.329863302122,4
2017-06-05,12188.139863302122,57.52986330212161,5
2017-06-06,12134.686703302123,0.46170330212225963,5
2017-06-07,12272.996703302122,0.46170330212225963,5
2017-06-08,12414.781703302122,0.46170330212225963,5
2017-06-09,11830.825963302123,42.61596330212342,5
2017-06-12,11843.100723302126,24.405323302124998,4
2017-06-13,11951.931023302124,24.405323302124998,4
2017-06-14,11844.331123302127,24.405323302124998,4
2017-06-15,11831.211223302125,996.9653233021259,4
2017-06-16,11816.471223302126,996.9653233021259,4
2017-06-19,11861.626123302125,10.475323302125616,4
2017-06-20,11587.701413202125,446.3549132021253,5
2017-06-21,11563.469413202125,539.6549132021255,5
2017-06-22,11568.355913202127,567.7049132021252,5
2017-06-23,11617.451913202125,567.7049132021252,5
2017-06-26,11622.227913202125,567.7049132021252,5
2017-06-27,11443.658728428407,2862.254728428406,4
2017-06-28,11596.304728428408,598.7667284284062,4
2017-06-29,11415.084728428406,598.7667284284062,4
2017-06-30,11329.958728428406,598.7667284284062,4
2017-07-03,11201.055128428405,21.459128428406075,4
2017-07-05,11231.538728428408,478.01672842840617,3
2017-07-06,11042.893128428404,17.099128428405493,3
2017-07-07,11232.435128428406,14.053128428405216,3
2017-07-10,11235.311928428404,14.053128428405216,3
2017-07-11,11201.901128428406,14.053128428405216,3
2017-07-12,11300.228328428406,14.053128428405216,3
2017-07-13,11297.797128428403,14.053128428405216,3
2017-07-14,11298.605928428406,5660.977128428405,2
2017-07-17,11265.177528428405,47.07712842840556,3
2017-07-18,11270.614447628404,2994.8956476284056,3
2017-07-19,11259.367647628405,406.09564762840546,4
2017-07-20,11228.142047628407,406.09564762840546,4
2017-07-21,11283.592447628405,406.09564762840546,4
2017-07-24,11367.486847628405,1658.5756476284055,3
2017-07-25,11369.234847628406,1658.5756476284055,3
2017-07-26,11407.650847628405,1658.5756476284055,3
2017-07-27,11285.28342672385,4136.462626723849,2
2017-07-28,11352.66982672385,48.74262672384884,3
2017-07-31,11314.102626723849,48.74262672384884,3
2017-08-01,11359.40342672385,48.74262672384884,3
2017-08-02,11277.83702672385,48.74262672384884,3
2017-08-03,11339.820226723848,48.74262672384884,3
2017-08-04,11358.78502672385,48.74262672384884,3
2017-08-07,11383.419426723849,48.74262672384884,3
2017-08-08,11446.05612672385,276.9261267238485,4
2017-08-09,11230.048126723848,4649.218126723848,2
2017-08-10,11131.998126723847,8704.178126723848,1
2017-08-11,11064.978126723849,1220.9581267238482,1
2017-08-14,11100.16812672385,1220.9581267238482,1
2017-08-15,11140.458126723848,1220.9581267238482,1
2017-08-16,11103.228126723849,1220.9581267238482,1
2017-08-17,11048.658126723847,1220.9581267238482,1
2017-08-18,10995.195726723849,3818.2357267238485,1
2017-08-21,10977.82752672385,35.45562672384858,2
2017-08-22,11168.712126723847,35.45562672384858,2
2017-08-23,11036.358126723848,35.45562672384858,2
2017-08-24,10990.926126723847,35.45562672384858,2
2017-08-25,11028.537426723848,127.88742672384842,2
2017-08-28,11020.617426723848,127.88742672384842,2
2017-08-29,11134.197426723847,127.88742672384842,2
2017-08-30,11209.137426723848,127.88742672384842,2
2017-08-31,11245.897426723848,19.937426723848603,3
2017-09-01,11257.97742672385,19.937426723848603,3
2017-09-05,11242.53742672385,19.937426723848603,3
2017-09-06,11169.097426723849,19.937426723848603,3
2017-09-07,11249.377426723848,40.53742672384806,3
2017-09-08,11196.977426723846,40.53742672384806,3
2017-09-11,11348.594426723846,1679.241126723848,3
2017-09-12,11367.497726723848,1679.241126723848,3
2017-09-13,11329.925326723847,1679.241126723848,3
2017-09-14,11396.667726723848,1679.241126723848,3
2017-09-15,11481.50112672385,16.44112672384813,4
2017-09-18,11729.24924032385,2068.6567403238487,4
2017-09-19,11740.629240323848,2068.6567403238487,4
2017-09-20,11784.98414032385,2068.6567403238487,4
2017-09-21,11772.17684032385,2068.6567403238487,4
2017-09-22,11796.584140323848,2068.6567403238487,4
2017-09-25,11648.93684032385,3970.0567403238488,3
2017-09-26,11676.094440323848,3970.0567403238488,3
2017-09-27,11835.189340323848,1.9367403238484258,5
2017-09-28,11952.136840323848,1.9367403238484258,5
2017-09-29,12068.124140323847,1.9367403238484258,5
2017-10-02,12124.120415960837,2453.2003159608357,4
2017-10-03,12128.727615960835,2453.2003159608357,4
2017-10-04,12210.092815960834,4.165315960835869,5
2017-10-05,12273.736585960838,1287.1020859608354,5
2017-10-06,12379.977985960837,1287.1020859608354,5
2017-10-09,12397.440485960837,1287.1020859608354,5
2017-10-10,12444.028785960834,1287.1020859608354,5
2017-10-11,12469.884685960835,1287.1020859608354,5
2017-10-12,12493.657485960837,1287.1020859608354,5
2017-10-13,12580.823885960835,1287.1020859608354,5
2017-10-16,12647.968685960834,2719.602085960835,5
2017-10-17,12612.325985960833,2719.602085960835,5
2017-10-18,12670.541785960835,2719.602085960835,5
2017-10-19,12675.400985960834,2719.602085960835,5
2017-10-20,12716.380085960838,2719.602085960835,5
2017-10-23,12719.157985960836,2719.602085960835,5
2017-10-24,12970.733285960836,2719.602085960835,5
2017-10-25,12840.540485960835,2719.602085960835,5
2017-10-26,12897.462685960836,2719.602085960835,5
2017-10-27,13011.373985960836,2719.602085960835,5
2017-10-30,12968.588085960833,2719.602085960835,5
2017-10-31,13043.355985960836,2719.602085960835,5
2017-11-01,12999.239385960835,2719.602085960835,5
2017-11-02,12862.462985960836,2719.602085960835,5
2017-11-03,13091.468385960834,2327.633385960835,5
2017-11-06,13111.288385960836,2327.633385960835,5
2017-11-07,13166.816385960836,2327.633385960835,5
2017-11-08,13184.259385960835,2327.633385960835,5
2017-11-09,13012.368385960835,2327.633385960835,5
2017-11-10,13074.962385960835,3630.581385960835,4
2017-11-13,13085.802385960833,29.38138596083536,5
2017-11-14,13099.597385960835,94.0313859608359,5
2017-11-15,12934.125385960835,94.0313859608359,5
2017-11-16,13040.955385960835,1177.3553859608355,4
2017-11-17,12937.860385960834,1177.3553859608355,4
2017-11-20,13004.495385960836,1177.3553859608355,4
2017-11-21,13162.240385960838,1177.3553859608355,4
2017-11-22,13131.980385960836,1177.3553859608355,4
2017-11-24,13171.450385960838,1177.3553859608355,4
2017-11-27,13136.480385960836,1177.3553859608355,4
2017-11-28,13200.755385960834,1177.3553859608355,4
2017-11-29,12988.085385960836,1177.3553859608355,4
2017-11-30,13115.070385960835,2861.090385960835,2
2017-12-01,13056.810385960835,2861.090385960835,2
2017-12-04,12708.282185960836,80.17968596083483,3
2017-12-05,12682.714685960837,2541.9046859608347,2
2017-12-06,12657.895015960834,2072.725015960834,2
2017-12-07,12683.325015960834,147.815015960834,3
2017-12-08,12583.115015960833,147.815015960834,3
2017-12-11,12612.885015960836,25.83501596083397,4
2017-12-12,12646.225015960834,25.83501596083397,4
2017-12-13,12678.615015960833,25.83501596083397,4
2017-12-14,12614.175015960835,25.83501596083397,4
2017-12-15,12769.325015960832,22.61501596083417,4
2017-12-18,12822.125015960835,22.61501596083417,4
2017-12-19,12750.805015960836,22.61501596083417,4
2017-12-20,12691.685015960833,22.61501596083417,4
2017-12-21,12695.035015960835,22.61501596083417,4
2017-12-22,12720.965015960834,1984.8350159608342,3
2017-12-26,12694.295015960834,1984.8350159608342,3
2017-12-27,12718.415015960836,128.82501596083603,2
2017-12-28,12763.275015960837,128.82501596083603,2
2017-12-29,12723.955015960837,128.82501596083603,2
2018-01-02,12738.295015960835,128.82501596083603,2
2018-01-03,12897.115015960837,19.035015960836063,2
2018-01-04,12948.949075960836,1079.1218759608369,3
2018-01-05,13122.929075960838,1079.1218759608369,3
2018-01-08,13305.306275960838,1079.1218759608369,3
2018-01-09,13230.436275960836,1079.1218759608369,3
2018-01-10,13292.872245960836,2773.0172459608366,3
2018-01-11,13390.323645960836,2773.0172459608366,3
2018-01-12,13414.793645960837,2773.0172459608366,3
2018-01-16,13560.129845960837,5020.911245960837,3
2018-01-17,13691.624845960836,137.43124596083726,4
2018-01-18,13729.417645960835,137.43124596083726,4
2018-01-19,13847.706245960839,137.43124596083726,4
2018-01-22,13944.311245960838,137.43124596083726,4
2018-01-23,13902.549045960837,137.43124596083726,4
2018-01-24,13865.949045960839,137.43124596083726,4
2018-01-25,13902.246245960838,137.43124596083726,4
2018-01-26,14109.244045960839,137.43124596083726,4
2018-01-29,13964.95764596084,137.43124596083726,4
2018-01-30,13733.793845960836,4951.412445960837,3
2018-01-31,13813.821145960836,1624.5383459608374,4
2018-02-01,13825.039245960837,1624.5383459608374,4
2018-02-02,13580.06634596084,334.66134596083793,3
2018-02-05,13175.330245960839,2739.926645960838,3
2018-02-06,12880.350545960839,12880.350545960839,0
2018-02-07,12838.670545960838,1299.6505459608375,5
2018-02-08,12437.200545960839,4068.8305459608378,4
2018-02-09,12569.250545960836,12569.250545960836,0
2018-02-12,12597.394545960837,6046.686545960836,3
2018-02-13,12682.521545960837,2289.0850459608364,5
2018-02-14,12801.980545960838,2089.725045960837,5
2018-02-15,12965.787045960835,2089.725045960837,5
2018-02-16,12961.854545960836,2089.725045960837,5
2018-02-20,13000.759545960836,2089.725045960837,5
2018-02-21,12973.099045960837,2089.725045960837,5
2018-02-22,12939.006045960836,2089.725045960837,5
2018-02-23,13097.935045960836,2089.725045960837,5
2018-02-26,13181.781545960837,2089.725045960837,5
2018-02-27,13171.290045960837,2089.725045960837,5
2018-02-28,13123.064545960839,6883.015045960838,3
2018-03-01,13036.326545960837,6883.015045960838,3
2018-03-02,13070.88436596084,11970.862365960838,1
2018-03-05,13183.16236596084,1281.7223659608394,4
2018-03-06,13220.22436596084,1281.7223659608394,4
2018-03-07,13213.378365960838,105.52236596083912,5
2018-03-08,13194.936365960839,105.52236596083912,5
2018-03-09,13502.208365960836,105.52236596083912,5
2018-03-12,13499.920365960843,105.52236596083912,5
2018-03-13,13466.295965960839,1705.2399659608386,5
2018-03-14,13398.403965960837,1705.2399659608386,5
2018-03-15,13372.83796596084,1705.2399659608386,5
2018-03-16,13387.32796596084,1705.2399659608386,5
2018-03-19,13287.395965960839,1705.2399659608386,5
2018-03-20,13479.05096596084,54.56996596083991,5
2018-03-21,13432.79396596084,54.56996596083991,5
2018-03-22,13188.51596596084,5091.74996596084,3
2018-03-23,13042.77824096084,10425.136240960841,2
2018-03-26,13110.506240960842,13110.506240960842,0
2018-03-27,12836.134240960842,2198.4882409608413,3
2018-03-28,12854.448240960843,8079.6882409608415,1
2018-03-29,12893.158240960842,8079.6882409608415,1
2018-04-02,12722.09695096084,9926.99695096084,1
2018-04-03,12743.72695096084,12743.72695096084,0
2018-04-04,12743.72695096084,12743.72695096084,0
2018-04-05,12753.18695096084,10586.84695096084,1
2018-04-06,12684.81695096084,10586.84695096084,1
2018-04-09,12700.72695096084,12700.72695096084,0
2018-04-10,12700.72695096084,12700.72695096084,0
2018-04-11,12700.72695096084,12700.72695096084,0
2018-04-12,12744.88695096084,8681.309350960839,1
2018-04-13,12678.74935096084,8681.309350960839,1
2018-04-16,12709.03175096084,2949.189350960839,2
2018-04-17,12897.37175096084,2949.189350960839,2
2018-04-18,12806.131750960838,2949.189350960839,2
2018-04-19,12791.831750960839,2949.189350960839,2
2018-04-20,12785.386950960838,2949.189350960839,2
2018-04-23,12805.62935096084,2949.189350960839,2
2018-04-24,12736.35175096084,2949.189350960839,2
2018-04-25,12675.371750960838,5178.789350960838,2
2018-04-26,12791.169350960838,1311.5493509608386,3
2018-04-27,12788.179750960837,752.2777509608377,5
2018-04-30,12621.109750960837,129.4977509608375,4
2018-05-01,12654.686150960839,3018.5794509608377,4
2018-05-02,12659.11975096084,3018.5794509608377,4
2018-05-03,12614.700750960837,5438.689450960837,3
2018-05-04,12733.411450960837,16.0414509608363,4
2018-05-07,12907.701450960836,16.0414509608363,4
2018-05-08,13011.678150960837,16.0414509608363,4
2018-05-09,13192.525690960836,1576.5906909608364,4
2018-05-10,13235.455690960836,17.230690960836455,5
2018-05-11,13153.162390960837,17.230690960836455,5
2018-05-14,13030.810690960838,17.230690960836455,5
2018-05-15,13040.463990960836,17.230690960836455,5
2018-05-16,12981.373990960838,2462.7206909608367,4
2018-05-17,12781.495690960837,9581.655690960837,2
2018-05-18,12812.085990960837,2586.780990960837,3
2018-05-21,12956.978990960837,27.83899096083678,4
2018-05-22,12890.989990960836,3.3849909608366033,4
2018-05-23,12994.604690960838,3.3849909608366033,4
2018-05-24,13030.054690960837,91.49909096083684,5
2018-05-25,12987.921690960835,1664.2990909608368,4
2018-05-29,12899.003490960837,3246.019090960837,3
2018-05-30,13022.178190960836,181.83319096083596,3
2018-05-31,12911.021690960835,181.83319096083596,3
2018-06-01,12859.227890960836,132.17539096083556,4
2018-06-04,12724.345490960835,506.3968909608352,4
2018-06-05,12722.362490960835,1282.7968909608358,4
2018-06-06,12768.127890960837,3788.0668909608357,3
2018-06-07,12738.857890960835,2154.3166909608353,3
2018-06-08,12850.937190960836,2154.3166909608353,3
2018-06-11,12873.134090960833,14.69669096083544,4
2018-06-12,12810.624990960838,14.69669096083544,4
2018-06-13,12754.342290960836,5.728690960835593,4
2018-06-14,12767.709690960835,5.728690960835593,4
2018-06-15,12756.537790960836,5.728690960835593,4
2018-06-18,12668.793990960836,2252.1286909608357,3
2018-06-19,12595.314590960836,6348.088290960835,2
2018-06-20,12657.678790960836,1029.5832909608353,3
2018-06-21,12511.922390960837,46.22329096083524,4
2018-06-22,12346.403781330358,106.89548133035987,2
2018-06-25,12180.29384133036,8128.306041330359,1
2018-06-26,12180.888141330359,12180.888141330359,0
2018-06-27,11926.918141330358,4108.492641330358,3
2018-06-28,11954.789641330357,11954.789641330357,0
2018-06-29,11825.037641330357,1015.606641330357,4
2018-07-02,11967.475641330355,16.30664133035725,4
2018-07-03,11793.596641330356,16.30664133035725,4
2018-07-05,11915.230141330358,22.60664133035698,4
2018-07-06,12042.097141330356,22.60664133035698,4
2018-07-09,12185.872641330356,22.60664133035698,4
2018-07-10,12200.427141330358,22.60664133035698,4
2018-07-11,12344.511641330359,22.60664133035698,4
2018-07-12,12495.683641330355,1772.2066413303571,4
2018-07-13,12389.952141330357,1772.2066413303571,4
2018-07-16,12389.679141330358,4046.392641330357,3
2018-07-17,12567.692303581938,3.698803581937682,4
2018-07-18,12571.33280358194,3.698803581937682,4
2018-07-19,12496.120303581938,3.698803581937682,4
2018-07-20,12511.343803581938,3.698803581937682,4
2018-07-23,12515.888803581936,3.698803581937682,4
2018-07-24,12476.511043581939,15.093043581937991,5
2018-07-25,12331.039243581938,197.5397435819391,5
2018-07-26,12249.70974358194,197.5397435819391,5
2018-07-27,12145.396243581938,197.5397435819391,5
2018-07-30,12106.61874358194,9.359743581938801,4
2018-07-31,12102.665243581938,1706.5252435819389,3
2018-08-01,12008.045243581939,17.745243581939576,3
2018-08-02,12071.46282358194,26.805423581939976,4
2018-08-03,12057.32092358194,26.805423581939976,4
2018-08-06,12112.307923581939,26.805423581939976,4
2018-08-07,12185.767523581939,26.805423581939976,4
2018-08-08,12180.82552358194,26.805423581939976,4
2018-08-09,12247.799423581939,3203.60542358194,3
2018-08-10,12209.74652358194,3203.60542358194,3
2018-08-13,12189.99223158194,57.68613158194057,4
2018-08-14,12340.33223158194,146.09613158194043,4
2018-08-15,12246.460031581939,146.09613158194043,4
2018-08-16,12302.612231581941,146.09613158194043,4
2018-08-17,12308.80223158194,171.62223158194047,3
2018-08-20,12343.25223158194,171.62223158194047,3
2018-08-21,12405.812231581942,171.62223158194047,3
2018-08-22,12503.21223158194,171.62223158194047,3
2018-08-23,12510.112231581938,171.62223158194047,3
2018-08-24,12568.99425158194,13.03425158194159,4
2018-08-27,12668.524251581941,13.03425158194159,4
2018-08-28,12686.474251581942,13.03425158194159,4
2018-08-29,12835.575191581942,2656.5051915819417,4
2018-08-30,12829.495191581942,2656.5051915819417,4
2018-08-31,12885.435191581942,23.105191581941654,5
2018-09-04,12927.935191581942,23.105191581941654,5
2018-09-05,12865.005191581942,23.105191581941654,5
2018-09-06,12873.08519158194,23.105191581941654,5
2018-09-07,12896.415191581942,23.105191581941654,5
2018-09-10,12931.76519158194,23.105191581941654,5
2018-09-11,13018.715191581941,23.105191581941654,5
2018-09-12,13056.60519158194,23.105191581941654,5
2018-09-13,13185.385191581943,1470.3951915819416,5
2018-09-14,13075.955191581943,1470.3951915819416,5
2018-09-17,12888.115191581941,1470.3951915819416,5
2018-09-18,12963.88519158194,10.975191581941544,3
2018-09-19,13006.825191581942,10.975191581941544,3
2018-09-20,13050.40519158194,10.975191581941544,3
2018-09-21,13072.975191581942,10.975191581941544,3
2018-09-24,13082.25519158194,10.975191581941544,3
2018-09-25,13149.12519158194,10.975191581941544,3
2018-09-26,13230.920191581941,175.00019158194118,4
2018-09-27,13252.175191581942,175.00019158194118,4
2018-09-28,13350.850191581942,175.00019158194118,4
2018-10-01,13437.10519158194,175.00019158194118,4
2018-10-02,13356.930191581941,175.00019158194118,4
2018-10-03,13402.500191581941,175.00019158194118,4
2018-10-04,13202.35019158194,175.00019158194118,4
2018-10-05,13120.17019158194,175.00019158194118,4
2018-10-08,13047.03519158194,444.1001915819397,3
2018-10-09,13105.950191581942,224.98019158193983,3
2018-10-10,12320.434791581938,1382.0947915819388,2
2018-10-11,12327.104791581938,12327.104791581938,0
2018-10-12,12327.104791581938,12327.104791581938,0
2018-10-15,12327.104791581938,12327.104791581938,0
2018-10-16,12327.104791581938,12327.104791581938,0
2018-10-17,12472.990491581939,39.31899158193892,4
2018-10-18,12479.73569158194,39.31899158193892,4
2018-10-19,12443.422091581939,39.31899158193892,4
2018-10-22,12437.149791581938,39.31899158193892,4
2018-10-23,12320.172591581937,39.31899158193892,4
2018-10-24,12103.04005728924,8737.58005728924,1
2018-10-25,11931.280057289241,11931.280057289241,0
2018-10-26,11931.280057289241,11931.280057289241,0
2018-10-29,11931.280057289241,11931.280057289241,0
2018-10-30,11931.280057289241,11931.280057289241,0
2018-10-31,11931.280057289241,11931.280057289241,0
2018-11-01,11931.280057289241,11931.280057289241,0
2018-11-02,11931.280057289241,11931.280057289241,0
2018-11-05,11931.280057289241,11931.280057289241,0
2018-11-06,11931.280057289241,11931.280057289241,0
2018-11-07,11931.280057289241,11931.280057289241,0
2018-11-08,11931.280057289241,11931.280057289241,0
2018-11-09,11931.280057289241,11931.280057289241,0
2018-11-12,11931.280057289241,11931.280057289241,0
2018-11-13,11931.280057289241,11931.280057289241,0
2018-11-14,11931.280057289241,11931.280057289241,0
2018-11-15,11931.280057289241,11931.280057289241,0
2018-11-16,11931.280057289241,11931.280057289241,0
2018-11-19,11931.280057289241,11931.280057289241,0
2018-11-20,11931.280057289241,11931.280057289241,0
2018-11-21,11931.280057289241,11931.280057289241,0
2018-11-23,11931.280057289241,11931.280057289241,0
2018-11-26,11931.280057289241,11931.280057289241,0
2018-11-27,11931.280057289241,11931.280057289241,0
2018-11-28,11931.280057289241,11931.280057289241,0
2018-11-29,11931.280057289241,11931.280057289241,0
2018-11-30,11931.280057289241,11931.280057289241,0
2018-12-03,11931.280057289241,11931.280057289241,0
2018-12-04,11931.280057289241,11931.280057289241,0
2018-12-06,11931.280057289241,11931.280057289241,0
2018-12-07,11931.280057289241,11931.280057289241,0
2018-12-10,11931.280057289241,11931.280057289241,0
2018-12-11,11931.280057289241,11931.280057289241,0
2018-12-12,11931.280057289241,11931.280057289241,0
2018-12-13,11931.280057289241,11931.280057289241,0
2018-12-14,11931.280057289241,11931.280057289241,0
2018-12-17,11931.280057289241,11931.280057289241,0
2018-12-18,11931.280057289241,11931.280057289241,0
2018-12-19,11931.280057289241,11931.280057289241,0
2018-12-20,11931.280057289241,11931.280057289241,0
2018-12-21,11931.280057289241,11931.280057289241,0
2018-12-24,11931.280057289241,11931.280057289241,0
2018-12-26,11931.280057289241,11931.280057289241,0
2018-12-27,11931.280057289241,11931.280057289241,0
2018-12-28,11931.280057289241,11931.280057289241,0
2018-12-31,11931.280057289241,11931.280057289241,0
2019-01-02,11931.280057289241,11931.280057289241,0
2019-01-03,11931.280057289241,11931.280057289241,0
2019-01-04,11931.280057289241,11931.280057289241,0
2019-01-07,11931.280057289241,11931.280057289241,0
2019-01-08,11931.280057289241,11931.280057289241,0
2019-01-09,11931.280057289241,11931.280057289241,0
2019-01-10,11931.280057289241,11931.280057289241,0
2019-01-11,11931.280057289241,11931.280057289241,0
2019-01-14,11931.280057289241,11931.280057289241,0
2019-01-15,11931.280057289241,11931.280057289241,0
2019-01-16,11931.280057289241,11931.280057289241,0
2019-01-17,11931.280057289241,11931.280057289241,0
2019-01-18,11931.280057289241,11931.280057289241,0
2019-01-22,11931.280057289241,11931.280057289241,0
2019-01-23,11931.280057289241,11931.280057289241,0
2019-01-24,11931.280057289241,11931.280057289241,0
2019-01-25,11931.280057289241,11931.280057289241,0
2019-01-28,11931.280057289241,11931.280057289241,0
2019-01-29,11931.280057289241,11931.280057289241,0
2019-01-30,11931.280057289241,11931.280057289241,0
2019-01-31,11931.280057289241,11931.280057289241,0
2019-02-01,11931.280057289241,11931.280057289241,0
2019-02-04,11931.280057289241,11931.280057289241,0
2019-02-05,11931.280057289241,11931.280057289241,0
2019-02-06,11931.280057289241,11931.280057289241,0
2019-02-07,11931.280057289241,11931.280057289241,0
2019-02-08,11931.280057289241,11931.280057289241,0
2019-02-11,11931.280057289241,11931.280057289241,0
2019-02-12,11931.280057289241,11931.280057289241,0
2019-02-13,11885.97005728924,4986.3800572892405,2
2019-02-14,11943.95005728924,4986.3800572892405,2
2019-02-15,12061.960057289241,4986.3800572892405,2
2019-02-19,12028.79005728924,4986.3800572892405,2
2019-02-20,12059.86005728924,4986.3800572892405,2
2019-02-21,12038.74005728924,4986.3800572892405,2
2019-02-22,12109.50005728924,4986.3800572892405,2
2019-02-25,12092.59005728924,4986.3800572892405,2
2019-02-26,12156.07005728924,4986.3800572892405,2
2019-02-27,12246.12701728924,7258.22701728924,2
2019-02-28,12247.663017289242,1453.6170172892398,3
2019-03-01,12265.402017289241,4062.41701728924,2
2019-03-04,12295.567017289242,85.69701728924156,2
2019-03-05,12336.917017289243,85.69701728924156,2
2019-03-06,12286.687017289243,85.69701728924156,2
2019-03-07,12242.607017289241,85.69701728924156,2
2019-03-08,12235.587017289241,85.69701728924156,2
2019-03-11,12290.617017289242,85.69701728924156,2
2019-03-12,12353.347017289241,32.79701728924147,2
2019-03-13,12414.90435728924,35.104357289242216,3
2019-03-14,12455.90435728924,35.104357289242216,3
2019-03-15,12516.604357289241,35.104357289242216,3
2019-03-18,12406.464957289241,2372.1649572892425,2
2019-03-19,12486.08495728924,115.86495728924274,3
2019-03-20,12522.844957289242,115.86495728924274,3
2019-03-21,12608.144957289243,115.86495728924274,3
2019-03-22,12545.464957289243,115.86495728924274,3
2019-03-25,12612.524957289243,115.86495728924274,3
2019-03-26,12732.424957289244,115.86495728924274,3
2019-03-27,12670.524957289243,115.86495728924274,3
2019-03-28,12770.307057289243,6.477057289242566,4
2019-03-29,12857.947057289244,6.477057289242566,4
2019-04-01,12803.007057289244,6.477057289242566,4
2019-04-02,12836.207057289243,6.477057289242566,4
2019-04-03,12797.967057289241,6.477057289242566,4
2019-04-04,12661.355457289243,4887.605457289243,2
2019-04-05,12696.155457289242,4887.605457289243,2
2019-04-08,12773.805457289243,61.22545728924251,3
2019-04-09,12738.505457289244,34.48545728924273,3
2019-04-10,12797.225457289242,34.48545728924273,3
2019-04-11,12821.635457289245,34.48545728924273,3
2019-04-12,12863.715457289243,34.48545728924273,3
2019-04-15,12886.545457289245,34.48545728924273,3
2019-04-16,12890.725457289242,34.48545728924273,3
2019-04-17,12806.285457289243,34.48545728924273,3
2019-04-18,12869.345457289244,34.48545728924273,3
2019-04-22,12873.765457289242,34.48545728924273,3
2019-04-23,12864.955457289241,34.48545728924273,3
2019-04-24,12822.885057289244,1288.370257289243,3
2019-04-25,12780.892577289242,2302.2825772892425,3
2019-04-26,12828.803937289242,74.72953728924085,5
2019-04-29,12900.38393728924,74.72953728924085,5
2019-04-30,12976.595137289241,74.72953728924085,5
2019-05-01,12899.88953728924,74.72953728924085,5
2019-05-02,12881.41513728924,74.72953728924085,5
2019-05-03,13043.45953728924,74.72953728924085,5
2019-05-06,12987.52513728924,74.72953728924085,5
2019-05-07,12735.975137289239,74.72953728924085,5
2019-05-08,12658.22513728924,3922.305137289241,3
2019-05-09,12675.407637289241,3.4579372892403626,3
2019-05-10,12717.919121989242,115.11912198924074,4
2019-05-13,12317.11912198924,115.11912198924074,4
2019-05-14,12411.83912198924,19.759121989241066,3
2019-05-15,12481.65912198924,19.759121989241066,3
2019-05-16,12699.42912198924,19.759121989241066,3
2019-05-17,12651.779121989239,19.759121989241066,3
2019-05-20,12612.53912198924,19.759121989241066,3
2019-05-21,12765.849121989242,19.759121989241066,3
2019-05-22,12755.12656198924,18.26056198924107,4
2019-05-23,12654.816561989242,18.26056198924107,4
2019-05-24,12613.130561989241,1992.2105619892411,3
2019-05-28,12413.94856198924,32.8985619892419,3
2019-05-29,12314.789009989243,7602.944609989242,1
2019-05-30,12326.76080998924,2771.814609989242,2
2019-05-31,12189.139509989243,179.3546099892419,3
2019-06-03,12142.108739989242,9557.968739989243,1
2019-06-04,12153.158739989243,9557.968739989243,1
2019-06-05,12284.133539989243,79.13993998924298,4
2019-06-06,12384.211839989242,79.13993998924298,4
2019-06-07,12610.582439989243,79.13993998924298,4
2019-06-10,12608.347339989245,79.13993998924298,4
2019-06-11,12583.572539989244,1809.925539989243,4
2019-06-12,12640.910139989242,1809.925539989243,4
2019-06-13,12624.645639989241,1809.925539989243,4
2019-06-14,12619.607039989245,0.9315399892429923,5
2019-06-17,12592.98753998924,0.9315399892429923,5
2019-06-18,12723.536039989243,199.06153998924265,5
2019-06-19,12845.709198709656,1972.0955987096545,5
2019-06-20,12901.839098709655,2964.8455987096545,5
2019-06-21,12786.689418709655,4743.045618709654,4
2019-06-24,12749.770118709654,4743.045618709654,4
2019-06-25,12700.785818709654,4743.045618709654,4
2019-06-26,12663.791418709654,109.51561870965452,5
2019-06-27,12664.238018709653,109.51561870965452,5
2019-06-28,12699.157918709654,109.51561870965452,5
2019-07-01,12824.404418709655,28.809618709654615,5
2019-07-02,12958.672318709654,28.809618709654615,5
2019-07-03,13056.907118709652,28.809618709654615,5
2019-07-05,13012.053118709655,28.809618709654615,5
2019-07-08,12910.874918709655,28.809618709654615,5
2019-07-09,12917.061218709654,28.809618709654615,5
2019-07-10,13008.308018709655,28.809618709654615,5
2019-07-11,12990.774018709655,28.809618709654615,5
2019-07-12,13004.819518709653,28.809618709654615,5
2019-07-15,13010.853218709655,3826.8456187096544,3
2019-07-16,12983.564418709655,18.905618709654846,4
2019-07-17,12888.316418709655,18.905618709654846,4
2019-07-18,12927.188018709656,7228.115618709655,2
2019-07-19,12720.027618709653,2600.8556187096547,3
2019-07-22,12799.047618709654,738.3856187096544,3
2019-07-23,12843.382018709653,738.3856187096544,3
2019-07-24,12791.988418709654,1374.6936187096544,3
2019-07-25,12674.920794709655,56.372794709654954,3
2019-07-26,12789.927594709654,56.372794709654954,3
2019-07-29,12793.690394709656,3.912794709654918,4
2019-07-30,12722.201594709653,3.912794709654918,4
2019-07-31,12447.605435055899,399.48843505590094,4
2019-08-01,12381.0050350559,93.25843505590046,4
2019-08-02,12212.4985350559,1102.1353350559011,3
2019-08-05,11973.801615055901,3601.753215055901,2
2019-08-06,11979.484415055902,5733.333215055902,2
2019-08-07,12023.400015055902,162.46321505590208,4
2019-08-08,12273.724415055904,162.46321505590208,4
2019-08-09,12270.020015055903,162.46321505590208,4
2019-08-12,12176.212415055901,162.46321505590208,4
2019-08-13,12307.130015055902,162.46321505590208,4
2019-08-14,12008.350415055904,162.46321505590208,4
2019-08-15,12120.353215055904,2075.2332150559023,3
2019-08-16,12227.8588150559,2075.2332150559023,3
2019-08-19,12305.873215055904,39.13321505590238,4
2019-08-20,12257.491615055902,39.13321505590238,4
2019-08-21,12340.194015055902,4467.553215055903,3
2019-08-22,12354.754015055903,4467.553215055903,3
2019-08-23,12094.663615055902,12.453215055903456,4
2019-08-26,12181.794815055902,8199.933215055902,2
2019-08-27,12158.658415055903,42.04321505590224,4
2019-08-28,12214.878815055903,42.04321505590224,4
2019-08-29,12278.552815055904,42.04321505590224,4
2019-08-30,12211.014415055903,42.04321505590224,4
2019-09-03,12182.290415055904,42.04321505590224,4
2019-09-04,12098.252115055902,1383.5137150559021,4
2019-09-05,12321.813315055902,116.01371505590214,5
2019-09-06,12359.524115055903,116.01371505590214,5
2019-09-09,12150.589315055902,116.01371505590214,5
2019-09-10,11896.136433830008,6669.342833830007,3
2019-09-11,11953.206433830008,44.97643383000741,4
2019-09-12,12057.586433830009,44.97643383000741,4
2019-09-13,11991.01643383001,44.97643383000741,4
2019-09-16,11946.212813830007,1468.6128138300069,4
2019-09-17,12034.672813830006,1468.6128138300069,4
2019-09-18,12047.644013830006,76.93681383000671,5
2019-09-19,12010.057813830008,37.17681383000672,5
2019-09-20,11917.919113830007,1320.1768138300067,4
2019-09-23,11890.143313830007,3387.7768138300066,3
2019-09-24,11812.496013830007,39.756813830006195,4
2019-09-25,11830.874013830005,27.766813830006413,4
2019-09-26,11847.100113830005,21.386813830006304,4
2019-09-27,11782.548313830004,21.386813830006304,4
2019-09-30,11763.701213830009,64.82121383000685,3
2019-10-01,11676.581213830006,27.67121383000722,3
2019-10-02,11611.201213830007,11611.201213830007,0
2019-10-03,11595.649213830007,7075.201213830007,1
2019-10-04,11783.679213830008,1988.4442138300074,2
2019-10-07,11763.068213830007,12.974213830007557,3
2019-10-08,11447.06021383001,12.974213830007557,3
2019-10-09,11645.960213830007,6006.1902138300065,2
2019-10-10,11689.450213830007,64.88021383000705,3
2019-10-11,11710.700213830007,64.88021383000705,3
2019-10-14,11685.610213830007,64.88021383000705,3
2019-10-15,11666.306523830008,3648.9265238300068,3
2019-10-16,11633.406523830006,3648.9265238300068,3
2019-10-17,11692.251523830007,31.2565238300067,3
2019-10-18,11748.776523830007,31.2565238300067,3
2019-10-21,11714.786523830007,31.2565238300067,3
2019-10-22,11777.151313830007,2197.953313830007,3
2019-10-23,11713.197313830005,2197.953313830007,3
2019-10-24,12034.837813830007,90.42331383000783,3
2019-10-25,12055.695313830009,15.66331383000852,3
2019-10-28,12156.31981383001,15.66331383000852,3
2019-10-29,12127.047313830008,15.66331383000852,3
2019-10-30,12218.89631383001,15.66331383000852,3
2019-10-31,12153.640313830008,15.66331383000852,3
2019-11-01,12200.08181383001,15.66331383000852,3
2019-11-04,12220.134313830009,2952.4983138300086,2
2019-11-05,12166.692313830008,2952.4983138300086,2
2019-11-06,12206.933513830008,44.03751383000781,3
2019-11-07,12217.84751383001,44.03751383000781,3
2019-11-08,12204.195513830007,44.03751383000781,3
2019-11-11,12173.40151383001,27.147513830008393,3
2019-11-12,12244.133259830007,1767.335259830008,3
2019-11-13,12344.280259830008,1767.335259830008,3
2019-11-14,12384.130659830009,47.6662598300079,4
2019-11-15,12419.803359830008,47.6662598300079,4
2019-11-18,12392.730659830007,47.6662598300079,4
2019-11-19,12340.120859830007,47.6662598300079,4
2019-11-20,12261.77605983001,47.6662598300079,4
2019-11-21,12117.933059830006,3577.8562598300073,3
2019-11-22,12059.633659830008,228.156259830007,4
2019-11-25,12166.002159830005,90.41625983000722,4
2019-11-26,12184.815959830008,90.41625983000722,4
2019-11-27,12041.25945983001,442.1112598300074,4
2019-11-29,11974.625059830008,442.1112598300074,4
2019-12-02,11923.516859830008,5.524659830008204,3
2019-12-03,11918.880459830008,3014.6746598300083,2
2019-12-04,11853.566659830009,11.874659830008568,3
2019-12-05,11846.176859830008,11.874659830008568,3
2019-12-06,12002.26045983001,680.8004598300095,3
2019-12-09,11960.220459830012,680.8004598300095,3
2019-12-10,11954.860459830012,680.8004598300095,3
2019-12-11,11996.220459830009,818.3704598300092,3
2019-12-12,12190.30045983001,818.3704598300092,3
2019-12-13,12235.340459830008,818.3704598300092,3
2019-12-16,12300.450459830008,818.3704598300092,3
2019-12-17,12315.37045983001,818.3704598300092,3
2019-12-18,12301.69045983001,818.3704598300092,3
2019-12-19,12343.96045983001,818.3704598300092,3
2019-12-20,12392.813459830008,2392.5034598300085,3
2019-12-23,12403.213459830009,2392.5034598300085,3
2019-12-24,12412.143459830007,2392.5034598300085,3
2019-12-26,12462.04315053968,14.22315053967941,4
2019-12-27,12451.83315053968,14.22315053967941,4
2019-12-30,12366.79315053968,5.6531505396797,4
2019-12-31,12372.70315053968,3854.95315053968,3
2020-01-02,12511.553150539681,23.11315053968019,4
2020-01-03,12317.17315053968,23.11315053968019,4
2020-01-06,12389.733150539681,15.18315053968081,4
2020-01-07,12339.803150539681,15.18315053968081,4
2020-01-08,12542.02595053968,3.738950539680445,4
2020-01-09,12563.85395053968,18.624950539680412,5
2020-01-10,12452.10247153968,44.89247153968017,5
2020-01-13,12536.644971539681,1856.6474715396807,4
2020-01-14,12500.469971539682,1856.6474715396807,4
2020-01-15,12493.734971539681,3.159471539680908,5
2020-01-16,12587.79847153968,3.159471539680908,5
2020-01-17,12569.74647153968,3.159471539680908,5
2020-01-21,12519.03847153968,3.159471539680908,5
2020-01-22,12605.719571539681,27.513971539680824,5
2020-01-23,12586.12227153968,27.513971539680824,5
2020-01-24,12442.38537153968,27.513971539680824,5
2020-01-27,12265.649691539682,6092.689691539681,3
2020-01-28,12333.899691539682,1532.0596915396818,3
2020-01-29,12300.869691539683,1532.0596915396818,3
2020-01-30,12159.074691539681,460.9996915396814,4
2020-01-31,11768.048935754287,53.89893575428732,4
2020-02-03,11954.346935754285,3110.5869357542874,3
2020-02-04,12002.794331243284,13.086831243283541,5
2020-02-05,12046.33433124328,13.086831243283541,5
2020-02-06,12124.374331243283,13.086831243283541,5
2020-02-07,12021.619331243284,13.086831243283541,5
2020-02-10,12258.02933124328,13.086831243283541,5
2020-02-11,12272.634331243284,13.086831243283541,5
2020-02-12,12321.316831243284,13.086831243283541,5
2020-02-13,12334.649331243283,13.086831243283541,5
2020-02-14,12432.069331243285,13.086831243283541,5
2020-02-18,12400.266431243284,1012.4864312432836,5
2020-02-19,12548.721431243282,13.56643124328366,5
2020-02-20,12352.128931243284,11.298931243283732,4
2020-02-21,12172.198931243282,11.298931243283732,4
2020-02-24,11700.878931243285,8454.178931243285,1
2020-02-25,11667.578931243284,11667.578931243284,0
2020-02-26,11667.578931243284,11667.578931243284,0
2020-02-27,11617.157931243284,9795.778931243283,1
2020-02-28,11552.104762175915,11552.104762175915,0
2020-03-02,11552.104762175915,11552.104762175915,0
2020-03-03,11204.851962175915,2628.2473621759154,5
2020-03-04,11361.657762175913,11361.657762175913,0
2020-03-05,11330.397762175913,9435.837762175914,1
2020-03-06,11303.877762175915,9435.837762175914,1
2020-03-09,11210.937762175914,11210.937762175914,0
2020-03-10,11210.937762175914,11210.937762175914,0
2020-03-11,11210.937762175914,11210.937762175914,0
2020-03-12,11210.937762175914,11210.937762175914,0
2020-03-13,11210.937762175914,11210.937762175914,0
2020-03-16,11210.937762175914,11210.937762175914,0
2020-03-17,11210.937762175914,11210.937762175914,0
2020-03-18,11210.937762175914,11210.937762175914,0
2020-03-19,11210.937762175914,11210.937762175914,0
2020-03-20,11210.937762175914,11210.937762175914,0
2020-03-23,11210.937762175914,11210.937762175914,0
2020-03-24,11210.937762175914,11210.937762175914,0
2020-03-25,11210.937762175914,11210.937762175914,0
2020-03-26,11210.937762175914,11210.937762175914,0
2020-03-27,11210.937762175914,11210.937762175914,0
2020-03-30,11210.937762175914,11210.937762175914,0
2020-03-31,11210.937762175914,11210.937762175914,0
2020-04-01,11210.937762175914,11210.937762175914,0
2020-04-02,11210.937762175914,11210.937762175914,0
2020-04-03,11210.937762175914,11210.937762175914,0
2020-04-06,11210.937762175914,11210.937762175914,0
2020-04-07,11210.937762175914,11210.937762175914,0
2020-04-08,11210.937762175914,11210.937762175914,0
2020-04-09,11210.937762175914,11210.937762175914,0
2020-04-13,11210.937762175914,11210.937762175914,0
2020-04-14,11210.937762175914,11210.937762175914,0
2020-04-15,11210.937762175914,11210.937762175914,0
2020-04-16,11210.937762175914,11210.937762175914,0
2020-04-17,11210.937762175914,11210.937762175914,0
2020-04-20,11210.937762175914,11210.937762175914,0
2020-04-21,11210.937762175914,11210.937762175914,0
2020-04-22,11210.937762175914,11210.937762175914,0
2020-04-23,11210.937762175914,11210.937762175914,0
2020-04-24,11210.937762175914,11210.937762175914,0
2020-04-27,11210.937762175914,11210.937762175914,0
2020-04-28,11210.937762175914,11210.937762175914,0
2020-04-29,11210.937762175914,11210.937762175914,0
2020-04-30,11210.937762175914,11210.937762175914,0
2020-05-01,11210.937762175914,11210.937762175914,0
2020-05-04,11210.937762175914,11210.937762175914,0
2020-05-05,11210.937762175914,11210.937762175914,0
2020-05-06,11210.937762175914,11210.937762175914,0
2020-05-07,11210.937762175914,11210.937762175914,0
2020-05-08,11210.937762175914,11210.937762175914,0
2020-05-11,11210.937762175914,11210.937762175914,0
2020-05-12,11210.937762175914,11210.937762175914,0
2020-05-13,11210.937762175914,11210.937762175914,0
2020-05-14,11210.937762175914,11210.937762175914,0
2020-05-15,11210.937762175914,11210.937762175914,0
2020-05-18,11210.937762175914,11210.937762175914,0
2020-05-19,11210.937762175914,11210.937762175914,0
2020-05-20,11210.937762175914,11210.937762175914,0
2020-05-21,11210.937762175914,11210.937762175914,0
2020-05-22,11210.937762175914,11210.937762175914,0
2020-05-26,11210.937762175914,11210.937762175914,0
2020-05-27,11210.937762175914,11210.937762175914,0
2020-05-28,11189.883762175914,6.813762175914235,5
2020-05-29,11395.254762175913,6.813762175914235,5
2020-06-01,11410.645762175915,6.813762175914235,5
2020-06-02,11409.466762175914,6.813762175914235,5
2020-06-03,11493.433762175913,6.813762175914235,5
2020-06-04,11397.593762175915,6.813762175914235,5
2020-06-05,11581.383762175914,6.813762175914235,5
2020-06-08,11715.981762175914,6.813762175914235,5
2020-06-09,11746.772762175915,1687.3237621759145,5
2020-06-10,11905.886262175914,1687.3237621759145,5
2020-06-11,11373.407762175913,1687.3237621759145,5
2020-06-12,11578.896762175915,9924.633762175914,1
2020-06-15,11601.290562175913,21.08776217591435,5
2020-06-16,11800.326262175913,21.08776217591435,5
2020-06-17,11856.724762175914,21.08776217591435,5
2020-06-18,11891.416762175913,21.08776217591435,5
2020-06-19,11709.061462175914,21.08776217591435,5
2020-06-22,11839.789762175913,656.4677621759142,5
2020-06-23,11876.700462175915,656.4677621759142,5
2020-06-24,11529.078562175915,656.4677621759142,5
2020-06-25,11565.818562175915,7984.011562175914,2
2020-06-26,11434.033062175913,53.05316217591371,4
2020-06-29,11480.748562175915,3051.563162175914,3
2020-06-30,11677.846562175913,24.21116217591407,4
2020-07-01,11775.242562175914,24.21116217591407,4
2020-07-02,11881.602856575913,17.797056575913757,5
2020-07-06,12087.689056575913,17.797056575913757,5
2020-07-07,12040.815056575913,17.797056575913757,5
2020-07-08,12222.564956575912,17.797056575913757,5
2020-07-09,12300.833356575913,17.797056575913757,5
2020-07-10,12208.563056575913,17.797056575913757,5
2020-07-13,11925.619056575913,17.797056575913757,5
2020-07-14,11937.633056575913,4208.517056575913,3
2020-07-15,11942.538156575913,668.5150565759127,5
2020-07-16,11949.640856575912,668.5150565759127,5
2020-07-17,12099.863956575913,668.5150565759127,5
2020-07-20,12364.173856575913,668.5150565759127,5
2020-07-21,12268.256356575912,668.5150565759127,5
2020-07-22,12277.576156575911,668.5150565759127,5
2020-07-23,12113.74855657591,668.5150565759127,5
2020-07-24,12014.739156575914,2503.278456575913,4
2020-07-27,12145.514156575913,127.81845657591293,5
2020-07-28,12035.741756575913,127.81845657591293,5
2020-07-29,12180.952156575913,70.488456575913,5
2020-07-30,12098.402556575913,445.88445657591296,5
2020-07-31,12095.056933075914,792.6734330759127,5
2020-08-03,12137.251133075915,792.6734330759127,5
2020-08-04,12128.395423975913,20.296723975912755,5
2020-08-05,12086.269023975912,20.296723975912755,5
2020-08-06,11973.627693975912,224.40269397591237,4
2020-08-07,11749.726171175911,66.9839711759123,4
2020-08-10,11847.428771175913,66.9839711759123,4
2020-08-11,11634.548271175912,66.9839711759123,4
2020-08-12,11963.307171175911,26.255971175911327,3
2020-08-13,11881.231571175911,26.255971175911327,3
2020-08-14,11999.279171175911,2453.9231711759116,3
2020-08-17,12017.717071175912,70.24317117591136,4
2020-08-18,12131.336671175912,70.24317117591136,4
2020-08-19,12079.986771175913,70.24317117591136,4
2020-08-20,12071.543871175912,10.453171175911393,4
2020-08-21,12158.133771175912,2154.665371175912,4
2020-08-24,12155.524371175912,58.26537117591215,5
2020-08-25,12238.288871175911,58.26537117591215,5
2020-08-26,12355.078071175913,1246.468471175912,5
2020-08-27,12122.02727117591,78.46847117591142,5
2020-08-28,12205.998471175912,638.5484711759113,5
2020-08-31,12199.995271175912,638.5484711759113,5
2020-09-01,12347.270471175912,638.5484711759113,5
2020-09-02,12505.46517117591,1676.307571175911,5
2020-09-03,12072.91477117591,1676.307571175911,5
2020-09-04,12003.76757117591,10818.327571175909,1
2020-09-08,12006.487571175909,10818.327571175909,1
2020-09-09,11994.81757117591,1318.0075711759082,3
2020-09-10,11688.615834675908,14.385834675907745,5
2020-09-11,11662.17383467591,89.96383467591113,5
2020-09-14,11857.163834675912,89.96383467591113,5
2020-09-15,11970.823834675912,89.96383467591113,5
2020-09-16,11927.153834675912,89.96383467591113,5
2020-09-17,11956.573834675912,89.96383467591113,5
2020-09-18,11876.683834675912,89.96383467591113,5
2020-09-21,11727.853834675912,89.96383467591113,5
2020-09-22,11718.363834675913,629.7138346759111,4
2020-09-23,11506.98383467591,1456.0338346759108,4
2020-09-24,11518.03383467591,8849.53383467591,1
2020-09-25,11552.261334675912,53.74883467591167,4
2020-09-28,11680.098834675911,8.068834675911148,4
2020-09-29,11663.20883467591,8.068834675911148,4
2020-09-30,11834.59383467591,8.068834675911148,4
2020-10-01,11776.05033467591,34.766434675911114,5
2020-10-02,11768.720934675912,3791.886434675911,3
2020-10-05,11915.391534675911,1218.786434675911,4
2020-10-06,11820.47403467591,1218.786434675911,4
2020-10-07,12011.542734675912,1218.786434675911,4
2020-10-08,12123.29013467591,1218.786434675911,4
2020-10-09,12308.43103467591,118.77963467591144,5
2020-10-12,12405.028634675911,118.77963467591144,5
2020-10-13,12422.459734675911,118.77963467591144,5
2020-10-14,12374.34039467591,1547.9817946759113,5
2020-10-15,12299.21699467591,1547.9817946759113,5
2020-10-16,12329.103094675913,1547.9817946759113,5
2020-10-19,12142.412194675911,63.6217946759125,5
2020-10-20,12164.711894675913,19.09899467591231,5
2020-10-21,12141.944794675912,19.09899467591231,5
2020-10-22,12115.607294675912,19.09899467591231,5
2020-10-23,12148.870694675912,88.81899467591256,5
2020-10-26,11836.808515475914,1953.0942154759132,4
2020-10-27,11921.699915475914,1450.9782154759123,3
2020-10-28,11693.705375475913,9018.794175475912,1
2020-10-29,11670.310575475913,9018.794175475912,1
2020-10-30,11602.605875475912,7017.866175475912,2
2020-11-02,11659.879575475912,3187.466175475912,3
2020-11-03,11841.615975475912,893.0061754759122,4
2020-11-04,12118.389875475912,501.72017547591213,5
2020-11-05,12189.816375475912,2765.1001754759122,4
2020-11-06,12248.519375475913,2765.1001754759122,4
2020-11-09,11784.47757547591,170.22017547591213,5
2020-11-10,11723.72940054343,4559.408800543431,3
2020-11-11,11745.299100543432,7186.723100543431,2
2020-11-12,11724.457100543432,3005.323100543432,4
2020-11-13,11756.259100543431,978.8707005434321,5
2020-11-16,11730.82150054343,978.8707005434321,5
2020-11-17,11706.047100543434,1070.5551005434322,5
2020-11-18,11599.320500543434,1560.5753005434321,5
2020-11-19,11767.093000543433,673.4653005434325,5
2020-11-20,11643.377500543433,673.4653005434325,5
2020-11-23,11689.754000543431,2240.8500005434325,4
2020-11-24,11732.016000543432,2240.8500005434325,4
2020-11-25,11604.908000543432,2240.8500005434325,4
2020-11-27,11714.062000543432,4750.8500005434325,3
2020-11-30,11900.430000543432,4750.8500005434325,3
2020-12-01,11859.178600543433,107.55260054343307,4
2020-12-02,11797.280600543432,5558.852600543433,3
2020-12-03,11779.148600543434,27.698600543433713,3
2020-12-04,12126.184360543433,84.99436054343323,4
2020-12-07,12004.164360543433,84.99436054343323,4
2020-12-08,11955.585960543434,188.9759605434333,4
2020-12-09,11876.495960543434,188.9759605434333,4
2020-12-10,11797.925960543434,188.9759605434333,4
2020-12-11,11746.205960543435,50.55596054343323,4
2020-12-14,11689.755960543433,14.485960543433066,4
2020-12-15,11986.045960543433,177.02596054343257,4
2020-12-16,11976.985960543432,177.02596054343257,4
2020-12-17,12000.775960543431,177.02596054343257,4
2020-12-18,11986.765960543433,177.02596054343257,4
2020-12-21,11967.125960543432,177.02596054343257,4
2020-12-22,12043.479860543433,177.95986054343257,5
2020-12-23,12055.423660543434,146.46166054343257,5
2020-12-24,12017.01906054343,1156.2616605434325,4
2020-12-28,12120.204460543433,1156.2616605434325,4
2020-12-29,12063.01186054343,1156.2616605434325,4
2020-12-30,12099.49386054343,1156.2616605434325,4
2020-12-31,12088.102060543431,1156.2616605434325,4
2021-01-04,11828.336660543431,94.82166054343224,4
2021-01-05,11838.830560543433,1472.0298605434318,3
2021-01-06,12054.071660543432,278.1871605434317,4
2021-01-07,12224.02996054343,29.20116054343157,4
2021-01-08,12291.435660543431,72.25656054343176,4
2021-01-11,12257.542960543433,72.25656054343176,4
2021-01-12,12435.41322594343,3629.5075259434316,3
2021-01-13,12255.201525943432,693.8275259434317,4
2021-01-14,12380.777025943435,693.8275259434317,4
2021-01-15,12320.042925943431,693.8275259434317,4
2021-01-19,12476.127625943433,693.8275259434317,4
2021-01-20,12530.72742594343,693.8275259434317,4
2021-01-21,12519.360289943434,55.19268994343247,5
2021-01-22,12167.636449943433,170.3332499434323,5
2021-01-25,12011.633949943433,170.3332499434323,5
2021-01-26,11801.507949943432,15.233249943432384,5
2021-01-27,11551.888513809965,5331.318113809964,2
2021-01-28,11498.034013809964,2792.6836138099643,3
2021-01-29,11402.329613809963,779.3236138099644,4
2021-02-01,11606.278113809965,1594.2036138099645,5
2021-02-02,11752.195213809966,1594.2036138099645,5
2021-02-03,11811.226113809964,2936.8501138099646,5
2021-02-04,11952.476313809964,2966.5056138099644,5
2021-02-05,11975.164713809965,2966.5056138099644,5
2021-02-08,12114.933013809965,2966.5056138099644,5
2021-02-09,12069.349713809965,2966.5056138099644,5
2021-02-10,12012.929713809965,2966.5056138099644,5
2021-02-11,12114.828013809965,2966.5056138099644,5
2021-02-12,12215.852713809963,2966.5056138099644,5
2021-02-16,12280.492013809964,3931.029313809964,5
2021-02-17,12177.446713809964,3931.029313809964,5
2021-02-18,12103.179613809967,402.34011380996435,5
2021-02-19,12213.339213809963,52.746713809964604,5
2021-02-22,12384.865774609963,630.6931746099644,4
2021-02-23,12569.862574609966,2163.483174609965,5
2021-02-24,12677.104374609962,2163.483174609965,5
2021-02-25,12300.447991636569,4573.64619163657,4
2021-02-26,12219.13539163657,3.8019916365701647,5
2021-03-01,12564.02739163657,3.8019916365701647,5
2021-03-02,12446.45679163657,3.8019916365701647,5
2021-03-03,12368.99699163657,3.8019916365701647,5
2021-03-04,12154.924191636568,203.1919916365705,4
2021-03-05,12496.40379163657,1166.0219916365704,3
2021-03-08,12688.63107163657,80.16167163657019,5
2021-03-09,12621.90347163657,80.16167163657019,5
2021-03-10,12678.83773883657,1836.6605388365701,5
2021-03-11,12602.04003883657,1836.6605388365701,5
2021-03-12,12644.636538836568,2934.76493883657,4
2021-03-15,12518.002438836571,19.524938836570072,4
2021-03-16,12439.57643883657,19.524938836570072,4
2021-03-17,12419.03513883657,19.524938836570072,4
2021-03-18,12216.523998836568,89.1045988365695,4
2021-03-19,12117.325698836568,6989.708198836569,2
2021-03-22,12123.391398836571,37.30819883656932,4
2021-03-23,12079.88659883657,125.09819883656974,4
2021-03-24,12042.321998836569,125.09819883656974,4
2021-03-25,12071.356598836568,125.09819883656974,4
2021-03-26,12089.84649883657,201.98819883657006,4
2021-03-29,11982.76949883657,75.75589883656994,4
2021-03-30,11968.41229883657,75.75589883656994,4
2021-03-31,11938.24429883657,49.78589883657014,5
2021-04-01,12044.925498836568,49.78589883657014,5
2021-04-05,12113.46269883657,49.78589883657014,5
2021-04-06,12112.44589883657,49.78589883657014,5
2021-04-07,12160.582298836569,49.78589883657014,5
2021-04-08,12251.47405883657,2482.19165883657,5
2021-04-09,12303.497258836569,2482.19165883657,5
2021-04-12,12246.41965883657,2482.19165883657,5
2021-04-13,12281.71205883657,2482.19165883657,5
2021-04-14,12224.71765883657,1317.2876588365689,4
2021-04-15,12102.237738836568,1389.6877388365674,3
2021-04-16,12045.247738836566,1389.6877388365674,3
2021-04-19,11948.424138836566,8.40813883656756,4
2021-04-20,11804.921888836567,5743.673888836567,2
2021-04-21,11654.926788836567,54.52888883656669,3
2021-04-22,11660.971588836566,54.52888883656669,3
2021-04-23,11974.003888836567,54.52888883656669,3
2021-04-26,12036.138688836567,3.560988836566821,4
2021-04-27,12060.508088836568,3.560988836566821,4
2021-04-28,12101.158488836567,7.630988836566985,4
2021-04-29,12165.078688836567,7.630988836566985,4
2021-04-30,11941.698288836567,7.630988836566985,4
2021-05-03,11959.481188836568,1231.970988836567,3
2021-05-04,11845.14700903657,26.927009036567597,4
2021-05-05,11790.907009036568,26.927009036567597,4
2021-05-06,11909.577009036568,26.927009036567597,4
2021-05-07,12021.99700903657,26.927009036567597,4
2021-05-10,11936.327009036568,26.927009036567597,4
2021-05-11,11862.627009036569,26.927009036567597,4
2021-05-12,11544.607009036568,26.927009036567597,4
2021-05-13,11587.227009036567,10246.747009036568,1
2021-05-14,11761.017009036568,33.447009036567806,4
2021-05-17,11932.417009036568,33.447009036567806,4
2021-05-18,11707.347009036568,33.447009036567806,4
2021-05-19,11457.598259036567,3848.378259036567,3
2021-05-20,11479.378259036566,487.3582590365668,4
2021-05-21,11648.448259036566,487.3582590365668,4
2021-05-24,11751.928259036566,487.3582590365668,4
2021-05-25,11627.978259036565,487.3582590365668,4
2021-05-26,11674.258259036566,125.20825903656669,4
2021-05-27,11782.738259036569,2.0782590365665783,4
2021-05-28,11815.448259036566,2.0782590365665783,4
2021-06-01,12007.027259036564,259.1272590365661,5
2021-06-02,11999.077259036565,259.1272590365661,5
2021-06-03,12052.787259036566,259.1272590365661,5
2021-06-04,12114.067259036565,259.1272590365661,5
2021-06-07,12072.977259036566,259.1272590365661,5
2021-06-08,12004.877259036566,259.1272590365661,5
2021-06-09,11896.887259036566,259.1272590365661,5
2021-06-10,11869.127259036566,1030.6472590365656,4
2021-06-11,11907.877259036564,229.84725903656545,4
2021-06-14,11966.677259036565,229.84725903656545,4
2021-06-15,11953.757259036563,229.84725903656545,4
2021-06-16,11871.487259036565,229.84725903656545,4
2021-06-17,11778.047259036564,229.84725903656545,4
2021-06-18,11378.129029036567,3845.219029036567,1
2021-06-21,11413.174029036567,5322.549029036567,1
2021-06-22,11487.914029036567,503.76902903656674,3
2021-06-23,11496.399029036565,503.76902903656674,3
2021-06-24,11548.649029036567,503.76902903656674,3
2021-06-25,11552.074029036565,503.76902903656674,3
2021-06-28,11422.229029036567,503.76902903656674,3
2021-06-29,11373.234029036566,503.76902903656674,3
2021-06-30,11434.884029036568,2681.0490290365665,2
2021-07-01,11466.844029036565,486.8990290365664,3
2021-07-02,11599.164029036565,486.8990290365664,3
2021-07-06,11388.187529036566,126.5975290365659,4
2021-07-07,11472.566772035014,795.8367720350134,2
2021-07-08,11389.696772035015,795.8367720350134,2
2021-07-09,11513.279272035015,795.8367720350134,2
2021-07-12,11702.181312035013,416.5338120350134,3
2021-07-13,11618.691312035013,416.5338120350134,3
2021-07-14,11542.718812035013,416.5338120350134,3
2021-07-15,11593.268092035014,4523.143092035014,2
2021-07-16,11594.625392035014,223.98449203501423,3
2021-07-19,11365.437287735014,4461.247287735015,2
2021-07-20,11629.001587735014,28.257187735014213,3
2021-07-21,11740.081187735013,28.257187735014213,3
2021-07-22,11930.465187735015,28.257187735014213,3
2021-07-23,11986.709987735014,28.257187735014213,3
2021-07-26,11991.129987735016,28.257187735014213,3
2021-07-27,12021.254787735013,28.257187735014213,3
2021-07-28,12000.411187735015,28.257187735014213,3
2021-07-29,12182.034607735015,1011.8346077350143,3
2021-07-30,12088.494607735014,1011.8346077350143,3
2021-08-02,11829.563307735014,258.5433077350144,3
2021-08-03,12033.893307735016,17.13330773501457,3
2021-08-04,12105.283307735015,17.13330773501457,3
2021-08-05,12024.743307735014,17.13330773501457,3
2021-08-06,11986.893307735016,17.13330773501457,3
2021-08-09,12014.453307735013,17.13330773501457,3
2021-08-10,12021.673307735015,17.13330773501457,3
2021-08-11,12040.923307735015,17.13330773501457,3
2021-08-12,12019.103307735015,17.13330773501457,3
2021-08-13,12143.073527735016,3.3535277350151773,4
2021-08-16,12129.713527735013,3.3535277350151773,4
2021-08-17,11989.179027735016,410.41902773501533,4
2021-08-18,11837.039027735016,410.41902773501533,4
2021-08-19,11827.939027735016,111.43902773501577,4
2021-08-20,11912.089027735015,7.389027735015588,4
2021-08-23,12012.929027735016,7.389027735015588,4
2021-08-24,12038.219027735016,7.389027735015588,4
2021-08-25,12090.435327735015,44.30532773501568,5
2021-08-26,12047.416627735016,1619.716627735016,5
2021-08-27,12135.030927735015,389.07312773501553,5
2021-08-30,12138.080127735015,389.07312773501553,5
2021-08-31,12048.658427735016,2260.3999277350154,4
2021-09-01,12092.518327735015,39.22992773501528,5
2021-09-02,12090.800327735014,39.22992773501528,5
2021-09-03,12087.778927735017,39.22992773501528,5
2021-09-07,12022.740827735017,1696.7299277350153,4
2021-09-08,12073.512627735015,1696.7299277350153,4
2021-09-09,12073.413727735016,1696.7299277350153,4
2021-09-10,12002.592627735017,1696.7299277350153,4
2021-09-13,11965.021827735014,9.264627735014983,4
2021-09-14,11809.234374235015,74.59387423501539,3
2021-09-15,11931.499374235014,1709.1538742350153,2
2021-09-16,11858.523874235016,23.473874235015273,3
2021-09-17,11662.128512235016,2948.241712235016,3
2021-09-20,11588.220912235016,2948.241712235016,3
2021-09-21,11626.422912235015,378.0077122350158,3
2021-09-22,11731.261312235014,140.8897122350154,3
2021-09-23,11866.996112235016,140.8897122350154,3
2021-09-24,11875.057312235016,140.8897122350154,3
2021-09-27,11632.269487035013,795.5694870350153,3
2021-09-28,11289.218222074946,8636.178222074945,1
2021-09-29,11264.258222074945,11264.258222074945,0
2021-09-30,11176.598222074945,7748.618222074944,1
2021-10-01,11272.349822074946,3395.513422074945,2
2021-10-04,11185.475822074945,980.9554220749451,3
2021-10-05,11233.846222074944,452.58142207494484,3
2021-10-06,11227.765422074946,452.58142207494484,3
2021-10-07,11313.271422074946,452.58142207494484,3
2021-10-08,11407.127822074945,452.58142207494484,3
2021-10-11,11388.466622074946,452.58142207494484,3
2021-10-12,11423.215422074945,452.58142207494484,3
2021-10-13,11285.027412074945,3964.675812074945,2
2021-10-14,11377.442052074946,3035.543652074946,3
2021-10-15,11538.001852074945,8.546052074945692,4
2021-10-18,11441.396052074946,8.546052074945692,4
2021-10-19,11387.112252074945,8.546052074945692,4
2021-10-20,11453.386652074943,1381.313252074945,4
2021-10-21,11234.142452074946,4189.362452074945,3
2021-10-22,11345.542452074946,4189.362452074945,3
2021-10-25,11322.142452074946,4189.362452074945,3
2021-10-26,11391.562332799866,697.1423327998664,4
2021-10-27,11260.032332799867,697.1423327998664,4
2021-10-28,11322.822332799868,5549.182332799866,3
2021-10-29,11357.414632799866,2966.107332799866,4
2021-11-01,11348.064632799866,10.487332799865726,5
2021-11-02,11400.819632799865,1510.1673327998658,4
2021-11-03,11381.097332799865,1510.1673327998658,4
2021-11-04,11308.562332799866,34.16733279986602,4
2021-11-05,11431.650432799866,959.042332799866,4
2021-11-08,11481.923132799868,959.042332799866,4
2021-11-09,11465.402732799866,959.042332799866,4
2021-11-10,11218.808010499866,1454.1880104998663,4
2021-11-11,11270.008010499867,2275.758010499866,4
2021-11-12,11330.068010499865,83.75801049986603,5
2021-11-15,11304.882010499867,83.75801049986603,5
2021-11-16,11348.638010499868,83.75801049986603,5
2021-11-17,11249.334010499864,83.75801049986603,5
2021-11-18,11255.380010499866,953.5610104998659,4
2021-11-19,11246.042010499867,3130.553010499866,3
2021-11-22,11139.745010499866,3130.553010499866,3
2021-11-23,11136.481010499865,80.59101049986612,4
2021-11-24,11100.981010499867,1713.641010499866,3
2021-11-26,11007.519910499868,2982.6045104998666,3
2021-11-29,11083.725410499866,58.60451049986659,4
2021-11-30,10784.315710499866,960.5795104998663,4
2021-12-01,10741.457810499867,207.17051049986685,4
2021-12-02,10656.082510499868,3510.170510499867,3
2021-12-03,10609.522410499867,151.53051049986743,4
2021-12-06,10500.474550499868,2683.454550499867,3
2021-12-07,10685.012550499867,162.78255049986683,4
2021-12-08,10646.228550499867,162.78255049986683,4
2021-12-09,10498.926550499868,162.78255049986683,4
2021-12-10,10581.894050499868,304.016450499867,4
2021-12-13,10480.325450499868,304.016450499867,4
2021-12-14,10283.521748281248,4654.221748281248,2
2021-12-15,10381.825748281248,10.9187482812481,3
2021-12-16,10121.316630281248,125.83663028124784,3
2021-12-17,10030.576630281248,7169.476630281248,1
2021-12-20,10003.376630281247,10003.376630281247,0
2021-12-21,10028.586630281248,121.36663028124758,3
2021-12-22,10182.846630281249,61.806630281247294,4
2021-12-23,10273.036630281249,61.806630281247294,4
2021-12-27,10510.692250281249,499.00225028124714,5
2021-12-28,10478.082250281248,499.00225028124714,5
2021-12-29,10519.832250281248,499.00225028124714,5
2021-12-30,10417.812250281248,499.00225028124714,5
2021-12-31,10433.102250281248,499.00225028124714,5
2022-01-03,10531.032250281245,499.00225028124714,5
2022-01-04,10558.232250281246,499.00225028124714,5
2022-01-05,10399.412250281246,499.00225028124714,5
2022-01-06,10343.782250281247,3230.002250281247,4
2022-01-07,10257.253850281246,1006.9868502812451,4
2022-01-10,10258.723850281245,4763.223850281245,2
2022-01-11,10328.603850281244,65.52385028124536,3
2022-01-12,10337.743850281244,1025.2238502812452,4
2022-01-13,10245.981850281243,38.22385028124518,5
2022-01-14,10323.361850281244,995.2218502812452,4
2022-01-18,9995.949050281244,5783.229050281245,3
2022-01-19,10026.129050281243,9477.069050281243,1
2022-01-20,10025.649050281243,9477.069050281243,1
2022-01-21,10012.269050281244,9477.069050281243,1
2022-01-24,9995.769050281244,9995.769050281244,0
2022-01-25,9995.769050281244,9995.769050281244,0
2022-01-26,9995.769050281244,9995.769050281244,0
2022-01-27,9995.769050281244,9995.769050281244,0
2022-01-28,9995.769050281244,9995.769050281244,0
2022-01-31,9995.769050281244,9995.769050281244,0
2022-02-01,9973.719050281245,6619.179050281244,1
2022-02-02,10012.719050281241,7380.669050281242,1
2022-02-03,10032.01905028124,4775.229050281241,2
2022-02-04,9947.059050281241,4775.229050281241,2
2022-02-07,9931.44905028124,7366.3290502812415,1
2022-02-08,9944.249050281242,9944.249050281242,0
2022-02-09,9944.249050281242,9944.249050281242,0
2022-02-10,9944.249050281242,9944.249050281242,0
2022-02-11,9944.249050281242,9944.249050281242,0
2022-02-14,9944.249050281242,9944.249050281242,0
2022-02-15,9944.249050281242,9944.249050281242,0
2022-02-16,9939.119050281242,2926.0890502812417,2
2022-02-17,9975.169050281242,2926.0890502812417,2
2022-02-18,9874.579050281242,2926.0890502812417,2
2022-02-22,9748.449860281242,9748.449860281242,0
2022-02-23,9748.449860281242,9748.449860281242,0
2022-02-24,9748.449860281242,9748.449860281242,0
2022-02-25,9748.449860281242,9748.449860281242,0
2022-02-28,9748.449860281242,9748.449860281242,0
2022-03-01,9748.449860281242,9748.449860281242,0
2022-03-02,9748.449860281242,9748.449860281242,0
2022-03-03,9748.449860281242,9748.449860281242,0
2022-03-04,9748.449860281242,9748.449860281242,0
2022-03-07,9748.449860281242,9748.449860281242,0
2022-03-08,9748.449860281242,9748.449860281242,0
2022-03-09,9748.449860281242,9748.449860281242,0
2022-03-10,9748.449860281242,9748.449860281242,0
2022-03-11,9748.449860281242,9748.449860281242,0
2022-03-14,9748.449860281242,9748.449860281242,0
2022-03-15,9748.449860281242,9748.449860281242,0
2022-03-16,9748.449860281242,9748.449860281242,0
2022-03-17,9748.449860281242,9748.449860281242,0
2022-03-18,9748.449860281242,9748.449860281242,0
2022-03-21,9748.449860281242,9748.449860281242,0
2022-03-22,9748.449860281242,9748.449860281242,0
2022-03-23,9748.449860281242,9748.449860281242,0
2022-03-24,9748.449860281242,9748.449860281242,0
2022-03-25,9748.449860281242,9748.449860281242,0
2022-03-28,9824.589860281241,5495.139860281241,1
2022-03-29,9941.75672028124,7635.956720281241,1
2022-03-30,9933.916720281242,7635.956720281241,1
2022-03-31,9868.376720281241,5400.656720281241,2
2022-04-01,9951.756720281242,5400.656720281241,2
2022-04-04,9875.13272028124,686.9727202812414,4
2022-04-05,9741.920627281243,112.79062728124154,4
2022-04-06,9897.940627281241,2606.5406272812415,3
2022-04-07,9971.310627281242,2606.5406272812415,3
2022-04-08,10023.310627281242,164.03062728124132,4
2022-04-11,9918.600627281241,164.03062728124132,4
2022-04-12,9968.740627281242,164.03062728124132,4
2022-04-13,9990.24062728124,164.03062728124132,4
2022-04-14,9948.690627281243,2587.1506272812417,3
2022-04-18,9988.59062728124,2587.1506272812417,3
2022-04-19,10009.770627281243,2587.1506272812417,3
2022-04-20,10064.410627281242,4886.550627281242,2
2022-04-21,9910.750627281242,4886.550627281242,2
2022-04-22,9878.850627281241,7516.630627281242,1
2022-04-25,9864.850627281241,7516.630627281242,1
2022-04-26,9835.450627281241,7516.630627281242,1
2022-04-27,9864.01062728124,7516.630627281242,1
2022-04-28,9938.770627281241,7516.630627281242,1
2022-04-29,9760.690627281241,7516.630627281242,1
2022-05-02,9769.930627281241,9769.930627281241,0
2022-05-03,9769.930627281241,9769.930627281241,0
2022-05-04,9769.930627281241,9769.930627281241,0
2022-05-05,9769.930627281241,9769.930627281241,0
2022-05-06,9769.930627281241,9769.930627281241,0
2022-05-09,9769.930627281241,9769.930627281241,0
2022-05-10,9769.930627281241,9769.930627281241,0
2022-05-11,9769.930627281241,9769.930627281241,0
2022-05-12,9769.930627281241,9769.930627281241,0
2022-05-13,9769.930627281241,9769.930627281241,0
2022-05-16,9769.930627281241,9769.930627281241,0
2022-05-17,9769.930627281241,9769.930627281241,0
2022-05-18,9769.930627281241,9769.930627281241,0
2022-05-19,9769.930627281241,9769.930627281241,0
2022-05-20,9769.930627281241,9769.930627281241,0
2022-05-23,9769.930627281241,9769.930627281241,0
2022-05-24,9769.930627281241,9769.930627281241,0
2022-05-25,9769.930627281241,9769.930627281241,0
2022-05-26,9769.930627281241,9769.930627281241,0
2022-05-27,9769.930627281241,9769.930627281241,0
2022-05-31,9769.930627281241,9769.930627281241,0
2022-06-01,9769.930627281241,9769.930627281241,0
2022-06-02,9769.930627281241,9769.930627281241,0
2022-06-03,9769.930627281241,9769.930627281241,0
2022-06-06,9769.930627281241,9769.930627281241,0
2022-06-07,9769.930627281241,9769.930627281241,0
2022-06-08,9769.930627281241,9769.930627281241,0
2022-06-09,9769.930627281241,9769.930627281241,0
2022-06-10,9769.930627281241,9769.930627281241,0
2022-06-13,9769.930627281241,9769.930627281241,0
2022-06-14,9769.930627281241,9769.930627281241,0
2022-06-15,9769.930627281241,9769.930627281241,0
2022-06-16,9769.930627281241,9769.930627281241,0
2022-06-17,9769.930627281241,9769.930627281241,0
2022-06-21,9769.930627281241,9769.930627281241,0
2022-06-22,9769.930627281241,9769.930627281241,0
2022-06-23,9769.930627281241,9769.930627281241,0
2022-06-24,9769.930627281241,9769.930627281241,0
2022-06-27,9769.930627281241,9769.930627281241,0
2022-06-28,9769.930627281241,9769.930627281241,0
2022-06-29,9769.930627281241,9769.930627281241,0
2022-06-30,9769.930627281241,9769.930627281241,0
2022-07-01,9769.930627281241,9769.930627281241,0
2022-07-05,9769.930627281241,9769.930627281241,0
2022-07-06,9769.930627281241,9769.930627281241,0
2022-07-07,9769.930627281241,9769.930627281241,0
2022-07-08,9769.930627281241,9769.930627281241,0
2022-07-11,9769.930627281241,9769.930627281241,0
2022-07-12,9769.930627281241,9769.930627281241,0
2022-07-13,9769.930627281241,9769.930627281241,0
2022-07-14,9769.930627281241,9769.930627281241,0
2022-07-15,9769.930627281241,9769.930627281241,0
2022-07-18,9769.930627281241,9769.930627281241,0
2022-07-19,9769.930627281241,9769.930627281241,0
2022-07-20,9769.930627281241,9769.930627281241,0
2022-07-21,9769.930627281241,9769.930627281241,0
2022-07-22,9769.930627281241,9769.930627281241,0
2022-07-25,9769.930627281241,9769.930627281241,0
2022-07-26,9769.930627281241,9769.930627281241,0
2022-07-27,9769.930627281241,9769.930627281241,0
2022-07-28,9769.930627281241,9769.930627281241,0
2022-07-29,9769.930627281241,9769.930627281241,0
2022-08-01,9769.930627281241,9769.930627281241,0
2022-08-02,9769.930627281241,9769.930627281241,0
2022-08-03,9769.930627281241,9769.930627281241,0
2022-08-04,9769.930627281241,9769.930627281241,0
2022-08-05,9769.930627281241,9769.930627281241,0
2022-08-08,9769.930627281241,9769.930627281241,0
2022-08-09,9769.930627281241,9769.930627281241,0
2022-08-10,9769.930627281241,9769.930627281241,0
2022-08-11,9769.930627281241,9769.930627281241,0
2022-08-12,9769.930627281241,9769.930627281241,0
2022-08-15,9769.930627281241,9769.930627281241,0
2022-08-16,9769.930627281241,9769.930627281241,0
2022-08-17,9769.930627281241,9769.930627281241,0
2022-08-18,9769.930627281241,9769.930627281241,0
2022-08-19,9769.930627281241,9769.930627281241,0
2022-08-22,9769.930627281241,9769.930627281241,0
2022-08-23,9769.930627281241,9769.930627281241,0
2022-08-24,9769.930627281241,9769.930627281241,0
2022-08-25,9769.930627281241,9769.930627281241,0
2022-08-26,9769.930627281241,9769.930627281241,0
2022-08-29,9769.930627281241,9769.930627281241,0
2022-08-30,9769.930627281241,9769.930627281241,0
2022-08-31,9769.930627281241,9769.930627281241,0
2022-09-01,9769.930627281241,9769.930627281241,0
2022-09-02,9769.930627281241,9769.930627281241,0
2022-09-06,9769.930627281241,9769.930627281241,0
2022-09-07,9769.930627281241,9769.930627281241,0
2022-09-08,9769.930627281241,9769.930627281241,0
2022-09-09,9769.930627281241,9769.930627281241,0
2022-09-12,9769.930627281241,9769.930627281241,0
2022-09-13,9769.930627281241,9769.930627281241,0
2022-09-14,9769.930627281241,9769.930627281241,0
2022-09-15,9769.930627281241,9769.930627281241,0
2022-09-16,9769.930627281241,9769.930627281241,0
2022-09-19,9769.930627281241,9769.930627281241,0
2022-09-20,9769.930627281241,9769.930627281241,0
2022-09-21,9769.930627281241,9769.930627281241,0
2022-09-22,9769.930627281241,9769.930627281241,0
2022-09-23,9769.930627281241,9769.930627281241,0
2022-09-26,9769.930627281241,9769.930627281241,0
2022-09-27,9769.930627281241,9769.930627281241,0
2022-09-28,9769.930627281241,9769.930627281241,0
2022-09-29,9769.930627281241,9769.930627281241,0
2022-09-30,9769.930627281241,9769.930627281241,0
2022-10-03,9769.930627281241,9769.930627281241,0
2022-10-04,9769.930627281241,9769.930627281241,0
2022-10-05,9769.930627281241,9769.930627281241,0
2022-10-06,9769.930627281241,9769.930627281241,0
2022-10-07,9769.930627281241,9769.930627281241,0
2022-10-10,9769.930627281241,9769.930627281241,0
2022-10-11,9769.930627281241,9769.930627281241,0
2022-10-12,9769.930627281241,9769.930627281241,0
2022-10-13,9769.930627281241,9769.930627281241,0
2022-10-14,9769.930627281241,9769.930627281241,0
2022-10-17,9769.930627281241,9769.930627281241,0
2022-10-18,9769.930627281241,9769.930627281241,0
2022-10-19,9769.930627281241,9769.930627281241,0
2022-10-20,9769.930627281241,9769.930627281241,0
2022-10-21,9769.930627281241,9769.930627281241,0
2022-10-24,9769.930627281241,9769.930627281241,0
2022-10-25,9769.930627281241,9769.930627281241,0
2022-10-26,9769.930627281241,9769.930627281241,0
2022-10-27,9769.930627281241,9769.930627281241,0
2022-10-28,9769.930627281241,9769.930627281241,0
2022-10-31,9769.930627281241,9769.930627281241,0
2022-11-01,9769.930627281241,9769.930627281241,0
2022-11-02,9769.930627281241,9769.930627281241,0
2022-11-03,9769.930627281241,9769.930627281241,0
2022-11-04,9769.930627281241,9769.930627281241,0
2022-11-07,9769.930627281241,9769.930627281241,0
2022-11-08,9769.930627281241,9769.930627281241,0
2022-11-09,9769.930627281241,9769.930627281241,0
2022-11-10,9769.930627281241,9769.930627281241,0
2022-11-11,9769.930627281241,9769.930627281241,0
2022-11-14,9769.930627281241,9769.930627281241,0
2022-11-15,9769.930627281241,9769.930627281241,0
2022-11-16,9769.930627281241,9769.930627281241,0
2022-11-17,9769.930627281241,9769.930627281241,0
2022-11-18,9769.930627281241,9769.930627281241,0
2022-11-21,9769.930627281241,9769.930627281241,0
2022-11-22,9769.930627281241,9769.930627281241,0
2022-11-23,9769.930627281241,9769.930627281241,0
2022-11-25,9769.930627281241,9769.930627281241,0
2022-11-28,9769.930627281241,9769.930627281241,0
2022-11-29,9769.930627281241,9769.930627281241,0
2022-11-30,9769.930627281241,9769.930627281241,0
2022-12-01,9769.930627281241,9769.930627281241,0
2022-12-02,9769.930627281241,9769.930627281241,0
2022-12-05,9769.930627281241,9769.930627281241,0
2022-12-06,9769.930627281241,9769.930627281241,0
2022-12-07,9769.930627281241,9769.930627281241,0
2022-12-08,9769.930627281241,9769.930627281241,0
2022-12-09,9769.930627281241,9769.930627281241,0
2022-12-12,9769.930627281241,9769.930627281241,0
2022-12-13,9769.930627281241,9769.930627281241,0
2022-12-14,9769.930627281241,9769.930627281241,0
2022-12-15,9769.930627281241,9769.930627281241,0
2022-12-16,9769.930627281241,9769.930627281241,0
2022-12-19,9769.930627281241,9769.930627281241,0
2022-12-20,9769.930627281241,9769.930627281241,0
2022-12-21,9769.930627281241,9769.930627281241,0
2022-12-22,9769.930627281241,9769.930627281241,0
2022-12-23,9769.930627281241,9769.930627281241,0
2022-12-27,9769.930627281241,9769.930627281241,0
2022-12-28,9769.930627281241,9769.930627281241,0
2022-12-29,9769.930627281241,9769.930627281241,0
2022-12-30,9769.930627281241,9769.930627281241,0
2023-01-03,9769.930627281241,9769.930627281241,0
2023-01-04,9769.930627281241,9769.930627281241,0
2023-01-05,9769.930627281241,9769.930627281241,0
2023-01-06,9769.930627281241,9769.930627281241,0
2023-01-09,9769.930627281241,9769.930627281241,0
2023-01-10,9769.930627281241,9769.930627281241,0
2023-01-11,9769.930627281241,9769.930627281241,0
2023-01-12,9769.930627281241,9769.930627281241,0
2023-01-13,9769.930627281241,9769.930627281241,0
2023-01-17,9663.22062728124,1435.7306272812411,2
2023-01-18,9625.01062728124,9625.01062728124,0
2023-01-19,9625.01062728124,9625.01062728124,0
2023-01-20,9625.01062728124,9625.01062728124,0
2023-01-23,9625.01062728124,9625.01062728124,0
2023-01-24,9625.01062728124,9625.01062728124,0
2023-01-25,9638.440627281241,5994.960627281241,1
2023-01-26,9659.01062728124,3618.320627281241,2
2023-01-27,9592.89062728124,3618.320627281241,2
2023-01-30,9591.360627281241,7239.680627281241,1
2023-01-31,9628.640627281242,7239.680627281241,1
2023-02-01,9692.16062728124,23.68062728124096,2
2023-02-02,9483.90826728124,3058.2182672812414,3
2023-02-03,9427.573267281241,3058.2182672812414,3
2023-02-06,9291.64326728124,51.53826728124204,3
2023-02-07,9303.823267281241,3575.5632672812417,2
2023-02-08,9243.853267281243,3575.5632672812417,2
2023-02-09,9216.343267281241,1261.1232672812412,3
2023-02-10,9333.773267281242,1570.5232672812408,2
2023-02-13,9349.923267281241,66.22326728124085,3
2023-02-14,9246.54326728124,66.22326728124085,3
2023-02-15,9240.51326728124,66.22326728124085,3
2023-02-16,9118.493267281241,4488.223267281241,2
2023-02-17,8992.183267281242,4488.223267281241,2
2023-02-21,8947.01326728124,7480.0932672812405,1
2023-02-22,8953.47606728124,2709.0851672812414,2
2023-02-23,8919.887867281243,468.86016728124105,3
2023-02-24,8776.293250181241,1894.1547501812415,3
2023-02-27,8867.260750181242,119.234750181241,3
2023-02-28,8887.83975018124,119.234750181241,3
2023-03-01,8912.708750181242,119.234750181241,3
2023-03-02,8873.525750181241,3560.704750181241,2
2023-03-03,9090.075810181243,144.5358101812417,3
2023-03-06,9162.947530181242,2675.5045301812406,3
2023-03-07,9106.922030181242,2675.5045301812406,3
2023-03-08,9206.17685018124,3865.944850181241,3
2023-03-09,9157.641350181242,792.6948501812412,3
2023-03-10,9020.444210181242,7812.149210181241,1
2023-03-13,9023.826710181242,7812.149210181241,1
2023-03-14,9075.636710181241,7812.149210181241,1
2023-03-15,9080.99921018124,7812.149210181241,1
2023-03-16,9154.25921018124,7812.149210181241,1
2023-03-17,9127.35421018124,3679.009210181241,3
2023-03-20,9150.23921018124,5924.989210181241,2
2023-03-21,9195.64921018124,5924.989210181241,2
2023-03-22,9161.084210181241,5924.989210181241,2
2023-03-23,9216.95671018124,5924.989210181241,2
2023-03-24,9195.64421018124,5924.989210181241,2
2023-03-27,9147.479210181242,2477.3892101812407,3
2023-03-28,9085.05921018124,425.7892101812404,3
2023-03-29,9172.374210181239,425.7892101812404,3
2023-03-30,9231.57171018124,425.7892101812404,3
2023-03-31,9368.07421018124,425.7892101812404,3
2023-04-03,9344.32421018124,425.7892101812404,3
2023-04-04,9330.75421018124,425.7892101812404,3
2023-04-05,9352.34421018124,425.7892101812404,3
2023-04-06,9237.311710181239,425.7892101812404,3
2023-04-10,9251.796710181241,1734.1567101812404,2
2023-04-11,9223.31971018124,250.9807101812405,3
2023-04-12,9230.46371018124,605.9207101812408,3
2023-04-13,9363.58171018124,86.34171018124061,3
2023-04-14,9407.091710181241,86.34171018124061,3
2023-04-17,9501.07377018124,14.557770181240812,4
2023-04-18,9569.32377018124,14.557770181240812,4
2023-04-19,9605.475770181241,14.557770181240812,4
2023-04-20,9463.389770181238,14.557770181240812,4
2023-04-21,9425.73977018124,1937.2577701812409,3
2023-04-24,9369.85377018124,1937.2577701812409,3
2023-04-25,9222.65577018124,1937.2577701812409,3
2023-04-26,9324.13377018124,7280.133770181241,1
2023-04-27,9347.323770181241,43.24377018124096,4
2023-04-28,9396.28377018124,43.24377018124096,4
2023-05-01,9544.193770181242,43.24377018124096,4
2023-05-02,9458.363770181242,43.24377018124096,4
2023-05-03,9398.983770181241,43.24377018124096,4
2023-05-04,9327.973770181241,43.24377018124096,4
2023-05-05,9461.493770181241,43.24377018124096,4
2023-05-08,9560.35377018124,43.24377018124096,4
2023-05-09,9492.103770181242,43.24377018124096,4
2023-05-10,9565.643770181243,43.24377018124096,4
2023-05-11,9566.923770181242,43.24377018124096,4
2023-05-12,9544.412970181242,22.143770181241052,4
2023-05-15,9560.071050181241,1511.451050181241,3
2023-05-16,9520.483300181242,2778.1333001812413,3
2023-05-17,9610.50330018124,78.93330018124107,4
2023-05-18,9849.675860181242,84.55886018124147,5
2023-05-19,9811.146860181241,84.55886018124147,5
2023-05-22,9757.401860181242,84.55886018124147,5
2023-05-23,9521.30316018124,2364.9761601812415,4
2023-05-24,9553.02116018124,4420.9761601812415,3
2023-05-25,10009.85616018124,110.47616018124154,4
2023-05-26,10232.10218418124,1106.7161841812413,4
2023-05-30,10319.042184181242,219.99618418124146,5
2023-05-31,10204.047184181241,3139.9961841812415,4
2023-06-01,10445.77398418124,51.473984181241576,5
2023-06-02,10467.762910181242,1663.3552101812415,5
2023-06-05,10442.344610181242,1663.3552101812415,5
2023-06-06,10423.722210181242,1663.3552101812415,5
2023-06-07,10325.949410181242,1663.3552101812415,5
2023-06-08,10477.127410181241,1663.3552101812415,5
2023-06-09,10567.730810181241,1663.3552101812415,5
2023-06-12,10761.583710181241,1663.3552101812415,5
2023-06-13,10876.080610181241,1663.3552101812415,5
2023-06-14,11061.097710181242,1663.3552101812415,5
2023-06-15,11166.110110181242,1663.3552101812415,5
2023-06-16,11112.766810181241,1663.3552101812415,5
2023-06-20,11084.574410181243,1663.3552101812415,5
2023-06-21,11000.35671018124,3234.9117101812417,4
2023-06-22,11028.881710181242,32.75171018124183,5
2023-06-23,10820.111698181241,80.34369818124196,5
2023-06-26,10646.54984218124,13.825542181241872,5
2023-06-27,10779.996542181241,13.825542181241872,5
2023-06-28,10832.598542181244,13.825542181241872,5
2023-06-29,10859.570742181244,13.825542181241872,5
2023-06-30,11095.808542181243,1579.5231421812418,5
2023-07-03,11027.506542181241,1579.5231421812418,5
2023-07-05,11005.439242181243,1579.5231421812418,5
2023-07-06,10953.836842181243,1579.5231421812418,5
2023-07-07,10953.04654218124,5.803142181242038,5
2023-07-10,10943.343842181243,5.803142181242038,5
2023-07-11,10916.065402181242,914.9834021812417,5
2023-07-12,11027.613802181242,914.9834021812417,5
2023-07-13,11202.054102181242,914.9834021812417,5
2023-07-14,11170.370002181242,914.9834021812417,5
2023-07-17,11374.008502181241,914.9834021812417,5
2023-07-18,11514.820862181241,2224.4273621812417,5
2023-07-19,11475.78126218124,2224.4273621812417,5
2023-07-20,11279.350462181243,2224.4273621812417,5
2023-07-21,11192.152862181243,3405.326362181242,4
2023-07-24,11138.218362181242,121.07636218124208,5
2023-07-25,11321.791162181242,733.4963621812417,5
2023-07-26,11273.592862181242,733.4963621812417,5
2023-07-27,11244.921462181243,733.4963621812417,5
2023-07-28,11497.801462181242,224.70636218124173,5
2023-07-31,11455.13116218124,224.70636218124173,5
2023-08-01,11380.308062181242,224.70636218124173,5
2023-08-02,11198.13646218124,33.396362181241784,5
2023-08-03,11167.866362181241,30.70636218124173,5
2023-08-04,11155.052962181242,240.49636218124215,4
2023-08-07,11234.506162181242,240.49636218124215,4
2023-08-08,11111.180732181243,3006.893232181243,3
2023-08-09,11005.354132181243,40.693232181243275,4
2023-08-10,11043.630632181243,175.3106321812429,3
2023-08-11,11036.410632181241,175.3106321812429,3
2023-08-14,11109.560632181243,175.3106321812429,3
2023-08-15,10981.570632181243,175.3106321812429,3
2023-08-16,10961.190632181242,34.150632181243054,3
2023-08-17,10973.662952181243,7442.0629521812425,1
2023-08-18,11022.862952181242,7442.0629521812425,1
2023-08-21,11001.088952181242,63.949352181242375,3
2023-08-22,10976.99255218124,12.57935218124203,3
2023-08-23,11024.861952181243,17.345152181242156,3
2023-08-24,10763.838352181241,17.345152181242156,3
2023-08-25,10784.558352181242,7231.758352181242,1
2023-08-28,10845.598352181241,3744.318352181242,2
2023-08-29,10982.638352181242,3744.318352181242,2
2023-08-30,11052.610852181242,1732.885852181242,3
2023-08-31,11197.048352181242,1732.885852181242,3
2023-09-01,11261.985852181242,3586.8858521812417,3
2023-09-05,11217.700852181242,3586.8858521812417,3
2023-09-06,11179.660852181241,32.78585218124181,4
2023-09-07,11104.650852181243,161.95585218124234,3
2023-09-08,11087.948352181244,161.95585218124234,3
2023-09-11,11123.338352181243,161.95585218124234,3
2023-09-12,11034.428352181243,161.95585218124234,3
2023-09-13,11008.183352181244,161.95585218124234,3
2023-09-14,11079.824232181243,122.04863218124206,3
2023-09-15,10942.640632181243,122.04863218124206,3
2023-09-18,11006.192232181242,3700.9022321812427,2
2023-09-19,11027.518232181243,7.7582321812428745,3
2023-09-20,10878.43279218124,917.5727921812422,3
2023-09-21,10719.112792181242,5448.442792181242,1
2023-09-22,10720.732792181243,10720.732792181243,0
2023-09-25,10720.732792181243,10720.732792181243,0
2023-09-26,10708.972792181243,5004.882792181243,1
2023-09-27,10894.682792181244,5004.882792181243,1
2023-09-28,10858.912792181243,5004.882792181243,1
2023-09-29,10671.542792181242,66.70279218124233,3
2023-10-02,10551.952792181244,3187.0827921812433,2
2023-10-03,10522.892792181243,10522.892792181243,0
2023-10-04,10522.892792181243,10522.892792181243,0
2023-10-05,10522.892792181243,10522.892792181243,0
2023-10-06,10611.617792181243,7216.267792181243,1
2023-10-09,10653.267792181243,7216.267792181243,1
2023-10-10,10624.042792181242,7216.267792181243,1
2023-10-11,10573.817792181242,7216.267792181243,1
2023-10-12,10566.422792181242,4189.497792181242,2
2023-10-13,10487.902792181241,4189.497792181242,2
2023-10-16,10604.637792181242,4189.497792181242,2
2023-10-17,10522.548792181242,3534.9737921812425,2
2023-10-18,10471.273792181242,7072.773792181242,1
2023-10-19,10318.323792181242,3658.453792181242,2
2023-10-20,10225.818792181242,6968.893792181242,1
2023-10-23,10201.318792181242,10201.318792181242,0
2023-10-24,10201.318792181242,10201.318792181242,0
2023-10-25,10077.148792181242,3633.0887921812423,3
2023-10-26,9972.707018391298,9972.707018391298,0
2023-10-27,9972.707018391298,9972.707018391298,0
2023-10-30,9972.707018391298,9972.707018391298,0
2023-10-31,9972.707018391298,9972.707018391298,0
2023-11-01,9972.707018391298,9972.707018391298,0
2023-11-02,9972.707018391298,9972.707018391298,0
2023-11-03,9972.707018391298,9972.707018391298,0
2023-11-06,9972.707018391298,9972.707018391298,0
2023-11-07,9972.707018391298,9972.707018391298,0
2023-11-08,9972.707018391298,9972.707018391298,0
2023-11-09,9972.707018391298,9972.707018391298,0
2023-11-10,9972.707018391298,9972.707018391298,0
2023-11-13,10003.107018391298,6213.907018391298,1
2023-11-14,9913.407018391299,6213.907018391298,1
2023-11-15,9913.107018391298,9913.107018391298,0
2023-11-16,9913.107018391298,9913.107018391298,0
2023-11-17,9896.207018391298,6937.657018391297,1
2023-11-20,9925.657018391297,6937.657018391297,1
2023-11-21,9940.617018391296,2097.647018391297,3
2023-11-22,9972.907018391295,337.09701839129684,4
2023-11-24,10048.917018391297,337.09701839129684,4
2023-11-27,10041.917018391297,337.09701839129684,4
2023-11-28,10083.277018391298,1132.5970183912968,4
2023-11-29,10122.807018391297,80.91701839129678,5
2023-11-30,10217.257018391298,80.91701839129678,5
2023-12-01,10235.687018391298,80.91701839129678,5
2023-12-04,10008.870198391298,2145.670198391297,4
2023-12-05,10046.330198391297,2145.670198391297,4
2023-12-06,9935.700198391298,146.13019839129765,4
2023-12-07,9986.710198391298,921.3641983912971,4
2023-12-08,10008.610292437761,10.626292437759957,5
2023-12-11,10228.46429243776,632.59629243776,5
2023-12-12,10246.43429243776,632.59629243776,5
2023-12-13,10352.96629243776,632.59629243776,5
2023-12-14,10406.76590843776,3078.3849084377603,5
2023-12-15,10561.25490843776,3078.3849084377603,5
2023-12-18,10667.776908437761,3078.3849084377603,5
2023-12-19,10700.72090843776,3078.3849084377603,5
2023-12-20,10543.66790843776,3078.3849084377603,5
2023-12-21,10653.29690843776,3078.3849084377603,5
2023-12-22,10680.06890843776,3078.3849084377603,5
2023-12-26,10775.45590843776,3078.3849084377603,5
2023-12-27,10753.74790843776,3078.3849084377603,5
2023-12-28,10723.86190843776,3078.3849084377603,5
2023-12-29,10672.45090843776,3078.3849084377603,5
2024-01-02,10510.774908437761,5957.64490843776,4
2024-01-03,10419.43490843776,3604.69490843776,3
2024-01-04,10300.52490843776,1967.4049084377602,3
2024-01-05,10278.72050843776,1376.12330843776,3
2024-01-08,10582.08320843776,57.45570843776045,5
2024-01-09,10543.63570843776,57.45570843776045,5
2024-01-10,10601.978208437762,57.45570843776045,5
2024-01-11,10659.460708437762,57.45570843776045,5
2024-01-12,10623.871608437761,1507.9116084377604,5
2024-01-16,10740.956488437761,5331.71648843776,4
2024-01-17,10683.496488437759,3505.6164884377595,4
2024-01-18,10830.43648843776,96.4164884377592,5
2024-01-19,11082.154645667875,864.9146456678762,5
2024-01-22,11061.474645667875,864.9146456678762,5
2024-01-23,11256.754645667876,864.9146456678762,5
2024-01-24,11317.398245667877,2648.4482456678766,5
2024-01-25,11459.558245667877,2648.4482456678766,5
2024-01-26,11452.05555014945,4132.20555014945,5
2024-01-29,11511.42555014945,4132.20555014945,5
2024-01-30,11472.535550149449,4132.20555014945,5
2024-01-31,11205.81555014945,926.4055501494495,5
2024-02-01,11030.679550149449,67.90355014944998,5
2024-02-02,11481.607550149452,67.90355014944998,5
2024-02-05,11475.38737614945,2932.2973761494495,5
2024-02-06,11311.552376149448,2932.2973761494495,5
2024-02-07,11445.88537614945,2932.2973761494495,5
2024-02-08,11546.95537614945,2190.9373761494494,5
2024-02-09,11619.799376149449,2190.9373761494494,5
2024-02-12,11607.147376149449,2190.9373761494494,5
2024-02-13,11368.08237614945,2190.9373761494494,5
2024-02-14,11561.37337614945,21.097376149449246,5
2024-02-15,11653.33837614945,21.097376149449246,5
2024-02-16,11489.08137614945,21.097376149449246,5
2024-02-20,11352.33237614945,21.097376149449246,5
2024-02-21,11344.09237614945,1160.2773761494493,4
2024-02-22,11696.12237614945,34.90237614944931,5
2024-02-23,11702.56837614945,34.90237614944931,5
2024-02-26,11761.636376149449,451.04237614944896,5
2024-02-27,11746.873876149448,451.04237614944896,5
2024-02-28,11712.577996149448,2447.3744961494494,5
2024-02-29,11762.376496149449,2447.3744961494494,5
2024-03-01,12170.565496149451,2447.3744961494494,5
2024-03-04,12184.2240463858,3040.555046385801,5
2024-03-05,11970.6095463858,3040.555046385801,5
2024-03-06,12065.750046385801,3040.555046385801,5
2024-03-07,12291.720046385803,3040.555046385801,5
2024-03-08,11913.282546385803,3040.555046385801,5
2024-03-11,11763.823046385802,4723.805046385801,4
2024-03-12,11918.469046385799,434.90504638580114,4
2024-03-13,11923.559046385803,434.90504638580114,4
2024-03-14,11957.577046385803,434.90504638580114,4
2024-03-15,11699.435786385802,13.649786385801235,4
2024-03-18,11747.519786385801,1489.3797863858013,3
2024-03-19,11814.863786385802,1489.3797863858013,3
2024-03-20,11992.1957863858,490.37978638580125,4
2024-03-21,12540.500706385801,3530.932706385802,5
2024-03-22,12589.294706385803,3530.932706385802,5
2024-03-25,12716.752706385802,3530.932706385802,5
2024-03-26,12694.782706385802,3530.932706385802,5
2024-03-27,12658.072706385803,3530.932706385802,5
2024-03-28,12581.960706385802,86.20270638580223,5
2024-04-01,12770.252106385802,32.20110638580309,5
2024-04-02,12553.514106385805,32.20110638580309,5
2024-04-03,12791.140106385805,32.20110638580309,5
2024-04-04,12441.541612385805,282.6966123858033,5
2024-04-05,12632.944612385803,4906.394612385803,3
2024-04-08,12524.773612385803,1092.2946123858032,4
2024-04-09,12514.140612385803,727.0006123858038,4
2024-04-10,12402.975912385804,1217.065912385804,4
2024-04-11,12721.030912385804,30.160912385803385,4
2024-04-12,12401.315912385804,30.160912385803385,4
2024-04-15,12043.630672385803,74.80067238580341,4
2024-04-16,12020.100672385803,2924.9806723858037,3
2024-04-17,11774.942672385805,104.44967238580375,4
2024-04-18,11726.223672385802,4130.777672385802,2
2024-04-19,11537.315672385801,771.6856723858018,2
2024-04-22,11378.856922385803,1431.9969223858016,2
2024-04-23,11529.516922385801,11.526922385801527,3
2024-04-24,11785.896922385804,316.9869223858018,4
2024-04-25,11677.136922385802,88.74692238580201,4
2024-04-26,11651.156922385802,88.74692238580201,4
2024-04-29,11637.936922385801,3624.746922385802,3
2024-04-30,11509.570362385803,11.300362385801236,3
2024-05-01,11483.420362385801,45.5303623858008,3
2024-05-02,11535.830362385801,45.5303623858008,3
2024-05-03,11493.1130623858,83.26806238579957,4
2024-05-06,11595.3730623858,83.26806238579957,4
2024-05-07,11690.8980623858,83.26806238579957,4
2024-05-08,11627.4130623858,83.26806238579957,4
2024-05-09,11714.3330623858,83.26806238579957,4
2024-05-10,11730.9230623858,1594.4580623857996,3
2024-05-13,11684.4130623858,1594.4580623857996,3
2024-05-14,11749.1480623858,1594.4580623857996,3
2024-05-15,11908.578062385799,1594.4580623857996,3
2024-05-16,11927.5325623858,870.4725623858003,4
2024-05-17,11918.1375623858,870.4725623858003,4
2024-05-20,11898.232562385798,50.84256238579928,4
2024-05-21,11863.732562385798,48.00256238579914,4
2024-05-22,11859.892562385798,48.00256238579914,4
2024-05-23,11782.642562385798,48.00256238579914,4
2024-05-24,11849.252562385798,48.00256238579914,4
2024-05-28,11713.577562385799,2970.242562385799,4
2024-05-29,11666.2275623858,2970.242562385799,4
2024-05-30,11608.752562385798,76.77256238579866,4
2024-05-31,11669.807562385799,2630.972562385799,3
2024-06-03,11582.7725623858,11.712562385798492,4
2024-06-04,11541.259362385797,33.5457623857983,4
2024-06-05,11597.006162385798,33.5457623857983,4
2024-06-06,11502.111362385798,33.86576238579801,4
2024-06-07,11561.484162385797,3729.965762385798,3
2024-06-10,11599.782962385798,769.115762385798,4
2024-06-11,11586.877762385799,769.115762385798,4
2024-06-12,11745.657362385798,769.115762385798,4
2024-06-13,11690.752162385797,1483.0657623857978,4
2024-06-14,11639.0017623858,1483.0657623857978,4
2024-06-17,11698.565052785798,282.05705278579717,4
2024-06-18,11803.869052785798,282.05705278579717,4
2024-06-20,11672.439052785798,282.05705278579717,4
2024-06-21,11795.127052785796,101.25705278579699,4
2024-06-24,11729.197052785796,101.25705278579699,4
2024-06-25,11958.350252785796,506.5482527857971,5
2024-06-26,11942.680252785796,506.5482527857971,5
2024-06-27,11954.818252785795,506.5482527857971,5
2024-06-28,11810.218252785799,1170.648252785797,4
2024-07-01,11767.110252785797,1170.648252785797,4
2024-07-02,11879.088252785798,44.77025278579731,4
2024-07-03,11949.736252785799,44.77025278579731,4
2024-07-05,12226.579812785798,1123.9798127857975,4
2024-07-08,12176.213812785798,1123.9798127857975,4
2024-07-09,12202.503812785797,1123.9798127857975,4
2024-07-10,12258.819812785798,1123.9798127857975,4
2024-07-11,11830.960932785796,359.0209327857974,4
2024-07-12,11828.070932785797,1387.8909327857964,3
2024-07-15,11941.650932785795,7.380932785796631,4
2024-07-16,11886.857932785799,147.1359327857972,5
2024-07-17,11534.887412785798,11534.887412785798,0
2024-07-18,11439.667412785799,3885.337412785798,1
2024-07-19,11413.927412785797,11413.927412785797,0
2024-07-22,11369.877412785798,2696.647412785798,2
2024-07-23,11387.707412785798,959.6674127857982,3
2024-07-24,11199.935202785799,1022.0952027857984,2
2024-07-25,10980.983278474529,3369.4932784745283,2
2024-07-26,10996.94327847453,185.0132784745283,3
2024-07-29,10926.843278474527,185.0132784745283,3
2024-07-30,11058.113278474528,185.0132784745283,3
2024-07-31,11078.153278474529,185.0132784745283,3
2024-08-01,11000.371968474528,2277.6819684745283,3
2024-08-02,10832.33251847453,5364.042518474528,2
2024-08-05,10654.943158474529,7950.813158474528,1
2024-08-06,10628.523158474529,3473.3531584745288,3
2024-08-07,10387.736278474527,930.5362784745289,4
2024-08-08,10474.999778474528,4410.649778474529,2
2024-08-09,10509.14977847453,898.3597784745289,4
2024-08-12,10415.569778474528,898.3597784745289,4
2024-08-13,10454.39977847453,308.39977847452883,4
2024-08-14,10476.78977847453,1563.719778474529,4
2024-08-15,10518.359778474529,1563.719778474529,4
2024-08-16,10578.92977847453,1563.719778474529,4
2024-08-19,10601.769778474529,1563.719778474529,4
2024-08-20,10549.40977847453,1563.719778474529,4
2024-08-21,10547.20977847453,1563.719778474529,4
2024-08-22,10566.55977847453,1563.719778474529,4
2024-08-23,10709.789778474527,769.5097784745285,4
2024-08-26,10714.105778474528,136.8297784745282,4
2024-08-27,10756.043778474528,136.8297784745282,4
2024-08-28,10721.830778474528,2253.710778474528,3
2024-08-29,10810.760778474529,1045.3107784745275,3
2024-08-30,10949.565106941922,66.43510694192355,4
2024-09-03,10610.046466941923,246.44646694192397,4
2024-09-04,10487.361216941925,6731.241216941924,2
2024-09-05,10460.141216941925,15.501216941924213,3
2024-09-06,10065.404966941926,615.1849669419253,3
2024-09-09,10250.134966941925,47.48496694192545,3
2024-09-10,10252.714966941925,47.48496694192545,3
2024-09-11,10219.742516941926,1212.732516941925,3
2024-09-12,10335.972516941925,194.21251694192506,4
2024-09-13,10453.171396941925,141.98259694192484,5
2024-09-16,10499.482596941927,141.98259694192484,5
2024-09-17,10476.890196941926,141.98259694192484,5
2024-09-18,10440.488596941925,141.98259694192484,5
2024-09-19,10566.035796941924,141.98259694192484,5
2024-09-20,10605.845796941927,141.98259694192484,5
2024-09-23,10632.188196941925,84.46259694192486,5
2024-09-24,10591.111796941925,84.46259694192486,5
2024-09-25,10539.116596941925,396.9725969419251,5
2024-09-26,10525.092603062847,1073.7422030628481,5
2024-09-27,10619.238203062847,1073.7422030628481,5
2024-09-30,10612.651403062848,1073.7422030628481,5
2024-10-01,10602.130603062848,1073.7422030628481,5
2024-10-02,10651.273803062848,1073.7422030628481,5
2024-10-03,10612.151403062848,1073.7422030628481,5
2024-10-04,10611.974203062848,1073.7422030628481,5
2024-10-07,10478.428723062847,1533.3975230628484,5
2024-10-08,10573.996323062847,12.237523062847686,5
2024-10-09,10685.177523062846,12.237523062847686,5
2024-10-10,10622.868843062846,442.58364306284784,5
2024-10-11,10929.640443062848,2164.583643062848,5
2024-10-14,10970.468843062848,2164.583643062848,5
2024-10-15,10733.966336947022,2189.4431369470226,5
2024-10-16,10803.884845570206,3503.4716455702055,5
2024-10-17,10770.644845570205,3503.4716455702055,5
2024-10-18,10762.552845570204,3503.4716455702055,5
2024-10-21,10765.186845570206,3503.4716455702055,5
2024-10-22,10751.966445570204,48.761645570205474,5
2024-10-23,10845.833245570204,48.761645570205474,5
2024-10-24,10825.548445570206,48.761645570205474,5
2024-10-25,10709.127845570207,6.006645570206501,5
2024-10-28,10743.926045570206,71.96664557020631,5
2024-10-29,10712.368045570205,71.96664557020631,5
2024-10-30,10612.000445570207,71.96664557020631,5
2024-10-31,10677.176645570205,52.506645570205364,4
2024-11-01,10752.914245570206,52.506645570205364,4
2024-11-04,10695.860245570206,52.506645570205364,4
2024-11-05,10765.344045570206,1699.8372455702047,4
2024-11-06,10904.937645570204,148.1172455702049,5
2024-11-07,10899.146445570206,148.1172455702049,5
2024-11-08,10995.440445570206,148.1172455702049,5
2024-11-11,11065.451245570204,148.1172455702049,5
2024-11-12,11154.224445570206,148.1172455702049,5
2024-11-13,11178.147645570205,148.1172455702049,5
2024-11-14,11026.314045570205,148.1172455702049,5
2024-11-15,11001.907645570205,148.1172455702049,5
2024-11-18,11012.652045570205,148.1172455702049,5
2024-11-19,11033.075645570205,148.1172455702049,5
2024-11-20,11061.376045570205,148.1172455702049,5
2024-11-21,11149.174445570206,2105.267245570205,5
2024-11-22,11117.971245570207,2105.267245570205,5
2024-11-25,11054.055045570207,1500.1022455702055,5
2024-11-26,11239.817445570205,1500.1022455702055,5
2024-11-27,11187.221245570205,1500.1022455702055,5
2024-11-29,11242.924045570206,3624.4772455702055,4
2024-12-02,11217.512045570205,3624.4772455702055,4
2024-12-03,11247.268045570205,3624.4772455702055,4
2024-12-04,11256.982845570206,1180.4772455702055,5
2024-12-05,11214.897645570205,1180.4772455702055,5
2024-12-06,11310.841645570206,12.157245570205305,5
2024-12-09,11075.863245570206,12.157245570205305,5
2024-12-10,10890.200045570205,40.71724557020525,4
2024-12-11,10802.283895570205,23.663895570205568,4
2024-12-12,10768.312695570206,2.1938955702057683,4
2024-12-13,10698.747375570205,3772.5397755702056,3
2024-12-16,10603.199195570205,1320.1683955702047,4
2024-12-17,10525.969155570205,2178.315555570204,4
2024-12-18,10128.847445570203,650.7114455702049,4
2024-12-19,10207.324245570206,7872.324245570205,1
2024-12-20,10210.895245570204,653.470245570204,3
2024-12-23,10241.995245570204,867.4302455702041,3
2024-12-24,10371.834245570204,867.4302455702041,3
2024-12-26,10360.528245570204,867.4302455702041,3
2024-12-27,10266.345445570203,867.4302455702041,3
2024-12-30,10118.301445570205,867.4302455702041,3
2024-12-31,9969.210445570203,6738.4904455702035,1
2025-01-02,9799.850445570204,25.910445570203592,2
2025-01-03,9891.240445570204,281.65044557020383,3
2025-01-06,9796.330445570204,5937.010445570204,2
2025-01-07,9715.144785570204,7601.004785570204,1
2025-01-08,9720.954785570204,7601.004785570204,1
2025-01-10,9585.705875570204,5143.4858755702035,1
2025-01-13,9585.705875570204,9585.705875570204,0
2025-01-14,9642.355875570205,973.2358755702039,3
2025-01-15,9855.385875570204,973.2358755702039,3
2025-01-16,9926.728235570205,2769.558235570204,3
2025-01-17,9978.008235570203,165.69823557020413,5
2025-01-21,10088.979835570204,1751.0098355702041,5
2025-01-22,10229.359835570205,2760.4498355702044,5
2025-01-23,10308.619835570204,2760.4498355702044,5
2025-01-24,10292.179835570203,2760.4498355702044,5
2025-01-27,10120.469835570206,3747.0298355702043,4
2025-01-28,10171.969835570204,3747.0298355702043,4
2025-01-29,10155.879835570204,30.12983557020425,5
2025-01-30,10423.189835570203,2319.889835570205,5
2025-01-31,10361.219835570206,2319.889835570205,5
2025-02-03,10409.419835570206,2319.889835570205,5
2025-02-04,10438.379835570206,2319.889835570205,5
2025-02-05,10535.249835570205,2319.889835570205,5
2025-02-06,10550.649835570202,2319.889835570205,5
2025-02-07,10496.579835570206,2319.889835570205,5
2025-02-10,10483.219835570206,2319.889835570205,5
2025-02-11,10503.409835570204,15.739835570204377,5
2025-02-12,10761.199835570205,2050.5398355702046,5
2025-02-13,10843.379835570206,2050.5398355702046,5
2025-02-14,10849.089835570205,555.3798355702047,5
2025-02-18,10929.239835570206,555.3798355702047,5
2025-02-19,10938.709835570204,555.3798355702047,5
2025-02-20,10782.719835570206,555.3798355702047,5
2025-02-21,10708.309835570204,3341.079835570204,4
2025-02-24,10754.379835570206,498.96983557020485,3
2025-02-25,10892.439835570207,498.96983557020485,3
2025-02-26,10699.479835570204,498.96983557020485,3
2025-02-27,10525.457774870207,148.4277748702059,5
2025-02-28,10631.187774870205,4310.8177748702055,2
2025-03-03,10541.137774870205,207.63777487020548,4
2025-03-04,10270.308944870205,7975.508944870206,1
2025-03-05,10280.508944870206,6518.5889448702055,2
2025-03-06,10263.628944870205,6518.5889448702055,2
2025-03-07,10277.848944870204,99.04894487020465,3
2025-03-10,10298.298944870205,99.04894487020465,3
2025-03-11,10089.286744870205,3957.386744870205,2
2025-03-12,10075.986744870204,3957.386744870205,2
2025-03-13,10100.386744870204,3957.386744870205,2
2025-03-14,10085.886744870204,3957.386744870205,2
2025-03-17,10164.086744870205,3957.386744870205,2
2025-03-18,10142.686744870203,3957.386744870205,2
2025-03-19,10204.665544870206,8174.865544870207,1
2025-03-20,10191.915544870206,8174.865544870207,1
2025-03-21,10160.415544870208,8174.865544870207,1
2025-03-24,10195.215544870207,8174.865544870207,1
2025-03-25,10209.765544870206,8174.865544870207,1
2025-03-26,10249.455544870209,117.40554487020654,3
2025-03-27,10271.235544870207,1759.3655448702066,2
2025-03-28,10251.885544870207,1759.3655448702066,2
2025-03-31,10381.639744870206,5061.409744870207,2
2025-04-01,10374.049744870206,5061.409744870207,2
2025-04-02,10338.229744870207,5061.409744870207,2
2025-04-03,10418.329744870207,5061.409744870207,2
2025-04-04,10151.389744870206,10151.389744870206,0
2025-04-07,10151.389744870206,10151.389744870206,0
2025-04-08,10151.389744870206,10151.389744870206,0
2025-04-09,10151.389744870206,10151.389744870206,0
2025-04-10,10151.389744870206,10151.389744870206,0
2025-04-11,10151.389744870206,10151.389744870206,0
2025-04-14,10151.389744870206,10151.389744870206,0
2025-04-15,10151.389744870206,10151.389744870206,0
2025-04-16,10151.389744870206,10151.389744870206,0
2025-04-17,10151.389744870206,10151.389744870206,0
2025-04-21,10151.389744870206,10151.389744870206,0
2025-04-22,10151.389744870206,10151.389744870206,0
2025-04-23,10151.389744870206,10151.389744870206,0
2025-04-24,10151.389744870206,10151.389744870206,0
2025-04-25,10151.389744870206,10151.389744870206,0
2025-04-28,10151.389744870206,10151.389744870206,0
2025-04-29,10151.389744870206,10151.389744870206,0
2025-04-30,10151.389744870206,10151.389744870206,0
2025-05-01,10151.389744870206,10151.389744870206,0
2025-05-02,10151.389744870206,10151.389744870206,0
2025-05-05,10151.389744870206,10151.389744870206,0
2025-05-06,10151.389744870206,10151.389744870206,0
2025-05-07,10151.389744870206,10151.389744870206,0
2025-05-08,10151.389744870206,10151.389744870206,0
2025-05-09,10151.389744870206,10151.389744870206,0
2025-05-12,10151.389744870206,10151.389744870206,0
2025-05-13,10151.389744870206,10151.389744870206,0
2025-05-14,10128.849744870207,5674.669744870207,1
2025-05-15,10110.679744870205,112.10974487020576,2
2025-05-16,10210.139744870206,112.10974487020576,2
2025-05-19,10256.979744870205,112.10974487020576,2
2025-05-20,10239.559744870206,112.10974487020576,2
2025-05-21,10161.331664870206,3108.2116648702067,2
2025-05-22,10140.711664870207,3108.2116648702067,2
2025-05-23,10189.471664870207,3108.2116648702067,2
2025-05-27,10287.781664870206,76.43166487020653,3
2025-05-28,10197.461664870207,76.43166487020653,3
2025-05-29,10169.893864870206,134.0038648702066,3
2025-05-30,10243.463864870208,134.0038648702066,3
2025-06-02,10219.403864870206,21.323864870206762,3
2025-06-03,10204.543864870206,21.323864870206762,3
2025-06-04,10149.633864870206,21.323864870206762,3
2025-06-05,10134.523864870207,3093.4838648702066,2
2025-06-06,10164.883864870208,3093.4838648702066,2
2025-06-09,10113.373864870207,1812.1838648702067,3
2025-06-10,10122.613864870205,87.03386487020725,3
2025-06-11,10242.003864870208,207.15386487020805,3
2025-06-12,10237.353864870209,207.15386487020805,3
2025-06-13,10099.126104870209,155.85610487020858,3
2025-06-16,10128.746104870208,155.85610487020858,3
2025-06-17,10120.956104870209,155.85610487020858,3
2025-06-18,10092.52610487021,155.85610487020858,3
2025-06-20,10065.726104870208,155.85610487020858,3
2025-06-23,10164.186104870209,155.85610487020858,3
2025-06-24,10200.946104870209,155.85610487020858,3
2025-06-25,10060.275404870208,889.6954048702084,3
2025-06-26,10121.345404870208,87.14540487020804,3
2025-06-27,10158.545404870209,87.14540487020804,3
2025-06-30,10282.515404870208,776.095404870208,2
2025-07-01,10197.445404870206,302.39540487020804,2
2025-07-02,10158.545404870209,302.39540487020804,2
2025-07-03,10298.095404870208,106.58540487020764,2
2025-07-07,10362.526084870206,1433.1260848702066,3
2025-07-08,10365.804464870207,29.37446487020634,4
2025-07-09,10504.164464870208,29.37446487020634,4
2025-07-10,10456.264464870206,1810.6544648702063,3
2025-07-11,10498.524464870205,1810.6544648702063,3
2025-07-14,10720.538384870208,478.93838487020685,4
2025-07-15,10683.567524870208,1529.617524870207,4
2025-07-16,10756.637524870206,4383.097524870207,3
2025-07-17,10819.657524870207,59.56752487020731,4
2025-07-18,10960.785224870207,6.2752248702067845,5
2025-07-21,10952.225224870208,6.2752248702067845,5
2025-07-22,10823.675224870207,6.2752248702067845,5
2025-07-23,11089.175224870209,6.2752248702067845,5
2025-07-24,11132.425224870207,6.2752248702067845,5
2025-07-25,11244.845224870207,6.2752248702067845,5
2025-07-28,11226.115224870207,6.2752248702067845,5
2025-07-29,11252.685224870207,6.2752248702067845,5
2025-07-30,11359.315224870208,6.2752248702067845,5
2025-07-31,11261.275224870207,6.2752248702067845,5
2025-08-01,11052.727833664303,2187.827833664301,4
2025-08-04,11197.3478336643,71.13783366430107,5
2025-08-05,11203.977833664301,71.13783366430107,5
2025-08-06,11210.502833664299,92.4128336643007,5
2025-08-07,11200.3028336643,125.94283366430045,5
2025-08-08,11281.342833664301,8.152833664300488,5
2025-08-11,11275.032833664302,8.152833664300488,5
2025-08-12,11428.532833664302,8.152833664300488,5
2025-08-13,11272.6528336643,8.152833664300488,5
2025-08-14,11290.9528336643,1213.1228336643003,4
2025-08-15,11222.6328336643,1213.1228336643003,4
2025-08-18,11252.972833664302,28.82283366430147,4
2025-08-19,11200.312833664302,28.82283366430147,4
2025-08-20,11170.602833664301,1094.9228336643016,3
2025-08-21,11032.7828336643,388.3928336643012,3
2025-08-22,11133.362833664301,388.3928336643012,3
2025-08-25,11082.442833664301,736.3028336643015,4
2025-08-26,11158.182833664301,623.9428336643014,4
2025-08-27,11122.482833664302,623.9428336643014,4
2025-08-28,11212.3928336643,623.9428336643014,4
2025-08-29,10995.612833664301,623.9428336643014,4
2025-09-02,10920.3928336643,1198.962833664301,2
2025-09-03,10849.8928336643,1198.962833664301,2
2025-09-04,10919.3528336643,1198.962833664301,2
2025-09-05,10895.1928336643,1198.962833664301,2
2025-09-08,10574.7328336643,6986.082833664301,1
2025-09-09,10614.442833664303,2094.9028336643014,2
2025-09-10,10691.972833664302,2094.9028336643014,2
2025-09-11,10703.5828336643,298.1028336643012,3
2025-09-12,10695.1128336643,298.1028336643012,3
2025-09-15,10761.5628336643,298.1028336643012,3
2025-09-16,10804.152833664299,167.48283366430132,4
2025-09-17,10810.542833664302,1893.8828336643012,3
2025-09-18,10979.5830736643,1709.2030736643,4
2025-09-19,11071.863073664299,1709.2030736643,4
2025-09-22,10950.693073664297,26.203073664300064,5
2025-09-23,10921.8630736643,1848.8430736643002,4
2025-09-24,10856.6630736643,1848.8430736643002,4
2025-09-25,10847.0930736643,1848.8430736643002,4
2025-09-26,10853.1430736643,1848.8430736643002,4
2025-09-29,10889.553073664301,1848.8430736643002,4
2025-09-30,10916.4730736643,1848.8430736643002,4
2025-10-01,10916.8230736643,1848.8430736643002,4
2025-10-02,10856.0430736643,780.8030736642995,3
2025-10-03,10874.4930736643,390.9930736642991,3
2025-10-06,10892.873073664301,390.9930736642991,3
2025-10-07,10791.0330736643,390.9930736642991,3
2025-10-08,10768.3930736643,5544.4330736643,2
2025-10-09,10755.2830736643,8659.8330736643,1
2025-10-10,10409.683073664299,107.56307366429883,4
2025-10-13,10587.523073664299,10587.523073664299,0
2025-10-14,10686.2233736643,4946.563373664299,2
2025-10-15,10815.2333736643,44.2433736642995,5
2025-10-16,10630.8133736643,44.2433736642995,5
2025-10-17,10681.633373664301,44.2433736642995,5
2025-10-20,10815.57183569385,1052.8818356938496,5
2025-10-21,10725.107695693849,1694.667695693849,5
2025-10-22,10579.08845569385,451.6384556938492,5
2025-10-23,10747.608455693848,2371.788455693849,5
2025-10-24,10726.00845569385,2371.788455693849,5
2025-10-27,10889.338455693847,2371.788455693849,5
2025-10-28,10889.97845569385,2371.788455693849,5
2025-10-29,10931.648455693849,2371.788455693849,5
2025-10-30,10839.798455693846,2371.788455693849,5
2025-10-31,10833.148455693849,181.80845569384883,5
2025-11-03,10789.138455693846,181.80845569384883,5
2025-11-04,10675.36845569385,153.39845569384852,5
2025-11-05,10662.076654959848,2000.686654959849,5
2025-11-06,10477.86665495985,1332.0366549598493,5
2025-11-07,10453.87897495985,518.2189749598501,4
2025-11-10,10588.708974959849,518.2189749598501,4
2025-11-11,10586.918974959852,518.2189749598501,4
2025-11-12,10566.718974959851,518.2189749598501,4
2025-11-13,10366.94897495985,518.2189749598501,4
2025-11-14,10275.918974959852,5770.3189749598505,2
2025-11-17,10360.058974959851,6758.55897495985,1
2025-11-18,10313.43897495985,6758.55897495985,1
2025-11-19,10205.398974959851,546.0589749598503,2
2025-11-20,10132.51897495985,90.98897495985057,4
2025-11-21,10211.69897495985,460.2189749598506,3
2025-11-24,10153.128974959849,698.5989749598502,3
2025-11-25,10256.338974959852,698.5989749598502,3
2025-11-26,10209.796974959849,56.886974959849795,4
2025-11-28,10252.85697495985,56.886974959849795,4
2025-12-01,10202.456974959852,56.886974959849795,4
2025-12-02,10222.51697495985,56.886974959849795,4
2025-12-03,10250.776974959848,56.886974959849795,4
2025-12-04,10145.28697495985,56.886974959849795,4
2025-12-05,10072.78697495985,708.14697495985,3
2025-12-08,10092.30655495985,5024.24655495985,2
2025-12-09,10024.366554959852,146.0065549598503,3
2025-12-10,10156.006554959851,984.0565549598514,2
2025-12-11,10236.532957000476,1883.5829570004753,2
2025-12-12,10191.802957000476,1883.5829570004753,2
2025-12-15,10206.452957000474,17.282957000475108,3
2025-12-16,9988.362977000474,1835.442977000475,2
2025-12-17,9976.412977000475,9104.082977000475,1
2025-12-18,9914.622977000476,2910.6429770004743,2
2025-12-19,9936.362977000475,49.422977000475385,4
2025-12-22,10056.892977000474,49.422977000475385,4
2025-12-23,10068.352977000475,49.422977000475385,4
2025-12-24,10144.062977000474,49.422977000475385,4
2025-12-26,10147.742977000475,49.422977000475385,4
2025-12-29,10048.742977000475,49.422977000475385,4
2025-12-30,9996.952977000476,49.422977000475385,4
2025-12-31,9920.482977000476,49.422977000475385,4
2026-01-02,10178.072977000476,1918.9829770004753,3
2026-01-05,10458.794577000477,199.904577000475,4
2026-01-06,10508.084577000474,199.904577000475,4
2026-01-07,10275.824577000476,199.904577000475,4
2026-01-08,10289.144577000476,3695.144577000475,3
2026-01-09,10257.284577000475,17.444577000474965,4
2026-01-12,10197.464577000475,1032.8945770004748,4
2026-01-13,10127.936437000475,1436.3064370004745,4
2026-01-14,10084.856437000475,195.86643700047443,5
2026-01-15,10169.306437000474,40.66643700047416,5
2026-01-16,10218.326437000474,40.66643700047416,5
2026-01-20,9961.964277000474,2520.344277000474,4
2026-01-21,10035.454277000474,226.23427700047387,5
2026-01-22,9998.694277000475,226.23427700047387,5
2026-01-23,9922.524277000475,679.634277000474,5
2026-01-26,9968.464277000472,1598.0442770004738,4
2026-01-27,10071.474277000472,1.964277000473885,5
2026-01-28,10011.734277000474,1.964277000473885,5
2026-01-29,9972.254277000473,1173.5642770004738,4
2026-01-30,9961.624277000474,1173.5642770004738,4
2026-02-02,10041.196857000474,100.64685700047448,5
2026-02-03,9922.836857000473,100.64685700047448,5
2026-02-04,9686.325277000475,3118.7552770004745,4
2026-02-05,9512.805277000474,6841.645277000474,2
2026-02-06,9581.565277000474,7244.535277000475,2
2026-02-09,9543.775277000474,5935.535277000475,3
2026-02-10,9415.645277000474,4281.155277000475,4
2026-02-11,9517.945277000475,1978.595277000475,3
2026-02-12,9613.115277000474,408.9952770004752,4
2026-02-13,9648.285357000475,3053.925357000475,4
2026-02-17,9678.815357000474,4326.175357000475,3
2026-02-18,9712.215357000474,4326.175357000475,3
2026-02-19,9687.765357000475,4326.175357000475,3
2026-02-20,9647.475357000476,94.52535700047429,4
2026-02-23,9516.764407000475,1732.354407000475,5
2026-02-24,9444.764407000475,2143.794407000475,4
2026-02-25,9437.024407000476,6272.034407000476,2
2026-02-26,9400.744407000475,6272.034407000476,2
2026-02-27,9554.274407000477,41.29440700047553,4
2026-03-02,9810.531087000476,1904.2910870004755,5
2026-03-03,9680.541087000476,1904.2910870004755,5
2026-03-04,9670.141087000477,342.0310870004755,5
2026-03-05,9305.113864658892,4159.373864658892,3
2026-03-06,9320.523864658891,1922.7838646588925,3
2026-03-09,9294.673864658893,73.98386465889257,4
2026-03-10,9112.304094658892,41.90409465889252,4
2026-03-11,9136.784094658893,33.104094658892336,4
2026-03-12,9091.394094658894,33.104094658892336,4
2026-03-13,9193.283494658894,2150.8034946588928,3
2026-03-16,9214.083494658893,1701.943494658893,3
2026-03-17,9174.203494658894,39.16349465889289,4
2026-03-18,9122.183494658893,5759.093494658893,2
2026-03-19,9127.403494658893,7387.643494658893,1
2026-03-20,9144.013494658893,7387.643494658893,1
2026-03-23,9160.073494658893,7387.643494658893,1
2026-03-24,9206.823494658893,7387.643494658893,1
2026-03-25,9183.503494658893,7387.643494658893,1
2026-03-26,9207.373494658894,7387.643494658893,1
2026-03-27,9268.533494658894,7387.643494658893,1
2026-03-30,9273.813494658894,7387.643494658893,1
2026-03-31,9253.903494658893,7387.643494658893,1
2026-04-01,9156.223494658894,7387.643494658893,1
2026-04-02,9155.233494658893,7387.643494658893,1
2026-04-06,9184.713494658894,7387.643494658893,1
2026-04-07,9190.653494658893,7387.643494658893,1
2026-04-08,9106.063494658894,7387.643494658893,1
2026-04-09,9138.763494658893,1.2934946588934508,3
2026-04-10,9055.113494658894,3361.6534946588936,2
2026-04-13,9003.733494658894,5976.463494658894,1
2026-04-14,8987.773494658893,8987.773494658893,0
2026-04-15,8966.873494658894,19.52349465889347,2
2026-04-16,9018.840244658893,3948.840244658894,1
2026-04-17,9104.715244658895,6517.215244658894,1
2026-04-20,9119.445244658895,3773.415244658894,2
2026-04-21,9171.665244658894,3773.415244658894,2
2026-04-22,9177.215244658895,6483.215244658894,1
2026-04-23,9128.875244658895,3684.0552446588945,2
2026-04-24,9125.275244658895,1651.0152446588945,3
2026-04-27,9082.735244658896,1651.0152446588945,3
2026-04-28,8969.563444658896,1208.1034446588947,3
2026-04-29,9006.543444658895,1208.1034446588947,3
2026-04-30,9150.444644658895,47.194644658894504,3
2026-05-01,9139.063764658895,1306.4437646588956,4
2026-05-04,9159.323764658897,1306.4437646588956,4
2026-05-05,9381.153764658895,1306.4437646588956,4
2026-05-06,9478.000164658893,821.6761646588957,5
2026-05-07,9359.946164658893,821.6761646588957,5
2026-05-08,9679.918444658897,1690.9644446588957,5
2026-05-11,9712.428444658895,3868.324444658896,4
2026-05-12,9658.454444658899,995.1244446588962,5
2026-05-13,9812.930444658898,995.1244446588962,5
2026-05-14,10289.478444658896,995.1244446588962,5
2026-05-15,10243.316444658896,995.1244446588962,5
2026-05-18,10209.894444658898,995.1244446588962,5
2026-05-19,10063.012444658896,2829.0724446588965,3
2026-05-20,9981.032444658897,1054.1524446588965,3
2026-05-21,9933.582444658896,378.9124446588962,4
2026-05-22,10057.152444658896,249.74244465889615,4
2026-05-26,10112.792444658895,249.74244465889615,4
2026-05-27,10100.102444658896,249.74244465889615,4
2026-05-28,10044.702444658895,249.74244465889615,4
2026-05-29,10057.502444658896,2368.7924446588963,3
2026-06-01,10047.363138592758,5032.9531385927585,2
2026-06-02,10341.607878592758,5521.507878592758,2
2026-06-03,10317.797878592759,3978.3078785927582,3
2026-06-04,10411.797878592757,1393.3278785927578,4
2026-06-05,9976.518228592757,280.078228592758,4
2026-06-08,10068.558228592758,280.078228592758,4
2026-06-09,10024.64822859276,5415.428228592758,2
2026-06-10,9954.12822859276,3816.7882285927585,3
2026-06-11,10276.46822859276,95.54822859275828,4
2026-06-12,10231.318228592758,95.54822859275828,4
2026-06-15,10209.803168592758,2791.973168592758,4
2026-06-16,10153.533168592756,111.95316859275863,5
2026-06-17,10129.94316859276,111.95316859275863,5
2026-06-18,10185.06266859276,745.4931685927595,4
2026-06-22,10277.028668592762,187.78866859276036,5
2026-06-23,10194.428668592762,74.65866859276048,5
2026-06-24,10087.37379859276,128.8237985927608,5
2026-06-25,10491.13379859276,128.8237985927608,5
2026-06-26,10559.083778592762,3554.6937785927607,5
2026-06-29,10784.633678592761,3554.6937785927607,5
2026-06-30,10958.587788024313,1743.0577880243127,5
2026-07-01,10816.307788024313,1743.0577880243127,5
2026-07-02,10585.129352281905,1074.429352281904,5
2026-07-06,10646.609352281905,1074.429352281904,5
2026-07-07,10488.669352281904,2165.129352281904,4
2026-07-08,10338.108072281904,6032.538072281904,3
2026-07-09,10482.278072281904,2559.0980722819036,5
2026-07-10,10409.498072281904,2559.0980722819036,5
2026-07-13,10435.448072281904,2559.0980722819036,5
2026-07-14,10468.628072281903,2559.0980722819036,5
2026-07-15,10349.148072281903,2559.0980722819036,5
2026-07-16,10508.741772281903,89.35177228190332,4
2026-07-17,10463.540892281902,61.40089228190345,5
2026-07-20,10382.050892281903,2115.7208922819036,4
2026-07-21,10465.180992281903,1027.8208922819035,5
2026-07-22,10390.960892281904,1027.8208922819035,5
2026-07-23,10297.010892281905,3391.7608922819036,4
2026-07-24,10347.460892281902,293.9108922819041,4
2026-07-27,10297.810992281902,649.1909922819041,3
2026-07-28,10471.270992281905,124.00099228190402,3
2026-07-29,10351.990992281906,124.00099228190402,3
2026-07-30,10244.690992281903,1823.530992281904,3
2026-07-31,10084.710992281905,1114.5809922819044,3
2026-08-03,10003.370992281905,102.52099228190491,4
2026-08-04,10087.961492281906,3008.671492281905,3
2026-08-05,10023.471492281904,989.0714922819052,4
2026-08-06,10038.691492281905,30.981592281905023,5
2026-08-07,9982.511592281904,30.981592281905023,5
2026-08-10,9977.121492281905,223.8815922819049,5
2026-08-11,9988.611592281904,223.8815922819049,5
2026-08-12,9997.911592281906,223.8815922819049,5
2026-08-13,9984.241592281904,223.8815922819049,5
2026-08-14,9904.491592281905,2398.881592281905,4
2026-08-17,9928.311592281907,4659.791592281907,2
2026-08-18,10037.351592281906,4659.791592281907,2
2026-08-19,9926.685992281908,7005.885992281907,2
2026-08-20,9854.505992281907,7005.885992281907,2
2026-08-21,9882.725992281907,7005.885992281907,2
2026-08-24,9892.736092281908,4750.275992281908,3
2026-08-25,9843.735992281909,4750.275992281908,3
2026-08-26,9776.715992281906,4444.005992281907,3
2026-08-27,9697.115992281906,5626.255992281907,2
2026-08-28,9735.905992281907,298.4859922819078,3
2026-08-31,9776.982122281908,795.9121222819076,3
2026-09-01,9999.792122281906,886.0121222819075,4
2026-09-02,10104.322122281908,886.0121222819075,4
2026-09-03,10062.512122281907,886.0121222819075,4
2026-09-04,9954.352122281909,114.73212228190755,5
