t,item,fy_end,n_q,fy,sum_q,err
AA,revenue,2016-12-31,0,9318000000.0,,
AA,revenue,2017-12-31,4,11652000000.0,11652000000.0,0.0
AA,revenue,2018-12-31,4,13403000000.0,13403000000.0,0.0
AA,revenue,2019-12-31,4,10433000000.0,10433000000.0,0.0
AA,revenue,2020-12-31,4,9286000000.0,9286000000.0,0.0
AA,revenue,2021-12-31,4,12152000000.0,12152000000.0,0.0
AA,revenue,2022-12-31,4,12451000000.0,12451000000.0,0.0
AA,revenue,2023-12-31,4,10551000000.0,10551000000.0,0.0
AA,revenue,2024-12-31,4,11895000000.0,11895000000.0,0.0
AA,revenue,2025-12-31,4,12831000000.0,12831000000.0,0.0
AA,net_income,2014-12-31,0,-256000000.0,,
AA,net_income,2015-12-31,2,-863000000.0,,
AA,net_income,2016-12-31,4,-400000000.0,-396000000.0,0.01
AA,net_income,2017-12-31,4,217000000.0,217000000.0,0.0
AA,net_income,2018-12-31,4,227000000.0,227000000.0,0.0
AA,net_income,2019-12-31,4,-1125000000.0,-1125000000.0,0.0
AA,net_income,2020-12-31,4,-170000000.0,-170000000.0,0.0
AA,net_income,2021-12-31,4,429000000.0,429000000.0,0.0
AA,net_income,2022-12-31,4,-123000000.0,-123000000.0,0.0
AA,net_income,2023-12-31,4,-651000000.0,-651000000.0,0.0
AA,net_income,2024-12-31,4,60000000.0,60000000.0,0.0
AA,net_income,2025-12-31,4,1157000000.0,1157000000.0,0.0
AA,ocf,2014-12-31,0,842000000.0,,
AA,ocf,2015-12-31,1,875000000.0,,
AA,ocf,2016-12-31,2,-311000000.0,,
AA,ocf,2017-12-31,4,1224000000.0,1224000000.0,0.0
AA,ocf,2018-12-31,4,448000000.0,448000000.0,0.0
AA,ocf,2019-12-31,4,686000000.0,686000000.0,0.0
AA,ocf,2020-12-31,4,394000000.0,394000000.0,0.0
AA,ocf,2021-12-31,4,920000000.0,920000000.0,0.0
AA,ocf,2022-12-31,4,822000000.0,822000000.0,0.0
AA,ocf,2023-12-31,4,91000000.0,91000000.0,0.0
AA,ocf,2024-12-31,4,622000000.0,622000000.0,0.0
AA,ocf,2025-12-31,4,1185000000.0,1185000000.0,0.0
AAL,revenue,2016-12-31,0,40142000000.0,,
AAL,revenue,2017-12-31,4,42622000000.0,42623000000.0,2.3462061845995027e-05
AAL,revenue,2018-12-31,4,44541000000.0,44541000000.0,0.0
AAL,revenue,2019-12-31,4,45768000000.0,45768000000.0,0.0
AAL,revenue,2020-12-31,4,17337000000.0,17337000000.0,0.0
AAL,revenue,2021-12-31,4,29882000000.0,29882000000.0,0.0
AAL,revenue,2022-12-31,4,48971000000.0,48971000000.0,0.0
AAL,revenue,2023-12-31,4,52788000000.0,52788000000.0,0.0
AAL,revenue,2024-12-31,4,54211000000.0,54211000000.0,0.0
AAL,revenue,2025-12-31,4,54633000000.0,54633000000.0,0.0
AAL,net_income,2011-12-31,4,-1979000000.0,-1979000000.0,0.0
AAL,net_income,2012-12-31,4,-1876000000.0,-1876000000.0,0.0
AAL,net_income,2013-12-31,4,-1834000000.0,-1832000000.0,0.0010905125408942203
AAL,net_income,2014-12-31,4,2882000000.0,2883000000.0,0.00034698126301179735
AAL,net_income,2015-12-31,4,7610000000.0,7610000000.0,0.0
AAL,net_income,2016-12-31,4,2676000000.0,2676000000.0,0.0
AAL,net_income,2017-12-31,4,1919000000.0,1919000000.0,0.0
AAL,net_income,2018-12-31,4,1412000000.0,1418000000.0,0.00424929178470255
AAL,net_income,2019-12-31,4,1686000000.0,1686000000.0,0.0
AAL,net_income,2020-12-31,4,-8885000000.0,-8885000000.0,0.0
AAL,net_income,2021-12-31,4,-1993000000.0,-1994000000.0,0.0005017561465127947
AAL,net_income,2022-12-31,4,127000000.0,127000000.0,0.0
AAL,net_income,2023-12-31,4,822000000.0,822000000.0,0.0
AAL,net_income,2024-12-31,4,846000000.0,846000000.0,0.0
AAL,net_income,2025-12-31,4,111000000.0,111000000.0,0.0
AAL,ocf,2011-12-31,4,680000000.0,680000000.0,0.0
AAL,ocf,2012-12-31,4,1279000000.0,1279000000.0,0.0
AAL,ocf,2013-12-31,4,675000000.0,675000000.0,0.0
AAL,ocf,2014-12-31,4,3080000000.0,3080000000.0,0.0
AAL,ocf,2015-12-31,4,6249000000.0,6249000000.0,0.0
AAL,ocf,2016-12-31,4,6524000000.0,6524000000.0,0.0
AAL,ocf,2017-12-31,4,4744000000.0,4744000000.0,0.0
AAL,ocf,2018-12-31,4,3533000000.0,3533000000.0,0.0
AAL,ocf,2019-12-31,4,3815000000.0,3815000000.0,0.0
AAL,ocf,2020-12-31,4,-6543000000.0,-6543000000.0,0.0
AAL,ocf,2021-12-31,4,704000000.0,704000000.0,0.0
AAL,ocf,2022-12-31,4,2173000000.0,2173000000.0,0.0
AAL,ocf,2023-12-31,4,3803000000.0,3803000000.0,0.0
AAL,ocf,2024-12-31,4,3983000000.0,3983000000.0,0.0
AAL,ocf,2025-12-31,4,3099000000.0,3099000000.0,0.0
AAPL,revenue,2017-09-30,0,229234000000.0,,
AAPL,revenue,2018-09-29,4,265595000000.0,265595000000.0,0.0
AAPL,revenue,2019-09-28,4,260174000000.0,260174000000.0,0.0
AAPL,revenue,2020-09-26,4,274515000000.0,274515000000.0,0.0
AAPL,revenue,2021-09-25,4,365817000000.0,365817000000.0,0.0
AAPL,revenue,2022-09-24,4,394328000000.0,394328000000.0,0.0
AAPL,revenue,2023-09-30,4,383285000000.0,383285000000.0,0.0
AAPL,revenue,2024-09-28,4,391035000000.0,391035000000.0,0.0
AAPL,revenue,2025-09-27,4,416161000000.0,416161000000.0,0.0
AAPL,net_income,2011-09-24,4,25922000000.0,25922000000.0,0.0
AAPL,net_income,2012-09-29,4,41733000000.0,41733000000.0,0.0
AAPL,net_income,2013-09-28,4,37037000000.0,37037000000.0,0.0
AAPL,net_income,2014-09-27,4,39510000000.0,39510000000.0,0.0
AAPL,net_income,2015-09-26,4,53394000000.0,53394000000.0,0.0
AAPL,net_income,2016-09-24,4,45687000000.0,45687000000.0,0.0
AAPL,net_income,2017-09-30,4,48351000000.0,48351000000.0,0.0
AAPL,net_income,2018-09-29,4,59531000000.0,59531000000.0,0.0
AAPL,net_income,2019-09-28,4,55256000000.0,55256000000.0,0.0
AAPL,net_income,2020-09-26,4,57411000000.0,57411000000.0,0.0
AAPL,net_income,2021-09-25,4,94680000000.0,94680000000.0,0.0
AAPL,net_income,2022-09-24,4,99803000000.0,99803000000.0,0.0
AAPL,net_income,2023-09-30,4,96995000000.0,96995000000.0,0.0
AAPL,net_income,2024-09-28,4,93736000000.0,93736000000.0,0.0
AAPL,net_income,2025-09-27,4,112010000000.0,112010000000.0,0.0
AAPL,ocf,2011-09-24,4,37529000000.0,37529000000.0,0.0
AAPL,ocf,2012-09-29,4,50856000000.0,50856000000.0,0.0
AAPL,ocf,2013-09-28,4,53666000000.0,53666000000.0,0.0
AAPL,ocf,2015-09-26,0,81266000000.0,,
AAPL,ocf,2016-09-24,2,65824000000.0,,
AAPL,ocf,2017-09-30,4,63598000000.0,63598000000.0,0.0
AAPL,ocf,2018-09-29,4,77434000000.0,77434000000.0,0.0
AAPL,ocf,2019-09-28,4,69391000000.0,69391000000.0,0.0
AAPL,ocf,2020-09-26,4,80674000000.0,80674000000.0,0.0
AAPL,ocf,2021-09-25,4,104038000000.0,104038000000.0,0.0
AAPL,ocf,2022-09-24,4,122151000000.0,122151000000.0,0.0
AAPL,ocf,2023-09-30,4,110543000000.0,110543000000.0,0.0
AAPL,ocf,2024-09-28,4,118254000000.0,118254000000.0,0.0
AAPL,ocf,2025-09-27,4,111482000000.0,111482000000.0,0.0
ABBV,revenue,2016-12-31,4,25638000000.0,25638000000.0,0.0
ABBV,revenue,2017-12-31,4,28216000000.0,28216000000.0,0.0
ABBV,revenue,2018-12-31,4,32753000000.0,32753000000.0,0.0
ABBV,revenue,2019-12-31,4,33266000000.0,33266000000.0,0.0
ABBV,revenue,2020-12-31,4,45804000000.0,45804000000.0,0.0
ABBV,revenue,2021-12-31,4,56197000000.0,56197000000.0,0.0
ABBV,revenue,2022-12-31,4,58054000000.0,58054000000.0,0.0
ABBV,revenue,2023-12-31,4,54318000000.0,54318000000.0,0.0
ABBV,revenue,2024-12-31,4,56334000000.0,56334000000.0,0.0
ABBV,revenue,2025-12-31,4,61160000000.0,61160000000.0,0.0
ABBV,net_income,2014-12-31,0,1774000000.0,,
ABBV,net_income,2015-12-31,4,5144000000.0,5144000000.0,0.0
ABBV,net_income,2016-12-31,4,5953000000.0,5953000000.0,0.0
ABBV,net_income,2017-12-31,4,5309000000.0,5309000000.0,0.0
ABBV,net_income,2018-12-31,4,5687000000.0,5687000000.0,0.0
ABBV,net_income,2019-12-31,4,7882000000.0,7882000000.0,0.0
ABBV,net_income,2020-12-31,4,4616000000.0,4616000000.0,0.0
ABBV,net_income,2021-12-31,4,11542000000.0,11542000000.0,0.0
ABBV,net_income,2022-12-31,4,11836000000.0,11836000000.0,0.0
ABBV,net_income,2023-12-31,4,4863000000.0,4863000000.0,0.0
ABBV,net_income,2024-12-31,4,4278000000.0,4278000000.0,0.0
ABBV,net_income,2025-12-31,4,4226000000.0,4226000000.0,0.0
ABBV,ocf,2017-12-31,4,9960000000.0,9960000000.0,0.0
ABBV,ocf,2018-12-31,4,13427000000.0,13427000000.0,0.0
ABBV,ocf,2019-12-31,4,13324000000.0,13324000000.0,0.0
ABBV,ocf,2020-12-31,4,17588000000.0,17588000000.0,0.0
ABBV,ocf,2021-12-31,4,22777000000.0,22777000000.0,0.0
ABBV,ocf,2022-12-31,4,24943000000.0,24943000000.0,0.0
ABBV,ocf,2023-12-31,4,22839000000.0,22839000000.0,0.0
ABBV,ocf,2024-12-31,4,18806000000.0,18806000000.0,0.0
ABBV,ocf,2025-12-31,4,19030000000.0,19030000000.0,0.0
ABNB,revenue,2019-12-31,0,4805239000.0,,
ABNB,revenue,2020-12-31,4,3378199000.0,3378199000.0,0.0
ABNB,revenue,2021-12-31,4,5991760000.0,5991760000.0,0.0
ABNB,revenue,2022-12-31,4,8399000000.0,8399000000.0,0.0
ABNB,revenue,2023-12-31,4,9917000000.0,9917000000.0,0.0
ABNB,revenue,2024-12-31,4,11102000000.0,11102000000.0,0.0
ABNB,revenue,2025-12-31,4,12241000000.0,12241000000.0,0.0
ABNB,net_income,2019-12-31,0,-674339000.0,,
ABNB,net_income,2020-12-31,4,-4584716000.0,-4584716000.0,0.0
ABNB,net_income,2021-12-31,4,-352034000.0,-352034000.0,0.0
ABNB,net_income,2022-12-31,4,1893000000.0,1893000000.0,0.0
ABNB,net_income,2023-12-31,4,4792000000.0,4792000000.0,0.0
ABNB,net_income,2024-12-31,4,2648000000.0,2648000000.0,0.0
ABNB,net_income,2025-12-31,4,2511000000.0,2511000000.0,0.0
ABNB,ocf,2019-12-31,0,222727000.0,,
ABNB,ocf,2020-12-31,4,-629732000.0,-629732000.0,0.0
ABNB,ocf,2021-12-31,4,2189694000.0,2189694000.0,0.0
ABNB,ocf,2022-12-31,4,3430000000.0,3430000000.0,0.0
ABNB,ocf,2023-12-31,4,3884000000.0,3884000000.0,0.0
ABNB,ocf,2024-12-31,4,4518000000.0,4518000000.0,0.0
ABNB,ocf,2025-12-31,4,4646000000.0,4646000000.0,0.0
ABT,revenue,2016-12-31,0,20853000000.0,,
ABT,revenue,2017-12-31,4,27390000000.0,27390000000.0,0.0
ABT,revenue,2018-12-31,4,30578000000.0,30578000000.0,0.0
ABT,revenue,2019-12-31,4,31904000000.0,31904000000.0,0.0
ABT,revenue,2020-12-31,4,34608000000.0,34608000000.0,0.0
ABT,revenue,2021-12-31,4,43075000000.0,43075000000.0,0.0
ABT,revenue,2022-12-31,4,43653000000.0,43653000000.0,0.0
ABT,revenue,2023-12-31,4,40109000000.0,40109000000.0,0.0
ABT,revenue,2024-12-31,4,41950000000.0,41950000000.0,0.0
ABT,revenue,2025-12-31,4,44328000000.0,44328000000.0,0.0
ABT,net_income,2011-12-31,0,4728000000.0,,
ABT,net_income,2012-12-31,4,5963000000.0,5963000000.0,0.0
ABT,net_income,2013-12-31,4,2576000000.0,2576000000.0,0.0
ABT,net_income,2014-12-31,4,2284000000.0,2284000000.0,0.0
ABT,net_income,2015-12-31,4,4423000000.0,4423000000.0,0.0
ABT,net_income,2016-12-31,4,1400000000.0,1400000000.0,0.0
ABT,net_income,2017-12-31,4,477000000.0,477000000.0,0.0
ABT,net_income,2018-12-31,4,2368000000.0,2368000000.0,0.0
ABT,net_income,2019-12-31,4,3687000000.0,3687000000.0,0.0
ABT,net_income,2020-12-31,4,4495000000.0,4495000000.0,0.0
ABT,net_income,2021-12-31,4,7071000000.0,7071000000.0,0.0
ABT,net_income,2022-12-31,4,6933000000.0,6933000000.0,0.0
ABT,net_income,2023-12-31,4,5723000000.0,5723000000.0,0.0
ABT,net_income,2024-12-31,4,13402000000.0,13402000000.0,0.0
ABT,net_income,2025-12-31,4,6524000000.0,6524000000.0,0.0
ABT,ocf,2011-12-31,2,8970000000.0,,
ABT,ocf,2012-12-31,4,9314000000.0,9314000000.0,0.0
ABT,ocf,2013-12-31,4,3324000000.0,3324000000.0,0.0
ABT,ocf,2014-12-31,4,3675000000.0,3675000000.0,0.0
ABT,ocf,2015-12-31,4,2966000000.0,2966000000.0,0.0
ABT,ocf,2016-12-31,4,3203000000.0,3203000000.0,0.0
ABT,ocf,2017-12-31,4,5570000000.0,5570000000.0,0.0
ABT,ocf,2018-12-31,4,6300000000.0,6300000000.0,0.0
ABT,ocf,2019-12-31,4,6136000000.0,6136000000.0,0.0
ABT,ocf,2020-12-31,4,7901000000.0,7901000000.0,0.0
ABT,ocf,2021-12-31,4,10533000000.0,10533000000.0,0.0
ABT,ocf,2022-12-31,4,9581000000.0,9581000000.0,0.0
ABT,ocf,2023-12-31,4,7261000000.0,7261000000.0,0.0
ABT,ocf,2024-12-31,4,8558000000.0,8558000000.0,0.0
ABT,ocf,2025-12-31,4,9566000000.0,9566000000.0,0.0
ACN,revenue,2011-08-31,4,27352914000.0,27352914000.0,0.0
ACN,revenue,2012-08-31,5,29777985000.0,,
ACN,revenue,2013-08-31,4,30394285000.0,30394285000.0,0.0
ACN,revenue,2014-08-31,4,31874678000.0,31874678000.0,0.0
ACN,revenue,2015-08-31,4,32914424000.0,32914424000.0,0.0
ACN,revenue,2016-08-31,4,34797661000.0,34797661000.0,0.0
ACN,revenue,2017-08-31,4,36765478000.0,36765478000.0,0.0
ACN,revenue,2018-08-31,4,41603428000.0,41603428000.0,0.0
ACN,revenue,2019-08-31,4,43215013000.0,43215013000.0,0.0
ACN,revenue,2020-08-31,4,44327039000.0,44327039000.0,0.0
ACN,revenue,2021-08-31,4,50533389000.0,50533389000.0,0.0
ACN,revenue,2022-08-31,4,61594305000.0,61594305000.0,0.0
ACN,revenue,2023-08-31,4,64111745000.0,64111745000.0,0.0
ACN,revenue,2024-08-31,4,64896464000.0,64896464000.0,0.0
ACN,revenue,2025-08-31,4,69672977000.0,69672977000.0,0.0
ACN,net_income,2011-08-31,4,2277677000.0,2277677000.0,0.0
ACN,net_income,2012-08-31,5,2553510000.0,,
ACN,net_income,2013-08-31,4,3281878000.0,3281878000.0,0.0
ACN,net_income,2014-08-31,4,2941498000.0,2941498000.0,0.0
ACN,net_income,2015-08-31,4,3053581000.0,3053581000.0,0.0
ACN,net_income,2016-08-31,4,4111892000.0,4111892000.0,0.0
ACN,net_income,2017-08-31,4,3445149000.0,3445149000.0,0.0
ACN,net_income,2018-08-31,4,4059907000.0,4059907000.0,0.0
ACN,net_income,2019-08-31,4,4779112000.0,4779112000.0,0.0
ACN,net_income,2020-08-31,4,5107839000.0,5107839000.0,0.0
ACN,net_income,2021-08-31,4,5906809000.0,5906809000.0,0.0
ACN,net_income,2022-08-31,4,6877169000.0,6877169000.0,0.0
ACN,net_income,2023-08-31,4,6871557000.0,6871557000.0,0.0
ACN,net_income,2024-08-31,4,7264787000.0,7264787000.0,0.0
ACN,net_income,2025-08-31,4,7678433000.0,7678433000.0,0.0
ACN,ocf,2011-08-31,4,3441739000.0,3441739000.0,0.0
ACN,ocf,2012-08-31,4,4256852000.0,4256852000.0,0.0
ACN,ocf,2013-08-31,4,3303128000.0,3303128000.0,0.0
ACN,ocf,2014-08-31,4,3486085000.0,3486085000.0,0.0
ACN,ocf,2015-08-31,4,4092137000.0,4092137000.0,0.0
ACN,ocf,2016-08-31,4,4575115000.0,4575115000.0,0.0
ACN,ocf,2017-08-31,4,4973039000.0,4973039000.0,0.0
ACN,ocf,2018-08-31,4,6026691000.0,6026691000.0,0.0
ACN,ocf,2019-08-31,4,6626953000.0,6626953000.0,0.0
ACN,ocf,2020-08-31,4,8215152000.0,8215152000.0,0.0
ACN,ocf,2021-08-31,4,8975148000.0,8975148000.0,0.0
ACN,ocf,2022-08-31,4,9541129000.0,9541129000.0,0.0
ACN,ocf,2023-08-31,4,9524268000.0,9524268000.0,0.0
ACN,ocf,2024-08-31,4,9131027000.0,9131027000.0,0.0
ACN,ocf,2025-08-31,4,11474399000.0,11474399000.0,0.0
ADBE,revenue,2011-12-02,4,4216258000.0,4216258000.0,0.0
ADBE,revenue,2012-11-30,4,4403677000.0,4403677000.0,0.0
ADBE,revenue,2013-11-29,4,4055240000.0,4055240000.0,0.0
ADBE,revenue,2014-11-28,4,4147065000.0,4147065000.0,0.0
ADBE,revenue,2015-11-27,4,4795511000.0,4795511000.0,0.0
ADBE,revenue,2016-12-02,4,5854430000.0,5854430000.0,0.0
ADBE,revenue,2017-12-01,4,7301505000.0,7301505000.0,0.0
ADBE,revenue,2018-11-30,4,9030008000.0,9030008000.0,0.0
ADBE,revenue,2019-11-29,4,11171297000.0,11171297000.0,0.0
ADBE,revenue,2020-11-27,4,12868000000.0,12868000000.0,0.0
ADBE,revenue,2021-12-03,4,15785000000.0,15785000000.0,0.0
ADBE,revenue,2022-12-02,4,17606000000.0,17606000000.0,0.0
ADBE,revenue,2023-12-01,4,19409000000.0,19409000000.0,0.0
ADBE,revenue,2024-11-29,4,21505000000.0,21505000000.0,0.0
ADBE,revenue,2025-11-28,4,23769000000.0,23769000000.0,0.0
ADBE,net_income,2011-12-02,4,832847000.0,832847000.0,0.0
ADBE,net_income,2012-11-30,4,832775000.0,832775000.0,0.0
ADBE,net_income,2013-11-29,4,289985000.0,289985000.0,0.0
ADBE,net_income,2014-11-28,4,268395000.0,268395000.0,0.0
ADBE,net_income,2015-11-27,4,629551000.0,629551000.0,0.0
ADBE,net_income,2016-12-02,4,1168782000.0,1168782000.0,0.0
ADBE,net_income,2017-12-01,4,1693954000.0,1693954000.0,0.0
ADBE,net_income,2018-11-30,4,2590774000.0,2590774000.0,0.0
ADBE,net_income,2019-11-29,4,2951458000.0,2951458000.0,0.0
ADBE,net_income,2020-11-27,4,5260000000.0,5260000000.0,0.0
ADBE,net_income,2021-12-03,4,4822000000.0,4822000000.0,0.0
ADBE,net_income,2022-12-02,4,4756000000.0,4756000000.0,0.0
ADBE,net_income,2023-12-01,4,5428000000.0,5428000000.0,0.0
ADBE,net_income,2024-11-29,4,5560000000.0,5560000000.0,0.0
ADBE,net_income,2025-11-28,4,7130000000.0,7130000000.0,0.0
ADBE,ocf,2011-12-02,4,1543314000.0,1543314000.0,0.0
ADBE,ocf,2012-11-30,4,1499580000.0,1499580000.0,0.0
ADBE,ocf,2013-11-29,4,1151686000.0,1151686000.0,0.0
ADBE,ocf,2014-11-28,4,1287482000.0,1287482000.0,0.0
ADBE,ocf,2015-11-27,4,1469502000.0,1469502000.0,0.0
ADBE,ocf,2016-12-02,4,2199728000.0,2199728000.0,0.0
ADBE,ocf,2017-12-01,4,2912853000.0,2912853000.0,0.0
ADBE,ocf,2018-11-30,4,4029304000.0,4029304000.0,0.0
ADBE,ocf,2019-11-29,4,4421813000.0,4421813000.0,0.0
ADBE,ocf,2020-11-27,4,5727000000.0,5727000000.0,0.0
ADBE,ocf,2021-12-03,4,7230000000.0,7230000000.0,0.0
ADBE,ocf,2022-12-02,4,7838000000.0,7838000000.0,0.0
ADBE,ocf,2023-12-01,4,7302000000.0,7302000000.0,0.0
ADBE,ocf,2024-11-29,4,8056000000.0,8056000000.0,0.0
ADBE,ocf,2025-11-28,4,10031000000.0,10031000000.0,0.0
ADI,revenue,2017-10-28,0,5246354000.0,,
ADI,revenue,2018-11-03,4,6224689000.0,6224689000.0,0.0
ADI,revenue,2019-11-02,4,5991065000.0,5991065000.0,0.0
ADI,revenue,2020-10-31,4,5603056000.0,5603056000.0,0.0
ADI,revenue,2021-10-30,4,7318286000.0,7318286000.0,0.0
ADI,revenue,2022-10-29,4,12013953000.0,12013953000.0,0.0
ADI,revenue,2023-10-28,4,12305539000.0,12305539000.0,0.0
ADI,revenue,2024-11-02,4,9427157000.0,9427157000.0,0.0
ADI,revenue,2025-11-01,4,11019707000.0,11019707000.0,0.0
ADI,net_income,2011-10-29,4,867394000.0,867394000.0,0.0
ADI,net_income,2012-11-03,4,651236000.0,651236000.0,0.0
ADI,net_income,2013-11-02,4,673487000.0,673487000.0,0.0
ADI,net_income,2014-11-01,4,629320000.0,629320000.0,0.0
ADI,net_income,2015-10-31,4,696878000.0,696878000.0,0.0
ADI,net_income,2016-10-29,4,861664000.0,861664000.0,0.0
ADI,net_income,2017-10-28,4,727259000.0,727259000.0,0.0
ADI,net_income,2018-11-03,4,1495432000.0,1495432000.0,0.0
ADI,net_income,2019-11-02,4,1363011000.0,1363011000.0,0.0
ADI,net_income,2020-10-31,4,1220761000.0,1220761000.0,0.0
ADI,net_income,2021-10-30,4,1390422000.0,1390422000.0,0.0
ADI,net_income,2022-10-29,4,2748561000.0,2748561000.0,0.0
ADI,net_income,2023-10-28,4,3314579000.0,3314579000.0,0.0
ADI,net_income,2024-11-02,4,1635273000.0,1635273000.0,0.0
ADI,net_income,2025-11-01,4,2267342000.0,2267342000.0,0.0
ADI,ocf,2011-10-29,4,900529000.0,900529000.0,0.0
ADI,ocf,2012-11-03,4,814542000.0,814542000.0,0.0
ADI,ocf,2013-11-02,4,912345000.0,912345000.0,0.0
ADI,ocf,2014-11-01,4,871602000.0,871602000.0,0.0
ADI,ocf,2015-10-31,4,907798000.0,907798000.0,0.0
ADI,ocf,2016-10-29,4,1280895000.0,1280895000.0,0.0
ADI,ocf,2017-10-28,4,1112592000.0,1112592000.0,0.0
ADI,ocf,2018-11-03,4,2442361000.0,2442361000.0,0.0
ADI,ocf,2019-11-02,4,2253100000.0,2253100000.0,0.0
ADI,ocf,2020-10-31,4,2008487000.0,2008487000.0,0.0
ADI,ocf,2021-10-30,4,2735069000.0,2735069000.0,0.0
ADI,ocf,2022-10-29,4,4475402000.0,4475402000.0,0.0
ADI,ocf,2023-10-28,4,4817634000.0,4817634000.0,0.0
ADI,ocf,2024-11-02,4,3852529000.0,3852529000.0,0.0
ADI,ocf,2025-11-01,4,4812202000.0,4812202000.0,0.0
ADP,revenue,2017-06-30,0,12372000000.0,,
ADP,revenue,2018-06-30,4,13327700000.0,13327700000.0,0.0
ADP,revenue,2019-06-30,4,14175200000.0,14175200000.0,0.0
ADP,revenue,2020-06-30,4,14589800000.0,14589800000.0,0.0
ADP,revenue,2021-06-30,4,15005400000.0,15005400000.0,0.0
ADP,revenue,2022-06-30,4,16498300000.0,16498400000.0,6.061230551026469e-06
ADP,revenue,2023-06-30,4,18012200000.0,18012200000.0,0.0
ADP,revenue,2024-06-30,4,19202600000.0,19202700000.0,5.2076281336902296e-06
ADP,revenue,2025-06-30,4,20560900000.0,20560900000.0,0.0
ADP,revenue,2026-06-30,4,21947400000.0,21947500000.0,4.556348360170225e-06
ADP,net_income,2011-06-30,4,1254200000.0,1254200000.0,0.0
ADP,net_income,2012-06-30,4,1388500000.0,1388500000.0,0.0
ADP,net_income,2013-06-30,4,1405800000.0,1405900000.0,7.113387395077535e-05
ADP,net_income,2014-06-30,4,1515900000.0,1515900000.0,0.0
ADP,net_income,2015-06-30,4,1452500000.0,1452500000.0,0.0
ADP,net_income,2016-06-30,4,1492500000.0,1492500000.0,0.0
ADP,net_income,2017-06-30,4,1733400000.0,1733300000.0,5.7690088842736815e-05
ADP,net_income,2018-06-30,4,1620800000.0,1620800000.0,0.0
ADP,net_income,2019-06-30,4,2292800000.0,2292800000.0,0.0
ADP,net_income,2020-06-30,4,2466500000.0,2466400000.0,4.054327995134806e-05
ADP,net_income,2021-06-30,4,2598500000.0,2598500000.0,0.0
ADP,net_income,2022-06-30,4,2948900000.0,2948900000.0,0.0
ADP,net_income,2023-06-30,4,3412000000.0,3411900000.0,2.9308323563892145e-05
ADP,net_income,2024-06-30,4,3752000000.0,3752000000.0,0.0
ADP,net_income,2025-06-30,4,4079700000.0,4079700000.0,0.0
ADP,net_income,2026-06-30,4,4413500000.0,4413400000.0,2.2657754616517504e-05
ADP,ocf,2011-06-30,4,1705800000.0,1705800000.0,0.0
ADP,ocf,2012-06-30,4,1910200000.0,1910200000.0,0.0
ADP,ocf,2013-06-30,4,1577200000.0,1577200000.0,0.0
ADP,ocf,2014-06-30,4,1821400000.0,1821400000.0,0.0
ADP,ocf,2015-06-30,4,1905600000.0,1905600000.0,0.0
ADP,ocf,2016-06-30,4,1859900000.0,1859900000.0,0.0
ADP,ocf,2017-06-30,4,2125900000.0,2125900000.0,0.0
ADP,ocf,2018-06-30,4,2515200000.0,2515200000.0,0.0
ADP,ocf,2019-06-30,4,2688300000.0,2688300000.0,0.0
ADP,ocf,2020-06-30,4,3026200000.0,3026200000.0,0.0
ADP,ocf,2021-06-30,4,3093300000.0,3093300000.0,0.0
ADP,ocf,2022-06-30,4,3099500000.0,3099500000.0,0.0
ADP,ocf,2023-06-30,4,4207600000.0,4207600000.0,0.0
ADP,ocf,2024-06-30,4,4157600000.0,4157600000.0,0.0
ADP,ocf,2025-06-30,4,4939700000.0,4939700000.0,0.0
ADP,ocf,2026-06-30,4,5441200000.0,5441200000.0,0.0
AFRM,revenue,2019-06-30,0,264367000.0,,
AFRM,revenue,2020-06-30,3,509528000.0,,
AFRM,revenue,2021-06-30,4,870464000.0,870464000.0,0.0
AFRM,revenue,2022-06-30,4,1349292000.0,1349292000.0,0.0
AFRM,revenue,2023-06-30,4,1587985000.0,1587985000.0,0.0
AFRM,revenue,2024-06-30,4,2322999000.0,2322999000.0,0.0
AFRM,revenue,2025-06-30,4,3224412000.0,3224412000.0,0.0
AFRM,revenue,2026-06-30,4,4261082000.0,4261081000.0,2.346821769681973e-07
AFRM,net_income,2019-06-30,0,-120455000.0,,
AFRM,net_income,2020-06-30,4,-112598000.0,-112598000.0,0.0
AFRM,net_income,2021-06-30,4,-430923000.0,-447199000.0,0.03777008885578166
AFRM,net_income,2022-06-30,4,-707417000.0,-707417000.0,0.0
AFRM,net_income,2023-06-30,4,-985345000.0,-985345000.0,0.0
AFRM,net_income,2024-06-30,4,-517757000.0,-517757000.0,0.0
AFRM,net_income,2025-06-30,4,52186000.0,52186000.0,0.0
AFRM,net_income,2026-06-30,4,1929793000.0,1929793000.0,0.0
AFRM,ocf,2019-06-30,0,-87649000.0,,
AFRM,ocf,2020-06-30,2,-71302000.0,,
AFRM,ocf,2021-06-30,4,-193130000.0,-193130000.0,0.0
AFRM,ocf,2022-06-30,4,-162194000.0,-162194000.0,0.0
AFRM,ocf,2023-06-30,4,12181000.0,12181000.0,0.0
AFRM,ocf,2024-06-30,4,450138000.0,450138000.0,0.0
AFRM,ocf,2025-06-30,4,793909000.0,793909000.0,0.0
AFRM,ocf,2026-06-30,4,1230974000.0,1230974000.0,0.0
AMAT,revenue,2018-10-28,0,16705000000.0,,
AMAT,revenue,2019-10-27,4,14608000000.0,14608000000.0,0.0
AMAT,revenue,2020-10-25,4,17202000000.0,17202000000.0,0.0
AMAT,revenue,2021-10-31,4,23063000000.0,23063000000.0,0.0
AMAT,revenue,2022-10-30,4,25785000000.0,25785000000.0,0.0
AMAT,revenue,2023-10-29,4,26517000000.0,26517000000.0,0.0
AMAT,revenue,2024-10-27,4,27176000000.0,27176000000.0,0.0
AMAT,revenue,2025-10-26,4,28368000000.0,28368000000.0,0.0
AMAT,net_income,2011-10-30,4,1926000000.0,1927000000.0,0.0005192107995846313
AMAT,net_income,2012-10-28,4,109000000.0,109000000.0,0.0
AMAT,net_income,2013-10-27,4,256000000.0,256000000.0,0.0
AMAT,net_income,2014-10-26,4,1072000000.0,1072000000.0,0.0
AMAT,net_income,2015-10-25,4,1377000000.0,1377000000.0,0.0
AMAT,net_income,2016-10-30,4,1721000000.0,1721000000.0,0.0
AMAT,net_income,2017-10-29,4,3434000000.0,3434000000.0,0.0
AMAT,net_income,2018-10-28,4,3313000000.0,3313000000.0,0.0
AMAT,net_income,2019-10-27,4,2706000000.0,2706000000.0,0.0
AMAT,net_income,2020-10-25,4,3619000000.0,3619000000.0,0.0
AMAT,net_income,2021-10-31,4,5888000000.0,5888000000.0,0.0
AMAT,net_income,2022-10-30,4,6525000000.0,6525000000.0,0.0
AMAT,net_income,2023-10-29,4,6856000000.0,6856000000.0,0.0
AMAT,net_income,2024-10-27,4,7177000000.0,7177000000.0,0.0
AMAT,net_income,2025-10-26,4,6998000000.0,6998000000.0,0.0
AMAT,ocf,2011-10-30,4,2426000000.0,2426000000.0,0.0
AMAT,ocf,2012-10-28,4,1851000000.0,1851000000.0,0.0
AMAT,ocf,2013-10-27,4,623000000.0,623000000.0,0.0
AMAT,ocf,2014-10-26,4,1800000000.0,1800000000.0,0.0
AMAT,ocf,2015-10-25,4,1163000000.0,1163000000.0,0.0
AMAT,ocf,2016-10-30,4,2466000000.0,2466000000.0,0.0
AMAT,ocf,2017-10-29,4,3609000000.0,3609000000.0,0.0
AMAT,ocf,2018-10-28,4,3787000000.0,3787000000.0,0.0
AMAT,ocf,2019-10-27,4,3247000000.0,3247000000.0,0.0
AMAT,ocf,2020-10-25,4,3804000000.0,3804000000.0,0.0
AMAT,ocf,2021-10-31,4,5442000000.0,5442000000.0,0.0
AMAT,ocf,2022-10-30,4,5399000000.0,5399000000.0,0.0
AMAT,ocf,2023-10-29,4,8700000000.0,8700000000.0,0.0
AMAT,ocf,2024-10-27,4,8677000000.0,8677000000.0,0.0
AMAT,ocf,2025-10-26,4,7958000000.0,7958000000.0,0.0
AMC,revenue,2016-12-31,0,3235900000.0,,
AMC,revenue,2017-12-31,4,5079200000.0,5079200000.0,0.0
AMC,revenue,2018-12-31,4,5460800000.0,5401900000.0,0.010785965426311163
AMC,revenue,2019-12-31,4,5471000000.0,5471000000.0,0.0
AMC,revenue,2020-12-31,4,1242400000.0,1242400000.0,0.0
AMC,revenue,2021-12-31,4,2527900000.0,2527900000.0,0.0
AMC,revenue,2022-12-31,4,3911400000.0,3911400000.0,0.0
AMC,revenue,2023-12-31,4,4812600000.0,4812600000.0,0.0
AMC,revenue,2024-12-31,4,4637200000.0,4637200000.0,0.0
AMC,revenue,2025-12-31,4,4848900000.0,4848900000.0,0.0
AMC,net_income,2015-12-31,0,103900000.0,,
AMC,net_income,2016-12-31,4,111700000.0,111700000.0,0.0
AMC,net_income,2017-12-31,4,-487200000.0,-487200000.0,0.0
AMC,net_income,2018-12-31,4,110100000.0,110100000.0,0.0
AMC,net_income,2019-12-31,4,-149100000.0,-149100000.0,0.0
AMC,net_income,2020-12-31,4,-4589100000.0,-4589100000.0,0.0
AMC,net_income,2021-12-31,4,-1269100000.0,-1269100000.0,0.0
AMC,net_income,2022-12-31,4,-973600000.0,-973600000.0,0.0
AMC,net_income,2023-12-31,4,-396600000.0,-396600000.0,0.0
AMC,net_income,2024-12-31,4,-352600000.0,-352600000.0,0.0
AMC,net_income,2025-12-31,4,-632400000.0,-632400000.0,0.0
AMC,ocf,2013-12-31,4,357342000.0,357342000.0,0.0
AMC,ocf,2014-12-31,4,297302000.0,297302000.0,0.0
AMC,ocf,2015-12-31,4,467500000.0,467500000.0,0.0
AMC,ocf,2016-12-31,4,431700000.0,431700000.0,0.0
AMC,ocf,2017-12-31,4,558700000.0,558700000.0,0.0
AMC,ocf,2018-12-31,4,523200000.0,523200000.0,0.0
AMC,ocf,2019-12-31,4,579000000.0,579000000.0,0.0
AMC,ocf,2020-12-31,4,-1129500000.0,-1129500000.0,0.0
AMC,ocf,2021-12-31,4,-614100000.0,-614100000.0,0.0
AMC,ocf,2022-12-31,4,-628500000.0,-628500000.0,0.0
AMC,ocf,2023-12-31,4,-215200000.0,-215200000.0,0.0
AMC,ocf,2024-12-31,4,-50800000.0,-50800000.0,0.0
AMC,ocf,2025-12-31,4,-119800000.0,-119800000.0,0.0
AMD,revenue,2016-12-31,0,4319000000.0,,
AMD,revenue,2017-12-30,4,5253000000.0,5253000000.0,0.0
AMD,revenue,2018-12-29,4,6475000000.0,6475000000.0,0.0
AMD,revenue,2019-12-28,4,6731000000.0,6731000000.0,0.0
AMD,revenue,2020-12-26,4,9763000000.0,9763000000.0,0.0
AMD,revenue,2021-12-25,4,16434000000.0,16434000000.0,0.0
AMD,revenue,2022-12-31,4,23601000000.0,23601000000.0,0.0
AMD,revenue,2023-12-30,4,22680000000.0,22680000000.0,0.0
AMD,revenue,2024-12-28,4,25785000000.0,25785000000.0,0.0
AMD,revenue,2025-12-27,4,34639000000.0,34639000000.0,0.0
AMD,net_income,2011-12-31,4,491000000.0,491000000.0,0.0
AMD,net_income,2012-12-29,4,-1183000000.0,-1183000000.0,0.0
AMD,net_income,2013-12-28,4,-83000000.0,-83000000.0,0.0
AMD,net_income,2014-12-27,4,-403000000.0,-403000000.0,0.0
AMD,net_income,2015-12-26,4,-660000000.0,-660000000.0,0.0
AMD,net_income,2016-12-31,4,-497000000.0,-497000000.0,0.0
AMD,net_income,2017-12-30,4,43000000.0,43000000.0,0.0
AMD,net_income,2018-12-29,4,337000000.0,337000000.0,0.0
AMD,net_income,2019-12-28,4,341000000.0,341000000.0,0.0
AMD,net_income,2020-12-26,4,2490000000.0,2490000000.0,0.0
AMD,net_income,2021-12-25,4,3162000000.0,3162000000.0,0.0
AMD,net_income,2022-12-31,4,1320000000.0,1320000000.0,0.0
AMD,net_income,2023-12-30,4,854000000.0,854000000.0,0.0
AMD,net_income,2024-12-28,4,1641000000.0,1641000000.0,0.0
AMD,net_income,2025-12-27,4,4335000000.0,4335000000.0,0.0
AMD,ocf,2011-12-31,4,382000000.0,382000000.0,0.0
AMD,ocf,2012-12-29,4,-338000000.0,-338000000.0,0.0
AMD,ocf,2013-12-28,4,-148000000.0,-148000000.0,0.0
AMD,ocf,2014-12-27,4,-98000000.0,-98000000.0,0.0
AMD,ocf,2015-12-26,4,-226000000.0,-226000000.0,0.0
AMD,ocf,2016-12-31,4,90000000.0,90000000.0,0.0
AMD,ocf,2017-12-30,4,68000000.0,68000000.0,0.0
AMD,ocf,2018-12-29,4,34000000.0,34000000.0,0.0
AMD,ocf,2019-12-28,4,493000000.0,493000000.0,0.0
AMD,ocf,2020-12-26,4,1071000000.0,1071000000.0,0.0
AMD,ocf,2021-12-25,4,3521000000.0,3521000000.0,0.0
AMD,ocf,2022-12-31,4,3565000000.0,3565000000.0,0.0
AMD,ocf,2023-12-30,4,1667000000.0,1667000000.0,0.0
AMD,ocf,2024-12-28,4,3041000000.0,3041000000.0,0.0
AMD,ocf,2025-12-27,4,7709000000.0,7709000000.0,0.0
AMGN,revenue,2019-12-31,0,23362000000.0,,
AMGN,revenue,2020-12-31,2,25424000000.0,,
AMGN,revenue,2021-12-31,4,25979000000.0,25979000000.0,0.0
AMGN,revenue,2022-12-31,4,26323000000.0,26323000000.0,0.0
AMGN,revenue,2023-12-31,4,28190000000.0,28190000000.0,0.0
AMGN,revenue,2024-12-31,4,33424000000.0,33424000000.0,0.0
AMGN,revenue,2025-12-31,4,36751000000.0,36751000000.0,0.0
AMGN,net_income,2011-12-31,4,3683000000.0,3683000000.0,0.0
AMGN,net_income,2012-12-31,4,4345000000.0,4345000000.0,0.0
AMGN,net_income,2013-12-31,4,5081000000.0,5081000000.0,0.0
AMGN,net_income,2014-12-31,4,5158000000.0,5158000000.0,0.0
AMGN,net_income,2015-12-31,4,6939000000.0,6939000000.0,0.0
AMGN,net_income,2016-12-31,4,7722000000.0,7722000000.0,0.0
AMGN,net_income,2017-12-31,4,1979000000.0,1979000000.0,0.0
AMGN,net_income,2018-12-31,4,8394000000.0,8394000000.0,0.0
AMGN,net_income,2019-12-31,4,7842000000.0,7842000000.0,0.0
AMGN,net_income,2020-12-31,4,7264000000.0,7264000000.0,0.0
AMGN,net_income,2021-12-31,4,5893000000.0,5893000000.0,0.0
AMGN,net_income,2022-12-31,4,6552000000.0,6552000000.0,0.0
AMGN,net_income,2023-12-31,4,6717000000.0,6717000000.0,0.0
AMGN,net_income,2024-12-31,4,4090000000.0,4090000000.0,0.0
AMGN,net_income,2025-12-31,4,7711000000.0,7711000000.0,0.0
AMGN,ocf,2011-12-31,4,5119000000.0,5119000000.0,0.0
AMGN,ocf,2012-12-31,4,5882000000.0,5882000000.0,0.0
AMGN,ocf,2013-12-31,4,6291000000.0,6291000000.0,0.0
AMGN,ocf,2014-12-31,4,8555000000.0,8555000000.0,0.0
AMGN,ocf,2015-12-31,4,9077000000.0,9077000000.0,0.0
AMGN,ocf,2016-12-31,4,10354000000.0,10354000000.0,0.0
AMGN,ocf,2017-12-31,4,11177000000.0,11177000000.0,0.0
AMGN,ocf,2018-12-31,4,11296000000.0,11296000000.0,0.0
AMGN,ocf,2019-12-31,4,9150000000.0,9150000000.0,0.0
AMGN,ocf,2020-12-31,4,10497000000.0,10497000000.0,0.0
AMGN,ocf,2021-12-31,4,9261000000.0,9261000000.0,0.0
AMGN,ocf,2022-12-31,4,9721000000.0,9721000000.0,0.0
AMGN,ocf,2023-12-31,4,8471000000.0,8471000000.0,0.0
AMGN,ocf,2024-12-31,4,11490000000.0,11490000000.0,0.0
AMGN,ocf,2025-12-31,4,9958000000.0,9958000000.0,0.0
AMZN,revenue,2016-12-31,0,135987000000.0,,
AMZN,revenue,2017-12-31,4,177866000000.0,177866000000.0,0.0
AMZN,revenue,2018-12-31,4,232887000000.0,232887000000.0,0.0
AMZN,revenue,2019-12-31,4,280522000000.0,280522000000.0,0.0
AMZN,revenue,2020-12-31,4,386064000000.0,386064000000.0,0.0
AMZN,revenue,2021-12-31,4,469822000000.0,469822000000.0,0.0
AMZN,revenue,2022-12-31,4,513983000000.0,513983000000.0,0.0
AMZN,revenue,2023-12-31,4,574785000000.0,574785000000.0,0.0
AMZN,revenue,2024-12-31,4,637959000000.0,637959000000.0,0.0
AMZN,revenue,2025-12-31,4,716924000000.0,716924000000.0,0.0
AMZN,net_income,2011-12-31,4,631000000.0,632000000.0,0.001584786053882726
AMZN,net_income,2012-12-31,4,-39000000.0,40000000.0,2.0256410256410255
AMZN,net_income,2013-12-31,4,274000000.0,273000000.0,0.0036496350364963502
AMZN,net_income,2014-12-31,4,-241000000.0,-241000000.0,0.0
AMZN,net_income,2015-12-31,4,596000000.0,596000000.0,0.0
AMZN,net_income,2016-12-31,4,2371000000.0,2371000000.0,0.0
AMZN,net_income,2017-12-31,4,3033000000.0,3033000000.0,0.0
AMZN,net_income,2018-12-31,4,10073000000.0,10073000000.0,0.0
AMZN,net_income,2019-12-31,4,11588000000.0,11588000000.0,0.0
AMZN,net_income,2020-12-31,4,21331000000.0,21331000000.0,0.0
AMZN,net_income,2021-12-31,4,33364000000.0,33364000000.0,0.0
AMZN,net_income,2022-12-31,4,-2722000000.0,-2722000000.0,0.0
AMZN,net_income,2023-12-31,4,30425000000.0,30425000000.0,0.0
AMZN,net_income,2024-12-31,4,59248000000.0,59248000000.0,0.0
AMZN,net_income,2025-12-31,4,77670000000.0,77670000000.0,0.0
AMZN,ocf,2011-12-31,4,3903000000.0,3903000000.0,0.0
AMZN,ocf,2012-12-31,4,4180000000.0,4180000000.0,0.0
AMZN,ocf,2013-12-31,4,5475000000.0,5474000000.0,0.00018264840182648402
AMZN,ocf,2014-12-31,4,6842000000.0,6841000000.0,0.00014615609470914936
AMZN,ocf,2015-12-31,4,11920000000.0,11920000000.0,0.0
AMZN,ocf,2016-12-31,4,16443000000.0,16443000000.0,0.0
AMZN,ocf,2017-12-31,4,18434000000.0,18434000000.0,0.0
AMZN,ocf,2018-12-31,4,30723000000.0,30723000000.0,0.0
AMZN,ocf,2019-12-31,4,38514000000.0,38515000000.0,2.5964584307005243e-05
AMZN,ocf,2020-12-31,4,66064000000.0,66065000000.0,1.5136837006539113e-05
AMZN,ocf,2021-12-31,4,46327000000.0,46327000000.0,0.0
AMZN,ocf,2022-12-31,4,46752000000.0,46752000000.0,0.0
AMZN,ocf,2023-12-31,4,84946000000.0,84946000000.0,0.0
AMZN,ocf,2024-12-31,4,115877000000.0,115877000000.0,0.0
AMZN,ocf,2025-12-31,4,139514000000.0,139514000000.0,0.0
ANET,revenue,2016-12-31,0,1129167000.0,,
ANET,revenue,2017-12-31,4,1646186000.0,1646186000.0,0.0
ANET,revenue,2018-12-31,4,2151369000.0,2151369000.0,0.0
ANET,revenue,2019-12-31,4,2410706000.0,2410706000.0,0.0
ANET,revenue,2020-12-31,4,2317512000.0,2317512000.0,0.0
ANET,revenue,2021-12-31,4,2948037000.0,2948037000.0,0.0
ANET,revenue,2022-12-31,4,4381310000.0,4381310000.0,0.0
ANET,revenue,2023-12-31,4,5860168000.0,5860168000.0,0.0
ANET,revenue,2024-12-31,4,7003146000.0,7003146000.0,0.0
ANET,revenue,2025-12-31,4,9005700000.0,9005700000.0,0.0
ANET,net_income,2012-12-31,0,21349000.0,,
ANET,net_income,2013-12-31,3,42460000.0,,
ANET,net_income,2014-12-31,4,86850000.0,86850000.0,0.0
ANET,net_income,2015-12-31,4,121102000.0,121102000.0,0.0
ANET,net_income,2016-12-31,4,184189000.0,184189000.0,0.0
ANET,net_income,2017-12-31,4,423201000.0,423201000.0,0.0
ANET,net_income,2018-12-31,4,328115000.0,328115000.0,0.0
ANET,net_income,2019-12-31,4,859867000.0,859867000.0,0.0
ANET,net_income,2020-12-31,4,634557000.0,634557000.0,0.0
ANET,net_income,2021-12-31,4,840854000.0,840854000.0,0.0
ANET,net_income,2022-12-31,4,1352446000.0,1352446000.0,0.0
ANET,net_income,2023-12-31,4,2087321000.0,2087321000.0,0.0
ANET,net_income,2024-12-31,4,2852054000.0,2852054000.0,0.0
ANET,net_income,2025-12-31,4,3511400000.0,3511400000.0,0.0
ANET,ocf,2012-12-31,0,26306000.0,,
ANET,ocf,2013-12-31,2,34648000.0,,
ANET,ocf,2014-12-31,4,114516000.0,114516000.0,0.0
ANET,ocf,2015-12-31,4,200533000.0,200533000.0,0.0
ANET,ocf,2016-12-31,4,131440000.0,131440000.0,0.0
ANET,ocf,2017-12-31,4,631627000.0,631627000.0,0.0
ANET,ocf,2018-12-31,4,503119000.0,503119000.0,0.0
ANET,ocf,2019-12-31,4,963034000.0,963034000.0,0.0
ANET,ocf,2020-12-31,4,735114000.0,735114000.0,0.0
ANET,ocf,2021-12-31,4,1015856000.0,1015856000.0,0.0
ANET,ocf,2022-12-31,4,492813000.0,492813000.0,0.0
ANET,ocf,2023-12-31,4,2034014000.0,2034014000.0,0.0
ANET,ocf,2024-12-31,4,3708235000.0,3708235000.0,0.0
ANET,ocf,2025-12-31,4,4371900000.0,4371900000.0,0.0
APA,revenue,2016-12-31,0,5367000000.0,,
APA,revenue,2017-12-31,3,5887000000.0,,
APA,revenue,2018-12-31,4,7348000000.0,7348000000.0,0.0
APA,revenue,2019-12-31,4,6315000000.0,6315000000.0,0.0
APA,net_income,2023-12-31,4,2526000000.0,2526000000.0,0.0
APA,net_income,2024-12-31,4,804000000.0,804000000.0,0.0
APA,net_income,2025-12-31,4,1434000000.0,1434000000.0,0.0
APA,net_income,2019-12-31,0,-3553000000.0,,
APA,net_income,2020-12-31,4,-4860000000.0,-4860000000.0,0.0
APA,net_income,2021-12-31,4,1062000000.0,1062000000.0,0.0
APA,net_income,2022-12-31,4,3536000000.0,3536000000.0,0.0
APA,ocf,2019-12-31,4,2867000000.0,2867000000.0,0.0
APA,ocf,2020-12-31,4,1388000000.0,1388000000.0,0.0
APA,ocf,2021-12-31,4,3496000000.0,3496000000.0,0.0
APA,ocf,2022-12-31,4,4943000000.0,4943000000.0,0.0
APA,ocf,2023-12-31,4,3129000000.0,3129000000.0,0.0
APA,ocf,2024-12-31,4,3620000000.0,3620000000.0,0.0
APA,ocf,2025-12-31,4,4545000000.0,4545000000.0,0.0
APA,ocf,2011-12-31,4,9953000000.0,9953000000.0,0.0
APA,ocf,2012-12-31,4,8504000000.0,8504000000.0,0.0
APA,ocf,2013-12-31,4,9835000000.0,9835000000.0,0.0
APA,ocf,2014-12-31,4,8461000000.0,8461000000.0,0.0
APA,ocf,2015-12-31,4,2984000000.0,2984000000.0,0.0
APA,ocf,2016-12-31,4,2430000000.0,2430000000.0,0.0
APA,ocf,2017-12-31,4,2428000000.0,2428000000.0,0.0
APA,ocf,2018-12-31,4,3777000000.0,3777000000.0,0.0
AVGO,revenue,2017-10-29,0,17636000000.0,,
AVGO,revenue,2018-11-04,4,20848000000.0,20848000000.0,0.0
AVGO,revenue,2019-11-03,4,22597000000.0,22597000000.0,0.0
AVGO,revenue,2020-11-01,4,23888000000.0,23888000000.0,0.0
AVGO,revenue,2021-10-31,4,27450000000.0,27450000000.0,0.0
AVGO,revenue,2022-10-30,4,33203000000.0,33203000000.0,0.0
AVGO,revenue,2023-10-29,4,35819000000.0,35819000000.0,0.0
AVGO,revenue,2024-11-03,4,51574000000.0,51574000000.0,0.0
AVGO,revenue,2025-11-02,4,63887000000.0,63887000000.0,0.0
AVGO,net_income,2016-10-30,0,-1861000000.0,,
AVGO,net_income,2017-10-29,4,1784000000.0,1784000000.0,0.0
AVGO,net_income,2018-11-04,4,12610000000.0,12610000000.0,0.0
AVGO,net_income,2019-11-03,4,2724000000.0,2724000000.0,0.0
AVGO,net_income,2020-11-01,4,2960000000.0,2960000000.0,0.0
AVGO,net_income,2021-10-31,4,6736000000.0,6736000000.0,0.0
AVGO,net_income,2022-10-30,4,11495000000.0,11495000000.0,0.0
AVGO,net_income,2023-10-29,4,14082000000.0,14082000000.0,0.0
AVGO,net_income,2024-11-03,4,5895000000.0,5895000000.0,0.0
AVGO,net_income,2025-11-02,4,23126000000.0,23126000000.0,0.0
AVGO,ocf,2016-10-30,0,3411000000.0,,
AVGO,ocf,2017-10-29,2,6551000000.0,,
AVGO,ocf,2018-11-04,4,8880000000.0,8880000000.0,0.0
AVGO,ocf,2019-11-03,4,9697000000.0,9697000000.0,0.0
AVGO,ocf,2020-11-01,4,12061000000.0,12061000000.0,0.0
AVGO,ocf,2021-10-31,4,13764000000.0,13764000000.0,0.0
AVGO,ocf,2022-10-30,4,16736000000.0,16736000000.0,0.0
AVGO,ocf,2023-10-29,4,18085000000.0,18085000000.0,0.0
AVGO,ocf,2024-11-03,4,19962000000.0,19962000000.0,0.0
AVGO,ocf,2025-11-02,4,27537000000.0,27537000000.0,0.0
AXP,revenue,2017-12-31,4,24780000000.0,24979000000.0,0.008030669895076675
AXP,revenue,2018-12-31,4,26607000000.0,26800000000.0,0.007253730221370316
AXP,revenue,2019-12-31,4,28159000000.0,28160000000.0,3.5512624738094395e-05
AXP,revenue,2020-12-31,4,21974000000.0,21974000000.0,0.0
AXP,revenue,2021-12-31,4,27716000000.0,27716000000.0,0.0
AXP,revenue,2022-12-31,4,34219000000.0,34219000000.0,0.0
AXP,revenue,2023-12-31,4,37218000000.0,37218000000.0,0.0
AXP,revenue,2024-12-31,4,38825000000.0,38825000000.0,0.0
AXP,revenue,2025-12-31,4,41304000000.0,41304000000.0,0.0
AXP,net_income,2011-12-31,4,4935000000.0,4935000000.0,0.0
AXP,net_income,2012-12-31,4,4482000000.0,4482000000.0,0.0
AXP,net_income,2013-12-31,4,5359000000.0,5359000000.0,0.0
AXP,net_income,2014-12-31,4,5885000000.0,5885000000.0,0.0
AXP,net_income,2015-12-31,4,5163000000.0,5163000000.0,0.0
AXP,net_income,2016-12-31,4,5408000000.0,5408000000.0,0.0
AXP,net_income,2017-12-31,4,2736000000.0,2736000000.0,0.0
AXP,net_income,2018-12-31,4,6921000000.0,6921000000.0,0.0
AXP,net_income,2019-12-31,4,6759000000.0,6759000000.0,0.0
AXP,net_income,2020-12-31,4,3135000000.0,3135000000.0,0.0
AXP,net_income,2021-12-31,4,8060000000.0,8060000000.0,0.0
AXP,net_income,2022-12-31,4,7514000000.0,7514000000.0,0.0
AXP,net_income,2023-12-31,4,8374000000.0,8374000000.0,0.0
AXP,net_income,2024-12-31,4,10129000000.0,10129000000.0,0.0
AXP,net_income,2025-12-31,4,10833000000.0,10833000000.0,0.0
AXP,ocf,2011-12-31,4,10475000000.0,10475000000.0,0.0
AXP,ocf,2017-12-31,0,13540000000.0,,
AXP,ocf,2018-12-31,2,8930000000.0,,
AXP,ocf,2019-12-31,4,13632000000.0,13632000000.0,0.0
AXP,ocf,2020-12-31,4,5591000000.0,5591000000.0,0.0
AXP,ocf,2021-12-31,4,14645000000.0,14645000000.0,0.0
AXP,ocf,2022-12-31,4,21079000000.0,21079000000.0,0.0
AXP,ocf,2023-12-31,4,18559000000.0,18559000000.0,0.0
AXP,ocf,2024-12-31,4,14050000000.0,14050000000.0,0.0
AXP,ocf,2025-12-31,4,18428000000.0,18428000000.0,0.0
BA,revenue,2011-12-31,4,68735000000.0,68735000000.0,0.0
BA,revenue,2012-12-31,4,81698000000.0,81698000000.0,0.0
BA,revenue,2013-12-31,4,86623000000.0,86623000000.0,0.0
BA,revenue,2014-12-31,4,90762000000.0,90762000000.0,0.0
BA,revenue,2015-12-31,4,96114000000.0,96114000000.0,0.0
BA,revenue,2016-12-31,4,94571000000.0,94571000000.0,0.0
BA,revenue,2017-12-31,4,93392000000.0,93392000000.0,0.0
BA,revenue,2018-12-31,4,101127000000.0,101127000000.0,0.0
BA,revenue,2019-12-31,4,76559000000.0,76559000000.0,0.0
BA,revenue,2020-12-31,4,58158000000.0,58158000000.0,0.0
BA,revenue,2021-12-31,4,62286000000.0,62286000000.0,0.0
BA,revenue,2022-12-31,4,66608000000.0,66608000000.0,0.0
BA,revenue,2023-12-31,4,77794000000.0,77794000000.0,0.0
BA,revenue,2024-12-31,4,66517000000.0,66517000000.0,0.0
BA,revenue,2025-12-31,4,89463000000.0,89463000000.0,0.0
BA,net_income,2011-12-31,4,4018000000.0,4018000000.0,0.0
BA,net_income,2012-12-31,4,3900000000.0,3900000000.0,0.0
BA,net_income,2013-12-31,4,4585000000.0,4585000000.0,0.0
BA,net_income,2014-12-31,4,5446000000.0,5446000000.0,0.0
BA,net_income,2015-12-31,4,5176000000.0,5176000000.0,0.0
BA,net_income,2016-12-31,4,4895000000.0,4895000000.0,0.0
BA,net_income,2017-12-31,4,8197000000.0,8197000000.0,0.0
BA,net_income,2018-12-31,4,10460000000.0,10460000000.0,0.0
BA,net_income,2019-12-31,4,-636000000.0,-636000000.0,0.0
BA,net_income,2020-12-31,4,-11873000000.0,-11873000000.0,0.0
BA,net_income,2021-12-31,4,-4202000000.0,-4202000000.0,0.0
BA,net_income,2022-12-31,4,-4935000000.0,-4935000000.0,0.0
BA,net_income,2023-12-31,4,-2222000000.0,-2222000000.0,0.0
BA,net_income,2024-12-31,4,-11817000000.0,-11817000000.0,0.0
BA,net_income,2025-12-31,4,2235000000.0,2235000000.0,0.0
BA,ocf,2011-12-31,4,4023000000.0,4023000000.0,0.0
BA,ocf,2012-12-31,4,7508000000.0,7508000000.0,0.0
BA,ocf,2013-12-31,4,8179000000.0,8179000000.0,0.0
BA,ocf,2014-12-31,4,8858000000.0,8858000000.0,0.0
BA,ocf,2015-12-31,4,9363000000.0,9363000000.0,0.0
BA,ocf,2016-12-31,4,10499000000.0,10499000000.0,0.0
BA,ocf,2017-12-31,4,13344000000.0,13344000000.0,0.0
BA,ocf,2018-12-31,4,15322000000.0,15322000000.0,0.0
BA,ocf,2019-12-31,4,-2446000000.0,-2446000000.0,0.0
BA,ocf,2020-12-31,4,-18410000000.0,-18410000000.0,0.0
BA,ocf,2021-12-31,4,-3416000000.0,-3416000000.0,0.0
BA,ocf,2022-12-31,4,3512000000.0,3512000000.0,0.0
BA,ocf,2023-12-31,4,5960000000.0,5960000000.0,0.0
BA,ocf,2024-12-31,4,-12080000000.0,-12080000000.0,0.0
BA,ocf,2025-12-31,4,1065000000.0,1065000000.0,0.0
BAC,revenue,2011-12-31,4,93454000000.0,93454000000.0,0.0
BAC,revenue,2012-12-31,4,83334000000.0,83334000000.0,0.0
BAC,revenue,2013-12-31,4,88942000000.0,88942000000.0,0.0
BAC,revenue,2014-12-31,4,84247000000.0,84247000000.0,0.0
BAC,revenue,2015-12-31,4,82507000000.0,82507000000.0,0.0
BAC,revenue,2016-12-31,4,83701000000.0,81535000000.0,0.025877827027156186
BAC,revenue,2017-12-31,4,87352000000.0,87352000000.0,0.0
BAC,revenue,2018-12-31,4,91247000000.0,91247000000.0,0.0
BAC,revenue,2019-12-31,4,91244000000.0,91244000000.0,0.0
BAC,revenue,2020-12-31,4,85528000000.0,85528000000.0,0.0
BAC,revenue,2021-12-31,4,89113000000.0,89113000000.0,0.0
BAC,revenue,2022-12-31,4,94950000000.0,94950000000.0,0.0
BAC,revenue,2023-12-31,4,98581000000.0,98581000000.0,0.0
BAC,revenue,2024-12-31,4,101887000000.0,101887000000.0,0.0
BAC,revenue,2025-12-31,4,113097000000.0,113097000000.0,0.0
BAC,net_income,2011-12-31,4,1446000000.0,1446000000.0,0.0
BAC,net_income,2012-12-31,4,4188000000.0,4188000000.0,0.0
BAC,net_income,2013-12-31,4,11431000000.0,11431000000.0,0.0
BAC,net_income,2014-12-31,4,4833000000.0,4833000000.0,0.0
BAC,net_income,2015-12-31,4,15888000000.0,15888000000.0,0.0
BAC,net_income,2016-12-31,4,17906000000.0,16563000000.0,0.07500279236010277
BAC,net_income,2017-12-31,4,18232000000.0,18232000000.0,0.0
BAC,net_income,2018-12-31,4,28147000000.0,28147000000.0,0.0
BAC,net_income,2019-12-31,4,27430000000.0,27430000000.0,0.0
BAC,net_income,2020-12-31,4,17894000000.0,17894000000.0,0.0
BAC,net_income,2021-12-31,4,31978000000.0,31978000000.0,0.0
BAC,net_income,2022-12-31,4,27528000000.0,27528000000.0,0.0
BAC,net_income,2023-12-31,4,26515000000.0,26515000000.0,0.0
BAC,net_income,2024-12-31,4,27132000000.0,27132000000.0,0.0
BAC,net_income,2025-12-31,4,30509000000.0,30509000000.0,0.0
BAC,ocf,2011-12-31,4,64490000000.0,64490000000.0,0.0
BAC,ocf,2012-12-31,4,-13858000000.0,-13858000000.0,0.0
BAC,ocf,2013-12-31,4,92817000000.0,92817000000.0,0.0
BAC,ocf,2016-12-31,0,17277000000.0,,
BAC,ocf,2017-12-31,4,9864000000.0,9864000000.0,0.0
BAC,ocf,2018-12-31,4,39520000000.0,39520000000.0,0.0
BAC,ocf,2019-12-31,4,61777000000.0,61777000000.0,0.0
BAC,ocf,2020-12-31,4,37993000000.0,37993000000.0,0.0
BAC,ocf,2021-12-31,4,-7193000000.0,-7193000000.0,0.0
BAC,ocf,2022-12-31,4,-6327000000.0,-6327000000.0,0.0
BAC,ocf,2023-12-31,4,44982000000.0,44982000000.0,0.0
BAC,ocf,2024-12-31,4,-8805000000.0,-8805000000.0,0.0
BAC,ocf,2025-12-31,4,12613000000.0,12613000000.0,0.0
BBY,revenue,2017-01-28,0,39403000000.0,,
BBY,revenue,2018-02-03,4,42151000000.0,42151000000.0,0.0
BBY,revenue,2019-02-02,4,42879000000.0,42879000000.0,0.0
BBY,revenue,2020-02-01,4,43638000000.0,43638000000.0,0.0
BBY,revenue,2021-01-30,4,47262000000.0,47262000000.0,0.0
BBY,revenue,2022-01-29,4,51761000000.0,51761000000.0,0.0
BBY,revenue,2023-01-28,4,46298000000.0,46298000000.0,0.0
BBY,revenue,2024-02-03,4,43452000000.0,43452000000.0,0.0
BBY,revenue,2025-02-01,4,41528000000.0,41528000000.0,0.0
BBY,revenue,2026-01-31,4,41691000000.0,41691000000.0,0.0
BBY,net_income,2011-02-26,4,1277000000.0,1277000000.0,0.0
BBY,net_income,2012-03-03,7,-1231000000.0,,
BBY,net_income,2014-02-01,4,532000000.0,532000000.0,0.0
BBY,net_income,2015-01-31,4,1233000000.0,1233000000.0,0.0
BBY,net_income,2016-01-30,4,897000000.0,897000000.0,0.0
BBY,net_income,2017-01-28,4,1228000000.0,1228000000.0,0.0
BBY,net_income,2018-02-03,4,1000000000.0,1000000000.0,0.0
BBY,net_income,2019-02-02,4,1464000000.0,1464000000.0,0.0
BBY,net_income,2020-02-01,4,1541000000.0,1541000000.0,0.0
BBY,net_income,2021-01-30,4,1798000000.0,1798000000.0,0.0
BBY,net_income,2022-01-29,4,2454000000.0,2454000000.0,0.0
BBY,net_income,2023-01-28,4,1419000000.0,1419000000.0,0.0
BBY,net_income,2024-02-03,4,1241000000.0,1241000000.0,0.0
BBY,net_income,2025-02-01,4,927000000.0,927000000.0,0.0
BBY,net_income,2026-01-31,4,1069000000.0,1069000000.0,0.0
BBY,ocf,2011-02-26,4,1190000000.0,1190000000.0,0.0
BBY,ocf,2012-03-03,6,3293000000.0,,
BBY,ocf,2014-02-01,4,1094000000.0,1094000000.0,0.0
BBY,ocf,2015-01-31,4,1935000000.0,1935000000.0,0.0
BBY,ocf,2016-01-30,4,1322000000.0,1322000000.0,0.0
BBY,ocf,2017-01-28,4,2545000000.0,2545000000.0,0.0
BBY,ocf,2018-02-03,4,2141000000.0,2141000000.0,0.0
BBY,ocf,2019-02-02,4,2408000000.0,2408000000.0,0.0
BBY,ocf,2020-02-01,4,2565000000.0,2565000000.0,0.0
BBY,ocf,2021-01-30,4,4927000000.0,4927000000.0,0.0
BBY,ocf,2022-01-29,4,3252000000.0,3252000000.0,0.0
BBY,ocf,2023-01-28,4,1824000000.0,1824000000.0,0.0
BBY,ocf,2024-02-03,4,1470000000.0,1470000000.0,0.0
BBY,ocf,2025-02-01,4,2098000000.0,2098000000.0,0.0
BBY,ocf,2026-01-31,4,1962000000.0,1962000000.0,0.0
BIIB,revenue,2011-12-31,4,5048634000.0,5048623000.0,2.1788071783377444e-06
BIIB,revenue,2012-12-31,4,5516461000.0,5516419000.0,7.613576892866641e-06
BIIB,revenue,2013-12-31,4,6932199000.0,6932249000.0,7.212718503897537e-06
BIIB,revenue,2014-12-31,4,9703324000.0,9703349000.0,2.5764366932403782e-06
BIIB,revenue,2015-12-31,4,10763800000.0,10763764000.0,3.3445437484903103e-06
BIIB,revenue,2016-12-31,4,11448800000.0,11448800000.0,0.0
BIIB,revenue,2017-12-31,4,12273900000.0,12273900000.0,0.0
BIIB,revenue,2018-12-31,4,13452900000.0,13452900000.0,0.0
BIIB,revenue,2019-12-31,4,14377900000.0,14377900000.0,0.0
BIIB,revenue,2020-12-31,4,13444600000.0,13444600000.0,0.0
BIIB,revenue,2021-12-31,4,10981700000.0,10981700000.0,0.0
BIIB,revenue,2022-12-31,4,10173400000.0,10173400000.0,0.0
BIIB,revenue,2023-12-31,4,9835600000.0,9835600000.0,0.0
BIIB,revenue,2024-12-31,4,9675900000.0,9675900000.0,0.0
BIIB,revenue,2025-12-31,4,9890600000.0,9890600000.0,0.0
BIIB,net_income,2011-12-31,4,1234428000.0,1234391000.0,2.9973396585301046e-05
BIIB,net_income,2012-12-31,4,1380033000.0,1380007000.0,1.8840129185316584e-05
BIIB,net_income,2013-12-31,4,1862341000.0,1862335000.0,3.2217515481858587e-06
BIIB,net_income,2014-12-31,4,2934784000.0,2934820000.0,1.2266660851360782e-05
BIIB,net_income,2015-12-31,4,3547000000.0,3547039000.0,1.099520721736679e-05
BIIB,net_income,2016-12-31,4,3702800000.0,3702800000.0,0.0
BIIB,net_income,2017-12-31,4,2539100000.0,2539100000.0,0.0
BIIB,net_income,2018-12-31,4,4430700000.0,4430700000.0,0.0
BIIB,net_income,2019-12-31,4,5888500000.0,5888500000.0,0.0
BIIB,net_income,2020-12-31,4,4000600000.0,4000600000.0,0.0
BIIB,net_income,2021-12-31,4,1556100000.0,1556100000.0,0.0
BIIB,net_income,2022-12-31,4,3046900000.0,3046900000.0,0.0
BIIB,net_income,2023-12-31,4,1161100000.0,1161100000.0,0.0
BIIB,net_income,2024-12-31,4,1632200000.0,1632200000.0,0.0
BIIB,net_income,2025-12-31,4,1292900000.0,1292900000.0,0.0
BIIB,ocf,2011-12-31,4,1727741000.0,1727741000.0,0.0
BIIB,ocf,2012-12-31,4,1879897000.0,1879897000.0,0.0
BIIB,ocf,2013-12-31,4,2345078000.0,2345078000.0,0.0
BIIB,ocf,2014-12-31,4,2942115000.0,2942115000.0,0.0
BIIB,ocf,2015-12-31,4,3716100000.0,3716100000.0,0.0
BIIB,ocf,2016-12-31,4,4522400000.0,4522400000.0,0.0
BIIB,ocf,2017-12-31,4,4551000000.0,4551000000.0,0.0
BIIB,ocf,2018-12-31,4,6187700000.0,6187700000.0,0.0
BIIB,ocf,2019-12-31,4,7078600000.0,7078600000.0,0.0
BIIB,ocf,2020-12-31,4,4229800000.0,4229800000.0,0.0
BIIB,ocf,2021-12-31,4,3639900000.0,3639900000.0,0.0
BIIB,ocf,2022-12-31,4,1384300000.0,1384300000.0,0.0
BIIB,ocf,2023-12-31,4,1547200000.0,1547200000.0,0.0
BIIB,ocf,2024-12-31,4,2875500000.0,2875500000.0,0.0
BIIB,ocf,2025-12-31,4,2204600000.0,2204600000.0,0.0
BKNG,revenue,2016-12-31,0,10743000000.0,,
BKNG,revenue,2017-12-31,4,12681000000.0,12680585000.0,3.272612569986594e-05
BKNG,revenue,2018-12-31,4,14527000000.0,14527184000.0,1.2666070076409445e-05
BKNG,revenue,2019-12-31,4,15066000000.0,15066000000.0,0.0
BKNG,revenue,2020-12-31,4,6796000000.0,6796000000.0,0.0
BKNG,revenue,2021-12-31,4,10958000000.0,10958000000.0,0.0
BKNG,revenue,2022-12-31,4,17090000000.0,17090000000.0,0.0
BKNG,revenue,2023-12-31,4,21365000000.0,21365000000.0,0.0
BKNG,revenue,2024-12-31,4,23739000000.0,23739000000.0,0.0
BKNG,revenue,2025-12-31,4,26917000000.0,26917000000.0,0.0
BKNG,net_income,2011-12-31,4,1056371000.0,1056373000.0,1.8932742379334534e-06
BKNG,net_income,2012-12-31,4,1419566000.0,1419566000.0,0.0
BKNG,net_income,2013-12-31,4,1892663000.0,1892663000.0,0.0
BKNG,net_income,2014-12-31,4,2421753000.0,2421753000.0,0.0
BKNG,net_income,2015-12-31,4,2551360000.0,2551360000.0,0.0
BKNG,net_income,2016-12-31,4,2134987000.0,2134987000.0,0.0
BKNG,net_income,2017-12-31,4,2340765000.0,2340765000.0,0.0
BKNG,net_income,2018-12-31,4,3998000000.0,3998160000.0,4.00200100050025e-05
BKNG,net_income,2019-12-31,4,4865000000.0,4865000000.0,0.0
BKNG,net_income,2020-12-31,4,59000000.0,59000000.0,0.0
BKNG,net_income,2021-12-31,4,1165000000.0,1165000000.0,0.0
BKNG,net_income,2022-12-31,4,3058000000.0,3058000000.0,0.0
BKNG,net_income,2023-12-31,4,4289000000.0,4289000000.0,0.0
BKNG,net_income,2024-12-31,4,5882000000.0,5882000000.0,0.0
BKNG,net_income,2025-12-31,4,5404000000.0,5404000000.0,0.0
BKNG,ocf,2016-12-31,0,3984000000.0,,
BKNG,ocf,2017-12-31,2,4662000000.0,,
BKNG,ocf,2018-12-31,4,5338000000.0,5338000000.0,0.0
BKNG,ocf,2019-12-31,4,4865000000.0,4865000000.0,0.0
BKNG,ocf,2020-12-31,4,85000000.0,85000000.0,0.0
BKNG,ocf,2021-12-31,4,2820000000.0,2820000000.0,0.0
BKNG,ocf,2022-12-31,4,6554000000.0,6554000000.0,0.0
BKNG,ocf,2023-12-31,4,7344000000.0,7344000000.0,0.0
BKNG,ocf,2024-12-31,4,8323000000.0,8323000000.0,0.0
BKNG,ocf,2025-12-31,4,9409000000.0,9409000000.0,0.0
BLK,revenue,2022-12-31,4,17873000000.0,17873000000.0,0.0
BLK,revenue,2023-12-31,4,17859000000.0,17859000000.0,0.0
BLK,revenue,2024-12-31,4,20407000000.0,20407000000.0,0.0
BLK,revenue,2025-12-31,4,24216000000.0,24216000000.0,0.0
BLK,revenue,2016-12-31,0,12261000000.0,,
BLK,revenue,2017-12-31,3,13600000000.0,,
BLK,revenue,2018-12-31,4,14198000000.0,14198000000.0,0.0
BLK,revenue,2019-12-31,4,14539000000.0,14539000000.0,0.0
BLK,revenue,2020-12-31,4,16205000000.0,16205000000.0,0.0
BLK,revenue,2021-12-31,4,19374000000.0,19374000000.0,0.0
BLK,net_income,2022-12-31,4,5178000000.0,5178000000.0,0.0
BLK,net_income,2023-12-31,4,5502000000.0,5502000000.0,0.0
BLK,net_income,2024-12-31,4,6369000000.0,6369000000.0,0.0
BLK,net_income,2025-12-31,4,5553000000.0,5553000000.0,0.0
BLK,net_income,2011-12-31,4,2337000000.0,2337000000.0,0.0
BLK,net_income,2012-12-31,4,2458000000.0,2458000000.0,0.0
BLK,net_income,2013-12-31,4,2932000000.0,2932000000.0,0.0
BLK,net_income,2014-12-31,4,3294000000.0,3294000000.0,0.0
BLK,net_income,2015-12-31,4,3345000000.0,3345000000.0,0.0
BLK,net_income,2016-12-31,4,3172000000.0,3172000000.0,0.0
BLK,net_income,2017-12-31,4,4970000000.0,4970000000.0,0.0
BLK,net_income,2018-12-31,4,4305000000.0,4305000000.0,0.0
BLK,net_income,2019-12-31,4,4476000000.0,4476000000.0,0.0
BLK,net_income,2020-12-31,4,4932000000.0,4932000000.0,0.0
BLK,net_income,2021-12-31,4,5901000000.0,5901000000.0,0.0
BLK,ocf,2022-12-31,4,4956000000.0,4956000000.0,0.0
BLK,ocf,2023-12-31,4,4165000000.0,4165000000.0,0.0
BLK,ocf,2024-12-31,4,4956000000.0,4956000000.0,0.0
BLK,ocf,2025-12-31,4,3927000000.0,3927000000.0,0.0
BLK,ocf,2011-12-31,4,2826000000.0,2826000000.0,0.0
BLK,ocf,2012-12-31,4,2240000000.0,2240000000.0,0.0
BLK,ocf,2016-12-31,0,2273000000.0,,
BLK,ocf,2017-12-31,2,3950000000.0,,
BLK,ocf,2018-12-31,4,3075000000.0,3075000000.0,0.0
BLK,ocf,2019-12-31,4,2884000000.0,2884000000.0,0.0
BLK,ocf,2020-12-31,4,3743000000.0,3743000000.0,0.0
BLK,ocf,2021-12-31,4,4944000000.0,4944000000.0,0.0
BMY,revenue,2016-12-31,0,19427000000.0,,
BMY,revenue,2017-12-31,4,20776000000.0,20776000000.0,0.0
BMY,revenue,2018-12-31,4,22561000000.0,22561000000.0,0.0
BMY,revenue,2019-12-31,4,26145000000.0,26145000000.0,0.0
BMY,revenue,2020-12-31,4,42518000000.0,42518000000.0,0.0
BMY,revenue,2021-12-31,4,46385000000.0,46385000000.0,0.0
BMY,revenue,2022-12-31,4,46159000000.0,46159000000.0,0.0
BMY,revenue,2023-12-31,4,45006000000.0,45006000000.0,0.0
BMY,revenue,2024-12-31,4,48300000000.0,48300000000.0,0.0
BMY,revenue,2025-12-31,4,48194000000.0,48194000000.0,0.0
BMY,net_income,2011-12-31,4,3709000000.0,3709000000.0,0.0
BMY,net_income,2012-12-31,4,1960000000.0,1960000000.0,0.0
BMY,net_income,2013-12-31,4,2563000000.0,2563000000.0,0.0
BMY,net_income,2014-12-31,4,2004000000.0,2004000000.0,0.0
BMY,net_income,2015-12-31,4,1565000000.0,1565000000.0,0.0
BMY,net_income,2016-12-31,4,4457000000.0,4457000000.0,0.0
BMY,net_income,2017-12-31,4,1007000000.0,1007000000.0,0.0
BMY,net_income,2018-12-31,4,4920000000.0,4920000000.0,0.0
BMY,net_income,2019-12-31,4,3439000000.0,3439000000.0,0.0
BMY,net_income,2020-12-31,4,-9015000000.0,-9015000000.0,0.0
BMY,net_income,2021-12-31,4,6994000000.0,6994000000.0,0.0
BMY,net_income,2022-12-31,4,6327000000.0,6327000000.0,0.0
BMY,net_income,2023-12-31,4,8025000000.0,8025000000.0,0.0
BMY,net_income,2024-12-31,4,-8948000000.0,-8948000000.0,0.0
BMY,net_income,2025-12-31,4,7054000000.0,7054000000.0,0.0
BMY,ocf,2011-12-31,4,4840000000.0,4840000000.0,0.0
BMY,ocf,2012-12-31,4,6941000000.0,6941000000.0,0.0
BMY,ocf,2013-12-31,4,3545000000.0,3545000000.0,0.0
BMY,ocf,2014-12-31,4,3148000000.0,3148000000.0,0.0
BMY,ocf,2015-12-31,4,1832000000.0,1832000000.0,0.0
BMY,ocf,2016-12-31,4,2850000000.0,2850000000.0,0.0
BMY,ocf,2017-12-31,4,5275000000.0,5275000000.0,0.0
BMY,ocf,2018-12-31,4,5940000000.0,5940000000.0,0.0
BMY,ocf,2019-12-31,4,8067000000.0,8067000000.0,0.0
BMY,ocf,2020-12-31,4,14052000000.0,14052000000.0,0.0
BMY,ocf,2021-12-31,4,16207000000.0,16207000000.0,0.0
BMY,ocf,2022-12-31,4,13066000000.0,13066000000.0,0.0
BMY,ocf,2023-12-31,4,13860000000.0,13860000000.0,0.0
BMY,ocf,2024-12-31,4,15190000000.0,15190000000.0,0.0
BMY,ocf,2025-12-31,4,14156000000.0,14156000000.0,0.0
BRK-B,revenue,2011-12-31,4,143688000000.0,143688000000.0,0.0
BRK-B,revenue,2012-12-31,4,162463000000.0,162463000000.0,0.0
BRK-B,revenue,2013-12-31,4,182150000000.0,182150000000.0,0.0
BRK-B,revenue,2014-12-31,4,194673000000.0,194673000000.0,0.0
BRK-B,revenue,2015-12-31,4,210821000000.0,210821000000.0,0.0
BRK-B,revenue,2016-12-31,4,223604000000.0,224275000000.0,0.0030008407720792116
BRK-B,revenue,2017-12-31,4,242137000000.0,242137000000.0,0.0
BRK-B,revenue,2018-12-31,4,247837000000.0,247837000000.0,0.0
BRK-B,revenue,2019-12-31,4,254616000000.0,254616000000.0,0.0
BRK-B,revenue,2020-12-31,4,245510000000.0,245510000000.0,0.0
BRK-B,revenue,2021-12-31,4,276094000000.0,276094000000.0,0.0
BRK-B,revenue,2022-12-31,4,302089000000.0,302089000000.0,0.0
BRK-B,revenue,2023-12-31,4,364482000000.0,364482000000.0,0.0
BRK-B,revenue,2024-12-31,4,371433000000.0,371433000000.0,0.0
BRK-B,revenue,2025-12-31,4,371444000000.0,371444000000.0,0.0
BRK-B,net_income,2011-12-31,4,10254000000.0,10254000000.0,0.0
BRK-B,net_income,2012-12-31,4,14824000000.0,14824000000.0,0.0
BRK-B,net_income,2013-12-31,4,19476000000.0,19476000000.0,0.0
BRK-B,net_income,2014-12-31,4,19872000000.0,19872000000.0,0.0
BRK-B,net_income,2015-12-31,4,24083000000.0,24083000000.0,0.0
BRK-B,net_income,2016-12-31,4,24074000000.0,24074000000.0,0.0
BRK-B,net_income,2017-12-31,4,44940000000.0,44940000000.0,0.0
BRK-B,net_income,2018-12-31,4,4021000000.0,4021000000.0,0.0
BRK-B,net_income,2019-12-31,4,81417000000.0,81417000000.0,0.0
BRK-B,net_income,2020-12-31,4,42521000000.0,42521000000.0,0.0
BRK-B,net_income,2021-12-31,4,89795000000.0,89795000000.0,0.0
BRK-B,net_income,2022-12-31,4,-22819000000.0,-22819000000.0,0.0
BRK-B,net_income,2023-12-31,4,96223000000.0,96223000000.0,0.0
BRK-B,net_income,2024-12-31,4,88995000000.0,88995000000.0,0.0
BRK-B,net_income,2025-12-31,4,66968000000.0,66968000000.0,0.0
BRK-B,ocf,2015-12-31,0,31491000000.0,,
BRK-B,ocf,2016-12-31,0,32535000000.0,,
BRK-B,ocf,2017-12-31,4,45776000000.0,45776000000.0,0.0
BRK-B,ocf,2018-12-31,4,37400000000.0,37400000000.0,0.0
BRK-B,ocf,2019-12-31,4,38687000000.0,38687000000.0,0.0
BRK-B,ocf,2020-12-31,4,39773000000.0,39773000000.0,0.0
BRK-B,ocf,2021-12-31,4,39421000000.0,39421000000.0,0.0
BRK-B,ocf,2022-12-31,4,37224000000.0,37224000000.0,0.0
BRK-B,ocf,2023-12-31,4,49196000000.0,49196000000.0,0.0
BRK-B,ocf,2024-12-31,4,30592000000.0,30592000000.0,0.0
BRK-B,ocf,2025-12-31,4,45969000000.0,45969000000.0,0.0
BSX,revenue,2016-12-31,0,8386000000.0,,
BSX,revenue,2017-12-31,3,9048000000.0,,
BSX,revenue,2018-12-31,4,9823000000.0,9823000000.0,0.0
BSX,revenue,2019-12-31,4,10735000000.0,10735000000.0,0.0
BSX,revenue,2020-12-31,4,9913000000.0,9914000000.0,0.00010087763542822556
BSX,revenue,2021-12-31,4,11888000000.0,11888000000.0,0.0
BSX,revenue,2022-12-31,4,12682000000.0,12682000000.0,0.0
BSX,revenue,2023-12-31,4,14240000000.0,14240000000.0,0.0
BSX,revenue,2024-12-31,4,16747000000.0,16746000000.0,5.971218725741924e-05
BSX,revenue,2025-12-31,4,20074000000.0,20075000000.0,4.981568197668626e-05
BSX,net_income,2018-12-31,0,1671000000.0,,
BSX,net_income,2019-12-31,3,4700000000.0,,
BSX,net_income,2020-12-31,4,-115000000.0,-115000000.0,0.0
BSX,net_income,2021-12-31,4,985000000.0,984000000.0,0.0010152284263959391
BSX,net_income,2022-12-31,4,642000000.0,643000000.0,0.001557632398753894
BSX,net_income,2023-12-31,4,1570000000.0,1571000000.0,0.0006369426751592356
BSX,net_income,2024-12-31,4,1853000000.0,1853000000.0,0.0
BSX,net_income,2025-12-31,4,2898000000.0,2898000000.0,0.0
BSX,ocf,2011-12-31,4,1008000000.0,1008000000.0,0.0
BSX,ocf,2012-12-31,4,1260000000.0,1260000000.0,0.0
BSX,ocf,2013-12-31,4,1082000000.0,1082000000.0,0.0
BSX,ocf,2014-12-31,4,1269000000.0,1269000000.0,0.0
BSX,ocf,2015-12-31,4,600000000.0,600000000.0,0.0
BSX,ocf,2016-12-31,4,972000000.0,972000000.0,0.0
BSX,ocf,2017-12-31,4,1426000000.0,1426000000.0,0.0
BSX,ocf,2018-12-31,4,310000000.0,310000000.0,0.0
BSX,ocf,2019-12-31,4,1836000000.0,1836000000.0,0.0
BSX,ocf,2020-12-31,4,1508000000.0,1508000000.0,0.0
BSX,ocf,2021-12-31,4,1870000000.0,1870000000.0,0.0
BSX,ocf,2022-12-31,4,1526000000.0,1526000000.0,0.0
BSX,ocf,2023-12-31,4,2503000000.0,2503000000.0,0.0
BSX,ocf,2024-12-31,4,3435000000.0,3435000000.0,0.0
BSX,ocf,2025-12-31,4,4534000000.0,4534000000.0,0.0
BX,revenue,2011-12-31,4,3252576000.0,3252576000.0,0.0
BX,revenue,2012-12-31,4,4019441000.0,4019442000.0,2.487908144440981e-07
BX,revenue,2013-12-31,4,6613168000.0,6613168000.0,0.0
BX,revenue,2014-12-31,4,7484728000.0,7484728000.0,0.0
BX,revenue,2015-12-31,4,4646552000.0,4627774000.0,0.004041276197920523
BX,revenue,2016-12-31,4,5125834000.0,5125834000.0,0.0
BX,revenue,2017-12-31,4,7119053000.0,7119053000.0,0.0
BX,revenue,2018-12-31,4,6833259000.0,6833259000.0,0.0
BX,revenue,2019-12-31,4,7338270000.0,7338270000.0,0.0
BX,revenue,2020-12-31,4,6101927000.0,6101927000.0,0.0
BX,revenue,2021-12-31,4,22577148000.0,22577148000.0,0.0
BX,revenue,2022-12-31,4,8517673000.0,8517673000.0,0.0
BX,revenue,2023-12-31,4,8022841000.0,8022841000.0,0.0
BX,revenue,2024-12-31,4,13229968000.0,13229968000.0,0.0
BX,revenue,2025-12-31,4,14450265000.0,14450265000.0,0.0
BX,net_income,2011-12-31,4,-168303000.0,-132643000.0,0.2118797644724099
BX,net_income,2012-12-31,4,218598000.0,577905000.0,1.643688414349628
BX,net_income,2013-12-31,4,1171202000.0,1171202000.0,0.0
BX,net_income,2014-12-31,4,1584589000.0,1584589000.0,0.0
BX,net_income,2015-12-31,4,709789000.0,709789000.0,0.0
BX,net_income,2016-12-31,4,1039235000.0,1029515000.0,0.00935303372192045
BX,net_income,2017-12-31,4,1470830000.0,1470830000.0,0.0
BX,net_income,2018-12-31,4,1541788000.0,1541788000.0,0.0
BX,net_income,2019-12-31,4,2049682000.0,2049682000.0,0.0
BX,net_income,2020-12-31,4,1045363000.0,1045363000.0,0.0
BX,net_income,2021-12-31,4,5857397000.0,5857397000.0,0.0
BX,net_income,2022-12-31,4,1747631000.0,1747631000.0,0.0
BX,net_income,2023-12-31,4,1390880000.0,1390880000.0,0.0
BX,net_income,2024-12-31,4,2776508000.0,2776508000.0,0.0
BX,net_income,2025-12-31,4,3019214000.0,3019214000.0,0.0
BX,ocf,2011-12-31,4,1099613000.0,1099613000.0,0.0
BX,ocf,2012-12-31,4,583155000.0,583155000.0,0.0
BX,ocf,2013-12-31,4,3547941000.0,3547941000.0,0.0
BX,ocf,2016-12-31,0,-88591000.0,,
BX,ocf,2017-12-31,2,-1626395000.0,,
BX,ocf,2018-12-31,4,45742000.0,45742000.0,0.0
BX,ocf,2019-12-31,4,1963107000.0,1963107000.0,0.0
BX,ocf,2020-12-31,4,1935945000.0,1935945000.0,0.0
BX,ocf,2021-12-31,4,3985988000.0,3985988000.0,0.0
BX,ocf,2022-12-31,4,6336253000.0,6336253000.0,0.0
BX,ocf,2023-12-31,4,4056906000.0,4056906000.0,0.0
BX,ocf,2024-12-31,4,3481662000.0,3481662000.0,0.0
BX,ocf,2025-12-31,4,4663161000.0,4663161000.0,0.0
C,revenue,2011-12-31,4,78353000000.0,78353000000.0,0.0
C,revenue,2012-12-31,4,70173000000.0,70173000000.0,0.0
C,revenue,2013-12-31,4,76366000000.0,76630000000.0,0.0034570358536521488
C,revenue,2014-12-31,4,76882000000.0,76882000000.0,0.0
C,revenue,2015-12-31,4,76354000000.0,76354000000.0,0.0
C,revenue,2016-12-31,4,69875000000.0,69875000000.0,0.0
C,revenue,2017-12-31,4,71449000000.0,71449000000.0,0.0
C,revenue,2018-12-31,4,72854000000.0,72854000000.0,0.0
C,revenue,2019-12-31,4,74286000000.0,74286000000.0,0.0
C,revenue,2020-12-31,4,74298000000.0,74298000000.0,0.0
C,revenue,2021-12-31,4,71884000000.0,70972000000.0,0.012687107005731457
C,revenue,2022-12-31,4,75338000000.0,75338000000.0,0.0
C,revenue,2023-12-31,4,78462000000.0,78462000000.0,0.0
C,revenue,2024-12-31,4,81139000000.0,81139000000.0,0.0
C,revenue,2025-12-31,4,85225000000.0,85225000000.0,0.0
C,net_income,2011-12-31,4,11067000000.0,11067000000.0,0.0
C,net_income,2012-12-31,4,7541000000.0,7541000000.0,0.0
C,net_income,2013-12-31,4,13673000000.0,13673000000.0,0.0
C,net_income,2014-12-31,4,7313000000.0,7313000000.0,0.0
C,net_income,2015-12-31,4,17242000000.0,17242000000.0,0.0
C,net_income,2016-12-31,4,14912000000.0,14912000000.0,0.0
C,net_income,2017-12-31,4,-6798000000.0,-6798000000.0,0.0
C,net_income,2018-12-31,4,18045000000.0,18045000000.0,0.0
C,net_income,2019-12-31,4,19401000000.0,19401000000.0,0.0
C,net_income,2020-12-31,4,11047000000.0,11377000000.0,0.02987236353761202
C,net_income,2021-12-31,4,21952000000.0,21952000000.0,0.0
C,net_income,2022-12-31,4,14845000000.0,14845000000.0,0.0
C,net_income,2023-12-31,4,9228000000.0,9228000000.0,0.0
C,net_income,2024-12-31,4,12682000000.0,12682000000.0,0.0
C,net_income,2025-12-31,4,14306000000.0,14306000000.0,0.0
C,ocf,2018-12-31,0,36952000000.0,,
C,ocf,2019-12-31,0,-12837000000.0,,
C,ocf,2020-12-31,4,-20621000000.0,-20621000000.0,0.0
C,ocf,2021-12-31,4,61249000000.0,61249000000.0,0.0
C,ocf,2022-12-31,4,25069000000.0,25069000000.0,0.0
C,ocf,2023-12-31,4,-73416000000.0,-73416000000.0,0.0
C,ocf,2024-12-31,4,-19669000000.0,-19669000000.0,0.0
C,ocf,2025-12-31,4,-67632000000.0,-67632000000.0,0.0
CAT,revenue,2011-12-31,5,60138000000.0,,
CAT,revenue,2012-12-31,4,65875000000.0,65875000000.0,0.0
CAT,revenue,2013-12-31,4,55656000000.0,55656000000.0,0.0
CAT,revenue,2014-12-31,4,55184000000.0,55184000000.0,0.0
CAT,revenue,2015-12-31,4,47011000000.0,47011000000.0,0.0
CAT,revenue,2016-12-31,4,38537000000.0,38537000000.0,0.0
CAT,revenue,2017-12-31,4,45462000000.0,45462000000.0,0.0
CAT,revenue,2018-12-31,4,54722000000.0,54722000000.0,0.0
CAT,revenue,2019-12-31,4,53800000000.0,53800000000.0,0.0
CAT,revenue,2020-12-31,4,41748000000.0,41748000000.0,0.0
CAT,revenue,2021-12-31,4,50971000000.0,50971000000.0,0.0
CAT,revenue,2022-12-31,4,59427000000.0,59427000000.0,0.0
CAT,revenue,2023-12-31,4,67060000000.0,67060000000.0,0.0
CAT,revenue,2024-12-31,4,64809000000.0,64809000000.0,0.0
CAT,revenue,2025-12-31,4,67589000000.0,67589000000.0,0.0
CAT,net_income,2011-12-31,5,4928000000.0,,
CAT,net_income,2012-12-31,4,5681000000.0,5681000000.0,0.0
CAT,net_income,2013-12-31,4,3789000000.0,3789000000.0,0.0
CAT,net_income,2014-12-31,4,3695000000.0,3695000000.0,0.0
CAT,net_income,2015-12-31,4,2102000000.0,2102000000.0,0.0
CAT,net_income,2016-12-31,4,-67000000.0,-67000000.0,0.0
CAT,net_income,2017-12-31,4,754000000.0,754000000.0,0.0
CAT,net_income,2018-12-31,4,6147000000.0,6147000000.0,0.0
CAT,net_income,2019-12-31,4,6093000000.0,6093000000.0,0.0
CAT,net_income,2020-12-31,4,2998000000.0,2998000000.0,0.0
CAT,net_income,2021-12-31,4,6489000000.0,6489000000.0,0.0
CAT,net_income,2022-12-31,4,6705000000.0,6705000000.0,0.0
CAT,net_income,2023-12-31,4,10335000000.0,10335000000.0,0.0
CAT,net_income,2024-12-31,4,10792000000.0,10792000000.0,0.0
CAT,net_income,2025-12-31,4,8884000000.0,8884000000.0,0.0
CAT,ocf,2017-12-31,0,5706000000.0,,
CAT,ocf,2018-12-31,1,6558000000.0,,
CAT,ocf,2019-12-31,4,6912000000.0,6912000000.0,0.0
CAT,ocf,2020-12-31,4,6327000000.0,6327000000.0,0.0
CAT,ocf,2021-12-31,4,7198000000.0,7198000000.0,0.0
CAT,ocf,2022-12-31,4,7766000000.0,7766000000.0,0.0
CAT,ocf,2023-12-31,4,12885000000.0,12885000000.0,0.0
CAT,ocf,2024-12-31,4,12035000000.0,12035000000.0,0.0
CAT,ocf,2025-12-31,4,11739000000.0,11739000000.0,0.0
CB,revenue,2011-12-31,4,16834000000.0,16834000000.0,0.0
CB,revenue,2012-12-31,4,17936000000.0,17936000000.0,0.0
CB,revenue,2013-12-31,4,19261000000.0,19261000000.0,0.0
CB,revenue,2014-12-31,4,19171000000.0,19171000000.0,0.0
CB,revenue,2015-12-31,4,18987000000.0,18987000000.0,0.0
CB,revenue,2016-12-31,4,31469000000.0,31469000000.0,0.0
CB,revenue,2017-12-31,4,32243000000.0,32243000000.0,0.0
CB,revenue,2018-12-31,4,32717000000.0,32717000000.0,0.0
CB,revenue,2019-12-31,4,34186000000.0,34186000000.0,0.0
CB,revenue,2020-12-31,4,35994000000.0,35994000000.0,0.0
CB,revenue,2021-12-31,4,40963000000.0,40963000000.0,0.0
CB,revenue,2022-12-31,4,43166000000.0,43166000000.0,0.0
CB,revenue,2023-12-31,4,49735000000.0,49735000000.0,0.0
CB,revenue,2024-12-31,4,55753000000.0,55753000000.0,0.0
CB,revenue,2025-12-31,4,59402000000.0,59402000000.0,0.0
CB,net_income,2011-12-31,4,1585000000.0,1585000000.0,0.0
CB,net_income,2012-12-31,4,2706000000.0,2706000000.0,0.0
CB,net_income,2013-12-31,4,3758000000.0,3758000000.0,0.0
CB,net_income,2014-12-31,4,2853000000.0,2853000000.0,0.0
CB,net_income,2015-12-31,4,2834000000.0,2834000000.0,0.0
CB,net_income,2016-12-31,4,4135000000.0,4135000000.0,0.0
CB,net_income,2017-12-31,4,3861000000.0,3861000000.0,0.0
CB,net_income,2018-12-31,4,3962000000.0,3962000000.0,0.0
CB,net_income,2019-12-31,4,4454000000.0,4454000000.0,0.0
CB,net_income,2020-12-31,4,3533000000.0,3533000000.0,0.0
CB,net_income,2021-12-31,4,8539000000.0,8539000000.0,0.0
CB,net_income,2022-12-31,4,5313000000.0,5313000000.0,0.0
CB,net_income,2023-12-31,4,9028000000.0,9028000000.0,0.0
CB,net_income,2024-12-31,4,9272000000.0,9272000000.0,0.0
CB,net_income,2025-12-31,4,10310000000.0,10310000000.0,0.0
CB,ocf,2011-12-31,4,3470000000.0,3470000000.0,0.0
CB,ocf,2012-12-31,4,3995000000.0,3995000000.0,0.0
CB,ocf,2013-12-31,4,4022000000.0,4022000000.0,0.0
CB,ocf,2014-12-31,4,4496000000.0,4496000000.0,0.0
CB,ocf,2015-12-31,4,3864000000.0,3864000000.0,0.0
CB,ocf,2017-12-31,0,4503000000.0,,
CB,ocf,2018-12-31,1,5480000000.0,,
CB,ocf,2019-12-31,4,6342000000.0,6342000000.0,0.0
CB,ocf,2020-12-31,4,9785000000.0,9785000000.0,0.0
CB,ocf,2021-12-31,4,11149000000.0,11149000000.0,0.0
CB,ocf,2022-12-31,4,11243000000.0,11243000000.0,0.0
CB,ocf,2023-12-31,4,12632000000.0,12632000000.0,0.0
CB,ocf,2024-12-31,4,16182000000.0,16182000000.0,0.0
CB,ocf,2025-12-31,4,12816000000.0,12816000000.0,0.0
CCL,revenue,2017-11-30,0,17510000000.0,,
CCL,revenue,2018-11-30,4,18881000000.0,18881000000.0,0.0
CCL,revenue,2019-11-30,4,20825000000.0,20826000000.0,4.801920768307323e-05
CCL,revenue,2020-11-30,4,5595000000.0,5594000000.0,0.00017873100983020553
CCL,revenue,2021-11-30,4,1908000000.0,1909000000.0,0.0005241090146750524
CCL,revenue,2022-11-30,4,12168000000.0,12168000000.0,0.0
CCL,revenue,2023-11-30,4,21593000000.0,21593000000.0,0.0
CCL,revenue,2024-11-30,4,25021000000.0,25021000000.0,0.0
CCL,revenue,2025-11-30,4,26622000000.0,26621000000.0,3.75629178874615e-05
CCL,net_income,2011-11-30,4,1912000000.0,1912000000.0,0.0
CCL,net_income,2012-11-30,4,1298000000.0,1298000000.0,0.0
CCL,net_income,2013-11-30,4,1078000000.0,1078000000.0,0.0
CCL,net_income,2014-11-30,4,1236000000.0,1236000000.0,0.0
CCL,net_income,2015-11-30,4,1757000000.0,1757000000.0,0.0
CCL,net_income,2016-11-30,4,2779000000.0,2779000000.0,0.0
CCL,net_income,2017-11-30,4,2606000000.0,2606000000.0,0.0
CCL,net_income,2018-11-30,4,3152000000.0,3152000000.0,0.0
CCL,net_income,2019-11-30,4,2990000000.0,2990000000.0,0.0
CCL,net_income,2020-11-30,4,-10236000000.0,-10235000000.0,9.769441187964049e-05
CCL,net_income,2021-11-30,4,-9501000000.0,-9501000000.0,0.0
CCL,net_income,2022-11-30,4,-6093000000.0,-6093000000.0,0.0
CCL,net_income,2023-11-30,4,-74000000.0,-74000000.0,0.0
CCL,net_income,2024-11-30,4,1916000000.0,1916000000.0,0.0
CCL,net_income,2025-11-30,4,2760000000.0,2761000000.0,0.00036231884057971015
CCL,ocf,2011-11-30,4,3766000000.0,3766000000.0,0.0
CCL,ocf,2012-11-30,4,2999000000.0,2999000000.0,0.0
CCL,ocf,2013-11-30,4,2834000000.0,2834000000.0,0.0
CCL,ocf,2014-11-30,4,3430000000.0,3430000000.0,0.0
CCL,ocf,2015-11-30,4,4545000000.0,4545000000.0,0.0
CCL,ocf,2016-11-30,4,5134000000.0,5134000000.0,0.0
CCL,ocf,2017-11-30,4,5322000000.0,5322000000.0,0.0
CCL,ocf,2018-11-30,4,5549000000.0,5549000000.0,0.0
CCL,ocf,2019-11-30,4,5475000000.0,5475000000.0,0.0
CCL,ocf,2020-11-30,4,-6301000000.0,-6301000000.0,0.0
CCL,ocf,2021-11-30,4,-4109000000.0,-4109000000.0,0.0
CCL,ocf,2022-11-30,4,-1670000000.0,-1670000000.0,0.0
CCL,ocf,2023-11-30,4,4281000000.0,4281000000.0,0.0
CCL,ocf,2024-11-30,4,5923000000.0,5923000000.0,0.0
CCL,ocf,2025-11-30,4,6218000000.0,6218000000.0,0.0
CHWY,revenue,2018-01-28,0,2104287000.0,,
CHWY,revenue,2019-02-03,4,3532837000.0,3532837000.0,0.0
CHWY,revenue,2020-02-02,4,4846743000.0,4846743000.0,0.0
CHWY,revenue,2021-01-31,4,7146264000.0,7146264000.0,0.0
CHWY,revenue,2022-01-30,4,8890773000.0,8890773000.0,0.0
CHWY,revenue,2023-01-29,4,10098939000.0,10098939000.0,0.0
CHWY,revenue,2024-01-28,4,11147720000.0,11147720000.0,0.0
CHWY,revenue,2025-02-02,4,11861335000.0,11861335000.0,0.0
CHWY,revenue,2026-02-01,4,12601500000.0,12601500000.0,0.0
CHWY,net_income,2018-01-28,0,-338057000.0,,
CHWY,net_income,2019-02-03,4,-267890000.0,-267890000.0,0.0
CHWY,net_income,2020-02-02,4,-252370000.0,-252370000.0,0.0
CHWY,net_income,2021-01-31,4,-92486000.0,-92486000.0,0.0
CHWY,net_income,2022-01-30,4,-73817000.0,-73817000.0,0.0
CHWY,net_income,2023-01-29,4,49232000.0,49232000.0,0.0
CHWY,net_income,2024-01-28,4,39580000.0,39580000.0,0.0
CHWY,net_income,2025-02-02,4,392738000.0,392738000.0,0.0
CHWY,net_income,2026-02-01,4,222800000.0,222800000.0,0.0
CHWY,ocf,2018-01-28,0,-79747000.0,,
CHWY,ocf,2019-02-03,4,-13415000.0,-13415000.0,0.0
CHWY,ocf,2020-02-02,4,46581000.0,46581000.0,0.0
CHWY,ocf,2021-01-31,4,132755000.0,132755000.0,0.0
CHWY,ocf,2022-01-30,4,191739000.0,191739000.0,0.0
CHWY,ocf,2023-01-29,4,349572000.0,349572000.0,0.0
CHWY,ocf,2024-01-28,4,486211000.0,486211000.0,0.0
CHWY,ocf,2025-02-02,4,596325000.0,596325000.0,0.0
CHWY,ocf,2026-02-01,4,691600000.0,691600000.0,0.0
CI,revenue,2016-12-31,0,39838000000.0,,
CI,revenue,2017-12-31,4,41806000000.0,41806000000.0,0.0
CI,revenue,2018-12-31,4,48650000000.0,48650000000.0,0.0
CI,revenue,2019-12-31,4,153566000000.0,153566000000.0,0.0
CI,revenue,2020-12-31,4,160401000000.0,160401000000.0,0.0
CI,revenue,2021-12-31,4,174078000000.0,174078000000.0,0.0
CI,revenue,2022-12-31,4,180516000000.0,180516000000.0,0.0
CI,revenue,2023-12-31,4,195265000000.0,195265000000.0,0.0
CI,revenue,2024-12-31,4,247121000000.0,247121000000.0,0.0
CI,revenue,2025-12-31,4,274900000000.0,274900000000.0,0.0
CI,net_income,2016-12-31,0,1843000000.0,,
CI,net_income,2017-12-31,0,2232000000.0,,
CI,net_income,2018-12-31,4,2646000000.0,2646000000.0,0.0
CI,net_income,2019-12-31,4,5120000000.0,5120000000.0,0.0
CI,net_income,2020-12-31,4,8489000000.0,8489000000.0,0.0
CI,net_income,2021-12-31,4,5415000000.0,5415000000.0,0.0
CI,net_income,2022-12-31,4,6746000000.0,6746000000.0,0.0
CI,net_income,2023-12-31,4,5372000000.0,5372000000.0,0.0
CI,net_income,2024-12-31,4,3778000000.0,3778000000.0,0.0
CI,net_income,2025-12-31,4,6288000000.0,6288000000.0,0.0
CI,ocf,2016-12-31,0,4026000000.0,,
CI,ocf,2017-12-31,0,4086000000.0,,
CI,ocf,2018-12-31,4,3770000000.0,3770000000.0,0.0
CI,ocf,2019-12-31,4,9485000000.0,9485000000.0,0.0
CI,ocf,2020-12-31,4,10350000000.0,10350000000.0,0.0
CI,ocf,2021-12-31,4,7191000000.0,7191000000.0,0.0
CI,ocf,2022-12-31,4,8656000000.0,8656000000.0,0.0
CI,ocf,2023-12-31,4,11813000000.0,11813000000.0,0.0
CI,ocf,2024-12-31,4,10363000000.0,10363000000.0,0.0
CI,ocf,2025-12-31,4,9601000000.0,9601000000.0,0.0
CL,revenue,2016-12-31,0,15195000000.0,,
CL,revenue,2017-12-31,4,15454000000.0,15454000000.0,0.0
CL,revenue,2018-12-31,4,15544000000.0,15544000000.0,0.0
CL,revenue,2019-12-31,4,15693000000.0,15693000000.0,0.0
CL,revenue,2020-12-31,4,16471000000.0,16471000000.0,0.0
CL,revenue,2021-12-31,4,17421000000.0,17421000000.0,0.0
CL,revenue,2022-12-31,4,17967000000.0,17967000000.0,0.0
CL,revenue,2023-12-31,4,19457000000.0,19457000000.0,0.0
CL,revenue,2024-12-31,4,20101000000.0,20101000000.0,0.0
CL,revenue,2025-12-31,4,20382000000.0,20382000000.0,0.0
CL,net_income,2011-12-31,4,2431000000.0,2431000000.0,0.0
CL,net_income,2012-12-31,4,2472000000.0,2472000000.0,0.0
CL,net_income,2013-12-31,4,2241000000.0,2241000000.0,0.0
CL,net_income,2014-12-31,4,2180000000.0,2180000000.0,0.0
CL,net_income,2015-12-31,4,1384000000.0,1384000000.0,0.0
CL,net_income,2016-12-31,4,2441000000.0,2441000000.0,0.0
CL,net_income,2017-12-31,4,2024000000.0,2024000000.0,0.0
CL,net_income,2018-12-31,4,2400000000.0,2400000000.0,0.0
CL,net_income,2019-12-31,4,2367000000.0,2367000000.0,0.0
CL,net_income,2020-12-31,4,2695000000.0,2695000000.0,0.0
CL,net_income,2021-12-31,4,2166000000.0,2166000000.0,0.0
CL,net_income,2022-12-31,4,1785000000.0,1785000000.0,0.0
CL,net_income,2023-12-31,4,2300000000.0,2300000000.0,0.0
CL,net_income,2024-12-31,4,2889000000.0,2890000000.0,0.00034614053305642093
CL,net_income,2025-12-31,4,2132000000.0,2131000000.0,0.00046904315196998124
CL,ocf,2011-12-31,4,2896000000.0,2896000000.0,0.0
CL,ocf,2012-12-31,4,3196000000.0,3196000000.0,0.0
CL,ocf,2013-12-31,4,3204000000.0,3204000000.0,0.0
CL,ocf,2014-12-31,4,3298000000.0,3298000000.0,0.0
CL,ocf,2015-12-31,4,2949000000.0,2949000000.0,0.0
CL,ocf,2016-12-31,4,3141000000.0,3141000000.0,0.0
CL,ocf,2017-12-31,4,3054000000.0,3054000000.0,0.0
CL,ocf,2018-12-31,4,3056000000.0,3056000000.0,0.0
CL,ocf,2019-12-31,4,3133000000.0,3133000000.0,0.0
CL,ocf,2020-12-31,4,3719000000.0,3719000000.0,0.0
CL,ocf,2021-12-31,4,3325000000.0,3325000000.0,0.0
CL,ocf,2022-12-31,4,2556000000.0,2556000000.0,0.0
CL,ocf,2023-12-31,4,3745000000.0,3745000000.0,0.0
CL,ocf,2024-12-31,4,4107000000.0,4107000000.0,0.0
CL,ocf,2025-12-31,4,4198000000.0,4198000000.0,0.0
CMCSA,revenue,2022-12-31,0,121427000000.0,,
CMCSA,revenue,2023-12-31,4,121572000000.0,121572000000.0,0.0
CMCSA,revenue,2024-12-31,4,123731000000.0,123730000000.0,8.082048961052606e-06
CMCSA,revenue,2025-12-31,4,123707000000.0,123708000000.0,8.083616933560753e-06
CMCSA,net_income,2011-12-31,4,4160000000.0,4160000000.0,0.0
CMCSA,net_income,2012-12-31,4,6203000000.0,6203000000.0,0.0
CMCSA,net_income,2013-12-31,4,6816000000.0,6816000000.0,0.0
CMCSA,net_income,2014-12-31,4,8380000000.0,8380000000.0,0.0
CMCSA,net_income,2015-12-31,4,8163000000.0,8163000000.0,0.0
CMCSA,net_income,2016-12-31,4,8695000000.0,8695000000.0,0.0
CMCSA,net_income,2017-12-31,4,22714000000.0,22714000000.0,0.0
CMCSA,net_income,2018-12-31,4,11731000000.0,11731000000.0,0.0
CMCSA,net_income,2019-12-31,4,13057000000.0,13057000000.0,0.0
CMCSA,net_income,2020-12-31,4,10534000000.0,10534000000.0,0.0
CMCSA,net_income,2021-12-31,4,14159000000.0,14159000000.0,0.0
CMCSA,net_income,2022-12-31,4,5370000000.0,5370000000.0,0.0
CMCSA,net_income,2023-12-31,4,15388000000.0,15388000000.0,0.0
CMCSA,net_income,2024-12-31,4,16192000000.0,16192000000.0,0.0
CMCSA,net_income,2025-12-31,4,19998000000.0,19998000000.0,0.0
CMCSA,ocf,2011-12-31,4,14345000000.0,14345000000.0,0.0
CMCSA,ocf,2012-12-31,4,14854000000.0,14854000000.0,0.0
CMCSA,ocf,2013-12-31,4,14160000000.0,14160000000.0,0.0
CMCSA,ocf,2014-12-31,4,16945000000.0,16945000000.0,0.0
CMCSA,ocf,2015-12-31,4,18778000000.0,18778000000.0,0.0
CMCSA,ocf,2016-12-31,4,19240000000.0,19240000000.0,0.0
CMCSA,ocf,2017-12-31,4,21403000000.0,21403000000.0,0.0
CMCSA,ocf,2018-12-31,4,24297000000.0,24297000000.0,0.0
CMCSA,ocf,2019-12-31,4,25697000000.0,25697000000.0,0.0
CMCSA,ocf,2020-12-31,4,24737000000.0,24737000000.0,0.0
CMCSA,ocf,2021-12-31,4,29146000000.0,29146000000.0,0.0
CMCSA,ocf,2022-12-31,4,26413000000.0,26413000000.0,0.0
CMCSA,ocf,2023-12-31,4,28501000000.0,28501000000.0,0.0
CMCSA,ocf,2024-12-31,4,27673000000.0,27673000000.0,0.0
CMCSA,ocf,2025-12-31,4,33643000000.0,33643000000.0,0.0
COIN,revenue,2019-12-31,0,533735000.0,,
COIN,revenue,2020-12-31,4,1277481000.0,1277481000.0,0.0
COIN,revenue,2021-12-31,4,7839444000.0,7839445000.0,1.2756006675983653e-07
COIN,revenue,2022-12-31,4,3194208000.0,3194208000.0,0.0
COIN,revenue,2023-12-31,4,3108383000.0,3108383000.0,0.0
COIN,revenue,2024-12-31,4,6564028000.0,6564028000.0,0.0
COIN,revenue,2025-12-31,4,7181325000.0,7181325000.0,0.0
COIN,net_income,2019-12-31,0,-30387000.0,,
COIN,net_income,2020-12-31,4,322317000.0,322317000.0,0.0
COIN,net_income,2021-12-31,4,3624120000.0,3624120000.0,0.0
COIN,net_income,2022-12-31,4,-2624949000.0,-2624949000.0,0.0
COIN,net_income,2023-12-31,4,94871000.0,94871000.0,0.0
COIN,net_income,2024-12-31,4,2579066000.0,2579066000.0,0.0
COIN,net_income,2025-12-31,4,1260327000.0,1260327000.0,0.0
COIN,ocf,2019-12-31,0,-80594000.0,,
COIN,ocf,2020-12-31,4,3004070000.0,3004070000.0,0.0
COIN,ocf,2021-12-31,4,10730031000.0,10730031000.0,0.0
COIN,ocf,2022-12-31,4,-1585419000.0,-1585419000.0,0.0
COIN,ocf,2023-12-31,4,922951000.0,922951000.0,0.0
COIN,ocf,2024-12-31,4,2556844000.0,2556844000.0,0.0
COIN,ocf,2025-12-31,4,2426383000.0,2426383000.0,0.0
COP,revenue,2011-12-31,3,66069000000.0,,
COP,revenue,2012-12-31,4,62004000000.0,61617000000.0,0.0062415328043352045
COP,revenue,2013-12-31,4,58248000000.0,58248000000.0,0.0
COP,revenue,2014-12-31,4,55517000000.0,55517000000.0,0.0
COP,revenue,2015-12-31,4,30935000000.0,30935000000.0,0.0
COP,revenue,2016-12-31,4,24360000000.0,24360000000.0,0.0
COP,revenue,2017-12-31,4,32584000000.0,32584000000.0,0.0
COP,revenue,2018-12-31,4,38727000000.0,38727000000.0,0.0
COP,revenue,2019-12-31,4,36670000000.0,36670000000.0,0.0
COP,revenue,2020-12-31,4,19256000000.0,19256000000.0,0.0
COP,revenue,2021-12-31,4,48349000000.0,48349000000.0,0.0
COP,revenue,2022-12-31,4,78494000000.0,78494000000.0,0.0
COP,revenue,2023-12-31,4,56141000000.0,56141000000.0,0.0
COP,revenue,2024-12-31,4,54745000000.0,54745000000.0,0.0
COP,revenue,2025-12-31,4,58944000000.0,58944000000.0,0.0
COP,net_income,2011-12-31,4,12436000000.0,12436000000.0,0.0
COP,net_income,2012-12-31,4,8428000000.0,8428000000.0,0.0
COP,net_income,2013-12-31,4,9156000000.0,9156000000.0,0.0
COP,net_income,2014-12-31,4,6869000000.0,6869000000.0,0.0
COP,net_income,2015-12-31,4,-4428000000.0,-4428000000.0,0.0
COP,net_income,2016-12-31,4,-3615000000.0,-3615000000.0,0.0
COP,net_income,2017-12-31,4,-855000000.0,-855000000.0,0.0
COP,net_income,2018-12-31,4,6257000000.0,6257000000.0,0.0
COP,net_income,2019-12-31,4,7189000000.0,7189000000.0,0.0
COP,net_income,2020-12-31,4,-2701000000.0,-2701000000.0,0.0
COP,net_income,2021-12-31,4,8079000000.0,8079000000.0,0.0
COP,net_income,2022-12-31,4,18680000000.0,18680000000.0,0.0
COP,net_income,2023-12-31,4,10957000000.0,10957000000.0,0.0
COP,net_income,2024-12-31,4,9245000000.0,9245000000.0,0.0
COP,net_income,2025-12-31,4,7988000000.0,7988000000.0,0.0
COP,ocf,2011-12-31,4,19646000000.0,19646000000.0,0.0
COP,ocf,2012-12-31,4,13922000000.0,13922000000.0,0.0
COP,ocf,2013-12-31,4,16087000000.0,16087000000.0,0.0
COP,ocf,2014-12-31,4,16735000000.0,16735000000.0,0.0
COP,ocf,2015-12-31,4,7572000000.0,7572000000.0,0.0
COP,ocf,2016-12-31,4,4403000000.0,4403000000.0,0.0
COP,ocf,2017-12-31,4,7077000000.0,7077000000.0,0.0
COP,ocf,2018-12-31,4,12934000000.0,12934000000.0,0.0
COP,ocf,2019-12-31,4,11104000000.0,11104000000.0,0.0
COP,ocf,2020-12-31,4,4802000000.0,4802000000.0,0.0
COP,ocf,2021-12-31,4,16996000000.0,16996000000.0,0.0
COP,ocf,2022-12-31,4,28314000000.0,28314000000.0,0.0
COP,ocf,2023-12-31,4,19965000000.0,19965000000.0,0.0
COP,ocf,2024-12-31,4,20124000000.0,20124000000.0,0.0
COP,ocf,2025-12-31,4,19796000000.0,19796000000.0,0.0
COST,revenue,2016-08-28,0,118719000000.0,,
COST,revenue,2017-09-03,4,129025000000.0,129025000000.0,0.0
COST,revenue,2018-09-02,4,141576000000.0,141576000000.0,0.0
COST,revenue,2019-09-01,4,152703000000.0,152703000000.0,0.0
COST,revenue,2020-08-30,4,166761000000.0,166761000000.0,0.0
COST,revenue,2021-08-29,4,195929000000.0,195929000000.0,0.0
COST,revenue,2022-08-28,4,226954000000.0,226954000000.0,0.0
COST,revenue,2023-09-03,4,242290000000.0,242290000000.0,0.0
COST,revenue,2024-09-01,4,254453000000.0,254453000000.0,0.0
COST,revenue,2025-08-31,4,275235000000.0,275235000000.0,0.0
COST,net_income,2011-08-28,4,1462000000.0,1462000000.0,0.0
COST,net_income,2012-09-02,4,1709000000.0,1709000000.0,0.0
COST,net_income,2013-09-01,4,2039000000.0,2039000000.0,0.0
COST,net_income,2014-08-31,4,2058000000.0,2058000000.0,0.0
COST,net_income,2015-08-30,4,2377000000.0,2377000000.0,0.0
COST,net_income,2016-08-28,4,2350000000.0,2350000000.0,0.0
COST,net_income,2017-09-03,4,2679000000.0,2679000000.0,0.0
COST,net_income,2018-09-02,4,3134000000.0,3134000000.0,0.0
COST,net_income,2019-09-01,4,3659000000.0,3659000000.0,0.0
COST,net_income,2020-08-30,4,4002000000.0,4002000000.0,0.0
COST,net_income,2021-08-29,4,5007000000.0,5007000000.0,0.0
COST,net_income,2022-08-28,4,5844000000.0,5844000000.0,0.0
COST,net_income,2023-09-03,4,6292000000.0,6292000000.0,0.0
COST,net_income,2024-09-01,4,7367000000.0,7367000000.0,0.0
COST,net_income,2025-08-31,4,8099000000.0,8099000000.0,0.0
COST,ocf,2011-08-28,4,3198000000.0,3198000000.0,0.0
COST,ocf,2012-09-02,4,3057000000.0,3057000000.0,0.0
COST,ocf,2013-09-01,4,3437000000.0,3437000000.0,0.0
COST,ocf,2014-08-31,4,3984000000.0,3984000000.0,0.0
COST,ocf,2017-09-03,0,6726000000.0,,
COST,ocf,2018-09-02,0,5774000000.0,,
COST,ocf,2019-09-01,4,6356000000.0,6356000000.0,0.0
COST,ocf,2020-08-30,4,8861000000.0,8861000000.0,0.0
COST,ocf,2021-08-29,4,8958000000.0,8958000000.0,0.0
COST,ocf,2022-08-28,4,7392000000.0,7392000000.0,0.0
COST,ocf,2023-09-03,4,11068000000.0,11068000000.0,0.0
COST,ocf,2024-09-01,4,11339000000.0,11339000000.0,0.0
COST,ocf,2025-08-31,4,13335000000.0,13335000000.0,0.0
CPB,revenue,2017-07-30,0,5837000000.0,,
CPB,revenue,2018-07-29,4,6615000000.0,7964000000.0,0.20393046107331822
CPB,revenue,2019-07-28,4,8107000000.0,9365000000.0,0.1551745405205378
CPB,revenue,2020-08-02,4,8691000000.0,8691000000.0,0.0
CPB,revenue,2021-08-01,4,8476000000.0,8476000000.0,0.0
CPB,revenue,2022-07-31,4,8562000000.0,8562000000.0,0.0
CPB,revenue,2023-07-30,4,9357000000.0,9357000000.0,0.0
CPB,revenue,2024-07-28,4,9636000000.0,9636000000.0,0.0
CPB,revenue,2025-08-03,4,10253000000.0,10253000000.0,0.0
CPB,net_income,2011-07-31,4,805000000.0,805000000.0,0.0
CPB,net_income,2012-07-29,4,774000000.0,774000000.0,0.0
CPB,net_income,2013-07-28,4,458000000.0,458000000.0,0.0
CPB,net_income,2014-08-03,4,818000000.0,818000000.0,0.0
CPB,net_income,2015-08-02,4,691000000.0,691000000.0,0.0
CPB,net_income,2016-07-31,4,563000000.0,563000000.0,0.0
CPB,net_income,2017-07-30,4,887000000.0,887000000.0,0.0
CPB,net_income,2018-07-29,4,261000000.0,261000000.0,0.0
CPB,net_income,2019-07-28,4,211000000.0,211000000.0,0.0
CPB,net_income,2020-08-02,4,1628000000.0,1628000000.0,0.0
CPB,net_income,2021-08-01,4,1002000000.0,1002000000.0,0.0
CPB,net_income,2022-07-31,4,757000000.0,757000000.0,0.0
CPB,net_income,2023-07-30,4,858000000.0,858000000.0,0.0
CPB,net_income,2024-07-28,4,567000000.0,567000000.0,0.0
CPB,net_income,2025-08-03,4,602000000.0,602000000.0,0.0
CPB,ocf,2011-07-31,4,1142000000.0,1142000000.0,0.0
CPB,ocf,2012-07-29,4,1120000000.0,1120000000.0,0.0
CPB,ocf,2013-07-28,4,1019000000.0,1019000000.0,0.0
CPB,ocf,2014-08-03,4,899000000.0,899000000.0,0.0
CPB,ocf,2015-08-02,4,1182000000.0,1182000000.0,0.0
CPB,ocf,2016-07-31,4,1463000000.0,1463000000.0,0.0
CPB,ocf,2017-07-30,4,1291000000.0,1291000000.0,0.0
CPB,ocf,2018-07-29,4,1305000000.0,1305000000.0,0.0
CPB,ocf,2019-07-28,4,1398000000.0,1398000000.0,0.0
CPB,ocf,2020-08-02,4,1396000000.0,1396000000.0,0.0
CPB,ocf,2021-08-01,4,1035000000.0,1035000000.0,0.0
CPB,ocf,2022-07-31,4,1181000000.0,1181000000.0,0.0
CPB,ocf,2023-07-30,4,1143000000.0,1143000000.0,0.0
CPB,ocf,2024-07-28,4,1185000000.0,1185000000.0,0.0
CPB,ocf,2025-08-03,4,1131000000.0,1131000000.0,0.0
CRM,revenue,2017-01-31,0,8437000000.0,,
CRM,revenue,2018-01-31,4,10540000000.0,10540000000.0,0.0
CRM,revenue,2019-01-31,4,13282000000.0,13282000000.0,0.0
CRM,revenue,2020-01-31,4,17098000000.0,17098000000.0,0.0
CRM,revenue,2021-01-31,4,21252000000.0,21252000000.0,0.0
CRM,revenue,2022-01-31,4,26492000000.0,26492000000.0,0.0
CRM,revenue,2023-01-31,4,31352000000.0,31352000000.0,0.0
CRM,revenue,2024-01-31,4,34857000000.0,34857000000.0,0.0
CRM,revenue,2025-01-31,4,37895000000.0,37895000000.0,0.0
CRM,revenue,2026-01-31,4,41525000000.0,41525000000.0,0.0
CRM,net_income,2011-01-31,4,64474000.0,64474000.0,0.0
CRM,net_income,2012-01-31,4,-11572000.0,-11572000.0,0.0
CRM,net_income,2013-01-31,4,-270445000.0,-270445000.0,0.0
CRM,net_income,2014-01-31,4,-232175000.0,-232175000.0,0.0
CRM,net_income,2015-01-31,4,-262688000.0,-262688000.0,0.0
CRM,net_income,2016-01-31,4,-47426000.0,-47426000.0,0.0
CRM,net_income,2017-01-31,4,179632000.0,179632000.0,0.0
CRM,net_income,2018-01-31,4,127478000.0,127478000.0,0.0
CRM,net_income,2019-01-31,4,1110000000.0,1110000000.0,0.0
CRM,net_income,2020-01-31,4,126000000.0,126000000.0,0.0
CRM,net_income,2021-01-31,4,4072000000.0,4072000000.0,0.0
CRM,net_income,2022-01-31,4,1444000000.0,1444000000.0,0.0
CRM,net_income,2023-01-31,4,208000000.0,208000000.0,0.0
CRM,net_income,2024-01-31,4,4136000000.0,4136000000.0,0.0
CRM,net_income,2025-01-31,4,6197000000.0,6197000000.0,0.0
CRM,net_income,2026-01-31,4,7457000000.0,7457000000.0,0.0
CRM,ocf,2011-01-31,4,459081000.0,459081000.0,0.0
CRM,ocf,2012-01-31,4,591507000.0,591507000.0,0.0
CRM,ocf,2013-01-31,4,736897000.0,736897000.0,0.0
CRM,ocf,2014-01-31,4,875469000.0,875469000.0,0.0
CRM,ocf,2015-01-31,4,1173714000.0,1173714000.0,0.0
CRM,ocf,2016-01-31,4,1612585000.0,1612585000.0,0.0
CRM,ocf,2017-01-31,4,2162198000.0,2162198000.0,0.0
CRM,ocf,2018-01-31,4,2737965000.0,2737965000.0,0.0
CRM,ocf,2019-01-31,4,3398000000.0,3398000000.0,0.0
CRM,ocf,2020-01-31,4,4331000000.0,4331000000.0,0.0
CRM,ocf,2021-01-31,4,4801000000.0,4801000000.0,0.0
CRM,ocf,2022-01-31,4,6000000000.0,6000000000.0,0.0
CRM,ocf,2023-01-31,4,7111000000.0,7111000000.0,0.0
CRM,ocf,2024-01-31,4,10234000000.0,10234000000.0,0.0
CRM,ocf,2025-01-31,4,13092000000.0,13092000000.0,0.0
CRM,ocf,2026-01-31,4,14996000000.0,14996000000.0,0.0
CRWD,revenue,2018-01-31,0,118752000.0,,
CRWD,revenue,2019-01-31,4,249824000.0,249824000.0,0.0
CRWD,revenue,2020-01-31,4,481413000.0,481413000.0,0.0
CRWD,revenue,2021-01-31,4,874438000.0,874438000.0,0.0
CRWD,revenue,2022-01-31,4,1451594000.0,1451594000.0,0.0
CRWD,revenue,2023-01-31,4,2241236000.0,2241236000.0,0.0
CRWD,revenue,2024-01-31,4,3055555000.0,3055555000.0,0.0
CRWD,revenue,2025-01-31,4,3953624000.0,3953624000.0,0.0
CRWD,revenue,2026-01-31,4,4812005000.0,4812005000.0,0.0
CRWD,net_income,2018-01-31,0,-135490000.0,,
CRWD,net_income,2019-01-31,4,-140077000.0,-140077000.0,0.0
CRWD,net_income,2020-01-31,4,-141779000.0,-141779000.0,0.0
CRWD,net_income,2021-01-31,4,-92629000.0,-92629000.0,0.0
CRWD,net_income,2022-01-31,4,-234802000.0,-234802000.0,0.0
CRWD,net_income,2023-01-31,4,-183245000.0,-183245000.0,0.0
CRWD,net_income,2024-01-31,4,89327000.0,89327000.0,0.0
CRWD,net_income,2025-01-31,4,-19271000.0,-19271000.0,0.0
CRWD,net_income,2026-01-31,4,-162502000.0,-162502000.0,0.0
CRWD,ocf,2018-01-31,0,-58766000.0,,
CRWD,ocf,2019-01-31,4,-22968000.0,-22968000.0,0.0
CRWD,ocf,2020-01-31,4,99943000.0,99943000.0,0.0
CRWD,ocf,2021-01-31,4,356566000.0,356566000.0,0.0
CRWD,ocf,2022-01-31,4,574784000.0,574784000.0,0.0
CRWD,ocf,2023-01-31,4,941007000.0,941007000.0,0.0
CRWD,ocf,2024-01-31,4,1166207000.0,1166207000.0,0.0
CRWD,ocf,2025-01-31,4,1381727000.0,1381727000.0,0.0
CRWD,ocf,2026-01-31,4,1612349000.0,1612349000.0,0.0
CSCO,revenue,2017-07-29,0,48005000000.0,,
CSCO,revenue,2018-07-28,4,49330000000.0,49330000000.0,0.0
CSCO,revenue,2019-07-27,4,51904000000.0,51904000000.0,0.0
CSCO,revenue,2020-07-25,4,49301000000.0,49301000000.0,0.0
CSCO,revenue,2021-07-31,4,49818000000.0,49818000000.0,0.0
CSCO,revenue,2022-07-30,4,51557000000.0,51557000000.0,0.0
CSCO,revenue,2023-07-29,4,56998000000.0,56998000000.0,0.0
CSCO,revenue,2024-07-27,4,53803000000.0,53803000000.0,0.0
CSCO,revenue,2025-07-26,4,56654000000.0,56654000000.0,0.0
CSCO,revenue,2026-07-25,4,63325000000.0,63325000000.0,0.0
CSCO,net_income,2011-07-30,4,6490000000.0,6490000000.0,0.0
CSCO,net_income,2012-07-28,4,8041000000.0,8041000000.0,0.0
CSCO,net_income,2013-07-27,4,9983000000.0,9983000000.0,0.0
CSCO,net_income,2014-07-26,4,7853000000.0,7853000000.0,0.0
CSCO,net_income,2015-07-25,4,8981000000.0,8981000000.0,0.0
CSCO,net_income,2016-07-30,4,10739000000.0,10739000000.0,0.0
CSCO,net_income,2017-07-29,4,9609000000.0,9609000000.0,0.0
CSCO,net_income,2018-07-28,4,110000000.0,110000000.0,0.0
CSCO,net_income,2019-07-27,4,11621000000.0,11621000000.0,0.0
CSCO,net_income,2020-07-25,4,11214000000.0,11214000000.0,0.0
CSCO,net_income,2021-07-31,4,10591000000.0,10591000000.0,0.0
CSCO,net_income,2022-07-30,4,11812000000.0,11812000000.0,0.0
CSCO,net_income,2023-07-29,4,12613000000.0,12613000000.0,0.0
CSCO,net_income,2024-07-27,4,10320000000.0,10320000000.0,0.0
CSCO,net_income,2025-07-26,4,10180000000.0,10180000000.0,0.0
CSCO,net_income,2026-07-25,4,13267000000.0,13267000000.0,0.0
CSCO,ocf,2011-07-30,4,10079000000.0,10079000000.0,0.0
CSCO,ocf,2012-07-28,4,11491000000.0,11491000000.0,0.0
CSCO,ocf,2013-07-27,4,12894000000.0,12894000000.0,0.0
CSCO,ocf,2016-07-30,2,13570000000.0,,
CSCO,ocf,2017-07-29,4,13876000000.0,13876000000.0,0.0
CSCO,ocf,2018-07-28,4,13666000000.0,13666000000.0,0.0
CSCO,ocf,2019-07-27,4,15831000000.0,15831000000.0,0.0
CSCO,ocf,2020-07-25,4,15426000000.0,15426000000.0,0.0
CSCO,ocf,2021-07-31,4,15454000000.0,15454000000.0,0.0
CSCO,ocf,2022-07-30,4,13226000000.0,13226000000.0,0.0
CSCO,ocf,2023-07-29,4,19886000000.0,19886000000.0,0.0
CSCO,ocf,2024-07-27,4,10880000000.0,10880000000.0,0.0
CSCO,ocf,2025-07-26,4,14193000000.0,14193000000.0,0.0
CSCO,ocf,2026-07-25,4,14177000000.0,14177000000.0,0.0
CVNA,revenue,2017-12-31,0,858870000.0,,
CVNA,revenue,2018-12-31,4,1955467000.0,1955467000.0,0.0
CVNA,revenue,2019-12-31,4,3939896000.0,3939896000.0,0.0
CVNA,revenue,2020-12-31,4,5586565000.0,5586565000.0,0.0
CVNA,revenue,2021-12-31,4,12814000000.0,12814000000.0,0.0
CVNA,revenue,2022-12-31,4,13604000000.0,13604000000.0,0.0
CVNA,revenue,2023-12-31,4,10771000000.0,10771000000.0,0.0
CVNA,revenue,2024-12-31,4,13673000000.0,13673000000.0,0.0
CVNA,revenue,2025-12-31,4,20322000000.0,20322000000.0,0.0
CVNA,net_income,2015-12-31,0,-36780000.0,,
CVNA,net_income,2016-12-31,4,-93112000.0,-93112000.0,0.0
CVNA,net_income,2017-12-31,4,-62841000.0,-62841000.0,0.0
CVNA,net_income,2018-12-31,4,-61754000.0,-61754000.0,0.0
CVNA,net_income,2019-12-31,4,-114659000.0,-135309000.0,0.18009925082200262
CVNA,net_income,2020-12-31,4,-171140000.0,-171140000.0,0.0
CVNA,net_income,2021-12-31,4,-135000000.0,-135000000.0,0.0
CVNA,net_income,2022-12-31,4,-1587000000.0,-1587000000.0,0.0
CVNA,net_income,2023-12-31,4,450000000.0,450000000.0,0.0
CVNA,net_income,2024-12-31,4,210000000.0,210000000.0,0.0
CVNA,net_income,2025-12-31,4,1407000000.0,1407000000.0,0.0
CVNA,ocf,2015-12-31,0,-53508000.0,,
CVNA,ocf,2016-12-31,2,-240225000.0,,
CVNA,ocf,2017-12-31,4,-199924000.0,-199924000.0,0.0
CVNA,ocf,2018-12-31,4,-414340000.0,-414340000.0,0.0
CVNA,ocf,2019-12-31,4,-757134000.0,-757134000.0,0.0
CVNA,ocf,2020-12-31,4,-608412000.0,-608412000.0,0.0
CVNA,ocf,2021-12-31,4,-2594000000.0,-2594000000.0,0.0
CVNA,ocf,2022-12-31,4,-1324000000.0,-1324000000.0,0.0
CVNA,ocf,2023-12-31,4,803000000.0,803000000.0,0.0
CVNA,ocf,2024-12-31,4,918000000.0,918000000.0,0.0
CVNA,ocf,2025-12-31,4,1036000000.0,1036000000.0,0.0
CVS,revenue,2011-12-31,4,107100000000.0,107500000000.0,0.003734827264239029
CVS,revenue,2012-12-31,4,123133000000.0,123133000000.0,0.0
CVS,revenue,2013-12-31,4,126761000000.0,126809000000.0,0.00037866536237486295
CVS,revenue,2014-12-31,4,139367000000.0,139367000000.0,0.0
CVS,revenue,2015-12-31,4,153290000000.0,153290000000.0,0.0
CVS,revenue,2016-12-31,4,177526000000.0,177526000000.0,0.0
CVS,revenue,2017-12-31,4,184765000000.0,184765000000.0,0.0
CVS,revenue,2018-12-31,4,194579000000.0,194094000000.0,0.002492560862169093
CVS,revenue,2019-12-31,4,256776000000.0,256776000000.0,0.0
CVS,revenue,2020-12-31,4,268706000000.0,268706000000.0,0.0
CVS,revenue,2021-12-31,4,292111000000.0,292111000000.0,0.0
CVS,revenue,2022-12-31,4,322467000000.0,322467000000.0,0.0
CVS,revenue,2023-12-31,4,357776000000.0,357776000000.0,0.0
CVS,revenue,2024-12-31,4,372809000000.0,372809000000.0,0.0
CVS,revenue,2025-12-31,4,402067000000.0,402067000000.0,0.0
CVS,net_income,2014-12-31,0,4644000000.0,,
CVS,net_income,2015-12-31,4,5237000000.0,5237000000.0,0.0
CVS,net_income,2016-12-31,4,5317000000.0,5317000000.0,0.0
CVS,net_income,2017-12-31,4,6622000000.0,6622000000.0,0.0
CVS,net_income,2018-12-31,4,-594000000.0,-594000000.0,0.0
CVS,net_income,2019-12-31,4,6634000000.0,6634000000.0,0.0
CVS,net_income,2020-12-31,4,7179000000.0,7179000000.0,0.0
CVS,net_income,2021-12-31,4,7910000000.0,7910000000.0,0.0
CVS,net_income,2022-12-31,4,4149000000.0,4149000000.0,0.0
CVS,net_income,2023-12-31,4,8344000000.0,8344000000.0,0.0
CVS,net_income,2024-12-31,4,4614000000.0,4614000000.0,0.0
CVS,net_income,2025-12-31,4,1768000000.0,1768000000.0,0.0
CVS,ocf,2011-12-31,4,5856000000.0,5856000000.0,0.0
CVS,ocf,2012-12-31,4,6671000000.0,6671000000.0,0.0
CVS,ocf,2013-12-31,4,5783000000.0,5783000000.0,0.0
CVS,ocf,2014-12-31,4,8137000000.0,8137000000.0,0.0
CVS,ocf,2015-12-31,4,8412000000.0,8412000000.0,0.0
CVS,ocf,2016-12-31,4,10069000000.0,10069000000.0,0.0
CVS,ocf,2017-12-31,4,8007000000.0,8007000000.0,0.0
CVS,ocf,2018-12-31,4,8865000000.0,8865000000.0,0.0
CVS,ocf,2019-12-31,4,12848000000.0,12848000000.0,0.0
CVS,ocf,2020-12-31,4,15865000000.0,15865000000.0,0.0
CVS,ocf,2021-12-31,4,18265000000.0,18265000000.0,0.0
CVS,ocf,2022-12-31,4,16177000000.0,16177000000.0,0.0
CVS,ocf,2023-12-31,4,13426000000.0,13426000000.0,0.0
CVS,ocf,2024-12-31,4,9107000000.0,9107000000.0,0.0
CVS,ocf,2025-12-31,4,10639000000.0,10639000000.0,0.0
CVX,revenue,2011-12-31,4,253706000000.0,253706000000.0,0.0
CVX,revenue,2012-12-31,4,241909000000.0,241909000000.0,0.0
CVX,revenue,2013-12-31,4,228848000000.0,228848000000.0,0.0
CVX,revenue,2014-12-31,4,211970000000.0,211970000000.0,0.0
CVX,revenue,2015-12-31,4,138477000000.0,138477000000.0,0.0
CVX,revenue,2016-12-31,4,114472000000.0,114472000000.0,0.0
CVX,revenue,2017-12-31,4,141722000000.0,141722000000.0,0.0
CVX,revenue,2018-12-31,4,166339000000.0,166339000000.0,0.0
CVX,revenue,2019-12-31,4,146516000000.0,146516000000.0,0.0
CVX,revenue,2020-12-31,4,94692000000.0,94692000000.0,0.0
CVX,revenue,2021-12-31,4,162465000000.0,162465000000.0,0.0
CVX,revenue,2022-12-31,4,246252000000.0,246252000000.0,0.0
CVX,revenue,2023-12-31,4,200949000000.0,200949000000.0,0.0
CVX,revenue,2024-12-31,4,202792000000.0,202792000000.0,0.0
CVX,revenue,2025-12-31,4,189031000000.0,189031000000.0,0.0
CVX,net_income,2011-12-31,4,26895000000.0,26895000000.0,0.0
CVX,net_income,2012-12-31,4,26179000000.0,26179000000.0,0.0
CVX,net_income,2013-12-31,4,21423000000.0,21423000000.0,0.0
CVX,net_income,2014-12-31,4,19241000000.0,19241000000.0,0.0
CVX,net_income,2015-12-31,4,4587000000.0,4587000000.0,0.0
CVX,net_income,2016-12-31,4,-497000000.0,-497000000.0,0.0
CVX,net_income,2017-12-31,4,9195000000.0,9195000000.0,0.0
CVX,net_income,2018-12-31,4,14824000000.0,14824000000.0,0.0
CVX,net_income,2019-12-31,4,2924000000.0,2924000000.0,0.0
CVX,net_income,2020-12-31,4,-5543000000.0,-5543000000.0,0.0
CVX,net_income,2021-12-31,4,15625000000.0,15625000000.0,0.0
CVX,net_income,2022-12-31,4,35465000000.0,35465000000.0,0.0
CVX,net_income,2023-12-31,4,21369000000.0,21369000000.0,0.0
CVX,net_income,2024-12-31,4,17661000000.0,17661000000.0,0.0
CVX,net_income,2025-12-31,4,12299000000.0,12299000000.0,0.0
CVX,ocf,2011-12-31,4,41098000000.0,41098000000.0,0.0
CVX,ocf,2012-12-31,4,38812000000.0,38812000000.0,0.0
CVX,ocf,2013-12-31,4,35002000000.0,35002000000.0,0.0
CVX,ocf,2014-12-31,4,31475000000.0,31475000000.0,0.0
CVX,ocf,2015-12-31,4,19456000000.0,19456000000.0,0.0
CVX,ocf,2016-12-31,4,12846000000.0,12846000000.0,0.0
CVX,ocf,2017-12-31,4,20515000000.0,20515000000.0,0.0
CVX,ocf,2018-12-31,4,30618000000.0,30618000000.0,0.0
CVX,ocf,2019-12-31,4,27314000000.0,27314000000.0,0.0
CVX,ocf,2020-12-31,4,10577000000.0,10577000000.0,0.0
CVX,ocf,2021-12-31,4,29187000000.0,29187000000.0,0.0
CVX,ocf,2022-12-31,4,49602000000.0,49602000000.0,0.0
CVX,ocf,2023-12-31,4,35609000000.0,35609000000.0,0.0
CVX,ocf,2024-12-31,4,31492000000.0,31492000000.0,0.0
CVX,ocf,2025-12-31,4,33939000000.0,33939000000.0,0.0
D,revenue,2011-12-31,1,13765000000.0,,
D,revenue,2012-12-31,2,12835000000.0,,
D,revenue,2013-12-31,4,13120000000.0,13120000000.0,0.0
D,revenue,2014-12-31,4,12436000000.0,12436000000.0,0.0
D,revenue,2016-12-31,0,11737000000.0,,
D,revenue,2017-12-31,4,12586000000.0,12586000000.0,0.0
D,revenue,2018-12-31,4,13366000000.0,13366000000.0,0.0
D,revenue,2019-12-31,4,16572000000.0,16572000000.0,0.0
D,revenue,2020-12-31,4,14172000000.0,15209000000.0,0.0731724527236805
D,revenue,2021-12-31,4,13964000000.0,13964000000.0,0.0
D,revenue,2022-12-31,4,17174000000.0,16068000000.0,0.06439967392570164
D,revenue,2023-12-31,4,14393000000.0,16390000000.0,0.13874800250121586
D,revenue,2024-12-31,4,14459000000.0,14459000000.0,0.0
D,revenue,2025-12-31,4,16506000000.0,16506000000.0,0.0
D,net_income,2011-12-31,4,1408000000.0,1408000000.0,0.0
D,net_income,2012-12-31,4,302000000.0,302000000.0,0.0
D,net_income,2013-12-31,4,1697000000.0,1697000000.0,0.0
D,net_income,2014-12-31,4,1310000000.0,1310000000.0,0.0
D,net_income,2015-12-31,4,1899000000.0,1899000000.0,0.0
D,net_income,2016-12-31,4,2123000000.0,2123000000.0,0.0
D,net_income,2017-12-31,4,2999000000.0,2999000000.0,0.0
D,net_income,2018-12-31,4,2447000000.0,2447000000.0,0.0
D,net_income,2019-12-31,4,1358000000.0,1358000000.0,0.0
D,net_income,2020-12-31,4,-401000000.0,-401000000.0,0.0
D,net_income,2021-12-31,4,3288000000.0,3288000000.0,0.0
D,net_income,2022-12-31,4,994000000.0,1380000000.0,0.38832997987927564
D,net_income,2023-12-31,4,1994000000.0,2032000000.0,0.01905717151454363
D,net_income,2024-12-31,4,2124000000.0,2345000000.0,0.10404896421845575
D,net_income,2025-12-31,4,2998000000.0,2979000000.0,0.0063375583722481655
D,ocf,2011-12-31,4,2983000000.0,2983000000.0,0.0
D,ocf,2012-12-31,4,4137000000.0,4137000000.0,0.0
D,ocf,2013-12-31,4,3433000000.0,3433000000.0,0.0
D,ocf,2014-12-31,4,3439000000.0,3439000000.0,0.0
D,ocf,2015-12-31,4,4475000000.0,4475000000.0,0.0
D,ocf,2016-12-31,4,4127000000.0,4127000000.0,0.0
D,ocf,2017-12-31,4,4549000000.0,4549000000.0,0.0
D,ocf,2018-12-31,4,4773000000.0,4773000000.0,0.0
D,ocf,2019-12-31,4,5204000000.0,5204000000.0,0.0
D,ocf,2020-12-31,4,5227000000.0,5227000000.0,0.0
D,ocf,2021-12-31,4,4037000000.0,4037000000.0,0.0
D,ocf,2022-12-31,4,3700000000.0,3700000000.0,0.0
D,ocf,2023-12-31,4,6572000000.0,6572000000.0,0.0
D,ocf,2024-12-31,4,5018000000.0,5018000000.0,0.0
D,ocf,2025-12-31,4,5361000000.0,5361000000.0,0.0
DAL,revenue,2016-12-31,0,39450000000.0,,
DAL,revenue,2017-12-31,3,41138000000.0,,
DAL,revenue,2018-12-31,4,44438000000.0,44438000000.0,0.0
DAL,revenue,2019-12-31,4,47007000000.0,47007000000.0,0.0
DAL,revenue,2020-12-31,4,17095000000.0,17095000000.0,0.0
DAL,revenue,2021-12-31,4,29899000000.0,29900000000.0,3.34459346466437e-05
DAL,revenue,2022-12-31,4,50582000000.0,50582000000.0,0.0
DAL,revenue,2023-12-31,4,58048000000.0,58048000000.0,0.0
DAL,revenue,2024-12-31,4,61643000000.0,61642000000.0,1.6222442126437713e-05
DAL,revenue,2025-12-31,4,63364000000.0,63364000000.0,0.0
DAL,net_income,2011-12-31,4,854000000.0,854000000.0,0.0
DAL,net_income,2012-12-31,4,1009000000.0,1010000000.0,0.0009910802775024777
DAL,net_income,2013-12-31,4,10540000000.0,10540000000.0,0.0
DAL,net_income,2014-12-31,4,659000000.0,659000000.0,0.0
DAL,net_income,2015-12-31,4,4526000000.0,4526000000.0,0.0
DAL,net_income,2016-12-31,4,4373000000.0,4373000000.0,0.0
DAL,net_income,2017-12-31,4,3577000000.0,3577000000.0,0.0
DAL,net_income,2018-12-31,4,3935000000.0,3903000000.0,0.008132147395171537
DAL,net_income,2019-12-31,4,4767000000.0,4767000000.0,0.0
DAL,net_income,2020-12-31,4,-12385000000.0,-12385000000.0,0.0
DAL,net_income,2021-12-31,4,280000000.0,279000000.0,0.0035714285714285713
DAL,net_income,2022-12-31,4,1318000000.0,1319000000.0,0.0007587253414264037
DAL,net_income,2023-12-31,4,4609000000.0,4609000000.0,0.0
DAL,net_income,2024-12-31,4,3457000000.0,3457000000.0,0.0
DAL,net_income,2025-12-31,4,5005000000.0,5006000000.0,0.0001998001998001998
DAL,ocf,2011-12-31,4,2834000000.0,2834000000.0,0.0
DAL,ocf,2012-12-31,4,2476000000.0,2476000000.0,0.0
DAL,ocf,2013-12-31,4,4504000000.0,4504000000.0,0.0
DAL,ocf,2014-12-31,4,4947000000.0,4947000000.0,0.0
DAL,ocf,2015-12-31,4,7927000000.0,7927000000.0,0.0
DAL,ocf,2016-12-31,4,7205000000.0,7205000000.0,0.0
DAL,ocf,2017-12-31,4,5148000000.0,5148000000.0,0.0
DAL,ocf,2018-12-31,4,7014000000.0,7014000000.0,0.0
DAL,ocf,2019-12-31,4,8425000000.0,8425000000.0,0.0
DAL,ocf,2020-12-31,4,-3793000000.0,-3793000000.0,0.0
DAL,ocf,2021-12-31,4,3264000000.0,3264000000.0,0.0
DAL,ocf,2022-12-31,4,6363000000.0,6363000000.0,0.0
DAL,ocf,2023-12-31,4,6464000000.0,6464000000.0,0.0
DAL,ocf,2024-12-31,4,8025000000.0,8025000000.0,0.0
DAL,ocf,2025-12-31,4,8342000000.0,8342000000.0,0.0
DASH,revenue,2018-12-31,0,291000000.0,,
DASH,revenue,2019-12-31,0,885000000.0,,
DASH,revenue,2020-12-31,4,2886000000.0,2886000000.0,0.0
DASH,revenue,2021-12-31,4,4888000000.0,4888000000.0,0.0
DASH,revenue,2022-12-31,4,6583000000.0,6583000000.0,0.0
DASH,revenue,2023-12-31,4,8635000000.0,8635000000.0,0.0
DASH,revenue,2024-12-31,4,10722000000.0,10722000000.0,0.0
DASH,revenue,2025-12-31,4,13717000000.0,13717000000.0,0.0
DASH,net_income,2018-12-31,0,-204000000.0,,
DASH,net_income,2019-12-31,0,-667000000.0,,
DASH,net_income,2020-12-31,4,-461000000.0,-461000000.0,0.0
DASH,net_income,2021-12-31,4,-468000000.0,-468000000.0,0.0
DASH,net_income,2022-12-31,4,-1365000000.0,-1365000000.0,0.0
DASH,net_income,2023-12-31,4,-558000000.0,-558000000.0,0.0
DASH,net_income,2024-12-31,4,123000000.0,123000000.0,0.0
DASH,net_income,2025-12-31,4,935000000.0,935000000.0,0.0
DASH,ocf,2018-12-31,0,-159000000.0,,
DASH,ocf,2019-12-31,0,-467000000.0,,
DASH,ocf,2020-12-31,4,252000000.0,252000000.0,0.0
DASH,ocf,2021-12-31,4,692000000.0,692000000.0,0.0
DASH,ocf,2022-12-31,4,367000000.0,367000000.0,0.0
DASH,ocf,2023-12-31,4,1673000000.0,1673000000.0,0.0
DASH,ocf,2024-12-31,4,2132000000.0,2132000000.0,0.0
DASH,ocf,2025-12-31,4,2431000000.0,2431000000.0,0.0
DDOG,revenue,2017-12-31,0,100761000.0,,
DDOG,revenue,2018-12-31,2,198077000.0,,
DDOG,revenue,2019-12-31,4,362780000.0,362780000.0,0.0
DDOG,revenue,2020-12-31,4,603466000.0,603466000.0,0.0
DDOG,revenue,2021-12-31,4,1028784000.0,1028784000.0,0.0
DDOG,revenue,2022-12-31,4,1675100000.0,1675100000.0,0.0
DDOG,revenue,2023-12-31,4,2128359000.0,2128359000.0,0.0
DDOG,revenue,2024-12-31,4,2684275000.0,2684275000.0,0.0
DDOG,revenue,2025-12-31,4,3427158000.0,3427158000.0,0.0
DDOG,net_income,2017-12-31,0,-2570000.0,,
DDOG,net_income,2018-12-31,2,-10762000.0,,
DDOG,net_income,2019-12-31,4,-16710000.0,-16710000.0,0.0
DDOG,net_income,2020-12-31,4,-24547000.0,-24547000.0,0.0
DDOG,net_income,2021-12-31,4,-20745000.0,-20745000.0,0.0
DDOG,net_income,2022-12-31,4,-50160000.0,-50160000.0,0.0
DDOG,net_income,2023-12-31,4,48568000.0,48568000.0,0.0
DDOG,net_income,2024-12-31,4,183746000.0,183746000.0,0.0
DDOG,net_income,2025-12-31,4,107741000.0,107741000.0,0.0
DDOG,ocf,2017-12-31,0,13832000.0,,
DDOG,ocf,2018-12-31,1,10829000.0,,
DDOG,ocf,2019-12-31,4,24234000.0,24234000.0,0.0
DDOG,ocf,2020-12-31,4,109091000.0,109091000.0,0.0
DDOG,ocf,2021-12-31,4,286545000.0,286545000.0,0.0
DDOG,ocf,2022-12-31,4,418407000.0,418407000.0,0.0
DDOG,ocf,2023-12-31,4,659954000.0,659954000.0,0.0
DDOG,ocf,2024-12-31,4,870603000.0,870603000.0,0.0
DDOG,ocf,2025-12-31,4,1050135000.0,1050135000.0,0.0
DE,revenue,2011-10-31,4,32012500000.0,32012800000.0,9.371339320577899e-06
DE,revenue,2012-10-31,4,36157100000.0,36157500000.0,1.1062834132162147e-05
DE,revenue,2013-10-31,4,37795400000.0,37795800000.0,1.0583298496642448e-05
DE,revenue,2014-10-31,4,36066900000.0,36067100000.0,5.545250631465416e-06
DE,revenue,2015-10-31,4,28862800000.0,28862500000.0,1.0394001967931039e-05
DE,revenue,2015-11-01,4,28862800000.0,28862500000.0,1.0394001967931039e-05
DE,revenue,2016-10-30,5,26644000000.0,,
DE,revenue,2016-10-31,6,26644000000.0,,
DE,revenue,2017-10-29,4,29737700000.0,29738000000.0,1.0088204534984212e-05
DE,revenue,2018-10-28,4,37357700000.0,37357800000.0,2.6768243226965256e-06
DE,revenue,2019-11-03,4,39258000000.0,39258000000.0,0.0
DE,revenue,2020-11-01,4,35540000000.0,35540000000.0,0.0
DE,revenue,2021-10-31,4,44024000000.0,44024000000.0,0.0
DE,revenue,2022-10-30,4,52577000000.0,52577000000.0,0.0
DE,revenue,2023-10-29,4,61251000000.0,61252000000.0,1.6326264060994922e-05
DE,revenue,2024-10-27,4,51716000000.0,51716000000.0,0.0
DE,revenue,2025-11-02,4,45684000000.0,45683000000.0,2.1889501794939148e-05
DE,net_income,2011-10-31,4,2799900000.0,2800300000.0,0.00014286224508018144
DE,net_income,2012-10-31,4,3064700000.0,3065100000.0,0.00013051848468039287
DE,net_income,2013-10-31,4,3537300000.0,3537400000.0,2.8270149549091113e-05
DE,net_income,2014-10-31,4,3161700000.0,3161500000.0,6.325710851756967e-05
DE,net_income,2015-10-31,4,1940000000.0,1939900000.0,5.154639175257732e-05
DE,net_income,2015-11-01,4,1940000000.0,1939900000.0,5.154639175257732e-05
DE,net_income,2016-10-30,5,1523900000.0,,
DE,net_income,2016-10-31,6,1523900000.0,,
DE,net_income,2017-10-29,4,2159100000.0,2148000000.0,0.005141030985132695
DE,net_income,2018-10-28,4,2368400000.0,2368500000.0,4.2222597534200305e-05
DE,net_income,2019-11-03,4,3253000000.0,3253400000.0,0.00012296341838303104
DE,net_income,2020-11-01,4,2751000000.0,2751000000.0,0.0
DE,net_income,2021-10-31,4,5963000000.0,5964000000.0,0.0001677008217340265
DE,net_income,2022-10-30,4,7131000000.0,7131000000.0,0.0
DE,net_income,2023-10-29,4,10166000000.0,10166000000.0,0.0
DE,net_income,2024-10-27,4,7100000000.0,7100000000.0,0.0
DE,net_income,2025-11-02,4,5027000000.0,5027000000.0,0.0
DE,ocf,2011-10-31,4,2326300000.0,2326300000.0,0.0
DE,ocf,2015-11-01,0,3758800000.0,,
DE,ocf,2016-10-30,1,3769700000.0,,
DE,ocf,2017-10-29,4,2199800000.0,2199800000.0,0.0
DE,ocf,2018-10-28,4,1820300000.0,1820300000.0,0.0
DE,ocf,2019-11-03,4,3412000000.0,3412000000.0,0.0
DE,ocf,2020-11-01,4,7483000000.0,7483000000.0,0.0
DE,ocf,2021-10-31,4,7726000000.0,7726000000.0,0.0
DE,ocf,2022-10-30,4,4699000000.0,4699000000.0,0.0
DE,ocf,2023-10-29,4,8589000000.0,8589000000.0,0.0
DE,ocf,2024-10-27,4,9231000000.0,9231000000.0,0.0
DE,ocf,2025-11-02,4,7459000000.0,7459000000.0,0.0
DHR,revenue,2017-12-31,0,15518800000.0,,
DHR,revenue,2018-12-31,4,19893000000.0,19134000000.0,0.0381541245664304
DHR,revenue,2019-12-31,4,17911100000.0,19942200000.0,0.11339895372143531
DHR,revenue,2020-12-31,4,22284000000.0,22284000000.0,0.0
DHR,revenue,2021-12-31,4,29453000000.0,29453000000.0,0.0
DHR,revenue,2022-12-31,4,31471000000.0,30236000000.0,0.03924247720123288
DHR,revenue,2023-12-31,4,23890000000.0,27602000000.0,0.15537881958978653
DHR,revenue,2024-12-31,4,23875000000.0,23875000000.0,0.0
DHR,revenue,2025-12-31,4,24568000000.0,24568000000.0,0.0
DHR,net_income,2011-12-31,4,2172264000.0,2172250000.0,6.4448888348745825e-06
DHR,net_income,2012-12-31,4,2392200000.0,2392196000.0,1.672100994900092e-06
DHR,net_income,2013-12-31,4,2695000000.0,2695000000.0,0.0
DHR,net_income,2014-12-31,4,2598400000.0,2598400000.0,0.0
DHR,net_income,2015-12-31,4,3357400000.0,3357300000.0,2.97849526419253e-05
DHR,net_income,2016-12-31,4,2553700000.0,2553700000.0,0.0
DHR,net_income,2017-12-31,4,2492100000.0,2492100000.0,0.0
DHR,net_income,2018-12-31,4,2650900000.0,2650900000.0,0.0
DHR,net_income,2019-12-31,4,3008200000.0,3008200000.0,0.0
DHR,net_income,2020-12-31,4,3646000000.0,3646000000.0,0.0
DHR,net_income,2021-12-31,4,6433000000.0,6433000000.0,0.0
DHR,net_income,2022-12-31,4,7209000000.0,7209000000.0,0.0
DHR,net_income,2023-12-31,4,4764000000.0,4764000000.0,0.0
DHR,net_income,2024-12-31,4,3899000000.0,3899000000.0,0.0
DHR,net_income,2025-12-31,4,3614000000.0,3614000000.0,0.0
DHR,ocf,2011-12-31,4,2626267000.0,2626267000.0,0.0
DHR,ocf,2012-12-31,4,3415000000.0,3415000000.0,0.0
DHR,ocf,2013-12-31,4,3585300000.0,3585300000.0,0.0
DHR,ocf,2014-12-31,4,3758400000.0,3758400000.0,0.0
DHR,ocf,2015-12-31,4,3801800000.0,3801800000.0,0.0
DHR,ocf,2016-12-31,4,3521800000.0,3521800000.0,0.0
DHR,ocf,2017-12-31,4,3477800000.0,3477800000.0,0.0
DHR,ocf,2018-12-31,4,4022000000.0,4022000000.0,0.0
DHR,ocf,2019-12-31,4,3951600000.0,3951600000.0,0.0
DHR,ocf,2020-12-31,4,6208000000.0,6208000000.0,0.0
DHR,ocf,2021-12-31,4,8358000000.0,8358000000.0,0.0
DHR,ocf,2022-12-31,4,8519000000.0,8519000000.0,0.0
DHR,ocf,2023-12-31,4,7164000000.0,7164000000.0,0.0
DHR,ocf,2024-12-31,4,6688000000.0,6688000000.0,0.0
DHR,ocf,2025-12-31,4,6416000000.0,6416000000.0,0.0
DIS,revenue,2017-09-30,0,55137000000.0,,
DIS,revenue,2018-09-29,4,59434000000.0,59434000000.0,0.0
DIS,revenue,2019-09-28,4,69570000000.0,69570000000.0,0.0
DIS,revenue,2020-10-03,4,65388000000.0,65353000000.0,0.0005352664097387899
DIS,revenue,2021-10-02,4,67418000000.0,67418000000.0,0.0
DIS,revenue,2022-10-01,4,82722000000.0,82722000000.0,0.0
DIS,revenue,2023-09-30,4,88898000000.0,88898000000.0,0.0
DIS,revenue,2024-09-28,4,91361000000.0,91361000000.0,0.0
DIS,revenue,2025-09-27,4,94425000000.0,94425000000.0,0.0
DIS,net_income,2017-09-30,4,8980000000.0,8980000000.0,0.0
DIS,net_income,2018-09-29,4,12598000000.0,12598000000.0,0.0
DIS,net_income,2019-09-28,4,11054000000.0,11054000000.0,0.0
DIS,net_income,2020-10-03,4,-2864000000.0,-2864000000.0,0.0
DIS,net_income,2021-10-02,4,1995000000.0,1995000000.0,0.0
DIS,net_income,2022-10-01,4,3145000000.0,3145000000.0,0.0
DIS,net_income,2023-09-30,4,2354000000.0,2354000000.0,0.0
DIS,net_income,2024-09-28,4,4972000000.0,4972000000.0,0.0
DIS,net_income,2025-09-27,4,12404000000.0,12404000000.0,0.0
DIS,net_income,2011-10-01,4,4807000000.0,4807000000.0,0.0
DIS,net_income,2012-09-29,4,5682000000.0,5682000000.0,0.0
DIS,net_income,2013-09-28,4,6136000000.0,6136000000.0,0.0
DIS,net_income,2014-09-27,4,7501000000.0,7501000000.0,0.0
DIS,net_income,2015-10-03,4,8382000000.0,8382000000.0,0.0
DIS,net_income,2016-10-01,4,9391000000.0,9391000000.0,0.0
DIS,ocf,2023-09-30,4,9866000000.0,9866000000.0,0.0
DIS,ocf,2024-09-28,4,13971000000.0,13971000000.0,0.0
DIS,ocf,2025-09-27,4,18101000000.0,18101000000.0,0.0
DIS,ocf,2011-10-01,4,6994000000.0,6994000000.0,0.0
DIS,ocf,2012-09-29,4,7966000000.0,7966000000.0,0.0
DIS,ocf,2013-09-28,4,9452000000.0,9452000000.0,0.0
DIS,ocf,2014-09-27,4,9780000000.0,9780000000.0,0.0
DIS,ocf,2015-10-03,4,10909000000.0,10909000000.0,0.0
DIS,ocf,2016-10-01,4,13213000000.0,13213000000.0,0.0
DIS,ocf,2017-09-30,4,12343000000.0,12343000000.0,0.0
DIS,ocf,2018-09-29,4,14295000000.0,14295000000.0,0.0
DOCU,revenue,2017-01-31,0,381459000.0,,
DOCU,revenue,2018-01-31,4,518504000.0,518504000.0,0.0
DOCU,revenue,2019-01-31,4,700969000.0,700969000.0,0.0
DOCU,revenue,2020-01-31,4,973971000.0,973971000.0,0.0
DOCU,revenue,2021-01-31,4,1453047000.0,1453047000.0,0.0
DOCU,revenue,2022-01-31,4,2107213000.0,2107213000.0,0.0
DOCU,revenue,2023-01-31,4,2515915000.0,2515915000.0,0.0
DOCU,revenue,2024-01-31,4,2761882000.0,2761882000.0,0.0
DOCU,revenue,2025-01-31,4,2976739000.0,2976739000.0,0.0
DOCU,revenue,2026-01-31,4,3219500000.0,3219500000.0,0.0
DOCU,net_income,2017-01-31,0,-115412000.0,,
DOCU,net_income,2018-01-31,4,-52276000.0,-52276000.0,0.0
DOCU,net_income,2019-01-31,4,-426458000.0,-426458000.0,0.0
DOCU,net_income,2020-01-31,4,-208359000.0,-208359000.0,0.0
DOCU,net_income,2021-01-31,4,-243267000.0,-243267000.0,0.0
DOCU,net_income,2022-01-31,4,-69976000.0,-69976000.0,0.0
DOCU,net_income,2023-01-31,4,-97454000.0,-97454000.0,0.0
DOCU,net_income,2024-01-31,4,73980000.0,73980000.0,0.0
DOCU,net_income,2025-01-31,4,1067885000.0,1067885000.0,0.0
DOCU,net_income,2026-01-31,4,309085000.0,309085000.0,0.0
DOCU,ocf,2017-01-31,0,-4790000.0,,
DOCU,ocf,2018-01-31,4,54979000.0,54979000.0,0.0
DOCU,ocf,2019-01-31,4,76086000.0,76086000.0,0.0
DOCU,ocf,2020-01-31,4,115696000.0,115696000.0,0.0
DOCU,ocf,2021-01-31,4,296954000.0,296954000.0,0.0
DOCU,ocf,2022-01-31,4,506467000.0,506467000.0,0.0
DOCU,ocf,2023-01-31,4,506759000.0,506759000.0,0.0
DOCU,ocf,2024-01-31,4,979526000.0,979526000.0,0.0
DOCU,ocf,2025-01-31,4,1017272000.0,1017272000.0,0.0
DOCU,ocf,2026-01-31,4,1165007000.0,1165007000.0,0.0
DUK,revenue,2018-12-31,4,23757000000.0,23758000000.0,4.209285684219388e-05
DUK,revenue,2019-12-31,4,24348000000.0,24348000000.0,0.0
DUK,revenue,2020-12-31,4,23480000000.0,23459000000.0,0.0008943781942078365
DUK,revenue,2021-12-31,4,24703000000.0,24703000000.0,0.0
DUK,revenue,2022-12-31,4,28675000000.0,28675000000.0,0.0
DUK,revenue,2023-12-31,4,28674000000.0,28674000000.0,0.0
DUK,revenue,2024-12-31,4,30050000000.0,30050000000.0,0.0
DUK,revenue,2025-12-31,4,31741000000.0,31741000000.0,0.0
DUK,net_income,2011-12-31,4,1706000000.0,1706000000.0,0.0
DUK,net_income,2012-12-31,4,1768000000.0,1768000000.0,0.0
DUK,net_income,2013-12-31,4,2665000000.0,2665000000.0,0.0
DUK,net_income,2014-12-31,4,1883000000.0,1883000000.0,0.0
DUK,net_income,2015-12-31,4,2816000000.0,2816000000.0,0.0
DUK,net_income,2016-12-31,4,2152000000.0,2152000000.0,0.0
DUK,net_income,2017-12-31,4,3059000000.0,3059000000.0,0.0
DUK,net_income,2018-12-31,4,2666000000.0,2666000000.0,0.0
DUK,net_income,2019-12-31,4,3748000000.0,3748000000.0,0.0
DUK,net_income,2020-12-31,4,1377000000.0,1377000000.0,0.0
DUK,net_income,2021-12-31,4,3908000000.0,3908000000.0,0.0
DUK,net_income,2022-12-31,4,2550000000.0,2550000000.0,0.0
DUK,net_income,2023-12-31,4,2841000000.0,2841000000.0,0.0
DUK,net_income,2024-12-31,4,4524000000.0,4524000000.0,0.0
DUK,net_income,2025-12-31,4,4968000000.0,4968000000.0,0.0
DUK,ocf,2011-12-31,4,3672000000.0,3672000000.0,0.0
DUK,ocf,2012-12-31,4,5244000000.0,5244000000.0,0.0
DUK,ocf,2013-12-31,4,6382000000.0,6382000000.0,0.0
DUK,ocf,2014-12-31,4,6586000000.0,6586000000.0,0.0
DUK,ocf,2015-12-31,4,6676000000.0,6676000000.0,0.0
DUK,ocf,2016-12-31,4,6798000000.0,6798000000.0,0.0
DUK,ocf,2017-12-31,4,6634000000.0,6634000000.0,0.0
DUK,ocf,2018-12-31,4,7186000000.0,7186000000.0,0.0
DUK,ocf,2019-12-31,4,8209000000.0,8209000000.0,0.0
DUK,ocf,2020-12-31,4,8856000000.0,8856000000.0,0.0
DUK,ocf,2021-12-31,4,8290000000.0,8290000000.0,0.0
DUK,ocf,2022-12-31,4,5927000000.0,5927000000.0,0.0
DUK,ocf,2023-12-31,4,9878000000.0,9878000000.0,0.0
DUK,ocf,2024-12-31,4,12328000000.0,12328000000.0,0.0
DUK,ocf,2025-12-31,4,12330000000.0,12330000000.0,0.0
DVN,revenue,2011-12-31,4,11454000000.0,11454000000.0,0.0
DVN,revenue,2012-12-31,4,9502000000.0,9502000000.0,0.0
DVN,revenue,2013-12-31,4,10397000000.0,10407000000.0,0.0009618159084351255
DVN,revenue,2014-12-31,4,19566000000.0,19566000000.0,0.0
DVN,revenue,2015-12-31,4,13145000000.0,13145000000.0,0.0
DVN,revenue,2016-12-31,4,12197000000.0,12197000000.0,0.0
DVN,revenue,2017-12-31,4,13949000000.0,12356000000.0,0.11420173489139006
DVN,revenue,2018-12-31,4,10734000000.0,12346000000.0,0.15017700763927708
DVN,revenue,2019-12-31,4,6220000000.0,6858000000.0,0.10257234726688103
DVN,revenue,2020-12-31,4,4828000000.0,4828000000.0,0.0
DVN,revenue,2021-12-31,4,12206000000.0,11918000000.0,0.023594953301654925
DVN,revenue,2022-12-31,4,19169000000.0,19169000000.0,0.0
DVN,revenue,2023-12-31,4,15258000000.0,15258000000.0,0.0
DVN,revenue,2024-12-31,4,15940000000.0,15940000000.0,0.0
DVN,revenue,2025-12-31,4,17188000000.0,17188000000.0,0.0
DVN,net_income,2011-12-31,4,4704000000.0,4704000000.0,0.0
DVN,net_income,2012-12-31,4,-206000000.0,-206000000.0,0.0
DVN,net_income,2013-12-31,4,-20000000.0,-20000000.0,0.0
DVN,net_income,2014-12-31,4,1607000000.0,1607000000.0,0.0
DVN,net_income,2015-12-31,4,-14454000000.0,-14454000000.0,0.0
DVN,net_income,2016-12-31,4,-3302000000.0,-3302000000.0,0.0
DVN,net_income,2017-12-31,4,898000000.0,1401000000.0,0.5601336302895323
DVN,net_income,2018-12-31,4,3064000000.0,3064000000.0,0.0
DVN,net_income,2019-12-31,4,-355000000.0,-355000000.0,0.0
DVN,net_income,2020-12-31,4,-2680000000.0,-2680000000.0,0.0
DVN,net_income,2021-12-31,4,2813000000.0,2813000000.0,0.0
DVN,net_income,2022-12-31,4,6015000000.0,6015000000.0,0.0
DVN,net_income,2023-12-31,4,3747000000.0,3747000000.0,0.0
DVN,net_income,2024-12-31,4,2891000000.0,2891000000.0,0.0
DVN,net_income,2025-12-31,4,2642000000.0,2642000000.0,0.0
DVN,ocf,2011-12-31,4,6224000000.0,6224000000.0,0.0
DVN,ocf,2012-12-31,4,4956000000.0,4956000000.0,0.0
DVN,ocf,2013-12-31,4,5436000000.0,5436000000.0,0.0
DVN,ocf,2014-12-31,0,5981000000.0,,
DVN,ocf,2015-12-31,0,4898000000.0,,
DVN,ocf,2016-12-31,0,1500000000.0,,
DVN,ocf,2017-12-31,1,2909000000.0,,
DVN,ocf,2021-12-31,4,4899000000.0,4899000000.0,0.0
DVN,ocf,2022-12-31,4,8530000000.0,8530000000.0,0.0
DVN,ocf,2023-12-31,4,6544000000.0,6544000000.0,0.0
DVN,ocf,2024-12-31,4,6600000000.0,6600000000.0,0.0
DVN,ocf,2025-12-31,4,6711000000.0,6711000000.0,0.0
EBAY,revenue,2016-12-31,0,9298000000.0,,
EBAY,revenue,2017-12-31,4,9927000000.0,9927000000.0,0.0
EBAY,revenue,2018-12-31,4,10746000000.0,10746000000.0,0.0
EBAY,revenue,2019-12-31,4,10800000000.0,10800000000.0,0.0
EBAY,revenue,2020-12-31,4,10271000000.0,10713000000.0,0.04303378444163178
EBAY,revenue,2021-12-31,4,10420000000.0,10805000000.0,0.03694817658349328
EBAY,revenue,2022-12-31,4,9795000000.0,9795000000.0,0.0
EBAY,revenue,2023-12-31,4,10112000000.0,10112000000.0,0.0
EBAY,revenue,2024-12-31,4,10283000000.0,10283000000.0,0.0
EBAY,revenue,2025-12-31,4,11100000000.0,11100000000.0,0.0
EBAY,net_income,2011-12-31,4,3229387000.0,3229387000.0,0.0
EBAY,net_income,2012-12-31,4,2609000000.0,2610000000.0,0.0003832886163280951
EBAY,net_income,2013-12-31,4,2856000000.0,2856000000.0,0.0
EBAY,net_income,2014-12-31,4,46000000.0,46000000.0,0.0
EBAY,net_income,2015-12-31,4,1725000000.0,1725000000.0,0.0
EBAY,net_income,2016-12-31,4,7266000000.0,7266000000.0,0.0
EBAY,net_income,2017-12-31,4,-1016000000.0,-1016000000.0,0.0
EBAY,net_income,2018-12-31,4,2530000000.0,2530000000.0,0.0
EBAY,net_income,2019-12-31,4,1786000000.0,1786000000.0,0.0
EBAY,net_income,2020-12-31,4,5667000000.0,5667000000.0,0.0
EBAY,net_income,2021-12-31,4,13608000000.0,13608000000.0,0.0
EBAY,net_income,2022-12-31,4,-1269000000.0,-1269000000.0,0.0
EBAY,net_income,2023-12-31,4,2767000000.0,2767000000.0,0.0
EBAY,net_income,2024-12-31,4,1975000000.0,1975000000.0,0.0
EBAY,net_income,2025-12-31,4,2031000000.0,2031000000.0,0.0
EBAY,ocf,2011-12-31,4,3273674000.0,3273674000.0,0.0
EBAY,ocf,2012-12-31,4,3838000000.0,3838000000.0,0.0
EBAY,ocf,2013-12-31,4,4995000000.0,4995000000.0,0.0
EBAY,ocf,2014-12-31,4,5677000000.0,5677000000.0,0.0
EBAY,ocf,2015-12-31,4,4033000000.0,4033000000.0,0.0
EBAY,ocf,2016-12-31,4,2826000000.0,2826000000.0,0.0
EBAY,ocf,2017-12-31,4,3146000000.0,3146000000.0,0.0
EBAY,ocf,2018-12-31,4,2658000000.0,2658000000.0,0.0
EBAY,ocf,2019-12-31,4,3114000000.0,3114000000.0,0.0
EBAY,ocf,2020-12-31,4,2419000000.0,2419000000.0,0.0
EBAY,ocf,2021-12-31,4,2657000000.0,2657000000.0,0.0
EBAY,ocf,2022-12-31,4,2254000000.0,2254000000.0,0.0
EBAY,ocf,2023-12-31,4,2426000000.0,2426000000.0,0.0
EBAY,ocf,2024-12-31,4,2414000000.0,2414000000.0,0.0
EBAY,ocf,2025-12-31,4,1959000000.0,1959000000.0,0.0
ETN,revenue,2016-12-31,0,19747000000.0,,
ETN,revenue,2017-12-31,2,20404000000.0,,
ETN,revenue,2018-12-31,4,21609000000.0,21609000000.0,0.0
ETN,revenue,2019-12-31,4,21390000000.0,21390000000.0,0.0
ETN,revenue,2020-12-31,4,17858000000.0,17858000000.0,0.0
ETN,revenue,2021-12-31,4,19628000000.0,19628000000.0,0.0
ETN,revenue,2022-12-31,4,20752000000.0,20752000000.0,0.0
ETN,revenue,2023-12-31,4,23196000000.0,23196000000.0,0.0
ETN,revenue,2024-12-31,4,24878000000.0,24878000000.0,0.0
ETN,revenue,2025-12-31,4,27448000000.0,27448000000.0,0.0
ETN,net_income,2011-12-31,0,1350000000.0,,
ETN,net_income,2012-12-31,0,1217000000.0,,
ETN,net_income,2018-12-31,4,2145000000.0,2145000000.0,0.0
ETN,net_income,2019-12-31,4,2211000000.0,2211000000.0,0.0
ETN,net_income,2020-12-31,4,1410000000.0,1410000000.0,0.0
ETN,net_income,2021-12-31,4,2144000000.0,2144000000.0,0.0
ETN,net_income,2022-12-31,4,2462000000.0,2461000000.0,0.00040617384240454913
ETN,net_income,2023-12-31,4,3218000000.0,3218000000.0,0.0
ETN,net_income,2024-12-31,4,3794000000.0,3794000000.0,0.0
ETN,net_income,2025-12-31,4,4087000000.0,4088000000.0,0.00024467824810374357
ETN,ocf,2011-12-31,0,1248000000.0,,
ETN,ocf,2012-12-31,4,1664000000.0,1664000000.0,0.0
ETN,ocf,2013-12-31,4,2285000000.0,2285000000.0,0.0
ETN,ocf,2014-12-31,4,1878000000.0,1878000000.0,0.0
ETN,ocf,2015-12-31,4,2371000000.0,2371000000.0,0.0
ETN,ocf,2016-12-31,4,2552000000.0,2552000000.0,0.0
ETN,ocf,2017-12-31,4,2666000000.0,2666000000.0,0.0
ETN,ocf,2018-12-31,4,2658000000.0,2658000000.0,0.0
ETN,ocf,2019-12-31,4,3451000000.0,3451000000.0,0.0
ETN,ocf,2020-12-31,4,2944000000.0,2944000000.0,0.0
ETN,ocf,2021-12-31,4,2163000000.0,2163000000.0,0.0
ETN,ocf,2022-12-31,4,2533000000.0,2533000000.0,0.0
ETN,ocf,2023-12-31,4,3624000000.0,3624000000.0,0.0
ETN,ocf,2024-12-31,4,4327000000.0,4327000000.0,0.0
ETN,ocf,2025-12-31,4,4472000000.0,4472000000.0,0.0
ETSY,revenue,2016-12-31,0,364967000.0,,
ETSY,revenue,2017-12-31,3,441231000.0,,
ETSY,revenue,2018-12-31,4,603693000.0,603693000.0,0.0
ETSY,revenue,2019-12-31,4,818379000.0,818379000.0,0.0
ETSY,revenue,2020-12-31,4,1725625000.0,1725625000.0,0.0
ETSY,revenue,2021-12-31,4,2329114000.0,2329114000.0,0.0
ETSY,revenue,2022-12-31,4,2566111000.0,2566111000.0,0.0
ETSY,revenue,2023-12-31,4,2748377000.0,2748377000.0,0.0
ETSY,revenue,2024-12-31,4,2808332000.0,2808332000.0,0.0
ETSY,revenue,2025-12-31,4,2883501000.0,2883501000.0,0.0
ETSY,net_income,2013-12-31,0,-796000.0,,
ETSY,net_income,2014-12-31,4,-15243000.0,-15243000.0,0.0
ETSY,net_income,2015-12-31,4,-54063000.0,-54063000.0,0.0
ETSY,net_income,2016-12-31,4,-29901000.0,-29901000.0,0.0
ETSY,net_income,2017-12-31,4,81800000.0,81800000.0,0.0
ETSY,net_income,2018-12-31,4,77491000.0,77491000.0,0.0
ETSY,net_income,2019-12-31,4,95894000.0,95894000.0,0.0
ETSY,net_income,2020-12-31,4,349246000.0,349246000.0,0.0
ETSY,net_income,2021-12-31,4,493507000.0,493507000.0,0.0
ETSY,net_income,2022-12-31,4,-694288000.0,-694288000.0,0.0
ETSY,net_income,2023-12-31,4,307568000.0,307568000.0,0.0
ETSY,net_income,2024-12-31,4,303281000.0,303281000.0,0.0
ETSY,net_income,2025-12-31,4,162982000.0,162982000.0,0.0
ETSY,ocf,2013-12-31,0,16542000.0,,
ETSY,ocf,2014-12-31,4,12087000.0,12087000.0,0.0
ETSY,ocf,2015-12-31,4,29211000.0,29211000.0,0.0
ETSY,ocf,2016-12-31,4,46759000.0,46759000.0,0.0
ETSY,ocf,2017-12-31,4,67420000.0,67420000.0,0.0
ETSY,ocf,2018-12-31,4,198925000.0,198925000.0,0.0
ETSY,ocf,2019-12-31,4,206920000.0,206920000.0,0.0
ETSY,ocf,2020-12-31,4,678956000.0,678956000.0,0.0
ETSY,ocf,2021-12-31,4,651551000.0,651551000.0,0.0
ETSY,ocf,2022-12-31,4,683612000.0,683612000.0,0.0
ETSY,ocf,2023-12-31,4,705513000.0,705513000.0,0.0
ETSY,ocf,2024-12-31,4,752469000.0,752469000.0,0.0
ETSY,ocf,2025-12-31,4,693414000.0,693414000.0,0.0
EXC,revenue,2011-12-31,4,18924000000.0,18925000000.0,5.28429507503699e-05
EXC,revenue,2012-12-31,4,23489000000.0,23489000000.0,0.0
EXC,revenue,2013-12-31,4,24888000000.0,24888000000.0,0.0
EXC,revenue,2014-12-31,4,27429000000.0,27428000000.0,3.6457763680775823e-05
EXC,revenue,2015-12-31,4,29447000000.0,29447000000.0,0.0
EXC,revenue,2016-12-31,4,31360000000.0,31360000000.0,0.0
EXC,revenue,2017-12-31,4,33531000000.0,33530000000.0,2.9823148728042708e-05
EXC,revenue,2018-12-31,4,35985000000.0,35986000000.0,2.778935667639294e-05
EXC,revenue,2019-12-31,4,34438000000.0,34438000000.0,0.0
EXC,revenue,2020-12-31,4,33039000000.0,33036000000.0,9.080177971488241e-05
EXC,revenue,2021-12-31,4,36347000000.0,36347000000.0,0.0
EXC,revenue,2022-12-31,4,19078000000.0,19077000000.0,5.241639584862145e-05
EXC,revenue,2023-12-31,4,21727000000.0,21728000000.0,4.6025682330740555e-05
EXC,revenue,2024-12-31,4,23028000000.0,23029000000.0,4.342539517109606e-05
EXC,revenue,2025-12-31,4,24258000000.0,24258000000.0,0.0
EXC,net_income,2011-12-31,4,2495000000.0,2495000000.0,0.0
EXC,net_income,2012-12-31,4,1160000000.0,1160000000.0,0.0
EXC,net_income,2013-12-31,4,1719000000.0,1719000000.0,0.0
EXC,net_income,2014-12-31,4,1623000000.0,1624000000.0,0.0006161429451632779
EXC,net_income,2015-12-31,4,2269000000.0,2269000000.0,0.0
EXC,net_income,2016-12-31,4,1134000000.0,1134000000.0,0.0
EXC,net_income,2017-12-31,4,3770000000.0,3770000000.0,0.0
EXC,net_income,2018-12-31,4,2010000000.0,2009000000.0,0.0004975124378109452
EXC,net_income,2019-12-31,4,2936000000.0,2936000000.0,0.0
EXC,net_income,2020-12-31,4,1963000000.0,1963000000.0,0.0
EXC,net_income,2021-12-31,4,1706000000.0,1706000000.0,0.0
EXC,net_income,2022-12-31,4,2170000000.0,2170000000.0,0.0
EXC,net_income,2023-12-31,4,2328000000.0,2329000000.0,0.000429553264604811
EXC,net_income,2024-12-31,4,2460000000.0,2460000000.0,0.0
EXC,net_income,2025-12-31,4,2768000000.0,2768000000.0,0.0
EXC,ocf,2011-12-31,4,4853000000.0,4853000000.0,0.0
EXC,ocf,2012-12-31,4,6131000000.0,6131000000.0,0.0
EXC,ocf,2013-12-31,4,6343000000.0,6343000000.0,0.0
EXC,ocf,2014-12-31,4,4457000000.0,4457000000.0,0.0
EXC,ocf,2015-12-31,4,7616000000.0,7616000000.0,0.0
EXC,ocf,2016-12-31,4,8445000000.0,8445000000.0,0.0
EXC,ocf,2017-12-31,4,7480000000.0,7480000000.0,0.0
EXC,ocf,2018-12-31,4,8644000000.0,8644000000.0,0.0
EXC,ocf,2019-12-31,4,6659000000.0,6659000000.0,0.0
EXC,ocf,2020-12-31,4,4235000000.0,4235000000.0,0.0
EXC,ocf,2021-12-31,4,3012000000.0,3012000000.0,0.0
EXC,ocf,2022-12-31,4,4870000000.0,4870000000.0,0.0
EXC,ocf,2023-12-31,4,4703000000.0,4703000000.0,0.0
EXC,ocf,2024-12-31,4,5569000000.0,5569000000.0,0.0
EXC,ocf,2025-12-31,4,6254000000.0,6254000000.0,0.0
F,revenue,2016-12-31,0,151800000000.0,,
F,revenue,2017-12-31,4,156776000000.0,156776000000.0,0.0
F,revenue,2018-12-31,4,160338000000.0,160338000000.0,0.0
F,revenue,2019-12-31,4,155900000000.0,155900000000.0,0.0
F,revenue,2020-12-31,4,127144000000.0,127144000000.0,0.0
F,revenue,2021-12-31,4,136341000000.0,136341000000.0,0.0
F,revenue,2022-12-31,4,158057000000.0,158057000000.0,0.0
F,revenue,2023-12-31,4,176191000000.0,176191000000.0,0.0
F,revenue,2024-12-31,4,184992000000.0,184992000000.0,0.0
F,revenue,2025-12-31,4,187267000000.0,187267000000.0,0.0
F,net_income,2014-12-31,0,1231000000.0,,
F,net_income,2015-12-31,4,7373000000.0,7373000000.0,0.0
F,net_income,2016-12-31,4,4596000000.0,4596000000.0,0.0
F,net_income,2017-12-31,4,7602000000.0,7602000000.0,0.0
F,net_income,2018-12-31,4,3677000000.0,3677000000.0,0.0
F,net_income,2019-12-31,4,47000000.0,47000000.0,0.0
F,net_income,2020-12-31,4,-1279000000.0,-1279000000.0,0.0
F,net_income,2021-12-31,4,17937000000.0,17937000000.0,0.0
F,net_income,2022-12-31,4,-1981000000.0,-1981000000.0,0.0
F,net_income,2023-12-31,4,4347000000.0,4347000000.0,0.0
F,net_income,2024-12-31,4,5879000000.0,5879000000.0,0.0
F,net_income,2025-12-31,4,-8182000000.0,-8182000000.0,0.0
F,ocf,2017-12-31,2,18096000000.0,,
F,ocf,2018-12-31,4,15022000000.0,15022000000.0,0.0
F,ocf,2019-12-31,4,17639000000.0,17639000000.0,0.0
F,ocf,2020-12-31,4,24269000000.0,24269000000.0,0.0
F,ocf,2021-12-31,4,15787000000.0,15787000000.0,0.0
F,ocf,2022-12-31,4,6853000000.0,6853000000.0,0.0
F,ocf,2023-12-31,4,14918000000.0,14918000000.0,0.0
F,ocf,2024-12-31,4,15423000000.0,15423000000.0,0.0
F,ocf,2025-12-31,4,21282000000.0,21282000000.0,0.0
FCX,revenue,2014-12-31,0,20001000000.0,,
FCX,revenue,2015-12-31,4,14607000000.0,14607000000.0,0.0
FCX,revenue,2016-12-31,4,14830000000.0,14830000000.0,0.0
FCX,revenue,2017-12-31,4,16403000000.0,16403000000.0,0.0
FCX,revenue,2018-12-31,4,18628000000.0,18628000000.0,0.0
FCX,revenue,2019-12-31,4,14402000000.0,14402000000.0,0.0
FCX,revenue,2020-12-31,4,14198000000.0,14198000000.0,0.0
FCX,revenue,2021-12-31,4,22845000000.0,22845000000.0,0.0
FCX,revenue,2022-12-31,4,22780000000.0,22780000000.0,0.0
FCX,revenue,2023-12-31,4,22855000000.0,22855000000.0,0.0
FCX,revenue,2024-12-31,4,25455000000.0,25455000000.0,0.0
FCX,revenue,2025-12-31,4,25915000000.0,25915000000.0,0.0
FCX,net_income,2011-12-31,4,5747000000.0,5747000000.0,0.0
FCX,net_income,2012-12-31,4,3980000000.0,3980000000.0,0.0
FCX,net_income,2013-12-31,4,3441000000.0,3441000000.0,0.0
FCX,net_income,2014-12-31,4,-745000000.0,-745000000.0,0.0
FCX,net_income,2015-12-31,4,-12089000000.0,-12089000000.0,0.0
FCX,net_income,2016-12-31,4,-4025000000.0,-4025000000.0,0.0
FCX,net_income,2017-12-31,4,2095000000.0,2095000000.0,0.0
FCX,net_income,2018-12-31,4,2894000000.0,2894000000.0,0.0
FCX,net_income,2019-12-31,4,-189000000.0,-189000000.0,0.0
FCX,net_income,2020-12-31,4,865000000.0,865000000.0,0.0
FCX,net_income,2021-12-31,4,5365000000.0,5365000000.0,0.0
FCX,net_income,2022-12-31,4,4479000000.0,4479000000.0,0.0
FCX,net_income,2023-12-31,4,3751000000.0,3751000000.0,0.0
FCX,net_income,2024-12-31,4,4399000000.0,4399000000.0,0.0
FCX,net_income,2025-12-31,4,4152000000.0,4152000000.0,0.0
FCX,ocf,2011-12-31,4,6620000000.0,6620000000.0,0.0
FCX,ocf,2012-12-31,4,3774000000.0,3774000000.0,0.0
FCX,ocf,2013-12-31,4,6139000000.0,6139000000.0,0.0
FCX,ocf,2014-12-31,4,5631000000.0,5631000000.0,0.0
FCX,ocf,2015-12-31,4,3220000000.0,3220000000.0,0.0
FCX,ocf,2016-12-31,4,3729000000.0,3729000000.0,0.0
FCX,ocf,2017-12-31,4,4682000000.0,4682000000.0,0.0
FCX,ocf,2018-12-31,4,3863000000.0,3863000000.0,0.0
FCX,ocf,2019-12-31,4,1482000000.0,1482000000.0,0.0
FCX,ocf,2020-12-31,4,3017000000.0,3017000000.0,0.0
FCX,ocf,2021-12-31,4,7715000000.0,7715000000.0,0.0
FCX,ocf,2022-12-31,4,5139000000.0,5139000000.0,0.0
FCX,ocf,2023-12-31,4,5279000000.0,5279000000.0,0.0
FCX,ocf,2024-12-31,4,7160000000.0,7160000000.0,0.0
FCX,ocf,2025-12-31,4,5610000000.0,5610000000.0,0.0
FISV,revenue,2011-12-31,4,4337000000.0,4337000000.0,0.0
FISV,revenue,2012-12-31,4,4482000000.0,4482000000.0,0.0
FISV,revenue,2013-12-31,4,4814000000.0,4814000000.0,0.0
FISV,revenue,2014-12-31,4,5066000000.0,5066000000.0,0.0
FISV,revenue,2015-12-31,4,5254000000.0,5254000000.0,0.0
FISV,revenue,2016-12-31,4,5505000000.0,5505000000.0,0.0
FISV,revenue,2017-12-31,4,5696000000.0,5696000000.0,0.0
FISV,revenue,2018-12-31,4,5823000000.0,5823000000.0,0.0
FISV,revenue,2020-12-31,0,14852000000.0,,
FISV,revenue,2021-12-31,0,16226000000.0,,
FISV,revenue,2022-12-31,4,17737000000.0,17737000000.0,0.0
FISV,revenue,2023-12-31,4,19093000000.0,19093000000.0,0.0
FISV,revenue,2024-12-31,4,20456000000.0,20456000000.0,0.0
FISV,revenue,2025-12-31,4,21193000000.0,21193000000.0,0.0
FISV,net_income,2011-12-31,4,472000000.0,472000000.0,0.0
FISV,net_income,2012-12-31,4,611000000.0,611000000.0,0.0
FISV,net_income,2013-12-31,4,648000000.0,648000000.0,0.0
FISV,net_income,2014-12-31,4,754000000.0,754000000.0,0.0
FISV,net_income,2015-12-31,4,712000000.0,712000000.0,0.0
FISV,net_income,2016-12-31,4,930000000.0,930000000.0,0.0
FISV,net_income,2017-12-31,4,1246000000.0,1246000000.0,0.0
FISV,net_income,2018-12-31,4,1187000000.0,1187000000.0,0.0
FISV,net_income,2019-12-31,4,893000000.0,893000000.0,0.0
FISV,net_income,2020-12-31,4,958000000.0,958000000.0,0.0
FISV,net_income,2021-12-31,4,1334000000.0,1334000000.0,0.0
FISV,net_income,2022-12-31,4,2530000000.0,2530000000.0,0.0
FISV,net_income,2023-12-31,4,3068000000.0,3068000000.0,0.0
FISV,net_income,2024-12-31,4,3131000000.0,3131000000.0,0.0
FISV,net_income,2025-12-31,4,3480000000.0,3480000000.0,0.0
FISV,ocf,2018-12-31,0,1552000000.0,,
FISV,ocf,2019-12-31,4,2795000000.0,2795000000.0,0.0
FISV,ocf,2020-12-31,4,4147000000.0,4147000000.0,0.0
FISV,ocf,2021-12-31,4,4034000000.0,4034000000.0,0.0
FISV,ocf,2022-12-31,4,4618000000.0,4618000000.0,0.0
FISV,ocf,2023-12-31,4,5162000000.0,5162000000.0,0.0
FISV,ocf,2024-12-31,4,6631000000.0,6631000000.0,0.0
FISV,ocf,2025-12-31,4,6062000000.0,6062000000.0,0.0
GE,revenue,2011-12-31,4,147300000000.0,121017000000.0,0.17843177189409368
GE,revenue,2012-12-31,4,147359000000.0,119802000000.0,0.18700588359041526
GE,revenue,2013-12-31,4,146045000000.0,146045000000.0,0.0
GE,revenue,2014-12-31,4,148589000000.0,148589000000.0,0.0
GE,revenue,2015-12-31,4,117386000000.0,96375000000.0,0.17899068031962925
GE,revenue,2016-12-31,4,123693000000.0,93254000000.0,0.24608506544428546
GE,revenue,2017-12-31,4,122092000000.0,122091000000.0,8.190544835042428e-06
GE,revenue,2018-12-31,4,121615000000.0,121615000000.0,0.0
GE,revenue,2019-12-31,4,95214000000.0,105715000000.0,0.11028840296595038
GE,revenue,2020-12-31,4,79619000000.0,78724000000.0,0.011241035431241287
GE,revenue,2021-12-31,4,74196000000.0,74129000000.0,0.0009030136395493019
GE,revenue,2022-12-31,4,76555000000.0,76556000000.0,1.3062504082032525e-05
GE,revenue,2023-12-31,4,67954000000.0,67954000000.0,0.0
GE,revenue,2024-12-31,4,38702000000.0,45801000000.0,0.18342721306392434
GE,revenue,2025-12-31,4,45855000000.0,45856000000.0,2.180787264202377e-05
GE,net_income,2011-12-31,4,14151000000.0,14151000000.0,0.0
GE,net_income,2012-12-31,4,13641000000.0,13641000000.0,0.0
GE,net_income,2013-12-31,4,13057000000.0,13057000000.0,0.0
GE,net_income,2014-12-31,4,15233000000.0,15233000000.0,0.0
GE,net_income,2015-12-31,4,-6126000000.0,-6126000000.0,0.0
GE,net_income,2016-12-31,4,8831000000.0,8775000000.0,0.006341297701279583
GE,net_income,2017-12-31,4,-5786000000.0,-5786000000.0,0.0
GE,net_income,2018-12-31,4,-22355000000.0,-22355000000.0,0.0
GE,net_income,2019-12-31,4,-4979000000.0,-4980000000.0,0.0002008435428800964
GE,net_income,2020-12-31,4,5704000000.0,5704000000.0,0.0
GE,net_income,2021-12-31,4,-6520000000.0,-6519000000.0,0.00015337423312883436
GE,net_income,2022-12-31,4,225000000.0,225000000.0,0.0
GE,net_income,2023-12-31,4,9481000000.0,9480000000.0,0.00010547410610695074
GE,net_income,2024-12-31,4,6556000000.0,6554000000.0,0.0003050640634533252
GE,net_income,2025-12-31,4,8704000000.0,8704000000.0,0.0
GE,ocf,2011-12-31,4,33359000000.0,33359000000.0,0.0
GE,ocf,2012-12-31,4,31331000000.0,31331000000.0,0.0
GE,ocf,2013-12-31,4,28579000000.0,28579000000.0,0.0
GE,ocf,2014-12-31,4,27710000000.0,27710000000.0,0.0
GE,ocf,2015-12-31,4,19891000000.0,19891000000.0,0.0
GE,ocf,2016-12-31,4,-244000000.0,-244000000.0,0.0
GE,ocf,2017-12-31,4,10426000000.0,10426000000.0,0.0
GE,ocf,2018-12-31,4,4246000000.0,4246000000.0,0.0
GE,ocf,2019-12-31,4,8772000000.0,8772000000.0,0.0
GE,ocf,2020-12-31,4,3597000000.0,3597000000.0,0.0
GE,ocf,2021-12-31,4,3332000000.0,3332000000.0,0.0
GE,ocf,2022-12-31,4,5916000000.0,5916000000.0,0.0
GE,ocf,2023-12-31,4,5179000000.0,5179000000.0,0.0
GE,ocf,2024-12-31,4,4710000000.0,4710000000.0,0.0
GE,ocf,2025-12-31,4,8537000000.0,8537000000.0,0.0
GILD,revenue,2016-12-31,0,30390000000.0,,
GILD,revenue,2017-12-31,0,26107000000.0,,
GILD,revenue,2018-12-31,4,22127000000.0,22127000000.0,0.0
GILD,revenue,2019-12-31,4,22449000000.0,22449000000.0,0.0
GILD,revenue,2020-12-31,4,24689000000.0,24689000000.0,0.0
GILD,revenue,2021-12-31,4,27305000000.0,27305000000.0,0.0
GILD,revenue,2022-12-31,4,27281000000.0,27281000000.0,0.0
GILD,revenue,2023-12-31,4,27116000000.0,27116000000.0,0.0
GILD,revenue,2024-12-31,4,28754000000.0,28754000000.0,0.0
GILD,revenue,2025-12-31,4,29443000000.0,29443000000.0,0.0
GILD,net_income,2011-12-31,4,2803637000.0,2803637000.0,0.0
GILD,net_income,2012-12-31,4,2591566000.0,2581651000.0,0.0038258720788897525
GILD,net_income,2013-12-31,4,3074808000.0,3074808000.0,0.0
GILD,net_income,2014-12-31,4,12101000000.0,12101277000.0,2.289067019254607e-05
GILD,net_income,2015-12-31,4,18108000000.0,18108000000.0,0.0
GILD,net_income,2016-12-31,4,13501000000.0,13501000000.0,0.0
GILD,net_income,2017-12-31,4,4628000000.0,4628000000.0,0.0
GILD,net_income,2018-12-31,4,5455000000.0,5455000000.0,0.0
GILD,net_income,2019-12-31,4,5386000000.0,5386000000.0,0.0
GILD,net_income,2020-12-31,4,123000000.0,123000000.0,0.0
GILD,net_income,2021-12-31,4,6225000000.0,6225000000.0,0.0
GILD,net_income,2022-12-31,4,4592000000.0,4592000000.0,0.0
GILD,net_income,2023-12-31,4,5665000000.0,5664000000.0,0.000176522506619594
GILD,net_income,2024-12-31,4,480000000.0,480000000.0,0.0
GILD,net_income,2025-12-31,4,8510000000.0,8510000000.0,0.0
GILD,ocf,2011-12-31,4,3639010000.0,3639010000.0,0.0
GILD,ocf,2012-12-31,4,3194716000.0,3194716000.0,0.0
GILD,ocf,2013-12-31,4,3104988000.0,3104988000.0,0.0
GILD,ocf,2014-12-31,4,12818000000.0,12818000000.0,0.0
GILD,ocf,2015-12-31,4,20329000000.0,20329000000.0,0.0
GILD,ocf,2016-12-31,4,16669000000.0,16669000000.0,0.0
GILD,ocf,2017-12-31,4,11898000000.0,11898000000.0,0.0
GILD,ocf,2018-12-31,4,8400000000.0,8400000000.0,0.0
GILD,ocf,2019-12-31,4,9144000000.0,9144000000.0,0.0
GILD,ocf,2020-12-31,4,8168000000.0,8168000000.0,0.0
GILD,ocf,2021-12-31,4,11384000000.0,11384000000.0,0.0
GILD,ocf,2022-12-31,4,9072000000.0,9072000000.0,0.0
GILD,ocf,2023-12-31,4,8006000000.0,8006000000.0,0.0
GILD,ocf,2024-12-31,4,10828000000.0,10828000000.0,0.0
GILD,ocf,2025-12-31,4,10019000000.0,10019000000.0,0.0
GIS,revenue,2017-05-28,0,15619800000.0,,
GIS,revenue,2018-05-27,4,15740400000.0,15740400000.0,0.0
GIS,revenue,2019-05-26,4,16865200000.0,16865200000.0,0.0
GIS,revenue,2020-05-31,4,17626600000.0,17626600000.0,0.0
GIS,revenue,2021-05-30,4,18127000000.0,18127000000.0,0.0
GIS,revenue,2022-05-29,4,18992800000.0,18992800000.0,0.0
GIS,revenue,2023-05-28,4,20094200000.0,20094200000.0,0.0
GIS,revenue,2024-05-26,4,19857200000.0,19857200000.0,0.0
GIS,revenue,2025-05-25,4,19486600000.0,19486600000.0,0.0
GIS,revenue,2026-05-31,4,18424600000.0,18424600000.0,0.0
GIS,net_income,2011-05-29,4,1798300000.0,1798300000.0,0.0
GIS,net_income,2012-05-27,4,1567300000.0,1567300000.0,0.0
GIS,net_income,2013-05-26,4,1855200000.0,1855200000.0,0.0
GIS,net_income,2014-05-25,4,1824400000.0,1824400000.0,0.0
GIS,net_income,2015-05-31,4,1221300000.0,1221300000.0,0.0
GIS,net_income,2016-05-29,4,1697400000.0,1697400000.0,0.0
GIS,net_income,2017-05-28,4,1657500000.0,1657500000.0,0.0
GIS,net_income,2018-05-27,4,2131000000.0,2131000000.0,0.0
GIS,net_income,2019-05-26,4,1752700000.0,1752700000.0,0.0
GIS,net_income,2020-05-31,4,2181200000.0,2181200000.0,0.0
GIS,net_income,2021-05-30,4,2339800000.0,2339800000.0,0.0
GIS,net_income,2022-05-29,4,2707300000.0,2707300000.0,0.0
GIS,net_income,2023-05-28,4,2593900000.0,2593900000.0,0.0
GIS,net_income,2024-05-26,4,2496600000.0,2496600000.0,0.0
GIS,net_income,2025-05-25,4,2295200000.0,2295200000.0,0.0
GIS,net_income,2026-05-31,4,-87600000.0,-87600000.0,0.0
GIS,ocf,2011-05-29,4,1526800000.0,1526800000.0,0.0
GIS,ocf,2012-05-27,4,2402000000.0,2402000000.0,0.0
GIS,ocf,2013-05-26,4,2926000000.0,2926000000.0,0.0
GIS,ocf,2014-05-25,4,2541000000.0,2541000000.0,0.0
GIS,ocf,2015-05-31,4,2542800000.0,2542800000.0,0.0
GIS,ocf,2016-05-29,2,2764200000.0,,
GIS,ocf,2017-05-28,4,2415200000.0,2415200000.0,0.0
GIS,ocf,2018-05-27,4,2841000000.0,2841000000.0,0.0
GIS,ocf,2019-05-26,4,2807000000.0,2807000000.0,0.0
GIS,ocf,2020-05-31,4,3676200000.0,3676200000.0,0.0
GIS,ocf,2021-05-30,4,2983200000.0,2983200000.0,0.0
GIS,ocf,2022-05-29,4,3316100000.0,3316100000.0,0.0
GIS,ocf,2023-05-28,4,2778600000.0,2778600000.0,0.0
GIS,ocf,2024-05-26,4,3302600000.0,3302600000.0,0.0
GIS,ocf,2025-05-25,4,2918200000.0,2918200000.0,0.0
GIS,ocf,2026-05-31,4,2166200000.0,2166200000.0,0.0
GM,revenue,2011-12-31,4,150276000000.0,150276000000.0,0.0
GM,revenue,2012-12-31,4,152256000000.0,152256000000.0,0.0
GM,revenue,2013-12-31,4,155427000000.0,155427000000.0,0.0
GM,revenue,2014-12-31,4,155929000000.0,155929000000.0,0.0
GM,revenue,2015-12-31,4,152356000000.0,152356000000.0,0.0
GM,revenue,2016-12-31,4,166380000000.0,166380000000.0,0.0
GM,revenue,2017-12-31,4,145588000000.0,149522000000.0,0.02702145781245707
GM,revenue,2018-12-31,4,147049000000.0,147049000000.0,0.0
GM,revenue,2019-12-31,4,137237000000.0,137237000000.0,0.0
GM,revenue,2020-12-31,4,122485000000.0,122485000000.0,0.0
GM,revenue,2021-12-31,4,127004000000.0,127004000000.0,0.0
GM,revenue,2022-12-31,4,156735000000.0,156735000000.0,0.0
GM,revenue,2023-12-31,4,171842000000.0,171841000000.0,5.819299123613552e-06
GM,revenue,2024-12-31,4,187442000000.0,187442000000.0,0.0
GM,revenue,2025-12-31,4,185019000000.0,185020000000.0,5.404850312670591e-06
GM,net_income,2011-12-31,4,9190000000.0,9190000000.0,0.0
GM,net_income,2012-12-31,4,6188000000.0,6188000000.0,0.0
GM,net_income,2013-12-31,4,5346000000.0,5346000000.0,0.0
GM,net_income,2014-12-31,4,3949000000.0,3949000000.0,0.0
GM,net_income,2015-12-31,4,9687000000.0,9687000000.0,0.0
GM,net_income,2016-12-31,4,9427000000.0,9427000000.0,0.0
GM,net_income,2017-12-31,4,-3864000000.0,-3864000000.0,0.0
GM,net_income,2018-12-31,4,8014000000.0,8014000000.0,0.0
GM,net_income,2019-12-31,4,6732000000.0,6732000000.0,0.0
GM,net_income,2020-12-31,4,6427000000.0,6427000000.0,0.0
GM,net_income,2021-12-31,4,10019000000.0,10019000000.0,0.0
GM,net_income,2022-12-31,4,9934000000.0,9935000000.0,0.00010066438494060802
GM,net_income,2023-12-31,4,10127000000.0,10126000000.0,9.874592673052236e-05
GM,net_income,2024-12-31,4,6008000000.0,6008000000.0,0.0
GM,net_income,2025-12-31,4,2697000000.0,2696000000.0,0.0003707823507601038
GM,ocf,2011-12-31,4,8166000000.0,8166000000.0,0.0
GM,ocf,2012-12-31,4,10605000000.0,10605000000.0,0.0
GM,ocf,2015-12-31,0,11769000000.0,,
GM,ocf,2016-12-31,2,16607000000.0,,
GM,ocf,2017-12-31,4,17328000000.0,17328000000.0,0.0
GM,ocf,2018-12-31,4,15256000000.0,15256000000.0,0.0
GM,ocf,2019-12-31,4,15021000000.0,15021000000.0,0.0
GM,ocf,2020-12-31,4,16670000000.0,16670000000.0,0.0
GM,ocf,2021-12-31,4,15188000000.0,15188000000.0,0.0
GM,ocf,2022-12-31,4,16043000000.0,16043000000.0,0.0
GM,ocf,2023-12-31,4,20930000000.0,20930000000.0,0.0
GM,ocf,2024-12-31,4,20129000000.0,20129000000.0,0.0
GM,ocf,2025-12-31,4,26867000000.0,26867000000.0,0.0
GME,revenue,2018-02-03,0,8547100000.0,,
GME,revenue,2019-02-02,4,8285300000.0,8285300000.0,0.0
GME,revenue,2020-02-01,4,6466000000.0,6466000000.0,0.0
GME,revenue,2021-01-30,4,5089800000.0,5089800000.0,0.0
GME,revenue,2022-01-29,4,6010700000.0,6010700000.0,0.0
GME,revenue,2023-01-28,4,5927200000.0,5927200000.0,0.0
GME,revenue,2024-02-03,4,5272800000.0,5272800000.0,0.0
GME,revenue,2025-02-01,4,3823000000.0,3823000000.0,0.0
GME,revenue,2026-01-31,4,3629900000.0,3629900000.0,0.0
GME,net_income,2011-01-29,4,408000000.0,408000000.0,0.0
GME,net_income,2012-01-28,4,339900000.0,339900000.0,0.0
GME,net_income,2013-02-02,4,-269700000.0,-269700000.0,0.0
GME,net_income,2014-02-01,5,354200000.0,,
GME,net_income,2015-01-31,4,393100000.0,393100000.0,0.0
GME,net_income,2016-01-30,4,402800000.0,402800000.0,0.0
GME,net_income,2017-01-28,4,353200000.0,353200000.0,0.0
GME,net_income,2018-02-03,4,34700000.0,34700000.0,0.0
GME,net_income,2019-02-02,4,-673000000.0,-673000000.0,0.0
GME,net_income,2020-02-01,4,-470900000.0,-470900000.0,0.0
GME,net_income,2021-01-30,4,-215300000.0,-215300000.0,0.0
GME,net_income,2022-01-29,4,-381300000.0,-381300000.0,0.0
GME,net_income,2023-01-28,4,-313100000.0,-313100000.0,0.0
GME,net_income,2024-02-03,4,6700000.0,6700000.0,0.0
GME,net_income,2025-02-01,4,131300000.0,131200000.0,0.0007616146230007616
GME,net_income,2026-01-31,4,418400000.0,418400000.0,0.0
GME,ocf,2011-01-29,4,591200000.0,591200000.0,0.0
GME,ocf,2012-01-28,4,624700000.0,624700000.0,0.0
GME,ocf,2013-02-02,4,632400000.0,632400000.0,0.0
GME,ocf,2014-02-01,4,762700000.0,762700000.0,0.0
GME,ocf,2015-01-31,4,480500000.0,480500000.0,0.0
GME,ocf,2016-01-30,4,656800000.0,656800000.0,0.0
GME,ocf,2017-01-28,4,537100000.0,537100000.0,0.0
GME,ocf,2018-02-03,4,434900000.0,434900000.0,0.0
GME,ocf,2019-02-02,4,325100000.0,325100000.0,0.0
GME,ocf,2020-02-01,4,-414500000.0,-414500000.0,0.0
GME,ocf,2021-01-30,4,123700000.0,123700000.0,0.0
GME,ocf,2022-01-29,4,-434300000.0,-434300000.0,0.0
GME,ocf,2023-01-28,4,108200000.0,108200000.0,0.0
GME,ocf,2024-02-03,4,-203700000.0,-203700000.0,0.0
GME,ocf,2025-02-01,4,145700000.0,145700000.0,0.0
GME,ocf,2026-01-31,4,614800000.0,614800000.0,0.0
GOOGL,revenue,2016-12-31,0,90272000000.0,,
GOOGL,revenue,2017-12-31,4,110855000000.0,110855000000.0,0.0
GOOGL,revenue,2018-12-31,4,136819000000.0,136819000000.0,0.0
GOOGL,revenue,2019-12-31,4,161857000000.0,161857000000.0,0.0
GOOGL,revenue,2020-12-31,4,182527000000.0,182527000000.0,0.0
GOOGL,revenue,2021-12-31,4,257637000000.0,257637000000.0,0.0
GOOGL,revenue,2022-12-31,4,282836000000.0,282836000000.0,0.0
GOOGL,revenue,2023-12-31,4,307394000000.0,307394000000.0,0.0
GOOGL,revenue,2024-12-31,4,350018000000.0,350018000000.0,0.0
GOOGL,net_income,2013-12-31,0,12733000000.0,,
GOOGL,net_income,2014-12-31,2,14136000000.0,,
GOOGL,net_income,2015-12-31,4,16348000000.0,16348000000.0,0.0
GOOGL,net_income,2016-12-31,4,19478000000.0,19478000000.0,0.0
GOOGL,net_income,2017-12-31,4,12662000000.0,12662000000.0,0.0
GOOGL,net_income,2018-12-31,4,30736000000.0,30736000000.0,0.0
GOOGL,net_income,2019-12-31,4,34343000000.0,34343000000.0,0.0
GOOGL,net_income,2020-12-31,4,40269000000.0,40269000000.0,0.0
GOOGL,net_income,2021-12-31,4,76033000000.0,76033000000.0,0.0
GOOGL,net_income,2022-12-31,4,59972000000.0,59972000000.0,0.0
GOOGL,net_income,2023-12-31,4,73795000000.0,73795000000.0,0.0
GOOGL,net_income,2024-12-31,4,100118000000.0,100118000000.0,0.0
GOOGL,net_income,2025-12-31,4,132170000000.0,132170000000.0,0.0
GOOGL,ocf,2013-12-31,0,18659000000.0,,
GOOGL,ocf,2014-12-31,1,22376000000.0,,
GOOGL,ocf,2015-12-31,4,26024000000.0,26024000000.0,0.0
GOOGL,ocf,2016-12-31,4,36036000000.0,36036000000.0,0.0
GOOGL,ocf,2017-12-31,4,37091000000.0,37091000000.0,0.0
GOOGL,ocf,2018-12-31,4,47971000000.0,47971000000.0,0.0
GOOGL,ocf,2019-12-31,4,54520000000.0,54520000000.0,0.0
GOOGL,ocf,2020-12-31,4,65124000000.0,65124000000.0,0.0
GOOGL,ocf,2021-12-31,4,91652000000.0,91652000000.0,0.0
GOOGL,ocf,2022-12-31,4,91495000000.0,91495000000.0,0.0
GOOGL,ocf,2023-12-31,4,101746000000.0,101746000000.0,0.0
GOOGL,ocf,2024-12-31,4,125299000000.0,125299000000.0,0.0
GOOGL,ocf,2025-12-31,4,164713000000.0,164713000000.0,0.0
GS,revenue,2011-12-31,0,28811000000.0,,
GS,revenue,2012-12-31,2,34163000000.0,,
GS,revenue,2013-12-31,4,34206000000.0,34206000000.0,0.0
GS,revenue,2014-12-31,4,34528000000.0,34528000000.0,0.0
GS,revenue,2015-12-31,4,33820000000.0,33820000000.0,0.0
GS,revenue,2016-12-31,4,30608000000.0,30608000000.0,0.0
GS,revenue,2017-12-31,4,32073000000.0,32073000000.0,0.0
GS,revenue,2018-12-31,4,36616000000.0,36616000000.0,0.0
GS,revenue,2019-12-31,4,36546000000.0,36546000000.0,0.0
GS,revenue,2020-12-31,4,44560000000.0,44560000000.0,0.0
GS,revenue,2021-12-31,4,59339000000.0,59339000000.0,0.0
GS,revenue,2022-12-31,4,47365000000.0,47365000000.0,0.0
GS,revenue,2023-12-31,4,46254000000.0,46254000000.0,0.0
GS,revenue,2024-12-31,4,53512000000.0,53512000000.0,0.0
GS,revenue,2025-12-31,4,58283000000.0,58283000000.0,0.0
GS,net_income,2011-12-31,3,4442000000.0,,
GS,net_income,2012-12-31,4,7475000000.0,7475000000.0,0.0
GS,net_income,2013-12-31,4,8040000000.0,8040000000.0,0.0
GS,net_income,2014-12-31,4,8477000000.0,8477000000.0,0.0
GS,net_income,2015-12-31,4,6083000000.0,6083000000.0,0.0
GS,net_income,2016-12-31,4,7398000000.0,7398000000.0,0.0
GS,net_income,2017-12-31,4,4286000000.0,4286000000.0,0.0
GS,net_income,2018-12-31,4,10459000000.0,10459000000.0,0.0
GS,net_income,2019-12-31,4,8466000000.0,8466000000.0,0.0
GS,net_income,2020-12-31,4,9459000000.0,9459000000.0,0.0
GS,net_income,2021-12-31,4,21635000000.0,21635000000.0,0.0
GS,net_income,2022-12-31,4,11261000000.0,11261000000.0,0.0
GS,net_income,2023-12-31,4,8516000000.0,8516000000.0,0.0
GS,net_income,2024-12-31,4,14276000000.0,14276000000.0,0.0
GS,net_income,2025-12-31,4,17176000000.0,17176000000.0,0.0
GS,ocf,2016-12-31,0,6494000000.0,,
GS,ocf,2017-12-31,2,-18227000000.0,,
GS,ocf,2018-12-31,4,20421000000.0,20421000000.0,0.0
GS,ocf,2019-12-31,4,23868000000.0,23868000000.0,0.0
GS,ocf,2020-12-31,4,-13728000000.0,-13728000000.0,0.0
GS,ocf,2021-12-31,4,921000000.0,921000000.0,0.0
GS,ocf,2022-12-31,4,8708000000.0,8708000000.0,0.0
GS,ocf,2023-12-31,4,-12587000000.0,-12587000000.0,0.0
GS,ocf,2024-12-31,4,-13212000000.0,-13212000000.0,0.0
GS,ocf,2025-12-31,4,-45154000000.0,-45154000000.0,0.0
HAL,revenue,2016-12-31,0,15887000000.0,,
HAL,revenue,2017-12-31,2,20620000000.0,,
HAL,revenue,2018-12-31,4,23995000000.0,23995000000.0,0.0
HAL,revenue,2019-12-31,4,22408000000.0,22408000000.0,0.0
HAL,revenue,2020-12-31,4,14445000000.0,14445000000.0,0.0
HAL,revenue,2021-12-31,4,15295000000.0,15295000000.0,0.0
HAL,revenue,2022-12-31,4,20297000000.0,20297000000.0,0.0
HAL,revenue,2023-12-31,4,23018000000.0,23018000000.0,0.0
HAL,revenue,2024-12-31,4,22944000000.0,22944000000.0,0.0
HAL,revenue,2025-12-31,4,22184000000.0,22184000000.0,0.0
HAL,net_income,2011-12-31,4,2839000000.0,2839000000.0,0.0
HAL,net_income,2012-12-31,4,2635000000.0,2635000000.0,0.0
HAL,net_income,2013-12-31,4,2125000000.0,2125000000.0,0.0
HAL,net_income,2014-12-31,4,3500000000.0,3500000000.0,0.0
HAL,net_income,2015-12-31,4,-671000000.0,-671000000.0,0.0
HAL,net_income,2016-12-31,4,-5763000000.0,-5763000000.0,0.0
HAL,net_income,2017-12-31,4,-463000000.0,-463000000.0,0.0
HAL,net_income,2018-12-31,4,1656000000.0,1656000000.0,0.0
HAL,net_income,2019-12-31,4,-1131000000.0,-1131000000.0,0.0
HAL,net_income,2020-12-31,4,-2945000000.0,-2945000000.0,0.0
HAL,net_income,2021-12-31,4,1457000000.0,1457000000.0,0.0
HAL,net_income,2022-12-31,4,1572000000.0,1572000000.0,0.0
HAL,net_income,2023-12-31,4,2638000000.0,2638000000.0,0.0
HAL,net_income,2024-12-31,4,2501000000.0,2501000000.0,0.0
HAL,net_income,2025-12-31,4,1283000000.0,1283000000.0,0.0
HAL,ocf,2011-12-31,4,3684000000.0,3684000000.0,0.0
HAL,ocf,2012-12-31,4,3654000000.0,3654000000.0,0.0
HAL,ocf,2013-12-31,4,4447000000.0,4447000000.0,0.0
HAL,ocf,2014-12-31,4,4062000000.0,4062000000.0,0.0
HAL,ocf,2015-12-31,4,2906000000.0,2906000000.0,0.0
HAL,ocf,2016-12-31,4,-1703000000.0,-1703000000.0,0.0
HAL,ocf,2017-12-31,4,2468000000.0,2468000000.0,0.0
HAL,ocf,2018-12-31,4,3157000000.0,3157000000.0,0.0
HAL,ocf,2019-12-31,4,2445000000.0,2445000000.0,0.0
HAL,ocf,2020-12-31,4,1881000000.0,1881000000.0,0.0
HAL,ocf,2021-12-31,4,1911000000.0,1911000000.0,0.0
HAL,ocf,2022-12-31,4,2242000000.0,2242000000.0,0.0
HAL,ocf,2023-12-31,4,3458000000.0,3458000000.0,0.0
HAL,ocf,2024-12-31,4,3865000000.0,3865000000.0,0.0
HAL,ocf,2025-12-31,4,2926000000.0,2926000000.0,0.0
HAS,revenue,2020-12-27,4,5465400000.0,5465430000.0,5.489076737292787e-06
HAS,revenue,2021-12-26,4,6420400000.0,6420400000.0,0.0
HAS,revenue,2022-12-25,4,5856700000.0,5856700000.0,0.0
HAS,revenue,2023-12-31,4,5003300000.0,5003300000.0,0.0
HAS,revenue,2024-12-29,4,4135500000.0,4135500000.0,0.0
HAS,revenue,2025-12-28,4,4701300000.0,4701300000.0,0.0
HAS,net_income,2011-12-25,4,385367000.0,385367000.0,0.0
HAS,net_income,2012-12-30,4,335999000.0,335999000.0,0.0
HAS,net_income,2013-12-29,4,286198000.0,286198000.0,0.0
HAS,net_income,2014-12-28,4,415930000.0,415930000.0,0.0
HAS,net_income,2015-12-27,4,451838000.0,451838000.0,0.0
HAS,net_income,2016-12-25,4,551380000.0,551380000.0,0.0
HAS,net_income,2017-12-31,4,396607000.0,396607000.0,0.0
HAS,net_income,2018-12-30,4,220434000.0,220434000.0,0.0
HAS,net_income,2019-12-29,4,520454000.0,520454000.0,0.0
HAS,net_income,2020-12-27,4,222519000.0,222519000.0,0.0
HAS,net_income,2021-12-26,4,428700000.0,428700000.0,0.0
HAS,net_income,2022-12-25,4,203500000.0,203500000.0,0.0
HAS,net_income,2023-12-31,4,-1489300000.0,-1489300000.0,0.0
HAS,net_income,2024-12-29,4,385600000.0,385600000.0,0.0
HAS,net_income,2025-12-28,4,-322400000.0,-322400000.0,0.0
HAS,ocf,2011-12-25,4,396069000.0,396069000.0,0.0
HAS,ocf,2012-12-30,4,534796000.0,534796000.0,0.0
HAS,ocf,2013-12-29,4,401132000.0,401132000.0,0.0
HAS,ocf,2014-12-28,4,454411000.0,454411000.0,0.0
HAS,ocf,2015-12-27,4,552445000.0,552445000.0,0.0
HAS,ocf,2016-12-25,0,774873000.0,,
HAS,ocf,2017-12-31,0,724378000.0,,
HAS,ocf,2018-12-30,4,645997000.0,645997000.0,0.0
HAS,ocf,2019-12-29,4,653061000.0,653061000.0,0.0
HAS,ocf,2020-12-27,4,976340000.0,976340000.0,0.0
HAS,ocf,2021-12-26,4,817900000.0,817900000.0,0.0
HAS,ocf,2022-12-25,4,372900000.0,372900000.0,0.0
HAS,ocf,2023-12-31,4,725600000.0,725600000.0,0.0
HAS,ocf,2024-12-29,4,847400000.0,847400000.0,0.0
HAS,ocf,2025-12-28,4,893200000.0,893200000.0,0.0
HD,revenue,2017-01-29,0,94595000000.0,,
HD,revenue,2018-01-28,4,100904000000.0,100904000000.0,0.0
HD,revenue,2019-02-03,4,108203000000.0,108203000000.0,0.0
HD,revenue,2020-02-02,4,110225000000.0,110225000000.0,0.0
HD,revenue,2021-01-31,4,132110000000.0,132110000000.0,0.0
HD,revenue,2022-01-30,4,151157000000.0,151157000000.0,0.0
HD,revenue,2023-01-29,4,157403000000.0,157403000000.0,0.0
HD,revenue,2024-01-28,4,152669000000.0,152669000000.0,0.0
HD,revenue,2025-02-02,4,159514000000.0,159514000000.0,0.0
HD,revenue,2026-02-01,4,164683000000.0,164683000000.0,0.0
HD,net_income,2011-01-30,4,3338000000.0,3338000000.0,0.0
HD,net_income,2012-01-29,4,3883000000.0,3883000000.0,0.0
HD,net_income,2013-02-03,4,4535000000.0,4535000000.0,0.0
HD,net_income,2014-02-02,4,5385000000.0,5385000000.0,0.0
HD,net_income,2015-02-01,4,6345000000.0,6345000000.0,0.0
HD,net_income,2016-01-31,4,7009000000.0,7009000000.0,0.0
HD,net_income,2017-01-29,4,7957000000.0,7957000000.0,0.0
HD,net_income,2018-01-28,4,8630000000.0,8630000000.0,0.0
HD,net_income,2019-02-03,4,11121000000.0,11121000000.0,0.0
HD,net_income,2020-02-02,4,11242000000.0,11242000000.0,0.0
HD,net_income,2021-01-31,4,12866000000.0,12866000000.0,0.0
HD,net_income,2022-01-30,4,16433000000.0,16433000000.0,0.0
HD,net_income,2023-01-29,4,17105000000.0,17105000000.0,0.0
HD,net_income,2024-01-28,4,15143000000.0,15143000000.0,0.0
HD,net_income,2025-02-02,4,14806000000.0,14806000000.0,0.0
HD,net_income,2026-02-01,4,14156000000.0,14156000000.0,0.0
HD,ocf,2011-01-30,4,4585000000.0,4585000000.0,0.0
HD,ocf,2012-01-29,4,6651000000.0,6651000000.0,0.0
HD,ocf,2013-02-03,4,6975000000.0,6975000000.0,0.0
HD,ocf,2014-02-02,4,7628000000.0,7628000000.0,0.0
HD,ocf,2015-02-01,4,8242000000.0,8242000000.0,0.0
HD,ocf,2016-01-31,4,9373000000.0,9373000000.0,0.0
HD,ocf,2017-01-29,4,9783000000.0,9783000000.0,0.0
HD,ocf,2018-01-28,4,12031000000.0,12031000000.0,0.0
HD,ocf,2019-02-03,4,13038000000.0,13038000000.0,0.0
HD,ocf,2020-02-02,4,13723000000.0,13723000000.0,0.0
HD,ocf,2021-01-31,4,18839000000.0,18839000000.0,0.0
HD,ocf,2022-01-30,4,16571000000.0,16571000000.0,0.0
HD,ocf,2023-01-29,4,14615000000.0,14615000000.0,0.0
HD,ocf,2024-01-28,4,21172000000.0,21172000000.0,0.0
HD,ocf,2025-02-02,4,19810000000.0,19810000000.0,0.0
HD,ocf,2026-02-01,4,16325000000.0,16325000000.0,0.0
HON,revenue,2016-12-31,0,39302000000.0,,
HON,revenue,2017-12-31,4,40534000000.0,40534000000.0,0.0
HON,revenue,2018-12-31,4,41802000000.0,41802000000.0,0.0
HON,revenue,2019-12-31,4,36709000000.0,36709000000.0,0.0
HON,revenue,2020-12-31,4,32637000000.0,32637000000.0,0.0
HON,revenue,2021-12-31,4,34392000000.0,34392000000.0,0.0
HON,revenue,2022-12-31,4,35466000000.0,35466000000.0,0.0
HON,revenue,2023-12-31,4,36662000000.0,36662000000.0,0.0
HON,revenue,2024-12-31,4,38498000000.0,37579000000.0,0.023871369941295652
HON,revenue,2025-12-31,4,37442000000.0,40340000000.0,0.07739971155386999
HON,net_income,2011-12-31,4,2067000000.0,2067000000.0,0.0
HON,net_income,2012-12-31,4,2926000000.0,2926000000.0,0.0
HON,net_income,2013-12-31,4,3924000000.0,3924000000.0,0.0
HON,net_income,2014-12-31,4,4239000000.0,4239000000.0,0.0
HON,net_income,2015-12-31,4,4768000000.0,4768000000.0,0.0
HON,net_income,2016-12-31,4,4809000000.0,4742000000.0,0.013932210438760657
HON,net_income,2017-12-31,4,1655000000.0,1655000000.0,0.0
HON,net_income,2018-12-31,4,6765000000.0,6764000000.0,0.00014781966001478197
HON,net_income,2019-12-31,4,6143000000.0,6143000000.0,0.0
HON,net_income,2020-12-31,4,4779000000.0,4779000000.0,0.0
HON,net_income,2021-12-31,4,5542000000.0,5542000000.0,0.0
HON,net_income,2022-12-31,4,4966000000.0,4966000000.0,0.0
HON,net_income,2023-12-31,4,5658000000.0,5658000000.0,0.0
HON,net_income,2024-12-31,4,5705000000.0,5705000000.0,0.0
HON,net_income,2025-12-31,4,4729000000.0,4729000000.0,0.0
HON,ocf,2011-12-31,4,2833000000.0,2833000000.0,0.0
HON,ocf,2012-12-31,4,3517000000.0,3517000000.0,0.0
HON,ocf,2015-12-31,0,5519000000.0,,
HON,ocf,2016-12-31,1,5498000000.0,,
HON,ocf,2017-12-31,4,5966000000.0,5966000000.0,0.0
HON,ocf,2018-12-31,4,6434000000.0,6434000000.0,0.0
HON,ocf,2019-12-31,4,6897000000.0,6897000000.0,0.0
HON,ocf,2020-12-31,4,6208000000.0,6208000000.0,0.0
HON,ocf,2021-12-31,4,6038000000.0,6038000000.0,0.0
HON,ocf,2022-12-31,4,5274000000.0,5274000000.0,0.0
HON,ocf,2023-12-31,4,5340000000.0,5340000000.0,0.0
HON,ocf,2024-12-31,4,6097000000.0,6097000000.0,0.0
HON,ocf,2025-12-31,4,6408000000.0,6408000000.0,0.0
HOOD,revenue,2019-12-31,0,277533000.0,,
HOOD,revenue,2020-12-31,3,958833000.0,,
HOOD,revenue,2021-12-31,4,1815143000.0,1814969000.0,9.586021597196474e-05
HOOD,revenue,2022-12-31,4,1358000000.0,1358000000.0,0.0
HOOD,revenue,2023-12-31,4,1865000000.0,1865000000.0,0.0
HOOD,revenue,2024-12-31,4,2951000000.0,2951000000.0,0.0
HOOD,revenue,2025-12-31,4,4473000000.0,4473000000.0,0.0
HOOD,net_income,2019-12-31,0,-106569000.0,,
HOOD,net_income,2020-12-31,3,7449000.0,,
HOOD,net_income,2021-12-31,4,-3686432000.0,-3686629000.0,5.343920625689013e-05
HOOD,net_income,2022-12-31,4,-1028000000.0,-1028000000.0,0.0
HOOD,net_income,2023-12-31,4,-541000000.0,-541000000.0,0.0
HOOD,net_income,2024-12-31,4,1411000000.0,1411000000.0,0.0
HOOD,net_income,2025-12-31,4,1883000000.0,1883000000.0,0.0
HOOD,ocf,2019-12-31,0,1260085000.0,,
HOOD,ocf,2020-12-31,2,1876254000.0,,
HOOD,ocf,2021-12-31,4,-884773000.0,-884773000.0,0.0
HOOD,ocf,2022-12-31,4,-852000000.0,-852000000.0,0.0
HOOD,ocf,2023-12-31,4,1181000000.0,1181000000.0,0.0
HOOD,ocf,2024-12-31,4,-157000000.0,-157000000.0,0.0
HOOD,ocf,2025-12-31,4,1638000000.0,1638000000.0,0.0
HPQ,revenue,2011-10-31,4,127245000000.0,127245000000.0,0.0
HPQ,revenue,2012-10-31,4,120357000000.0,120357000000.0,0.0
HPQ,revenue,2013-10-31,4,112298000000.0,112298000000.0,0.0
HPQ,revenue,2014-10-31,4,111454000000.0,111454000000.0,0.0
HPQ,revenue,2015-10-31,4,103355000000.0,103355000000.0,0.0
HPQ,revenue,2016-10-31,4,48238000000.0,48238000000.0,0.0
HPQ,revenue,2017-10-31,4,52056000000.0,52056000000.0,0.0
HPQ,revenue,2018-10-31,4,58472000000.0,58472000000.0,0.0
HPQ,revenue,2019-10-31,4,58756000000.0,58756000000.0,0.0
HPQ,revenue,2020-10-31,4,56639000000.0,56639000000.0,0.0
HPQ,revenue,2021-10-31,4,63487000000.0,63487000000.0,0.0
HPQ,revenue,2022-10-31,4,62983000000.0,62983000000.0,0.0
HPQ,revenue,2023-10-31,4,53718000000.0,53754000000.0,0.0006701664246621244
HPQ,revenue,2024-10-31,4,53559000000.0,53559000000.0,0.0
HPQ,revenue,2025-10-31,4,55295000000.0,55295000000.0,0.0
HPQ,net_income,2011-10-31,4,7074000000.0,7074000000.0,0.0
HPQ,net_income,2014-10-31,0,5013000000.0,,
HPQ,net_income,2015-10-31,4,4554000000.0,4554000000.0,0.0
HPQ,net_income,2016-10-31,4,2496000000.0,2496000000.0,0.0
HPQ,net_income,2017-10-31,4,2526000000.0,2526000000.0,0.0
HPQ,net_income,2018-10-31,4,5327000000.0,5327000000.0,0.0
HPQ,net_income,2019-10-31,4,3152000000.0,3152000000.0,0.0
HPQ,net_income,2020-10-31,4,2844000000.0,2844000000.0,0.0
HPQ,net_income,2021-10-31,4,6503000000.0,6503000000.0,0.0
HPQ,net_income,2022-10-31,4,3203000000.0,3203000000.0,0.0
HPQ,net_income,2023-10-31,4,3263000000.0,3293000000.0,0.009193993257738278
HPQ,net_income,2024-10-31,4,2775000000.0,2775000000.0,0.0
HPQ,net_income,2025-10-31,4,2529000000.0,2529000000.0,0.0
HPQ,ocf,2011-10-31,4,12639000000.0,12639000000.0,0.0
HPQ,ocf,2014-10-31,0,12333000000.0,,
HPQ,ocf,2015-10-31,4,6490000000.0,6490000000.0,0.0
HPQ,ocf,2016-10-31,4,3230000000.0,3230000000.0,0.0
HPQ,ocf,2017-10-31,4,3677000000.0,3677000000.0,0.0
HPQ,ocf,2018-10-31,4,4528000000.0,4528000000.0,0.0
HPQ,ocf,2019-10-31,4,4654000000.0,4654000000.0,0.0
HPQ,ocf,2020-10-31,4,4316000000.0,4316000000.0,0.0
HPQ,ocf,2021-10-31,4,6409000000.0,6409000000.0,0.0
HPQ,ocf,2022-10-31,4,4463000000.0,4463000000.0,0.0
HPQ,ocf,2023-10-31,4,3571000000.0,3571000000.0,0.0
HPQ,ocf,2024-10-31,4,3749000000.0,3749000000.0,0.0
HPQ,ocf,2025-10-31,4,3697000000.0,3697000000.0,0.0
HUM,revenue,2011-12-31,4,36832000000.0,36831492000.0,1.3792354474370114e-05
HUM,revenue,2012-12-31,4,39126000000.0,39126000000.0,0.0
HUM,revenue,2013-12-31,4,41313000000.0,41313000000.0,0.0
HUM,revenue,2014-12-31,4,48500000000.0,48500000000.0,0.0
HUM,revenue,2015-12-31,4,54289000000.0,54289000000.0,0.0
HUM,revenue,2016-12-31,4,54379000000.0,54379000000.0,0.0
HUM,revenue,2017-12-31,4,53767000000.0,53767000000.0,0.0
HUM,revenue,2018-12-31,4,56912000000.0,56912000000.0,0.0
HUM,revenue,2019-12-31,4,64888000000.0,64888000000.0,0.0
HUM,revenue,2020-12-31,4,77155000000.0,77155000000.0,0.0
HUM,revenue,2021-12-31,4,83064000000.0,83064000000.0,0.0
HUM,revenue,2022-12-31,4,92870000000.0,92870000000.0,0.0
HUM,revenue,2023-12-31,4,106374000000.0,106374000000.0,0.0
HUM,revenue,2024-12-31,4,117761000000.0,117761000000.0,0.0
HUM,revenue,2025-12-31,4,129664000000.0,129664000000.0,0.0
HUM,net_income,2011-12-31,4,1419000000.0,1419223000.0,0.00015715292459478507
HUM,net_income,2012-12-31,4,1222000000.0,1222000000.0,0.0
HUM,net_income,2013-12-31,4,1231000000.0,1231000000.0,0.0
HUM,net_income,2014-12-31,4,1147000000.0,1147000000.0,0.0
HUM,net_income,2015-12-31,4,1276000000.0,1276000000.0,0.0
HUM,net_income,2016-12-31,4,614000000.0,594000000.0,0.03257328990228013
HUM,net_income,2017-12-31,4,2448000000.0,2448000000.0,0.0
HUM,net_income,2018-12-31,4,1683000000.0,1683000000.0,0.0
HUM,net_income,2019-12-31,4,2707000000.0,2707000000.0,0.0
HUM,net_income,2020-12-31,4,3367000000.0,3367000000.0,0.0
HUM,net_income,2021-12-31,4,2933000000.0,2933000000.0,0.0
HUM,net_income,2022-12-31,4,2806000000.0,2806000000.0,0.0
HUM,net_income,2023-12-31,4,2489000000.0,2489000000.0,0.0
HUM,net_income,2024-12-31,4,1207000000.0,1207000000.0,0.0
HUM,net_income,2025-12-31,4,1188000000.0,1188000000.0,0.0
HUM,ocf,2011-12-31,4,2079000000.0,2079000000.0,0.0
HUM,ocf,2012-12-31,4,1923000000.0,1923000000.0,0.0
HUM,ocf,2013-12-31,4,1716000000.0,1716000000.0,0.0
HUM,ocf,2014-12-31,4,1618000000.0,1618000000.0,0.0
HUM,ocf,2015-12-31,4,868000000.0,868000000.0,0.0
HUM,ocf,2016-12-31,4,1936000000.0,1936000000.0,0.0
HUM,ocf,2017-12-31,4,4051000000.0,4051000000.0,0.0
HUM,ocf,2018-12-31,4,2173000000.0,2173000000.0,0.0
HUM,ocf,2019-12-31,4,5284000000.0,5284000000.0,0.0
HUM,ocf,2020-12-31,4,5639000000.0,5639000000.0,0.0
HUM,ocf,2021-12-31,4,2262000000.0,2262000000.0,0.0
HUM,ocf,2022-12-31,4,4587000000.0,4587000000.0,0.0
HUM,ocf,2023-12-31,4,3981000000.0,3981000000.0,0.0
HUM,ocf,2024-12-31,4,2966000000.0,2966000000.0,0.0
HUM,ocf,2025-12-31,4,921000000.0,921000000.0,0.0
IBM,revenue,2011-12-31,4,106916000000.0,106916000000.0,0.0
IBM,revenue,2012-12-31,4,104507000000.0,104507000000.0,0.0
IBM,revenue,2013-12-31,4,99751000000.0,99751000000.0,0.0
IBM,revenue,2014-12-31,4,92793000000.0,93358000000.0,0.00608882135505911
IBM,revenue,2015-12-31,4,81741000000.0,81742000000.0,1.2233762738405452e-05
IBM,revenue,2016-12-31,4,79919000000.0,79918000000.0,1.2512669077440909e-05
IBM,revenue,2017-12-31,4,79139000000.0,79139000000.0,0.0
IBM,revenue,2018-12-31,4,79591000000.0,79592000000.0,1.2564234649646317e-05
IBM,revenue,2019-12-31,4,77147000000.0,77148000000.0,1.2962266841225193e-05
IBM,revenue,2020-12-31,4,73620000000.0,73621000000.0,1.3583265417006248e-05
IBM,revenue,2021-12-31,4,57350000000.0,57350000000.0,0.0
IBM,revenue,2022-12-31,4,60530000000.0,60529000000.0,1.6520733520568312e-05
IBM,revenue,2023-12-31,4,61860000000.0,61860000000.0,0.0
IBM,revenue,2024-12-31,4,62753000000.0,62754000000.0,1.5935493123834717e-05
IBM,revenue,2025-12-31,4,67535000000.0,67535000000.0,0.0
IBM,net_income,2015-12-31,0,13190000000.0,,
IBM,net_income,2016-12-31,4,11872000000.0,11872000000.0,0.0
IBM,net_income,2017-12-31,4,5753000000.0,5753000000.0,0.0
IBM,net_income,2018-12-31,4,8728000000.0,8728000000.0,0.0
IBM,net_income,2019-12-31,4,9431000000.0,9431000000.0,0.0
IBM,net_income,2020-12-31,4,5590000000.0,5590000000.0,0.0
IBM,net_income,2021-12-31,4,5743000000.0,5743000000.0,0.0
IBM,net_income,2022-12-31,4,1639000000.0,1639000000.0,0.0
IBM,net_income,2023-12-31,4,7502000000.0,7502000000.0,0.0
IBM,net_income,2024-12-31,4,6023000000.0,6023000000.0,0.0
IBM,net_income,2025-12-31,4,10593000000.0,10593000000.0,0.0
IBM,ocf,2014-12-31,0,16868000000.0,,
IBM,ocf,2015-12-31,2,17008000000.0,,
IBM,ocf,2016-12-31,4,16958000000.0,16958000000.0,0.0
IBM,ocf,2017-12-31,4,16724000000.0,16724000000.0,0.0
IBM,ocf,2018-12-31,4,15247000000.0,15247000000.0,0.0
IBM,ocf,2019-12-31,4,14770000000.0,14770000000.0,0.0
IBM,ocf,2020-12-31,4,18197000000.0,18197000000.0,0.0
IBM,ocf,2021-12-31,4,12796000000.0,12796000000.0,0.0
IBM,ocf,2022-12-31,4,10435000000.0,10435000000.0,0.0
IBM,ocf,2023-12-31,4,13931000000.0,13931000000.0,0.0
IBM,ocf,2024-12-31,4,13445000000.0,13445000000.0,0.0
IBM,ocf,2025-12-31,4,13193000000.0,13193000000.0,0.0
ICE,revenue,2015-12-31,0,3338000000.0,,
ICE,revenue,2016-12-31,0,4499000000.0,,
ICE,revenue,2017-12-31,3,4629000000.0,,
ICE,revenue,2018-12-31,4,6276000000.0,6276000000.0,0.0
ICE,revenue,2019-12-31,4,6547000000.0,6547000000.0,0.0
ICE,revenue,2020-12-31,4,8244000000.0,8244000000.0,0.0
ICE,revenue,2021-12-31,4,9168000000.0,9168000000.0,0.0
ICE,revenue,2022-12-31,4,9636000000.0,9636000000.0,0.0
ICE,revenue,2023-12-31,4,9903000000.0,9903000000.0,0.0
ICE,revenue,2024-12-31,4,11761000000.0,11761000000.0,0.0
ICE,revenue,2025-12-31,4,12640000000.0,12640000000.0,0.0
ICE,net_income,2011-12-31,0,510000000.0,,
ICE,net_income,2012-12-31,4,552000000.0,552000000.0,0.0
ICE,net_income,2013-12-31,4,254000000.0,254000000.0,0.0
ICE,net_income,2014-12-31,4,981000000.0,982000000.0,0.0010193679918450561
ICE,net_income,2015-12-31,4,1274000000.0,1274000000.0,0.0
ICE,net_income,2016-12-31,4,1422000000.0,1422000000.0,0.0
ICE,net_income,2017-12-31,4,2514000000.0,2514000000.0,0.0
ICE,net_income,2018-12-31,4,1988000000.0,1988000000.0,0.0
ICE,net_income,2019-12-31,4,1933000000.0,1933000000.0,0.0
ICE,net_income,2020-12-31,4,2089000000.0,2089000000.0,0.0
ICE,net_income,2021-12-31,4,4058000000.0,4058000000.0,0.0
ICE,net_income,2022-12-31,4,1446000000.0,1446000000.0,0.0
ICE,net_income,2023-12-31,4,2368000000.0,2368000000.0,0.0
ICE,net_income,2024-12-31,4,2754000000.0,2754000000.0,0.0
ICE,net_income,2025-12-31,4,3315000000.0,3315000000.0,0.0
ICE,ocf,2011-12-31,0,713000000.0,,
ICE,ocf,2012-12-31,0,733000000.0,,
ICE,ocf,2013-12-31,4,735000000.0,735000000.0,0.0
ICE,ocf,2014-12-31,4,1463000000.0,1463000000.0,0.0
ICE,ocf,2015-12-31,4,1311000000.0,1311000000.0,0.0
ICE,ocf,2016-12-31,4,2149000000.0,2149000000.0,0.0
ICE,ocf,2017-12-31,4,2085000000.0,2085000000.0,0.0
ICE,ocf,2018-12-31,4,2533000000.0,2533000000.0,0.0
ICE,ocf,2019-12-31,4,2659000000.0,2659000000.0,0.0
ICE,ocf,2020-12-31,4,2881000000.0,2881000000.0,0.0
ICE,ocf,2021-12-31,4,3123000000.0,3123000000.0,0.0
ICE,ocf,2022-12-31,4,3554000000.0,3554000000.0,0.0
ICE,ocf,2023-12-31,4,3542000000.0,3542000000.0,0.0
ICE,ocf,2024-12-31,4,4609000000.0,4609000000.0,0.0
ICE,ocf,2025-12-31,4,4662000000.0,4662000000.0,0.0
ILMN,revenue,2017-01-01,0,2398000000.0,,
ILMN,revenue,2017-12-31,4,2752000000.0,2752000000.0,0.0
ILMN,revenue,2018-12-30,4,3333000000.0,3332000000.0,0.00030003000300030005
ILMN,revenue,2019-12-29,4,3543000000.0,3544000000.0,0.0002822466836014677
ILMN,revenue,2021-01-03,4,3239000000.0,3239000000.0,0.0
ILMN,revenue,2022-01-02,4,4526000000.0,4526000000.0,0.0
ILMN,revenue,2023-01-01,4,4584000000.0,4583000000.0,0.0002181500872600349
ILMN,revenue,2023-12-31,4,4504000000.0,4504000000.0,0.0
ILMN,revenue,2024-12-29,4,4372000000.0,4372000000.0,0.0
ILMN,revenue,2025-12-28,4,4343000000.0,4343000000.0,0.0
ILMN,net_income,2011-01-02,4,124891000.0,124891000.0,0.0
ILMN,net_income,2012-01-01,4,86628000.0,86628000.0,0.0
ILMN,net_income,2012-12-30,4,151254000.0,151254000.0,0.0
ILMN,net_income,2013-12-29,4,125308000.0,125308000.0,0.0
ILMN,net_income,2014-12-28,4,353351000.0,353351000.0,0.0
ILMN,net_income,2016-01-03,4,461559000.0,461559000.0,0.0
ILMN,net_income,2017-01-01,4,462649000.0,462649000.0,0.0
ILMN,net_income,2017-12-31,4,726000000.0,726000000.0,0.0
ILMN,net_income,2018-12-30,4,826000000.0,826000000.0,0.0
ILMN,net_income,2019-12-29,4,1002000000.0,1002000000.0,0.0
ILMN,net_income,2021-01-03,4,656000000.0,656000000.0,0.0
ILMN,net_income,2022-01-02,4,762000000.0,762000000.0,0.0
ILMN,net_income,2023-01-01,4,-4404000000.0,-4404000000.0,0.0
ILMN,net_income,2023-12-31,4,-1161000000.0,-1161000000.0,0.0
ILMN,net_income,2024-12-29,4,-1223000000.0,-1223000000.0,0.0
ILMN,net_income,2025-12-28,4,850000000.0,850000000.0,0.0
ILMN,ocf,2011-01-02,4,272573000.0,272573000.0,0.0
ILMN,ocf,2012-01-01,4,358140000.0,358140000.0,0.0
ILMN,ocf,2012-12-30,4,291873000.0,291873000.0,0.0
ILMN,ocf,2013-12-29,4,386421000.0,386421000.0,0.0
ILMN,ocf,2014-12-28,4,501271000.0,501271000.0,0.0
ILMN,ocf,2016-01-03,4,659596000.0,659596000.0,0.0
ILMN,ocf,2017-01-01,4,687238000.0,687238000.0,0.0
ILMN,ocf,2017-12-31,4,875000000.0,875000000.0,0.0
ILMN,ocf,2018-12-30,4,1142000000.0,1142000000.0,0.0
ILMN,ocf,2019-12-29,4,1051000000.0,1051000000.0,0.0
ILMN,ocf,2021-01-03,4,1080000000.0,1080000000.0,0.0
ILMN,ocf,2022-01-02,4,545000000.0,545000000.0,0.0
ILMN,ocf,2023-01-01,4,392000000.0,392000000.0,0.0
ILMN,ocf,2023-12-31,4,478000000.0,478000000.0,0.0
ILMN,ocf,2024-12-29,4,837000000.0,837000000.0,0.0
ILMN,ocf,2025-12-28,4,1079000000.0,1079000000.0,0.0
INTC,revenue,2016-12-31,0,59387000000.0,,
INTC,revenue,2017-12-30,2,62761000000.0,,
INTC,revenue,2018-12-29,4,70848000000.0,70848000000.0,0.0
INTC,revenue,2019-12-28,4,71965000000.0,71965000000.0,0.0
INTC,revenue,2020-12-26,4,77867000000.0,77867000000.0,0.0
INTC,revenue,2021-12-25,4,79024000000.0,79024000000.0,0.0
INTC,revenue,2022-12-31,4,63054000000.0,63054000000.0,0.0
INTC,revenue,2023-12-30,4,54228000000.0,54228000000.0,0.0
INTC,revenue,2024-12-28,4,53101000000.0,53101000000.0,0.0
INTC,revenue,2025-12-27,4,52853000000.0,52853000000.0,0.0
INTC,net_income,2011-12-31,4,12942000000.0,12942000000.0,0.0
INTC,net_income,2012-12-29,4,11005000000.0,11005000000.0,0.0
INTC,net_income,2013-12-28,4,9620000000.0,9620000000.0,0.0
INTC,net_income,2014-12-27,4,11704000000.0,11704000000.0,0.0
INTC,net_income,2015-12-26,4,11420000000.0,11420000000.0,0.0
INTC,net_income,2016-12-31,4,10316000000.0,10316000000.0,0.0
INTC,net_income,2017-12-30,4,9601000000.0,9601000000.0,0.0
INTC,net_income,2018-12-29,4,21053000000.0,21053000000.0,0.0
INTC,net_income,2019-12-28,4,21048000000.0,21048000000.0,0.0
INTC,net_income,2020-12-26,4,20899000000.0,20899000000.0,0.0
INTC,net_income,2021-12-25,4,19868000000.0,19868000000.0,0.0
INTC,net_income,2022-12-31,4,8014000000.0,8014000000.0,0.0
INTC,net_income,2023-12-30,4,1689000000.0,1689000000.0,0.0
INTC,net_income,2024-12-28,4,-18756000000.0,-18756000000.0,0.0
INTC,net_income,2025-12-27,4,-267000000.0,-267000000.0,0.0
INTC,ocf,2011-12-31,4,20963000000.0,20963000000.0,0.0
INTC,ocf,2012-12-29,4,18884000000.0,18884000000.0,0.0
INTC,ocf,2017-12-30,0,22110000000.0,,
INTC,ocf,2018-12-29,1,29432000000.0,,
INTC,ocf,2019-12-28,4,33145000000.0,33145000000.0,0.0
INTC,ocf,2020-12-26,4,35384000000.0,35384000000.0,0.0
INTC,ocf,2021-12-25,4,29991000000.0,29991000000.0,0.0
INTC,ocf,2022-12-31,4,15433000000.0,15433000000.0,0.0
INTC,ocf,2023-12-30,4,11471000000.0,11471000000.0,0.0
INTC,ocf,2024-12-28,4,8288000000.0,8288000000.0,0.0
INTC,ocf,2025-12-27,4,9697000000.0,9697000000.0,0.0
INTU,revenue,2019-07-31,4,6784000000.0,6784000000.0,0.0
INTU,revenue,2020-07-31,4,7679000000.0,7679000000.0,0.0
INTU,revenue,2021-07-31,4,9633000000.0,9633000000.0,0.0
INTU,revenue,2022-07-31,4,12726000000.0,12726000000.0,0.0
INTU,revenue,2023-07-31,4,14368000000.0,14368000000.0,0.0
INTU,revenue,2024-07-31,4,16285000000.0,16285000000.0,0.0
INTU,revenue,2025-07-31,4,18831000000.0,18831000000.0,0.0
INTU,net_income,2011-07-31,4,634000000.0,634000000.0,0.0
INTU,net_income,2012-07-31,4,792000000.0,792000000.0,0.0
INTU,net_income,2013-07-31,4,858000000.0,858000000.0,0.0
INTU,net_income,2014-07-31,4,907000000.0,907000000.0,0.0
INTU,net_income,2015-07-31,4,365000000.0,365000000.0,0.0
INTU,net_income,2016-07-31,4,979000000.0,979000000.0,0.0
INTU,net_income,2017-07-31,4,971000000.0,971000000.0,0.0
INTU,net_income,2018-07-31,4,1211000000.0,1211000000.0,0.0
INTU,net_income,2019-07-31,4,1557000000.0,1557000000.0,0.0
INTU,net_income,2020-07-31,4,1826000000.0,1826000000.0,0.0
INTU,net_income,2021-07-31,4,2062000000.0,2062000000.0,0.0
INTU,net_income,2022-07-31,4,2066000000.0,2066000000.0,0.0
INTU,net_income,2023-07-31,4,2384000000.0,2384000000.0,0.0
INTU,net_income,2024-07-31,4,2963000000.0,2963000000.0,0.0
INTU,net_income,2025-07-31,4,3869000000.0,3869000000.0,0.0
INTU,ocf,2011-07-31,4,1013000000.0,1013000000.0,0.0
INTU,ocf,2012-07-31,4,1246000000.0,1246000000.0,0.0
INTU,ocf,2013-07-31,4,1366000000.0,1366000000.0,0.0
INTU,ocf,2014-07-31,4,1446000000.0,1446000000.0,0.0
INTU,ocf,2015-07-31,4,1504000000.0,1504000000.0,0.0
INTU,ocf,2016-07-31,4,1401000000.0,1401000000.0,0.0
INTU,ocf,2017-07-31,4,1599000000.0,1599000000.0,0.0
INTU,ocf,2018-07-31,4,2112000000.0,2112000000.0,0.0
INTU,ocf,2019-07-31,4,2324000000.0,2324000000.0,0.0
INTU,ocf,2020-07-31,4,2414000000.0,2414000000.0,0.0
INTU,ocf,2021-07-31,4,3250000000.0,3250000000.0,0.0
INTU,ocf,2022-07-31,4,3889000000.0,3889000000.0,0.0
INTU,ocf,2023-07-31,4,5046000000.0,5046000000.0,0.0
INTU,ocf,2024-07-31,4,4884000000.0,4884000000.0,0.0
INTU,ocf,2025-07-31,4,6207000000.0,6207000000.0,0.0
ISRG,revenue,2016-12-31,0,2706500000.0,,
ISRG,revenue,2017-12-31,4,3138200000.0,3138200000.0,0.0
ISRG,revenue,2018-12-31,4,3724200000.0,3724200000.0,0.0
ISRG,revenue,2019-12-31,4,4478500000.0,4478500000.0,0.0
ISRG,revenue,2020-12-31,4,4358400000.0,4358400000.0,0.0
ISRG,revenue,2021-12-31,4,5710100000.0,5710100000.0,0.0
ISRG,revenue,2022-12-31,4,6222200000.0,6222200000.0,0.0
ISRG,revenue,2023-12-31,4,7124100000.0,7124100000.0,0.0
ISRG,revenue,2024-12-31,4,8352100000.0,8352100000.0,0.0
ISRG,revenue,2025-12-31,4,10064700000.0,10064700000.0,0.0
ISRG,net_income,2011-12-31,4,495100000.0,495100000.0,0.0
ISRG,net_income,2012-12-31,4,656600000.0,656600000.0,0.0
ISRG,net_income,2013-12-31,4,671000000.0,671000000.0,0.0
ISRG,net_income,2014-12-31,4,418800000.0,418800000.0,0.0
ISRG,net_income,2015-12-31,4,588800000.0,588800000.0,0.0
ISRG,net_income,2016-12-31,4,735900000.0,735900000.0,0.0
ISRG,net_income,2017-12-31,4,660000000.0,660000000.0,0.0
ISRG,net_income,2018-12-31,4,1127900000.0,1127900000.0,0.0
ISRG,net_income,2019-12-31,4,1379300000.0,1379300000.0,0.0
ISRG,net_income,2020-12-31,4,1060600000.0,1060600000.0,0.0
ISRG,net_income,2021-12-31,4,1704600000.0,1704600000.0,0.0
ISRG,net_income,2022-12-31,4,1322300000.0,1322300000.0,0.0
ISRG,net_income,2023-12-31,4,1798000000.0,1798000000.0,0.0
ISRG,net_income,2024-12-31,4,2322600000.0,2322600000.0,0.0
ISRG,net_income,2025-12-31,4,2856000000.0,2856000000.0,0.0
ISRG,ocf,2011-12-31,4,677600000.0,677600000.0,0.0
ISRG,ocf,2012-12-31,4,814200000.0,814200000.0,0.0
ISRG,ocf,2013-12-31,4,880000000.0,880000000.0,0.0
ISRG,ocf,2014-12-31,4,665100000.0,665100000.0,0.0
ISRG,ocf,2015-12-31,4,771900000.0,771900000.0,0.0
ISRG,ocf,2016-12-31,4,1042900000.0,1042900000.0,0.0
ISRG,ocf,2017-12-31,4,1143900000.0,1143900000.0,0.0
ISRG,ocf,2018-12-31,4,1169600000.0,1169600000.0,0.0
ISRG,ocf,2019-12-31,4,1598200000.0,1598200000.0,0.0
ISRG,ocf,2020-12-31,4,1484800000.0,1484800000.0,0.0
ISRG,ocf,2021-12-31,4,2089400000.0,2089400000.0,0.0
ISRG,ocf,2022-12-31,4,1490800000.0,1490800000.0,0.0
ISRG,ocf,2023-12-31,4,1813800000.0,1813800000.0,0.0
ISRG,ocf,2024-12-31,4,2415000000.0,2415000000.0,0.0
ISRG,ocf,2025-12-31,4,3030500000.0,3030500000.0,0.0
JNJ,revenue,2017-01-01,0,71890000000.0,,
JNJ,revenue,2017-12-31,4,76450000000.0,76450000000.0,0.0
JNJ,revenue,2018-12-30,4,81581000000.0,81581000000.0,0.0
JNJ,revenue,2019-12-29,4,82059000000.0,82059000000.0,0.0
JNJ,revenue,2021-01-03,4,82584000000.0,82584000000.0,0.0
JNJ,revenue,2022-01-02,4,93775000000.0,93775000000.0,0.0
JNJ,revenue,2023-01-01,4,94943000000.0,91176000000.0,0.039676437441412214
JNJ,revenue,2023-12-31,4,85159000000.0,93022000000.0,0.09233316502072593
JNJ,revenue,2024-12-29,4,88821000000.0,88821000000.0,0.0
JNJ,revenue,2025-12-28,4,94193000000.0,94193000000.0,0.0
JNJ,net_income,2011-01-02,4,13334000000.0,13334000000.0,0.0
JNJ,net_income,2012-01-01,4,9672000000.0,9672000000.0,0.0
JNJ,net_income,2012-12-30,4,10853000000.0,10853000000.0,0.0
JNJ,net_income,2013-12-29,4,13831000000.0,13831000000.0,0.0
JNJ,net_income,2014-12-28,4,16323000000.0,16323000000.0,0.0
JNJ,net_income,2016-01-03,4,15409000000.0,15409000000.0,0.0
JNJ,net_income,2017-01-01,4,16540000000.0,16375000000.0,0.009975816203143894
JNJ,net_income,2017-12-31,4,1300000000.0,1300000000.0,0.0
JNJ,net_income,2018-12-30,4,15297000000.0,15297000000.0,0.0
JNJ,net_income,2019-12-29,4,15119000000.0,15119000000.0,0.0
JNJ,net_income,2021-01-03,4,14714000000.0,14714000000.0,0.0
JNJ,net_income,2022-01-02,4,20878000000.0,20878000000.0,0.0
JNJ,net_income,2023-01-01,4,17941000000.0,17941000000.0,0.0
JNJ,net_income,2023-12-31,4,35153000000.0,35153000000.0,0.0
JNJ,net_income,2024-12-29,4,14066000000.0,14066000000.0,0.0
JNJ,net_income,2025-12-28,4,26804000000.0,26804000000.0,0.0
JNJ,ocf,2011-01-02,4,16385000000.0,16385000000.0,0.0
JNJ,ocf,2012-01-01,4,14298000000.0,14298000000.0,0.0
JNJ,ocf,2012-12-30,4,15396000000.0,15396000000.0,0.0
JNJ,ocf,2013-12-29,4,17414000000.0,17414000000.0,0.0
JNJ,ocf,2014-12-28,4,18471000000.0,18471000000.0,0.0
JNJ,ocf,2016-01-03,4,19279000000.0,19279000000.0,0.0
JNJ,ocf,2017-01-01,4,18767000000.0,18767000000.0,0.0
JNJ,ocf,2017-12-31,4,21056000000.0,21056000000.0,0.0
JNJ,ocf,2018-12-30,4,22201000000.0,22201000000.0,0.0
JNJ,ocf,2019-12-29,4,23416000000.0,23416000000.0,0.0
JNJ,ocf,2021-01-03,4,23536000000.0,23536000000.0,0.0
JNJ,ocf,2022-01-02,4,23410000000.0,23410000000.0,0.0
JNJ,ocf,2023-01-01,4,21194000000.0,21194000000.0,0.0
JNJ,ocf,2023-12-31,4,22791000000.0,22791000000.0,0.0
JNJ,ocf,2024-12-29,4,24266000000.0,24266000000.0,0.0
JNJ,ocf,2025-12-28,4,24530000000.0,24530000000.0,0.0
JPM,revenue,2013-12-31,0,97367000000.0,,
JPM,revenue,2014-12-31,4,95112000000.0,95112000000.0,0.0
JPM,revenue,2015-12-31,4,93543000000.0,93543000000.0,0.0
JPM,revenue,2016-12-31,4,95668000000.0,95668000000.0,0.0
JPM,revenue,2017-12-31,4,99624000000.0,99624000000.0,0.0
JPM,revenue,2018-12-31,4,109029000000.0,109029000000.0,0.0
JPM,revenue,2019-12-31,4,115627000000.0,115627000000.0,0.0
JPM,revenue,2020-12-31,4,119543000000.0,119602000000.0,0.0004935462553223527
JPM,revenue,2021-12-31,4,121649000000.0,121649000000.0,0.0
JPM,revenue,2022-12-31,4,128695000000.0,128695000000.0,0.0
JPM,revenue,2023-12-31,4,158104000000.0,158104000000.0,0.0
JPM,revenue,2024-12-31,4,177556000000.0,177556000000.0,0.0
JPM,revenue,2025-12-31,4,182447000000.0,182447000000.0,0.0
JPM,net_income,2011-12-31,4,18976000000.0,18976000000.0,0.0
JPM,net_income,2012-12-31,4,21284000000.0,21743000000.0,0.02156549520766773
JPM,net_income,2013-12-31,4,17923000000.0,17923000000.0,0.0
JPM,net_income,2014-12-31,4,21762000000.0,21762000000.0,0.0
JPM,net_income,2015-12-31,4,24442000000.0,24442000000.0,0.0
JPM,net_income,2016-12-31,4,24733000000.0,24733000000.0,0.0
JPM,net_income,2017-12-31,4,24441000000.0,24441000000.0,0.0
JPM,net_income,2018-12-31,4,32474000000.0,32474000000.0,0.0
JPM,net_income,2019-12-31,4,36431000000.0,36431000000.0,0.0
JPM,net_income,2020-12-31,4,29131000000.0,29131000000.0,0.0
JPM,net_income,2021-12-31,4,48334000000.0,48334000000.0,0.0
JPM,net_income,2022-12-31,4,37676000000.0,37676000000.0,0.0
JPM,net_income,2023-12-31,4,49552000000.0,49552000000.0,0.0
JPM,net_income,2024-12-31,4,58471000000.0,58471000000.0,0.0
JPM,net_income,2025-12-31,4,57048000000.0,57048000000.0,0.0
JPM,ocf,2011-12-31,4,95932000000.0,95932000000.0,0.0
JPM,ocf,2012-12-31,4,25079000000.0,25079000000.0,0.0
JPM,ocf,2013-12-31,4,107953000000.0,107953000000.0,0.0
JPM,ocf,2014-12-31,4,36593000000.0,36593000000.0,0.0
JPM,ocf,2015-12-31,4,73466000000.0,73466000000.0,0.0
JPM,ocf,2016-12-31,4,20196000000.0,20196000000.0,0.0
JPM,ocf,2017-12-31,4,-2501000000.0,-2501000000.0,0.0
JPM,ocf,2018-12-31,4,14187000000.0,14187000000.0,0.0
JPM,ocf,2019-12-31,4,6046000000.0,6046000000.0,0.0
JPM,ocf,2020-12-31,4,-79910000000.0,-79910000000.0,0.0
JPM,ocf,2021-12-31,4,78084000000.0,78084000000.0,0.0
JPM,ocf,2022-12-31,4,107119000000.0,107119000000.0,0.0
JPM,ocf,2023-12-31,4,12974000000.0,12974000000.0,0.0
JPM,ocf,2024-12-31,4,-42012000000.0,-42012000000.0,0.0
JPM,ocf,2025-12-31,4,-147782000000.0,-147782000000.0,0.0
KHC,revenue,2016-12-31,0,26300000000.0,,
KHC,revenue,2017-12-30,4,26076000000.0,26077000000.0,3.8349440098174566e-05
KHC,revenue,2018-12-29,4,26268000000.0,26263000000.0,0.00019034566773260241
KHC,revenue,2019-12-28,4,24977000000.0,24977000000.0,0.0
KHC,revenue,2020-12-26,4,26185000000.0,26185000000.0,0.0
KHC,revenue,2021-12-25,4,26042000000.0,26042000000.0,0.0
KHC,revenue,2022-12-31,4,26485000000.0,26485000000.0,0.0
KHC,revenue,2023-12-30,4,26640000000.0,26640000000.0,0.0
KHC,revenue,2024-12-28,4,25846000000.0,25846000000.0,0.0
KHC,revenue,2025-12-27,4,24942000000.0,24942000000.0,0.0
KHC,net_income,2014-12-28,3,657000000.0,,
KHC,net_income,2016-01-03,4,634000000.0,634000000.0,0.0
KHC,net_income,2016-12-31,4,3632000000.0,3632000000.0,0.0
KHC,net_income,2017-12-30,4,10999000000.0,10999000000.0,0.0
KHC,net_income,2018-12-29,4,-10192000000.0,-10189000000.0,0.0002943485086342229
KHC,net_income,2019-12-28,4,1935000000.0,1935000000.0,0.0
KHC,net_income,2020-12-26,4,356000000.0,356000000.0,0.0
KHC,net_income,2021-12-25,4,1012000000.0,1012000000.0,0.0
KHC,net_income,2022-12-31,4,2363000000.0,2363000000.0,0.0
KHC,net_income,2023-12-30,4,2855000000.0,2855000000.0,0.0
KHC,net_income,2024-12-28,4,2744000000.0,2744000000.0,0.0
KHC,net_income,2025-12-27,4,-5846000000.0,-5846000000.0,0.0
KHC,ocf,2014-12-28,2,2140000000.0,,
KHC,ocf,2016-01-03,4,2467000000.0,2467000000.0,0.0
KHC,ocf,2016-12-31,4,5238000000.0,5238000000.0,0.0
KHC,ocf,2017-12-30,4,527000000.0,527000000.0,0.0
KHC,ocf,2018-12-29,4,2574000000.0,2574000000.0,0.0
KHC,ocf,2019-12-28,4,3552000000.0,3552000000.0,0.0
KHC,ocf,2020-12-26,4,4929000000.0,4929000000.0,0.0
KHC,ocf,2021-12-25,4,5364000000.0,5364000000.0,0.0
KHC,ocf,2022-12-31,4,2469000000.0,2469000000.0,0.0
KHC,ocf,2023-12-30,4,3976000000.0,3976000000.0,0.0
KHC,ocf,2024-12-28,4,4184000000.0,4184000000.0,0.0
KHC,ocf,2025-12-27,4,4462000000.0,4462000000.0,0.0
KLAC,revenue,2017-06-30,0,3480014000.0,,
KLAC,revenue,2018-06-30,4,4036701000.0,4036701000.0,0.0
KLAC,revenue,2019-06-30,4,4568904000.0,4568904000.0,0.0
KLAC,revenue,2020-06-30,4,5806424000.0,5806424000.0,0.0
KLAC,revenue,2021-06-30,4,6918734000.0,6918734000.0,0.0
KLAC,revenue,2022-06-30,4,9211883000.0,9211883000.0,0.0
KLAC,revenue,2023-06-30,4,10496056000.0,10496056000.0,0.0
KLAC,revenue,2024-06-30,4,9812247000.0,9812247000.0,0.0
KLAC,revenue,2025-06-30,4,12156162000.0,12156162000.0,0.0
KLAC,revenue,2026-06-30,4,13579476000.0,13579476000.0,0.0
KLAC,net_income,2011-06-30,4,794488000.0,794488000.0,0.0
KLAC,net_income,2012-06-30,4,756015000.0,756015000.0,0.0
KLAC,net_income,2013-06-30,4,543149000.0,543149000.0,0.0
KLAC,net_income,2014-06-30,4,582755000.0,582755000.0,0.0
KLAC,net_income,2015-06-30,4,366158000.0,366158000.0,0.0
KLAC,net_income,2016-06-30,4,704422000.0,704422000.0,0.0
KLAC,net_income,2017-06-30,4,926076000.0,926076000.0,0.0
KLAC,net_income,2018-06-30,4,802265000.0,802265000.0,0.0
KLAC,net_income,2019-06-30,4,1175617000.0,1175617000.0,0.0
KLAC,net_income,2020-06-30,4,1216785000.0,1216785000.0,0.0
KLAC,net_income,2021-06-30,4,2078292000.0,2078292000.0,0.0
KLAC,net_income,2022-06-30,4,3321807000.0,3321807000.0,0.0
KLAC,net_income,2023-06-30,4,3387277000.0,3387277000.0,0.0
KLAC,net_income,2024-06-30,4,2761896000.0,2761896000.0,0.0
KLAC,net_income,2025-06-30,4,4061643000.0,4061643000.0,0.0
KLAC,net_income,2026-06-30,4,4830771000.0,4830771000.0,0.0
KLAC,ocf,2011-06-30,4,823166000.0,823166000.0,0.0
KLAC,ocf,2012-06-30,4,941617000.0,941617000.0,0.0
KLAC,ocf,2013-06-30,4,913188000.0,913188000.0,0.0
KLAC,ocf,2014-06-30,4,778886000.0,778886000.0,0.0
KLAC,ocf,2015-06-30,4,605906000.0,605906000.0,0.0
KLAC,ocf,2016-06-30,4,759696000.0,759696000.0,0.0
KLAC,ocf,2017-06-30,4,1079665000.0,1079665000.0,0.0
KLAC,ocf,2018-06-30,4,1229120000.0,1229120000.0,0.0
KLAC,ocf,2019-06-30,4,1152632000.0,1152632000.0,0.0
KLAC,ocf,2020-06-30,4,1778850000.0,1778850000.0,0.0
KLAC,ocf,2021-06-30,4,2185026000.0,2185026000.0,0.0
KLAC,ocf,2022-06-30,4,3312702000.0,3312702000.0,0.0
KLAC,ocf,2023-06-30,4,3669805000.0,3669805000.0,0.0
KLAC,ocf,2024-06-30,4,3308575000.0,3308575000.0,0.0
KLAC,ocf,2025-06-30,4,4081903000.0,4081903000.0,0.0
KLAC,ocf,2026-06-30,4,4143079000.0,4143079000.0,0.0
KMB,revenue,2017-12-31,0,18348000000.0,,
KMB,revenue,2018-12-31,4,18486000000.0,18486000000.0,0.0
KMB,revenue,2019-12-31,4,18450000000.0,18450000000.0,0.0
KMB,revenue,2020-12-31,4,19140000000.0,19140000000.0,0.0
KMB,revenue,2021-12-31,4,19440000000.0,19440000000.0,0.0
KMB,revenue,2022-12-31,4,20175000000.0,20175000000.0,0.0
KMB,revenue,2023-12-31,4,20431000000.0,20431000000.0,0.0
KMB,revenue,2024-12-31,4,20058000000.0,19234000000.0,0.04108086549007877
KMB,revenue,2025-12-31,4,16447000000.0,17233000000.0,0.047789870493099046
KMB,net_income,2011-12-31,4,1591000000.0,1591000000.0,0.0
KMB,net_income,2012-12-31,4,1750000000.0,1750000000.0,0.0
KMB,net_income,2013-12-31,4,2142000000.0,2142000000.0,0.0
KMB,net_income,2014-12-31,4,1526000000.0,1526000000.0,0.0
KMB,net_income,2015-12-31,4,1013000000.0,1013000000.0,0.0
KMB,net_income,2016-12-31,4,2166000000.0,2166000000.0,0.0
KMB,net_income,2017-12-31,4,2278000000.0,2278000000.0,0.0
KMB,net_income,2018-12-31,4,1410000000.0,1410000000.0,0.0
KMB,net_income,2019-12-31,4,2157000000.0,2157000000.0,0.0
KMB,net_income,2020-12-31,4,2352000000.0,2352000000.0,0.0
KMB,net_income,2021-12-31,4,1814000000.0,1814000000.0,0.0
KMB,net_income,2022-12-31,4,1934000000.0,1934000000.0,0.0
KMB,net_income,2023-12-31,4,1764000000.0,1764000000.0,0.0
KMB,net_income,2024-12-31,4,2545000000.0,2545000000.0,0.0
KMB,net_income,2025-12-31,4,2021000000.0,2021000000.0,0.0
KMB,ocf,2011-12-31,4,2288000000.0,2288000000.0,0.0
KMB,ocf,2012-12-31,4,3288000000.0,3288000000.0,0.0
KMB,ocf,2015-12-31,4,2306000000.0,2306000000.0,0.0
KMB,ocf,2016-12-31,4,3232000000.0,3232000000.0,0.0
KMB,ocf,2017-12-31,4,2929000000.0,2929000000.0,0.0
KMB,ocf,2018-12-31,4,2970000000.0,2970000000.0,0.0
KMB,ocf,2019-12-31,4,2736000000.0,2736000000.0,0.0
KMB,ocf,2020-12-31,4,3729000000.0,3729000000.0,0.0
KMB,ocf,2021-12-31,4,2730000000.0,2730000000.0,0.0
KMB,ocf,2022-12-31,4,2733000000.0,2733000000.0,0.0
KMB,ocf,2023-12-31,4,3542000000.0,3542000000.0,0.0
KMB,ocf,2024-12-31,4,3234000000.0,3234000000.0,0.0
KMB,ocf,2025-12-31,4,2777000000.0,2777000000.0,0.0
KO,revenue,2016-12-31,0,41863000000.0,,
KO,revenue,2017-12-31,2,35410000000.0,,
KO,revenue,2018-12-31,4,31856000000.0,32350000000.0,0.015507282772476143
KO,revenue,2019-12-31,4,37266000000.0,36592000000.0,0.018086191166210488
KO,revenue,2020-12-31,4,33014000000.0,33014000000.0,0.0
KO,revenue,2021-12-31,4,38655000000.0,38655000000.0,0.0
KO,revenue,2022-12-31,4,43004000000.0,43004000000.0,0.0
KO,revenue,2023-12-31,4,45754000000.0,45754000000.0,0.0
KO,revenue,2024-12-31,4,47061000000.0,47061000000.0,0.0
KO,revenue,2025-12-31,4,47941000000.0,47941000000.0,0.0
KO,net_income,2011-12-31,4,8572000000.0,8572000000.0,0.0
KO,net_income,2012-12-31,4,9019000000.0,9019000000.0,0.0
KO,net_income,2013-12-31,4,8584000000.0,8584000000.0,0.0
KO,net_income,2014-12-31,4,7098000000.0,7098000000.0,0.0
KO,net_income,2015-12-31,4,7351000000.0,7351000000.0,0.0
KO,net_income,2016-12-31,4,6527000000.0,6527000000.0,0.0
KO,net_income,2017-12-31,4,1248000000.0,1248000000.0,0.0
KO,net_income,2018-12-31,4,6434000000.0,6434000000.0,0.0
KO,net_income,2019-12-31,4,8920000000.0,8920000000.0,0.0
KO,net_income,2020-12-31,4,7747000000.0,7747000000.0,0.0
KO,net_income,2021-12-31,4,9771000000.0,9771000000.0,0.0
KO,net_income,2022-12-31,4,9542000000.0,9542000000.0,0.0
KO,net_income,2023-12-31,4,10714000000.0,10714000000.0,0.0
KO,net_income,2024-12-31,4,10631000000.0,10631000000.0,0.0
KO,net_income,2025-12-31,4,13107000000.0,13107000000.0,0.0
KO,ocf,2011-12-31,4,9474000000.0,9474000000.0,0.0
KO,ocf,2012-12-31,4,10645000000.0,10645000000.0,0.0
KO,ocf,2013-12-31,4,10542000000.0,10542000000.0,0.0
KO,ocf,2014-12-31,4,10615000000.0,10615000000.0,0.0
KO,ocf,2015-12-31,4,10528000000.0,10528000000.0,0.0
KO,ocf,2016-12-31,4,8796000000.0,8796000000.0,0.0
KO,ocf,2017-12-31,4,6995000000.0,6995000000.0,0.0
KO,ocf,2018-12-31,1,7320000000.0,,
KO,ocf,2019-12-31,4,10471000000.0,10471000000.0,0.0
KO,ocf,2020-12-31,4,9844000000.0,9844000000.0,0.0
KO,ocf,2021-12-31,4,12625000000.0,12625000000.0,0.0
KO,ocf,2022-12-31,4,11018000000.0,11018000000.0,0.0
KO,ocf,2023-12-31,4,11599000000.0,11599000000.0,0.0
KO,ocf,2024-12-31,4,6805000000.0,6805000000.0,0.0
KO,ocf,2025-12-31,4,7408000000.0,7408000000.0,0.0
KR,revenue,2017-01-28,0,115337000000.0,,
KR,revenue,2018-02-03,4,122662000000.0,122662000000.0,0.0
KR,revenue,2019-02-02,4,121162000000.0,121162000000.0,0.0
KR,revenue,2020-02-01,4,122286000000.0,122286000000.0,0.0
KR,revenue,2021-01-30,4,132498000000.0,132498000000.0,0.0
KR,revenue,2022-01-29,4,137888000000.0,137888000000.0,0.0
KR,revenue,2023-01-28,4,148258000000.0,148258000000.0,0.0
KR,revenue,2024-02-03,4,150039000000.0,150039000000.0,0.0
KR,revenue,2025-02-01,4,147123000000.0,147123000000.0,0.0
KR,revenue,2026-01-31,4,147642000000.0,147642000000.0,0.0
KR,net_income,2011-01-29,4,1116000000.0,1116000000.0,0.0
KR,net_income,2012-01-28,4,602000000.0,602000000.0,0.0
KR,net_income,2013-02-02,4,1497000000.0,1497000000.0,0.0
KR,net_income,2014-02-01,4,1519000000.0,1519000000.0,0.0
KR,net_income,2015-01-31,4,1728000000.0,1728000000.0,0.0
KR,net_income,2016-01-30,4,2039000000.0,2039000000.0,0.0
KR,net_income,2017-01-28,4,1975000000.0,1960000000.0,0.007594936708860759
KR,net_income,2018-02-03,4,1907000000.0,1907000000.0,0.0
KR,net_income,2019-02-02,4,3110000000.0,3110000000.0,0.0
KR,net_income,2020-02-01,4,1659000000.0,1659000000.0,0.0
KR,net_income,2021-01-30,4,2585000000.0,2585000000.0,0.0
KR,net_income,2022-01-29,4,1655000000.0,1655000000.0,0.0
KR,net_income,2023-01-28,4,2244000000.0,2244000000.0,0.0
KR,net_income,2024-02-03,4,2164000000.0,2164000000.0,0.0
KR,net_income,2025-02-01,4,2665000000.0,2665000000.0,0.0
KR,net_income,2026-01-31,4,1016000000.0,1016000000.0,0.0
KR,ocf,2011-01-29,4,3366000000.0,3366000000.0,0.0
KR,ocf,2016-01-30,0,4917000000.0,,
KR,ocf,2017-01-28,2,4272000000.0,,
KR,ocf,2018-02-03,4,3413000000.0,3413000000.0,0.0
KR,ocf,2019-02-02,4,4164000000.0,4164000000.0,0.0
KR,ocf,2020-02-01,4,4664000000.0,4664000000.0,0.0
KR,ocf,2021-01-30,4,6815000000.0,6815000000.0,0.0
KR,ocf,2022-01-29,4,6190000000.0,6190000000.0,0.0
KR,ocf,2023-01-28,4,4498000000.0,4498000000.0,0.0
KR,ocf,2024-02-03,4,6788000000.0,6788000000.0,0.0
KR,ocf,2025-02-01,4,5794000000.0,5794000000.0,0.0
KR,ocf,2026-01-31,4,7311000000.0,7311000000.0,0.0
LIN,revenue,2016-12-31,0,10534000000.0,,
LIN,revenue,2017-12-31,4,11437000000.0,11437000000.0,0.0
LIN,revenue,2018-12-31,4,14900000000.0,14900000000.0,0.0
LIN,revenue,2019-12-31,4,28228000000.0,28228000000.0,0.0
LIN,revenue,2020-12-31,4,27243000000.0,27243000000.0,0.0
LIN,revenue,2021-12-31,4,30793000000.0,30793000000.0,0.0
LIN,revenue,2022-12-31,4,33364000000.0,33364000000.0,0.0
LIN,revenue,2023-12-31,4,32854000000.0,32854000000.0,0.0
LIN,revenue,2024-12-31,4,33005000000.0,33005000000.0,0.0
LIN,revenue,2025-12-31,4,33986000000.0,33986000000.0,0.0
LIN,net_income,2016-12-31,0,1500000000.0,,
LIN,net_income,2017-12-31,4,1247000000.0,387117354.0,0.6895610633520449
LIN,net_income,2018-12-31,4,4381000000.0,3915446074.0,0.10626658890664233
LIN,net_income,2019-12-31,4,2285000000.0,2285000000.0,0.0
LIN,net_income,2020-12-31,4,2501000000.0,2501000000.0,0.0
LIN,net_income,2021-12-31,4,3826000000.0,3826000000.0,0.0
LIN,net_income,2022-12-31,4,4147000000.0,4147000000.0,0.0
LIN,net_income,2023-12-31,4,6199000000.0,6199000000.0,0.0
LIN,net_income,2024-12-31,4,6565000000.0,6565000000.0,0.0
LIN,net_income,2025-12-31,4,6898000000.0,6898000000.0,0.0
LIN,ocf,2020-12-31,4,7429000000.0,7429000000.0,0.0
LIN,ocf,2021-12-31,4,9725000000.0,9725000000.0,0.0
LIN,ocf,2022-12-31,4,8864000000.0,8864000000.0,0.0
LIN,ocf,2023-12-31,4,9305000000.0,9305000000.0,0.0
LIN,ocf,2024-12-31,4,9423000000.0,9423000000.0,0.0
LIN,ocf,2025-12-31,4,10350000000.0,10350000000.0,0.0
LLY,revenue,2011-12-31,4,24286500000.0,24286500000.0,0.0
LLY,revenue,2012-12-31,4,22603400000.0,22603300000.0,4.424113186511764e-06
LLY,revenue,2013-12-31,4,23113100000.0,23113100000.0,0.0
LLY,revenue,2014-12-31,4,19615600000.0,19615600000.0,0.0
LLY,revenue,2015-12-31,4,19958700000.0,19958700000.0,0.0
LLY,revenue,2016-12-31,4,21222100000.0,21222100000.0,0.0
LLY,revenue,2017-12-31,4,22871300000.0,22871300000.0,0.0
LLY,revenue,2018-12-31,4,24555700000.0,24555700000.0,0.0
LLY,revenue,2019-12-31,4,22319500000.0,22319500000.0,0.0
LLY,revenue,2020-12-31,4,24539800000.0,24539800000.0,0.0
LLY,revenue,2021-12-31,4,28318400000.0,28318400000.0,0.0
LLY,revenue,2022-12-31,4,28541400000.0,28541400000.0,0.0
LLY,revenue,2023-12-31,4,34124100000.0,34124100000.0,0.0
LLY,revenue,2024-12-31,4,45042700000.0,45042700000.0,0.0
LLY,revenue,2025-12-31,4,65179000000.0,65179000000.0,0.0
LLY,net_income,2011-12-31,4,4347700000.0,4347700000.0,0.0
LLY,net_income,2012-12-31,4,4088600000.0,4088500000.0,2.4458249767646627e-05
LLY,net_income,2013-12-31,4,4684800000.0,4684800000.0,0.0
LLY,net_income,2014-12-31,4,2390500000.0,2390500000.0,0.0
LLY,net_income,2015-12-31,4,2408400000.0,2408400000.0,0.0
LLY,net_income,2016-12-31,4,2737600000.0,2737600000.0,0.0
LLY,net_income,2017-12-31,4,-204100000.0,-204100000.0,0.0
LLY,net_income,2018-12-31,4,3232000000.0,3232000000.0,0.0
LLY,net_income,2019-12-31,4,8318400000.0,8318400000.0,0.0
LLY,net_income,2020-12-31,4,6193700000.0,6193700000.0,0.0
LLY,net_income,2021-12-31,4,5581700000.0,5581700000.0,0.0
LLY,net_income,2022-12-31,4,6244800000.0,6244800000.0,0.0
LLY,net_income,2023-12-31,4,5240400000.0,5240400000.0,0.0
LLY,net_income,2024-12-31,4,10590000000.0,10590000000.0,0.0
LLY,net_income,2025-12-31,4,20640000000.0,20640000000.0,0.0
LLY,ocf,2011-12-31,4,7234500000.0,7234500000.0,0.0
LLY,ocf,2012-12-31,4,5304800000.0,5304800000.0,0.0
LLY,ocf,2013-12-31,4,5735000000.0,5735000000.0,0.0
LLY,ocf,2014-12-31,4,4367100000.0,4367100000.0,0.0
LLY,ocf,2015-12-31,4,2772800000.0,2772800000.0,0.0
LLY,ocf,2016-12-31,4,4851000000.0,4851000000.0,0.0
LLY,ocf,2017-12-31,4,5615600000.0,5615600000.0,0.0
LLY,ocf,2018-12-31,4,5524500000.0,5524500000.0,0.0
LLY,ocf,2019-12-31,4,4836600000.0,4836600000.0,0.0
LLY,ocf,2020-12-31,4,6499600000.0,6499600000.0,0.0
LLY,ocf,2021-12-31,4,7260700000.0,7260700000.0,0.0
LLY,ocf,2022-12-31,4,7084400000.0,7084400000.0,0.0
LLY,ocf,2023-12-31,4,4240100000.0,4240100000.0,0.0
LLY,ocf,2024-12-31,4,8817900000.0,8817900000.0,0.0
LLY,ocf,2025-12-31,4,16813000000.0,16813000000.0,0.0
LMT,revenue,2016-12-31,0,47290000000.0,,
LMT,revenue,2017-12-31,4,49960000000.0,49960000000.0,0.0
LMT,revenue,2018-12-31,4,53762000000.0,53762000000.0,0.0
LMT,revenue,2019-12-31,4,59812000000.0,59812000000.0,0.0
LMT,revenue,2020-12-31,4,65398000000.0,65398000000.0,0.0
LMT,revenue,2021-12-31,4,67044000000.0,67044000000.0,0.0
LMT,revenue,2022-12-31,4,65984000000.0,65984000000.0,0.0
LMT,revenue,2023-12-31,4,67571000000.0,67571000000.0,0.0
LMT,revenue,2024-12-31,4,71043000000.0,71043000000.0,0.0
LMT,revenue,2025-12-31,4,75048000000.0,75048000000.0,0.0
LMT,net_income,2011-12-31,4,2655000000.0,2655000000.0,0.0
LMT,net_income,2012-12-31,4,2745000000.0,2745000000.0,0.0
LMT,net_income,2013-12-31,4,2981000000.0,2981000000.0,0.0
LMT,net_income,2014-12-31,4,3614000000.0,3614000000.0,0.0
LMT,net_income,2015-12-31,4,3605000000.0,3605000000.0,0.0
LMT,net_income,2016-12-31,4,5302000000.0,5198000000.0,0.01961523953225198
LMT,net_income,2017-12-31,4,2002000000.0,2002000000.0,0.0
LMT,net_income,2018-12-31,4,5046000000.0,5046000000.0,0.0
LMT,net_income,2019-12-31,4,6230000000.0,6230000000.0,0.0
LMT,net_income,2020-12-31,4,6833000000.0,6833000000.0,0.0
LMT,net_income,2021-12-31,4,6315000000.0,6315000000.0,0.0
LMT,net_income,2022-12-31,4,5732000000.0,5732000000.0,0.0
LMT,net_income,2023-12-31,4,6920000000.0,6920000000.0,0.0
LMT,net_income,2024-12-31,4,5336000000.0,5336000000.0,0.0
LMT,net_income,2025-12-31,4,5017000000.0,5017000000.0,0.0
LMT,ocf,2011-12-31,4,4253000000.0,4253000000.0,0.0
LMT,ocf,2012-12-31,4,1561000000.0,1561000000.0,0.0
LMT,ocf,2013-12-31,4,4546000000.0,4546000000.0,0.0
LMT,ocf,2014-12-31,4,3866000000.0,3866000000.0,0.0
LMT,ocf,2015-12-31,4,5101000000.0,5101000000.0,0.0
LMT,ocf,2016-12-31,4,5189000000.0,5189000000.0,0.0
LMT,ocf,2017-12-31,4,6476000000.0,6476000000.0,0.0
LMT,ocf,2018-12-31,4,3138000000.0,3138000000.0,0.0
LMT,ocf,2019-12-31,4,7311000000.0,7311000000.0,0.0
LMT,ocf,2020-12-31,4,8183000000.0,8183000000.0,0.0
LMT,ocf,2021-12-31,4,9221000000.0,9221000000.0,0.0
LMT,ocf,2022-12-31,4,7802000000.0,7802000000.0,0.0
LMT,ocf,2023-12-31,4,7920000000.0,7920000000.0,0.0
LMT,ocf,2024-12-31,4,6972000000.0,6972000000.0,0.0
LMT,ocf,2025-12-31,4,8557000000.0,8557000000.0,0.0
LOW,revenue,2017-02-03,0,65017000000.0,,
LOW,revenue,2018-02-02,3,68619000000.0,,
LOW,revenue,2019-02-01,4,71309000000.0,71310000000.0,1.4023475297648262e-05
LOW,revenue,2020-01-31,4,72148000000.0,72148000000.0,0.0
LOW,revenue,2021-01-29,4,89597000000.0,89597000000.0,0.0
LOW,revenue,2022-01-28,4,96250000000.0,96249000000.0,1.0389610389610389e-05
LOW,revenue,2023-02-03,4,97059000000.0,97059000000.0,0.0
LOW,revenue,2024-02-02,4,86377000000.0,86376000000.0,1.1577155955867882e-05
LOW,revenue,2025-01-31,4,83674000000.0,83674000000.0,0.0
LOW,revenue,2026-01-30,4,86286000000.0,86287000000.0,1.1589365598127158e-05
LOW,net_income,2013-02-01,0,1959000000.0,,
LOW,net_income,2014-01-31,2,2286000000.0,,
LOW,net_income,2015-01-30,4,2698000000.0,2698000000.0,0.0
LOW,net_income,2016-01-29,4,2546000000.0,2546000000.0,0.0
LOW,net_income,2017-02-03,4,3091000000.0,3092000000.0,0.00032351989647363315
LOW,net_income,2018-02-02,4,3447000000.0,3447000000.0,0.0
LOW,net_income,2019-02-01,4,2314000000.0,2313000000.0,0.000432152117545376
LOW,net_income,2020-01-31,4,4281000000.0,4281000000.0,0.0
LOW,net_income,2021-01-29,4,5835000000.0,5835000000.0,0.0
LOW,net_income,2022-01-28,4,8442000000.0,8442000000.0,0.0
LOW,net_income,2023-02-03,4,6437000000.0,6437000000.0,0.0
LOW,net_income,2024-02-02,4,7726000000.0,7726000000.0,0.0
LOW,net_income,2025-01-31,4,6957000000.0,6957000000.0,0.0
LOW,net_income,2026-01-30,4,6654000000.0,6655000000.0,0.00015028554253080853
LOW,ocf,2011-01-28,4,3852000000.0,3852000000.0,0.0
LOW,ocf,2012-02-03,4,4349000000.0,4349000000.0,0.0
LOW,ocf,2013-02-01,4,3762000000.0,3762000000.0,0.0
LOW,ocf,2016-01-29,0,4784000000.0,,
LOW,ocf,2017-02-03,2,5617000000.0,,
LOW,ocf,2018-02-02,4,5065000000.0,5065000000.0,0.0
LOW,ocf,2019-02-01,4,6193000000.0,6193000000.0,0.0
LOW,ocf,2020-01-31,4,4296000000.0,4296000000.0,0.0
LOW,ocf,2021-01-29,4,11049000000.0,11049000000.0,0.0
LOW,ocf,2022-01-28,4,10113000000.0,10113000000.0,0.0
LOW,ocf,2023-02-03,4,8589000000.0,8589000000.0,0.0
LOW,ocf,2024-02-02,4,8140000000.0,8140000000.0,0.0
LOW,ocf,2025-01-31,4,9625000000.0,9625000000.0,0.0
LOW,ocf,2026-01-30,4,9864000000.0,9864000000.0,0.0
LRCX,revenue,2017-06-25,0,8013620000.0,,
LRCX,revenue,2018-06-24,4,11076998000.0,11076998000.0,0.0
LRCX,revenue,2019-06-30,4,9653559000.0,9653559000.0,0.0
LRCX,revenue,2020-06-28,4,10044736000.0,10044736000.0,0.0
LRCX,revenue,2021-06-27,4,14626150000.0,14626150000.0,0.0
LRCX,revenue,2022-06-26,4,17227039000.0,17227039000.0,0.0
LRCX,revenue,2023-06-25,4,17428516000.0,17428516000.0,0.0
LRCX,revenue,2024-06-30,4,14905386000.0,14905386000.0,0.0
LRCX,revenue,2025-06-29,4,18435591000.0,18435591000.0,0.0
LRCX,revenue,2026-06-28,4,23232690000.0,23232690000.0,0.0
LRCX,net_income,2011-06-26,4,723748000.0,723748000.0,0.0
LRCX,net_income,2012-06-24,4,168723000.0,168723000.0,0.0
LRCX,net_income,2013-06-30,4,113879000.0,113879000.0,0.0
LRCX,net_income,2014-06-29,4,632289000.0,632289000.0,0.0
LRCX,net_income,2015-06-28,4,655577000.0,655577000.0,0.0
LRCX,net_income,2016-06-26,4,914049000.0,914049000.0,0.0
LRCX,net_income,2017-06-25,4,1697763000.0,1697763000.0,0.0
LRCX,net_income,2018-06-24,4,2380681000.0,2380681000.0,0.0
LRCX,net_income,2019-06-30,4,2191430000.0,2191430000.0,0.0
LRCX,net_income,2020-06-28,4,2251753000.0,2251753000.0,0.0
LRCX,net_income,2021-06-27,4,3908458000.0,3908458000.0,0.0
LRCX,net_income,2022-06-26,4,4605286000.0,4605286000.0,0.0
LRCX,net_income,2023-06-25,4,4510931000.0,4510931000.0,0.0
LRCX,net_income,2024-06-30,4,3827772000.0,3827772000.0,0.0
LRCX,net_income,2025-06-29,4,5358217000.0,5358217000.0,0.0
LRCX,net_income,2026-06-28,4,7265396000.0,7265396000.0,0.0
LRCX,ocf,2011-06-26,4,881028000.0,881028000.0,0.0
LRCX,ocf,2012-06-24,4,499028000.0,499028000.0,0.0
LRCX,ocf,2013-06-30,4,719933000.0,719933000.0,0.0
LRCX,ocf,2017-06-25,0,2029282000.0,,
LRCX,ocf,2018-06-24,4,2655747000.0,2655747000.0,0.0
LRCX,ocf,2019-06-30,4,3176013000.0,3176013000.0,0.0
LRCX,ocf,2020-06-28,4,2126451000.0,2126451000.0,0.0
LRCX,ocf,2021-06-27,4,3588163000.0,3588163000.0,0.0
LRCX,ocf,2022-06-26,4,3099674000.0,3099674000.0,0.0
LRCX,ocf,2023-06-25,4,5178938000.0,5178938000.0,0.0
LRCX,ocf,2024-06-30,4,4652269000.0,4652269000.0,0.0
LRCX,ocf,2025-06-29,4,6173264000.0,6173264000.0,0.0
LRCX,ocf,2026-06-28,4,5857657000.0,5857657000.0,0.0
LUV,revenue,2016-12-31,0,20289000000.0,,
LUV,revenue,2017-12-31,2,21146000000.0,,
LUV,revenue,2018-12-31,4,21965000000.0,21965000000.0,0.0
LUV,revenue,2019-12-31,4,22428000000.0,22427000000.0,4.4587123238808635e-05
LUV,revenue,2020-12-31,4,9048000000.0,9048000000.0,0.0
LUV,revenue,2021-12-31,4,15790000000.0,15790000000.0,0.0
LUV,revenue,2022-12-31,4,23814000000.0,23814000000.0,0.0
LUV,revenue,2023-12-31,4,26091000000.0,26091000000.0,0.0
LUV,revenue,2024-12-31,4,27483000000.0,27483000000.0,0.0
LUV,revenue,2025-12-31,4,28063000000.0,28063000000.0,0.0
LUV,net_income,2011-12-31,4,178000000.0,157000021.0,0.11797741011235956
LUV,net_income,2012-12-31,4,421000000.0,420000000.0,0.0023752969121140144
LUV,net_income,2013-12-31,4,754000000.0,754000000.0,0.0
LUV,net_income,2014-12-31,4,1136000000.0,1136000000.0,0.0
LUV,net_income,2015-12-31,4,2181000000.0,2181000000.0,0.0
LUV,net_income,2016-12-31,4,2244000000.0,2241000000.0,0.001336898395721925
LUV,net_income,2017-12-31,4,3488000000.0,3488000000.0,0.0
LUV,net_income,2018-12-31,4,2465000000.0,2465000000.0,0.0
LUV,net_income,2019-12-31,4,2300000000.0,2301000000.0,0.0004347826086956522
LUV,net_income,2020-12-31,4,-3074000000.0,-3074000000.0,0.0
LUV,net_income,2021-12-31,4,977000000.0,978000000.0,0.0010235414534288639
LUV,net_income,2022-12-31,4,539000000.0,539000000.0,0.0
LUV,net_income,2023-12-31,4,465000000.0,465000000.0,0.0
LUV,net_income,2024-12-31,4,465000000.0,464000000.0,0.002150537634408602
LUV,net_income,2025-12-31,4,441000000.0,441000000.0,0.0
LUV,ocf,2011-12-31,4,1385000000.0,2349999034.0,0.6967502050541516
LUV,ocf,2012-12-31,4,2064000000.0,2065000000.0,0.00048449612403100775
LUV,ocf,2013-12-31,4,2477000000.0,2478000000.0,0.0004037141703673799
LUV,ocf,2014-12-31,4,2902000000.0,2901000000.0,0.00034458993797381116
LUV,ocf,2015-12-31,4,3238000000.0,3239000000.0,0.00030883261272390367
LUV,ocf,2016-12-31,4,4293000000.0,4293000000.0,0.0
LUV,ocf,2017-12-31,4,3929000000.0,3930000000.0,0.00025451768897938407
LUV,ocf,2018-12-31,4,4893000000.0,4893000000.0,0.0
LUV,ocf,2019-12-31,4,3987000000.0,3986000000.0,0.00025081514923501377
LUV,ocf,2020-12-31,4,-1127000000.0,-1126000000.0,0.0008873114463176575
LUV,ocf,2021-12-31,4,2322000000.0,2322000000.0,0.0
LUV,ocf,2022-12-31,4,3790000000.0,3790000000.0,0.0
LUV,ocf,2023-12-31,4,3164000000.0,3163000000.0,0.0003160556257901391
LUV,ocf,2024-12-31,4,462000000.0,462000000.0,0.0
LUV,ocf,2025-12-31,4,1842000000.0,1843000000.0,0.0005428881650380022
LVS,revenue,2016-12-31,0,11271000000.0,,
LVS,revenue,2017-12-31,4,12728000000.0,12728000000.0,0.0
LVS,revenue,2018-12-31,4,13729000000.0,13729000000.0,0.0
LVS,revenue,2019-12-31,4,13739000000.0,13739000000.0,0.0
LVS,revenue,2020-12-31,4,3612000000.0,3612000000.0,0.0
LVS,revenue,2021-12-31,4,4234000000.0,4234000000.0,0.0
LVS,revenue,2022-12-31,4,4110000000.0,4110000000.0,0.0
LVS,revenue,2023-12-31,4,10372000000.0,10372000000.0,0.0
LVS,revenue,2024-12-31,4,11298000000.0,11298000000.0,0.0
LVS,revenue,2025-12-31,4,13017000000.0,13017000000.0,0.0
LVS,net_income,2011-12-31,4,1560123000.0,1560123000.0,0.0
LVS,net_income,2012-12-31,4,1524093000.0,1524093000.0,0.0
LVS,net_income,2013-12-31,4,2305997000.0,2305997000.0,0.0
LVS,net_income,2014-12-31,4,2840629000.0,2840629000.0,0.0
LVS,net_income,2015-12-31,4,1966236000.0,1966236000.0,0.0
LVS,net_income,2016-12-31,4,1670000000.0,1670490000.0,0.0002934131736526946
LVS,net_income,2017-12-31,4,2806000000.0,2806000000.0,0.0
LVS,net_income,2018-12-31,4,2413000000.0,2413000000.0,0.0
LVS,net_income,2019-12-31,4,2698000000.0,2698000000.0,0.0
LVS,net_income,2020-12-31,4,-1685000000.0,-1685000000.0,0.0
LVS,net_income,2021-12-31,4,-961000000.0,-961000000.0,0.0
LVS,net_income,2022-12-31,4,1832000000.0,1832000000.0,0.0
LVS,net_income,2023-12-31,4,1221000000.0,1221000000.0,0.0
LVS,net_income,2024-12-31,4,1446000000.0,1446000000.0,0.0
LVS,net_income,2025-12-31,4,1627000000.0,1627000000.0,0.0
LVS,ocf,2011-12-31,4,2662496000.0,2662496000.0,0.0
LVS,ocf,2012-12-31,4,3057757000.0,3057757000.0,0.0
LVS,ocf,2013-12-31,4,4439412000.0,4439412000.0,0.0
LVS,ocf,2016-12-31,0,4044000000.0,,
LVS,ocf,2017-12-31,1,4543000000.0,,
LVS,ocf,2018-12-31,4,4701000000.0,4701000000.0,0.0
LVS,ocf,2019-12-31,4,3038000000.0,3038000000.0,0.0
LVS,ocf,2020-12-31,4,-1312000000.0,-1312000000.0,0.0
LVS,ocf,2023-12-31,4,3227000000.0,3227000000.0,0.0
LVS,ocf,2024-12-31,4,3204000000.0,3204000000.0,0.0
LVS,ocf,2025-12-31,4,3023000000.0,3023000000.0,0.0
LYFT,revenue,2018-12-31,0,2156616000.0,,
LYFT,revenue,2019-12-31,4,3615960000.0,3615960000.0,0.0
LYFT,revenue,2020-12-31,4,2364681000.0,2364681000.0,0.0
LYFT,revenue,2021-12-31,4,3208323000.0,3208323000.0,0.0
LYFT,revenue,2022-12-31,4,4095135000.0,4095135000.0,0.0
LYFT,revenue,2023-12-31,4,4403589000.0,4403589000.0,0.0
LYFT,revenue,2024-12-31,4,5786016000.0,5786016000.0,0.0
LYFT,revenue,2025-12-31,4,6316261000.0,6316261000.0,0.0
LYFT,net_income,2017-12-31,0,-688301000.0,,
LYFT,net_income,2018-12-31,4,-911335000.0,-911335000.0,0.0
LYFT,net_income,2019-12-31,4,-2602241000.0,-2602241000.0,0.0
LYFT,net_income,2020-12-31,4,-1752857000.0,-1752857000.0,0.0
LYFT,net_income,2021-12-31,4,-1009359000.0,-1033969000.0,0.02438181063427383
LYFT,net_income,2022-12-31,4,-1584511000.0,-1584511000.0,0.0
LYFT,net_income,2023-12-31,4,-340320000.0,-340320000.0,0.0
LYFT,net_income,2024-12-31,4,22784000.0,22784000.0,0.0
LYFT,net_income,2025-12-31,4,2844008000.0,2844008000.0,0.0
LYFT,ocf,2017-12-31,0,-393526000.0,,
LYFT,ocf,2018-12-31,4,-280673000.0,-280673000.0,0.0
LYFT,ocf,2019-12-31,4,-105702000.0,-105702000.0,0.0
LYFT,ocf,2020-12-31,4,-1378899000.0,-1378899000.0,0.0
LYFT,ocf,2021-12-31,4,-101721000.0,-101721000.0,0.0
LYFT,ocf,2022-12-31,4,-237285000.0,-237285000.0,0.0
LYFT,ocf,2023-12-31,4,-98244000.0,-98244000.0,0.0
LYFT,ocf,2024-12-31,4,849737000.0,849737000.0,0.0
LYFT,ocf,2025-12-31,4,1168438000.0,1168438000.0,0.0
MA,revenue,2011-12-31,4,6714000000.0,6714000000.0,0.0
MA,revenue,2012-12-31,4,7391000000.0,7391000000.0,0.0
MA,revenue,2013-12-31,4,8346000000.0,8346000000.0,0.0
MA,revenue,2014-12-31,4,9473000000.0,9473000000.0,0.0
MA,revenue,2016-12-31,0,10776000000.0,,
MA,revenue,2017-12-31,4,12497000000.0,12497000000.0,0.0
MA,revenue,2018-12-31,4,14950000000.0,14950000000.0,0.0
MA,revenue,2019-12-31,4,16883000000.0,16883000000.0,0.0
MA,revenue,2020-12-31,4,15301000000.0,15301000000.0,0.0
MA,revenue,2021-12-31,4,18884000000.0,18884000000.0,0.0
MA,revenue,2022-12-31,4,22237000000.0,22237000000.0,0.0
MA,revenue,2023-12-31,4,25098000000.0,25098000000.0,0.0
MA,revenue,2024-12-31,4,28167000000.0,28167000000.0,0.0
MA,revenue,2025-12-31,4,32791000000.0,32791000000.0,0.0
MA,net_income,2011-12-31,4,1904000000.0,1904000000.0,0.0
MA,net_income,2012-12-31,4,2758000000.0,2758000000.0,0.0
MA,net_income,2013-12-31,4,3116000000.0,3116000000.0,0.0
MA,net_income,2014-12-31,4,3617000000.0,3617000000.0,0.0
MA,net_income,2015-12-31,4,3808000000.0,3808000000.0,0.0
MA,net_income,2016-12-31,4,4059000000.0,4059000000.0,0.0
MA,net_income,2017-12-31,4,3915000000.0,3915000000.0,0.0
MA,net_income,2018-12-31,4,5859000000.0,5859000000.0,0.0
MA,net_income,2019-12-31,4,8118000000.0,8118000000.0,0.0
MA,net_income,2020-12-31,4,6411000000.0,6411000000.0,0.0
MA,net_income,2021-12-31,4,8687000000.0,8687000000.0,0.0
MA,net_income,2022-12-31,4,9930000000.0,9930000000.0,0.0
MA,net_income,2023-12-31,4,11195000000.0,11195000000.0,0.0
MA,net_income,2024-12-31,4,12874000000.0,12874000000.0,0.0
MA,net_income,2025-12-31,4,14968000000.0,14968000000.0,0.0
MA,ocf,2011-12-31,4,2684000000.0,2684000000.0,0.0
MA,ocf,2012-12-31,4,2948000000.0,2948000000.0,0.0
MA,ocf,2013-12-31,4,4135000000.0,4135000000.0,0.0
MA,ocf,2014-12-31,4,3407000000.0,3407000000.0,0.0
MA,ocf,2015-12-31,4,4043000000.0,4043000000.0,0.0
MA,ocf,2016-12-31,4,4484000000.0,4484000000.0,0.0
MA,ocf,2017-12-31,4,5555000000.0,5555000000.0,0.0
MA,ocf,2018-12-31,4,6223000000.0,6223000000.0,0.0
MA,ocf,2019-12-31,4,8183000000.0,8183000000.0,0.0
MA,ocf,2020-12-31,4,7224000000.0,7224000000.0,0.0
MA,ocf,2021-12-31,4,9463000000.0,9463000000.0,0.0
MA,ocf,2022-12-31,4,11195000000.0,11195000000.0,0.0
MA,ocf,2023-12-31,4,11980000000.0,11980000000.0,0.0
MA,ocf,2024-12-31,4,14780000000.0,14780000000.0,0.0
MA,ocf,2025-12-31,4,17648000000.0,17648000000.0,0.0
MCD,revenue,2011-12-31,4,27006000000.0,27006000000.0,0.0
MCD,revenue,2012-12-31,4,27567000000.0,27567000000.0,0.0
MCD,revenue,2013-12-31,4,28105700000.0,28105700000.0,0.0
MCD,revenue,2014-12-31,4,27441300000.0,27441300000.0,0.0
MCD,revenue,2015-12-31,4,25413000000.0,25413000000.0,0.0
MCD,revenue,2016-12-31,4,24621900000.0,24621900000.0,0.0
MCD,revenue,2017-12-31,4,22820400000.0,22820400000.0,0.0
MCD,revenue,2018-12-31,4,21025200000.0,21025200000.0,0.0
MCD,revenue,2019-12-31,4,21076500000.0,21076500000.0,0.0
MCD,revenue,2020-12-31,4,19207800000.0,19207800000.0,0.0
MCD,revenue,2021-12-31,4,23222900000.0,23222900000.0,0.0
MCD,revenue,2022-12-31,4,23182600000.0,23182600000.0,0.0
MCD,revenue,2023-12-31,4,25493700000.0,25493700000.0,0.0
MCD,revenue,2024-12-31,4,25920000000.0,25920000000.0,0.0
MCD,revenue,2025-12-31,4,26885000000.0,26886000000.0,3.719546215361726e-05
MCD,net_income,2011-12-31,4,5503100000.0,5503100000.0,0.0
MCD,net_income,2012-12-31,4,5464800000.0,5464800000.0,0.0
MCD,net_income,2013-12-31,4,5585900000.0,5585900000.0,0.0
MCD,net_income,2014-12-31,4,4757800000.0,4757800000.0,0.0
MCD,net_income,2015-12-31,4,4529300000.0,4529300000.0,0.0
MCD,net_income,2016-12-31,4,4686500000.0,4660300000.0,0.0055905259788754935
MCD,net_income,2017-12-31,4,5192300000.0,5192300000.0,0.0
MCD,net_income,2018-12-31,4,5924300000.0,5924300000.0,0.0
MCD,net_income,2019-12-31,4,6025400000.0,6025400000.0,0.0
MCD,net_income,2020-12-31,4,4730500000.0,4730500000.0,0.0
MCD,net_income,2021-12-31,4,7545200000.0,7545200000.0,0.0
MCD,net_income,2022-12-31,4,6177400000.0,6177400000.0,0.0
MCD,net_income,2023-12-31,4,8468800000.0,8468800000.0,0.0
MCD,net_income,2024-12-31,4,8223000000.0,8222000000.0,0.00012161011796181443
MCD,net_income,2025-12-31,4,8563000000.0,8563000000.0,0.0
MCD,ocf,2011-12-31,4,7150100000.0,7150100000.0,0.0
MCD,ocf,2012-12-31,4,6966100000.0,6966100000.0,0.0
MCD,ocf,2013-12-31,4,7120700000.0,7120700000.0,0.0
MCD,ocf,2014-12-31,4,6730300000.0,6730300000.0,0.0
MCD,ocf,2015-12-31,4,6539100000.0,6539100000.0,0.0
MCD,ocf,2016-12-31,4,6059600000.0,6033500000.0,0.004307214997689617
MCD,ocf,2017-12-31,4,5551200000.0,5551200000.0,0.0
MCD,ocf,2018-12-31,4,6966700000.0,6966700000.0,0.0
MCD,ocf,2019-12-31,4,8122100000.0,8122100000.0,0.0
MCD,ocf,2020-12-31,4,6265200000.0,6265200000.0,0.0
MCD,ocf,2021-12-31,4,9141500000.0,9141500000.0,0.0
MCD,ocf,2022-12-31,4,7386700000.0,7386700000.0,0.0
MCD,ocf,2023-12-31,4,9611900000.0,9611900000.0,0.0
MCD,ocf,2024-12-31,4,9447000000.0,9446000000.0,0.00010585371017254155
MCD,ocf,2025-12-31,4,10551000000.0,10551000000.0,0.0
MDLZ,revenue,2011-12-31,4,54365000000.0,54365000000.0,0.0
MDLZ,revenue,2012-12-31,4,35015000000.0,48783000000.0,0.39320291303726973
MDLZ,revenue,2013-12-31,4,35299000000.0,35299000000.0,0.0
MDLZ,revenue,2014-12-31,4,34244000000.0,34244000000.0,0.0
MDLZ,revenue,2015-12-31,4,29636000000.0,29636000000.0,0.0
MDLZ,revenue,2016-12-31,4,25923000000.0,25923000000.0,0.0
MDLZ,revenue,2017-12-31,4,25896000000.0,25896000000.0,0.0
MDLZ,revenue,2018-12-31,4,25938000000.0,25938000000.0,0.0
MDLZ,revenue,2019-12-31,4,25868000000.0,25868000000.0,0.0
MDLZ,revenue,2020-12-31,4,26581000000.0,26581000000.0,0.0
MDLZ,revenue,2021-12-31,4,28720000000.0,28720000000.0,0.0
MDLZ,revenue,2022-12-31,4,31496000000.0,31496000000.0,0.0
MDLZ,revenue,2023-12-31,4,36016000000.0,36016000000.0,0.0
MDLZ,revenue,2024-12-31,4,36441000000.0,36441000000.0,0.0
MDLZ,revenue,2025-12-31,4,38537000000.0,38537000000.0,0.0
MDLZ,net_income,2011-12-31,4,3527000000.0,3527000000.0,0.0
MDLZ,net_income,2012-12-31,4,3028000000.0,3028000000.0,0.0
MDLZ,net_income,2013-12-31,4,3915000000.0,3974000000.0,0.015070242656449554
MDLZ,net_income,2014-12-31,4,2184000000.0,2184000000.0,0.0
MDLZ,net_income,2015-12-31,4,7267000000.0,7267000000.0,0.0
MDLZ,net_income,2016-12-31,4,1659000000.0,1659000000.0,0.0
MDLZ,net_income,2017-12-31,4,2922000000.0,2922000000.0,0.0
MDLZ,net_income,2018-12-31,4,3381000000.0,3278000000.0,0.03046435965690624
MDLZ,net_income,2019-12-31,4,3870000000.0,3870000000.0,0.0
MDLZ,net_income,2020-12-31,4,3555000000.0,3572000000.0,0.004781997187060478
MDLZ,net_income,2021-12-31,4,4300000000.0,4300000000.0,0.0
MDLZ,net_income,2022-12-31,4,2717000000.0,2717000000.0,0.0
MDLZ,net_income,2023-12-31,4,4959000000.0,4959000000.0,0.0
MDLZ,net_income,2024-12-31,4,4611000000.0,4611000000.0,0.0
MDLZ,net_income,2025-12-31,4,2451000000.0,2451000000.0,0.0
MDLZ,ocf,2011-12-31,4,4520000000.0,4520000000.0,0.0
MDLZ,ocf,2012-12-31,4,3923000000.0,3923000000.0,0.0
MDLZ,ocf,2013-12-31,4,6410000000.0,6410000000.0,0.0
MDLZ,ocf,2014-12-31,4,3562000000.0,3562000000.0,0.0
MDLZ,ocf,2015-12-31,4,3728000000.0,3728000000.0,0.0
MDLZ,ocf,2016-12-31,4,2838000000.0,2838000000.0,0.0
MDLZ,ocf,2017-12-31,4,2593000000.0,2593000000.0,0.0
MDLZ,ocf,2018-12-31,4,3948000000.0,3948000000.0,0.0
MDLZ,ocf,2019-12-31,4,3965000000.0,3965000000.0,0.0
MDLZ,ocf,2020-12-31,4,3964000000.0,3964000000.0,0.0
MDLZ,ocf,2021-12-31,4,4141000000.0,4141000000.0,0.0
MDLZ,ocf,2022-12-31,4,3908000000.0,3908000000.0,0.0
MDLZ,ocf,2023-12-31,4,4714000000.0,4714000000.0,0.0
MDLZ,ocf,2024-12-31,4,4910000000.0,4910000000.0,0.0
MDLZ,ocf,2025-12-31,4,4514000000.0,4514000000.0,0.0
MDT,revenue,2017-04-28,0,29710000000.0,,
MDT,revenue,2018-04-27,4,29953000000.0,29953000000.0,0.0
MDT,revenue,2019-04-26,4,30557000000.0,30557000000.0,0.0
MDT,revenue,2020-04-24,4,28913000000.0,28914000000.0,3.45865181752153e-05
MDT,revenue,2021-04-30,4,30117000000.0,30117000000.0,0.0
MDT,revenue,2022-04-29,4,31686000000.0,31686000000.0,0.0
MDT,revenue,2023-04-28,4,31227000000.0,31228000000.0,3.202356934703942e-05
MDT,revenue,2024-04-26,4,32364000000.0,32364000000.0,0.0
MDT,revenue,2025-04-25,4,33537000000.0,33537000000.0,0.0
MDT,revenue,2026-04-24,4,36364000000.0,36363000000.0,2.7499725002749972e-05
MDT,net_income,2013-04-26,0,3467000000.0,,
MDT,net_income,2014-04-25,4,3065000000.0,3065000000.0,0.0
MDT,net_income,2015-04-24,4,2675000000.0,1660925000.0,0.37909345794392524
MDT,net_income,2016-04-29,4,3538000000.0,3539000000.0,0.0002826455624646693
MDT,net_income,2017-04-28,4,4028000000.0,4028000000.0,0.0
MDT,net_income,2018-04-27,4,3104000000.0,3104000000.0,0.0
MDT,net_income,2019-04-26,4,4631000000.0,4631000000.0,0.0
MDT,net_income,2020-04-24,4,4789000000.0,4789000000.0,0.0
MDT,net_income,2021-04-30,4,3606000000.0,3606000000.0,0.0
MDT,net_income,2022-04-29,4,5039000000.0,5039000000.0,0.0
MDT,net_income,2023-04-28,4,3758000000.0,3757000000.0,0.00026609898882384245
MDT,net_income,2024-04-26,4,3676000000.0,3676000000.0,0.0
MDT,net_income,2025-04-25,4,4662000000.0,4662000000.0,0.0
MDT,net_income,2026-04-24,4,4801000000.0,4801000000.0,0.0
MDT,ocf,2014-04-25,0,4959000000.0,,
MDT,ocf,2015-04-24,2,4902000000.0,,
MDT,ocf,2016-04-29,4,5218000000.0,5218000000.0,0.0
MDT,ocf,2017-04-28,4,6880000000.0,6880000000.0,0.0
MDT,ocf,2018-04-27,4,4684000000.0,4684000000.0,0.0
MDT,ocf,2019-04-26,4,7007000000.0,7007000000.0,0.0
MDT,ocf,2020-04-24,4,7234000000.0,7234000000.0,0.0
MDT,ocf,2021-04-30,4,6240000000.0,6240000000.0,0.0
MDT,ocf,2022-04-29,4,7346000000.0,7346000000.0,0.0
MDT,ocf,2023-04-28,4,6039000000.0,6039000000.0,0.0
MDT,ocf,2024-04-26,4,6787000000.0,6787000000.0,0.0
MDT,ocf,2025-04-25,4,7044000000.0,7044000000.0,0.0
MDT,ocf,2026-04-24,4,7330000000.0,7330000000.0,0.0
META,revenue,2016-12-31,0,27638000000.0,,
META,revenue,2017-12-31,4,40653000000.0,40653000000.0,0.0
META,revenue,2018-12-31,4,55838000000.0,55838000000.0,0.0
META,revenue,2019-12-31,4,70697000000.0,70697000000.0,0.0
META,revenue,2020-12-31,4,85965000000.0,85966000000.0,1.1632641191182458e-05
META,revenue,2021-12-31,4,117929000000.0,117929000000.0,0.0
META,revenue,2022-12-31,4,116609000000.0,116609000000.0,0.0
META,revenue,2023-12-31,4,134902000000.0,134901000000.0,7.412788542794028e-06
META,revenue,2024-12-31,4,164501000000.0,164500000000.0,6.0789904012741566e-06
META,revenue,2025-12-31,4,200966000000.0,200965000000.0,4.975966083815173e-06
META,net_income,2011-12-31,3,1000000000.0,,
META,net_income,2012-12-31,4,53000000.0,53000000.0,0.0
META,net_income,2013-12-31,4,1500000000.0,1500000000.0,0.0
META,net_income,2014-12-31,4,2940000000.0,2940000000.0,0.0
META,net_income,2015-12-31,4,3688000000.0,3688000000.0,0.0
META,net_income,2016-12-31,4,10217000000.0,10217000000.0,0.0
META,net_income,2017-12-31,4,15934000000.0,15934000000.0,0.0
META,net_income,2018-12-31,4,22112000000.0,22113000000.0,4.522431259044862e-05
META,net_income,2019-12-31,4,18485000000.0,18485000000.0,0.0
META,net_income,2020-12-31,4,29146000000.0,29145000000.0,3.4310025389418786e-05
META,net_income,2021-12-31,4,39370000000.0,39370000000.0,0.0
META,net_income,2022-12-31,4,23200000000.0,23200000000.0,0.0
META,net_income,2023-12-31,4,39098000000.0,39097000000.0,2.5576755844288712e-05
META,net_income,2024-12-31,4,62360000000.0,62360000000.0,0.0
META,net_income,2025-12-31,4,60458000000.0,60458000000.0,0.0
META,ocf,2011-12-31,2,1549000000.0,,
META,ocf,2012-12-31,4,1612000000.0,1612000000.0,0.0
META,ocf,2013-12-31,4,4222000000.0,4222000000.0,0.0
META,ocf,2014-12-31,4,5457000000.0,5457000000.0,0.0
META,ocf,2015-12-31,4,8599000000.0,8599000000.0,0.0
META,ocf,2016-12-31,4,16108000000.0,16108000000.0,0.0
META,ocf,2017-12-31,4,24216000000.0,24216000000.0,0.0
META,ocf,2018-12-31,4,29274000000.0,29274000000.0,0.0
META,ocf,2019-12-31,4,36314000000.0,36314000000.0,0.0
META,ocf,2020-12-31,4,38747000000.0,38747000000.0,0.0
META,ocf,2021-12-31,4,57683000000.0,57683000000.0,0.0
META,ocf,2022-12-31,4,50475000000.0,50475000000.0,0.0
META,ocf,2023-12-31,4,71113000000.0,71113000000.0,0.0
META,ocf,2024-12-31,4,91328000000.0,91328000000.0,0.0
META,ocf,2025-12-31,4,115800000000.0,115800000000.0,0.0
MGM,revenue,2016-12-31,0,9478269000.0,,
MGM,revenue,2017-12-31,4,10797479000.0,10797479000.0,0.0
MGM,revenue,2018-12-31,4,11763096000.0,11763096000.0,0.0
MGM,revenue,2019-12-31,4,12899672000.0,12899672000.0,0.0
MGM,revenue,2020-12-31,4,5162082000.0,5162082000.0,0.0
MGM,revenue,2021-12-31,4,9680140000.0,9680140000.0,0.0
MGM,revenue,2022-12-31,4,13127485000.0,13127485000.0,0.0
MGM,revenue,2023-12-31,4,16164249000.0,16164249000.0,0.0
MGM,revenue,2024-12-31,4,17240545000.0,17240545000.0,0.0
MGM,revenue,2025-12-31,4,17537683000.0,17537683000.0,0.0
MGM,net_income,2011-12-31,4,-30308000.0,-30308000.0,0.0
MGM,net_income,2012-12-31,4,-1767691000.0,-1767691000.0,0.0
MGM,net_income,2013-12-31,4,-156606000.0,-175076000.0,0.11793928712820709
MGM,net_income,2014-12-31,4,-149873000.0,-148829000.0,0.006965897793465133
MGM,net_income,2015-12-31,4,-447720000.0,-447720000.0,0.0
MGM,net_income,2016-12-31,4,1101440000.0,1101440000.0,0.0
MGM,net_income,2017-12-31,4,1960286000.0,1960286000.0,0.0
MGM,net_income,2018-12-31,4,466772000.0,466772000.0,0.0
MGM,net_income,2019-12-31,4,2049146000.0,2049146000.0,0.0
MGM,net_income,2020-12-31,4,-1032724000.0,-1032724000.0,0.0
MGM,net_income,2021-12-31,4,1254370000.0,1254370000.0,0.0
MGM,net_income,2022-12-31,4,1473093000.0,1473093000.0,0.0
MGM,net_income,2023-12-31,4,1142180000.0,1142180000.0,0.0
MGM,net_income,2024-12-31,4,746558000.0,746558000.0,0.0
MGM,net_income,2025-12-31,4,205862000.0,205862000.0,0.0
MGM,ocf,2016-12-31,0,1533972000.0,,
MGM,ocf,2017-12-31,2,2206411000.0,,
MGM,ocf,2018-12-31,4,1722539000.0,1722539000.0,0.0
MGM,ocf,2019-12-31,4,1810401000.0,1810401000.0,0.0
MGM,ocf,2020-12-31,4,-1493043000.0,-1493043000.0,0.0
MGM,ocf,2021-12-31,4,1373423000.0,1373423000.0,0.0
MGM,ocf,2022-12-31,4,1756462000.0,1756462000.0,0.0
MGM,ocf,2023-12-31,4,2690777000.0,2690777000.0,0.0
MGM,ocf,2024-12-31,4,2362495000.0,2362495000.0,0.0
MGM,ocf,2025-12-31,4,2529378000.0,2529378000.0,0.0
MMM,revenue,2016-12-31,0,30109000000.0,,
MMM,revenue,2017-12-31,4,31657000000.0,31657000000.0,0.0
MMM,revenue,2018-12-31,4,32765000000.0,32765000000.0,0.0
MMM,revenue,2019-12-31,4,32136000000.0,32136000000.0,0.0
MMM,revenue,2020-12-31,4,32184000000.0,32184000000.0,0.0
MMM,revenue,2021-12-31,4,35355000000.0,35355000000.0,0.0
MMM,revenue,2022-12-31,4,34229000000.0,34229000000.0,0.0
MMM,revenue,2023-12-31,4,32681000000.0,30670000000.0,0.061534224778923535
MMM,revenue,2024-12-31,4,24575000000.0,26562000000.0,0.08085452695829094
MMM,revenue,2025-12-31,4,24948000000.0,24948000000.0,0.0
MMM,net_income,2011-12-31,4,4283000000.0,4283000000.0,0.0
MMM,net_income,2012-12-31,4,4444000000.0,4444000000.0,0.0
MMM,net_income,2013-12-31,4,4659000000.0,4659000000.0,0.0
MMM,net_income,2014-12-31,4,4956000000.0,4956000000.0,0.0
MMM,net_income,2015-12-31,4,4833000000.0,4833000000.0,0.0
MMM,net_income,2016-12-31,4,5050000000.0,5050000000.0,0.0
MMM,net_income,2017-12-31,4,4858000000.0,4858000000.0,0.0
MMM,net_income,2018-12-31,4,5349000000.0,5349000000.0,0.0
MMM,net_income,2019-12-31,4,4570000000.0,4570000000.0,0.0
MMM,net_income,2020-12-31,4,5384000000.0,5384000000.0,0.0
MMM,net_income,2021-12-31,4,5921000000.0,5921000000.0,0.0
MMM,net_income,2022-12-31,4,5777000000.0,5777000000.0,0.0
MMM,net_income,2023-12-31,4,-6995000000.0,-6995000000.0,0.0
MMM,net_income,2024-12-31,4,4173000000.0,4173000000.0,0.0
MMM,net_income,2025-12-31,4,3250000000.0,3250000000.0,0.0
MMM,ocf,2015-12-31,0,6420000000.0,,
MMM,ocf,2016-12-31,2,6662000000.0,,
MMM,ocf,2017-12-31,4,6240000000.0,6240000000.0,0.0
MMM,ocf,2018-12-31,4,6439000000.0,6439000000.0,0.0
MMM,ocf,2019-12-31,4,7070000000.0,7070000000.0,0.0
MMM,ocf,2020-12-31,4,8113000000.0,8113000000.0,0.0
MMM,ocf,2021-12-31,4,7454000000.0,7454000000.0,0.0
MMM,ocf,2022-12-31,4,5591000000.0,5591000000.0,0.0
MMM,ocf,2023-12-31,4,6680000000.0,6680000000.0,0.0
MMM,ocf,2024-12-31,4,1819000000.0,1819000000.0,0.0
MMM,ocf,2025-12-31,4,2306000000.0,2306000000.0,0.0
MO,revenue,2016-12-31,0,25744000000.0,,
MO,revenue,2017-12-31,4,25576000000.0,25576000000.0,0.0
MO,revenue,2018-12-31,4,25364000000.0,25364000000.0,0.0
MO,revenue,2019-12-31,4,25110000000.0,25110000000.0,0.0
MO,revenue,2020-12-31,4,26153000000.0,26153000000.0,0.0
MO,revenue,2021-12-31,4,26013000000.0,26013000000.0,0.0
MO,revenue,2022-12-31,4,25096000000.0,25096000000.0,0.0
MO,revenue,2023-12-31,4,24483000000.0,24483000000.0,0.0
MO,revenue,2024-12-31,4,24018000000.0,24018000000.0,0.0
MO,revenue,2025-12-31,4,23279000000.0,23279000000.0,0.0
MO,net_income,2011-12-31,4,3390000000.0,3390000000.0,0.0
MO,net_income,2012-12-31,4,4180000000.0,3958000000.0,0.053110047846889955
MO,net_income,2013-12-31,4,4535000000.0,4535000000.0,0.0
MO,net_income,2014-12-31,4,5070000000.0,5070000000.0,0.0
MO,net_income,2015-12-31,4,5241000000.0,5241000000.0,0.0
MO,net_income,2016-12-31,4,14239000000.0,14239000000.0,0.0
MO,net_income,2017-12-31,4,10222000000.0,10222000000.0,0.0
MO,net_income,2018-12-31,4,6963000000.0,6963000000.0,0.0
MO,net_income,2019-12-31,4,-1293000000.0,-1293000000.0,0.0
MO,net_income,2020-12-31,4,4467000000.0,4467000000.0,0.0
MO,net_income,2021-12-31,4,2475000000.0,2475000000.0,0.0
MO,net_income,2022-12-31,4,5764000000.0,5764000000.0,0.0
MO,net_income,2023-12-31,4,8130000000.0,8130000000.0,0.0
MO,net_income,2024-12-31,4,11264000000.0,11264000000.0,0.0
MO,net_income,2025-12-31,4,6947000000.0,6947000000.0,0.0
MO,ocf,2011-12-31,4,3613000000.0,3613000000.0,0.0
MO,ocf,2012-12-31,4,3903000000.0,3903000000.0,0.0
MO,ocf,2013-12-31,2,4375000000.0,,
MO,ocf,2014-12-31,0,4663000000.0,,
MO,ocf,2015-12-31,4,5810000000.0,5810000000.0,0.0
MO,ocf,2016-12-31,4,3791000000.0,3791000000.0,0.0
MO,ocf,2017-12-31,4,4922000000.0,4922000000.0,0.0
MO,ocf,2018-12-31,4,8391000000.0,8391000000.0,0.0
MO,ocf,2019-12-31,4,7837000000.0,7837000000.0,0.0
MO,ocf,2020-12-31,4,8385000000.0,8385000000.0,0.0
MO,ocf,2021-12-31,4,8405000000.0,8405000000.0,0.0
MO,ocf,2022-12-31,4,8256000000.0,8256000000.0,0.0
MO,ocf,2023-12-31,4,9287000000.0,9287000000.0,0.0
MO,ocf,2024-12-31,4,8753000000.0,8753000000.0,0.0
MO,ocf,2025-12-31,4,9290000000.0,9290000000.0,0.0
MOS,revenue,2018-12-31,0,9587300000.0,,
MOS,revenue,2019-12-31,4,8906300000.0,8906300000.0,0.0
MOS,revenue,2020-12-31,4,8681700000.0,8681700000.0,0.0
MOS,revenue,2021-12-31,4,12357400000.0,12357400000.0,0.0
MOS,revenue,2022-12-31,4,19125200000.0,19125200000.0,0.0
MOS,revenue,2023-12-31,4,13696100000.0,13696100000.0,0.0
MOS,revenue,2024-12-31,4,11122800000.0,11122800000.0,0.0
MOS,revenue,2025-12-31,4,12052400000.0,12052400000.0,0.0
MOS,net_income,2011-05-31,4,2514600000.0,2514600000.0,0.0
MOS,net_income,2012-05-31,4,1930200000.0,1930200000.0,0.0
MOS,net_income,2013-05-31,6,1888700000.0,,
MOS,net_income,2014-12-31,4,1028600000.0,1028500000.0,9.721952167995334e-05
MOS,net_income,2015-12-31,4,1000400000.0,1000400000.0,0.0
MOS,net_income,2016-12-31,4,297800000.0,297700000.0,0.000335795836131632
MOS,net_income,2017-12-31,4,-107200000.0,-107200000.0,0.0
MOS,net_income,2018-12-31,4,470000000.0,470000000.0,0.0
MOS,net_income,2019-12-31,4,-1067400000.0,-1067400000.0,0.0
MOS,net_income,2020-12-31,4,666100000.0,666100000.0,0.0
MOS,net_income,2021-12-31,4,1630600000.0,1630600000.0,0.0
MOS,net_income,2022-12-31,4,3582800000.0,3582800000.0,0.0
MOS,net_income,2023-12-31,4,1164900000.0,1164900000.0,0.0
MOS,net_income,2024-12-31,4,174900000.0,174900000.0,0.0
MOS,net_income,2025-12-31,4,540700000.0,540700000.0,0.0
MOS,ocf,2011-05-31,4,2426700000.0,2426700000.0,0.0
MOS,ocf,2012-05-31,4,2705800000.0,2705800000.0,0.0
MOS,ocf,2013-05-31,4,1887500000.0,1887500000.0,0.0
MOS,ocf,2015-12-31,0,2038300000.0,,
MOS,ocf,2016-12-31,1,1260200000.0,,
MOS,ocf,2017-12-31,4,935500000.0,935500000.0,0.0
MOS,ocf,2018-12-31,4,1409800000.0,1409800000.0,0.0
MOS,ocf,2019-12-31,4,1095400000.0,1095400000.0,0.0
MOS,ocf,2020-12-31,4,1582600000.0,1582600000.0,0.0
MOS,ocf,2021-12-31,4,2187000000.0,2187000000.0,0.0
MOS,ocf,2022-12-31,4,3935800000.0,3935800000.0,0.0
MOS,ocf,2023-12-31,4,2407200000.0,2407200000.0,0.0
MOS,ocf,2024-12-31,4,1299200000.0,1299200000.0,0.0
MOS,ocf,2025-12-31,4,824800000.0,824800000.0,0.0
MRK,revenue,2016-12-31,0,39807000000.0,,
MRK,revenue,2017-12-31,3,40122000000.0,,
MRK,revenue,2018-12-31,4,42294000000.0,42294000000.0,0.0
MRK,revenue,2019-12-31,4,46840000000.0,46841000000.0,2.134927412467976e-05
MRK,revenue,2020-12-31,4,47994000000.0,47995000000.0,2.083593782556153e-05
MRK,revenue,2021-12-31,4,48704000000.0,50157000000.0,0.029833278580814717
MRK,revenue,2022-12-31,4,59283000000.0,59283000000.0,0.0
MRK,revenue,2023-12-31,4,60115000000.0,60114000000.0,1.66347833319471e-05
MRK,revenue,2024-12-31,4,64168000000.0,64168000000.0,0.0
MRK,revenue,2025-12-31,4,65011000000.0,65011000000.0,0.0
MRK,net_income,2011-12-31,4,6272000000.0,6271000000.0,0.00015943877551020407
MRK,net_income,2012-12-31,4,6168000000.0,6167000000.0,0.00016212710765239947
MRK,net_income,2013-12-31,4,4404000000.0,4404000000.0,0.0
MRK,net_income,2014-12-31,4,11920000000.0,11920000000.0,0.0
MRK,net_income,2015-12-31,4,4442000000.0,4443000000.0,0.00022512381809995497
MRK,net_income,2016-12-31,4,3920000000.0,3919000000.0,0.00025510204081632655
MRK,net_income,2017-12-31,4,2394000000.0,2395000000.0,0.0004177109440267335
MRK,net_income,2018-12-31,4,6220000000.0,6220000000.0,0.0
MRK,net_income,2019-12-31,4,9843000000.0,9842000000.0,0.0001015950421619425
MRK,net_income,2020-12-31,4,7067000000.0,7068000000.0,0.00014150275930380644
MRK,net_income,2021-12-31,4,13049000000.0,13049000000.0,0.0
MRK,net_income,2022-12-31,4,14519000000.0,14519000000.0,0.0
MRK,net_income,2023-12-31,4,365000000.0,365000000.0,0.0
MRK,net_income,2024-12-31,4,17117000000.0,17117000000.0,0.0
MRK,net_income,2025-12-31,4,18254000000.0,18254000000.0,0.0
MRK,ocf,2011-12-31,4,12383000000.0,12383000000.0,0.0
MRK,ocf,2012-12-31,4,10022000000.0,10022000000.0,0.0
MRK,ocf,2013-12-31,4,11654000000.0,11654000000.0,0.0
MRK,ocf,2014-12-31,4,7860000000.0,7860000000.0,0.0
MRK,ocf,2015-12-31,4,12421000000.0,12421000000.0,0.0
MRK,ocf,2016-12-31,4,10376000000.0,10376000000.0,0.0
MRK,ocf,2017-12-31,4,6447000000.0,6447000000.0,0.0
MRK,ocf,2018-12-31,4,10922000000.0,10922000000.0,0.0
MRK,ocf,2019-12-31,4,13440000000.0,13440000000.0,0.0
MRK,ocf,2020-12-31,4,10253000000.0,10253000000.0,0.0
MRK,ocf,2022-12-31,4,19095000000.0,19095000000.0,0.0
MRK,ocf,2023-12-31,4,13006000000.0,13006000000.0,0.0
MRK,ocf,2024-12-31,4,21468000000.0,21468000000.0,0.0
MRK,ocf,2025-12-31,4,16472000000.0,16472000000.0,0.0
MRNA,revenue,2019-12-31,4,60209000.0,60209000.0,0.0
MRNA,revenue,2021-12-31,0,18471000000.0,,
MRNA,revenue,2022-12-31,2,19263000000.0,,
MRNA,revenue,2023-12-31,4,6848000000.0,6848000000.0,0.0
MRNA,revenue,2024-12-31,4,3236000000.0,3236000000.0,0.0
MRNA,revenue,2025-12-31,4,1944000000.0,1944000000.0,0.0
MRNA,net_income,2016-12-31,0,-216211000.0,,
MRNA,net_income,2017-12-31,0,-255916000.0,,
MRNA,net_income,2018-12-31,4,-384734000.0,-384734000.0,0.0
MRNA,net_income,2019-12-31,4,-514021000.0,-514021000.0,0.0
MRNA,net_income,2020-12-31,4,-747064000.0,-747064000.0,0.0
MRNA,net_income,2021-12-31,4,12202000000.0,12202000000.0,0.0
MRNA,net_income,2022-12-31,4,8362000000.0,8362000000.0,0.0
MRNA,net_income,2023-12-31,4,-4714000000.0,-4714000000.0,0.0
MRNA,net_income,2024-12-31,4,-3561000000.0,-3561000000.0,0.0
MRNA,net_income,2025-12-31,4,-2822000000.0,-2822000000.0,0.0
MRNA,ocf,2016-12-31,0,66734000.0,,
MRNA,ocf,2017-12-31,0,-331484000.0,,
MRNA,ocf,2018-12-31,4,-330865000.0,-330865000.0,0.0
MRNA,ocf,2019-12-31,4,-458968000.0,-458968000.0,0.0
MRNA,ocf,2020-12-31,4,2026971000.0,2026971000.0,0.0
MRNA,ocf,2021-12-31,4,13620000000.0,13620000000.0,0.0
MRNA,ocf,2022-12-31,4,4981000000.0,4981000000.0,0.0
MRNA,ocf,2023-12-31,4,-3118000000.0,-3118000000.0,0.0
MRNA,ocf,2024-12-31,4,-3004000000.0,-3004000000.0,0.0
MRNA,ocf,2025-12-31,4,-1873000000.0,-1873000000.0,0.0
MRSH,revenue,2022-12-31,0,20720000000.0,,
MRSH,revenue,2023-12-31,3,22736000000.0,,
MRSH,revenue,2024-12-31,4,24458000000.0,24458000000.0,0.0
MRSH,revenue,2025-12-31,4,26981000000.0,26981000000.0,0.0
MRSH,net_income,2011-12-31,4,993000000.0,993000000.0,0.0
MRSH,net_income,2012-12-31,4,1176000000.0,1176000000.0,0.0
MRSH,net_income,2013-12-31,4,1357000000.0,1357000000.0,0.0
MRSH,net_income,2014-12-31,4,1465000000.0,1465000000.0,0.0
MRSH,net_income,2015-12-31,4,1599000000.0,1599000000.0,0.0
MRSH,net_income,2016-12-31,4,1768000000.0,1768000000.0,0.0
MRSH,net_income,2017-12-31,4,1492000000.0,1492000000.0,0.0
MRSH,net_income,2018-12-31,4,1650000000.0,1650000000.0,0.0
MRSH,net_income,2019-12-31,4,1742000000.0,1742000000.0,0.0
MRSH,net_income,2020-12-31,4,2016000000.0,2016000000.0,0.0
MRSH,net_income,2021-12-31,4,3143000000.0,3143000000.0,0.0
MRSH,net_income,2022-12-31,4,3050000000.0,3050000000.0,0.0
MRSH,net_income,2023-12-31,4,3756000000.0,3756000000.0,0.0
MRSH,net_income,2024-12-31,4,4060000000.0,4060000000.0,0.0
MRSH,net_income,2025-12-31,4,4160000000.0,4160000000.0,0.0
MRSH,ocf,2011-12-31,4,1705000000.0,1705000000.0,0.0
MRSH,ocf,2012-12-31,4,1322000000.0,1322000000.0,0.0
MRSH,ocf,2013-12-31,4,1341000000.0,1341000000.0,0.0
MRSH,ocf,2014-12-31,4,2112000000.0,2112000000.0,0.0
MRSH,ocf,2015-12-31,4,1888000000.0,1364000000.0,0.2775423728813559
MRSH,ocf,2016-12-31,4,2007000000.0,2007000000.0,0.0
MRSH,ocf,2017-12-31,4,1893000000.0,1893000000.0,0.0
MRSH,ocf,2018-12-31,4,2428000000.0,2428000000.0,0.0
MRSH,ocf,2019-12-31,4,2361000000.0,2361000000.0,0.0
MRSH,ocf,2020-12-31,4,3382000000.0,3382000000.0,0.0
MRSH,ocf,2021-12-31,4,3516000000.0,3516000000.0,0.0
MRSH,ocf,2022-12-31,4,3465000000.0,3465000000.0,0.0
MRSH,ocf,2023-12-31,4,4258000000.0,4258000000.0,0.0
MRSH,ocf,2024-12-31,4,4302000000.0,4302000000.0,0.0
MRSH,ocf,2025-12-31,4,5292000000.0,5292000000.0,0.0
MS,revenue,2013-12-31,0,32493000000.0,,
MS,revenue,2014-12-31,4,34275000000.0,34275000000.0,0.0
MS,revenue,2015-12-31,4,35155000000.0,35155000000.0,0.0
MS,revenue,2016-12-31,4,34631000000.0,34631000000.0,0.0
MS,revenue,2017-12-31,4,37945000000.0,37945000000.0,0.0
MS,revenue,2018-12-31,4,40107000000.0,40107000000.0,0.0
MS,revenue,2019-12-31,4,41419000000.0,41419000000.0,0.0
MS,revenue,2020-12-31,4,48198000000.0,48198000000.0,0.0
MS,revenue,2021-12-31,4,59755000000.0,59755000000.0,0.0
MS,revenue,2022-12-31,4,53668000000.0,53668000000.0,0.0
MS,revenue,2023-12-31,4,54143000000.0,54143000000.0,0.0
MS,revenue,2024-12-31,4,61761000000.0,61761000000.0,0.0
MS,revenue,2025-12-31,4,70645000000.0,70645000000.0,0.0
MS,net_income,2011-12-31,4,4110000000.0,4110000000.0,0.0
MS,net_income,2012-12-31,4,68000000.0,68000000.0,0.0
MS,net_income,2013-12-31,4,2932000000.0,2932000000.0,0.0
MS,net_income,2014-12-31,4,3467000000.0,3467000000.0,0.0
MS,net_income,2015-12-31,4,6127000000.0,6127000000.0,0.0
MS,net_income,2016-12-31,4,5979000000.0,5979000000.0,0.0
MS,net_income,2017-12-31,4,6111000000.0,6111000000.0,0.0
MS,net_income,2018-12-31,4,8748000000.0,8748000000.0,0.0
MS,net_income,2019-12-31,4,9042000000.0,9042000000.0,0.0
MS,net_income,2020-12-31,4,10996000000.0,10996000000.0,0.0
MS,net_income,2021-12-31,4,15034000000.0,15034000000.0,0.0
MS,net_income,2022-12-31,4,11029000000.0,11029000000.0,0.0
MS,net_income,2023-12-31,4,9087000000.0,9087000000.0,0.0
MS,net_income,2024-12-31,4,13390000000.0,13390000000.0,0.0
MS,net_income,2025-12-31,4,16861000000.0,16861000000.0,0.0
MS,ocf,2011-12-31,4,6684000000.0,6684000000.0,0.0
MS,ocf,2012-12-31,4,24548000000.0,23979000000.0,0.023179077725272935
MS,ocf,2015-12-31,0,-4463000000.0,,
MS,ocf,2016-12-31,1,5383000000.0,,
MS,ocf,2017-12-31,4,-4505000000.0,-4505000000.0,0.0
MS,ocf,2018-12-31,4,7305000000.0,7305000000.0,0.0
MS,ocf,2019-12-31,4,40773000000.0,40773000000.0,0.0
MS,ocf,2020-12-31,4,-25231000000.0,-25231000000.0,0.0
MS,ocf,2021-12-31,4,33971000000.0,33971000000.0,0.0
MS,ocf,2022-12-31,4,-6397000000.0,-6397000000.0,0.0
MS,ocf,2023-12-31,4,-33536000000.0,-33536000000.0,0.0
MS,ocf,2024-12-31,4,1362000000.0,1362000000.0,0.0
MS,ocf,2025-12-31,4,-17889000000.0,-17889000000.0,0.0
MSFT,revenue,2016-06-30,0,91154000000.0,,
MSFT,revenue,2017-06-30,4,96571000000.0,96571000000.0,0.0
MSFT,revenue,2018-06-30,4,110360000000.0,110360000000.0,0.0
MSFT,revenue,2019-06-30,4,125843000000.0,125843000000.0,0.0
MSFT,revenue,2020-06-30,4,143015000000.0,143015000000.0,0.0
MSFT,revenue,2021-06-30,4,168088000000.0,168088000000.0,0.0
MSFT,revenue,2022-06-30,4,198270000000.0,198270000000.0,0.0
MSFT,revenue,2023-06-30,4,211915000000.0,211915000000.0,0.0
MSFT,revenue,2024-06-30,4,245122000000.0,245122000000.0,0.0
MSFT,revenue,2025-06-30,4,281724000000.0,281724000000.0,0.0
MSFT,revenue,2026-06-30,4,331839000000.0,331839000000.0,0.0
MSFT,net_income,2011-06-30,4,23150000000.0,23150000000.0,0.0
MSFT,net_income,2012-06-30,4,16978000000.0,16978000000.0,0.0
MSFT,net_income,2013-06-30,4,21863000000.0,21863000000.0,0.0
MSFT,net_income,2014-06-30,4,22074000000.0,22074000000.0,0.0
MSFT,net_income,2015-06-30,4,12193000000.0,12193000000.0,0.0
MSFT,net_income,2016-06-30,4,16798000000.0,16496000000.0,0.01797833075366115
MSFT,net_income,2017-06-30,4,21204000000.0,21204000000.0,0.0
MSFT,net_income,2018-06-30,4,16571000000.0,16571000000.0,0.0
MSFT,net_income,2019-06-30,4,39240000000.0,39240000000.0,0.0
MSFT,net_income,2020-06-30,4,44281000000.0,44281000000.0,0.0
MSFT,net_income,2021-06-30,4,61271000000.0,61271000000.0,0.0
MSFT,net_income,2022-06-30,4,72738000000.0,72738000000.0,0.0
MSFT,net_income,2023-06-30,4,72361000000.0,72361000000.0,0.0
MSFT,net_income,2024-06-30,4,88136000000.0,88136000000.0,0.0
MSFT,net_income,2025-06-30,4,101832000000.0,101832000000.0,0.0
MSFT,net_income,2026-06-30,4,133749000000.0,133749000000.0,0.0
MSFT,ocf,2011-06-30,4,26994000000.0,26994000000.0,0.0
MSFT,ocf,2012-06-30,4,31626000000.0,31626000000.0,0.0
MSFT,ocf,2013-06-30,4,28833000000.0,28833000000.0,0.0
MSFT,ocf,2016-06-30,0,33325000000.0,,
MSFT,ocf,2017-06-30,3,39507000000.0,,
MSFT,ocf,2018-06-30,4,43884000000.0,43884000000.0,0.0
MSFT,ocf,2019-06-30,4,52185000000.0,52185000000.0,0.0
MSFT,ocf,2020-06-30,4,60675000000.0,60675000000.0,0.0
MSFT,ocf,2021-06-30,4,76740000000.0,76740000000.0,0.0
MSFT,ocf,2022-06-30,4,89035000000.0,89035000000.0,0.0
MSFT,ocf,2023-06-30,4,87582000000.0,87582000000.0,0.0
MSFT,ocf,2024-06-30,4,118548000000.0,118548000000.0,0.0
MSFT,ocf,2025-06-30,4,136162000000.0,136162000000.0,0.0
MSFT,ocf,2026-06-30,4,182935000000.0,182935000000.0,0.0
MU,revenue,2017-08-31,0,20322000000.0,,
MU,revenue,2018-08-30,4,30391000000.0,30391000000.0,0.0
MU,revenue,2019-08-29,4,23406000000.0,23406000000.0,0.0
MU,revenue,2020-09-03,4,21435000000.0,21435000000.0,0.0
MU,revenue,2021-09-02,4,27705000000.0,27705000000.0,0.0
MU,revenue,2022-09-01,4,30758000000.0,30758000000.0,0.0
MU,revenue,2023-08-31,4,15540000000.0,15540000000.0,0.0
MU,revenue,2024-08-29,4,25111000000.0,25111000000.0,0.0
MU,revenue,2025-08-28,4,37378000000.0,37378000000.0,0.0
MU,net_income,2011-09-01,4,167000000.0,167000000.0,0.0
MU,net_income,2012-08-30,4,-1032000000.0,-1032000000.0,0.0
MU,net_income,2013-08-29,4,1190000000.0,1190000000.0,0.0
MU,net_income,2014-08-28,4,3045000000.0,3045000000.0,0.0
MU,net_income,2015-09-03,4,2899000000.0,2899000000.0,0.0
MU,net_income,2016-09-01,4,-276000000.0,-276000000.0,0.0
MU,net_income,2017-08-31,4,5089000000.0,5089000000.0,0.0
MU,net_income,2018-08-30,4,14135000000.0,14135000000.0,0.0
MU,net_income,2019-08-29,4,6313000000.0,6313000000.0,0.0
MU,net_income,2020-09-03,4,2687000000.0,2687000000.0,0.0
MU,net_income,2021-09-02,4,5861000000.0,5861000000.0,0.0
MU,net_income,2022-09-01,4,8687000000.0,8687000000.0,0.0
MU,net_income,2023-08-31,4,-5833000000.0,-5833000000.0,0.0
MU,net_income,2024-08-29,4,778000000.0,778000000.0,0.0
MU,net_income,2025-08-28,4,8539000000.0,8539000000.0,0.0
MU,ocf,2011-09-01,4,2484000000.0,2484000000.0,0.0
MU,ocf,2012-08-30,4,2114000000.0,2114000000.0,0.0
MU,ocf,2015-09-03,0,5208000000.0,,
MU,ocf,2016-09-01,0,3168000000.0,,
MU,ocf,2017-08-31,4,8153000000.0,8153000000.0,0.0
MU,ocf,2018-08-30,4,17400000000.0,17400000000.0,0.0
MU,ocf,2019-08-29,4,13189000000.0,13189000000.0,0.0
MU,ocf,2020-09-03,4,8306000000.0,8306000000.0,0.0
MU,ocf,2021-09-02,4,12468000000.0,12468000000.0,0.0
MU,ocf,2022-09-01,4,15181000000.0,15181000000.0,0.0
MU,ocf,2023-08-31,4,1559000000.0,1559000000.0,0.0
MU,ocf,2024-08-29,4,8507000000.0,8507000000.0,0.0
MU,ocf,2025-08-28,4,17525000000.0,17525000000.0,0.0
NEE,revenue,2018-12-31,4,15400000000.0,15400000000.0,0.0
NEE,revenue,2019-12-31,4,17500000000.0,17500000000.0,0.0
NEE,revenue,2020-12-31,4,17000000000.0,17000000000.0,0.0
NEE,revenue,2021-12-31,4,18800000000.0,18800000000.0,0.0
NEE,revenue,2022-12-31,4,23000000000.0,22900000000.0,0.004347826086956522
NEE,revenue,2023-12-31,4,24800000000.0,24800000000.0,0.0
NEE,revenue,2024-12-31,4,23500000000.0,23400000000.0,0.00425531914893617
NEE,revenue,2025-12-31,4,25800000000.0,25900000000.0,0.003875968992248062
NEE,net_income,2011-12-31,4,1923000000.0,1922000000.0,0.0005200208008320333
NEE,net_income,2012-12-31,4,1911000000.0,1912000000.0,0.0005232862375719519
NEE,net_income,2013-12-31,4,1908000000.0,1907000000.0,0.0005241090146750524
NEE,net_income,2014-12-31,4,2465000000.0,2466000000.0,0.00040567951318458417
NEE,net_income,2015-12-31,4,2752000000.0,2752000000.0,0.0
NEE,net_income,2016-12-31,4,2912000000.0,2895000000.0,0.005837912087912088
NEE,net_income,2017-12-31,4,5378000000.0,5378000000.0,0.0
NEE,net_income,2018-12-31,4,6638000000.0,6652000000.0,0.0021090689966857487
NEE,net_income,2019-12-31,4,3769000000.0,3768000000.0,0.0002653223666755107
NEE,net_income,2020-12-31,4,2919000000.0,2920000000.0,0.00034258307639602604
NEE,net_income,2021-12-31,4,3573000000.0,3573000000.0,0.0
NEE,net_income,2022-12-31,4,4147000000.0,4147000000.0,0.0
NEE,net_income,2023-12-31,4,7310000000.0,7310000000.0,0.0
NEE,net_income,2024-12-31,4,6946000000.0,6945000000.0,0.00014396775122372588
NEE,net_income,2025-12-31,4,6835000000.0,6834000000.0,0.0001463057790782736
NEE,ocf,2011-12-31,4,4074000000.0,4074000000.0,0.0
NEE,ocf,2012-12-31,4,3992000000.0,3992000000.0,0.0
NEE,ocf,2013-12-31,4,5102000000.0,5102000000.0,0.0
NEE,ocf,2014-12-31,4,5500000000.0,5500000000.0,0.0
NEE,ocf,2015-12-31,4,6116000000.0,6116000000.0,0.0
NEE,ocf,2016-12-31,4,6336000000.0,6336000000.0,0.0
NEE,ocf,2017-12-31,4,6413000000.0,6413000000.0,0.0
NEE,ocf,2018-12-31,4,6593000000.0,6593000000.0,0.0
NEE,ocf,2019-12-31,4,8155000000.0,8155000000.0,0.0
NEE,ocf,2020-12-31,4,7983000000.0,7983000000.0,0.0
NEE,ocf,2021-12-31,4,7553000000.0,7553000000.0,0.0
NEE,ocf,2022-12-31,4,8262000000.0,8262000000.0,0.0
NEE,ocf,2023-12-31,4,11301000000.0,11301000000.0,0.0
NEE,ocf,2024-12-31,4,13260000000.0,13260000000.0,0.0
NEE,ocf,2025-12-31,4,12485000000.0,12485000000.0,0.0
NET,revenue,2017-12-31,0,134915000.0,,
NET,revenue,2018-12-31,2,192674000.0,,
NET,revenue,2019-12-31,4,287022000.0,287022000.0,0.0
NET,revenue,2020-12-31,4,431059000.0,431059000.0,0.0
NET,revenue,2021-12-31,4,656426000.0,656426000.0,0.0
NET,revenue,2022-12-31,4,975241000.0,975241000.0,0.0
NET,revenue,2023-12-31,4,1296745000.0,1296745000.0,0.0
NET,revenue,2024-12-31,4,1669626000.0,1669626000.0,0.0
NET,revenue,2025-12-31,4,2167937000.0,2167937000.0,0.0
NET,net_income,2017-12-31,0,-10748000.0,,
NET,net_income,2018-12-31,2,-87164000.0,,
NET,net_income,2019-12-31,4,-105828000.0,-105828000.0,0.0
NET,net_income,2020-12-31,4,-119370000.0,-119370000.0,0.0
NET,net_income,2021-12-31,4,-260309000.0,-260309000.0,0.0
NET,net_income,2022-12-31,4,-193381000.0,-193381000.0,0.0
NET,net_income,2023-12-31,4,-183949000.0,-183949000.0,0.0
NET,net_income,2024-12-31,4,-78800000.0,-78800000.0,0.0
NET,net_income,2025-12-31,4,-102267000.0,-102267000.0,0.0
NET,ocf,2017-12-31,0,3167000.0,,
NET,ocf,2018-12-31,1,-43281000.0,,
NET,ocf,2019-12-31,4,-38917000.0,-38917000.0,0.0
NET,ocf,2020-12-31,4,-17129000.0,-17129000.0,0.0
NET,ocf,2021-12-31,4,64648000.0,64648000.0,0.0
NET,ocf,2022-12-31,4,123595000.0,123595000.0,0.0
NET,ocf,2023-12-31,4,254406000.0,254406000.0,0.0
NET,ocf,2024-12-31,4,380429000.0,380429000.0,0.0
NET,ocf,2025-12-31,4,603114000.0,603114000.0,0.0
NFLX,revenue,2011-12-31,4,3204577000.0,3204577000.0,0.0
NFLX,revenue,2012-12-31,4,3609282000.0,3609282000.0,0.0
NFLX,revenue,2013-12-31,4,4374562000.0,4374562000.0,0.0
NFLX,revenue,2014-12-31,4,5504656000.0,5504656000.0,0.0
NFLX,revenue,2015-12-31,4,6779511000.0,6779511000.0,0.0
NFLX,revenue,2016-12-31,4,8830669000.0,8830669000.0,0.0
NFLX,revenue,2017-12-31,4,11692713000.0,11692713000.0,0.0
NFLX,revenue,2018-12-31,4,15794341000.0,15794341000.0,0.0
NFLX,revenue,2019-12-31,4,20156447000.0,20156447000.0,0.0
NFLX,revenue,2020-12-31,4,24996056000.0,24996056000.0,0.0
NFLX,revenue,2021-12-31,4,29697844000.0,29697844000.0,0.0
NFLX,revenue,2022-12-31,4,31615550000.0,31615550000.0,0.0
NFLX,revenue,2023-12-31,4,33723297000.0,33723297000.0,0.0
NFLX,revenue,2024-12-31,4,39000966000.0,39000966000.0,0.0
NFLX,revenue,2025-12-31,4,45183036000.0,45183036000.0,0.0
NFLX,net_income,2011-12-31,4,226126000.0,226126000.0,0.0
NFLX,net_income,2012-12-31,4,17152000.0,17152000.0,0.0
NFLX,net_income,2013-12-31,4,112403000.0,112403000.0,0.0
NFLX,net_income,2014-12-31,4,266799000.0,266799000.0,0.0
NFLX,net_income,2015-12-31,4,122641000.0,122641000.0,0.0
NFLX,net_income,2016-12-31,4,186678000.0,186678000.0,0.0
NFLX,net_income,2017-12-31,4,558929000.0,558929000.0,0.0
NFLX,net_income,2018-12-31,4,1211242000.0,1211242000.0,0.0
NFLX,net_income,2019-12-31,4,1866916000.0,1866916000.0,0.0
NFLX,net_income,2020-12-31,4,2761395000.0,2761395000.0,0.0
NFLX,net_income,2021-12-31,4,5116228000.0,5116228000.0,0.0
NFLX,net_income,2022-12-31,4,4491924000.0,4491924000.0,0.0
NFLX,net_income,2023-12-31,4,5407990000.0,5407990000.0,0.0
NFLX,net_income,2024-12-31,4,8711631000.0,8711631000.0,0.0
NFLX,net_income,2025-12-31,4,10981201000.0,10981201000.0,0.0
NFLX,ocf,2011-12-31,4,317712000.0,317712000.0,0.0
NFLX,ocf,2012-12-31,4,22765000.0,22765000.0,0.0
NFLX,ocf,2013-12-31,4,97831000.0,97916000.0,0.0008688452535494884
NFLX,ocf,2014-12-31,4,16483000.0,16483000.0,0.0
NFLX,ocf,2015-12-31,4,-749439000.0,-749439000.0,0.0
NFLX,ocf,2016-12-31,4,-1473984000.0,-1473984000.0,0.0
NFLX,ocf,2017-12-31,4,-1785948000.0,-1785948000.0,0.0
NFLX,ocf,2018-12-31,4,-2680479000.0,-2680479000.0,0.0
NFLX,ocf,2019-12-31,4,-2887322000.0,-2887322000.0,0.0
NFLX,ocf,2020-12-31,4,2427077000.0,2427077000.0,0.0
NFLX,ocf,2021-12-31,4,392610000.0,392610000.0,0.0
NFLX,ocf,2022-12-31,4,2026257000.0,2026257000.0,0.0
NFLX,ocf,2023-12-31,4,7274301000.0,7274301000.0,0.0
NFLX,ocf,2024-12-31,4,7361364000.0,7361364000.0,0.0
NFLX,ocf,2025-12-31,4,10149273000.0,10149273000.0,0.0
NKE,revenue,2017-05-31,0,34350000000.0,,
NKE,revenue,2018-05-31,2,36397000000.0,,
NKE,revenue,2019-05-31,4,39117000000.0,39117000000.0,0.0
NKE,revenue,2020-05-31,4,37403000000.0,37403000000.0,0.0
NKE,revenue,2021-05-31,4,44538000000.0,44538000000.0,0.0
NKE,revenue,2022-05-31,4,46710000000.0,46710000000.0,0.0
NKE,revenue,2023-05-31,4,51217000000.0,51217000000.0,0.0
NKE,revenue,2024-05-31,4,51362000000.0,51362000000.0,0.0
NKE,revenue,2025-05-31,4,46309000000.0,46309000000.0,0.0
NKE,revenue,2026-05-31,4,46398000000.0,46398000000.0,0.0
NKE,net_income,2011-05-31,4,2133000000.0,2133000000.0,0.0
NKE,net_income,2012-05-31,4,2223000000.0,2223000000.0,0.0
NKE,net_income,2013-05-31,4,2485000000.0,2485000000.0,0.0
NKE,net_income,2014-05-31,4,2693000000.0,2693000000.0,0.0
NKE,net_income,2015-05-31,4,3273000000.0,3273000000.0,0.0
NKE,net_income,2016-05-31,4,3760000000.0,3760000000.0,0.0
NKE,net_income,2017-05-31,4,4240000000.0,4240000000.0,0.0
NKE,net_income,2018-05-31,4,1933000000.0,1933000000.0,0.0
NKE,net_income,2019-05-31,4,4029000000.0,4029000000.0,0.0
NKE,net_income,2020-05-31,4,2539000000.0,2539000000.0,0.0
NKE,net_income,2021-05-31,4,5727000000.0,5727000000.0,0.0
NKE,net_income,2022-05-31,4,6046000000.0,6046000000.0,0.0
NKE,net_income,2023-05-31,4,5070000000.0,5070000000.0,0.0
NKE,net_income,2024-05-31,4,5700000000.0,5700000000.0,0.0
NKE,net_income,2025-05-31,4,3219000000.0,3219000000.0,0.0
NKE,net_income,2026-05-31,4,3108000000.0,3108000000.0,0.0
NKE,ocf,2011-05-31,4,1812000000.0,1812000000.0,0.0
NKE,ocf,2012-05-31,4,1899000000.0,1899000000.0,0.0
NKE,ocf,2013-05-31,4,3027000000.0,3027000000.0,0.0
NKE,ocf,2014-05-31,4,3003000000.0,3003000000.0,0.0
NKE,ocf,2015-05-31,4,4680000000.0,4680000000.0,0.0
NKE,ocf,2016-05-31,4,3096000000.0,3096000000.0,0.0
NKE,ocf,2017-05-31,4,3640000000.0,3640000000.0,0.0
NKE,ocf,2018-05-31,4,4955000000.0,4955000000.0,0.0
NKE,ocf,2019-05-31,4,5903000000.0,5903000000.0,0.0
NKE,ocf,2020-05-31,4,2485000000.0,2485000000.0,0.0
NKE,ocf,2021-05-31,4,6657000000.0,6657000000.0,0.0
NKE,ocf,2022-05-31,4,5188000000.0,5188000000.0,0.0
NKE,ocf,2023-05-31,4,5841000000.0,5841000000.0,0.0
NKE,ocf,2024-05-31,4,7429000000.0,7429000000.0,0.0
NKE,ocf,2025-05-31,4,3698000000.0,3698000000.0,0.0
NKE,ocf,2026-05-31,4,2868000000.0,2868000000.0,0.0
NOW,revenue,2016-12-31,0,1390985000.0,,
NOW,revenue,2017-12-31,2,1918494000.0,,
NOW,revenue,2018-12-31,4,2608816000.0,2608816000.0,0.0
NOW,revenue,2019-12-31,4,3460437000.0,3460437000.0,0.0
NOW,revenue,2020-12-31,4,4519484000.0,4519484000.0,0.0
NOW,revenue,2021-12-31,4,5896000000.0,5895000000.0,0.00016960651289009497
NOW,revenue,2022-12-31,4,7245000000.0,7245000000.0,0.0
NOW,revenue,2023-12-31,4,8971000000.0,8971000000.0,0.0
NOW,revenue,2024-12-31,4,10984000000.0,10984000000.0,0.0
NOW,revenue,2025-12-31,4,13278000000.0,13278000000.0,0.0
NOW,net_income,2011-06-30,1,9830000.0,,
NOW,net_income,2012-12-31,4,-37348000.0,-37348000.0,0.0
NOW,net_income,2013-12-31,4,-73708000.0,-73708000.0,0.0
NOW,net_income,2014-12-31,4,-179387000.0,-179387000.0,0.0
NOW,net_income,2015-12-31,4,-198426000.0,-198426000.0,0.0
NOW,net_income,2016-12-31,4,-451804000.0,-451804000.0,0.0
NOW,net_income,2017-12-31,4,-149130000.0,-149130000.0,0.0
NOW,net_income,2018-12-31,4,-26704000.0,-26704000.0,0.0
NOW,net_income,2019-12-31,4,626698000.0,626698000.0,0.0
NOW,net_income,2020-12-31,4,118503000.0,118503000.0,0.0
NOW,net_income,2021-12-31,4,230141000.0,230746000.0,0.0026288231996906245
NOW,net_income,2022-12-31,4,325000000.0,325000000.0,0.0
NOW,net_income,2023-12-31,4,1731000000.0,1731000000.0,0.0
NOW,net_income,2024-12-31,4,1425000000.0,1425000000.0,0.0
NOW,net_income,2025-12-31,4,1748000000.0,1748000000.0,0.0
NOW,ocf,2011-06-30,0,37468000.0,,
NOW,ocf,2012-12-31,4,48766000.0,48766000.0,0.0
NOW,ocf,2013-12-31,4,81746000.0,81746000.0,0.0
NOW,ocf,2014-12-31,4,138900000.0,138900000.0,0.0
NOW,ocf,2015-12-31,4,315091000.0,315091000.0,0.0
NOW,ocf,2016-12-31,4,159921000.0,159921000.0,0.0
NOW,ocf,2017-12-31,4,642825000.0,642825000.0,0.0
NOW,ocf,2018-12-31,4,811089000.0,811089000.0,0.0
NOW,ocf,2019-12-31,4,1235972000.0,1235972000.0,0.0
NOW,ocf,2020-12-31,4,1786599000.0,1786599000.0,0.0
NOW,ocf,2021-12-31,4,2191000000.0,2191000000.0,0.0
NOW,ocf,2022-12-31,4,2723000000.0,2723000000.0,0.0
NOW,ocf,2023-12-31,4,3398000000.0,3398000000.0,0.0
NOW,ocf,2024-12-31,4,4267000000.0,4267000000.0,0.0
NOW,ocf,2025-12-31,4,5444000000.0,5444000000.0,0.0
NVAX,revenue,2011-12-31,4,14688000.0,14688000.0,0.0
NVAX,revenue,2012-12-31,4,22076000.0,22077000.0,4.52980612429788e-05
NVAX,revenue,2013-12-31,4,20915000.0,20914000.0,4.781257470714798e-05
NVAX,revenue,2014-12-31,4,30659000.0,30659000.0,0.0
NVAX,revenue,2015-12-31,4,36250000.0,36251000.0,2.7586206896551723e-05
NVAX,revenue,2016-12-31,4,15353000.0,15353000.0,0.0
NVAX,revenue,2017-12-31,4,31176000.0,31176000.0,0.0
NVAX,revenue,2018-12-31,4,34288000.0,34288000.0,0.0
NVAX,revenue,2019-12-31,4,18662000.0,18662000.0,0.0
NVAX,revenue,2020-12-31,4,475598000.0,475598000.0,0.0
NVAX,revenue,2021-12-31,4,1146290000.0,1146290000.0,0.0
NVAX,revenue,2022-12-31,4,1981872000.0,1981872000.0,0.0
NVAX,revenue,2023-12-31,4,983705000.0,983705000.0,0.0
NVAX,revenue,2024-12-31,4,682162000.0,682162000.0,0.0
NVAX,revenue,2025-12-31,4,1123479000.0,1123479000.0,0.0
NVAX,net_income,2011-12-31,4,-19364000.0,-19363000.0,5.16422226812642e-05
NVAX,net_income,2012-12-31,4,-28507000.0,-28508000.0,3.507910337811766e-05
NVAX,net_income,2013-12-31,4,-51983000.0,-51983000.0,0.0
NVAX,net_income,2014-12-31,4,-82947000.0,-82947000.0,0.0
NVAX,net_income,2015-12-31,4,-156937000.0,-156937000.0,0.0
NVAX,net_income,2016-12-31,4,-279966000.0,-279966000.0,0.0
NVAX,net_income,2017-12-31,4,-183769000.0,-183769000.0,0.0
NVAX,net_income,2018-12-31,4,-184748000.0,-184748000.0,0.0
NVAX,net_income,2019-12-31,4,-132694000.0,-132694000.0,0.0
NVAX,net_income,2020-12-31,4,-418259000.0,-418259000.0,0.0
NVAX,net_income,2021-12-31,4,-1743751000.0,-1743751000.0,0.0
NVAX,net_income,2022-12-31,4,-657939000.0,-657939000.0,0.0
NVAX,net_income,2023-12-31,4,-545062000.0,-545062000.0,0.0
NVAX,net_income,2024-12-31,4,-187499000.0,-187499000.0,0.0
NVAX,net_income,2025-12-31,4,440302000.0,440302000.0,0.0
NVAX,ocf,2011-12-31,4,-23629000.0,-23629000.0,0.0
NVAX,ocf,2012-12-31,4,-18229000.0,-18229000.0,0.0
NVAX,ocf,2015-12-31,0,-126090000.0,,
NVAX,ocf,2016-12-31,1,-255467000.0,,
NVAX,ocf,2017-12-31,4,-138696000.0,-138696000.0,0.0
NVAX,ocf,2018-12-31,4,-184825000.0,-184825000.0,0.0
NVAX,ocf,2019-12-31,4,-136623000.0,-136623000.0,0.0
NVAX,ocf,2020-12-31,4,-42541000.0,-42541000.0,0.0
NVAX,ocf,2021-12-31,4,322946000.0,322946000.0,0.0
NVAX,ocf,2022-12-31,4,-415937000.0,-415937000.0,0.0
NVAX,ocf,2023-12-31,4,-713967000.0,-713967000.0,0.0
NVAX,ocf,2024-12-31,4,-87263000.0,-87263000.0,0.0
NVAX,ocf,2025-12-31,4,-244635000.0,-244635000.0,0.0
NVDA,revenue,2011-01-30,5,3543309000.0,,
NVDA,revenue,2012-01-29,4,3997930000.0,3997930000.0,0.0
NVDA,revenue,2013-01-27,4,4280159000.0,4280159000.0,0.0
NVDA,revenue,2014-01-26,4,4130162000.0,4130162000.0,0.0
NVDA,revenue,2015-01-25,4,4681507000.0,4681507000.0,0.0
NVDA,revenue,2016-01-31,4,5010000000.0,5010000000.0,0.0
NVDA,revenue,2017-01-29,4,6910000000.0,6910000000.0,0.0
NVDA,revenue,2018-01-28,4,9714000000.0,9714000000.0,0.0
NVDA,revenue,2020-01-26,4,10918000000.0,10918000000.0,0.0
NVDA,revenue,2021-01-31,4,16675000000.0,16675000000.0,0.0
NVDA,revenue,2022-01-30,4,26914000000.0,26914000000.0,0.0
NVDA,revenue,2023-01-29,4,26974000000.0,26974000000.0,0.0
NVDA,revenue,2024-01-28,4,60922000000.0,60922000000.0,0.0
NVDA,revenue,2025-01-26,4,130497000000.0,130497000000.0,0.0
NVDA,revenue,2026-01-25,4,215938000000.0,215938000000.0,0.0
NVDA,net_income,2011-01-30,5,253146000.0,,
NVDA,net_income,2012-01-29,4,581090000.0,581090000.0,0.0
NVDA,net_income,2013-01-27,4,562536000.0,562536000.0,0.0
NVDA,net_income,2014-01-26,4,439990000.0,439990000.0,0.0
NVDA,net_income,2015-01-25,4,630587000.0,630587000.0,0.0
NVDA,net_income,2016-01-31,4,614000000.0,613000000.0,0.0016286644951140066
NVDA,net_income,2017-01-29,4,1666000000.0,1646000000.0,0.012004801920768308
NVDA,net_income,2018-01-28,4,3047000000.0,3046000000.0,0.0003281916639317361
NVDA,net_income,2019-01-27,4,4141000000.0,4142000000.0,0.0002414875633904854
NVDA,net_income,2020-01-26,4,2796000000.0,2795000000.0,0.000357653791130186
NVDA,net_income,2021-01-31,4,4332000000.0,4332000000.0,0.0
NVDA,net_income,2022-01-30,4,9752000000.0,9753000000.0,0.00010254306808859722
NVDA,net_income,2023-01-29,4,4368000000.0,4368000000.0,0.0
NVDA,net_income,2024-01-28,4,29760000000.0,29759000000.0,3.360215053763441e-05
NVDA,net_income,2025-01-26,4,72880000000.0,72880000000.0,0.0
NVDA,net_income,2026-01-25,4,120067000000.0,120067000000.0,0.0
NVDA,ocf,2011-01-30,4,675797000.0,675797000.0,0.0
NVDA,ocf,2012-01-29,4,909156000.0,909156000.0,0.0
NVDA,ocf,2013-01-27,4,824172000.0,824172000.0,0.0
NVDA,ocf,2014-01-26,4,835146000.0,835146000.0,0.0
NVDA,ocf,2015-01-25,4,905656000.0,905656000.0,0.0
NVDA,ocf,2016-01-31,4,1175000000.0,1175000000.0,0.0
NVDA,ocf,2017-01-29,4,1672000000.0,1689000000.0,0.010167464114832535
NVDA,ocf,2018-01-28,4,3502000000.0,3502000000.0,0.0
NVDA,ocf,2019-01-27,4,3743000000.0,3743000000.0,0.0
NVDA,ocf,2020-01-26,4,4761000000.0,4761000000.0,0.0
NVDA,ocf,2021-01-31,4,5822000000.0,5822000000.0,0.0
NVDA,ocf,2022-01-30,4,9108000000.0,9108000000.0,0.0
NVDA,ocf,2023-01-29,4,5641000000.0,5641000000.0,0.0
NVDA,ocf,2024-01-28,4,28090000000.0,28090000000.0,0.0
NVDA,ocf,2025-01-26,4,64089000000.0,64089000000.0,0.0
NVDA,ocf,2026-01-25,4,102718000000.0,102718000000.0,0.0
OKTA,revenue,2017-01-31,0,160806000.0,,
OKTA,revenue,2018-01-31,2,256547000.0,,
OKTA,revenue,2019-01-31,4,399254000.0,399254000.0,0.0
OKTA,revenue,2020-01-31,4,586067000.0,586067000.0,0.0
OKTA,revenue,2021-01-31,4,835424000.0,835424000.0,0.0
OKTA,revenue,2022-01-31,4,1300201000.0,1300201000.0,0.0
OKTA,revenue,2023-01-31,4,1858000000.0,1858000000.0,0.0
OKTA,revenue,2024-01-31,4,2263000000.0,2263000000.0,0.0
OKTA,revenue,2025-01-31,4,2610000000.0,2610000000.0,0.0
OKTA,revenue,2026-01-31,4,2919000000.0,2919000000.0,0.0
OKTA,net_income,2016-01-31,0,-76302000.0,,
OKTA,net_income,2017-01-31,4,-83509000.0,-83509000.0,0.0
OKTA,net_income,2018-01-31,4,-114359000.0,-114359000.0,0.0
OKTA,net_income,2019-01-31,4,-125497000.0,-125497000.0,0.0
OKTA,net_income,2020-01-31,4,-208913000.0,-208913000.0,0.0
OKTA,net_income,2021-01-31,4,-266332000.0,-266332000.0,0.0
OKTA,net_income,2022-01-31,4,-848411000.0,-848411000.0,0.0
OKTA,net_income,2023-01-31,4,-815000000.0,-815000000.0,0.0
OKTA,net_income,2024-01-31,4,-355000000.0,-355000000.0,0.0
OKTA,net_income,2025-01-31,4,28000000.0,28000000.0,0.0
OKTA,net_income,2026-01-31,4,235000000.0,235000000.0,0.0
OKTA,ocf,2016-01-31,0,-41536000.0,,
OKTA,ocf,2017-01-31,4,-42101000.0,-42101000.0,0.0
OKTA,ocf,2018-01-31,4,-25240000.0,-25240000.0,0.0
OKTA,ocf,2019-01-31,4,15172000.0,15172000.0,0.0
OKTA,ocf,2020-01-31,4,55603000.0,55603000.0,0.0
OKTA,ocf,2021-01-31,4,127962000.0,127962000.0,0.0
OKTA,ocf,2022-01-31,4,104119000.0,104119000.0,0.0
OKTA,ocf,2023-01-31,4,86000000.0,86000000.0,0.0
OKTA,ocf,2024-01-31,4,512000000.0,512000000.0,0.0
OKTA,ocf,2025-01-31,4,750000000.0,750000000.0,0.0
OKTA,ocf,2026-01-31,4,884000000.0,884000000.0,0.0
ORCL,revenue,2017-05-31,0,37792000000.0,,
ORCL,revenue,2018-05-31,4,39383000000.0,39383000000.0,0.0
ORCL,revenue,2019-05-31,4,39506000000.0,39506000000.0,0.0
ORCL,revenue,2020-05-31,4,39068000000.0,39067000000.0,2.5596396027439338e-05
ORCL,revenue,2021-05-31,4,40479000000.0,40479000000.0,0.0
ORCL,revenue,2022-05-31,4,42440000000.0,42441000000.0,2.3562676720075402e-05
ORCL,revenue,2023-05-31,4,49954000000.0,49954000000.0,0.0
ORCL,revenue,2024-05-31,4,52961000000.0,52961000000.0,0.0
ORCL,revenue,2025-05-31,4,57399000000.0,57399000000.0,0.0
ORCL,revenue,2026-05-31,4,67357000000.0,67358000000.0,1.484626690618644e-05
ORCL,net_income,2011-05-31,0,8547000000.0,,
ORCL,net_income,2012-05-31,4,9981000000.0,9982000000.0,0.00010019036168720569
ORCL,net_income,2013-05-31,4,10925000000.0,10925000000.0,0.0
ORCL,net_income,2014-05-31,4,10955000000.0,10955000000.0,0.0
ORCL,net_income,2015-05-31,4,9938000000.0,9938000000.0,0.0
ORCL,net_income,2016-05-31,4,8901000000.0,8900000000.0,0.00011234692731153803
ORCL,net_income,2017-05-31,4,9335000000.0,9335000000.0,0.0
ORCL,net_income,2018-05-31,4,3825000000.0,3826000000.0,0.00026143790849673205
ORCL,net_income,2019-05-31,4,11083000000.0,11083000000.0,0.0
ORCL,net_income,2020-05-31,4,10135000000.0,10135000000.0,0.0
ORCL,net_income,2021-05-31,4,13746000000.0,13746000000.0,0.0
ORCL,net_income,2022-05-31,4,6717000000.0,6718000000.0,0.00014887598630340925
ORCL,net_income,2023-05-31,4,8503000000.0,8504000000.0,0.00011760555098200635
ORCL,net_income,2024-05-31,4,10467000000.0,10468000000.0,9.553835865099838e-05
ORCL,net_income,2025-05-31,4,12443000000.0,12443000000.0,0.0
ORCL,net_income,2026-05-31,4,17087000000.0,17087000000.0,0.0
ORCL,ocf,2011-05-31,4,11214000000.0,11214000000.0,0.0
ORCL,ocf,2012-05-31,4,13743000000.0,13743000000.0,0.0
ORCL,ocf,2013-05-31,4,14224000000.0,14224000000.0,0.0
ORCL,ocf,2016-05-31,0,13685000000.0,,
ORCL,ocf,2017-05-31,0,14126000000.0,,
ORCL,ocf,2018-05-31,4,15386000000.0,15386000000.0,0.0
ORCL,ocf,2019-05-31,4,14551000000.0,14551000000.0,0.0
ORCL,ocf,2020-05-31,4,13139000000.0,13139000000.0,0.0
ORCL,ocf,2021-05-31,4,15887000000.0,15887000000.0,0.0
ORCL,ocf,2022-05-31,4,9539000000.0,9539000000.0,0.0
ORCL,ocf,2023-05-31,4,17165000000.0,17165000000.0,0.0
ORCL,ocf,2024-05-31,4,18673000000.0,18673000000.0,0.0
ORCL,ocf,2025-05-31,4,20821000000.0,20821000000.0,0.0
ORCL,ocf,2026-05-31,4,31977000000.0,31977000000.0,0.0
OXY,revenue,2017-12-31,4,12508000000.0,12508000000.0,0.0
OXY,revenue,2018-12-31,4,15560000000.0,15560000000.0,0.0
OXY,revenue,2019-12-31,4,20393000000.0,21082000000.0,0.03378610307458441
OXY,revenue,2020-12-31,4,17809000000.0,17606000000.0,0.011398730978718626
OXY,revenue,2021-12-31,4,25956000000.0,25956000000.0,0.0
OXY,revenue,2022-12-31,4,36634000000.0,36634000000.0,0.0
OXY,revenue,2023-12-31,4,28257000000.0,28257000000.0,0.0
OXY,revenue,2024-12-31,4,26725000000.0,26725000000.0,0.0
OXY,revenue,2025-12-31,4,21593000000.0,21593000000.0,0.0
OXY,net_income,2011-12-31,4,6760000000.0,6758000000.0,0.0002958579881656805
OXY,net_income,2012-12-31,4,4590000000.0,4590000000.0,0.0
OXY,net_income,2013-12-31,4,5890000000.0,5890000000.0,0.0
OXY,net_income,2014-12-31,4,616000000.0,616000000.0,0.0
OXY,net_income,2015-12-31,4,-7829000000.0,-7829000000.0,0.0
OXY,net_income,2016-12-31,4,-574000000.0,-574000000.0,0.0
OXY,net_income,2017-12-31,4,1305000000.0,1306000000.0,0.0007662835249042146
OXY,net_income,2018-12-31,4,4114000000.0,4114000000.0,0.0
OXY,net_income,2019-12-31,4,-985000000.0,-990000000.0,0.005076142131979695
OXY,net_income,2020-12-31,4,-15675000000.0,-15675000000.0,0.0
OXY,net_income,2021-12-31,4,1512000000.0,1508000000.0,0.0026455026455026454
OXY,net_income,2022-12-31,4,12421000000.0,12417000000.0,0.00032203526286128333
OXY,net_income,2023-12-31,4,3750000000.0,3750000000.0,0.0
OXY,net_income,2024-12-31,4,2364000000.0,2363000000.0,0.00042301184433164127
OXY,net_income,2025-12-31,4,1612000000.0,1612000000.0,0.0
OXY,ocf,2011-12-31,4,12281000000.0,12281000000.0,0.0
OXY,ocf,2012-12-31,4,11312000000.0,11312000000.0,0.0
OXY,ocf,2013-12-31,4,12927000000.0,12927000000.0,0.0
OXY,ocf,2014-12-31,4,11068000000.0,11068000000.0,0.0
OXY,ocf,2015-12-31,4,3351000000.0,3351000000.0,0.0
OXY,ocf,2016-12-31,4,3383000000.0,3383000000.0,0.0
OXY,ocf,2017-12-31,4,4996000000.0,4996000000.0,0.0
OXY,ocf,2018-12-31,4,7669000000.0,7669000000.0,0.0
OXY,ocf,2019-12-31,4,7375000000.0,7375000000.0,0.0
OXY,ocf,2020-12-31,4,3955000000.0,3955000000.0,0.0
OXY,ocf,2021-12-31,4,10434000000.0,10434000000.0,0.0
OXY,ocf,2022-12-31,4,16810000000.0,16810000000.0,0.0
OXY,ocf,2023-12-31,4,12308000000.0,12308000000.0,0.0
OXY,ocf,2024-12-31,4,11439000000.0,11439000000.0,0.0
OXY,ocf,2025-12-31,4,10532000000.0,10532000000.0,0.0
PANW,revenue,2017-07-31,0,1755100000.0,,
PANW,revenue,2018-07-31,4,2273600000.0,2273600000.0,0.0
PANW,revenue,2019-07-31,4,2899600000.0,2899600000.0,0.0
PANW,revenue,2020-07-31,4,3408400000.0,3408400000.0,0.0
PANW,revenue,2021-07-31,4,4256100000.0,4256100000.0,0.0
PANW,revenue,2022-07-31,4,5501500000.0,5501500000.0,0.0
PANW,revenue,2023-07-31,4,6892700000.0,6892700000.0,0.0
PANW,revenue,2024-07-31,4,8027500000.0,8027500000.0,0.0
PANW,revenue,2025-07-31,4,9221500000.0,9221500000.0,0.0
PANW,net_income,2011-07-31,0,-12528000.0,,
PANW,net_income,2012-07-31,4,737000.0,737000.0,0.0
PANW,net_income,2013-07-31,4,-29246000.0,-29246000.0,0.0
PANW,net_income,2014-07-31,4,-226452000.0,-226452000.0,0.0
PANW,net_income,2015-07-31,4,-164982000.0,-164982000.0,0.0
PANW,net_income,2016-07-31,4,-225900000.0,-225900000.0,0.0
PANW,net_income,2017-07-31,4,-216600000.0,-221500000.0,0.022622345337026777
PANW,net_income,2018-07-31,4,-147900000.0,-147900000.0,0.0
PANW,net_income,2019-07-31,4,-81900000.0,-81900000.0,0.0
PANW,net_income,2020-07-31,4,-267000000.0,-267000000.0,0.0
PANW,net_income,2021-07-31,4,-498900000.0,-498900000.0,0.0
PANW,net_income,2022-07-31,4,-267000000.0,-267000000.0,0.0
PANW,net_income,2023-07-31,4,439700000.0,439700000.0,0.0
PANW,net_income,2024-07-31,4,2577600000.0,2577600000.0,0.0
PANW,net_income,2025-07-31,4,1133900000.0,1133900000.0,0.0
PANW,ocf,2011-07-31,0,32102000.0,,
PANW,ocf,2012-07-31,2,77368000.0,,
PANW,ocf,2013-07-31,4,114519000.0,114519000.0,0.0
PANW,ocf,2014-07-31,4,88406000.0,88406000.0,0.0
PANW,ocf,2015-07-31,4,350304000.0,350304000.0,0.0
PANW,ocf,2016-07-31,4,658100000.0,658100000.0,0.0
PANW,ocf,2017-07-31,4,868500000.0,868500000.0,0.0
PANW,ocf,2018-07-31,4,1037000000.0,1037000000.0,0.0
PANW,ocf,2019-07-31,4,1055600000.0,1055600000.0,0.0
PANW,ocf,2020-07-31,4,1035700000.0,1035700000.0,0.0
PANW,ocf,2021-07-31,4,1503000000.0,1503000000.0,0.0
PANW,ocf,2022-07-31,4,1984700000.0,1984700000.0,0.0
PANW,ocf,2023-07-31,4,2777500000.0,2777500000.0,0.0
PANW,ocf,2024-07-31,4,3257600000.0,3257600000.0,0.0
PANW,ocf,2025-07-31,4,3716000000.0,3716000000.0,0.0
PARA,revenue,2022-12-31,0,5332979.0,,
PARA,revenue,2023-12-31,4,4561300.0,4561300.0,0.0
PARA,revenue,2024-12-31,4,4527879.0,4527879.0,0.0
PARA,revenue,2025-12-31,4,12161419.0,12296687.0,0.011122715202888742
PARA,net_income,2021-12-31,4,11627209.0,11627209.0,0.0
PARA,net_income,2022-12-31,4,9438181.0,9438181.0,0.0
PARA,net_income,2023-12-31,4,-14406262.0,-14406262.0,0.0
PARA,net_income,2024-12-31,4,-31513389.0,-31933309.0,0.013325129836083324
PARA,net_income,2025-12-31,4,-22492075.0,-22356807.0,0.006014029385905925
PARA,ocf,2021-12-31,4,-1012702.0,-1012702.0,0.0
PARA,ocf,2022-12-31,4,-956768.0,-956768.0,0.0
PARA,ocf,2023-12-31,4,-1550781.0,-1550781.0,0.0
PARA,ocf,2024-12-31,4,-9575403.0,-9575403.0,0.0
PARA,ocf,2025-12-31,4,-15706619.0,-15706619.0,0.0
PATH,revenue,2020-01-31,0,336156000.0,,
PATH,revenue,2021-01-31,4,607643000.0,607643000.0,0.0
PATH,revenue,2022-01-31,4,892252000.0,892252000.0,0.0
PATH,revenue,2023-01-31,4,1058581000.0,1058581000.0,0.0
PATH,revenue,2024-01-31,4,1308072000.0,1308072000.0,0.0
PATH,revenue,2025-01-31,4,1429664000.0,1429664000.0,0.0
PATH,revenue,2026-01-31,4,1610572000.0,1610572000.0,0.0
PATH,net_income,2020-01-31,0,-519933000.0,,
PATH,net_income,2021-01-31,4,-92393000.0,-92393000.0,0.0
PATH,net_income,2022-01-31,4,-525586000.0,-525586000.0,0.0
PATH,net_income,2023-01-31,4,-328352000.0,-328352000.0,0.0
PATH,net_income,2024-01-31,4,-89883000.0,-89883000.0,0.0
PATH,net_income,2025-01-31,4,-73694000.0,-73694000.0,0.0
PATH,net_income,2026-01-31,4,282330000.0,282330000.0,0.0
PATH,ocf,2020-01-31,0,-359436000.0,,
PATH,ocf,2021-01-31,4,29177000.0,29177000.0,0.0
PATH,ocf,2022-01-31,4,-54963000.0,-54963000.0,0.0
PATH,ocf,2023-01-31,4,-9981000.0,-9981000.0,0.0
PATH,ocf,2024-01-31,4,299082000.0,299082000.0,0.0
PATH,ocf,2025-01-31,4,320565000.0,320565000.0,0.0
PATH,ocf,2026-01-31,4,371208000.0,371208000.0,0.0
PCG,revenue,2011-12-31,4,14956000000.0,14956000000.0,0.0
PCG,revenue,2012-12-31,4,15040000000.0,15040000000.0,0.0
PCG,revenue,2013-12-31,4,15598000000.0,15598000000.0,0.0
PCG,revenue,2014-12-31,4,17090000000.0,17090000000.0,0.0
PCG,revenue,2015-12-31,4,16833000000.0,16833000000.0,0.0
PCG,revenue,2016-12-31,4,17666000000.0,17666000000.0,0.0
PCG,revenue,2017-12-31,4,17135000000.0,17135000000.0,0.0
PCG,revenue,2018-12-31,4,16759000000.0,16759000000.0,0.0
PCG,revenue,2019-12-31,0,17129000000.0,,
PCG,revenue,2020-12-31,0,18469000000.0,,
PCG,revenue,2021-12-31,4,20642000000.0,20642000000.0,0.0
PCG,revenue,2022-12-31,4,21680000000.0,21680000000.0,0.0
PCG,revenue,2023-12-31,4,24428000000.0,24428000000.0,0.0
PCG,revenue,2024-12-31,4,24419000000.0,24419000000.0,0.0
PCG,revenue,2025-12-31,4,24935000000.0,24935000000.0,0.0
PCG,net_income,2011-12-31,4,844000000.0,844000000.0,0.0
PCG,net_income,2012-12-31,4,816000000.0,816000000.0,0.0
PCG,net_income,2013-12-31,4,814000000.0,814000000.0,0.0
PCG,net_income,2014-12-31,4,1436000000.0,1436000000.0,0.0
PCG,net_income,2015-12-31,4,874000000.0,874000000.0,0.0
PCG,net_income,2016-12-31,4,1393000000.0,1393000000.0,0.0
PCG,net_income,2017-12-31,4,1646000000.0,1646000000.0,0.0
PCG,net_income,2018-12-31,4,-6851000000.0,-6851000000.0,0.0
PCG,net_income,2019-12-31,4,-7656000000.0,-7653000000.0,0.00039184952978056425
PCG,net_income,2020-12-31,4,-1318000000.0,-1318000000.0,0.0
PCG,net_income,2021-12-31,4,-102000000.0,-102000000.0,0.0
PCG,net_income,2022-12-31,4,1800000000.0,1800000000.0,0.0
PCG,net_income,2023-12-31,4,2242000000.0,2242000000.0,0.0
PCG,net_income,2024-12-31,4,2475000000.0,2475000000.0,0.0
PCG,net_income,2025-12-31,4,2593000000.0,2593000000.0,0.0
PCG,ocf,2011-12-31,4,3739000000.0,3739000000.0,0.0
PCG,ocf,2012-12-31,4,4882000000.0,4882000000.0,0.0
PCG,ocf,2013-12-31,4,3427000000.0,3427000000.0,0.0
PCG,ocf,2014-12-31,4,3677000000.0,3677000000.0,0.0
PCG,ocf,2015-12-31,4,3753000000.0,3753000000.0,0.0
PCG,ocf,2016-12-31,4,4409000000.0,4409000000.0,0.0
PCG,ocf,2017-12-31,4,5977000000.0,5977000000.0,0.0
PCG,ocf,2018-12-31,4,4752000000.0,4752000000.0,0.0
PCG,ocf,2019-12-31,4,4816000000.0,4816000000.0,0.0
PCG,ocf,2020-12-31,4,-19130000000.0,-19130000000.0,0.0
PCG,ocf,2021-12-31,4,2262000000.0,2262000000.0,0.0
PCG,ocf,2022-12-31,4,3721000000.0,3721000000.0,0.0
PCG,ocf,2023-12-31,4,4747000000.0,4747000000.0,0.0
PCG,ocf,2024-12-31,4,8035000000.0,8035000000.0,0.0
PCG,ocf,2025-12-31,4,8716000000.0,8716000000.0,0.0
PEP,revenue,2016-12-31,0,62799000000.0,,
PEP,revenue,2017-12-30,3,63525000000.0,,
PEP,revenue,2018-12-29,4,64661000000.0,64661000000.0,0.0
PEP,revenue,2019-12-28,4,67161000000.0,67161000000.0,0.0
PEP,revenue,2020-12-26,4,70372000000.0,70372000000.0,0.0
PEP,revenue,2021-12-25,4,79474000000.0,79474000000.0,0.0
PEP,revenue,2022-12-31,4,86392000000.0,86392000000.0,0.0
PEP,revenue,2023-12-30,4,91471000000.0,91471000000.0,0.0
PEP,revenue,2024-12-28,4,91854000000.0,91854000000.0,0.0
PEP,revenue,2025-12-27,4,93925000000.0,93925000000.0,0.0
PEP,net_income,2011-12-31,4,6443000000.0,6443000000.0,0.0
PEP,net_income,2012-12-29,4,6178000000.0,6178000000.0,0.0
PEP,net_income,2013-12-28,4,6740000000.0,6740000000.0,0.0
PEP,net_income,2014-12-27,4,6513000000.0,6513000000.0,0.0
PEP,net_income,2015-12-26,4,5452000000.0,5452000000.0,0.0
PEP,net_income,2016-12-31,4,6329000000.0,6329000000.0,0.0
PEP,net_income,2017-12-30,4,4857000000.0,4857000000.0,0.0
PEP,net_income,2018-12-29,4,12515000000.0,12515000000.0,0.0
PEP,net_income,2019-12-28,4,7314000000.0,7314000000.0,0.0
PEP,net_income,2020-12-26,4,7120000000.0,7120000000.0,0.0
PEP,net_income,2021-12-25,4,7618000000.0,7618000000.0,0.0
PEP,net_income,2022-12-31,4,8910000000.0,8910000000.0,0.0
PEP,net_income,2023-12-30,4,9074000000.0,9074000000.0,0.0
PEP,net_income,2024-12-28,4,9578000000.0,9578000000.0,0.0
PEP,net_income,2025-12-27,4,8240000000.0,8240000000.0,0.0
PEP,ocf,2011-12-31,4,8944000000.0,8944000000.0,0.0
PEP,ocf,2012-12-29,4,8479000000.0,8479000000.0,0.0
PEP,ocf,2013-12-28,4,9688000000.0,9688000000.0,0.0
PEP,ocf,2014-12-27,4,10506000000.0,10506000000.0,0.0
PEP,ocf,2015-12-26,4,10580000000.0,10580000000.0,0.0
PEP,ocf,2016-12-31,4,10404000000.0,10404000000.0,0.0
PEP,ocf,2017-12-30,4,9994000000.0,9994000000.0,0.0
PEP,ocf,2018-12-29,4,9415000000.0,9415000000.0,0.0
PEP,ocf,2019-12-28,4,9649000000.0,9649000000.0,0.0
PEP,ocf,2020-12-26,4,10613000000.0,10613000000.0,0.0
PEP,ocf,2021-12-25,4,11616000000.0,11616000000.0,0.0
PEP,ocf,2022-12-31,4,10811000000.0,10811000000.0,0.0
PEP,ocf,2023-12-30,4,13442000000.0,13442000000.0,0.0
PEP,ocf,2024-12-28,4,12507000000.0,12507000000.0,0.0
PEP,ocf,2025-12-27,4,12087000000.0,12087000000.0,0.0
PFE,revenue,2020-12-31,0,41651000000.0,,
PFE,revenue,2021-12-31,0,81288000000.0,,
PFE,revenue,2022-12-31,4,100330000000.0,100331000000.0,9.967108541812021e-06
PFE,revenue,2023-12-31,4,58496000000.0,58497000000.0,1.7095185995623632e-05
PFE,revenue,2024-12-31,4,63627000000.0,63627000000.0,0.0
PFE,revenue,2025-12-31,4,62579000000.0,62579000000.0,0.0
PFE,net_income,2011-12-31,4,10009000000.0,10009000000.0,0.0
PFE,net_income,2012-12-31,4,14570000000.0,14570000000.0,0.0
PFE,net_income,2013-12-31,4,22003000000.0,22003000000.0,0.0
PFE,net_income,2014-12-31,4,9135000000.0,9135000000.0,0.0
PFE,net_income,2015-12-31,4,6960000000.0,6960000000.0,0.0
PFE,net_income,2016-12-31,4,7215000000.0,7215000000.0,0.0
PFE,net_income,2017-12-31,4,21308000000.0,21308000000.0,0.0
PFE,net_income,2018-12-31,4,11153000000.0,11154000000.0,8.966197435667533e-05
PFE,net_income,2019-12-31,4,16273000000.0,16274000000.0,6.145148405333988e-05
PFE,net_income,2020-12-31,4,9616000000.0,9615000000.0,0.00010399334442595674
PFE,net_income,2021-12-31,4,21979000000.0,21979000000.0,0.0
PFE,net_income,2022-12-31,4,31372000000.0,31372000000.0,0.0
PFE,net_income,2023-12-31,4,2119000000.0,2119000000.0,0.0
PFE,net_income,2024-12-31,4,8031000000.0,8031000000.0,0.0
PFE,net_income,2025-12-31,4,7771000000.0,7770000000.0,0.00012868356710848025
PFE,ocf,2011-12-31,4,20240000000.0,20240000000.0,0.0
PFE,ocf,2012-12-31,4,17054000000.0,17054000000.0,0.0
PFE,ocf,2013-12-31,4,17765000000.0,17765000000.0,0.0
PFE,ocf,2014-12-31,4,16883000000.0,16883000000.0,0.0
PFE,ocf,2015-12-31,4,14512000000.0,14512000000.0,0.0
PFE,ocf,2016-12-31,4,15901000000.0,15901000000.0,0.0
PFE,ocf,2017-12-31,4,16470000000.0,16470000000.0,0.0
PFE,ocf,2018-12-31,4,15827000000.0,15827000000.0,0.0
PFE,ocf,2019-12-31,4,12588000000.0,12588000000.0,0.0
PFE,ocf,2020-12-31,4,14403000000.0,14403000000.0,0.0
PFE,ocf,2021-12-31,4,32580000000.0,32580000000.0,0.0
PFE,ocf,2022-12-31,4,29267000000.0,29267000000.0,0.0
PFE,ocf,2023-12-31,4,8700000000.0,8700000000.0,0.0
PFE,ocf,2024-12-31,4,12744000000.0,12744000000.0,0.0
PFE,ocf,2025-12-31,4,11704000000.0,11704000000.0,0.0
PG,revenue,2012-06-30,0,28400000000.0,,
PG,revenue,2013-06-30,0,29200000000.0,,
PG,revenue,2014-06-30,0,29400000000.0,,
PG,revenue,2017-06-30,0,65058000000.0,,
PG,revenue,2018-06-30,4,66832000000.0,66832000000.0,0.0
PG,revenue,2019-06-30,4,67684000000.0,67684000000.0,0.0
PG,revenue,2020-06-30,4,70950000000.0,70950000000.0,0.0
PG,revenue,2021-06-30,4,76118000000.0,76118000000.0,0.0
PG,revenue,2022-06-30,4,80187000000.0,80187000000.0,0.0
PG,revenue,2023-06-30,4,82006000000.0,82006000000.0,0.0
PG,revenue,2024-06-30,4,84039000000.0,84039000000.0,0.0
PG,revenue,2025-06-30,4,84284000000.0,84284000000.0,0.0
PG,revenue,2026-06-30,4,87032000000.0,87033000000.0,1.1490026656861844e-05
PG,net_income,2011-06-30,4,11797000000.0,11797000000.0,0.0
PG,net_income,2012-06-30,4,10756000000.0,10756000000.0,0.0
PG,net_income,2013-06-30,4,11312000000.0,11312000000.0,0.0
PG,net_income,2014-06-30,4,11643000000.0,11643000000.0,0.0
PG,net_income,2015-06-30,4,7036000000.0,7036000000.0,0.0
PG,net_income,2016-06-30,4,10508000000.0,10508000000.0,0.0
PG,net_income,2017-06-30,4,15326000000.0,15326000000.0,0.0
PG,net_income,2018-06-30,4,9750000000.0,9750000000.0,0.0
PG,net_income,2019-06-30,4,3897000000.0,3897000000.0,0.0
PG,net_income,2020-06-30,4,13027000000.0,13027000000.0,0.0
PG,net_income,2021-06-30,4,14306000000.0,14306000000.0,0.0
PG,net_income,2022-06-30,4,14742000000.0,14742000000.0,0.0
PG,net_income,2023-06-30,4,14653000000.0,14653000000.0,0.0
PG,net_income,2024-06-30,4,14879000000.0,14880000000.0,6.720881779689495e-05
PG,net_income,2025-06-30,4,15974000000.0,15973000000.0,6.26017278076875e-05
PG,net_income,2026-06-30,4,16046000000.0,16045000000.0,6.23208276205908e-05
PG,ocf,2011-06-30,4,13231000000.0,13231000000.0,0.0
PG,ocf,2012-06-30,4,13284000000.0,13284000000.0,0.0
PG,ocf,2013-06-30,4,14873000000.0,14873000000.0,0.0
PG,ocf,2014-06-30,4,13958000000.0,13958000000.0,0.0
PG,ocf,2015-06-30,4,14608000000.0,14608000000.0,0.0
PG,ocf,2016-06-30,4,15435000000.0,15435000000.0,0.0
PG,ocf,2017-06-30,4,12753000000.0,12753000000.0,0.0
PG,ocf,2018-06-30,4,14867000000.0,14867000000.0,0.0
PG,ocf,2019-06-30,4,15242000000.0,15242000000.0,0.0
PG,ocf,2020-06-30,4,17403000000.0,17403000000.0,0.0
PG,ocf,2021-06-30,4,18371000000.0,18371000000.0,0.0
PG,ocf,2022-06-30,4,16723000000.0,16723000000.0,0.0
PG,ocf,2023-06-30,4,16848000000.0,16848000000.0,0.0
PG,ocf,2024-06-30,4,19846000000.0,19846000000.0,0.0
PG,ocf,2025-06-30,4,17817000000.0,17817000000.0,0.0
PG,ocf,2026-06-30,4,19556000000.0,19556000000.0,0.0
PGR,revenue,2011-12-31,4,15508100000.0,15508100000.0,0.0
PGR,revenue,2012-12-31,4,17083900000.0,17083900000.0,0.0
PGR,revenue,2013-12-31,4,18170900000.0,18170900000.0,0.0
PGR,revenue,2014-12-31,4,19391400000.0,19391400000.0,0.0
PGR,revenue,2015-12-31,4,20853800000.0,20853800000.0,0.0
PGR,revenue,2016-12-31,4,23441400000.0,23441400000.0,0.0
PGR,revenue,2017-12-31,4,26839000000.0,26839000000.0,0.0
PGR,revenue,2018-12-31,4,31979000000.0,31979000000.0,0.0
PGR,revenue,2019-12-31,4,39022300000.0,39022300000.0,0.0
PGR,revenue,2020-12-31,4,42658100000.0,42658100000.0,0.0
PGR,revenue,2021-12-31,4,47702000000.0,47702000000.0,0.0
PGR,revenue,2022-12-31,4,49610700000.0,49610700000.0,0.0
PGR,revenue,2023-12-31,4,62108500000.0,62108500000.0,0.0
PGR,revenue,2024-12-31,4,75372000000.0,75372000000.0,0.0
PGR,revenue,2025-12-31,4,87671000000.0,87671000000.0,0.0
PGR,net_income,2011-12-31,4,1015500000.0,1015500000.0,0.0
PGR,net_income,2012-12-31,4,902300000.0,902300000.0,0.0
PGR,net_income,2013-12-31,4,1165400000.0,1165400000.0,0.0
PGR,net_income,2014-12-31,4,1281000000.0,1281000000.0,0.0
PGR,net_income,2015-12-31,4,1267600000.0,1267600000.0,0.0
PGR,net_income,2016-12-31,4,1031000000.0,1031000000.0,0.0
PGR,net_income,2017-12-31,4,1592200000.0,1592200000.0,0.0
PGR,net_income,2018-12-31,4,2615300000.0,2615300000.0,0.0
PGR,net_income,2019-12-31,4,3970300000.0,3970300000.0,0.0
PGR,net_income,2020-12-31,4,5704600000.0,5698200000.0,0.0011219016232514112
PGR,net_income,2021-12-31,4,3350900000.0,3350900000.0,0.0
PGR,net_income,2022-12-31,4,721500000.0,721500000.0,0.0
PGR,net_income,2023-12-31,4,3902400000.0,3902400000.0,0.0
PGR,net_income,2024-12-31,4,8480000000.0,8480000000.0,0.0
PGR,net_income,2025-12-31,4,11308000000.0,11308000000.0,0.0
PGR,ocf,2011-12-31,4,1497900000.0,1497900000.0,0.0
PGR,ocf,2012-12-31,4,1691400000.0,1691400000.0,0.0
PGR,ocf,2013-12-31,4,1899900000.0,1899900000.0,0.0
PGR,ocf,2014-12-31,4,1725600000.0,1725600000.0,0.0
PGR,ocf,2015-12-31,4,2292900000.0,2292900000.0,0.0
PGR,ocf,2016-12-31,4,2701900000.0,2701900000.0,0.0
PGR,ocf,2017-12-31,4,3756800000.0,3756800000.0,0.0
PGR,ocf,2018-12-31,4,6284800000.0,6284800000.0,0.0
PGR,ocf,2019-12-31,4,6261600000.0,6261600000.0,0.0
PGR,ocf,2020-12-31,4,6905600000.0,6905600000.0,0.0
PGR,ocf,2021-12-31,4,7761700000.0,7761700000.0,0.0
PGR,ocf,2022-12-31,4,6848800000.0,6848800000.0,0.0
PGR,ocf,2023-12-31,4,10643300000.0,10643300000.0,0.0
PGR,ocf,2024-12-31,4,15119000000.0,15119000000.0,0.0
PGR,ocf,2025-12-31,4,17548000000.0,17548000000.0,0.0
PINS,revenue,2017-12-31,0,472852000.0,,
PINS,revenue,2018-12-31,4,755932000.0,755932000.0,0.0
PINS,revenue,2019-12-31,4,1142761000.0,1142761000.0,0.0
PINS,revenue,2020-12-31,4,1692658000.0,1692658000.0,0.0
PINS,revenue,2021-12-31,4,2578027000.0,2578027000.0,0.0
PINS,revenue,2022-12-31,4,2802574000.0,2802574000.0,0.0
PINS,revenue,2023-12-31,4,3055071000.0,3055071000.0,0.0
PINS,revenue,2024-12-31,4,3646166000.0,3646166000.0,0.0
PINS,revenue,2025-12-31,4,4221767000.0,4221767000.0,0.0
PINS,net_income,2017-12-31,0,-130044000.0,,
PINS,net_income,2018-12-31,4,-62974000.0,-62974000.0,0.0
PINS,net_income,2019-12-31,4,-1361371000.0,-1361371000.0,0.0
PINS,net_income,2020-12-31,4,-128323000.0,-128323000.0,0.0
PINS,net_income,2021-12-31,4,316438000.0,316438000.0,0.0
PINS,net_income,2022-12-31,4,-96047000.0,-96047000.0,0.0
PINS,net_income,2023-12-31,4,-35610000.0,-35610000.0,0.0
PINS,net_income,2024-12-31,4,1862106000.0,1862106000.0,0.0
PINS,net_income,2025-12-31,4,416855000.0,416855000.0,0.0
PINS,ocf,2017-12-31,0,-102913000.0,,
PINS,ocf,2018-12-31,4,-60369000.0,-60369000.0,0.0
PINS,ocf,2019-12-31,4,657000.0,657000.0,0.0
PINS,ocf,2020-12-31,4,28826000.0,28826000.0,0.0
PINS,ocf,2021-12-31,4,752907000.0,752907000.0,0.0
PINS,ocf,2022-12-31,4,469202000.0,469202000.0,0.0
PINS,ocf,2023-12-31,4,612961000.0,612961000.0,0.0
PINS,ocf,2024-12-31,4,964594000.0,964594000.0,0.0
PINS,ocf,2025-12-31,4,1284264000.0,1284264000.0,0.0
PLD,revenue,2016-12-31,0,2533135000.0,,
PLD,revenue,2017-12-31,4,2618134000.0,2618134000.0,0.0
PLD,revenue,2018-12-31,4,2804449000.0,2804449000.0,0.0
PLD,revenue,2019-12-31,4,3330621000.0,3330621000.0,0.0
PLD,revenue,2020-12-31,4,4438735000.0,4438735000.0,0.0
PLD,revenue,2021-12-31,4,4759440000.0,4759440000.0,0.0
PLD,revenue,2022-12-31,4,5973692000.0,5973692000.0,0.0
PLD,revenue,2023-12-31,4,8023469000.0,8023469000.0,0.0
PLD,revenue,2024-12-31,4,8201610000.0,8201610000.0,0.0
PLD,revenue,2025-12-31,4,8790127000.0,8790127000.0,0.0
PLD,net_income,2011-12-31,4,-153414000.0,-153414000.0,0.0
PLD,net_income,2012-12-31,4,-39720000.0,-39721000.0,2.5176233635448137e-05
PLD,net_income,2013-12-31,4,342921000.0,342921000.0,0.0
PLD,net_income,2014-12-31,4,636183000.0,636183000.0,0.0
PLD,net_income,2015-12-31,4,869439000.0,869439000.0,0.0
PLD,net_income,2016-12-31,4,1209932000.0,1209932000.0,0.0
PLD,net_income,2017-12-31,4,1652325000.0,1652325000.0,0.0
PLD,net_income,2018-12-31,4,1649361000.0,1649361000.0,0.0
PLD,net_income,2019-12-31,4,1572959000.0,1572959000.0,0.0
PLD,net_income,2020-12-31,4,1481814000.0,1481814000.0,0.0
PLD,net_income,2021-12-31,4,2939723000.0,2939723000.0,0.0
PLD,net_income,2022-12-31,4,3364856000.0,3364856000.0,0.0
PLD,net_income,2023-12-31,4,3059214000.0,3059214000.0,0.0
PLD,net_income,2024-12-31,4,3731635000.0,3731635000.0,0.0
PLD,net_income,2025-12-31,4,3328231000.0,3328231000.0,0.0
PLD,ocf,2011-12-31,4,207064000.0,207064000.0,0.0
PLD,ocf,2012-12-31,4,463492000.0,463492000.0,0.0
PLD,ocf,2013-12-31,4,484989000.0,484989000.0,0.0
PLD,ocf,2014-12-31,4,704531000.0,704531000.0,0.0
PLD,ocf,2016-12-31,0,1417005000.0,,
PLD,ocf,2017-12-31,2,1687246000.0,,
PLD,ocf,2018-12-31,4,1803559000.0,1803559000.0,0.0
PLD,ocf,2019-12-31,4,2264034000.0,2264034000.0,0.0
PLD,ocf,2020-12-31,4,2937005000.0,2937005000.0,0.0
PLD,ocf,2021-12-31,4,2996042000.0,2996042000.0,0.0
PLD,ocf,2022-12-31,4,4126430000.0,4126430000.0,0.0
PLD,ocf,2023-12-31,4,5373058000.0,5373058000.0,0.0
PLD,ocf,2024-12-31,4,4912209000.0,4912209000.0,0.0
PLD,ocf,2025-12-31,4,5008434000.0,5008434000.0,0.0
PLTR,revenue,2018-12-31,0,595409000.0,,
PLTR,revenue,2019-12-31,0,742555000.0,,
PLTR,revenue,2020-12-31,4,1092673000.0,1092673000.0,0.0
PLTR,revenue,2021-12-31,4,1541889000.0,1541889000.0,0.0
PLTR,revenue,2022-12-31,4,1905871000.0,1905871000.0,0.0
PLTR,revenue,2023-12-31,4,2225012000.0,2225012000.0,0.0
PLTR,revenue,2024-12-31,4,2865507000.0,2865507000.0,0.0
PLTR,revenue,2025-12-31,4,4475446000.0,4475446000.0,0.0
PLTR,net_income,2018-12-31,0,-580027000.0,,
PLTR,net_income,2019-12-31,2,-579646000.0,,
PLTR,net_income,2020-12-31,4,-1166391000.0,-1166391000.0,0.0
PLTR,net_income,2021-12-31,4,-520379000.0,-520379000.0,0.0
PLTR,net_income,2022-12-31,4,-373705000.0,-373705000.0,0.0
PLTR,net_income,2023-12-31,4,209825000.0,209825000.0,0.0
PLTR,net_income,2024-12-31,4,462190000.0,462190000.0,0.0
PLTR,net_income,2025-12-31,4,1625033000.0,1625033000.0,0.0
PLTR,ocf,2018-12-31,0,-39012000.0,,
PLTR,ocf,2019-12-31,1,-165215000.0,,
PLTR,ocf,2020-12-31,4,-296608000.0,-296608000.0,0.0
PLTR,ocf,2021-12-31,4,333851000.0,333851000.0,0.0
PLTR,ocf,2022-12-31,4,223737000.0,223737000.0,0.0
PLTR,ocf,2023-12-31,4,712183000.0,712183000.0,0.0
PLTR,ocf,2024-12-31,4,1153865000.0,1153865000.0,0.0
PLTR,ocf,2025-12-31,4,2134473000.0,2134473000.0,0.0
PLUG,revenue,2011-12-31,4,27625942.0,27625942.0,0.0
PLUG,revenue,2012-12-31,4,26108457.0,26108457.0,0.0
PLUG,revenue,2013-12-31,4,26601428.0,26601428.0,0.0
PLUG,revenue,2014-12-31,4,64229884.0,64229884.0,0.0
PLUG,revenue,2015-12-31,4,103288000.0,103287539.0,4.463248392843312e-06
PLUG,revenue,2016-12-31,4,85928000.0,85928000.0,0.0
PLUG,revenue,2017-12-31,4,132929000.0,132929000.0,0.0
PLUG,revenue,2018-12-31,4,174632000.0,176186000.0,0.00889871272160887
PLUG,revenue,2019-12-31,4,230239000.0,223644000.0,0.0286441480374741
PLUG,revenue,2020-12-31,4,-93237000.0,-93227000.0,0.00010725355813679119
PLUG,revenue,2021-12-31,4,502342000.0,502342000.0,0.0
PLUG,revenue,2022-12-31,4,701440000.0,701441000.0,1.4256386861313868e-06
PLUG,revenue,2023-12-31,4,891340000.0,891340000.0,0.0
PLUG,revenue,2024-12-31,4,628814000.0,628814000.0,0.0
PLUG,revenue,2025-12-31,4,709919000.0,709919000.0,0.0
PLUG,net_income,2011-12-31,4,-27453954.0,-20293581.0,0.2608139068055552
PLUG,net_income,2012-12-31,4,-31862454.0,-23396594.0,0.2657001874369124
PLUG,net_income,2013-12-31,4,-62790800.0,-62790800.0,0.0
PLUG,net_income,2014-12-31,4,-88487823.0,-88487823.0,0.0
PLUG,net_income,2015-12-31,4,-55690000.0,-55690821.0,1.4742323576943796e-05
PLUG,net_income,2016-12-31,4,-57487000.0,-57487000.0,0.0
PLUG,net_income,2017-12-31,4,-127080000.0,-127080000.0,0.0
PLUG,net_income,2018-12-31,4,-78115000.0,-78115000.0,0.0
PLUG,net_income,2019-12-31,4,-85465000.0,-91764000.0,0.07370268530977593
PLUG,net_income,2020-12-31,4,-596155000.0,-596155000.0,0.0
PLUG,net_income,2021-12-31,4,-459965000.0,-459965000.0,0.0
PLUG,net_income,2022-12-31,4,-724008000.0,-724008000.0,0.0
PLUG,net_income,2023-12-31,4,-1368833000.0,-1368833000.0,0.0
PLUG,net_income,2024-12-31,4,-2104701000.0,-2104701000.0,0.0
PLUG,net_income,2025-12-31,4,-1631594000.0,-1631594000.0,0.0
PLUG,ocf,2011-12-31,0,-33310067.0,,
PLUG,ocf,2012-12-31,0,-20164996.0,,
PLUG,ocf,2013-12-31,2,-26880811.0,,
PLUG,ocf,2014-12-31,4,-40779534.0,-40779534.0,0.0
PLUG,ocf,2015-12-31,4,-47274000.0,-47274000.0,0.0
PLUG,ocf,2016-12-31,4,-29636000.0,-29636000.0,0.0
PLUG,ocf,2017-12-31,4,-60182000.0,-60182000.0,0.0
PLUG,ocf,2018-12-31,4,-57617000.0,-57617000.0,0.0
PLUG,ocf,2019-12-31,4,-51522000.0,-51522000.0,0.0
PLUG,ocf,2020-12-31,4,-155476000.0,-155476000.0,0.0
PLUG,ocf,2021-12-31,4,-358176000.0,-358176000.0,0.0
PLUG,ocf,2022-12-31,4,-828623000.0,-828623000.0,0.0
PLUG,ocf,2023-12-31,4,-1106570000.0,-1106570000.0,0.0
PLUG,ocf,2024-12-31,4,-728643000.0,-728643000.0,0.0
PLUG,ocf,2025-12-31,4,-535835000.0,-535835000.0,0.0
PM,revenue,2016-12-31,0,26685000000.0,,
PM,revenue,2017-12-31,4,28748000000.0,28748000000.0,0.0
PM,revenue,2018-12-31,4,29625000000.0,29625000000.0,0.0
PM,revenue,2019-12-31,4,29805000000.0,29805000000.0,0.0
PM,revenue,2020-12-31,4,28694000000.0,28694000000.0,0.0
PM,revenue,2021-12-31,4,31405000000.0,31405000000.0,0.0
PM,revenue,2022-12-31,4,31762000000.0,31762000000.0,0.0
PM,revenue,2023-12-31,4,35174000000.0,35174000000.0,0.0
PM,revenue,2024-12-31,4,37878000000.0,37878000000.0,0.0
PM,revenue,2025-12-31,4,40648000000.0,40648000000.0,0.0
PM,net_income,2011-12-31,4,8591000000.0,8591000000.0,0.0
PM,net_income,2012-12-31,4,8800000000.0,8800000000.0,0.0
PM,net_income,2013-12-31,4,8576000000.0,8576000000.0,0.0
PM,net_income,2014-12-31,4,7493000000.0,7493000000.0,0.0
PM,net_income,2015-12-31,4,6873000000.0,6873000000.0,0.0
PM,net_income,2016-12-31,4,6967000000.0,6967000000.0,0.0
PM,net_income,2017-12-31,4,6035000000.0,6035000000.0,0.0
PM,net_income,2018-12-31,4,7911000000.0,7911000000.0,0.0
PM,net_income,2019-12-31,4,7185000000.0,7185000000.0,0.0
PM,net_income,2020-12-31,4,8056000000.0,8056000000.0,0.0
PM,net_income,2021-12-31,4,9109000000.0,9109000000.0,0.0
PM,net_income,2022-12-31,4,9048000000.0,9048000000.0,0.0
PM,net_income,2023-12-31,4,7813000000.0,7813000000.0,0.0
PM,net_income,2024-12-31,4,7057000000.0,7057000000.0,0.0
PM,net_income,2025-12-31,4,11348000000.0,11348000000.0,0.0
PM,ocf,2011-12-31,4,10529000000.0,10529000000.0,0.0
PM,ocf,2012-12-31,4,9421000000.0,9421000000.0,0.0
PM,ocf,2013-12-31,4,10135000000.0,10135000000.0,0.0
PM,ocf,2014-12-31,4,7739000000.0,7739000000.0,0.0
PM,ocf,2015-12-31,4,7865000000.0,7865000000.0,0.0
PM,ocf,2016-12-31,4,8077000000.0,8077000000.0,0.0
PM,ocf,2017-12-31,4,8912000000.0,8912000000.0,0.0
PM,ocf,2018-12-31,4,9478000000.0,9478000000.0,0.0
PM,ocf,2019-12-31,4,10090000000.0,10090000000.0,0.0
PM,ocf,2020-12-31,4,9812000000.0,9812000000.0,0.0
PM,ocf,2021-12-31,4,11967000000.0,11967000000.0,0.0
PM,ocf,2022-12-31,4,10803000000.0,10803000000.0,0.0
PM,ocf,2023-12-31,4,9204000000.0,9204000000.0,0.0
PM,ocf,2024-12-31,4,12217000000.0,12217000000.0,0.0
PM,ocf,2025-12-31,4,12233000000.0,12233000000.0,0.0
PTON,revenue,2018-06-30,0,435000000.0,,
PTON,revenue,2019-06-30,4,915000000.0,915000000.0,0.0
PTON,revenue,2020-06-30,4,1825900000.0,1826000000.0,5.476751191193384e-05
PTON,revenue,2021-06-30,4,4021800000.0,4021900000.0,2.4864488537470783e-05
PTON,revenue,2022-06-30,4,3582100000.0,3582100000.0,0.0
PTON,revenue,2023-06-30,4,2800200000.0,2800200000.0,0.0
PTON,revenue,2024-06-30,4,2700500000.0,2700400000.0,3.703017959637104e-05
PTON,revenue,2025-06-30,4,2490800000.0,2490800000.0,0.0
PTON,revenue,2026-06-30,4,2446000000.0,2445900000.0,4.088307440719542e-05
PTON,net_income,2018-06-30,0,-47900000.0,,
PTON,net_income,2019-06-30,4,-195600000.0,-195600000.0,0.0
PTON,net_income,2020-06-30,4,-71600000.0,-71700000.0,0.0013966480446927375
PTON,net_income,2021-06-30,4,-189000000.0,-188900000.0,0.0005291005291005291
PTON,net_income,2022-06-30,4,-2827700000.0,-2827800000.0,3.536443045584751e-05
PTON,net_income,2023-06-30,4,-1261700000.0,-1261600000.0,7.925814377427281e-05
PTON,net_income,2024-06-30,4,-551900000.0,-552000000.0,0.0001811922449719152
PTON,net_income,2025-06-30,4,-118900000.0,-119000000.0,0.0008410428931875525
PTON,net_income,2026-06-30,4,63200000.0,63100000.0,0.0015822784810126582
PTON,ocf,2018-06-30,0,49700000.0,,
PTON,ocf,2019-06-30,4,-108600000.0,-108600000.0,0.0
PTON,ocf,2020-06-30,4,376400000.0,376400000.0,0.0
PTON,ocf,2021-06-30,4,-239700000.0,-239700000.0,0.0
PTON,ocf,2022-06-30,4,-2020000000.0,-2020000000.0,0.0
PTON,ocf,2023-06-30,4,-387600000.0,-387600000.0,0.0
PTON,ocf,2024-06-30,4,-66100000.0,-66100000.0,0.0
PTON,ocf,2025-06-30,4,333000000.0,333000000.0,0.0
PTON,ocf,2026-06-30,4,387600000.0,387600000.0,0.0
PYPL,revenue,2018-12-31,0,15451000000.0,,
PYPL,revenue,2019-12-31,4,17772000000.0,17772000000.0,0.0
PYPL,revenue,2020-12-31,4,21454000000.0,21454000000.0,0.0
PYPL,revenue,2021-12-31,4,25371000000.0,25371000000.0,0.0
PYPL,revenue,2022-12-31,4,27518000000.0,27518000000.0,0.0
PYPL,revenue,2023-12-31,4,29771000000.0,29771000000.0,0.0
PYPL,revenue,2024-12-31,4,31797000000.0,31797000000.0,0.0
PYPL,revenue,2025-12-31,4,33172000000.0,33172000000.0,0.0
PYPL,net_income,2013-12-31,0,955000000.0,,
PYPL,net_income,2014-12-31,4,419000000.0,419000000.0,0.0
PYPL,net_income,2015-12-31,4,1228000000.0,1228000000.0,0.0
PYPL,net_income,2016-12-31,4,1401000000.0,1401000000.0,0.0
PYPL,net_income,2017-12-31,4,1795000000.0,1795000000.0,0.0
PYPL,net_income,2018-12-31,4,2057000000.0,2057000000.0,0.0
PYPL,net_income,2019-12-31,4,2459000000.0,2459000000.0,0.0
PYPL,net_income,2020-12-31,4,4202000000.0,4202000000.0,0.0
PYPL,net_income,2021-12-31,4,4169000000.0,4169000000.0,0.0
PYPL,net_income,2022-12-31,4,2419000000.0,2419000000.0,0.0
PYPL,net_income,2023-12-31,4,4246000000.0,4246000000.0,0.0
PYPL,net_income,2024-12-31,4,4147000000.0,4147000000.0,0.0
PYPL,net_income,2025-12-31,4,5233000000.0,5233000000.0,0.0
PYPL,ocf,2013-12-31,0,1993000000.0,,
PYPL,ocf,2014-12-31,2,2220000000.0,,
PYPL,ocf,2015-12-31,4,2546000000.0,2546000000.0,0.0
PYPL,ocf,2016-12-31,4,3158000000.0,3158000000.0,0.0
PYPL,ocf,2017-12-31,4,2531000000.0,2531000000.0,0.0
PYPL,ocf,2018-12-31,4,5483000000.0,5483000000.0,0.0
PYPL,ocf,2019-12-31,4,4561000000.0,4561000000.0,0.0
PYPL,ocf,2020-12-31,4,5854000000.0,5854000000.0,0.0
PYPL,ocf,2021-12-31,4,6340000000.0,6340000000.0,0.0
PYPL,ocf,2022-12-31,4,5813000000.0,5813000000.0,0.0
PYPL,ocf,2023-12-31,4,4843000000.0,4843000000.0,0.0
PYPL,ocf,2024-12-31,4,7450000000.0,7450000000.0,0.0
PYPL,ocf,2025-12-31,4,6416000000.0,6416000000.0,0.0
QCOM,revenue,2011-09-25,4,14957000000.0,14963000000.0,0.00040114996322792006
QCOM,revenue,2012-09-30,4,19121000000.0,19121000000.0,0.0
QCOM,revenue,2013-09-29,4,24866000000.0,24865000000.0,4.0215555376819756e-05
QCOM,revenue,2014-09-28,4,26487000000.0,26487000000.0,0.0
QCOM,revenue,2015-09-27,4,25281000000.0,25281000000.0,0.0
QCOM,revenue,2016-09-25,4,23554000000.0,23554000000.0,0.0
QCOM,revenue,2017-09-24,4,22291000000.0,22291000000.0,0.0
QCOM,revenue,2018-09-30,4,22732000000.0,22731000000.0,4.399084990322013e-05
QCOM,revenue,2019-09-29,4,24273000000.0,24273000000.0,0.0
QCOM,revenue,2020-09-27,4,23531000000.0,23532000000.0,4.249713144362756e-05
QCOM,revenue,2021-09-26,4,33566000000.0,33566000000.0,0.0
QCOM,revenue,2022-09-25,4,44200000000.0,44200000000.0,0.0
QCOM,revenue,2023-09-24,4,35820000000.0,35820000000.0,0.0
QCOM,revenue,2024-09-29,4,38962000000.0,38961000000.0,2.5666033571171912e-05
QCOM,revenue,2025-09-28,4,44284000000.0,44284000000.0,0.0
QCOM,net_income,2011-09-25,4,4260000000.0,4260000000.0,0.0
QCOM,net_income,2012-09-30,4,6109000000.0,6109000000.0,0.0
QCOM,net_income,2013-09-29,4,6853000000.0,6853000000.0,0.0
QCOM,net_income,2014-09-28,4,7967000000.0,7966000000.0,0.000125517760763148
QCOM,net_income,2015-09-27,4,5271000000.0,5270000000.0,0.00018971732119142478
QCOM,net_income,2016-09-25,4,5705000000.0,5705000000.0,0.0
QCOM,net_income,2017-09-24,4,2466000000.0,2465000000.0,0.00040551500405515005
QCOM,net_income,2018-09-30,4,-4864000000.0,-4884000000.0,0.004111842105263158
QCOM,net_income,2019-09-29,4,4386000000.0,4386000000.0,0.0
QCOM,net_income,2020-09-27,4,5198000000.0,5198000000.0,0.0
QCOM,net_income,2021-09-26,4,9043000000.0,9042000000.0,0.00011058277120424638
QCOM,net_income,2022-09-25,4,12936000000.0,12936000000.0,0.0
QCOM,net_income,2023-09-24,4,7232000000.0,7232000000.0,0.0
QCOM,net_income,2024-09-29,4,10142000000.0,10142000000.0,0.0
QCOM,net_income,2025-09-28,4,5541000000.0,5541000000.0,0.0
QCOM,ocf,2011-09-25,4,4900000000.0,4900000000.0,0.0
QCOM,ocf,2012-09-30,4,5998000000.0,5998000000.0,0.0
QCOM,ocf,2013-09-29,4,8778000000.0,8778000000.0,0.0
QCOM,ocf,2014-09-28,4,8887000000.0,8887000000.0,0.0
QCOM,ocf,2015-09-27,4,5506000000.0,5506000000.0,0.0
QCOM,ocf,2016-09-25,1,7400000000.0,,
QCOM,ocf,2017-09-24,0,4693000000.0,,
QCOM,ocf,2018-09-30,4,3895000000.0,3895000000.0,0.0
QCOM,ocf,2019-09-29,4,7286000000.0,7286000000.0,0.0
QCOM,ocf,2020-09-27,4,5814000000.0,5814000000.0,0.0
QCOM,ocf,2021-09-26,4,10536000000.0,10536000000.0,0.0
QCOM,ocf,2022-09-25,4,9096000000.0,9096000000.0,0.0
QCOM,ocf,2023-09-24,4,11299000000.0,11299000000.0,0.0
QCOM,ocf,2024-09-29,4,12202000000.0,12202000000.0,0.0
QCOM,ocf,2025-09-28,4,14012000000.0,14012000000.0,0.0
RBLX,revenue,2021-12-31,4,1919181000.0,1919181000.0,0.0
RBLX,revenue,2022-12-31,4,2225052000.0,2225052000.0,0.0
RBLX,revenue,2023-12-31,4,2799274000.0,2799274000.0,0.0
RBLX,revenue,2024-12-31,4,3601979000.0,3601979000.0,0.0
RBLX,revenue,2025-12-31,4,4890551000.0,4890551000.0,0.0
RBLX,net_income,2019-12-31,0,-70968000.0,,
RBLX,net_income,2020-12-31,4,-253254000.0,-253254000.0,0.0
RBLX,net_income,2021-12-31,4,-491651000.0,-491651000.0,0.0
RBLX,net_income,2022-12-31,4,-924366000.0,-924366000.0,0.0
RBLX,net_income,2023-12-31,4,-1151946000.0,-1151946000.0,0.0
RBLX,net_income,2024-12-31,4,-935384000.0,-935384000.0,0.0
RBLX,net_income,2025-12-31,4,-1065057000.0,-1065057000.0,0.0
RBLX,ocf,2019-12-31,0,99185000.0,,
RBLX,ocf,2020-12-31,4,524340000.0,524340000.0,0.0
RBLX,ocf,2021-12-31,4,659109000.0,659109000.0,0.0
RBLX,ocf,2022-12-31,4,369296000.0,369296000.0,0.0
RBLX,ocf,2023-12-31,4,458180000.0,458180000.0,0.0
RBLX,ocf,2024-12-31,4,822316000.0,822316000.0,0.0
RBLX,ocf,2025-12-31,4,1796358000.0,1796358000.0,0.0
RCL,revenue,2016-12-31,0,8496401000.0,,
RCL,revenue,2017-12-31,4,8777845000.0,8777845000.0,0.0
RCL,revenue,2018-12-31,4,9493849000.0,9493849000.0,0.0
RCL,revenue,2019-12-31,4,10950661000.0,10950661000.0,0.0
RCL,revenue,2020-12-31,4,2208805000.0,2208805000.0,0.0
RCL,revenue,2021-12-31,4,1532133000.0,1532133000.0,0.0
RCL,revenue,2022-12-31,4,8840540000.0,8840540000.0,0.0
RCL,revenue,2023-12-31,4,13900000000.0,13900000000.0,0.0
RCL,revenue,2024-12-31,4,16484000000.0,16484000000.0,0.0
RCL,revenue,2025-12-31,4,17935000000.0,17935000000.0,0.0
RCL,net_income,2011-12-31,4,607421000.0,620563000.0,0.021635735346654132
RCL,net_income,2012-12-31,4,18287000.0,18287000.0,0.0
RCL,net_income,2013-12-31,4,473692000.0,473692000.0,0.0
RCL,net_income,2014-12-31,4,764146000.0,764146000.0,0.0
RCL,net_income,2015-12-31,4,665783000.0,665783000.0,0.0
RCL,net_income,2016-12-31,4,1283388000.0,1283388000.0,0.0
RCL,net_income,2017-12-31,4,1625133000.0,1625133000.0,0.0
RCL,net_income,2018-12-31,4,1811042000.0,1811042000.0,0.0
RCL,net_income,2019-12-31,4,1878887000.0,1878887000.0,0.0
RCL,net_income,2020-12-31,4,-5797462000.0,-5797462000.0,0.0
RCL,net_income,2021-12-31,4,-5260499000.0,-5260499000.0,0.0
RCL,net_income,2022-12-31,4,-2155962000.0,-2155962000.0,0.0
RCL,net_income,2023-12-31,4,1697000000.0,1697000000.0,0.0
RCL,net_income,2024-12-31,4,2877000000.0,2877000000.0,0.0
RCL,net_income,2025-12-31,4,4268000000.0,4269000000.0,0.00023430178069353328
RCL,ocf,2011-12-31,4,1455739000.0,1455739000.0,0.0
RCL,ocf,2012-12-31,4,1381734000.0,1381734000.0,0.0
RCL,ocf,2013-12-31,4,1412068000.0,1412068000.0,0.0
RCL,ocf,2014-12-31,4,1743759000.0,1743759000.0,0.0
RCL,ocf,2015-12-31,4,1946366000.0,1946366000.0,0.0
RCL,ocf,2016-12-31,4,2516690000.0,2516690000.0,0.0
RCL,ocf,2017-12-31,4,2874566000.0,2874566000.0,0.0
RCL,ocf,2018-12-31,4,3479139000.0,3479139000.0,0.0
RCL,ocf,2019-12-31,4,3716366000.0,3716366000.0,0.0
RCL,ocf,2020-12-31,4,-3731653000.0,-3731653000.0,0.0
RCL,ocf,2021-12-31,4,-1877815000.0,-1877815000.0,0.0
RCL,ocf,2022-12-31,4,481857000.0,481857000.0,0.0
RCL,ocf,2023-12-31,4,4477000000.0,4477000000.0,0.0
RCL,ocf,2024-12-31,4,5265000000.0,5265000000.0,0.0
RCL,ocf,2025-12-31,4,6465000000.0,6465000000.0,0.0
REGN,revenue,2016-12-31,0,4860400000.0,,
REGN,revenue,2017-12-31,4,5872200000.0,5872189000.0,1.87323320050407e-06
REGN,revenue,2018-12-31,4,6710800000.0,6710818000.0,2.6822435477141326e-06
REGN,revenue,2019-12-31,4,7863400000.0,7863400000.0,0.0
REGN,revenue,2020-12-31,4,8497100000.0,8497100000.0,0.0
REGN,revenue,2021-12-31,4,16071700000.0,16071700000.0,0.0
REGN,revenue,2022-12-31,4,12172900000.0,12172900000.0,0.0
REGN,revenue,2023-12-31,4,13117200000.0,13117200000.0,0.0
REGN,revenue,2024-12-31,4,14202000000.0,14202000000.0,0.0
REGN,revenue,2025-12-31,4,14342900000.0,14342900000.0,0.0
REGN,net_income,2011-12-31,4,-221760000.0,-221760000.0,0.0
REGN,net_income,2012-12-31,4,750269000.0,750269000.0,0.0
REGN,net_income,2013-12-31,4,424362000.0,424362000.0,0.0
REGN,net_income,2014-12-31,4,348074000.0,348074000.0,0.0
REGN,net_income,2015-12-31,4,636056000.0,636056000.0,0.0
REGN,net_income,2016-12-31,4,895522000.0,879873000.0,0.01747472423904717
REGN,net_income,2017-12-31,4,1198511000.0,1198511000.0,0.0
REGN,net_income,2018-12-31,4,2444400000.0,2444447000.0,1.9227622320405827e-05
REGN,net_income,2019-12-31,4,2115800000.0,2115800000.0,0.0
REGN,net_income,2020-12-31,4,3513200000.0,3513200000.0,0.0
REGN,net_income,2021-12-31,4,8075300000.0,8075300000.0,0.0
REGN,net_income,2022-12-31,4,4338400000.0,4338400000.0,0.0
REGN,net_income,2023-12-31,4,3953600000.0,3953600000.0,0.0
REGN,net_income,2024-12-31,4,4412600000.0,4412600000.0,0.0
REGN,net_income,2025-12-31,4,4504900000.0,4504900000.0,0.0
REGN,ocf,2011-12-31,4,-141682000.0,-141682000.0,0.0
REGN,ocf,2012-12-31,4,-74615000.0,-74615000.0,0.0
REGN,ocf,2013-12-31,4,583648000.0,583648000.0,0.0
REGN,ocf,2014-12-31,4,743157000.0,743157000.0,0.0
REGN,ocf,2015-12-31,4,1330780000.0,1330780000.0,0.0
REGN,ocf,2016-12-31,4,1473396000.0,1473396000.0,0.0
REGN,ocf,2017-12-31,4,1307112000.0,1307112000.0,0.0
REGN,ocf,2018-12-31,4,2195100000.0,2195100000.0,0.0
REGN,ocf,2019-12-31,4,2430000000.0,2430000000.0,0.0
REGN,ocf,2020-12-31,4,2618100000.0,2618100000.0,0.0
REGN,ocf,2021-12-31,4,7081300000.0,7081300000.0,0.0
REGN,ocf,2022-12-31,4,5014900000.0,5014900000.0,0.0
REGN,ocf,2023-12-31,4,4594000000.0,4594000000.0,0.0
REGN,ocf,2024-12-31,4,4420500000.0,4420500000.0,0.0
REGN,ocf,2025-12-31,4,4978900000.0,4978900000.0,0.0
ROKU,revenue,2016-12-31,0,398649000.0,,
ROKU,revenue,2017-12-31,4,512763000.0,512763000.0,0.0
ROKU,revenue,2018-12-31,4,742506000.0,742506000.0,0.0
ROKU,revenue,2019-12-31,4,1128921000.0,1128921000.0,0.0
ROKU,revenue,2020-12-31,4,1778388000.0,1778388000.0,0.0
ROKU,revenue,2021-12-31,4,2764584000.0,2764584000.0,0.0
ROKU,revenue,2022-12-31,4,3126534000.0,3126534000.0,0.0
ROKU,revenue,2023-12-31,4,3484619000.0,3484619000.0,0.0
ROKU,revenue,2024-12-31,4,4112898000.0,4112898000.0,0.0
ROKU,revenue,2025-12-31,4,4737251000.0,4737251000.0,0.0
ROKU,net_income,2015-12-26,0,-40611000.0,,
ROKU,net_income,2016-12-31,4,-42758000.0,-42758000.0,0.0
ROKU,net_income,2017-12-31,4,-63509000.0,-63509000.0,0.0
ROKU,net_income,2018-12-31,4,-8857000.0,-8857000.0,0.0
ROKU,net_income,2019-12-31,4,-59937000.0,-59937000.0,0.0
ROKU,net_income,2020-12-31,4,-17507000.0,-17507000.0,0.0
ROKU,net_income,2021-12-31,4,242385000.0,242385000.0,0.0
ROKU,net_income,2022-12-31,4,-498005000.0,-498005000.0,0.0
ROKU,net_income,2023-12-31,4,-709561000.0,-709561000.0,0.0
ROKU,net_income,2024-12-31,4,-129386000.0,-129386000.0,0.0
ROKU,net_income,2025-12-31,4,88361000.0,88361000.0,0.0
ROKU,ocf,2016-12-31,0,-32463000.0,,
ROKU,ocf,2017-12-31,2,37292000.0,,
ROKU,ocf,2018-12-31,4,13922000.0,13922000.0,0.0
ROKU,ocf,2019-12-31,4,13707000.0,13707000.0,0.0
ROKU,ocf,2020-12-31,4,148192000.0,148192000.0,0.0
ROKU,ocf,2021-12-31,4,228081000.0,228081000.0,0.0
ROKU,ocf,2022-12-31,4,11795000.0,11795000.0,0.0
ROKU,ocf,2023-12-31,4,255856000.0,255856000.0,0.0
ROKU,ocf,2024-12-31,4,218045000.0,218045000.0,0.0
ROKU,ocf,2025-12-31,4,483718000.0,483718000.0,0.0
RTX,revenue,2016-12-31,0,57244000000.0,,
RTX,revenue,2017-12-31,4,59837000000.0,59837000000.0,0.0
RTX,revenue,2018-12-31,4,66501000000.0,66501000000.0,0.0
RTX,revenue,2019-12-31,4,77046000000.0,77046000000.0,0.0
RTX,revenue,2020-12-31,4,56587000000.0,63437000000.0,0.12105253856892927
RTX,revenue,2021-12-31,4,64388000000.0,64388000000.0,0.0
RTX,revenue,2022-12-31,4,67074000000.0,67074000000.0,0.0
RTX,revenue,2023-12-31,4,68920000000.0,68920000000.0,0.0
RTX,revenue,2024-12-31,4,80738000000.0,80738000000.0,0.0
RTX,net_income,2011-12-31,4,4979000000.0,4979000000.0,0.0
RTX,net_income,2012-12-31,4,5130000000.0,5130000000.0,0.0
RTX,net_income,2013-12-31,4,5721000000.0,5721000000.0,0.0
RTX,net_income,2014-12-31,4,6220000000.0,6220000000.0,0.0
RTX,net_income,2015-12-31,4,7608000000.0,7608000000.0,0.0
RTX,net_income,2016-12-31,4,5055000000.0,5057000000.0,0.0003956478733926805
RTX,net_income,2017-12-31,4,4552000000.0,4552000000.0,0.0
RTX,net_income,2018-12-31,4,5269000000.0,5269000000.0,0.0
RTX,net_income,2019-12-31,4,5537000000.0,5537000000.0,0.0
RTX,net_income,2020-12-31,4,-3519000000.0,-3519000000.0,0.0
RTX,net_income,2021-12-31,4,3864000000.0,3864000000.0,0.0
RTX,net_income,2022-12-31,4,5197000000.0,5197000000.0,0.0
RTX,net_income,2023-12-31,4,3195000000.0,3195000000.0,0.0
RTX,net_income,2024-12-31,4,4774000000.0,4774000000.0,0.0
RTX,net_income,2025-12-31,4,6732000000.0,6732000000.0,0.0
RTX,ocf,2011-12-31,4,6590000000.0,6590000000.0,0.0
RTX,ocf,2012-12-31,0,6605000000.0,,
RTX,ocf,2013-12-31,0,7505000000.0,,
RTX,ocf,2014-12-31,0,7336000000.0,,
RTX,ocf,2022-12-31,4,7168000000.0,7168000000.0,0.0
RTX,ocf,2023-12-31,4,7883000000.0,7883000000.0,0.0
RTX,ocf,2024-12-31,4,7159000000.0,7159000000.0,0.0
RTX,ocf,2025-12-31,4,10567000000.0,10567000000.0,0.0
SBUX,revenue,2011-10-02,4,11700400000.0,11700400000.0,0.0
SBUX,revenue,2012-09-30,4,13299500000.0,13299500000.0,0.0
SBUX,revenue,2013-09-29,4,14892200000.0,14886000000.0,0.000416325324666604
SBUX,revenue,2016-10-02,0,21315900000.0,,
SBUX,revenue,2017-10-01,4,22386800000.0,22386700000.0,4.4669180052530955e-06
SBUX,revenue,2018-09-30,4,24719500000.0,24719400000.0,4.045389267582273e-06
SBUX,revenue,2019-09-29,4,26508600000.0,26508600000.0,0.0
SBUX,revenue,2020-09-27,4,23518000000.0,23518000000.0,0.0
SBUX,revenue,2021-10-03,4,29060600000.0,29060600000.0,0.0
SBUX,revenue,2022-10-02,4,32250300000.0,32250300000.0,0.0
SBUX,revenue,2023-10-01,4,35975600000.0,35975600000.0,0.0
SBUX,revenue,2024-09-29,4,36176200000.0,36176100000.0,2.7642483179548983e-06
SBUX,revenue,2025-09-28,4,37184400000.0,37184400000.0,0.0
SBUX,net_income,2011-10-02,4,1245700000.0,1245600000.0,8.027614995584812e-05
SBUX,net_income,2012-09-30,4,1383800000.0,1383800000.0,0.0
SBUX,net_income,2013-09-29,4,8300000.0,8400000.0,0.012048192771084338
SBUX,net_income,2014-09-28,4,2068100000.0,2068200000.0,4.835356123978531e-05
SBUX,net_income,2015-09-27,4,2757400000.0,2757200000.0,7.253209545223762e-05
SBUX,net_income,2016-10-02,4,2817700000.0,2817800000.0,3.548993860240622e-05
SBUX,net_income,2017-10-01,4,2884700000.0,2884700000.0,0.0
SBUX,net_income,2018-09-30,4,4518300000.0,4518600000.0,6.639665360865813e-05
SBUX,net_income,2019-09-29,4,3599200000.0,3599500000.0,8.335185596799289e-05
SBUX,net_income,2020-09-27,4,928300000.0,928300000.0,0.0
SBUX,net_income,2021-10-03,4,4199300000.0,4199400000.0,2.3813492724977973e-05
SBUX,net_income,2022-10-02,4,3281600000.0,3281600000.0,0.0
SBUX,net_income,2023-10-01,4,4124500000.0,4124500000.0,0.0
SBUX,net_income,2024-09-29,4,3760900000.0,3760800000.0,2.65893802015475e-05
SBUX,net_income,2025-09-28,4,1856400000.0,1856500000.0,5.3867700926524454e-05
SBUX,ocf,2011-10-02,4,1612400000.0,1612400000.0,0.0
SBUX,ocf,2012-09-30,4,1750300000.0,1750300000.0,0.0
SBUX,ocf,2013-09-29,4,2908300000.0,2908300000.0,0.0
SBUX,ocf,2014-09-28,4,607800000.0,607800000.0,0.0
SBUX,ocf,2015-09-27,4,3749100000.0,3749100000.0,0.0
SBUX,ocf,2016-10-02,4,4575100000.0,4575100000.0,0.0
SBUX,ocf,2017-10-01,4,4174300000.0,4174300000.0,0.0
SBUX,ocf,2018-09-30,4,11937800000.0,11937800000.0,0.0
SBUX,ocf,2019-09-29,4,5047000000.0,5047000000.0,0.0
SBUX,ocf,2020-09-27,4,1597800000.0,1597800000.0,0.0
SBUX,ocf,2021-10-03,4,5989100000.0,5989100000.0,0.0
SBUX,ocf,2022-10-02,4,4397300000.0,4397300000.0,0.0
SBUX,ocf,2023-10-01,4,6008700000.0,6008700000.0,0.0
SBUX,ocf,2024-09-29,4,6095600000.0,6095600000.0,0.0
SBUX,ocf,2025-09-28,4,4747500000.0,4747500000.0,0.0
SCHW,revenue,2011-12-31,4,4691000000.0,4691000000.0,0.0
SCHW,revenue,2012-12-31,4,4883000000.0,4883000000.0,0.0
SCHW,revenue,2013-12-31,4,5435000000.0,5435000000.0,0.0
SCHW,revenue,2014-12-31,4,6058000000.0,6058000000.0,0.0
SCHW,revenue,2015-12-31,4,6380000000.0,6380000000.0,0.0
SCHW,revenue,2016-12-31,4,7478000000.0,7478000000.0,0.0
SCHW,revenue,2017-12-31,4,8618000000.0,8618000000.0,0.0
SCHW,revenue,2018-12-31,4,10132000000.0,10132000000.0,0.0
SCHW,revenue,2019-12-31,4,10721000000.0,10721000000.0,0.0
SCHW,revenue,2020-12-31,4,11691000000.0,11691000000.0,0.0
SCHW,revenue,2021-12-31,4,18520000000.0,18520000000.0,0.0
SCHW,revenue,2022-12-31,4,20762000000.0,20762000000.0,0.0
SCHW,revenue,2023-12-31,4,18837000000.0,18837000000.0,0.0
SCHW,revenue,2024-12-31,4,19606000000.0,19606000000.0,0.0
SCHW,revenue,2025-12-31,4,23921000000.0,23921000000.0,0.0
SCHW,net_income,2011-12-31,4,864000000.0,864000000.0,0.0
SCHW,net_income,2012-12-31,4,928000000.0,928000000.0,0.0
SCHW,net_income,2013-12-31,4,1071000000.0,1071000000.0,0.0
SCHW,net_income,2014-12-31,4,1321000000.0,1321000000.0,0.0
SCHW,net_income,2015-12-31,4,1447000000.0,1447000000.0,0.0
SCHW,net_income,2016-12-31,4,1889000000.0,1889000000.0,0.0
SCHW,net_income,2017-12-31,4,2354000000.0,2354000000.0,0.0
SCHW,net_income,2018-12-31,4,3507000000.0,3507000000.0,0.0
SCHW,net_income,2019-12-31,4,3704000000.0,3704000000.0,0.0
SCHW,net_income,2020-12-31,4,3299000000.0,3299000000.0,0.0
SCHW,net_income,2021-12-31,4,5855000000.0,5855000000.0,0.0
SCHW,net_income,2022-12-31,4,7183000000.0,7183000000.0,0.0
SCHW,net_income,2023-12-31,4,5067000000.0,5067000000.0,0.0
SCHW,net_income,2024-12-31,4,5942000000.0,5942000000.0,0.0
SCHW,net_income,2025-12-31,4,8852000000.0,8852000000.0,0.0
SCHW,ocf,2011-12-31,4,2464000000.0,2464000000.0,0.0
SCHW,ocf,2012-12-31,4,1266000000.0,1266000000.0,0.0
SCHW,ocf,2016-12-31,0,3603000000.0,,
SCHW,ocf,2017-12-31,1,-839000000.0,,
SCHW,ocf,2018-12-31,4,12456000000.0,12456000000.0,0.0
SCHW,ocf,2019-12-31,4,9325000000.0,9325000000.0,0.0
SCHW,ocf,2020-12-31,4,6852000000.0,6852000000.0,0.0
SCHW,ocf,2021-12-31,4,2118000000.0,2118000000.0,0.0
SCHW,ocf,2022-12-31,4,2057000000.0,2057000000.0,0.0
SCHW,ocf,2023-12-31,4,19587000000.0,19587000000.0,0.0
SCHW,ocf,2024-12-31,4,2670000000.0,2670000000.0,0.0
SCHW,ocf,2025-12-31,4,9311000000.0,9311000000.0,0.0
SHOP,revenue,2022-12-31,0,5600000000.0,,
SHOP,revenue,2023-12-31,0,7060000000.0,,
SHOP,revenue,2024-12-31,4,8880000000.0,8880000000.0,0.0
SHOP,revenue,2025-12-31,4,11556000000.0,11556000000.0,0.0
SHOP,net_income,2022-12-31,0,-3460000000.0,,
SHOP,net_income,2023-12-31,0,132000000.0,,
SHOP,net_income,2024-12-31,4,2019000000.0,2019000000.0,0.0
SHOP,net_income,2025-12-31,4,1231000000.0,1231000000.0,0.0
SHOP,ocf,2022-12-31,0,-136000000.0,,
SHOP,ocf,2023-12-31,0,944000000.0,,
SHOP,ocf,2024-12-31,4,1616000000.0,1616000000.0,0.0
SHOP,ocf,2025-12-31,4,2033000000.0,2033000000.0,0.0
SLB,revenue,2016-12-31,0,27810000000.0,,
SLB,revenue,2017-12-31,3,30440000000.0,,
SLB,revenue,2018-12-31,4,32815000000.0,32815000000.0,0.0
SLB,revenue,2019-12-31,4,32917000000.0,32917000000.0,0.0
SLB,revenue,2020-12-31,4,23601000000.0,23601000000.0,0.0
SLB,revenue,2021-12-31,4,22929000000.0,22929000000.0,0.0
SLB,revenue,2022-12-31,4,28091000000.0,28090000000.0,3.5598590295824286e-05
SLB,revenue,2023-12-31,4,33135000000.0,33135000000.0,0.0
SLB,revenue,2024-12-31,4,36289000000.0,36289000000.0,0.0
SLB,revenue,2025-12-31,4,35708000000.0,35709000000.0,2.8004928867480675e-05
SLB,net_income,2011-12-31,4,4997000000.0,4997000000.0,0.0
SLB,net_income,2012-12-31,4,5490000000.0,5491000000.0,0.00018214936247723133
SLB,net_income,2013-12-31,4,6732000000.0,6733000000.0,0.00014854426619132502
SLB,net_income,2014-12-31,4,5438000000.0,5438000000.0,0.0
SLB,net_income,2015-12-31,4,2072000000.0,2072000000.0,0.0
SLB,net_income,2016-12-31,4,-1687000000.0,-1688000000.0,0.0005927682276229994
SLB,net_income,2017-12-31,4,-1505000000.0,-1504000000.0,0.000664451827242525
SLB,net_income,2018-12-31,4,2138000000.0,2138000000.0,0.0
SLB,net_income,2019-12-31,4,-10137000000.0,-10137000000.0,0.0
SLB,net_income,2020-12-31,4,-10518000000.0,-10518000000.0,0.0
SLB,net_income,2021-12-31,4,1881000000.0,1881000000.0,0.0
SLB,net_income,2022-12-31,4,3441000000.0,3440000000.0,0.0002906131938390003
SLB,net_income,2023-12-31,4,4203000000.0,4202000000.0,0.00023792529145848205
SLB,net_income,2024-12-31,4,4461000000.0,4461000000.0,0.0
SLB,net_income,2025-12-31,4,3374000000.0,3374000000.0,0.0
SLB,ocf,2011-12-31,4,6169000000.0,6169000000.0,0.0
SLB,ocf,2012-12-31,4,6814000000.0,6814000000.0,0.0
SLB,ocf,2013-12-31,4,9788000000.0,9788000000.0,0.0
SLB,ocf,2016-12-31,0,6261000000.0,,
SLB,ocf,2017-12-31,1,5663000000.0,,
SLB,ocf,2018-12-31,4,5713000000.0,5713000000.0,0.0
SLB,ocf,2019-12-31,4,5431000000.0,5431000000.0,0.0
SLB,ocf,2020-12-31,4,2944000000.0,2944000000.0,0.0
SLB,ocf,2021-12-31,4,4651000000.0,4651000000.0,0.0
SLB,ocf,2022-12-31,4,3720000000.0,3720000000.0,0.0
SLB,ocf,2023-12-31,4,6637000000.0,6637000000.0,0.0
SLB,ocf,2024-12-31,4,6602000000.0,6602000000.0,0.0
SLB,ocf,2025-12-31,4,6489000000.0,6489000000.0,0.0
SNAP,revenue,2016-12-31,0,404482000.0,,
SNAP,revenue,2017-12-31,4,824949000.0,824949000.0,0.0
SNAP,revenue,2018-12-31,4,1180446000.0,1180446000.0,0.0
SNAP,revenue,2019-12-31,4,1715534000.0,1715534000.0,0.0
SNAP,revenue,2020-12-31,4,2506626000.0,2506626000.0,0.0
SNAP,revenue,2021-12-31,4,4117048000.0,4117048000.0,0.0
SNAP,revenue,2022-12-31,4,4601847000.0,4601847000.0,0.0
SNAP,revenue,2023-12-31,4,4606115000.0,4606115000.0,0.0
SNAP,revenue,2024-12-31,4,5361398000.0,5361398000.0,0.0
SNAP,revenue,2025-12-31,4,5931447000.0,5931447000.0,0.0
SNAP,net_income,2015-12-31,0,-372893000.0,,
SNAP,net_income,2016-12-31,4,-514643000.0,-514643000.0,0.0
SNAP,net_income,2017-12-31,4,-3445066000.0,-3445066000.0,0.0
SNAP,net_income,2018-12-31,4,-1255911000.0,-1255911000.0,0.0
SNAP,net_income,2019-12-31,4,-1033660000.0,-1033660000.0,0.0
SNAP,net_income,2020-12-31,4,-944839000.0,-944839000.0,0.0
SNAP,net_income,2021-12-31,4,-487955000.0,-487955000.0,0.0
SNAP,net_income,2022-12-31,4,-1429653000.0,-1429653000.0,0.0
SNAP,net_income,2023-12-31,4,-1322485000.0,-1322485000.0,0.0
SNAP,net_income,2024-12-31,4,-697856000.0,-697856000.0,0.0
SNAP,net_income,2025-12-31,4,-460489000.0,-460489000.0,0.0
SNAP,ocf,2016-12-31,0,-611245000.0,,
SNAP,ocf,2017-12-31,3,-734667000.0,,
SNAP,ocf,2018-12-31,4,-689924000.0,-689924000.0,0.0
SNAP,ocf,2019-12-31,4,-304958000.0,-304958000.0,0.0
SNAP,ocf,2020-12-31,4,-167644000.0,-167644000.0,0.0
SNAP,ocf,2021-12-31,4,292880000.0,292880000.0,0.0
SNAP,ocf,2022-12-31,4,184614000.0,184614000.0,0.0
SNAP,ocf,2023-12-31,4,246521000.0,246521000.0,0.0
SNAP,ocf,2024-12-31,4,413480000.0,413480000.0,0.0
SNAP,ocf,2025-12-31,4,656170000.0,656170000.0,0.0
SNOW,revenue,2019-01-31,0,96666000.0,,
SNOW,revenue,2020-01-31,2,264748000.0,,
SNOW,revenue,2021-01-31,4,592049000.0,592049000.0,0.0
SNOW,revenue,2022-01-31,4,1219327000.0,1219327000.0,0.0
SNOW,revenue,2023-01-31,4,2065659000.0,2065659000.0,0.0
SNOW,revenue,2024-01-31,4,2806489000.0,2806489000.0,0.0
SNOW,revenue,2025-01-31,4,3626396000.0,3626396000.0,0.0
SNOW,revenue,2026-01-31,4,4683946000.0,4683946000.0,0.0
SNOW,net_income,2019-01-31,0,-178028000.0,,
SNOW,net_income,2020-01-31,2,-348535000.0,,
SNOW,net_income,2021-01-31,4,-539102000.0,-539102000.0,0.0
SNOW,net_income,2022-01-31,4,-679948000.0,-679948000.0,0.0
SNOW,net_income,2023-01-31,4,-796705000.0,-796705000.0,0.0
SNOW,net_income,2024-01-31,4,-836097000.0,-836097000.0,0.0
SNOW,net_income,2025-01-31,4,-1285640000.0,-1285640000.0,0.0
SNOW,net_income,2026-01-31,4,-1331616000.0,-1331616000.0,0.0
SNOW,ocf,2019-01-31,0,-143982000.0,,
SNOW,ocf,2020-01-31,1,-176558000.0,,
SNOW,ocf,2021-01-31,4,-45417000.0,-45417000.0,0.0
SNOW,ocf,2022-01-31,4,110179000.0,110179000.0,0.0
SNOW,ocf,2023-01-31,4,545639000.0,545639000.0,0.0
SNOW,ocf,2024-01-31,4,848122000.0,848122000.0,0.0
SNOW,ocf,2025-01-31,4,959764000.0,959764000.0,0.0
SNOW,ocf,2026-01-31,4,1221942000.0,1221942000.0,0.0
SOFI,revenue,2019-12-31,0,4520000.0,,
SOFI,revenue,2020-12-31,3,103331000.0,,
SOFI,revenue,2021-12-31,4,247718000.0,247718000.0,0.0
SOFI,revenue,2022-12-31,4,377096000.0,377095000.0,2.651844623119842e-06
SOFI,revenue,2023-12-31,4,421454000.0,421454000.0,0.0
SOFI,revenue,2024-12-31,4,503123000.0,503123000.0,0.0
SOFI,revenue,2025-12-31,4,619353000.0,619353000.0,0.0
SOFI,net_income,2019-12-31,0,-239697000.0,,
SOFI,net_income,2020-12-31,3,-224053000.0,,
SOFI,net_income,2021-12-31,4,-483937000.0,-366767659.0,0.2421169305095498
SOFI,net_income,2022-12-31,4,-320407000.0,-320407000.0,0.0
SOFI,net_income,2023-12-31,4,-300742000.0,-300742000.0,0.0
SOFI,net_income,2024-12-31,4,498665000.0,498665000.0,0.0
SOFI,net_income,2025-12-31,4,481320000.0,481320000.0,0.0
SOFI,ocf,2019-12-31,0,-54733000.0,,
SOFI,ocf,2020-12-31,2,-479336000.0,,
SOFI,ocf,2021-12-31,4,-1350217000.0,-1350217000.0,0.0
SOFI,ocf,2022-12-31,4,-7255858000.0,-7255858000.0,0.0
SOFI,ocf,2023-12-31,4,-7227139000.0,-7227139000.0,0.0
SOFI,ocf,2024-12-31,4,-1119807000.0,-1119807000.0,0.0
SOFI,ocf,2025-12-31,4,-3742458000.0,-3742458000.0,0.0
SPGI,revenue,2016-12-31,0,5661000000.0,,
SPGI,revenue,2017-12-31,4,6063000000.0,6064000000.0,0.00016493485073396007
SPGI,revenue,2018-12-31,4,6258000000.0,6258000000.0,0.0
SPGI,revenue,2019-12-31,4,6699000000.0,6699000000.0,0.0
SPGI,revenue,2020-12-31,4,7442000000.0,7442000000.0,0.0
SPGI,revenue,2021-12-31,4,8297000000.0,8297000000.0,0.0
SPGI,revenue,2022-12-31,4,11181000000.0,11180000000.0,8.943743851176102e-05
SPGI,revenue,2023-12-31,4,12497000000.0,12497000000.0,0.0
SPGI,revenue,2024-12-31,4,14208000000.0,14207000000.0,7.038288288288288e-05
SPGI,revenue,2025-12-31,4,15336000000.0,15336000000.0,0.0
SPGI,net_income,2011-12-31,4,911000000.0,910700000.0,0.00032930845225027445
SPGI,net_income,2012-12-31,4,437000000.0,437000000.0,0.0
SPGI,net_income,2013-12-31,4,1376000000.0,1375000000.0,0.0007267441860465116
SPGI,net_income,2014-12-31,4,-115000000.0,-116000000.0,0.008695652173913044
SPGI,net_income,2015-12-31,4,1156000000.0,1156000000.0,0.0
SPGI,net_income,2016-12-31,4,2106000000.0,2106000000.0,0.0
SPGI,net_income,2017-12-31,4,1496000000.0,1497000000.0,0.0006684491978609625
SPGI,net_income,2018-12-31,4,1958000000.0,1959000000.0,0.0005107252298263534
SPGI,net_income,2019-12-31,4,2123000000.0,2123000000.0,0.0
SPGI,net_income,2020-12-31,4,2339000000.0,2340000000.0,0.00042753313381787086
SPGI,net_income,2021-12-31,4,3024000000.0,3025000000.0,0.00033068783068783067
SPGI,net_income,2022-12-31,4,3248000000.0,3248000000.0,0.0
SPGI,net_income,2023-12-31,4,2626000000.0,2627000000.0,0.0003808073115003808
SPGI,net_income,2024-12-31,4,3852000000.0,3853000000.0,0.00025960539979231567
SPGI,net_income,2025-12-31,4,4471000000.0,4472000000.0,0.00022366360993066427
SPGI,ocf,2011-12-31,4,1344000000.0,1344000000.0,0.0
SPGI,ocf,2012-12-31,4,747000000.0,747000000.0,0.0
SPGI,ocf,2013-12-31,0,816000000.0,,
SPGI,ocf,2014-12-31,0,1209000000.0,,
SPGI,ocf,2015-12-31,0,195000000.0,,
SPGI,ocf,2016-12-31,4,1464000000.0,1464000000.0,0.0
SPGI,ocf,2017-12-31,4,2016000000.0,2016000000.0,0.0
SPGI,ocf,2018-12-31,4,2064000000.0,2064000000.0,0.0
SPGI,ocf,2019-12-31,4,2776000000.0,2776000000.0,0.0
SPGI,ocf,2020-12-31,4,3567000000.0,3567000000.0,0.0
SPGI,ocf,2021-12-31,4,3598000000.0,3598000000.0,0.0
SPGI,ocf,2022-12-31,4,2603000000.0,2603000000.0,0.0
SPGI,ocf,2023-12-31,4,3710000000.0,3710000000.0,0.0
SPGI,ocf,2024-12-31,4,5689000000.0,5689000000.0,0.0
SPGI,ocf,2025-12-31,4,5651000000.0,5651000000.0,0.0
SYK,revenue,2016-12-31,0,11325000000.0,,
SYK,revenue,2017-12-31,4,12444000000.0,12444000000.0,0.0
SYK,revenue,2018-12-31,4,13601000000.0,13601000000.0,0.0
SYK,revenue,2019-12-31,4,14884000000.0,14884000000.0,0.0
SYK,revenue,2020-12-31,4,14351000000.0,14351000000.0,0.0
SYK,revenue,2021-12-31,4,17108000000.0,17108000000.0,0.0
SYK,revenue,2022-12-31,4,18449000000.0,18449000000.0,0.0
SYK,revenue,2023-12-31,4,20498000000.0,20498000000.0,0.0
SYK,revenue,2024-12-31,4,22595000000.0,22595000000.0,0.0
SYK,revenue,2025-12-31,4,25116000000.0,25116000000.0,0.0
SYK,net_income,2011-12-31,4,1345000000.0,1344500000.0,0.0003717472118959108
SYK,net_income,2012-12-31,4,1298000000.0,1298000000.0,0.0
SYK,net_income,2013-12-31,4,1006000000.0,1006000000.0,0.0
SYK,net_income,2014-12-31,4,515000000.0,515000000.0,0.0
SYK,net_income,2015-12-31,4,1439000000.0,1439000000.0,0.0
SYK,net_income,2016-12-31,4,1647000000.0,1647000000.0,0.0
SYK,net_income,2017-12-31,4,1020000000.0,1020000000.0,0.0
SYK,net_income,2018-12-31,4,3553000000.0,3553000000.0,0.0
SYK,net_income,2019-12-31,4,2083000000.0,2083000000.0,0.0
SYK,net_income,2020-12-31,4,1599000000.0,1599000000.0,0.0
SYK,net_income,2021-12-31,4,1994000000.0,1994000000.0,0.0
SYK,net_income,2022-12-31,4,2358000000.0,2358000000.0,0.0
SYK,net_income,2023-12-31,4,3165000000.0,3165000000.0,0.0
SYK,net_income,2024-12-31,4,2993000000.0,2993000000.0,0.0
SYK,net_income,2025-12-31,4,3246000000.0,3246000000.0,0.0
SYK,ocf,2011-12-31,4,1434000000.0,1433700000.0,0.00020920502092050208
SYK,ocf,2012-12-31,4,1657000000.0,1657000000.0,0.0
SYK,ocf,2013-12-31,4,1886000000.0,1886000000.0,0.0
SYK,ocf,2014-12-31,4,1782000000.0,1782000000.0,0.0
SYK,ocf,2015-12-31,4,899000000.0,899000000.0,0.0
SYK,ocf,2016-12-31,4,1812000000.0,1812000000.0,0.0
SYK,ocf,2017-12-31,4,1559000000.0,1559000000.0,0.0
SYK,ocf,2018-12-31,4,2610000000.0,2610000000.0,0.0
SYK,ocf,2019-12-31,4,2191000000.0,2191000000.0,0.0
SYK,ocf,2020-12-31,4,3277000000.0,3277000000.0,0.0
SYK,ocf,2021-12-31,4,3263000000.0,3263000000.0,0.0
SYK,ocf,2022-12-31,4,2624000000.0,2624000000.0,0.0
SYK,ocf,2023-12-31,4,3711000000.0,3711000000.0,0.0
SYK,ocf,2024-12-31,4,4242000000.0,4242000000.0,0.0
SYK,ocf,2025-12-31,4,5044000000.0,5044000000.0,0.0
T,revenue,2011-12-31,4,126723000000.0,126723000000.0,0.0
T,revenue,2012-12-31,4,127434000000.0,127434000000.0,0.0
T,revenue,2013-12-31,4,128752000000.0,128752000000.0,0.0
T,revenue,2014-12-31,4,132447000000.0,132447000000.0,0.0
T,revenue,2015-12-31,4,146801000000.0,146801000000.0,0.0
T,revenue,2016-12-31,4,163786000000.0,163786000000.0,0.0
T,revenue,2017-12-31,4,160546000000.0,160546000000.0,0.0
T,revenue,2018-12-31,4,170756000000.0,170756000000.0,0.0
T,revenue,2019-12-31,4,181193000000.0,181193000000.0,0.0
T,revenue,2020-12-31,4,171760000000.0,171760000000.0,0.0
T,revenue,2021-12-31,4,168864000000.0,159001000000.0,0.058407949592571534
T,revenue,2022-12-31,4,120741000000.0,129134000000.0,0.06951242742730307
T,revenue,2023-12-31,4,122428000000.0,122428000000.0,0.0
T,revenue,2024-12-31,4,122336000000.0,122336000000.0,0.0
T,revenue,2025-12-31,4,125648000000.0,125648000000.0,0.0
T,net_income,2011-12-31,4,3944000000.0,3944000000.0,0.0
T,net_income,2012-12-31,4,7264000000.0,7264000000.0,0.0
T,net_income,2013-12-31,4,18249000000.0,18249000000.0,0.0
T,net_income,2014-12-31,4,6224000000.0,6224000000.0,0.0
T,net_income,2015-12-31,4,13345000000.0,13244000000.0,0.0075683776695391536
T,net_income,2016-12-31,4,12976000000.0,12976000000.0,0.0
T,net_income,2017-12-31,4,29450000000.0,29450000000.0,0.0
T,net_income,2018-12-31,4,19370000000.0,19370000000.0,0.0
T,net_income,2019-12-31,4,13903000000.0,13903000000.0,0.0
T,net_income,2020-12-31,4,-5176000000.0,-5176000000.0,0.0
T,net_income,2021-12-31,4,20081000000.0,20081000000.0,0.0
T,net_income,2022-12-31,4,-8524000000.0,-8524000000.0,0.0
T,net_income,2023-12-31,4,14400000000.0,14400000000.0,0.0
T,net_income,2024-12-31,4,10948000000.0,10948000000.0,0.0
T,net_income,2025-12-31,4,21953000000.0,21953000000.0,0.0
T,ocf,2011-12-31,4,34648000000.0,34648000000.0,0.0
T,ocf,2012-12-31,4,39176000000.0,39176000000.0,0.0
T,ocf,2013-12-31,4,34796000000.0,34796000000.0,0.0
T,ocf,2014-12-31,4,31338000000.0,31338000000.0,0.0
T,ocf,2015-12-31,4,35880000000.0,35880000000.0,0.0
T,ocf,2016-12-31,2,39344000000.0,,
T,ocf,2017-12-31,2,39151000000.0,,
T,ocf,2018-12-31,4,43602000000.0,43602000000.0,0.0
T,ocf,2019-12-31,4,48668000000.0,48668000000.0,0.0
T,ocf,2020-12-31,4,43130000000.0,43130000000.0,0.0
T,ocf,2021-12-31,4,41957000000.0,41957000000.0,0.0
T,ocf,2023-12-31,4,38314000000.0,38314000000.0,0.0
T,ocf,2024-12-31,4,38771000000.0,38771000000.0,0.0
T,ocf,2025-12-31,4,40284000000.0,40284000000.0,0.0
TDOC,revenue,2020-12-31,0,1093962000.0,,
TDOC,revenue,2021-12-31,3,2032707000.0,,
TDOC,revenue,2022-12-31,4,2406840000.0,2406840000.0,0.0
TDOC,revenue,2023-12-31,4,2602415000.0,2602415000.0,0.0
TDOC,revenue,2024-12-31,4,2569574000.0,2569574000.0,0.0
TDOC,revenue,2025-12-31,4,2529977000.0,2529977000.0,0.0
TDOC,net_income,2013-12-31,0,-6019000.0,,
TDOC,net_income,2014-12-31,3,-17037000.0,,
TDOC,net_income,2015-12-31,4,-58020000.0,-58020000.0,0.0
TDOC,net_income,2016-12-31,4,-74216000.0,-74216000.0,0.0
TDOC,net_income,2017-12-31,4,-106782000.0,-106782000.0,0.0
TDOC,net_income,2018-12-31,4,-97084000.0,-97084000.0,0.0
TDOC,net_income,2019-12-31,4,-98864000.0,-98864000.0,0.0
TDOC,net_income,2020-12-31,4,-485136000.0,-485136000.0,0.0
TDOC,net_income,2021-12-31,4,-428793000.0,-428793000.0,0.0
TDOC,net_income,2022-12-31,4,-13659531000.0,-13659531000.0,0.0
TDOC,net_income,2023-12-31,4,-220368000.0,-220368000.0,0.0
TDOC,net_income,2024-12-31,4,-1001245000.0,-1001245000.0,0.0
TDOC,net_income,2025-12-31,4,-200322000.0,-200322000.0,0.0
TDOC,ocf,2015-12-31,0,-47181000.0,,
TDOC,ocf,2016-12-31,2,-51875000.0,,
TDOC,ocf,2017-12-31,4,-34441000.0,-34441000.0,0.0
TDOC,ocf,2018-12-31,4,-4860000.0,-4860000.0,0.0
TDOC,ocf,2019-12-31,4,29869000.0,29869000.0,0.0
TDOC,ocf,2020-12-31,4,-53511000.0,-53511000.0,0.0
TDOC,ocf,2021-12-31,4,193990000.0,193990000.0,0.0
TDOC,ocf,2022-12-31,4,189292000.0,189292000.0,0.0
TDOC,ocf,2023-12-31,4,350021000.0,350021000.0,0.0
TDOC,ocf,2024-12-31,4,293680000.0,293680000.0,0.0
TDOC,ocf,2025-12-31,4,294357000.0,294357000.0,0.0
TGT,revenue,2017-01-28,0,70271000000.0,,
TGT,revenue,2018-02-03,4,72714000000.0,72262000000.0,0.006216134444536127
TGT,revenue,2019-02-02,4,75356000000.0,74906000000.0,0.005971654546419661
TGT,revenue,2020-02-01,4,78112000000.0,78112000000.0,0.0
TGT,revenue,2021-01-30,4,93561000000.0,93561000000.0,0.0
TGT,revenue,2022-01-29,4,106005000000.0,106005000000.0,0.0
TGT,revenue,2023-01-28,4,109120000000.0,109120000000.0,0.0
TGT,revenue,2024-02-03,4,107412000000.0,107412000000.0,0.0
TGT,revenue,2025-02-01,4,106566000000.0,106566000000.0,0.0
TGT,revenue,2026-01-31,4,104780000000.0,104780000000.0,0.0
TGT,net_income,2021-01-30,4,4368000000.0,4368000000.0,0.0
TGT,net_income,2022-01-29,4,6946000000.0,6946000000.0,0.0
TGT,net_income,2023-01-28,4,2780000000.0,2780000000.0,0.0
TGT,net_income,2024-02-03,4,4138000000.0,4138000000.0,0.0
TGT,net_income,2025-02-01,4,4091000000.0,4091000000.0,0.0
TGT,net_income,2026-01-31,4,3705000000.0,3706000000.0,0.0002699055330634278
TGT,ocf,2011-01-29,4,5271000000.0,5271000000.0,0.0
TGT,ocf,2013-02-02,0,5325000000.0,,
TGT,ocf,2014-02-01,0,6520000000.0,,
TGT,ocf,2015-01-31,4,4439000000.0,4439000000.0,0.0
TGT,ocf,2016-01-30,4,5844000000.0,5844000000.0,0.0
TGT,ocf,2017-01-28,4,5436000000.0,5436000000.0,0.0
TGT,ocf,2018-02-03,4,6923000000.0,6923000000.0,0.0
TGT,ocf,2019-02-02,4,5973000000.0,5973000000.0,0.0
TGT,ocf,2020-02-01,4,7117000000.0,7117000000.0,0.0
TGT,ocf,2021-01-30,4,10525000000.0,10525000000.0,0.0
TGT,ocf,2022-01-29,4,8625000000.0,8625000000.0,0.0
TGT,ocf,2023-01-28,4,4018000000.0,4018000000.0,0.0
TGT,ocf,2024-02-03,4,8621000000.0,8621000000.0,0.0
TGT,ocf,2025-02-01,4,7367000000.0,7367000000.0,0.0
TGT,ocf,2026-01-31,4,6562000000.0,6562000000.0,0.0
TJX,revenue,2017-01-28,0,33183744000.0,,
TJX,revenue,2018-02-03,4,35864664000.0,35864664000.0,0.0
TJX,revenue,2019-02-02,4,38972934000.0,38972934000.0,0.0
TJX,revenue,2020-02-01,4,41716977000.0,41716977000.0,0.0
TJX,revenue,2021-01-30,4,32136962000.0,32136962000.0,0.0
TJX,revenue,2022-01-29,4,48549982000.0,48549982000.0,0.0
TJX,revenue,2023-01-28,4,49936000000.0,49936000000.0,0.0
TJX,revenue,2024-02-03,4,54217000000.0,54217000000.0,0.0
TJX,revenue,2025-02-01,4,56360000000.0,56360000000.0,0.0
TJX,revenue,2026-01-31,4,60372000000.0,60372000000.0,0.0
TJX,net_income,2013-02-02,0,1906687000.0,,
TJX,net_income,2014-02-01,4,2137396000.0,2137396000.0,0.0
TJX,net_income,2015-01-31,4,2215128000.0,2215128000.0,0.0
TJX,net_income,2016-01-30,4,2277658000.0,2277658000.0,0.0
TJX,net_income,2017-01-28,4,2298234000.0,2298234000.0,0.0
TJX,net_income,2018-02-03,4,2607948000.0,2607948000.0,0.0
TJX,net_income,2019-02-02,4,3059798000.0,3059798000.0,0.0
TJX,net_income,2020-02-01,4,3272193000.0,3272193000.0,0.0
TJX,net_income,2021-01-30,4,90470000.0,90470000.0,0.0
TJX,net_income,2022-01-29,4,3282815000.0,3282815000.0,0.0
TJX,net_income,2023-01-28,4,3498000000.0,3498000000.0,0.0
TJX,net_income,2024-02-03,4,4474000000.0,4474000000.0,0.0
TJX,net_income,2025-02-01,4,4864000000.0,4864000000.0,0.0
TJX,net_income,2026-01-31,4,5494000000.0,5494000000.0,0.0
TJX,ocf,2011-01-29,4,1976481000.0,1976481000.0,0.0
TJX,ocf,2012-01-28,4,1916034000.0,1916034000.0,0.0
TJX,ocf,2013-02-02,4,3045614000.0,3045614000.0,0.0
TJX,ocf,2014-02-01,4,2590329000.0,2590329000.0,0.0
TJX,ocf,2017-01-28,0,3626859000.0,,
TJX,ocf,2018-02-03,2,3025624000.0,,
TJX,ocf,2019-02-02,4,4088459000.0,4088459000.0,0.0
TJX,ocf,2020-02-01,4,4066540000.0,4066540000.0,0.0
TJX,ocf,2021-01-30,4,4561889000.0,4561889000.0,0.0
TJX,ocf,2022-01-29,4,3057485000.0,3057485000.0,0.0
TJX,ocf,2023-01-28,4,4084000000.0,4084000000.0,0.0
TJX,ocf,2024-02-03,4,6057000000.0,6057000000.0,0.0
TJX,ocf,2025-02-01,4,6116000000.0,6116000000.0,0.0
TJX,ocf,2026-01-31,4,6874000000.0,6874000000.0,0.0
TMO,revenue,2016-12-31,0,18274000000.0,,
TMO,revenue,2017-12-31,4,20918000000.0,20918000000.0,0.0
TMO,revenue,2018-12-31,4,24358000000.0,24358000000.0,0.0
TMO,revenue,2019-12-31,4,25542000000.0,25542000000.0,0.0
TMO,revenue,2020-12-31,4,32218000000.0,32218000000.0,0.0
TMO,revenue,2021-12-31,4,39211000000.0,39211000000.0,0.0
TMO,revenue,2022-12-31,4,44915000000.0,44915000000.0,0.0
TMO,revenue,2023-12-31,4,42857000000.0,42857000000.0,0.0
TMO,revenue,2024-12-31,4,42879000000.0,42879000000.0,0.0
TMO,revenue,2025-12-31,4,44556000000.0,44556000000.0,0.0
TMO,net_income,2019-12-31,0,3698000000.0,,
TMO,net_income,2020-12-31,0,6377000000.0,,
TMO,net_income,2021-12-31,4,7728000000.0,7728000000.0,0.0
TMO,net_income,2022-12-31,4,6960000000.0,6960000000.0,0.0
TMO,net_income,2023-12-31,4,5955000000.0,5955000000.0,0.0
TMO,net_income,2024-12-31,4,6338000000.0,6337000000.0,0.0001577784790154623
TMO,net_income,2025-12-31,4,6721000000.0,6720000000.0,0.00014878738282993602
TMO,ocf,2011-12-31,4,1691000000.0,1691000000.0,0.0
TMO,ocf,2012-12-31,4,2039500000.0,2039500000.0,0.0
TMO,ocf,2013-12-31,4,2010700000.0,2010700000.0,0.0
TMO,ocf,2014-12-31,4,2619600000.0,2619600000.0,0.0
TMO,ocf,2015-12-31,4,2816900000.0,2816900000.0,0.0
TMO,ocf,2016-12-31,4,3156300000.0,3156300000.0,0.0
TMO,ocf,2017-12-31,4,4005000000.0,4005000000.0,0.0
TMO,ocf,2018-12-31,4,4543000000.0,4543000000.0,0.0
TMO,ocf,2019-12-31,4,4973000000.0,4973000000.0,0.0
TMO,ocf,2020-12-31,4,8289000000.0,8289000000.0,0.0
TMO,ocf,2021-12-31,4,9312000000.0,9312000000.0,0.0
TMO,ocf,2022-12-31,4,9154000000.0,9154000000.0,0.0
TMO,ocf,2023-12-31,4,8406000000.0,8406000000.0,0.0
TMO,ocf,2024-12-31,4,8667000000.0,8667000000.0,0.0
TMO,ocf,2025-12-31,4,7818000000.0,7818000000.0,0.0
TMUS,revenue,2016-12-31,0,37490000000.0,,
TMUS,revenue,2017-12-31,4,40604000000.0,40604000000.0,0.0
TMUS,revenue,2018-12-31,4,43310000000.0,43310000000.0,0.0
TMUS,revenue,2019-12-31,4,44998000000.0,44998000000.0,0.0
TMUS,revenue,2020-12-31,4,68397000000.0,68397000000.0,0.0
TMUS,revenue,2021-12-31,4,80118000000.0,80118000000.0,0.0
TMUS,revenue,2022-12-31,4,79571000000.0,79571000000.0,0.0
TMUS,revenue,2023-12-31,4,78558000000.0,78558000000.0,0.0
TMUS,revenue,2024-12-31,4,81400000000.0,81400000000.0,0.0
TMUS,revenue,2025-12-31,4,88309000000.0,88309000000.0,0.0
TMUS,net_income,2011-12-31,4,301310000.0,301310000.0,0.0
TMUS,net_income,2012-12-31,4,394172000.0,394172000.0,0.0
TMUS,net_income,2013-12-31,4,35000000.0,-52604000.0,2.5029714285714286
TMUS,net_income,2014-12-31,4,247000000.0,247000000.0,0.0
TMUS,net_income,2015-12-31,4,733000000.0,733000000.0,0.0
TMUS,net_income,2016-12-31,4,1460000000.0,1460000000.0,0.0
TMUS,net_income,2017-12-31,4,4536000000.0,4536000000.0,0.0
TMUS,net_income,2018-12-31,4,2888000000.0,2888000000.0,0.0
TMUS,net_income,2019-12-31,4,3468000000.0,3468000000.0,0.0
TMUS,net_income,2020-12-31,4,3064000000.0,3064000000.0,0.0
TMUS,net_income,2021-12-31,4,3024000000.0,3024000000.0,0.0
TMUS,net_income,2022-12-31,4,2590000000.0,2590000000.0,0.0
TMUS,net_income,2023-12-31,4,8317000000.0,8317000000.0,0.0
TMUS,net_income,2024-12-31,4,11339000000.0,11339000000.0,0.0
TMUS,net_income,2025-12-31,4,10992000000.0,10992000000.0,0.0
TMUS,ocf,2011-12-31,4,1061808000.0,1061808000.0,0.0
TMUS,ocf,2012-12-31,4,1181451000.0,1181451000.0,0.0
TMUS,ocf,2013-12-31,4,3545000000.0,3545000000.0,0.0
TMUS,ocf,2014-12-31,4,4146000000.0,4146000000.0,0.0
TMUS,ocf,2015-12-31,4,5414000000.0,5414000000.0,0.0
TMUS,ocf,2016-12-31,4,6135000000.0,6135000000.0,0.0
TMUS,ocf,2017-12-31,4,7962000000.0,7962000000.0,0.0
TMUS,ocf,2018-12-31,4,3899000000.0,3899000000.0,0.0
TMUS,ocf,2019-12-31,4,6824000000.0,6824000000.0,0.0
TMUS,ocf,2020-12-31,4,8640000000.0,8640000000.0,0.0
TMUS,ocf,2021-12-31,4,13917000000.0,13917000000.0,0.0
TMUS,ocf,2022-12-31,4,16781000000.0,16781000000.0,0.0
TMUS,ocf,2023-12-31,4,18559000000.0,18559000000.0,0.0
TMUS,ocf,2024-12-31,4,22293000000.0,22293000000.0,0.0
TMUS,ocf,2025-12-31,4,27950000000.0,27950000000.0,0.0
TSLA,revenue,2011-12-31,4,204242000.0,204242000.0,0.0
TSLA,revenue,2012-12-31,4,413256000.0,413256000.0,0.0
TSLA,revenue,2013-12-31,4,2013496000.0,2013496000.0,0.0
TSLA,revenue,2014-12-31,4,3198356000.0,3198356000.0,0.0
TSLA,revenue,2015-12-31,4,4046025000.0,4046024000.0,2.4715615944043843e-07
TSLA,revenue,2016-12-31,4,7000132000.0,7000132000.0,0.0
TSLA,revenue,2017-12-31,4,11758751000.0,11758751000.0,0.0
TSLA,revenue,2018-12-31,4,21461268000.0,21461268000.0,0.0
TSLA,revenue,2019-12-31,4,24578000000.0,24578140000.0,5.696151029375865e-06
TSLA,revenue,2020-12-31,4,31536000000.0,31536000000.0,0.0
TSLA,revenue,2021-12-31,4,53823000000.0,53823000000.0,0.0
TSLA,revenue,2022-12-31,4,81462000000.0,81462000000.0,0.0
TSLA,revenue,2023-12-31,4,96773000000.0,96773000000.0,0.0
TSLA,revenue,2024-12-31,4,97690000000.0,97690000000.0,0.0
TSLA,revenue,2025-12-31,4,94827000000.0,94827000000.0,0.0
TSLA,net_income,2011-12-31,4,-254411000.0,-254410000.0,3.9306476528137545e-06
TSLA,net_income,2012-12-31,4,-396213000.0,-396212000.0,2.523894975682272e-06
TSLA,net_income,2013-12-31,4,-74014000.0,-74014000.0,0.0
TSLA,net_income,2014-12-31,4,-294040000.0,-294038000.0,6.8017956740579515e-06
TSLA,net_income,2015-12-31,4,-888663000.0,-888663000.0,0.0
TSLA,net_income,2016-12-31,4,-674914000.0,-674914000.0,0.0
TSLA,net_income,2017-12-31,4,-1961400000.0,-1961400000.0,0.0
TSLA,net_income,2018-12-31,4,-976091000.0,-976091000.0,0.0
TSLA,net_income,2019-12-31,4,-862000000.0,-862469000.0,0.0005440835266821345
TSLA,net_income,2020-12-31,4,721000000.0,721000000.0,0.0
TSLA,net_income,2021-12-31,4,5519000000.0,5519000000.0,0.0
TSLA,net_income,2022-12-31,4,12556000000.0,12556000000.0,0.0
TSLA,net_income,2023-12-31,4,14997000000.0,14997000000.0,0.0
TSLA,net_income,2024-12-31,4,7091000000.0,7091000000.0,0.0
TSLA,net_income,2025-12-31,4,3794000000.0,3794000000.0,0.0
TSLA,ocf,2011-12-31,4,-114364000.0,-114364000.0,0.0
TSLA,ocf,2012-12-31,4,-266081000.0,-266081000.0,0.0
TSLA,ocf,2013-12-31,4,257994000.0,257994000.0,0.0
TSLA,ocf,2016-12-31,0,-123829000.0,,
TSLA,ocf,2017-12-31,2,-60654000.0,,
TSLA,ocf,2018-12-31,4,2097802000.0,2097802000.0,0.0
TSLA,ocf,2019-12-31,4,2405000000.0,2405000000.0,0.0
TSLA,ocf,2020-12-31,4,5943000000.0,5943000000.0,0.0
TSLA,ocf,2021-12-31,4,11497000000.0,11497000000.0,0.0
TSLA,ocf,2022-12-31,4,14724000000.0,14724000000.0,0.0
TSLA,ocf,2023-12-31,4,13256000000.0,13256000000.0,0.0
TSLA,ocf,2024-12-31,4,14923000000.0,14923000000.0,0.0
TSLA,ocf,2025-12-31,4,14747000000.0,14747000000.0,0.0
TWLO,revenue,2016-12-31,0,277335000.0,,
TWLO,revenue,2017-12-31,3,399020000.0,,
TWLO,revenue,2018-12-31,4,650067000.0,650067000.0,0.0
TWLO,revenue,2019-12-31,4,1134468000.0,1134468000.0,0.0
TWLO,revenue,2020-12-31,4,1761776000.0,1761776000.0,0.0
TWLO,revenue,2021-12-31,4,2841839000.0,2841839000.0,0.0
TWLO,revenue,2022-12-31,4,3826321000.0,3826321000.0,0.0
TWLO,revenue,2023-12-31,4,4153945000.0,4153945000.0,0.0
TWLO,revenue,2024-12-31,4,4458036000.0,4458036000.0,0.0
TWLO,revenue,2025-12-31,4,5067220000.0,5067220000.0,0.0
TWLO,net_income,2014-12-31,0,-26758000.0,,
TWLO,net_income,2015-12-31,3,-35504000.0,,
TWLO,net_income,2016-12-31,4,-41324000.0,-41324000.0,0.0
TWLO,net_income,2017-12-31,4,-63708000.0,-63708000.0,0.0
TWLO,net_income,2018-12-31,3,-121949000.0,,
TWLO,net_income,2019-12-31,3,-307063000.0,,
TWLO,net_income,2020-12-31,4,-490979000.0,-490979000.0,0.0
TWLO,net_income,2021-12-31,4,-949900000.0,-949900000.0,0.0
TWLO,net_income,2022-12-31,4,-1256145000.0,-1256145000.0,0.0
TWLO,net_income,2023-12-31,4,-1015441000.0,-1015441000.0,0.0
TWLO,net_income,2024-12-31,4,-109403000.0,-109403000.0,0.0
TWLO,net_income,2025-12-31,4,33834000.0,33834000.0,0.0
TWLO,ocf,2015-12-31,0,-18762000.0,,
TWLO,ocf,2016-12-31,2,10091000.0,,
TWLO,ocf,2017-12-31,4,-3260000.0,-3260000.0,0.0
TWLO,ocf,2018-12-31,4,7983000.0,7983000.0,0.0
TWLO,ocf,2019-12-31,4,14048000.0,14048000.0,0.0
TWLO,ocf,2020-12-31,4,32654000.0,32654000.0,0.0
TWLO,ocf,2021-12-31,4,-58192000.0,-58192000.0,0.0
TWLO,ocf,2022-12-31,4,-254368000.0,-254368000.0,0.0
TWLO,ocf,2023-12-31,4,414752000.0,414752000.0,0.0
TWLO,ocf,2024-12-31,4,716241000.0,716241000.0,0.0
TWLO,ocf,2025-12-31,4,1003244000.0,1003244000.0,0.0
TXN,revenue,2016-12-31,0,13370000000.0,,
TXN,revenue,2017-12-31,4,14961000000.0,14961000000.0,0.0
TXN,revenue,2018-12-31,4,15784000000.0,15784000000.0,0.0
TXN,revenue,2019-12-31,4,14383000000.0,14383000000.0,0.0
TXN,revenue,2020-12-31,4,14461000000.0,14461000000.0,0.0
TXN,revenue,2021-12-31,4,18344000000.0,18344000000.0,0.0
TXN,revenue,2022-12-31,4,20028000000.0,20028000000.0,0.0
TXN,revenue,2023-12-31,4,17519000000.0,17519000000.0,0.0
TXN,revenue,2024-12-31,4,15641000000.0,15641000000.0,0.0
TXN,revenue,2025-12-31,4,17682000000.0,17682000000.0,0.0
TXN,net_income,2011-12-31,4,2236000000.0,2237000000.0,0.0004472271914132379
TXN,net_income,2012-12-31,4,1759000000.0,1759000000.0,0.0
TXN,net_income,2013-12-31,4,2162000000.0,2162000000.0,0.0
TXN,net_income,2014-12-31,4,2821000000.0,2821000000.0,0.0
TXN,net_income,2015-12-31,4,2986000000.0,2986000000.0,0.0
TXN,net_income,2016-12-31,4,3595000000.0,3462000000.0,0.03699582753824757
TXN,net_income,2017-12-31,4,3682000000.0,3682000000.0,0.0
TXN,net_income,2018-12-31,4,5580000000.0,5580000000.0,0.0
TXN,net_income,2019-12-31,4,5017000000.0,5017000000.0,0.0
TXN,net_income,2020-12-31,4,5595000000.0,5595000000.0,0.0
TXN,net_income,2021-12-31,4,7769000000.0,7769000000.0,0.0
TXN,net_income,2022-12-31,4,8749000000.0,8749000000.0,0.0
TXN,net_income,2023-12-31,4,6510000000.0,6510000000.0,0.0
TXN,net_income,2024-12-31,4,4799000000.0,4799000000.0,0.0
TXN,net_income,2025-12-31,4,5001000000.0,5001000000.0,0.0
TXN,ocf,2016-12-31,0,4614000000.0,,
TXN,ocf,2017-12-31,2,5363000000.0,,
TXN,ocf,2018-12-31,4,7189000000.0,7189000000.0,0.0
TXN,ocf,2019-12-31,4,6649000000.0,6649000000.0,0.0
TXN,ocf,2020-12-31,4,6139000000.0,6139000000.0,0.0
TXN,ocf,2021-12-31,4,8756000000.0,8756000000.0,0.0
TXN,ocf,2022-12-31,4,8720000000.0,8720000000.0,0.0
TXN,ocf,2023-12-31,4,6420000000.0,6420000000.0,0.0
TXN,ocf,2024-12-31,4,6318000000.0,6318000000.0,0.0
TXN,ocf,2025-12-31,4,7153000000.0,7153000000.0,0.0
U,revenue,2018-12-31,0,380755000.0,,
U,revenue,2019-12-31,2,541779000.0,,
U,revenue,2020-12-31,4,772445000.0,772445000.0,0.0
U,revenue,2021-12-31,4,1110526000.0,1110526000.0,0.0
U,revenue,2022-12-31,4,1391024000.0,1391024000.0,0.0
U,revenue,2023-12-31,4,2187317000.0,2187317000.0,0.0
U,revenue,2024-12-31,4,1813255000.0,1813255000.0,0.0
U,revenue,2025-12-31,4,1849648000.0,1849648000.0,0.0
U,net_income,2018-12-31,0,-131602000.0,,
U,net_income,2019-12-31,2,-163190000.0,,
U,net_income,2020-12-31,4,-282308000.0,-282308000.0,0.0
U,net_income,2021-12-31,4,-532607000.0,-532607000.0,0.0
U,net_income,2022-12-31,4,-921062000.0,-921062000.0,0.0
U,net_income,2023-12-31,4,-822011000.0,-822011000.0,0.0
U,net_income,2024-12-31,4,-664114000.0,-664114000.0,0.0
U,net_income,2025-12-31,4,-402765000.0,-402765000.0,0.0
U,ocf,2018-12-31,0,-81059000.0,,
U,ocf,2019-12-31,1,-67936000.0,,
U,ocf,2020-12-31,4,19913000.0,19913000.0,0.0
U,ocf,2021-12-31,4,-111449000.0,-111449000.0,0.0
U,ocf,2022-12-31,4,-59431000.0,-59431000.0,0.0
U,ocf,2023-12-31,4,234700000.0,234700000.0,0.0
U,ocf,2024-12-31,4,315553000.0,315553000.0,0.0
U,ocf,2025-12-31,4,422955000.0,422955000.0,0.0
UBER,revenue,2017-12-31,0,7932000000.0,,
UBER,revenue,2018-12-31,4,11270000000.0,11270000000.0,0.0
UBER,revenue,2019-12-31,4,14147000000.0,14147000000.0,0.0
UBER,revenue,2020-12-31,4,11139000000.0,11139000000.0,0.0
UBER,revenue,2021-12-31,4,17455000000.0,17455000000.0,0.0
UBER,revenue,2022-12-31,4,31877000000.0,31877000000.0,0.0
UBER,revenue,2023-12-31,4,37281000000.0,37281000000.0,0.0
UBER,revenue,2024-12-31,4,43978000000.0,43978000000.0,0.0
UBER,revenue,2025-12-31,4,52017000000.0,52017000000.0,0.0
UBER,net_income,2017-12-31,0,-4033000000.0,,
UBER,net_income,2018-12-31,4,997000000.0,997000000.0,0.0
UBER,net_income,2019-12-31,4,-8506000000.0,-8506000000.0,0.0
UBER,net_income,2020-12-31,4,-6768000000.0,-6769000000.0,0.00014775413711583924
UBER,net_income,2021-12-31,4,-496000000.0,-496000000.0,0.0
UBER,net_income,2022-12-31,4,-9141000000.0,-9142000000.0,0.0001093972213105787
UBER,net_income,2023-12-31,4,1887000000.0,1887000000.0,0.0
UBER,net_income,2024-12-31,4,9856000000.0,9856000000.0,0.0
UBER,net_income,2025-12-31,4,10053000000.0,10053000000.0,0.0
UBER,ocf,2017-12-31,0,-1418000000.0,,
UBER,ocf,2018-12-31,4,-1541000000.0,-1541000000.0,0.0
UBER,ocf,2019-12-31,4,-4321000000.0,-4321000000.0,0.0
UBER,ocf,2020-12-31,4,-2745000000.0,-2745000000.0,0.0
UBER,ocf,2021-12-31,4,-445000000.0,-445000000.0,0.0
UBER,ocf,2022-12-31,4,642000000.0,642000000.0,0.0
UBER,ocf,2023-12-31,4,3585000000.0,3585000000.0,0.0
UBER,ocf,2024-12-31,4,7137000000.0,7137000000.0,0.0
UBER,ocf,2025-12-31,4,10099000000.0,10099000000.0,0.0
UNH,revenue,2011-12-31,4,101862000000.0,101862000000.0,0.0
UNH,revenue,2012-12-31,4,110618000000.0,110618000000.0,0.0
UNH,revenue,2013-12-31,4,122489000000.0,122489000000.0,0.0
UNH,revenue,2014-12-31,4,130474000000.0,130474000000.0,0.0
UNH,revenue,2015-12-31,4,157107000000.0,157107000000.0,0.0
UNH,revenue,2016-12-31,4,184840000000.0,184840000000.0,0.0
UNH,revenue,2017-12-31,4,201159000000.0,201159000000.0,0.0
UNH,revenue,2018-12-31,4,226247000000.0,226247000000.0,0.0
UNH,revenue,2019-12-31,4,242155000000.0,242155000000.0,0.0
UNH,revenue,2020-12-31,4,257141000000.0,257141000000.0,0.0
UNH,revenue,2021-12-31,4,287597000000.0,287597000000.0,0.0
UNH,revenue,2022-12-31,4,324162000000.0,324162000000.0,0.0
UNH,revenue,2023-12-31,4,371622000000.0,371622000000.0,0.0
UNH,revenue,2024-12-31,4,400278000000.0,400278000000.0,0.0
UNH,revenue,2025-12-31,4,447567000000.0,447567000000.0,0.0
UNH,net_income,2011-12-31,4,5142000000.0,5142000000.0,0.0
UNH,net_income,2012-12-31,4,5526000000.0,5526000000.0,0.0
UNH,net_income,2013-12-31,4,5625000000.0,5625000000.0,0.0
UNH,net_income,2014-12-31,4,5619000000.0,5619000000.0,0.0
UNH,net_income,2015-12-31,4,5813000000.0,5813000000.0,0.0
UNH,net_income,2016-12-31,4,7017000000.0,7017000000.0,0.0
UNH,net_income,2017-12-31,4,10558000000.0,10558000000.0,0.0
UNH,net_income,2018-12-31,4,11986000000.0,11986000000.0,0.0
UNH,net_income,2019-12-31,4,13839000000.0,13839000000.0,0.0
UNH,net_income,2020-12-31,4,15403000000.0,15403000000.0,0.0
UNH,net_income,2021-12-31,4,17285000000.0,17285000000.0,0.0
UNH,net_income,2022-12-31,4,20120000000.0,20120000000.0,0.0
UNH,net_income,2023-12-31,4,22381000000.0,22381000000.0,0.0
UNH,net_income,2024-12-31,4,14405000000.0,14405000000.0,0.0
UNH,net_income,2025-12-31,4,12056000000.0,12056000000.0,0.0
UNH,ocf,2011-12-31,4,6968000000.0,6968000000.0,0.0
UNH,ocf,2012-12-31,4,7155000000.0,7155000000.0,0.0
UNH,ocf,2013-12-31,4,6991000000.0,6991000000.0,0.0
UNH,ocf,2014-12-31,4,8051000000.0,8051000000.0,0.0
UNH,ocf,2015-12-31,4,9740000000.0,9740000000.0,0.0
UNH,ocf,2016-12-31,4,9795000000.0,9795000000.0,0.0
UNH,ocf,2017-12-31,4,13596000000.0,13596000000.0,0.0
UNH,ocf,2018-12-31,4,15713000000.0,15713000000.0,0.0
UNH,ocf,2019-12-31,4,18463000000.0,18463000000.0,0.0
UNH,ocf,2020-12-31,4,22174000000.0,22174000000.0,0.0
UNH,ocf,2021-12-31,4,22343000000.0,22343000000.0,0.0
UNH,ocf,2022-12-31,4,26206000000.0,26206000000.0,0.0
UNH,ocf,2023-12-31,4,29068000000.0,29068000000.0,0.0
UNH,ocf,2024-12-31,4,24204000000.0,24204000000.0,0.0
UNH,ocf,2025-12-31,4,19697000000.0,19697000000.0,0.0
UNP,revenue,2019-12-31,4,21708000000.0,21708000000.0,0.0
UNP,revenue,2020-12-31,4,19533000000.0,19533000000.0,0.0
UNP,revenue,2021-12-31,4,21804000000.0,21804000000.0,0.0
UNP,revenue,2022-12-31,4,24875000000.0,24875000000.0,0.0
UNP,revenue,2023-12-31,4,24119000000.0,24119000000.0,0.0
UNP,revenue,2024-12-31,4,24250000000.0,24250000000.0,0.0
UNP,revenue,2025-12-31,4,24510000000.0,24510000000.0,0.0
UNP,net_income,2011-12-31,4,3292000000.0,3292000000.0,0.0
UNP,net_income,2012-12-31,4,3943000000.0,3943000000.0,0.0
UNP,net_income,2013-12-31,4,4388000000.0,4388000000.0,0.0
UNP,net_income,2014-12-31,4,5180000000.0,5180000000.0,0.0
UNP,net_income,2015-12-31,4,4772000000.0,4772000000.0,0.0
UNP,net_income,2016-12-31,4,4233000000.0,4233000000.0,0.0
UNP,net_income,2017-12-31,4,10712000000.0,10712000000.0,0.0
UNP,net_income,2018-12-31,4,5966000000.0,5966000000.0,0.0
UNP,net_income,2019-12-31,4,5919000000.0,5919000000.0,0.0
UNP,net_income,2020-12-31,4,5349000000.0,5349000000.0,0.0
UNP,net_income,2021-12-31,4,6523000000.0,6523000000.0,0.0
UNP,net_income,2022-12-31,4,6998000000.0,6998000000.0,0.0
UNP,net_income,2023-12-31,4,6379000000.0,6379000000.0,0.0
UNP,net_income,2024-12-31,4,6747000000.0,6747000000.0,0.0
UNP,net_income,2025-12-31,4,7138000000.0,7138000000.0,0.0
UNP,ocf,2011-12-31,4,5873000000.0,5873000000.0,0.0
UNP,ocf,2012-12-31,4,6161000000.0,6161000000.0,0.0
UNP,ocf,2017-12-31,0,7230000000.0,,
UNP,ocf,2018-12-31,2,8686000000.0,,
UNP,ocf,2019-12-31,4,8609000000.0,8609000000.0,0.0
UNP,ocf,2020-12-31,4,8540000000.0,8540000000.0,0.0
UNP,ocf,2021-12-31,4,9032000000.0,9032000000.0,0.0
UNP,ocf,2022-12-31,4,9362000000.0,9362000000.0,0.0
UNP,ocf,2023-12-31,4,8379000000.0,8379000000.0,0.0
UNP,ocf,2024-12-31,4,9346000000.0,9346000000.0,0.0
UNP,ocf,2025-12-31,4,9290000000.0,9290000000.0,0.0
UPST,revenue,2019-12-31,0,164189000.0,,
UPST,revenue,2020-12-31,4,233416000.0,233416000.0,0.0
UPST,revenue,2021-12-31,4,848589000.0,848589000.0,0.0
UPST,revenue,2022-12-31,4,842444000.0,842444000.0,0.0
UPST,revenue,2023-12-31,4,513562000.0,513562000.0,0.0
UPST,revenue,2024-12-31,4,636528000.0,636528000.0,0.0
UPST,revenue,2025-12-31,4,1043857000.0,1043857000.0,0.0
UPST,net_income,2019-12-31,0,-466000.0,,
UPST,net_income,2020-12-31,4,5983000.0,5983000.0,0.0
UPST,net_income,2021-12-31,4,135443000.0,135443000.0,0.0
UPST,net_income,2022-12-31,4,-108665000.0,-108665000.0,0.0
UPST,net_income,2023-12-31,4,-240132000.0,-240132000.0,0.0
UPST,net_income,2024-12-31,4,-128581000.0,-128581000.0,0.0
UPST,net_income,2025-12-31,4,53601000.0,53601000.0,0.0
UPST,ocf,2019-12-31,0,31582000.0,,
UPST,ocf,2020-12-31,4,15697000.0,15697000.0,0.0
UPST,ocf,2021-12-31,4,168353000.0,168353000.0,0.0
UPST,ocf,2022-12-31,4,-674681000.0,-674681000.0,0.0
UPST,ocf,2023-12-31,4,-160493000.0,-160493000.0,0.0
UPST,ocf,2024-12-31,4,186331000.0,186331000.0,0.0
UPST,ocf,2025-12-31,4,-147725000.0,-147725000.0,0.0
V,revenue,2019-09-30,4,22977000000.0,22977000000.0,0.0
V,revenue,2020-09-30,4,21846000000.0,21846000000.0,0.0
V,revenue,2021-09-30,4,24105000000.0,24105000000.0,0.0
V,revenue,2022-09-30,4,29310000000.0,29310000000.0,0.0
V,revenue,2023-09-30,4,32653000000.0,32653000000.0,0.0
V,revenue,2024-09-30,4,35926000000.0,35926000000.0,0.0
V,revenue,2025-09-30,4,40000000000.0,40000000000.0,0.0
V,net_income,2011-09-30,4,3650000000.0,3650000000.0,0.0
V,net_income,2012-09-30,4,2144000000.0,2144000000.0,0.0
V,net_income,2013-09-30,4,4980000000.0,4980000000.0,0.0
V,net_income,2014-09-30,4,5438000000.0,5438000000.0,0.0
V,net_income,2015-09-30,4,6328000000.0,6328000000.0,0.0
V,net_income,2016-09-30,4,5991000000.0,5991000000.0,0.0
V,net_income,2017-09-30,4,6699000000.0,6699000000.0,0.0
V,net_income,2018-09-30,4,10301000000.0,10301000000.0,0.0
V,net_income,2019-09-30,4,12080000000.0,12080000000.0,0.0
V,net_income,2020-09-30,4,10866000000.0,10866000000.0,0.0
V,net_income,2021-09-30,4,12311000000.0,12311000000.0,0.0
V,net_income,2022-09-30,4,14957000000.0,14957000000.0,0.0
V,net_income,2023-09-30,4,17273000000.0,17273000000.0,0.0
V,net_income,2024-09-30,4,19743000000.0,19743000000.0,0.0
V,net_income,2025-09-30,4,20058000000.0,20058000000.0,0.0
V,ocf,2011-09-30,4,3872000000.0,3872000000.0,0.0
V,ocf,2012-09-30,4,5009000000.0,5009000000.0,0.0
V,ocf,2013-09-30,4,3022000000.0,3022000000.0,0.0
V,ocf,2014-09-30,4,7205000000.0,7205000000.0,0.0
V,ocf,2015-09-30,4,6584000000.0,6584000000.0,0.0
V,ocf,2016-09-30,4,5574000000.0,5574000000.0,0.0
V,ocf,2017-09-30,4,9208000000.0,9208000000.0,0.0
V,ocf,2018-09-30,4,12713000000.0,12713000000.0,0.0
V,ocf,2019-09-30,4,12784000000.0,12784000000.0,0.0
V,ocf,2020-09-30,4,10440000000.0,10440000000.0,0.0
V,ocf,2021-09-30,4,15227000000.0,15227000000.0,0.0
V,ocf,2022-09-30,4,18849000000.0,18849000000.0,0.0
V,ocf,2023-09-30,4,20755000000.0,20755000000.0,0.0
V,ocf,2024-09-30,4,19950000000.0,19950000000.0,0.0
V,ocf,2025-09-30,4,23059000000.0,23059000000.0,0.0
VFC,revenue,2016-12-31,0,11026147000.0,,
VFC,revenue,2017-12-30,3,11811177000.0,,
VFC,revenue,2019-03-30,4,13848660000.0,13848660000.0,0.0
VFC,revenue,2020-03-28,4,10488556000.0,10488556000.0,0.0
VFC,revenue,2021-04-03,4,9238830000.0,9238830000.0,0.0
VFC,revenue,2022-04-02,4,11841840000.0,11841840000.0,0.0
VFC,revenue,2023-04-01,4,11612475000.0,11612475000.0,0.0
VFC,revenue,2024-03-30,4,10454667000.0,10454667000.0,0.0
VFC,revenue,2025-03-29,4,9504691000.0,9642932000.0,0.01454450228839633
VFC,revenue,2026-03-28,4,9605207000.0,9605207000.0,0.0
VFC,net_income,2011-01-01,4,571362000.0,571362000.0,0.0
VFC,net_income,2011-12-31,5,888089000.0,,
VFC,net_income,2012-12-29,4,1085999000.0,1085999000.0,0.0
VFC,net_income,2013-12-28,4,1210119000.0,1210119000.0,0.0
VFC,net_income,2015-01-03,4,1047505000.0,1047505000.0,0.0
VFC,net_income,2016-01-02,4,1231593000.0,1231593000.0,0.0
VFC,net_income,2016-12-31,4,1074106000.0,1074106000.0,0.0
VFC,net_income,2017-12-30,4,614923000.0,614923000.0,0.0
VFC,net_income,2019-03-30,4,1259792000.0,1259792000.0,0.0
VFC,net_income,2020-03-28,4,679449000.0,679449000.0,0.0
VFC,net_income,2021-04-03,4,407869000.0,407869000.0,0.0
VFC,net_income,2022-04-02,4,1386941000.0,1386941000.0,0.0
VFC,net_income,2023-04-01,4,118584000.0,118584000.0,0.0
VFC,net_income,2024-03-30,4,-968882000.0,-968882000.0,0.0
VFC,net_income,2025-03-29,4,-189716000.0,-189716000.0,0.0
VFC,net_income,2026-03-28,4,254920000.0,254920000.0,0.0
VFC,ocf,2011-01-01,4,1001282000.0,1001282000.0,0.0
VFC,ocf,2011-12-31,4,1081371000.0,1081371000.0,0.0
VFC,ocf,2012-12-29,4,1275000000.0,1275000000.0,0.0
VFC,ocf,2013-12-28,4,1506041000.0,1506041000.0,0.0
VFC,ocf,2015-01-03,1,1762066000.0,,
VFC,ocf,2016-01-02,2,1203430000.0,,
VFC,ocf,2016-12-31,4,1477919000.0,1477919000.0,0.0
VFC,ocf,2017-12-30,4,1474660000.0,1474660000.0,0.0
VFC,ocf,2019-03-30,4,1664223000.0,1664223000.0,0.0
VFC,ocf,2020-03-28,4,874527000.0,874527000.0,0.0
VFC,ocf,2021-04-03,4,1313225000.0,1313225000.0,0.0
VFC,ocf,2022-04-02,4,864288000.0,864288000.0,0.0
VFC,ocf,2023-04-01,4,-655795000.0,-655795000.0,0.0
VFC,ocf,2024-03-30,4,1014581000.0,1014581000.0,0.0
VFC,ocf,2025-03-29,4,465236000.0,465236000.0,0.0
VFC,ocf,2026-03-28,4,671274000.0,671274000.0,0.0
VRTX,revenue,2016-12-31,0,1702177000.0,,
VRTX,revenue,2017-12-31,4,2488652000.0,2488652000.0,0.0
VRTX,revenue,2018-12-31,4,3047597000.0,3047597000.0,0.0
VRTX,revenue,2019-12-31,4,4162821000.0,4162821000.0,0.0
VRTX,revenue,2020-12-31,4,6205683000.0,6205683000.0,0.0
VRTX,revenue,2021-12-31,4,7574400000.0,7574400000.0,0.0
VRTX,revenue,2022-12-31,4,8930700000.0,8930700000.0,0.0
VRTX,revenue,2023-12-31,4,9869200000.0,9869200000.0,0.0
VRTX,revenue,2024-12-31,4,11020100000.0,11020100000.0,0.0
VRTX,revenue,2025-12-31,4,12001300000.0,12001300000.0,0.0
VRTX,net_income,2011-12-31,4,29574000.0,29574000.0,0.0
VRTX,net_income,2012-12-31,4,-107032000.0,-107032000.0,0.0
VRTX,net_income,2013-12-31,4,-445028000.0,-445028000.0,0.0
VRTX,net_income,2014-12-31,4,-738555000.0,-738555000.0,0.0
VRTX,net_income,2015-12-31,4,-556334000.0,-556334000.0,0.0
VRTX,net_income,2016-12-31,4,-112052000.0,-112052000.0,0.0
VRTX,net_income,2017-12-31,4,263484000.0,263484000.0,0.0
VRTX,net_income,2018-12-31,4,2096896000.0,2096896000.0,0.0
VRTX,net_income,2019-12-31,4,1176810000.0,1176810000.0,0.0
VRTX,net_income,2020-12-31,4,2711647000.0,2711647000.0,0.0
VRTX,net_income,2021-12-31,4,2342100000.0,2342100000.0,0.0
VRTX,net_income,2022-12-31,4,3322000000.0,3322000000.0,0.0
VRTX,net_income,2023-12-31,4,3619600000.0,3619600000.0,0.0
VRTX,net_income,2024-12-31,4,-535600000.0,-535600000.0,0.0
VRTX,net_income,2025-12-31,4,3953200000.0,3953200000.0,0.0
VRTX,ocf,2011-12-31,2,143735000.0,,
VRTX,ocf,2012-12-31,4,267841000.0,267841000.0,0.0
VRTX,ocf,2013-12-31,4,-51570000.0,-51570000.0,0.0
VRTX,ocf,2014-12-31,4,-513199000.0,-513199000.0,0.0
VRTX,ocf,2015-12-31,4,-365432000.0,-365432000.0,0.0
VRTX,ocf,2016-12-31,4,236103000.0,236103000.0,0.0
VRTX,ocf,2017-12-31,4,844942000.0,844942000.0,0.0
VRTX,ocf,2018-12-31,4,1270286000.0,1270286000.0,0.0
VRTX,ocf,2019-12-31,4,1569330000.0,1569330000.0,0.0
VRTX,ocf,2020-12-31,4,3253505000.0,3253505000.0,0.0
VRTX,ocf,2021-12-31,4,2643500000.0,2643500000.0,0.0
VRTX,ocf,2022-12-31,4,4129900000.0,4129900000.0,0.0
VRTX,ocf,2023-12-31,4,3537300000.0,3537300000.0,0.0
VRTX,ocf,2024-12-31,4,-492600000.0,-492600000.0,0.0
VRTX,ocf,2025-12-31,4,3631400000.0,3631400000.0,0.0
VZ,revenue,2011-12-31,4,110875000000.0,110875000000.0,0.0
VZ,revenue,2012-12-31,4,115846000000.0,115846000000.0,0.0
VZ,revenue,2013-12-31,4,120550000000.0,120550000000.0,0.0
VZ,revenue,2014-12-31,4,127079000000.0,127079000000.0,0.0
VZ,revenue,2015-12-31,4,131620000000.0,131620000000.0,0.0
VZ,revenue,2016-12-31,4,125980000000.0,125980000000.0,0.0
VZ,revenue,2017-12-31,4,126034000000.0,126034000000.0,0.0
VZ,revenue,2018-12-31,4,130863000000.0,130863000000.0,0.0
VZ,revenue,2019-12-31,4,131868000000.0,131868000000.0,0.0
VZ,revenue,2020-12-31,4,128292000000.0,128292000000.0,0.0
VZ,revenue,2021-12-31,4,133613000000.0,133613000000.0,0.0
VZ,revenue,2022-12-31,4,136835000000.0,136835000000.0,0.0
VZ,revenue,2023-12-31,4,133974000000.0,133974000000.0,0.0
VZ,revenue,2024-12-31,4,134788000000.0,134788000000.0,0.0
VZ,revenue,2025-12-31,4,138191000000.0,138191000000.0,0.0
VZ,net_income,2011-12-31,4,2404000000.0,2404000000.0,0.0
VZ,net_income,2012-12-31,4,875000000.0,875000000.0,0.0
VZ,net_income,2013-12-31,4,11497000000.0,11497000000.0,0.0
VZ,net_income,2014-12-31,4,9625000000.0,9625000000.0,0.0
VZ,net_income,2015-12-31,4,17879000000.0,17879000000.0,0.0
VZ,net_income,2016-12-31,4,13127000000.0,13127000000.0,0.0
VZ,net_income,2017-12-31,4,30101000000.0,30101000000.0,0.0
VZ,net_income,2018-12-31,4,15528000000.0,15528000000.0,0.0
VZ,net_income,2019-12-31,4,19265000000.0,19265000000.0,0.0
VZ,net_income,2020-12-31,4,17801000000.0,17801000000.0,0.0
VZ,net_income,2021-12-31,4,22065000000.0,22065000000.0,0.0
VZ,net_income,2022-12-31,4,21256000000.0,21256000000.0,0.0
VZ,net_income,2023-12-31,4,11614000000.0,11614000000.0,0.0
VZ,net_income,2024-12-31,4,17506000000.0,17506000000.0,0.0
VZ,net_income,2025-12-31,4,17174000000.0,17174000000.0,0.0
VZ,ocf,2011-12-31,4,29780000000.0,29780000000.0,0.0
VZ,ocf,2012-12-31,4,31486000000.0,31486000000.0,0.0
VZ,ocf,2013-12-31,4,38818000000.0,38818000000.0,0.0
VZ,ocf,2014-12-31,4,30631000000.0,30631000000.0,0.0
VZ,ocf,2015-12-31,4,38930000000.0,38930000000.0,0.0
VZ,ocf,2016-12-31,4,22715000000.0,22715000000.0,0.0
VZ,ocf,2017-12-31,4,25305000000.0,25305000000.0,0.0
VZ,ocf,2018-12-31,4,34339000000.0,34339000000.0,0.0
VZ,ocf,2019-12-31,4,35746000000.0,35746000000.0,0.0
VZ,ocf,2020-12-31,4,41768000000.0,41768000000.0,0.0
VZ,ocf,2021-12-31,4,39539000000.0,39539000000.0,0.0
VZ,ocf,2022-12-31,4,37141000000.0,37141000000.0,0.0
VZ,ocf,2023-12-31,4,37475000000.0,37475000000.0,0.0
VZ,ocf,2024-12-31,4,36912000000.0,36912000000.0,0.0
VZ,ocf,2025-12-31,4,37137000000.0,37137000000.0,0.0
W,revenue,2016-12-31,0,3380360000.0,,
W,revenue,2017-12-31,3,4720895000.0,,
W,revenue,2018-12-31,4,6779174000.0,6779174000.0,0.0
W,revenue,2019-12-31,4,9127057000.0,9127057000.0,0.0
W,revenue,2020-12-31,4,14145156000.0,14145156000.0,0.0
W,revenue,2021-12-31,4,13708000000.0,13708000000.0,0.0
W,revenue,2022-12-31,4,12218000000.0,12218000000.0,0.0
W,revenue,2023-12-31,4,12003000000.0,12003000000.0,0.0
W,revenue,2024-12-31,4,11851000000.0,11851000000.0,0.0
W,revenue,2025-12-31,4,12457000000.0,12457000000.0,0.0
W,net_income,2012-12-31,0,-21055000.0,,
W,net_income,2013-12-31,2,-15526000.0,,
W,net_income,2014-12-31,4,-148098000.0,-148098000.0,0.0
W,net_income,2015-12-31,4,-77443000.0,-77443000.0,0.0
W,net_income,2016-12-31,4,-194375000.0,-194375000.0,0.0
W,net_income,2017-12-31,4,-244614000.0,-244614000.0,0.0
W,net_income,2018-12-31,4,-504080000.0,-504080000.0,0.0
W,net_income,2019-12-31,4,-984584000.0,-984584000.0,0.0
W,net_income,2020-12-31,4,184996000.0,184996000.0,0.0
W,net_income,2021-12-31,4,-131000000.0,-131000000.0,0.0
W,net_income,2022-12-31,4,-1331000000.0,-1331000000.0,0.0
W,net_income,2023-12-31,4,-738000000.0,-738000000.0,0.0
W,net_income,2024-12-31,4,-492000000.0,-492000000.0,0.0
W,net_income,2025-12-31,4,-313000000.0,-313000000.0,0.0
W,ocf,2015-12-31,0,135121000.0,,
W,ocf,2016-12-31,0,62814000.0,,
W,ocf,2017-12-31,4,33634000.0,33634000.0,0.0
W,ocf,2018-12-31,4,84861000.0,84861000.0,0.0
W,ocf,2019-12-31,4,-196818000.0,-196818000.0,0.0
W,ocf,2020-12-31,4,1416731000.0,1416731000.0,0.0
W,ocf,2021-12-31,4,410000000.0,410000000.0,0.0
W,ocf,2022-12-31,4,-674000000.0,-674000000.0,0.0
W,ocf,2023-12-31,4,349000000.0,349000000.0,0.0
W,ocf,2024-12-31,4,317000000.0,317000000.0,0.0
W,ocf,2025-12-31,4,534000000.0,534000000.0,0.0
WBD,revenue,2016-12-31,0,6497000000.0,,
WBD,revenue,2017-12-31,4,6873000000.0,6873000000.0,0.0
WBD,revenue,2018-12-31,4,10553000000.0,10553000000.0,0.0
WBD,revenue,2019-12-31,4,11144000000.0,11144000000.0,0.0
WBD,revenue,2020-12-31,4,10671000000.0,10671000000.0,0.0
WBD,revenue,2021-12-31,4,12191000000.0,12191000000.0,0.0
WBD,revenue,2022-12-31,4,33817000000.0,33817000000.0,0.0
WBD,revenue,2023-12-31,4,41321000000.0,41321000000.0,0.0
WBD,revenue,2024-12-31,4,39321000000.0,39321000000.0,0.0
WBD,revenue,2025-12-31,4,37296000000.0,37296000000.0,0.0
WBD,net_income,2011-12-31,4,1132000000.0,1132000000.0,0.0
WBD,net_income,2012-12-31,4,943000000.0,943000000.0,0.0
WBD,net_income,2013-12-31,4,1075000000.0,1075000000.0,0.0
WBD,net_income,2014-12-31,4,1139000000.0,1139000000.0,0.0
WBD,net_income,2015-12-31,4,1034000000.0,1034000000.0,0.0
WBD,net_income,2016-12-31,4,1194000000.0,1194000000.0,0.0
WBD,net_income,2017-12-31,4,-337000000.0,-337000000.0,0.0
WBD,net_income,2018-12-31,4,594000000.0,594000000.0,0.0
WBD,net_income,2019-12-31,4,2069000000.0,2069000000.0,0.0
WBD,net_income,2020-12-31,4,1219000000.0,1219000000.0,0.0
WBD,net_income,2021-12-31,4,1006000000.0,1006000000.0,0.0
WBD,net_income,2022-12-31,4,-7371000000.0,-7371000000.0,0.0
WBD,net_income,2023-12-31,4,-3126000000.0,-3126000000.0,0.0
WBD,net_income,2024-12-31,4,-11311000000.0,-11311000000.0,0.0
WBD,net_income,2025-12-31,4,727000000.0,727000000.0,0.0
WBD,ocf,2011-12-31,4,1100000000.0,1100000000.0,0.0
WBD,ocf,2012-12-31,4,1099000000.0,1099000000.0,0.0
WBD,ocf,2016-12-31,0,1380000000.0,,
WBD,ocf,2017-12-31,4,1629000000.0,1629000000.0,0.0
WBD,ocf,2018-12-31,4,2576000000.0,2576000000.0,0.0
WBD,ocf,2019-12-31,4,3399000000.0,3399000000.0,0.0
WBD,ocf,2020-12-31,4,2739000000.0,2739000000.0,0.0
WBD,ocf,2021-12-31,4,2798000000.0,2798000000.0,0.0
WBD,ocf,2022-12-31,4,4304000000.0,4304000000.0,0.0
WBD,ocf,2023-12-31,4,7477000000.0,7477000000.0,0.0
WBD,ocf,2024-12-31,4,5375000000.0,5375000000.0,0.0
WBD,ocf,2025-12-31,4,4319000000.0,4319000000.0,0.0
WFC,revenue,2018-12-31,0,86408000000.0,,
WFC,revenue,2019-12-31,0,85063000000.0,,
WFC,revenue,2020-12-31,4,72340000000.0,71884000000.0,0.006303566491567597
WFC,revenue,2021-12-31,4,78492000000.0,78023000000.0,0.005975131223564185
WFC,revenue,2022-12-31,4,73785000000.0,73785000000.0,0.0
WFC,revenue,2023-12-31,4,82597000000.0,82597000000.0,0.0
WFC,revenue,2024-12-31,4,82296000000.0,82296000000.0,0.0
WFC,revenue,2025-12-31,4,83699000000.0,83699000000.0,0.0
WFC,net_income,2011-12-31,4,15869000000.0,15869000000.0,0.0
WFC,net_income,2012-12-31,4,18897000000.0,18897000000.0,0.0
WFC,net_income,2013-12-31,4,21878000000.0,21878000000.0,0.0
WFC,net_income,2014-12-31,4,23057000000.0,23057000000.0,0.0
WFC,net_income,2015-12-31,4,22894000000.0,22894000000.0,0.0
WFC,net_income,2016-12-31,4,21938000000.0,21938000000.0,0.0
WFC,net_income,2017-12-31,4,22183000000.0,22183000000.0,0.0
WFC,net_income,2018-12-31,4,22393000000.0,22393000000.0,0.0
WFC,net_income,2019-12-31,4,19549000000.0,19549000000.0,0.0
WFC,net_income,2020-12-31,4,3301000000.0,3301000000.0,0.0
WFC,net_income,2021-12-31,4,21548000000.0,21654000000.0,0.004919250046408019
WFC,net_income,2022-12-31,4,13182000000.0,13182000000.0,0.0
WFC,net_income,2023-12-31,4,19142000000.0,19142000000.0,0.0
WFC,net_income,2024-12-31,4,19722000000.0,19722000000.0,0.0
WFC,net_income,2025-12-31,4,21338000000.0,21338000000.0,0.0
WFC,ocf,2011-12-31,4,13665000000.0,13665000000.0,0.0
WFC,ocf,2012-12-31,4,58540000000.0,58540000000.0,0.0
WFC,ocf,2013-12-31,4,57641000000.0,57641000000.0,0.0
WFC,ocf,2017-12-31,0,18619000000.0,,
WFC,ocf,2018-12-31,1,36073000000.0,,
WFC,ocf,2019-12-31,4,6730000000.0,6730000000.0,0.0
WFC,ocf,2020-12-31,4,2051000000.0,2051000000.0,0.0
WFC,ocf,2021-12-31,4,-11525000000.0,-11525000000.0,0.0
WFC,ocf,2022-12-31,4,27048000000.0,27048000000.0,0.0
WFC,ocf,2023-12-31,4,40358000000.0,40358000000.0,0.0
WFC,ocf,2024-12-31,4,3035000000.0,3035000000.0,0.0
WFC,ocf,2025-12-31,4,-19001000000.0,-19001000000.0,0.0
WMT,revenue,2011-01-31,4,421849000000.0,421886000000.0,8.770910918361783e-05
WMT,revenue,2012-01-31,4,446950000000.0,446950000000.0,0.0
WMT,revenue,2013-01-31,4,469162000000.0,469162000000.0,0.0
WMT,revenue,2014-01-31,4,476294000000.0,476526000000.0,0.0004870941057414118
WMT,revenue,2015-01-31,4,485651000000.0,485651000000.0,0.0
WMT,revenue,2016-01-31,4,482130000000.0,482130000000.0,0.0
WMT,revenue,2017-01-31,4,485873000000.0,485873000000.0,0.0
WMT,revenue,2018-01-31,4,500343000000.0,500343000000.0,0.0
WMT,revenue,2019-01-31,4,514405000000.0,514405000000.0,0.0
WMT,revenue,2020-01-31,4,523964000000.0,523964000000.0,0.0
WMT,revenue,2021-01-31,4,559151000000.0,559151000000.0,0.0
WMT,revenue,2022-01-31,4,572754000000.0,572754000000.0,0.0
WMT,revenue,2023-01-31,4,611289000000.0,611289000000.0,0.0
WMT,revenue,2024-01-31,4,648125000000.0,648125000000.0,0.0
WMT,revenue,2025-01-31,4,680985000000.0,680985000000.0,0.0
WMT,revenue,2026-01-31,4,713163000000.0,713163000000.0,0.0
WMT,net_income,2011-01-31,4,16389000000.0,16412000000.0,0.0014033803160656538
WMT,net_income,2012-01-31,4,15699000000.0,15699000000.0,0.0
WMT,net_income,2013-01-31,4,16999000000.0,16999000000.0,0.0
WMT,net_income,2014-01-31,4,16022000000.0,16022000000.0,0.0
WMT,net_income,2015-01-31,4,16363000000.0,16363000000.0,0.0
WMT,net_income,2016-01-31,4,14694000000.0,14694000000.0,0.0
WMT,net_income,2017-01-31,4,13643000000.0,13643000000.0,0.0
WMT,net_income,2018-01-31,4,9862000000.0,9862000000.0,0.0
WMT,net_income,2019-01-31,4,6670000000.0,6670000000.0,0.0
WMT,net_income,2020-01-31,4,14881000000.0,14881000000.0,0.0
WMT,net_income,2021-01-31,4,13510000000.0,13510000000.0,0.0
WMT,net_income,2022-01-31,4,13673000000.0,13673000000.0,0.0
WMT,net_income,2023-01-31,4,11680000000.0,11680000000.0,0.0
WMT,net_income,2024-01-31,4,15511000000.0,15511000000.0,0.0
WMT,net_income,2025-01-31,4,19436000000.0,19436000000.0,0.0
WMT,net_income,2026-01-31,4,21893000000.0,21893000000.0,0.0
WMT,ocf,2011-01-31,4,23643000000.0,23643000000.0,0.0
WMT,ocf,2012-01-31,4,24255000000.0,24255000000.0,0.0
WMT,ocf,2013-01-31,4,25591000000.0,25591000000.0,0.0
WMT,ocf,2014-01-31,4,23257000000.0,23257000000.0,0.0
WMT,ocf,2015-01-31,4,28564000000.0,28564000000.0,0.0
WMT,ocf,2016-01-31,4,27389000000.0,27389000000.0,0.0
WMT,ocf,2017-01-31,4,31530000000.0,31530000000.0,0.0
WMT,ocf,2018-01-31,4,28337000000.0,28337000000.0,0.0
WMT,ocf,2019-01-31,4,27753000000.0,27753000000.0,0.0
WMT,ocf,2020-01-31,4,25255000000.0,25255000000.0,0.0
WMT,ocf,2021-01-31,4,36074000000.0,36074000000.0,0.0
WMT,ocf,2022-01-31,4,24181000000.0,24181000000.0,0.0
WMT,ocf,2023-01-31,4,28841000000.0,28841000000.0,0.0
WMT,ocf,2024-01-31,4,35726000000.0,35726000000.0,0.0
WMT,ocf,2025-01-31,4,36443000000.0,36443000000.0,0.0
WMT,ocf,2026-01-31,4,41565000000.0,41565000000.0,0.0
WYNN,revenue,2017-12-31,0,6070160000.0,,
WYNN,revenue,2018-12-31,4,6717660000.0,6717660000.0,0.0
WYNN,revenue,2019-12-31,4,6611099000.0,6611099000.0,0.0
WYNN,revenue,2020-12-31,4,2095861000.0,2095861000.0,0.0
WYNN,revenue,2021-12-31,4,3763664000.0,3752765000.0,0.0028958483010173065
WYNN,revenue,2022-12-31,4,3756825000.0,3756825000.0,0.0
WYNN,revenue,2023-12-31,4,6531897000.0,6531897000.0,0.0
WYNN,revenue,2024-12-31,4,7127961000.0,7127961000.0,0.0
WYNN,revenue,2025-12-31,4,7137924000.0,7137924000.0,0.0
WYNN,net_income,2011-12-31,4,613371000.0,613371000.0,0.0
WYNN,net_income,2012-12-31,4,502036000.0,502036000.0,0.0
WYNN,net_income,2013-12-31,4,728652000.0,728652000.0,0.0
WYNN,net_income,2014-12-31,4,731554000.0,731554000.0,0.0
WYNN,net_income,2015-12-31,4,195290000.0,172846000.0,0.11492651953505044
WYNN,net_income,2016-12-31,4,241975000.0,241975000.0,0.0
WYNN,net_income,2017-12-31,4,747181000.0,747181000.0,0.0
WYNN,net_income,2018-12-31,4,572430000.0,572430000.0,0.0
WYNN,net_income,2019-12-31,4,122985000.0,122985000.0,0.0
WYNN,net_income,2020-12-31,4,-2067245000.0,-2067245000.0,0.0
WYNN,net_income,2021-12-31,4,-755786000.0,-755786000.0,0.0
WYNN,net_income,2022-12-31,4,-423856000.0,-423856000.0,0.0
WYNN,net_income,2023-12-31,4,729994000.0,729994000.0,0.0
WYNN,net_income,2024-12-31,4,501078000.0,501078000.0,0.0
WYNN,net_income,2025-12-31,4,327334000.0,327334000.0,0.0
WYNN,ocf,2011-12-31,4,1515835000.0,1515835000.0,0.0
WYNN,ocf,2012-12-31,4,1185718000.0,1185718000.0,0.0
WYNN,ocf,2013-12-31,4,1676642000.0,1676642000.0,0.0
WYNN,ocf,2014-12-31,4,1098317000.0,1098317000.0,0.0
WYNN,ocf,2015-12-31,4,572813000.0,572813000.0,0.0
WYNN,ocf,2016-12-31,4,970546000.0,970546000.0,0.0
WYNN,ocf,2017-12-31,4,1876577000.0,1876577000.0,0.0
WYNN,ocf,2018-12-31,4,961489000.0,961489000.0,0.0
WYNN,ocf,2019-12-31,4,901070000.0,901070000.0,0.0
WYNN,ocf,2020-12-31,4,-1072425000.0,-1072425000.0,0.0
WYNN,ocf,2021-12-31,4,-222591000.0,-222591000.0,0.0
WYNN,ocf,2022-12-31,4,-71272000.0,-71272000.0,0.0
WYNN,ocf,2023-12-31,4,1247879000.0,1247879000.0,0.0
WYNN,ocf,2024-12-31,4,1426203000.0,1426203000.0,0.0
WYNN,ocf,2025-12-31,4,1352653000.0,1352653000.0,0.0
XOM,revenue,2011-12-31,0,467029000000.0,,
XOM,revenue,2012-12-31,0,453123000000.0,,
XOM,revenue,2013-12-31,0,420836000000.0,,
XOM,revenue,2014-12-31,0,394105000000.0,,
XOM,revenue,2015-12-31,0,259488000000.0,,
XOM,revenue,2016-12-31,0,218608000000.0,,
XOM,revenue,2017-12-31,4,237162000000.0,237162000000.0,0.0
XOM,revenue,2018-12-31,4,279332000000.0,279332000000.0,0.0
XOM,revenue,2019-12-31,4,264938000000.0,261359000000.0,0.013508820931689678
XOM,revenue,2020-12-31,4,181502000000.0,181502000000.0,0.0
XOM,revenue,2021-12-31,4,285640000000.0,285640000000.0,0.0
XOM,revenue,2022-12-31,4,413680000000.0,413680000000.0,0.0
XOM,revenue,2023-12-31,4,344582000000.0,344582000000.0,0.0
XOM,revenue,2024-12-31,4,349585000000.0,349585000000.0,0.0
XOM,revenue,2025-12-31,4,332238000000.0,332238000000.0,0.0
XOM,net_income,2011-12-31,4,41060000000.0,41060000000.0,0.0
XOM,net_income,2012-12-31,4,44880000000.0,44880000000.0,0.0
XOM,net_income,2013-12-31,4,32580000000.0,32580000000.0,0.0
XOM,net_income,2014-12-31,4,32520000000.0,32520000000.0,0.0
XOM,net_income,2015-12-31,4,16150000000.0,16150000000.0,0.0
XOM,net_income,2016-12-31,4,7840000000.0,7840000000.0,0.0
XOM,net_income,2017-12-31,4,19710000000.0,19710000000.0,0.0
XOM,net_income,2018-12-31,4,20840000000.0,20840000000.0,0.0
XOM,net_income,2019-12-31,4,14340000000.0,14340000000.0,0.0
XOM,net_income,2020-12-31,4,-22440000000.0,-22440000000.0,0.0
XOM,net_income,2021-12-31,4,23040000000.0,23040000000.0,0.0
XOM,net_income,2022-12-31,4,55740000000.0,55740000000.0,0.0
XOM,net_income,2023-12-31,4,36010000000.0,36010000000.0,0.0
XOM,net_income,2024-12-31,4,33680000000.0,33680000000.0,0.0
XOM,net_income,2025-12-31,4,28844000000.0,28844000000.0,0.0
XOM,ocf,2011-12-31,4,55345000000.0,55345000000.0,0.0
XOM,ocf,2012-12-31,4,56170000000.0,56170000000.0,0.0
XOM,ocf,2015-12-31,0,30344000000.0,,
XOM,ocf,2016-12-31,1,22082000000.0,,
XOM,ocf,2017-12-31,4,30066000000.0,30066000000.0,0.0
XOM,ocf,2018-12-31,4,36014000000.0,36014000000.0,0.0
XOM,ocf,2019-12-31,4,29716000000.0,29716000000.0,0.0
XOM,ocf,2020-12-31,4,14668000000.0,14668000000.0,0.0
XOM,ocf,2021-12-31,4,48129000000.0,48129000000.0,0.0
XOM,ocf,2022-12-31,4,76797000000.0,76797000000.0,0.0
XOM,ocf,2023-12-31,4,55369000000.0,55369000000.0,0.0
XOM,ocf,2024-12-31,4,55022000000.0,55022000000.0,0.0
XOM,ocf,2025-12-31,4,51970000000.0,51970000000.0,0.0
ZM,revenue,2018-01-31,0,151478000.0,,
ZM,revenue,2019-01-31,4,330517000.0,330517000.0,0.0
ZM,revenue,2020-01-31,4,622658000.0,622658000.0,0.0
ZM,revenue,2021-01-31,4,2651368000.0,2651368000.0,0.0
ZM,revenue,2022-01-31,4,4099864000.0,4099864000.0,0.0
ZM,revenue,2023-01-31,4,4392960000.0,4392960000.0,0.0
ZM,revenue,2024-01-31,4,4527224000.0,4527224000.0,0.0
ZM,revenue,2025-01-31,4,4665433000.0,4665433000.0,0.0
ZM,revenue,2026-01-31,4,4868769000.0,4868769000.0,0.0
ZM,net_income,2018-01-31,0,-3822000.0,,
ZM,net_income,2019-01-31,4,7584000.0,7584000.0,0.0
ZM,net_income,2020-01-31,4,25305000.0,25305000.0,0.0
ZM,net_income,2021-01-31,4,672316000.0,672316000.0,0.0
ZM,net_income,2022-01-31,4,1375639000.0,1375639000.0,0.0
ZM,net_income,2023-01-31,4,103711000.0,103711000.0,0.0
ZM,net_income,2024-01-31,4,637462000.0,637462000.0,0.0
ZM,net_income,2025-01-31,4,1010238000.0,1010238000.0,0.0
ZM,net_income,2026-01-31,4,1900148000.0,1900148000.0,0.0
ZM,ocf,2018-01-31,0,19426000.0,,
ZM,ocf,2019-01-31,4,51332000.0,51332000.0,0.0
ZM,ocf,2020-01-31,4,151892000.0,151892000.0,0.0
ZM,ocf,2021-01-31,4,1471177000.0,1471177000.0,0.0
ZM,ocf,2022-01-31,4,1605266000.0,1605266000.0,0.0
ZM,ocf,2023-01-31,4,1290262000.0,1290262000.0,0.0
ZM,ocf,2024-01-31,4,1598836000.0,1598836000.0,0.0
ZM,ocf,2025-01-31,4,1945308000.0,1945308000.0,0.0
ZM,ocf,2026-01-31,4,1989048000.0,1989048000.0,0.0
ZS,revenue,2016-07-31,0,80325000.0,,
ZS,revenue,2017-07-31,2,125717000.0,,
ZS,revenue,2018-07-31,4,190174000.0,190174000.0,0.0
ZS,revenue,2019-07-31,4,302836000.0,302836000.0,0.0
ZS,revenue,2020-07-31,4,431269000.0,431269000.0,0.0
ZS,revenue,2021-07-31,4,673100000.0,673100000.0,0.0
ZS,revenue,2022-07-31,4,1090946000.0,1090946000.0,0.0
ZS,revenue,2023-07-31,4,1616952000.0,1616952000.0,0.0
ZS,revenue,2024-07-31,4,2167771000.0,2167771000.0,0.0
ZS,revenue,2025-07-31,4,2673115000.0,2673115000.0,0.0
ZS,revenue,2026-07-31,4,3352523000.0,3352523000.0,0.0
ZS,net_income,2016-07-31,0,-27438000.0,,
ZS,net_income,2017-07-31,2,-35460000.0,,
ZS,net_income,2018-07-31,4,-33646000.0,-33646000.0,0.0
ZS,net_income,2019-07-31,4,-28655000.0,-28655000.0,0.0
ZS,net_income,2020-07-31,4,-115116000.0,-115116000.0,0.0
ZS,net_income,2021-07-31,4,-262029000.0,-262029000.0,0.0
ZS,net_income,2022-07-31,4,-390278000.0,-390278000.0,0.0
ZS,net_income,2023-07-31,4,-202335000.0,-202335000.0,0.0
ZS,net_income,2024-07-31,4,-57706000.0,-57706000.0,0.0
ZS,net_income,2025-07-31,4,-41478000.0,-41478000.0,0.0
ZS,net_income,2026-07-31,4,-63179000.0,-63179000.0,0.0
ZS,ocf,2016-07-31,0,-11916000.0,,
ZS,ocf,2017-07-31,1,-6019000.0,,
ZS,ocf,2018-07-31,4,17307000.0,17307000.0,0.0
ZS,ocf,2019-07-31,4,58027000.0,58027000.0,0.0
ZS,ocf,2020-07-31,4,79317000.0,79317000.0,0.0
ZS,ocf,2021-07-31,4,202040000.0,202040000.0,0.0
ZS,ocf,2022-07-31,4,321912000.0,321912000.0,0.0
ZS,ocf,2023-07-31,4,462343000.0,462343000.0,0.0
ZS,ocf,2024-07-31,4,779846000.0,779846000.0,0.0
ZS,ocf,2025-07-31,4,972453000.0,972453000.0,0.0
ZS,ocf,2026-07-31,4,1129654000.0,1129654000.0,0.0
