date,ticker,universe,score,quality,value,timing,n_flags,rank,quintile,n_eligible,fwd63,fwd252,spy63,spy252,x63,x252,e63,e252
2013-04-01,AAPL,top100,88.89374454235134,91.12107191054558,95.5449710248472,60.0,1,1,1,66,-0.039591639204479945,0.2830410434862767,0.03949867285358977,0.22255570480150655,-0.07909031205806971,0.06048533868477013,-0.09355059377969815,0.0029506175655976685
2013-04-01,BKNG,top100,82.37091485861603,93.92808945440524,52.88637888615522,60.43976463301331,0,2,1,66,0.20836284241234426,0.7130763444214081,0.03949867285358977,0.22255570480150655,0.1688641695587545,0.49052063961990156,0.15440388783712605,0.4329859185007291
2013-04-01,MA,top100,72.97313672808757,90.74224021592443,20.999695142884853,52.53629548363503,0,3,1,66,0.08680917885609452,0.396558231723932,0.03949867285358977,0.22255570480150655,0.04731050600250475,0.17400252692242546,0.0328502242808763,0.116467805803253
2013-04-01,KLAC,top100,72.26101157073893,69.88239830345094,81.1764705882353,71.0803864067621,0,4,1,66,0.07982902759444332,0.380256458608335,0.03949867285358977,0.22255570480150655,0.04033035474085356,0.15770075380682846,0.025870073019225108,0.100166032687656
2013-04-01,GILD,top100,70.94708796384013,90.18989782147676,11.539269553975437,55.06305578011317,1,5,1,66,0.07649068464446795,0.4768672466936943,0.03949867285358977,0.22255570480150655,0.03699201179087819,0.25431154189218774,0.022531730069249738,0.19677682077301528
2013-04-01,QCOM,top100,70.69176889502216,77.96510507036824,56.469397475589425,48.2231585064652,0,6,1,66,-0.07124289851782828,0.21924400725480653,0.03949867285358977,0.22255570480150655,-0.11074157137141805,-0.003311697546700021,-0.1252018530930465,-0.06084641866587248
2013-04-01,ORCL,top100,69.92278633418975,67.13803740119529,79.09593938878012,71.06972275597036,0,7,1,66,-0.07096687163461002,0.2757249757373412,0.03949867285358977,0.22255570480150655,-0.11046554448819979,0.05316927093583468,-0.12492582620982823,-0.004365450183337782
2013-04-01,ABT,top100,69.15738320343284,64.52284557547716,95.37206685953069,49.16977928692701,0,8,1,66,-0.004169672167346206,0.11001972589833797,0.03949867285358977,0.22255570480150655,-0.04366834502093597,-0.11253597890316858,-0.05812862674256442,-0.17007070002234104
2013-04-01,ACN,top100,69.07322343751248,77.11008289955659,47.654291224686595,55.653071628855464,0,9,1,66,-0.03922818814647444,0.0763930699968205,0.03949867285358977,0.22255570480150655,-0.07872686100006421,-0.14616263480468605,-0.09318714272169265,-0.20369735592385851
2013-04-01,AMGN,top100,68.48447522884751,83.61095045305572,33.753731945453076,32.06063522617903,1,10,1,66,-0.04290280606472052,0.22747227879610787,0.03949867285358977,0.22255570480150655,-0.08240147891831029,0.004916573994601325,-0.09686176063993873,-0.052618147124571135
2013-04-01,IBM,top100,68.44426376810884,70.14362830152304,70.58823529411765,52.260768982191856,0,11,1,66,-0.0951280466725356,-0.07489404043996006,0.03949867285358977,0.22255570480150655,-0.13462671952612537,-0.2974497452414666,-0.14908700124775381,-0.3549844663606391
2013-04-01,INTU,top100,67.83715086184209,78.97917871602081,33.42015489581413,58.67694781464699,0,12,1,66,-0.027388455796981237,0.20685782606291814,0.03949867285358977,0.22255570480150655,-0.066887128650571,-0.01569787873858841,-0.08134741037219945,-0.07323259985776087
2013-04-01,TJX,top100,66.27480068268355,77.49084249084248,34.66386554621849,50.984378298501156,1,13,1,66,0.07920503823110292,0.3067477768754183,0.03949867285358977,0.22255570480150655,0.03970636537751315,0.08419207207391177,0.025246083655884703,0.02665735095473931
2013-04-01,DHR,top100,64.99475015718888,70.27954501638712,52.730524642289346,52.52963717260024,0,14,1,66,0.04751551551551536,0.2167447447447448,0.03949867285358977,0.22255570480150655,0.008016842661925594,-0.005810960056761738,-0.006443439059702856,-0.0633456811759342
2013-04-01,CMCSA,top100,64.8139320795373,72.86099865047234,42.939178388746804,52.23397346457293,0,15,2,66,-0.012787235396878094,0.2304743583396398,0.03949867285358977,0.22255570480150655,-0.05228590825046786,0.007918653538133258,-0.0667461899720963,-0.0496160675810392
2013-04-01,SBUX,top100,64.40662745198792,79.20859841912474,16.52884924461588,56.54838709677419,1,16,2,66,0.16868858758302685,0.30745549029294983,0.03949867285358977,0.22255570480150655,0.12918991472943708,0.08489978549144328,0.11472963300780864,0.02736506437227082
2013-04-01,TMUS,top100,63.64095930534256,55.026990553306334,81.76470588235296,87.69124741557545,0,17,2,66,0.29540324294518694,0.8038437458716492,0.03949867285358977,0.22255570480150655,0.25590457009159717,0.5812880410701426,0.24144428836996873,0.5237533199509702
2013-04-01,GOOGL,top100,63.294946295543234,74.04954694428378,27.729138166894664,59.144358011656564,1,18,2,66,0.10820309353097546,0.39106682510271495,0.03949867285358977,0.22255570480150655,0.06870442067738569,0.1685111203012084,0.05424413895575724,0.11097639918203595
2013-04-01,PFE,top100,62.32132554873166,64.64333911702332,60.64705882352941,49.41576402109453,1,19,2,66,-0.028723859408020136,0.1504583111848672,0.03949867285358977,0.22255570480150655,-0.0682225322616099,-0.07209739361663936,-0.08268281398323835,-0.12963211473581182
2013-04-01,UNP,top100,62.12942013766992,71.75534991324464,32.97540396402133,53.055944055944074,0,20,2,66,0.11422437752774539,0.3658603438691994,0.03949867285358977,0.22255570480150655,0.07472570467415562,0.14330463906769286,0.060265422952527174,0.0857699179485204
2013-04-01,COP,top100,61.24048822235344,51.360131096973205,99.41176470588235,54.06043513295729,2,21,2,66,0.022898811276599096,0.21244620781220136,0.03949867285358977,0.22255570480150655,-0.01659986157699067,-0.010109496989305189,-0.03106014329861912,-0.06764421810847765
2013-04-01,CB,top100,61.08990472088958,64.17389627915944,55.668994130189446,50.343784994400885,0,22,2,66,0.012063695616538084,0.14337316364469843,0.03949867285358977,0.22255570480150655,-0.027434977237051683,-0.07918254115680812,-0.04189525895868013,-0.13671726227598058
2013-04-01,LLY,top100,60.34020467093016,68.34297281665702,37.42106106747876,50.15911485774498,1,23,2,66,-0.10615381433538384,0.07863296572992517,0.03949867285358977,0.22255570480150655,-0.1456524871889736,-0.14392273907158137,-0.16011276891060205,-0.20145746019075383
2013-04-01,UNH,top100,59.869839190574226,65.07422402159244,58.6593707250342,25.86008230452675,0,24,2,66,0.11784171630080809,0.4121792059662206,0.03949867285358977,0.22255570480150655,0.07834304344721832,0.18962350116471405,0.06388276172558988,0.1320887800455416
2013-04-01,CSCO,top100,59.446554902840475,57.4146905725853,66.54932839277444,59.46405823475889,0,25,2,66,0.18624185268500892,0.10905866066793557,0.03949867285358977,0.22255570480150655,0.14674317983141916,-0.11349704413357098,0.13228289810979071,-0.17103176525274344
2013-04-01,HD,top100,59.368356092138214,71.08636977058029,21.04823363944734,53.98250524842547,1,26,2,66,0.10881326833570903,0.1596897912253208,0.03949867285358977,0.22255570480150655,0.06931459548211927,-0.06286591357618576,0.05485431376049082,-0.12040063469535822
2013-04-01,COST,top100,57.985731488300296,65.79332947754,33.98443468296409,51.335139174294795,0,27,2,66,0.046575460891741916,0.06674375211624772,0.03949867285358977,0.22255570480150655,0.007076788038152149,-0.15581195268525883,-0.007383493683476301,-0.21334667380443129
2013-04-01,HON,top100,57.759796823870765,64.3358395989975,37.24906471384223,52.748961618040724,0,28,3,66,0.08616102446491825,0.2732301863913069,0.03949867285358977,0.22255570480150655,0.04666235161132848,0.05067448158980037,0.03220206988970003,-0.006860239529372092
2013-04-01,FISV,top100,57.407965089911684,66.33699633699635,29.246575342465757,51.2275258552108,1,29,3,66,0.0032180209171359664,0.3030686128031259,0.03949867285358977,0.22255570480150655,-0.0362806519364538,0.08051290800161937,-0.05074093365808225,0.022978186882446905
2013-04-01,PM,top100,56.40640894208363,64.73756506651243,34.016380214637294,42.86837352597471,1,30,3,66,-0.04725977948981197,-0.07865722343682569,0.03949867285358977,0.22255570480150655,-0.08675845234340174,-0.30121292823833223,-0.10121873406503018,-0.3587476493575047
2013-04-01,ADP,top100,56.054574407627285,65.49836128783497,25.76164309521665,50.53392887099479,0,31,3,66,0.0806476849766482,0.22429055735994896,0.03949867285358977,0.22255570480150655,0.04114901212305844,0.0017348525584424124,0.026688730401429987,-0.05579986856073005
2013-04-01,DE,top100,56.03353054534707,49.817813765182194,70.30112044817928,71.0083682008368,1,32,3,66,-0.03836253761916475,0.09277441716575252,0.03949867285358977,0.22255570480150655,-0.07786121047275452,-0.12978128763575403,-0.09232149219438296,-0.1873160087549265
2013-04-01,JPM,top100,55.50857796356618,49.29920956236746,74.27997007503504,61.4313725490196,0,33,3,66,0.10428849319168032,0.30449199461319765,0.03949867285358977,0.22255570480150655,0.06478982033809055,0.0819362898116911,0.050329538616462104,0.024401568692518638
2013-04-01,BX,top100,53.58603076598864,62.19274146905726,17.647058823529413,65.21699972942679,0,34,3,66,0.09910513179521518,0.8058582415129565,0.03949867285358977,0.22255570480150655,0.05960645894162542,0.5833025367114499,0.04514617721999697,0.5257678155922775
2013-04-01,NEE,top100,53.118175634995836,60.178330441488335,40.068212824010914,29.7970176115182,1,35,3,66,0.044596759836211586,0.2749762625363479,0.03949867285358977,0.22255570480150655,0.005098086982621819,0.05242055773484133,-0.009362194739006631,-0.005114163384331127
2013-04-01,SYK,top100,51.96464299676471,56.35627530364373,35.700280112044815,53.75194261805141,1,36,3,66,-0.009731844778691157,0.26697059984923,0.03949867285358977,0.22255570480150655,-0.049230517632280923,0.044414895047723446,-0.06369079935390937,-0.013119826071449014
2013-04-01,TMO,top100,51.52908275781258,56.684017736649324,31.53505237711523,55.432598667350085,1,37,3,66,0.145290385486335,0.6016955138548219,0.03949867285358977,0.22255570480150655,0.10579171263274523,0.37913980905331535,0.09133143091111678,0.3216050879341429
2013-04-01,SCHW,top100,51.17546273234273,50.179294389820704,50.515323101048935,59.46892039258451,0,38,3,66,0.23439517137430643,0.5902021615264514,0.03949867285358977,0.22255570480150655,0.19489649852071667,0.3676464567249449,0.18043621679908822,0.31011173560577243
2013-04-01,VZ,top100,51.13230554857326,57.697127433969534,28.47546355498721,50.49223633797138,3,39,3,66,0.03390402602684017,0.008552257015046694,0.03949867285358977,0.22255570480150655,-0.005594646826749594,-0.21400344778645985,-0.020054928548378044,-0.2715381689056323
2013-04-01,CAT,top100,50.943743794342154,41.47580489685753,70.31859401332157,78.46961563877566,0,40,3,66,-0.027892658049422647,0.1918894800124642,0.03949867285358977,0.22255570480150655,-0.06739133090301241,-0.03066622478904235,-0.08185161262464086,-0.08820094590821481
2013-04-01,ADBE,top100,50.66287553344672,57.56795835743204,26.412864211105003,50.827318410232984,0,41,4,66,0.06592899953895803,0.515444905486399,0.03949867285358977,0.22255570480150655,0.026430326685368266,0.29288920068489244,0.011970044963739816,0.23535447956571998
2013-04-01,ADI,top100,50.640416041653616,58.86061307113939,18.755092064526643,56.86968478950712,1,42,4,66,0.0066462092912369375,0.2047716974453635,0.03949867285358977,0.22255570480150655,-0.03285246356235283,-0.01778400735614305,-0.04731274528398128,-0.07531872847531551
2013-04-01,CVX,top100,50.53120122121473,51.80065548486601,45.24956580835158,52.20829220138204,0,43,4,66,0.0035968855271799605,0.027979351916998185,0.03949867285358977,0.22255570480150655,-0.035901787326409806,-0.19457635288450836,-0.050362069048038256,-0.2521110740036808
2013-04-01,DIS,top100,50.15397490539891,57.799305957200694,22.01796261833482,52.90868211691458,1,44,4,66,0.12771199109828513,0.4298539662463301,0.03949867285358977,0.22255570480150655,0.08821331824469536,0.20729826144482355,0.07375303652306692,0.1497635403256511
2013-04-01,BMY,top100,49.85522696976111,59.848660111818006,24.77390956382553,30.063829787234027,3,45,4,66,0.09867460513092774,0.3018297654487192,0.03949867285358977,0.22255570480150655,0.05917593227733797,0.07927406064721265,0.04471565055570952,0.02173933952804019
2013-04-01,PGR,top100,49.80483783066438,54.545016387121656,33.34082407577987,49.55161544523248,1,46,4,66,0.011064309096669112,0.018233230473195805,0.03949867285358977,0.22255570480150655,-0.028434363756920655,-0.20432247432831074,-0.042894645478549105,-0.2618571954474832
2013-04-01,RTX,top100,49.27797924037266,50.92153460574513,42.51554280248685,51.297964558536925,0,47,4,66,0.025304542097746907,0.28457242965071705,0.03949867285358977,0.22255570480150655,-0.01419413075584286,0.0620167248492105,-0.02865441247747131,0.004482003730038042
2013-04-01,T,top100,49.05672410835207,52.269134374397524,38.894037066881545,46.89522632897492,0,48,4,66,-0.037255598357147424,0.007549472265479196,0.03949867285358977,0.22255570480150655,-0.07675427121073719,-0.21500623253602735,-0.09121455293236563,-0.2725409536551998
2013-04-01,LOW,top100,48.70442903002217,52.68170426065162,28.48310369956107,61.30615307653824,1,49,4,66,0.09896336075045875,0.3240704234926246,0.03949867285358977,0.22255570480150655,0.059464687896868984,0.10151471869111806,0.045004406175240534,0.043979997571945595
2013-04-01,WMT,top100,48.39596477122812,54.94119915172547,36.88898094449047,25.593291761221963,1,50,4,66,-0.005207153010980958,0.038149735264426665,0.03949867285358977,0.22255570480150655,-0.044705825864570725,-0.18440596953707988,-0.059166107586199175,-0.24194069065625234
2013-04-01,SPGI,top100,48.31751633187548,56.8074031231926,6.201005874293752,73.12132970781913,3,51,4,66,0.05415444307750539,0.5061322986656571,0.03949867285358977,0.22255570480150655,0.01465577022391562,0.2835765938641506,0.0001954885022871708,0.2260418727449781
2013-04-01,MSFT,top100,47.34301898565215,42.63639868903026,54.99912334531429,64.97715234268117,2,52,4,66,0.20939591500790566,0.4749204011349608,0.03949867285358977,0.22255570480150655,0.1698972421543159,0.25236469633345426,0.15543696043268745,0.1948299752142818
2013-04-01,INTC,top100,46.77685188937802,32.391555812608445,79.58470427734532,81.85821965083052,0,53,4,66,0.1252888997921211,0.25093287195444747,0.03949867285358977,0.22255570480150655,0.08579022693853133,0.02837716715294092,0.07132994521690289,-0.029157553966231542
2013-04-01,PEP,top100,46.626725450080855,52.29805282436862,25.37598544572468,49.428913838778854,1,54,5,66,0.04443509658851896,0.0855373230067018,0.03949867285358977,0.22255570480150655,0.004936423734929196,-0.13701838179480474,-0.009523857986699254,-0.1945531029139772
2013-04-01,GE,top100,46.04419927924714,46.40350877192983,39.877753570564025,55.86192424783458,0,55,5,66,0.019342462054299903,0.15867322254351524,0.03949867285358977,0.22255570480150655,-0.020156210799289864,-0.06388248225799131,-0.034616492520918314,-0.12141720337716377
2013-04-01,PG,top100,45.931628878894465,51.05841526894158,26.2610127258165,49.3853564547206,1,56,5,66,0.011496161969239083,0.06902981905482708,0.03949867285358977,0.22255570480150655,-0.028002510884350684,-0.15352588574667947,-0.042462792605979134,-0.21106060686585193
2013-04-01,C,top100,43.10056495768595,36.91150954308849,53.194010502812006,66.23706176961603,3,57,5,66,0.10208795010612737,0.08789400357186272,0.03949867285358977,0.22255570480150655,0.0625892772525376,-0.13466170122964383,0.04812899553090915,-0.1921964223488163
2013-04-01,MCD,top100,43.05490190278253,46.34470792365529,27.83642224012893,50.46321908198037,1,58,5,66,0.01566854773695736,0.022513820108257532,0.03949867285358977,0.22255570480150655,-0.023830125116632406,-0.20004188469324902,-0.038290406838260856,-0.2575766058124215
2013-04-01,NVDA,top100,41.8196393597989,31.82475419317525,61.18383375603371,73.05544673369478,0,59,5,66,0.14181438998957252,0.47236704900938453,0.03949867285358977,0.22255570480150655,0.10231571713598275,0.24981134420787798,0.08785543541435431,0.19227662308870552
2013-04-01,AMAT,top100,39.16880707311818,39.27221900906112,29.38805225060321,58.006433166547545,4,60,5,66,0.11677557962581697,0.5662250469966881,0.03949867285358977,0.22255570480150655,0.0772769067722272,0.3436693421951815,0.06281662505059876,0.28613462107600907
2013-04-01,LMT,top100,37.77012922387148,38.692886061307114,27.27941176470588,52.29226628015322,2,61,5,66,0.14979514891776335,0.7844914462593775,0.03949867285358977,0.22255570480150655,0.11029647606417359,0.561935741457871,0.09583619434254514,0.5044010203386985
2013-04-01,TXN,top100,36.74022637256325,37.70194717563139,25.22920339798045,53.03022670025188,1,62,5,66,0.008678185335351696,0.38713615759320574,0.03949867285358977,0.22255570480150655,-0.03082048751823807,0.1645804527916992,-0.04528076923986652,0.10704573167252673
2013-04-01,BAC,top100,36.716124115635125,29.32427221900906,50.3405673479654,61.21020092735702,1,63,5,66,0.06499515993489835,0.4194581254587424,0.03949867285358977,0.22255570480150655,0.025496487081308583,0.19690242065723584,0.011036205359680133,0.13936769953806338
2013-04-01,MS,top100,32.49393944702626,25.12724117987276,38.540903984203524,71.9668982427462,4,64,5,66,0.13792571053613467,0.4499375989089458,0.03949867285358977,0.22255570480150655,0.0984270376825449,0.22738189410743925,0.08396675596091646,0.1698471729882668
2013-04-01,LRCX,top100,30.352697133845595,22.38288027761712,43.529411764705884,59.787985865724366,3,65,5,66,0.08360778875599473,0.34806725602357425,0.03949867285358977,0.22255570480150655,0.04410911590240496,0.1255115512220677,0.02964883418077651,0.06797683010289524
2013-04-01,MDLZ,top100,21.632589125099837,12.687487950645846,30.503106592431212,66.50726241161505,1,66,5,66,-0.048841373361389606,0.14546111989683674,0.03949867285358977,0.22255570480150655,-0.08834004621497937,-0.0770945849046698,-0.10280032793660782,-0.13462930602384227
2013-07-01,BKNG,top100,76.35321471564782,93.34577791605092,29.776933567114746,50.557834609892275,0,1,1,63,0.23496114449873517,0.48296218914839817,0.05456963714784968,0.24505407116078537,0.1803915073508855,0.2379081179876128,0.1657710259009516,0.22622579482525013
2013-07-01,QCOM,top100,74.41953089152479,77.77436415960179,72.94210037838224,53.89055904127086,0,2,1,63,0.11295845014652084,0.33421770609841217,0.05456963714784968,0.24505407116078537,0.05838881299867116,0.0891636349376268,0.04376833154873726,0.07748131177526413
2013-07-01,GILD,top100,73.80181898506005,90.70739674885277,15.99290316962731,71.08060626937652,1,3,1,63,0.21587495027970305,0.6513062685657702,0.05456963714784968,0.24505407116078537,0.16130531313185337,0.40625219740498486,0.14668483168191948,0.3945698742426222
2013-07-01,MA,top100,72.98491867083769,91.32482953514298,19.321201275516415,51.93297741134333,0,4,1,63,0.16336089382154761,0.3012673367356793,0.05456963714784968,0.24505407116078537,0.10879125667369793,0.05621326557489392,0.09417077522376403,0.04453094241253125
2013-07-01,AMGN,top100,72.47980858762264,80.23489149879444,41.88770999115827,79.37842540234885,0,5,1,63,0.1804432057643941,0.2578549621253543,0.05456963714784968,0.24505407116078537,0.12587356861654442,0.012800890964568934,0.11125308716661052,0.0011185678022062606
2013-07-01,INTU,top100,72.22226375626965,78.07303414482382,60.166764908144216,55.377868732641424,0,6,1,63,0.05512388707694704,0.30081786077181616,0.05456963714784968,0.24505407116078537,0.0005542499290973613,0.05576378961103079,-0.014066231520836539,0.044081466448668116
2013-07-01,ACN,top100,71.32623259092722,73.21536905965623,63.081107814045495,74.59252686358766,0,7,1,63,0.02385541702092442,0.15557245431613698,0.05456963714784968,0.24505407116078537,-0.030714220126925262,-0.08948161684464839,-0.04533470157685916,-0.10116394000701107
2013-07-01,KLAC,top100,70.47703191932193,70.32446656814706,81.60919540229885,49.2806624115922,0,8,1,63,0.11170615286105123,0.3605855986960824,0.05456963714784968,0.24505407116078537,0.05713651571320155,0.11553152753529705,0.04251603426326765,0.10384920437293438
2013-07-01,ORCL,top100,70.08860684509379,66.69777812346062,88.59671157798584,56.80819843074184,0,9,1,63,0.11683848797250862,0.37255376474194546,0.05456963714784968,0.24505407116078537,0.06226885082465894,0.1274996935811601,0.04764836937472504,0.11581737041879742
2013-07-01,AAPL,top100,67.3686629037288,60.201057789531,94.85899907189263,62.56122636678578,0,10,1,63,0.20028794241151782,0.638488302339532,0.05456963714784968,0.24505407116078537,0.14571830526366814,0.39343423117874665,0.13109782381373425,0.381751908016384
2013-07-01,PFE,top100,66.05277991148121,65.55456171735241,65.50413006424544,70.63760696485429,1,11,1,63,0.04844124380134951,0.11913422455967049,0.05456963714784968,0.24505407116078537,-0.006128393346500172,-0.12591984660111488,-0.020748874796434072,-0.13760216976347756
2013-07-01,ABT,top100,65.50231706969696,57.783827227709935,91.12155605614278,68.29326799071447,0,12,1,63,-0.03178228396362037,0.19902731428613674,0.05456963714784968,0.24505407116078537,-0.08635192111147005,-0.04602675687464863,-0.10097240256140395,-0.05770908003701131
2013-07-01,TJX,top100,65.34259821709004,76.66329625884732,31.248707265904322,54.2854938271605,0,13,1,63,0.12814614984145,0.07142789530976379,0.05456963714784968,0.24505407116078537,0.07357651269360033,-0.17362617585102158,0.058956031243666426,-0.18530849901338425
2013-07-01,CMCSA,top100,64.94864731304712,68.82515361281791,52.31357758620689,63.083242668331984,0,14,2,63,0.12665582484973115,0.35341696338379336,0.05456963714784968,0.24505407116078537,0.07208618770188147,0.10836289222300799,0.057465706251947565,0.09668056906064532
2013-07-01,IBM,top100,64.7773192988962,63.592854735422975,74.71264367816093,53.19792248467935,0,15,2,63,-0.020746369636060913,-0.004487007646422736,0.05456963714784968,0.24505407116078537,-0.0753160067839106,-0.2495410788072081,-0.0899364882338445,-0.2612234019695708
2013-07-01,COP,top100,64.57999751504872,55.206243032329986,99.71264367816092,59.9309865678555,2,16,2,63,0.15604932285866524,0.46369850733454054,0.05456963714784968,0.24505407116078537,0.10147968571081556,0.21864443617375517,0.08685920426088166,0.2069621130113925
2013-07-01,GOOGL,top100,64.23973321652176,78.13331259236215,19.6779440468445,56.108255924993486,1,17,2,63,-0.0009904678824886881,0.3310298139919492,0.05456963714784968,0.24505407116078537,-0.05556010503033837,0.08597574283116383,-0.07018058648027227,0.07429341966880115
2013-07-01,SPGI,top100,62.499137418111616,69.77223821005418,40.513925574745706,55.55785556124545,1,18,2,63,0.24573018829813487,0.575132975738941,0.05456963714784968,0.24505407116078537,0.19116055115028519,0.3300789045781556,0.1765400697003513,0.3183965814157929
2013-07-01,SBUX,top100,62.109108894676766,77.98008866765187,11.277652630970948,52.675163011262626,1,19,2,63,0.16816971974322859,0.19477454203851585,0.05456963714784968,0.24505407116078537,0.1136000825953789,-0.05027952912226952,0.098979601145445,-0.06196185228463219
2013-07-01,HD,top100,61.896481151108574,74.0710637525602,19.983314794215797,60.50073565473271,1,20,2,63,-0.0027149208784339462,0.08776172618540312,0.05456963714784968,0.24505407116078537,-0.05728455802628363,-0.15729234497538225,-0.07190503947621753,-0.16897466813774492
2013-07-01,LLY,top100,60.354081095051946,61.41466386663556,52.07739175525019,69.48338037357018,0,21,2,63,0.01940781608722597,0.29201448966107657,0.05456963714784968,0.24505407116078537,-0.03516182106062371,0.0469604185002912,-0.04978230251055761,0.03527809533792853
2013-07-01,PM,top100,59.68592545120703,61.42697881828316,52.5872939948689,61.69581479435038,0,22,2,63,0.008736736582025673,0.0051325644146493765,0.05456963714784968,0.24505407116078537,-0.04583290056582401,-0.239921506746136,-0.06045338201575791,-0.25160382990849867
2013-07-01,DHR,top100,59.48077977468696,64.63495890695083,45.99095042031223,50.38118455758931,0,23,2,63,0.0741121563201168,0.23280214970739688,0.05456963714784968,0.24505407116078537,0.019542519172267125,-0.012251921453388492,0.004922037722333225,-0.023934244615751166
2013-07-01,UNP,top100,58.81826651158361,69.42793808820099,23.127710739897797,55.93167701863355,1,24,2,63,0.013318378398835762,0.31360291208356417,0.05456963714784968,0.24505407116078537,-0.04125125874901392,0.0685488409227788,-0.05587174019894782,0.056866517760416124
2013-07-01,COST,top100,58.68200608295872,65.58333981488684,34.75574712643678,58.22518787250581,0,25,2,63,0.04409200212933895,0.05681411421333782,0.05456963714784968,0.24505407116078537,-0.010477635018510734,-0.18823995694744755,-0.025098116468444634,-0.19992228010981022
2013-07-01,CB,top100,58.433964727143625,59.19343548261647,56.96781288019832,56.04997313272435,0,26,3,63,0.05864773090501485,0.19520624031579992,0.05456963714784968,0.24505407116078537,0.004078093757165169,-0.04984783084498545,-0.010542387692768732,-0.061530154007348126
2013-07-01,UNH,top100,57.54530266731323,65.29231806279329,33.603339839514206,51.20012055455094,1,27,3,63,0.11006039520083633,0.26769734098854925,0.05456963714784968,0.24505407116078537,0.055490758052986644,0.02264326982776388,0.040870276603052744,0.010960946665401206
2013-07-01,HON,top100,57.54517900993821,65.5644136786705,32.617984283076396,51.264925782535784,0,28,3,63,0.041310852463222414,0.20123741865246525,0.05456963714784968,0.24505407116078537,-0.013258784684627267,-0.04381665250832012,-0.027879266134561168,-0.05549897567068279
2013-07-01,FISV,top100,56.714484781075186,64.18954655051724,30.163727959697738,57.49056603773583,1,29,3,63,0.17470500630083619,0.4024515981212051,0.05456963714784968,0.24505407116078537,0.1201353691529865,0.15739752696041975,0.1055148877030526,0.14571520379805708
2013-07-01,RTX,top100,55.92821256133378,55.55728396982189,57.18677444320234,56.00758893817985,0,30,3,63,0.13912563364408692,0.2493177888405933,0.05456963714784968,0.24505407116078537,0.08455599649623724,0.004263717679807932,0.06993551504630334,-0.007418605482554741
2013-07-01,CSCO,top100,55.78508708525995,58.17103523372482,48.264762468551126,54.12409927942355,0,31,3,63,-0.03821865104207822,0.054799516188832165,0.05456963714784968,0.24505407116078537,-0.0927882881899279,-0.1902545549719532,-0.1074087696398618,-0.20193687813431588
2013-07-01,ADP,top100,55.67294154394328,65.87254673200073,19.769134412059085,56.08331949130958,1,32,3,63,0.04518809726475781,0.1856950428670463,0.05456963714784968,0.24505407116078537,-0.009381539883091872,-0.05935902829373907,-0.024002021333025772,-0.07104135145610174
2013-07-01,MCD,top100,55.27821598266164,62.63384407974903,28.93106343553664,56.48312439729992,1,33,3,63,-0.029185399787958977,0.045601567062211856,0.05456963714784968,0.24505407116078537,-0.08375503693580866,-0.1994525040985735,-0.09837551838574256,-0.2111348272609362
2013-07-01,DIS,top100,55.19409125208847,63.51144642347877,23.34742868767892,60.665930181175426,1,34,3,63,0.014076458666818059,0.3692710126460974,0.05456963714784968,0.24505407116078537,-0.04049317848103162,0.12421694148531204,-0.05511365993096552,0.11253461832294936
2013-07-01,JPM,top100,54.992189073854476,50.89847294599569,66.2161111674109,61.20035778175313,0,35,3,63,-0.0028780643797527983,0.13513894384251413,0.05456963714784968,0.24505407116078537,-0.05744770152760248,-0.10991512731827124,-0.07206818297753638,-0.12159745048063392
2013-07-01,VZ,top100,53.75826678273821,58.43574187861346,32.49317528735632,63.54612410237526,2,36,3,63,-0.05745426511483376,0.023666893489145968,0.05456963714784968,0.24505407116078537,-0.11202390226268344,-0.2213871776716394,-0.12664438371261733,-0.23306950083400207
2013-07-01,DE,top100,53.230433878626116,46.4211454201343,74.9641727979198,57.427975249481456,1,37,3,63,0.017320513040748775,0.1348613781137804,0.05456963714784968,0.24505407116078537,-0.037249124107100906,-0.11019269304700496,-0.051869605557034806,-0.12187501620936764
2013-07-01,BMY,top100,52.65408009181559,58.63135516320551,23.978248672910105,68.16481742989711,4,38,3,63,0.06229225273113226,0.11348739278256215,0.05456963714784968,0.24505407116078537,0.007722615583282577,-0.13156667837822322,-0.006897865866651323,-0.1432490015405859
2013-07-01,WMT,top100,52.32333637426568,54.08506390811749,41.10309186492025,62.43173265599384,0,39,4,63,-0.007414118926195368,0.03424370291749734,0.05456963714784968,0.24505407116078537,-0.06198375607404505,-0.21081036824328803,-0.07660423752397895,-0.2224926914056507
2013-07-01,SYK,top100,52.29672890083807,53.0624043970859,43.30808625724685,64.9142857142857,1,40,4,63,0.05886702989570769,0.34751630361887775,0.05456963714784968,0.24505407116078537,0.004297392747858009,0.10246223245809238,-0.010323088702075892,0.09077990929572971
2013-07-01,LRCX,top100,52.21235225537473,53.06940447486454,40.804597701149426,69.0284958273967,2,41,4,63,0.1671376772955102,0.5564146315452703,0.05456963714784968,0.24505407116078537,0.11256804014766053,0.3113605603844849,0.09794755869772663,0.2996782372221222
2013-07-01,NEE,top100,52.04899427224751,56.224883980192374,36.029867751193414,54.85601935874169,1,42,4,63,0.0061994034938217535,0.3046797329924724,0.05456963714784968,0.24505407116078537,-0.04837023365402793,0.05962566183168705,-0.06299071510396183,0.047943338669324376
2013-07-01,SCHW,top100,51.68026130201247,57.98540354152084,39.523164054803985,31.85846011987092,0,43,4,63,0.00268302031429668,0.29076274434649285,0.05456963714784968,0.24505407116078537,-0.051886616833553,0.04570867318570748,-0.0665070982834869,0.03402635002334481
2013-07-01,PGR,top100,50.55692562368566,53.01314459049545,39.70717074438084,55.062902614626765,1,44,4,63,0.06877524021723991,0.059479877454393426,0.05456963714784968,0.24505407116078537,0.014205603069390227,-0.18557419370639194,-0.00041487838054367343,-0.19725651686875462
2013-07-01,T,top100,50.30591740206562,48.62552176505665,48.6743246764527,65.33187231235426,0,45,4,63,-0.018814203825270992,0.07725269112166333,0.05456963714784968,0.24505407116078537,-0.07338384097312067,-0.16780138003912204,-0.08800432242305457,-0.1794837032014847
2013-07-01,ADI,top100,50.23199539421181,58.50431671463016,22.375405808546105,48.03892532261479,1,46,4,63,0.04605356836694052,0.23652436207031813,0.05456963714784968,0.24505407116078537,-0.008516068780909158,-0.008529709090467241,-0.02313655023084306,-0.020212032252829915
2013-07-01,GE,top100,50.17360419943492,51.631147753493565,41.1191314809178,58.07974475805866,0,47,4,63,0.043536090405657646,0.16863970965637587,0.05456963714784968,0.24505407116078537,-0.011033546742192035,-0.0764143615044095,-0.025654028192125936,-0.08809668466677217
2013-07-01,LOW,top100,49.909532770859336,55.6066734074823,24.083066052196212,61.682481751824824,1,48,4,63,0.1784392135759285,0.19044217024343024,0.05456963714784968,0.24505407116078537,0.12386957642807883,-0.05461190091735513,0.10924909497814493,-0.0662942240797178
2013-07-01,TXN,top100,49.58578689060253,53.78574576754556,28.968974159536778,61.41970021413277,1,49,4,63,0.16127924236662294,0.4231959795707234,0.05456963714784968,0.24505407116078537,0.10670960521877326,0.17814190840993804,0.09208912376883936,0.16645958524757537
2013-07-01,ADBE,top100,49.33050716186706,57.634881128308834,18.417313483479663,53.026276753549475,2,50,4,63,0.13386678200692037,0.5789359861591696,0.05456963714784968,0.24505407116078537,0.07929714485907069,0.33388191499838427,0.06467666340913679,0.3221995918360216
2013-07-01,PEP,top100,48.59249001404418,52.375618988359136,31.915889296267075,55.46378862939372,1,51,5,63,-0.020119624287885607,0.11773078338964638,0.05456963714784968,0.24505407116078537,-0.07468926143573529,-0.127323287771139,-0.08930974288566919,-0.13900561093350167
2013-07-01,CVX,top100,48.54798725019073,48.006274143786776,43.687364502801984,62.06122448979592,0,52,5,63,0.027227571249923477,0.1340740352073877,0.05456963714784968,0.24505407116078537,-0.027342065897926204,-0.11098003595339767,-0.041962547347860105,-0.12266235911576034
2013-07-01,TMO,top100,47.915402407414675,54.68214461642167,20.16995280697183,56.03910614525141,1,53,5,63,0.07705405320427716,0.38534766109664,0.05456963714784968,0.24505407116078537,0.02248441605642748,0.1402935899358546,0.00786393460649358,0.12861126677349194
2013-07-01,PG,top100,47.755327990898174,50.07764901091493,33.5287356321839,59.952265568209384,0,54,5,63,-0.016528586356172492,0.047876548738617686,0.05456963714784968,0.24505407116078537,-0.07109822350402217,-0.19717752242216768,-0.08571870495395607,-0.20885984558453036
2013-07-01,MSFT,top100,47.33818628936449,48.80609784553162,37.400891391039174,56.93739519284517,2,55,5,63,-0.01581400013611134,0.2545248098917199,0.05456963714784968,0.24505407116078537,-0.07038363728396102,0.009470738730934514,-0.08500411873389492,-0.0022115844314281596
2013-07-01,NVDA,top100,45.3538527297671,38.39503772264136,58.97190293742018,66.8294573643411,0,56,5,63,0.1083713850837138,0.3561643835616437,0.05456963714784968,0.24505407116078537,0.05380174793586412,0.11111031240085834,0.03918126648593022,0.09942798923849566
2013-07-01,C,top100,43.6139776765302,37.33141479349771,52.99582159420662,68.8282300224048,0,57,5,63,0.0074463722620512485,-0.015577143341958921,0.05456963714784968,0.24505407116078537,-0.04712326488579843,-0.2606312145027443,-0.06174374633573233,-0.27231353766510696
2013-07-01,CAT,top100,42.92241553985015,31.256773223406185,74.17795180201618,62.07083923062586,0,58,5,63,0.01963212835229755,0.35493907964958216,0.05456963714784968,0.24505407116078537,-0.03493750879555213,0.10988500848879679,-0.04955799024548603,0.09820268532643411
2013-07-01,INTC,top100,42.57531754330167,33.673874154157275,63.82843709889096,62.379182156133815,1,59,5,63,-0.03501907575801033,0.34579616190011775,0.05456963714784968,0.24505407116078537,-0.08958871290586001,0.10074209073933238,-0.10420919435579391,0.0890597675769697
2013-07-01,LMT,top100,41.153837383029746,40.69197065152575,37.74899199614852,51.19659527732017,2,60,5,63,0.19100873272731622,0.539922944954202,0.05456963714784968,0.24505407116078537,0.13643909557946654,0.29486887379341664,0.12181861412953264,0.28318655063105397
2013-07-01,BAC,top100,39.432588010267,32.64110341966763,50.84223748206938,64.15368120085776,0,61,5,63,0.07577134752339765,0.20962473905530543,0.05456963714784968,0.24505407116078537,0.021201710375547966,-0.03542933210547994,0.006581228925614066,-0.04711165526784261
2013-07-01,MS,top100,34.841102102739065,29.509994555495062,36.92476217895837,67.99153478100848,3,62,5,63,0.10570084687312731,0.325537351740669,0.05456963714784968,0.24505407116078537,0.05113120972527763,0.08048328057988363,0.036510728275343726,0.06880095741752096
2013-07-01,MDLZ,top100,23.182531056241068,11.946151253532445,24.36839587772318,99.46546003223717,2,63,5,63,0.06661078743908244,0.32500183210582256,0.05456963714784968,0.24505407116078537,0.01204115029123276,0.0799477609450372,-0.0025793311587011397,0.06826543778267452
2013-10-01,QCOM,top100,72.26198764522405,75.00362525650515,70.2045967091253,57.185306238453904,0,1,1,65,0.09156997920207766,0.11698989664382764,0.08605895117302143,0.17001318380451336,0.005511028029056231,-0.05302328716068572,0.0008370826074920318,-0.06906121526858769
2013-10-01,MA,top100,72.2391372520968,91.12658130525779,15.274989500170763,53.955324383821846,1,2,1,65,0.23177483261868348,0.08737192974614238,0.08605895117302143,0.17001318380451336,0.14571588144566205,-0.08264125405837097,0.14104193602409787,-0.09867918216627294
2013-10-01,BX,top100,70.61359483462245,79.47236216361148,57.95454545454546,33.920322291853196,0,3,1,65,0.26271479379027984,0.29462372199135056,0.08605895117302143,0.17001318380451336,0.17665584261725842,0.1246105381868372,0.17198189719569423,0.10857261007893523
2013-10-01,BKNG,top100,69.88065996398893,90.40203608030454,18.396107148677537,29.200132780402384,0,4,1,65,0.10322153889280972,0.09572895893220279,0.08605895117302143,0.17001318380451336,0.01716258771978829,-0.07428422487231057,0.012488642298224092,-0.09032215298021254
2013-10-01,GILD,top100,68.92653749689856,87.27084364341684,11.688132940751373,54.993203583565034,1,5,1,65,0.1976116397181482,0.6813717642636894,0.08605895117302143,0.17001318380451336,0.11155268854512679,0.511358580459176,0.10687874312356259,0.4953206523512741
2013-10-01,AAPL,top100,68.54469499723277,59.80491740497813,85.04784036347763,96.71684741052563,0,6,1,65,0.14017165780389962,0.4548931803339862,0.08605895117302143,0.17001318380451336,0.05411270663087819,0.2848799965294728,0.049438761209313994,0.2688420684215709
2013-10-01,ORCL,top100,67.92480667228982,65.79030591812176,81.31514079789942,56.085643700247054,0,7,1,65,0.13364752618273745,0.15152040447815085,0.08605895117302143,0.17001318380451336,0.04758857500971603,-0.018492779326362507,0.04291462958815183,-0.03453070743426448
2013-10-01,ACN,top100,67.67608144628167,70.44866807102777,61.37404320751672,60.872051550589006,0,8,1,65,0.11359240493706602,0.10739442370809504,0.08605895117302143,0.17001318380451336,0.02753345376404459,-0.06261876009641831,0.022859508342480392,-0.07865668820432029
2013-10-01,REGN,top100,67.6011190187737,86.7971454876262,18.71505435480027,31.00106306475314,2,9,1,65,-0.1327736155832564,0.12310899990435797,0.08605895117302143,0.17001318380451336,-0.21883256675627782,-0.04690418390015538,-0.223506512177842,-0.06294211200805735
2013-10-01,MSFT,top100,67.16927830895504,71.5092478103694,53.2408015897615,64.64644523744167,0,10,1,65,0.11500611424911189,0.4060989634891983,0.08605895117302143,0.17001318380451336,0.028947163076090465,0.23608577968468492,0.024273217654526266,0.22004785157678294
2013-10-01,PFE,top100,66.57123121995613,67.45356387045037,69.51351321967707,54.51033866705465,1,11,1,65,0.06250596795447172,0.0435549274615028,0.08605895117302143,0.17001318380451336,-0.023552983218549706,-0.12645825634301056,-0.028226928640113905,-0.14249618445091253
2013-10-01,AMGN,top100,65.596848964798,78.49703921165026,25.920419643259944,54.64837587990841,1,12,1,65,0.014862051569015655,0.23544058496794618,0.08605895117302143,0.17001318380451336,-0.07119689960400577,0.06542740116343282,-0.07587084502556997,0.04938947305553085
2013-10-01,CB,top100,63.82940386909773,65.53258667647677,63.322590586787655,52.920750782064665,0,13,1,65,0.08168454573887751,0.13244323851535333,0.08605895117302143,0.17001318380451336,-0.004374405434143913,-0.03756994528916002,-0.009048350855708112,-0.053607873397061995
2013-10-01,JPM,top100,63.10712944944494,59.316008986743235,74.69959647164903,66.46003864394869,0,14,2,65,0.13592037745694907,0.18191750739259005,0.08605895117302143,0.17001318380451336,0.049861426283927646,0.011904323588076693,0.04518748086236345,-0.004133604519825279
2013-10-01,INTU,top100,62.53292596510263,68.15190019401204,51.26790094153018,45.73015640988157,0,15,2,65,0.14610169320311206,0.3032528962241756,0.08605895117302143,0.17001318380451336,0.060042742030090634,0.13323971241966226,0.055368796608526435,0.11720178431176029
2013-10-01,CMCSA,top100,62.05941884048271,68.65236807107644,43.95971206316034,52.10818778097133,0,16,2,65,0.13230150958273446,0.17996718851343618,0.08605895117302143,0.17001318380451336,0.04624255840971303,0.009954004708922826,0.04156861298814883,-0.006083923398979146
2013-10-01,IBM,top100,62.044707624842864,60.670443745994575,70.28671379179025,55.18054244288612,0,17,2,65,0.0007849388576393057,0.027116238923097447,0.08605895117302143,0.17001318380451336,-0.08527401231538212,-0.1428969448814159,-0.08994795773694632,-0.15893487298931788
2013-10-01,HD,top100,61.97481071936315,72.53794718998826,29.49295495956649,52.99656694458067,0,18,2,65,0.08081651547658253,0.21949773437430453,0.08605895117302143,0.17001318380451336,-0.005242435696438896,0.049484550569791175,-0.009916381118003095,0.0334466224618892
2013-10-01,TJX,top100,61.661296095350735,75.0957943618259,20.306399650531027,50.32960111966409,1,19,2,65,0.12063381522532568,0.054458270055293134,0.08605895117302143,0.17001318380451336,0.034574864052304255,-0.11555491374922022,0.029900918630740056,-0.1315928418571222
2013-10-01,LLY,top100,61.65778283905096,63.40877759756927,58.06576647343908,56.58485226064654,0,20,2,65,0.011081520039544435,0.33035489110149396,0.08605895117302143,0.17001318380451336,-0.07497743113347699,0.1603417072969806,-0.07965137655504119,0.14430377918907863
2013-10-01,COP,top100,61.412195551850544,55.689976336077336,86.16905959831473,51.95400196933464,2,21,2,65,0.006238545737321521,0.11212999591523798,0.08605895117302143,0.17001318380451336,-0.0798204054356999,-0.05788318788927538,-0.0844943508572641,-0.07392111599717735
2013-10-01,GOOGL,top100,61.253593999129706,71.79851894889946,26.055157877194326,57.83599159461228,1,22,2,65,0.25492541386210665,0.3056348917591414,0.08605895117302143,0.17001318380451336,0.16886646268908523,0.13562170795462802,0.16419251726752104,0.11958377984672605
2013-10-01,SBUX,top100,61.08537246178339,77.2590092490269,9.646743092512938,50.74717368961974,1,23,2,65,0.003350712361448016,-0.01939057243569986,0.08605895117302143,0.17001318380451336,-0.08270823881157341,-0.18940375624021322,-0.08738218423313761,-0.2054416843481152
2013-10-01,RTX,top100,59.46963685588047,63.46396178736338,46.20712882588729,58.034378395486485,0,24,2,65,0.05337253462692293,-0.012085514137997078,0.08605895117302143,0.17001318380451336,-0.032686416546098496,-0.18209869794251043,-0.037360361967662695,-0.1981366260504124
2013-10-01,SPGI,top100,59.21980952891667,73.44586470153433,24.24105795941029,29.594926459605837,2,25,2,65,0.16434980002161925,0.25270781537131115,0.08605895117302143,0.17001318380451336,0.07829084884859783,0.0826946315667978,0.07361690342703363,0.06665670345889582
2013-10-01,UNP,top100,59.100856848093585,66.73707936684045,32.27860501567398,59.29180288170481,0,26,2,65,0.0717688322094785,0.37667474755705865,0.08605895117302143,0.17001318380451336,-0.01429011896354293,0.2066615637525453,-0.01896406438510713,0.19062363564464332
2013-10-01,CSCO,top100,58.760415169869404,56.42366985932544,59.55045066975627,73.53756134390338,0,27,3,65,-0.04612642900928343,0.11128735646711618,0.08605895117302143,0.17001318380451336,-0.13218538018230486,-0.058725827337397174,-0.13685932560386904,-0.07476375544529915
2013-10-01,ABT,top100,57.48818721843521,49.77834111181994,83.89269094311194,58.64810251538864,1,28,3,65,0.13653140756743554,0.24502750094468895,0.08605895117302143,0.17001318380451336,0.05047245639441411,0.07501431714017559,0.04579851097284991,0.05897638903227362
2013-10-01,MCD,top100,57.35004303786052,60.98023286312052,47.11538461538461,52.40803110599236,0,29,3,65,0.011253655467031054,0.01308449147580859,0.08605895117302143,0.17001318380451336,-0.07480529570599037,-0.15692869232870477,-0.07947924112755457,-0.17296662043660674
2013-10-01,ADP,top100,57.293256935588005,68.09563572644058,19.90910194710583,56.444915376584426,1,30,3,65,0.11351395599736369,0.15485720762510868,0.08605895117302143,0.17001318380451336,0.027455004824342266,-0.015155976179404673,0.022781059402778067,-0.031193904287306645
2013-10-01,HON,top100,56.83242500641741,62.602647069843854,35.607111413623166,58.89149774802074,0,31,3,65,0.09085263935965493,0.12315457917413042,0.08605895117302143,0.17001318380451336,0.004793688186633505,-0.04685860463038294,0.00011974276506930559,-0.06289653273828491
2013-10-01,UNH,top100,56.368674980053044,64.24278123839736,28.144668504725306,57.69794412229836,1,32,3,65,0.031335515737445085,0.1887388627702935,0.08605895117302143,0.17001318380451336,-0.05472343543557634,0.018725678965780146,-0.05939738085714054,0.002687750857878174
2013-10-01,SCHW,top100,56.33539632573567,59.78167196830018,41.548835518962235,61.78458844133101,0,33,3,65,0.210790738313674,0.35955111402359097,0.08605895117302143,0.17001318380451336,0.12473178714065258,0.1895379302190776,0.12005784171908838,0.17350000211117564
2013-10-01,KLAC,top100,55.484405468405704,61.74511575760319,34.476251894180386,53.67574059247397,3,34,3,65,0.046549376898104455,0.2908419729814642,0.08605895117302143,0.17001318380451336,-0.03950957427491697,0.12082878917695083,-0.04418351969648117,0.10479086106904886
2013-10-01,FISV,top100,54.909855456590634,65.44488466574892,20.343019049915604,50.298323805832744,1,35,3,65,0.13516676418958462,0.2545348156816849,0.08605895117302143,0.17001318380451336,0.049107813016563195,0.08452163187717154,0.044433867594998996,0.06848370376926957
2013-10-01,DHR,top100,54.680911017202725,60.218393724267365,36.06803374600927,53.14428661013715,0,36,3,65,0.1008341458901234,0.07810509384141273,0.08605895117302143,0.17001318380451336,0.01477519471710198,-0.09190808996310063,0.010101249295537781,-0.1079460180710026
2013-10-01,COST,top100,54.61703583478294,62.03172756367678,27.14800957292615,57.652246256239614,0,37,3,65,0.027035461242286285,0.09721953620844248,0.08605895117302143,0.17001318380451336,-0.05902348993073514,-0.07279364759607088,-0.06369743535229934,-0.08883157570397285
2013-10-01,DIS,top100,54.34841764693063,62.723810928031604,27.701458780179287,49.01458241272648,1,38,3,65,0.19098710944199238,0.36619089785904047,0.08605895117302143,0.17001318380451336,0.10492815826897095,0.1961777140545271,0.10025421284740675,0.18013978594662514
2013-10-01,PM,top100,53.93182823632971,53.773213806923216,54.50079421544134,53.9041972839519,0,39,3,65,-0.004509287770871118,-0.0007171448696478011,0.08605895117302143,0.17001318380451336,-0.09056823894389254,-0.17073032867416116,-0.09524218436545674,-0.18676825678206313
2013-10-01,NVDA,top100,53.74233585639098,56.85014844087207,41.807588310331255,55.857142857142875,1,40,4,65,0.02554243339741835,0.197473221642406,0.08605895117302143,0.17001318380451336,-0.060516517775603074,0.027460037837892637,-0.06519046319716727,0.011422109729990665
2013-10-01,LOW,top100,53.28737546281223,60.24293111477367,29.09353319779155,52.98617042912346,1,41,4,65,0.02982943734532184,0.10934223544942312,0.08605895117302143,0.17001318380451336,-0.056229513827699584,-0.06067094835509024,-0.06090345924926378,-0.07670887646299221
2013-10-01,NEE,top100,53.23587301348534,54.799039136712075,40.46989858333424,67.82565901120037,1,42,4,65,0.060334667203037595,0.21423076651634165,0.08605895117302143,0.17001318380451336,-0.02572428396998383,0.044217582711828296,-0.03039822939154803,0.028179654603926324
2013-10-01,PEP,top100,52.42376197204992,52.65498944782721,45.01024295641973,65.6322076728693,0,43,4,65,0.03558263495995728,0.19418685532976987,0.08605895117302143,0.17001318380451336,-0.05047631621306414,0.024173671525256513,-0.05515026163462834,0.00813574341735454
2013-10-01,TXN,top100,51.82472721496565,58.454881614694116,28.7125470037603,51.638006839277,1,44,4,65,0.07469576607791772,0.19240682836136225,0.08605895117302143,0.17001318380451336,-0.0113631850951037,0.02239364455684889,-0.0160371305166679,0.006355716448946919
2013-10-01,DE,top100,51.80922899068899,41.36816937198391,85.23585897884571,58.04338634531118,1,45,4,65,0.10396665796785531,0.017246672704664956,0.08605895117302143,0.17001318380451336,0.01790770679483389,-0.1527665110998484,0.01323376137326969,-0.16880443920775037
2013-10-01,ADI,top100,51.74544975322533,58.25590369372276,24.551585838096997,60.55999999999999,1,46,4,65,0.05329070003250291,0.053846303431684506,0.08605895117302143,0.17001318380451336,-0.03276825114051851,-0.11616688037282885,-0.03744219656208271,-0.13220480848073082
2013-10-01,WMT,top100,51.63746065788271,52.41532836308234,47.658247045385956,54.15081394647895,0,47,4,65,0.07853405872319574,0.060538408975917335,0.08605895117302143,0.17001318380451336,-0.007524892449825682,-0.10947477482859602,-0.012198837871389881,-0.125512702936498
2013-10-01,SYK,top100,51.637323799454,55.18531143386438,35.00564087754922,60.0647762023909,1,48,4,65,0.10260597470711863,0.2150973303480339,0.08605895117302143,0.17001318380451336,0.016547023534097205,0.045084146543520554,0.011873078112533006,0.02904621843561858
2013-10-01,LRCX,top100,51.17922639901085,55.849806352909226,34.56451669927169,51.714586121200526,2,49,4,65,0.04554903259702581,0.41560636864106715,0.08605895117302143,0.17001318380451336,-0.04050991857599562,0.2455931848365538,-0.04518386399755982,0.22955525672865182
2013-10-01,PGR,top100,50.9329860141656,55.82246364646304,44.0603544951402,30.451905626134284,0,50,4,65,-0.02303512000738328,-0.020364066732900143,0.08605895117302143,0.17001318380451336,-0.1090940711804047,-0.1903772505374135,-0.1137680166019689,-0.20641517864531547
2013-10-01,BMY,top100,50.29919838249573,58.14872748630553,23.275022067076648,49.400847286665325,4,51,4,65,0.12229904926534152,0.10848642782409801,0.08605895117302143,0.17001318380451336,0.036240098092320094,-0.06152675598041535,0.031566152670755895,-0.07756468408831732
2013-10-01,VZ,top100,49.683314437922405,50.82510108139699,39.58224486241728,61.892947084610554,2,52,4,65,0.05459249676584732,0.0990944372574385,0.08605895117302143,0.17001318380451336,-0.031466454407174105,-0.07091874654707486,-0.036140399828738304,-0.08695667465497683
2013-10-01,ADBE,top100,49.63995793316582,62.35182798084892,14.467636445848807,31.00151057401814,2,53,5,65,0.13084112149532712,0.28819378218577163,0.08605895117302143,0.17001318380451336,0.04478217032230569,0.11818059838125827,0.04010822490074149,0.1021426702733563
2013-10-01,TMO,top100,49.53366632553296,58.08450448582914,17.87763242504622,52.98986700443318,1,54,5,65,0.18247470369754915,0.2944038246482321,0.08605895117302143,0.17001318380451336,0.09641575252452772,0.12439064084371876,0.09174180710296352,0.10835271273581679
2013-10-01,PG,top100,47.05159133658539,48.93674389679551,37.490290673881866,52.97812474052154,1,55,5,65,0.06577973748818922,0.1262906451233441,0.08605895117302143,0.17001318380451336,-0.02027921368483221,-0.043722538681169265,-0.024953159106396408,-0.05976046678907124
2013-10-01,GE,top100,46.55436637312309,47.47879711556101,38.96979009301968,55.252503736264444,0,56,5,65,0.1469807055826986,0.0762965634761048,0.08605895117302143,0.17001318380451336,0.060921754409677176,-0.09371662032840855,0.05624780898811298,-0.10975454843631052
2013-10-01,C,top100,45.98953894085928,39.92671142520269,60.94356244573599,58.52128454070201,0,57,5,65,0.07573239610586491,0.05230077366181218,0.08605895117302143,0.17001318380451336,-0.010326555067156518,-0.11771241014270117,-0.015000500488720717,-0.13375033825060315
2013-10-01,LMT,top100,44.62727906863058,46.87163964269082,31.470155073978162,55.23100303951367,2,58,5,65,0.15639809895684564,0.4426690771338291,0.08605895117302143,0.17001318380451336,0.07033914778382422,0.2726558933293157,0.06566520236226002,0.2566179652214138
2013-10-01,CVX,top100,43.41110572496922,42.945756917062404,37.152678171288215,59.18540248767896,0,59,5,65,0.031836569062709597,0.0034577822803198988,0.08605895117302143,0.17001318380451336,-0.05422238211031183,-0.16655540152419346,-0.05889632753187603,-0.18259332963209543
2013-10-01,INTC,top100,40.587125360112886,30.59236204682469,63.73764832028078,64.24942263279448,1,60,5,65,0.1402310331091967,0.5403118887521479,0.08605895117302143,0.17001318380451336,0.05417208193617529,0.3702987049476345,0.04949813651461109,0.35426077683973256
2013-10-01,BAC,top100,40.40646910030061,31.954412277794887,58.173605789367336,64.03659347970725,2,61,5,65,0.15902064009359074,0.2160942592128352,0.08605895117302143,0.17001318380451336,0.07296168892056931,0.04608107540832185,0.06828774349900511,0.030043147300419876
2013-10-01,CAT,top100,37.740856740284045,23.481192704524076,74.86771096159238,63.30479654798711,1,62,5,65,0.0804614538858841,0.19565210235072206,0.08605895117302143,0.17001318380451336,-0.005597497287137321,0.0256389185462087,-0.01027144270870152,0.009600990438306728
2013-10-01,MS,top100,37.621525749393065,33.91952757798316,36.889282224024285,65.0,2,63,5,65,0.14530403971715344,0.2634738192992234,0.08605895117302143,0.17001318380451336,0.05924508854413202,0.09346063549471006,0.05457114312256782,0.07742270738680809
2013-10-01,T,top100,34.10690710986093,24.8517975676232,55.03401052970018,57.038467065846504,0,64,5,65,0.0444330900712433,0.1004251462946717,0.08605895117302143,0.17001318380451336,-0.04162586110177813,-0.06958803750984166,-0.04629980652334233,-0.08562596561774363
2013-10-01,MDLZ,top100,18.886290782430127,10.027615208948593,11.854781875000763,94.9600376116596,4,65,5,65,0.13290620128740827,0.11190745090629584,0.08605895117302143,0.17001318380451336,0.04684725011438684,-0.05810573289821752,0.04217330469282264,-0.0741436610061195
2014-01-02,BKNG,top100,75.24829749656872,91.79322008743887,26.018084747193384,57.89426485922837,0,1,1,68,0.09247825679934718,-0.0029511017595165168,0.03367982806843517,0.14500349193817752,0.05879842873091201,-0.14795459369769404,0.05489859471322377,-0.1845406917430203
2014-01-02,QCOM,top100,74.78802337460706,78.89615398885681,71.95804508103544,51.691065662002146,0,2,1,68,0.0975737611055123,0.034841277977766705,0.03367982806843517,0.14500349193817752,0.06389393303707713,-0.11016221396041082,0.05999409901938889,-0.14674831200573707
2014-01-02,REGN,top100,73.72519834859978,89.86691082349594,19.94678932178932,68.29002907794766,1,3,1,68,0.11759414372834054,0.4937183597410366,0.03367982806843517,0.14500349193817752,0.08391431565990537,0.3487148678028591,0.08001448164221713,0.31212876975753284
2014-01-02,MA,top100,70.32778592151436,93.19571401186052,10.329660271318664,30.248540589482715,1,4,1,68,-0.10195424837448364,0.0331077849821344,0.03367982806843517,0.14500349193817752,-0.1356340764429188,-0.11189570695604312,-0.13953391046060704,-0.14848180500136937
2014-01-02,PFE,top100,69.72388248591196,71.06744046551607,69.1063924413161,61.5539567178749,1,5,1,68,0.05766050758501673,0.06475423586646545,0.03367982806843517,0.14500349193817752,0.02398067951658156,-0.08024925607171207,0.020080845498893315,-0.11683535411703833
2014-01-02,BX,top100,68.9640112797959,81.3621353880022,43.333333333333336,33.43849841527704,0,6,1,68,0.09676732528713239,0.15746058010511965,0.03367982806843517,0.14500349193817752,0.06308749721869722,0.012457088166942132,0.059187663201008975,-0.024129009878384122
2014-01-02,GILD,top100,68.63964595372009,87.67224341889644,10.662878787878787,51.36499802916832,1,7,1,68,-0.02087454158344293,0.2619343289827756,0.03367982806843517,0.14500349193817752,-0.0545543696518781,0.11693083704459806,-0.05845420366956634,0.0803447389992718
2014-01-02,AMGN,top100,67.48500522669293,79.29087179138351,32.148829500213864,55.516290726817054,1,8,1,68,0.09423635567452227,0.4074739263709086,0.03367982806843517,0.14500349193817752,0.060556527606087096,0.2624704344327311,0.05665669358839885,0.22588433638740485
2014-01-02,MSFT,top100,67.24702949392358,73.798102193392,48.77272873579362,58.33812211390457,0,9,1,68,0.12299587424274083,0.292798203467725,0.03367982806843517,0.14500349193817752,0.08931604617430566,0.14779471152954748,0.08541621215661742,0.11120861348422123
2014-01-02,LLY,top100,65.16146585442559,67.7812853635762,58.62231930536466,59.90102238849312,0,10,1,68,0.16998827667057448,0.42676411164600525,0.03367982806843517,0.14500349193817752,0.1363084486021393,0.28176061970782773,0.13240861458445108,0.24517452166250148
2014-01-02,HD,top100,64.86150074211815,74.91028241390612,36.95541377227424,50.33220297929029,0,11,1,68,-0.026620717375618996,0.2882730468531214,0.03367982806843517,0.14500349193817752,-0.060300545444054166,0.14326955491494386,-0.06420037946174241,0.10668345686961761
2014-01-02,ORCL,top100,62.9947852789573,64.63553795922405,62.94542251507144,51.60824204486177,0,12,1,68,0.09994361387289863,0.18583210951014162,0.03367982806843517,0.14500349193817752,0.06626378580446346,0.0408286175719641,0.062363951786775215,0.004242519526637845
2014-01-02,AAPL,top100,62.88478961375248,59.29085014810188,78.5789364708175,56.654072159176664,0,13,1,68,-0.014891789060262672,0.4127211413141947,0.03367982806843517,0.14500349193817752,-0.04857161712869784,0.26771764937601716,-0.052471451146386086,0.2311315513306909
2014-01-02,CB,top100,62.88414584799143,64.05775818889019,63.441262232055664,53.554626693571606,0,14,1,68,-0.013230642518553548,0.16067532604083357,0.03367982806843517,0.14500349193817752,-0.04691047058698872,0.015671834102656046,-0.05081030460467696,-0.020914263942670208
2014-01-02,TJX,top100,62.69272830116643,75.43188859275384,23.630719446116796,51.64262397015389,1,15,2,68,-0.03370757072637498,0.08277896533780571,0.03367982806843517,0.14500349193817752,-0.06738739879481015,-0.06222452660037181,-0.0712872328124984,-0.09881062464569806
2014-01-02,ACN,top100,62.10850627101577,66.31208375331606,54.78127597672486,47.33792448349562,0,16,2,68,-0.019596702850499748,0.12323860487161697,0.03367982806843517,0.14500349193817752,-0.05327653091893492,-0.021764887066560545,-0.05717636493662316,-0.0583509851118868
2014-01-02,SPGI,top100,61.478181982104154,75.81788260684053,16.183231388898403,51.690178795361085,2,17,2,68,0.0045289686886877956,0.15710430708481105,0.03367982806843517,0.14500349193817752,-0.029150859379747374,0.012100815146633526,-0.03305069339743562,-0.02448528289869273
2014-01-02,INTU,top100,61.16794862145943,70.74025743137534,32.51331081903371,51.47106255689948,0,18,2,68,0.04141363394648767,0.2136242511847366,0.03367982806843517,0.14500349193817752,0.007733805878052502,0.06862075924655908,0.0038339718603642575,0.03203466120123283
2014-01-02,COP,top100,60.983297449571474,53.01669933771559,88.40945396456578,61.89717120257407,1,19,2,68,0.01836949560951262,0.025682994866006004,0.03367982806843517,0.14500349193817752,-0.015310332458922549,-0.11932049707217152,-0.019210166476610793,-0.15590659511749777
2014-01-02,CSCO,top100,60.459367328050696,57.938002819810414,67.19382458197452,64.64000437788503,0,20,2,68,0.05897707698423216,0.29395123890287533,0.03367982806843517,0.14500349193817752,0.025297248915796988,0.1489477469646978,0.021397414898108744,0.11236164891937156
2014-01-02,GOOGL,top100,59.87815605868656,74.50221689041697,13.430068562110817,50.40590522972508,1,21,2,68,0.019555471799313606,-0.04948302667676563,0.03367982806843517,0.14500349193817752,-0.014124356269121563,-0.19448651861494315,-0.018024190286809808,-0.2310726166602694
2014-01-02,ADP,top100,59.777647951232034,71.25155677032768,20.283293873540508,58.44899437294559,1,22,2,68,-0.023534090973351907,0.2164910170836578,0.03367982806843517,0.14500349193817752,-0.057213919041787076,0.07148752514548029,-0.06111375305947532,0.03490142710015404
2014-01-02,NEE,top100,59.19921781991002,62.534403542077634,46.49754299754299,61.25626740947074,1,23,2,68,0.13490901345828732,0.3049014256998708,0.03367982806843517,0.14500349193817752,0.10122918538985215,0.15989793376169326,0.0973293513721639,0.123311835716367
2014-01-02,UNH,top100,58.82632258226982,65.53806589451683,43.021972159296105,43.452820242488144,1,24,2,68,0.10145720510631584,0.3736935089934046,0.03367982806843517,0.14500349193817752,0.06777737703788067,0.22869001705522707,0.06387754302019243,0.19210391900990081
2014-01-02,FISV,top100,58.378565550219506,69.35407790344622,22.831692740857598,52.64372469635627,1,25,2,68,-0.015635738831615176,0.21340206185567,0.03367982806843517,0.14500349193817752,-0.049315566900050345,0.06839856991749249,-0.05321540091773859,0.03181247187216624
2014-01-02,UNP,top100,57.886461264893626,66.99532505117091,28.852861319966582,52.191614650806706,1,26,2,68,0.1334111598098584,0.4458744311512879,0.03367982806843517,0.14500349193817752,0.09973133174142323,0.30087093921311037,0.09583149772373499,0.2642848411677841
2014-01-02,MCD,top100,57.64374930178391,59.94657046743305,52.97038990775434,50.87071993029914,0,27,2,68,0.02410483930347751,0.0006886684444034064,0.03367982806843517,0.14500349193817752,-0.00957498876495766,-0.1443148234937741,-0.013474822782645904,-0.18090092153910037
2014-01-02,CMCSA,top100,56.74240660513145,64.72300773592723,31.45289097875305,51.45722994231778,1,28,3,68,-0.02511400139272635,0.12911921288496542,0.03367982806843517,0.14500349193817752,-0.05879382946116152,-0.015884279053212103,-0.06269366347884976,-0.05247037709853836
2014-01-02,C,top100,54.8699420073721,52.714454001842775,62.72244442832442,54.25335320417286,0,29,3,68,-0.08532747399570983,0.03890857658804925,0.03367982806843517,0.14500349193817752,-0.119007302064145,-0.10609491535012827,-0.12290713608183325,-0.14268101339545453
2014-01-02,LOW,top100,54.857049384613354,60.45565446191709,33.12133188239383,59.13824884792626,1,30,3,68,0.003544861225436291,0.39254687193392446,0.03367982806843517,0.14500349193817752,-0.030134966842998878,0.24754337999574694,-0.03403480086068712,0.21095728195042068
2014-01-02,DIS,top100,54.77526603509398,67.00706343955031,24.49885140853585,29.705513457015968,1,31,3,68,0.06948972979644741,0.24480832724766777,0.03367982806843517,0.14500349193817752,0.03580990172801224,0.09980483530949025,0.031910067710323994,0.063218737264164
2014-01-02,KLAC,top100,54.639554097941385,59.37202172985474,35.422167216721675,59.947054436987315,3,32,3,68,0.11262320508330426,0.41777155150848055,0.03367982806843517,0.14500349193817752,0.07894337701486909,0.27276805957030303,0.07504354299718084,0.23618196152497678
2014-01-02,PGR,top100,54.42502259916067,54.160138640678234,51.68761303724172,61.754029432375624,0,33,3,68,-0.040677061915822876,0.07680296075663784,0.03367982806843517,0.14500349193817752,-0.07435688998425805,-0.06820053118153968,-0.07825672400194629,-0.10478662922686593
2014-01-02,SCHW,top100,53.696691852416414,61.06614186861909,29.25503020657784,50.993865030674826,1,34,3,68,0.06578116543388068,0.1811158217571711,0.03367982806843517,0.14500349193817752,0.032101337365445515,0.036112329818993594,0.02820150334775727,-0.00047376822633266036
2014-01-02,SBUX,top100,53.580753393813936,63.5016603488897,14.687349687349686,61.92121212121211,2,35,3,68,-0.03731916485219289,0.07120864001282379,0.03367982806843517,0.14500349193817752,-0.07099899292062806,-0.07379485192535373,-0.0748988269383163,-0.11038094997067999
2014-01-02,DHR,top100,53.34495762987169,60.612483226456746,28.866454241990724,51.429285229538245,1,36,3,68,-0.014239948794372514,0.12693112131919126,0.03367982806843517,0.14500349193817752,-0.047919776862807684,-0.018072370618986255,-0.05181961088049593,-0.05465846866431251
2014-01-02,MU,top100,53.316232833578944,63.916356446296845,9.88215488215488,65.9835234474018,2,37,3,68,0.12834789195843088,0.6043368131998201,0.03367982806843517,0.14500349193817752,0.09466806388999571,0.4593333212616426,0.09076822987230747,0.42274722321631636
2014-01-02,HON,top100,53.25632138311355,60.3261611620587,29.28579565797611,51.708494380772336,1,38,3,68,0.037530770745167086,0.1319528911909822,0.03367982806843517,0.14500349193817752,0.0038509426767319166,-0.013050600747195329,-4.889134095632797e-05,-0.04963669879252158
2014-01-02,INTC,top100,52.741684715849566,52.5506220897516,54.321184821184815,50.92012288786483,1,39,3,68,0.0173629215592217,0.4545487726030826,0.03367982806843517,0.14500349193817752,-0.01631690650921347,0.30954528066490505,-0.020216740526901714,0.2729591826195788
2014-01-02,JPM,top100,52.516565362089025,53.91527273626734,48.79867197731819,50.161400512382556,1,40,3,68,0.04225904781957479,0.1022189469452992,0.03367982806843517,0.14500349193817752,0.008579219751139622,-0.042784544992878315,0.004679385733451377,-0.07937064303820457
2014-01-02,PEP,top100,52.45367182380389,54.75242713943838,44.98116932818425,51.30738960560174,0,41,3,68,0.016643020060703062,0.18315403818178555,0.03367982806843517,0.14500349193817752,-0.017036808007732107,0.03815054624360803,-0.02093664202542035,0.001564448198281776
2014-01-02,BMY,top100,52.395349690526615,61.020086511288525,19.832303618711386,57.148284088823644,1,42,4,68,-0.007651975529891497,0.17046273751378838,0.03367982806843517,0.14500349193817752,-0.041331803598326666,0.025459245575610856,-0.04523163761601491,-0.011126852469715398
2014-01-02,MS,top100,50.368340228011455,50.484608534873516,48.07100297914598,54.14913657770801,0,43,4,68,0.007473147561182447,0.26114945402273193,0.03367982806843517,0.14500349193817752,-0.026206680507252722,0.11614596208455441,-0.030106514524940967,0.07955986403922816
2014-01-02,VZ,top100,50.238811352108364,51.786062345018635,41.47280999651689,56.94005711291942,2,44,4,68,-0.014918167716610142,0.0012029503941244357,0.03367982806843517,0.14500349193817752,-0.04859799578504531,-0.14380054154405308,-0.052497829802733556,-0.18038663958937934
2014-01-02,WMT,top100,50.194107721551354,53.1408683902964,37.454268292682926,55.04646189807288,1,45,4,68,-0.020844517311589317,0.11584908762919,0.03367982806843517,0.14500349193817752,-0.054524345380024486,-0.029154404308987525,-0.05842417939771273,-0.06574050235431378
2014-01-02,COST,top100,49.96755852956507,56.14363718439457,22.246099609960996,62.1779257849667,0,46,4,68,-0.04793894730535353,0.21577394326113652,0.03367982806843517,0.14500349193817752,-0.0816187753737887,0.070770451322959,-0.08551860939147694,0.03418435327763275
2014-01-02,SYK,top100,49.905213875727384,56.30685690080575,26.73433362753751,51.43547319655857,2,47,4,68,0.10136647736975624,0.2781764156128035,0.03367982806843517,0.14500349193817752,0.06768664930132107,0.13317292367462596,0.06378681528363282,0.09658682562929971
2014-01-02,ADI,top100,49.66142931004615,56.30305386703604,22.996458015604624,56.5,1,48,4,68,0.10545374941975783,0.1594637506857408,0.03367982806843517,0.14500349193817752,0.07177392135132266,0.014460258747563293,0.06787408733363441,-0.02212583929776296
2014-01-02,TMO,top100,49.14972968322691,57.864635187028874,17.098232871009444,52.248384781048095,1,49,4,68,0.11306026411840886,0.17431473160875233,0.03367982806843517,0.14500349193817752,0.07938043604997369,0.029311239670574807,0.07548060203228545,-0.007274858374751447
2014-01-02,ETN,top100,48.743928220723525,50.519052271617,40.44191919191919,52.922077922077925,0,50,4,68,0.010364749134484486,-0.074966683458918,0.03367982806843517,0.14500349193817752,-0.023315078933950684,-0.2199701753970955,-0.027214912951638928,-0.25655627344242177
2014-01-02,TXN,top100,48.661588892921785,54.212875588233466,26.81747278399546,53.49081424359265,1,51,4,68,0.11054864763028127,0.27466784620173335,0.03367982806843517,0.14500349193817752,0.0768688195618461,0.12966435426355583,0.07296898554415786,0.09307825621822957
2014-01-02,PG,top100,48.60115039564383,51.07927161081669,33.57588931519178,61.304824050337885,1,52,4,68,0.0050629125632863925,0.15838157697976962,0.03367982806843517,0.14500349193817752,-0.028616915505148777,0.013378085041592103,-0.03251674952283702,-0.02320801300373415
2014-01-02,ADBE,top100,48.55447990861245,57.87285499619696,12.770934638628578,54.892944835488635,3,53,4,68,0.11199190419969662,0.22010457075392154,0.03367982806843517,0.14500349193817752,0.07831207613126145,0.07510107881574402,0.07441224211357321,0.03851498077041776
2014-01-02,AMZN,top100,48.003379660110106,58.57523977664133,8.615138600586093,52.776840963439625,2,54,4,68,-0.13815111691836068,-0.22476568585571766,0.03367982806843517,0.14500349193817752,-0.17183094498679585,-0.3697691777938952,-0.17573077900448408,-0.40635527583922143
2014-01-02,ABT,top100,47.04781928292494,47.00434256986142,44.729437229437224,51.98892038134504,2,55,5,68,0.011902163144266842,0.20076840150321895,0.03367982806843517,0.14500349193817752,-0.021777664924168327,0.05576490956504143,-0.025677498941856572,0.019178811519715178
2014-01-02,IBM,top100,46.78317846001826,37.41324754348754,72.32661762553067,61.285816544708496,0,56,5,68,0.05409504173753188,-0.10529376300227389,0.03367982806843517,0.14500349193817752,0.02041521366909671,-0.2502972549404514,0.016515379651408466,-0.28688335298577766
2014-01-02,LRCX,top100,45.74909577410781,47.994479417239184,33.50705036946648,54.51550108147081,1,57,5,68,0.03095846715169004,0.48362500273098696,0.03367982806843517,0.14500349193817752,-0.0027213609167451303,0.33862151079280944,-0.006621194934433375,0.3020354127474832
2014-01-02,NVDA,top100,45.68911386796624,47.39498525164953,35.24449350807748,54.63725490196076,1,58,5,68,0.1813069094804498,0.29191215854311725,0.03367982806843517,0.14500349193817752,0.14762708141201464,0.14690866660493973,0.1437272473943264,0.11032256855961348
2014-01-02,GE,top100,44.697563784770615,48.29324018477179,27.861041193695918,53.200874166911795,1,59,5,68,-0.05105320285993842,-0.0565559929875622,0.03367982806843517,0.14500349193817752,-0.08473303092837359,-0.20155948492573972,-0.08863286494606183,-0.23814558297106597
2014-01-02,LMT,top100,44.54955633951059,48.39479509996104,26.252491280518182,54.22701513434232,2,60,5,68,0.13010932767403371,0.3665600866330041,0.03367982806843517,0.14500349193817752,0.09642949960559855,0.22155659469482658,0.0925296655879103,0.18497049664950033
2014-01-02,BAC,top100,41.97093805511013,35.48068491710623,60.80100593696598,49.74257425742572,0,61,5,68,0.07766562525034049,0.11988304093567237,0.03367982806843517,0.14500349193817752,0.04398579718190532,-0.02512045100250515,0.04008596316421707,-0.061706549047831405
2014-01-02,PM,top100,40.24593643808202,30.699470280682444,66.38405636166223,54.794959692718564,0,62,5,68,-0.03298845660538685,-0.01377939290295005,0.03367982806843517,0.14500349193817752,-0.06666828467382202,-0.15878288484112757,-0.07056811869151026,-0.19536898288645382
2014-01-02,CVX,top100,40.22589711824027,41.24361986976928,33.89016971985561,45.7732926543065,0,63,5,68,-0.032889408367424156,-0.06078173880160875,0.03367982806843517,0.14500349193817752,-0.06656923643585932,-0.20578523073978627,-0.07046907045354757,-0.24237132878511253
2014-01-02,CAT,top100,35.866506411167876,23.44008057484556,67.4326713076713,59.71915747241724,2,64,5,68,0.11786095670149588,0.04958541716493281,0.03367982806843517,0.14500349193817752,0.08418112863306071,-0.09541807477324471,0.08028129461537246,-0.13200417281857096
2014-01-02,DE,top100,34.38221106928148,17.683739093332015,84.43219446116797,51.17154811715479,1,65,5,68,0.01839932031531366,0.004850123130275996,0.03367982806843517,0.14500349193817752,-0.015280507753121508,-0.14015336880790152,-0.019180341770809753,-0.17673946685322778
2014-01-02,T,top100,32.05340836246885,22.100019788143193,54.05874087951095,57.71646334866422,0,66,5,68,0.02181136812568063,0.03866602669423469,0.03367982806843517,0.14500349193817752,-0.011868459942754539,-0.10633746524394283,-0.015768293960442784,-0.14292356328926908
2014-01-02,AMAT,top100,30.94583435128396,32.392316944215985,13.390715917010404,55.93069306930691,3,67,5,68,0.18119338124686624,0.4499281297008191,0.03367982806843517,0.14500349193817752,0.14751355317843107,0.30492463776264156,0.14361371916074284,0.2683385397173153
2014-01-02,MDLZ,top100,29.77183027883872,31.90350652081156,10.946949133024052,52.49985887665818,4,68,5,68,0.0044045015370268725,0.07413359815935805,0.03367982806843517,0.14500349193817752,-0.029275326531408297,-0.07086989377881947,-0.03317516054909654,-0.10745599182414572
2014-04-01,BX,top100,78.64663159306826,80.36932301690166,82.6086956521739,58.663663508023305,0,1,1,66,0.007881702358964127,0.23301218585508976,0.05165552797901696,0.1141035499752594,-0.04377382562005283,0.11890863587983036,-0.035424372830644854,0.08192398615469357
2014-04-01,MA,top100,75.16353190951239,92.46399974218991,15.96713003030035,72.45306083919385,1,2,1,66,0.011165581665182556,0.1668747194894744,0.05165552797901696,0.1141035499752594,-0.0404899463138344,0.05277116951421501,-0.032140493524426425,0.01578651978907822
2014-04-01,BKNG,top100,74.87301477347492,91.44892072958528,20.541226147033797,67.50525033358473,0,3,1,66,-0.003674490345536685,-0.08132640736448649,0.05165552797901696,0.1141035499752594,-0.05533001832455364,-0.19542995733974589,-0.046980565535145666,-0.23241460706488268
2014-04-01,SPGI,top100,73.43971745896127,86.55911655734914,34.18277393399807,60.117810820172664,0,4,1,66,0.08105377142408243,0.36732279644060273,0.05165552797901696,0.1141035499752594,0.029398243445065475,0.25321924646534333,0.03774769623447345,0.21623459674020654
2014-04-01,AAPL,top100,73.24867919208162,74.78987902635835,78.65574615253809,51.64614643123168,0,5,1,66,0.21535659406833463,0.6362093822121233,0.05165552797901696,0.1141035499752594,0.16370106608931767,0.5221058322368639,0.17205051887872563,0.4851211825117271
2014-04-01,REGN,top100,72.54728568905033,87.22723851302854,20.001719483008774,74.87874833328605,2,6,1,66,-0.011372607324993123,0.437629929423653,0.05165552797901696,0.1141035499752594,-0.06302813530401008,0.3235263794483936,-0.0546786825146021,0.28654172972325676
2014-04-01,GILD,top100,71.79935504137299,87.70486154720867,14.287535474952278,75.48444863336474,1,7,1,66,0.15820215115036684,0.3269958290793109,0.05165552797901696,0.1141035499752594,0.10654662317134989,0.2128922791040515,0.11489607596075786,0.17590762937891471
2014-04-01,AMGN,top100,70.2840324649459,84.56146101780602,28.71404379962928,53.48200992555834,1,8,1,66,-0.04045064655876973,0.27050742829572494,0.05165552797901696,0.1141035499752594,-0.09210617453778669,0.15640387832046554,-0.08375672174837871,0.11941922859532875
2014-04-01,QCOM,top100,69.02495122330109,77.02742742509444,50.95390982927364,49.1497005988024,0,9,1,66,0.0006044947622203534,-0.11358333215841632,0.05165552797901696,0.1141035499752594,-0.051051033216796604,-0.22768688213367572,-0.04270158042738863,-0.26467153185881254
2014-04-01,MSFT,top100,68.67377064742672,80.09678812082488,38.121342710375444,49.817504207742246,1,10,1,66,0.01799738410114804,0.009638133992152298,0.05165552797901696,0.1141035499752594,-0.03365814387786892,-0.1044654159831071,-0.02530869108846094,-0.1414500657082439
2014-04-01,PFE,top100,66.5371541699927,68.1014466857521,66.76655597547611,55.12830294871016,1,11,1,66,-0.050138218566605386,0.11283506673011123,0.05165552797901696,0.1141035499752594,-0.10179374654562234,-0.0012684832451481665,-0.09344429375621437,-0.03825313297028496
2014-04-01,HD,top100,65.04048842988972,72.39176472297717,42.739919465182325,58.182692307692335,0,12,1,66,0.0367651289758093,0.45507593681353087,0.05165552797901696,0.1141035499752594,-0.014890399003207655,0.34097238683827147,-0.006540946213799678,0.30398773711313465
2014-04-01,CB,top100,64.18854504381459,65.01769351186105,68.58594830711145,49.58969924089554,0,13,1,66,0.057730679801555995,0.14748082345912206,0.05165552797901696,0.1141035499752594,0.006075151822539038,0.03337727348386266,0.014424604611947014,-0.003607376241274135
2014-04-01,TJX,top100,62.34059108245935,72.76085827163948,27.584996506603606,58.9099099099099,1,14,1,66,-0.12294812042600822,0.13982806246779567,0.05165552797901696,0.1141035499752594,-0.17460364840502518,0.025724512492536267,-0.16625419561561722,-0.011260137232600526
2014-04-01,GOOGL,top100,61.63183138355532,74.50170648120454,15.254774983020958,64.29681850107958,1,15,2,66,0.041332390190844226,-0.032609507018473094,0.05165552797901696,0.1141035499752594,-0.010323137788172732,-0.1467130569937325,-0.001973684998764755,-0.18369770671886929
2014-04-01,FISV,top100,60.63468342423626,70.49541185808418,28.566225491389773,55.74650025299377,1,16,2,66,0.06842380869261655,0.38907313667306687,0.05165552797901696,0.1141035499752594,0.016768280713599593,0.27496958669780747,0.02511773350300757,0.23798493697267067
2014-04-01,ORCL,top100,60.52044692439691,67.02238128183691,52.30961442126966,31.428571428571423,0,17,2,66,-0.014423076923076872,0.047112488415199216,0.05165552797901696,0.1141035499752594,-0.06607860490209383,-0.06699106156006018,-0.05772915211268585,-0.10397571128519698
2014-04-01,UNP,top100,58.699457011747995,70.08183384111274,22.63988803441701,51.14195716085677,1,18,2,66,0.06716009078407481,0.15967152264570728,0.05165552797901696,0.1141035499752594,0.015504562805057853,0.045567972670447876,0.02385401559446583,0.008583322945311084
2014-04-01,MU,top100,58.69416587430091,71.50607198857463,13.870916975356268,58.65732087227413,1,19,2,66,0.39034255886943825,0.11006445007636656,0.05165552797901696,0.1141035499752594,0.3386870308904213,-0.0040390998988928395,0.34703648367982926,-0.04102374962402963
2014-04-01,INTU,top100,58.39201087516483,68.07503338079513,24.93772880517711,57.519417475728176,1,20,2,66,0.03291984867420661,0.2515805420532802,0.05165552797901696,0.1141035499752594,-0.01873567930481035,0.13747699207802078,-0.010386226515402372,0.10049234235288398
2014-04-01,HON,top100,58.14140083229483,61.693546101464094,47.51658849693493,54.52600861882975,0,21,2,66,0.019251560291303482,0.1293743684184978,0.05165552797901696,0.1141035499752594,-0.032403967687713475,0.01527081844323841,-0.0240545148983055,-0.021713831281898383
2014-04-01,LMT,top100,57.99034339533773,64.84096700074078,35.717524327311324,54.581616293569255,1,22,2,66,-0.010635744810692405,0.2524911590210557,0.05165552797901696,0.1141035499752594,-0.06229127278970936,0.13838760904579628,-0.053941820000301385,0.10140295932065949
2014-04-01,C,top100,57.58926623214054,50.98277146704152,76.26179875270327,66.48966454670821,0,23,2,66,-0.006907117669211593,0.08079130861492434,0.05165552797901696,0.1141035499752594,-0.05856264564822855,-0.03331224136033506,-0.050213192858820574,-0.07029689108547185
2014-04-01,CMCSA,top100,57.505093758854606,61.96338132888151,36.475741584394626,68.35578511758618,0,24,2,66,0.08823936035392532,0.16208322772414108,0.05165552797901696,0.1141035499752594,0.036583832374908365,0.04797967774888168,0.04493328516431634,0.010995028023744885
2014-04-01,ADP,top100,57.45949165950022,67.50992504085471,23.47265795654016,55.08012539593891,1,25,2,66,0.04333985815274266,0.2826578793950838,0.05165552797901696,0.1141035499752594,-0.008315669826274297,0.1685543294198244,3.378296313368001e-05,0.1315696796946876
2014-04-01,DIS,top100,57.42966951077903,67.96514039356033,22.283805070635974,53.97310221159597,1,26,2,66,0.06007119569473507,0.3090610329283521,0.05165552797901696,0.1141035499752594,0.008415667715718111,0.19495748295309268,0.016765120505126088,0.15797283322795588
2014-04-01,CSCO,top100,57.34678297353886,56.66249523619619,55.62720604092123,65.57595100017272,0,27,2,66,0.08571589444576522,0.21518124147595752,0.05165552797901696,0.1141035499752594,0.03406036646674826,0.10107769150069812,0.042409819256156236,0.06409304177556133
2014-04-01,NEE,top100,57.29840717915319,64.69138032411274,34.25107712171673,51.64225527930925,1,28,3,66,0.07749646650362707,0.1372404126419997,0.05165552797901696,0.1141035499752594,0.025840938524610113,0.02313686266674031,0.03419039131401809,-0.013847787058396482
2014-04-01,SCHW,top100,57.1088514563744,64.58563071323763,29.22729952807375,60.53450051493306,1,29,3,66,-0.0024248323141703443,0.09997249317619161,0.05165552797901696,0.1141035499752594,-0.0540803602931873,-0.014131056799067787,-0.045730907503779325,-0.05111570652420458
2014-04-01,ETN,top100,56.96530895429062,58.37852203175639,52.90669272105521,55.19004987850109,0,30,3,66,0.02791804577215773,-0.08192240233104198,0.05165552797901696,0.1141035499752594,-0.02373748220685923,-0.19602595230630138,-0.015388029417451252,-0.23301060203143817
2014-04-01,UNH,top100,56.9324023267403,62.6900439413695,38.97057363343541,52.55256841094573,1,31,3,66,0.005313163958464262,0.4583146302780021,0.05165552797901696,0.1141035499752594,-0.046342364020552695,0.3442110803027427,-0.03799291123114472,0.3072264305776059
2014-04-01,COP,top100,56.61302629151075,51.25376194835368,87.93893004922886,31.47606917817403,1,32,3,66,0.23557449420933363,-0.06902755602546928,0.05165552797901696,0.1141035499752594,0.18391896623031667,-0.18313110600072868,0.19226841901972463,-0.22011575572586548
2014-04-01,ACN,top100,56.428312180735354,59.89002932445845,40.644064229879405,63.76478807638564,0,33,3,66,0.03377857005628182,0.20656107385932354,0.05165552797901696,0.1141035499752594,-0.017876957922735137,0.09245752388406414,-0.00952750513332716,0.05547287415892735
2014-04-01,VZ,top100,56.3641552952848,53.46083638943306,64.23822156076392,60.939255105288794,0,34,3,66,0.045440303363835755,0.0713138000016067,0.05165552797901696,0.1141035499752594,-0.006215224615181203,-0.0427897499736527,0.002134228174226774,-0.0797743996987895
2014-04-01,LOW,top100,55.930015176401625,62.210319366558316,36.82563244621224,50.17665130568355,0,35,3,66,-0.022539932451306477,0.5300540897432644,0.05165552797901696,0.1141035499752594,-0.07419546043032343,0.415950539768005,-0.06584600764091546,0.3789658900428682
2014-04-01,PGR,top100,54.681260951708765,51.040393891224575,65.43317163876227,58.663509000991034,0,36,3,66,0.057700105425350756,0.149524427401323,0.05165552797901696,0.1141035499752594,0.006044577446333799,0.03542087742606359,0.014394030235741775,-0.0015637722990732017
2014-04-01,AMZN,top100,53.51161397574219,58.243125699824176,23.260945544677046,80.89236876929863,1,37,3,66,-0.030904691098865955,0.07950669115717668,0.05165552797901696,0.1141035499752594,-0.08256021907788291,-0.03459685881808272,-0.07421076628847494,-0.07158150854321951
2014-04-01,BAC,top100,53.29514126889545,49.32166958501352,65.52290772205475,56.65391014975043,0,38,3,66,-0.09976584278015244,-0.10258316298085868,0.05165552797901696,0.1141035499752594,-0.1514213707591694,-0.21668671295611808,-0.14307191796976143,-0.2536713626812549
2014-04-01,TXN,top100,53.0716497803571,58.74059989471796,30.765446035392195,58.00140646976091,0,39,3,66,0.026845063358361898,0.22102996061307878,0.05165552797901696,0.1141035499752594,-0.02481046462065506,0.10692641063781938,-0.016461011831247083,0.06994176091268259
2014-04-01,BMY,top100,52.917216928956464,60.0318291870077,20.199069340142287,68.55122630022615,1,40,3,66,-0.05882867795937652,0.2670280489441532,0.05165552797901696,0.1141035499752594,-0.11048420593839348,0.15292449896889382,-0.1021347531489855,0.11593984924375703
2014-04-01,PEP,top100,52.48881930667533,55.39790080440487,43.750157248857846,49.60257293820355,0,41,4,66,0.08345507766611249,0.17964693849070001,0.05165552797901696,0.1141035499752594,0.03179954968709553,0.06554338851544061,0.040149002476503506,0.028558738790303823
2014-04-01,INTC,top100,52.27453145394814,51.13459455983316,53.734909643658014,57.33333333333334,1,42,4,66,0.2022417203948379,0.22017958363656853,0.05165552797901696,0.1141035499752594,0.15058619241582094,0.10607603366130913,0.1589356452052289,0.06909138393617234
2014-04-01,DHR,top100,52.11096713547432,56.64822792252979,33.29365647465822,57.98476294771822,1,43,4,66,0.05767111787391466,0.12069745782721619,0.05165552797901696,0.1141035499752594,0.006015589894897699,0.006593907851956793,0.014365042684305676,-0.03039074187318
2014-04-01,TMO,top100,51.44924472473343,61.322571488707936,13.612013039452817,58.01042074747316,1,44,4,66,-0.022738614697564885,0.08825960664883747,0.05165552797901696,0.1141035499752594,-0.07439414267658184,-0.025843943326421925,-0.06604468988717387,-0.06282859305155872
2014-04-01,KLAC,top100,51.326902013554744,57.52099634390197,29.737273217323924,51.147499293585774,2,45,4,66,0.051061246514974235,0.05517582516413322,0.05165552797901696,0.1141035499752594,-0.000594281464042723,-0.05892772481112618,0.007755171325365254,-0.09591237453626297
2014-04-01,LLY,top100,50.9299634784028,52.20095432891473,45.284135258111185,53.324683965402514,1,46,4,66,0.07140024730311678,0.2539483221762675,0.05165552797901696,0.1141035499752594,0.019744719324099824,0.1398447722010081,0.0280941721135078,0.10286012247587131
2014-04-01,SYK,top100,49.51149352913706,56.585092505912584,22.648565887869875,53.72215597424279,1,47,4,66,0.04794962730747976,0.13010126410987932,0.05165552797901696,0.1141035499752594,-0.003705900671537199,0.015997714134619923,0.004643552117870778,-0.02098693559051687
2014-04-01,COST,top100,49.38083514418711,53.83149593294521,30.884934758154596,55.218010394945395,0,48,4,66,0.03516504263025366,0.4030595789679512,0.05165552797901696,0.1141035499752594,-0.016490485348763295,0.2889560289926918,-0.008141032559355318,0.251971379267555
2014-04-01,ADI,top100,48.84927672282548,57.11897805923964,19.36980947728383,49.920301859009754,1,49,4,66,0.015219440037219645,0.18960000954346468,0.05165552797901696,0.1141035499752594,-0.03643608794179731,0.07549645956820528,-0.028086635152389336,0.038511809843068484
2014-04-01,WMT,top100,48.787051743334686,52.03825703118739,36.14828591952055,51.306146375994075,1,50,4,66,-0.01333603346850476,0.07718105888105731,0.05165552797901696,0.1141035499752594,-0.06499156144752172,-0.03692249109420209,-0.05664210865811374,-0.07390714081933888
2014-04-01,JPM,top100,48.41881945060115,48.60776511889979,46.149417710311255,51.63500325309043,1,51,4,66,-0.03843822886632009,0.02128748783309775,0.05165552797901696,0.1141035499752594,-0.09009375684533705,-0.09281606214216165,-0.08174430405592907,-0.12980071186729844
2014-04-01,MS,top100,48.31921090527665,47.946985787212014,42.39019615658271,62.78281622911697,0,52,4,66,0.038962938017334636,0.16655736542654065,0.05165552797901696,0.1141035499752594,-0.012692589961682321,0.05245381545128125,-0.0043431371722743445,0.015469165726144457
2014-04-01,CAT,top100,47.64488178002087,42.41432670206088,64.45939910084614,50.629732684090214,2,53,4,66,0.10021912969534408,-0.1794846636468197,0.05165552797901696,0.1141035499752594,0.04856360171632712,-0.2935882136220791,0.0569130545057351,-0.3305728633472159
2014-04-01,MDLZ,top100,47.63583599745783,44.120963283211424,55.8438806181019,55.82385575589457,0,54,5,66,0.09171154375941093,0.05971326462452309,0.05165552797901696,0.1141035499752594,0.04005601578039397,-0.05439028535073631,0.04840546856980195,-0.0913749350758731
2014-04-01,ADBE,top100,47.41226618389764,56.088882904011925,8.965751935308669,63.568977640275605,3,55,5,66,0.10738662217503414,0.13863188229940815,0.05165552797901696,0.1141035499752594,0.055731094196017184,0.02452833232414875,0.06408054698542516,-0.012456317400988043
2014-04-01,PG,top100,46.64499847537144,51.213474087281085,27.592375136160193,52.77091587042645,1,56,5,66,-0.005310179674658411,0.0565291475372669,0.05165552797901696,0.1141035499752594,-0.05696570765367537,-0.0575744024379925,-0.04861625486426739,-0.09455905216312929
2014-04-01,LRCX,top100,46.488767642138455,47.545258833699975,38.84124055026512,54.38838348495452,0,57,5,66,0.23713656014240914,0.27547257777401035,0.05165552797901696,0.1141035499752594,0.18548103216339218,0.16136902779875095,0.19383048495280014,0.12438437807361416
2014-04-01,IBM,top100,44.63147036820297,35.78302835637582,68.42818221931242,58.977140748774104,0,58,5,66,-0.03632362832030256,-0.16044517253127666,0.05165552797901696,0.1141035499752594,-0.08797915629931952,-0.27454872250653606,-0.07962970350991154,-0.3115333722316729
2014-04-01,MCD,top100,43.89263052251104,41.58438683712633,48.32474178772399,51.186113789778204,0,59,5,66,0.03998099633883467,0.01765028470247554,0.05165552797901696,0.1141035499752594,-0.011674531640182284,-0.09645326527278386,-0.0033250788507743073,-0.13343791499792065
2014-04-01,GE,top100,42.02737063692322,42.66488372002688,32.906601931991275,55.80631646506154,1,60,5,66,0.02890478999493684,-0.005468421252110112,0.05165552797901696,0.1141035499752594,-0.022750737984080116,-0.11957197122736951,-0.01440128519467214,-0.1565566209525063
2014-04-01,NVDA,top100,41.69713394114885,43.3860851322852,30.05541332191443,53.15791684166318,1,61,5,66,0.009975062344139696,0.14599863976422567,0.05165552797901696,0.1141035499752594,-0.04168046563487726,0.03189508978896627,-0.033331012845469285,-0.0050895599361705235
2014-04-01,ABT,top100,41.124867654837466,44.95711461600468,18.78555097344387,58.9777722894542,3,62,5,66,0.07680257546340097,0.21922968420703248,0.05165552797901696,0.1141035499752594,0.02514704748438401,0.10512613423177308,0.03349650027379199,0.06814148450663629
2014-04-01,T,top100,39.73774454144055,29.686393166421443,74.76061350232904,40.05146624479734,0,63,5,66,0.028762161136755893,0.005709072185436481,0.05165552797901696,0.1141035499752594,-0.022893366842261065,-0.10839447778982292,-0.014543914052853088,-0.1453791275149597
2014-04-01,PM,top100,39.49219232381736,26.250032729795894,74.31159503202242,62.54850406555756,0,64,5,66,0.035086478265482945,-0.030302762352774737,0.05165552797901696,0.1141035499752594,-0.016569049713534012,-0.14440631232803414,-0.008219596924126035,-0.18139096205317093
2014-04-01,AMAT,top100,36.812570601224074,40.86870848800859,15.609350712794775,50.82604517059104,1,65,5,66,0.10442219417354837,0.10570136463716273,0.05165552797901696,0.1141035499752594,0.05276666619453141,-0.008402185338096668,0.061116118983939385,-0.04538683506323346
2014-04-01,DE,top100,32.73478355412372,16.164365726048306,84.44631561611338,45.30464422667234,1,66,5,66,-0.00777319156896128,-0.01485412806582298,0.05165552797901696,0.1141035499752594,-0.05942871954797824,-0.12895767804108238,-0.05107926675857026,-0.16594232776621917
2014-07-01,BX,top100,82.47291346518094,85.79821426233586,86.95652173913044,50.22859133719743,0,1,1,69,-0.07249933961433475,0.3102051598133311,-0.008990527172384799,0.07384969482237747,-0.06350881244194995,0.2363554649909536,-0.08145404491087786,0.16536879075706898
2014-07-01,BKNG,top100,74.02987962227918,90.084383887848,25.26784460661393,59.17241979462783,0,2,1,69,-0.08751369449251034,-0.0773362548250689,-0.008990527172384799,0.07384969482237747,-0.07852316732012554,-0.15118594964744636,-0.09646839978905346,-0.222172623881331
2014-07-01,MA,top100,73.72222454587917,91.75579241857079,16.588896415953307,61.75390569688962,0,3,1,69,-0.027866185222715223,0.25953587280745594,-0.008990527172384799,0.07384969482237747,-0.018875658050330424,0.18568617798507847,-0.03682089051925834,0.11469950375119384
2014-07-01,GILD,top100,73.26248878010156,91.47097845401133,21.430073820767515,49.4678909814013,0,4,1,69,0.23801250512505123,0.3651103594369278,-0.008990527172384799,0.07384969482237747,0.24700303229743603,0.29126066461455036,0.2290577998285081,0.22027399038066572
2014-07-01,AAPL,top100,72.76841120892057,76.92209430986385,68.5050468438248,52.21935823250921,0,5,1,69,0.06579384140745503,0.37747251674379556,-0.008990527172384799,0.07384969482237747,0.07478436857983983,0.3036228219214181,0.05683913611091192,0.23263614768753346
2014-07-01,AMGN,top100,69.50659141592112,81.50728263135474,35.549961666390075,53.41501240694789,1,6,1,69,0.159408269286347,0.3127227742546388,-0.008990527172384799,0.07384969482237747,0.1683987964587318,0.23887307943226133,0.15045356398980386,0.1678864051983767
2014-07-01,REGN,top100,68.02846872953302,79.63033098239885,27.506712032725094,67.85894635308803,2,7,1,69,0.17212159686551942,0.6695011009676137,-0.008990527172384799,0.07384969482237747,0.18111212403790422,0.5956514061452363,0.1631668915689763,0.5246647319113517
2014-07-01,SPGI,top100,67.44798258319926,84.74405443475787,14.944867858066678,51.38170907255426,1,8,1,69,-0.009267175050439502,0.2268790821735116,-0.008990527172384799,0.07384969482237747,-0.00027664787805470326,0.15302938735113414,-0.01822188034698262,0.0820427131172495
2014-07-01,MSFT,top100,67.05507290423496,77.1695344441898,39.688851379610554,50.98628517379995,1,9,1,69,0.10309728701868992,0.08967228373524594,-0.008990527172384799,0.07384969482237747,0.11208781419107472,0.015822588912868474,0.0941425817221468,-0.05516408532101616
2014-07-01,QCOM,top100,66.25065945553622,72.07495180807305,52.127507707936346,53.72691648297818,0,10,1,69,-0.06824550557542897,-0.19187014208493391,-0.008990527172384799,0.07384969482237747,-0.05925497840304417,-0.2657198369073114,-0.07720021087197208,-0.336706511141196
2014-07-01,TJX,top100,65.7120624890477,70.51104519114418,54.48420255073729,54.574903450993155,0,11,1,69,0.11027820233057395,0.2747789135178591,-0.008990527172384799,0.07384969482237747,0.11926872950295875,0.20092921869548164,0.10132349703403083,0.129942544461597
2014-07-01,PFE,top100,63.83649062950189,64.05365643612375,67.94729183590053,54.09472757035158,1,12,1,69,-0.022363893345101693,0.15924881173180028,-0.008990527172384799,0.07384969482237747,-0.013373366172716894,0.08539911690942281,-0.03131859864164481,0.014412442675538178
2014-07-01,ORCL,top100,63.29329296690463,65.95653583811944,55.51544052405026,60.20629775410973,0,13,1,69,-0.06301498677637385,-0.0008786364972083183,-0.008990527172384799,0.07384969482237747,-0.05402445960398905,-0.07472833131958578,-0.07196969207291697,-0.14571500555347042
2014-07-01,FISV,top100,63.11136847193094,73.59354600075702,31.77716702426066,52.40452866548901,1,14,1,69,0.050808691390295646,0.37412187551053755,-0.008990527172384799,0.07384969482237747,0.059799218562680445,0.3002721806881601,0.04185398609375253,0.22928550645427545
2014-07-01,CB,top100,62.426455385516235,63.65554558555618,61.32101965211726,56.03369545203463,0,15,2,69,0.003055727450218537,0.008345685763763822,-0.008990527172384799,0.07384969482237747,0.012046254622603336,-0.06550400905861364,-0.0058989778463245796,-0.13649068329249828
2014-07-01,HD,top100,61.75069663525369,69.53969102784939,43.70591073264173,43.317307692307715,0,16,2,69,0.11806369468340372,0.39771143141639875,-0.008990527172384799,0.07384969482237747,0.12705422185578852,0.3238617365940213,0.1091089893868606,0.2528750623601367
2014-07-01,COP,top100,61.46663909676189,61.3859910431137,77.61198501872659,29.7404836283698,0,17,2,69,-0.12162434936830269,-0.2741374223856985,-0.008990527172384799,0.07384969482237747,-0.11263382219591789,-0.34798711720807596,-0.13057905466484582,-0.41897379144196056
2014-07-01,LOW,top100,60.68696259097919,65.03879523851245,48.21454421303633,55.16897081413209,0,18,2,69,0.09815699091225571,0.4193845898044757,-0.008990527172384799,0.07384969482237747,0.10714751808464051,0.3455348949820982,0.0892022856157126,0.2745482207482136
2014-07-01,MU,top100,60.36550425141661,77.70476227881672,13.853606904412963,32.0144927536232,1,19,2,69,-0.014126970713923548,-0.4473218812622226,-0.008990527172384799,0.07384969482237747,-0.005136443541538749,-0.5211715760846001,-0.023081676010466665,-0.5921582503184847
2014-07-01,GOOGL,top100,59.83761436255267,74.98100233165628,12.92304261973517,47.663042064462424,1,20,2,69,-0.020050724167710587,-0.08147270759872616,-0.008990527172384799,0.07384969482237747,-0.011060196995325788,-0.15532240242110362,-0.029005429464253704,-0.22630907665498826
2014-07-01,SCHW,top100,59.728877147759725,66.78491042754032,38.68367366739891,52.427051150017164,0,21,2,69,0.056118812889213165,0.22251115673731192,-0.008990527172384799,0.07384969482237747,0.06510934006159796,0.14866146191493446,0.04716410759267005,0.07767478768104982
2014-07-01,BMY,top100,59.140728687363044,65.8612971674124,34.25506775365031,61.868071194443054,0,22,2,69,0.05752121862154924,0.44128843065897083,-0.008990527172384799,0.07384969482237747,0.06651174579393404,0.36743873583659337,0.048566513325006125,0.29645206160270876
2014-07-01,UNP,top100,58.560379130131885,69.83190911964331,21.112435954130078,54.55555555555556,1,23,2,69,0.061972236773179645,-0.021263750654793023,-0.008990527172384799,0.07384969482237747,0.07096276394556444,-0.09511344547717049,0.05301753147663653,-0.16610011971105512
2014-07-01,LLY,top100,58.28443761963224,64.99565664818404,38.04893921418103,51.77690123067214,1,24,2,69,0.04965864161050337,0.39792777250468125,-0.008990527172384799,0.07384969482237747,0.05864916878288817,0.3240780776823038,0.04070393631396026,0.2530914034484192
2014-07-01,DIS,top100,58.283527251168394,69.56268173129254,22.987792040452995,49.92091631173019,1,25,2,69,0.011795338372370345,0.3562085912470061,-0.008990527172384799,0.07384969482237747,0.020785865544755144,0.28235889642462864,0.0028406330758272286,0.211372222190744
2014-07-01,LMT,top100,58.2384304859309,62.53449828387969,42.94783704980209,58.74714277254695,1,26,2,69,0.1157905497363374,0.20797319973629413,-0.008990527172384799,0.07384969482237747,0.1247810769087222,0.13412350491391667,0.10683584443979428,0.06313683068003204
2014-07-01,HON,top100,57.64363388369529,61.0112276867314,48.20966759817279,52.938409833487476,0,27,2,69,-0.02637643972181869,0.10913094992416239,-0.008990527172384799,0.07384969482237747,-0.01738591254943389,0.035281255101784925,-0.035331145018361806,-0.03570541913209971
2014-07-01,NEE,top100,57.1485447240959,64.2294643549504,35.405552919173495,51.06809091795923,1,28,2,69,-0.06355694652333654,-0.000713022179888334,-0.008990527172384799,0.07384969482237747,-0.054566419350951745,-0.0745627170022658,-0.07251165181987966,-0.14554939123615043
2014-07-01,CMCSA,top100,56.70686459003207,65.05395740637876,33.728843192578964,44.23325767051155,1,29,3,69,-0.01773293668018261,0.16975449146172328,-0.008990527172384799,0.07384969482237747,-0.00874240950779781,0.09590479663934581,-0.026687641976725726,0.02491812240546118
2014-07-01,INTU,top100,56.59091373765746,65.0423904807079,33.946978704838806,42.71844660194176,0,30,3,69,0.05709900146393698,0.26381180763432166,-0.008990527172384799,0.07384969482237747,0.06608952863632178,0.1899621128119442,0.048144296167393866,0.11897543857805956
2014-07-01,ETN,top100,56.312325015441694,58.48207982531064,49.49926722032242,54.75015693659764,0,31,3,69,-0.18404331807063945,-0.09893975306773262,-0.008990527172384799,0.07384969482237747,-0.17505279089825465,-0.17278944789011008,-0.19299802336718258,-0.24377612212399472
2014-07-01,AMAT,top100,55.32440679802103,64.74787051315859,23.092773154429082,53.823428079242035,0,32,3,69,-0.07082090546621145,-0.12327931695417316,-0.008990527172384799,0.07384969482237747,-0.06183037829382665,-0.19712901177655062,-0.07977561076275456,-0.26811568601043523
2014-07-01,ADP,top100,55.193708146944566,65.93277472563439,21.087831157201624,48.231996075601764,1,33,3,69,0.018004599674729338,0.17327785106749083,-0.008990527172384799,0.07384969482237747,0.026995126847114137,0.09942815624511336,0.009049894378186221,0.02844148201122873
2014-07-01,TXN,top100,54.008583594194526,61.0313575902123,33.861335985297885,45.14366083986337,0,34,3,69,-0.027036811437634367,0.09845306915217611,-0.008990527172384799,0.07384969482237747,-0.018046284265249568,0.024603374329798644,-0.035991516734177484,-0.04638329990408599
2014-07-01,ACN,top100,53.17793092284433,57.56984718278461,39.00394587876057,50.782487191429894,0,35,3,69,-0.018831077828622256,0.23635577057830703,-0.008990527172384799,0.07384969482237747,-0.009840550656237457,0.16250607575592957,-0.027785783125165373,0.09151940152204494
2014-07-01,BAC,top100,52.216839895037545,46.07631538172366,66.55033096037124,66.53352935756737,0,36,3,69,0.08152497027348393,0.11729587792310747,-0.008990527172384799,0.07384969482237747,0.09051549744586873,0.04344618310073001,0.07257026497694082,-0.027540491133154626
2014-07-01,UNH,top100,52.16151291068168,56.46575391538276,41.46115124563213,43.43254920787324,1,37,3,69,0.04092032785079747,0.5303032783591386,-0.008990527172384799,0.07384969482237747,0.049910855023182266,0.45645358353676113,0.03196562255425435,0.3854669093028765
2014-07-01,LRCX,top100,52.017576244738464,60.08538376512926,34.565658416110296,30.446759259259252,0,38,3,69,0.061547158176025185,0.2115694268388777,-0.008990527172384799,0.07384969482237747,0.07053768534840998,0.13771973201650023,0.05259245287948207,0.0667330577826156
2014-07-01,KLAC,top100,51.22943491404098,60.80706785196004,28.115819341368258,30.413235493952982,1,39,3,69,0.05472008898966796,-0.004321132906924485,-0.008990527172384799,0.07384969482237747,0.06371061616205276,-0.07817082772930195,0.04576538369312484,-0.14915750196318658
2014-07-01,MS,top100,51.05597788246593,52.79227240167502,46.92698373916399,47.15990453460622,0,40,3,69,0.05393037032614134,0.23362150220285005,-0.008990527172384799,0.07384969482237747,0.06292089749852614,0.15977180738047259,0.044975665029598225,0.08878513314658795
2014-07-01,MDLZ,top100,49.844219877757716,51.51665630103241,42.85314545968777,52.11931375097478,0,41,3,69,-0.1049276664880654,0.11676028829700802,-0.008990527172384799,0.07384969482237747,-0.0959371393156806,0.042910593474630554,-0.11388237178460851,-0.02807608075925408
2014-07-01,WMT,top100,49.21348663579245,50.11364648338845,44.860251678155926,51.61883761789344,1,42,4,69,0.017821474877227184,-0.021565987014352195,-0.008990527172384799,0.07384969482237747,0.026812002049611983,-0.09541568183672966,0.008866769580684067,-0.1664023560706143
2014-07-01,TMO,top100,49.04144595892626,57.97513269234726,15.501191642668793,53.58614745749431,1,43,4,69,0.006348749105256735,0.10489882854100108,-0.008990527172384799,0.07384969482237747,0.015339276277641534,0.03104913371862361,-0.002605956191286382,-0.03993754051526102
2014-07-01,AMZN,top100,49.01117162172402,52.08756896455729,28.341142137747944,68.81644918984324,1,44,4,69,-0.04491711543668575,0.31589397996329605,-0.008990527172384799,0.07384969482237747,-0.03592658826430095,0.24204428514091858,-0.05387182073322887,0.17105761090703395
2014-07-01,ADI,top100,48.88199417124408,57.038920259139424,17.318961768385147,54.90957636169453,1,45,4,69,-0.10848526722975038,0.21650051467166764,-0.008990527172384799,0.07384969482237747,-0.09949474005736558,0.14265081984929018,-0.1174399725262935,0.07166414561540554
2014-07-01,JPM,top100,48.854014485114426,47.37267497960322,52.10591819474878,52.7195836044242,2,46,4,69,0.038212880553115,0.21385461629550395,-0.008990527172384799,0.07384969482237747,0.0472034077254998,0.1400049214731265,0.029258175256571886,0.06901824723924185
2014-07-01,CAT,top100,48.7031709295642,44.77254014723085,61.69293818804333,50.23805188893944,1,47,4,69,-0.1002360798361066,-0.207348944824699,-0.008990527172384799,0.07384969482237747,-0.09124555266372181,-0.2811986396470765,-0.10919078513264972,-0.3521853138809611
2014-07-01,DHR,top100,48.60657398039096,54.26474779426353,26.585191188879513,53.04212286630592,1,48,4,69,-0.06067183013871924,0.09212704869745325,-0.008990527172384799,0.07384969482237747,-0.05168130296633444,0.018277353875075786,-0.06962653543526236,-0.05270932035880885
2014-07-01,PEP,top100,48.210530035498515,52.82707388575186,30.42783838587171,51.46010638297873,1,49,4,69,0.046907074458805376,0.09023526093272838,-0.008990527172384799,0.07384969482237747,0.055897601631190175,0.016385566110350913,0.03795236916226226,-0.05460110812353372
2014-07-01,INTC,top100,47.386817515387136,52.620789131923814,37.90751410024575,29.707623029913165,1,50,4,69,0.10445521551375037,0.0013556200682924846,-0.008990527172384799,0.07384969482237747,0.11344574268613516,-0.07249407475408498,0.09550051021720725,-0.14348074898796961
2014-07-01,SYK,top100,46.802070457792524,54.37711242059068,17.545457091369002,52.29000345105259,2,51,4,69,-0.045186690680867114,0.14030552196586443,-0.008990527172384799,0.07384969482237747,-0.036196163508482315,0.06645582714348697,-0.05414139597741023,-0.004530847090397666
2014-07-01,NVDA,top100,46.75981259064066,48.54252995999197,34.43365629919123,58.933103588080286,1,52,4,69,-0.021324354657688005,0.10662177328844002,-0.008990527172384799,0.07384969482237747,-0.012333827485303206,0.03277207846606256,-0.03027905995423112,-0.038214595767822074
2014-07-01,NFLX,top100,46.60073949674711,58.70834198335082,12.90184467299823,29.24531173801887,1,53,4,69,-0.07250022193945493,0.385434853372,-0.008990527172384799,0.07384969482237747,-0.06350969476707014,0.31158515854962254,-0.08145492723599805,0.2405984843157379
2014-07-01,BSX,top100,46.53281025200516,50.94176211178685,26.626406596044575,55.48295454545455,0,54,4,69,-0.09160892994611236,0.3702848344880678,-0.008990527172384799,0.07384969482237747,-0.08261840277372756,0.29643513966569035,-0.10056363524265548,0.22544846543180572
2014-07-01,ADBE,top100,45.88515930927176,58.39898498788566,8.280051994101065,33.49859418931582,3,55,4,69,-0.07492124366525132,0.10861525818381024,-0.008990527172384799,0.07384969482237747,-0.06593071649286653,0.03476556336143277,-0.08387594896179444,-0.03622111087245186
2014-07-01,PG,top100,45.19878799191586,47.14738608340588,34.54219895905784,52.87177941720179,1,56,5,69,0.057065981929491416,0.03689425155543846,-0.008990527172384799,0.07384969482237747,0.06605650910187622,-0.036955443266939,0.0481112766329483,-0.10794211750082364
2014-07-01,COST,top100,44.84437415451054,48.28589095467852,27.49122813454631,55.46004859326307,0,57,5,69,0.08401101662807364,0.23471887949124626,-0.008990527172384799,0.07384969482237747,0.09300154380045844,0.1608691846688688,0.07505631133153053,0.08988251043498416
2014-07-01,DE,top100,44.73045584144504,31.00510325854971,85.56539050753886,59.13805458952473,1,58,5,69,-0.08811249821108147,0.0972277265871837,-0.008990527172384799,0.07384969482237747,-0.07912197103869667,0.02337803176480624,-0.09706720350762459,-0.047608642469078394
2014-07-01,C,top100,42.616670730824836,30.046961862090882,77.63076041164938,60.57645345031342,0,59,5,69,0.07691180653112584,0.17501946352492337,-0.008990527172384799,0.07384969482237747,0.08590233370351064,0.1011697687025459,0.06795710123458272,0.03018309446866127
2014-07-01,T,top100,40.90395756700664,28.909683458994163,75.09198860245044,56.48781425220637,0,60,5,69,0.0022917855731658943,0.07747288931817176,-0.008990527172384799,0.07384969482237747,0.011282312745550693,0.0036231944957942908,-0.0066629197233772225,-0.06736347973809034
2014-07-01,CSCO,top100,40.88700915015232,38.56413018661162,44.13782679071268,50.64552661381655,1,61,5,69,0.013287773059126762,0.13200762923310072,-0.008990527172384799,0.07384969482237747,0.02227830023151156,0.058157934410723255,0.004333067762583645,-0.012828739823161378
2014-07-01,GE,top100,40.88486401451438,41.54788268432666,32.9902962206333,52.03286891359057,1,62,5,69,-0.03892166363476657,0.046238838168316754,-0.008990527172384799,0.07384969482237747,-0.02993113646238177,-0.02761085665406071,-0.047876368931309685,-0.09859753088794534
2014-07-01,ISRG,top100,40.78430132068595,30.270758855064265,53.078736645355875,89.7902279306979,1,63,5,69,0.13852578068264343,0.19520608604778866,-0.008990527172384799,0.07384969482237747,0.14751630785502823,0.1213563912254112,0.1295710753861003,0.050369716991526564
2014-07-01,MCD,top100,40.19861088711484,38.1308704125954,40.35626449563368,54.35748699171323,1,64,5,69,-0.059376681754162,-0.018401864180008887,-0.008990527172384799,0.07384969482237747,-0.0503861545817772,-0.09225155900238635,-0.06833138705070511,-0.16323823323627099
2014-07-01,VZ,top100,39.68676117835416,30.358914941806425,67.22958665282218,49.89603388525222,1,65,5,69,0.011995973164677487,-0.004353439332344666,-0.008990527172384799,0.07384969482237747,0.020986500337062286,-0.07820313415472213,0.0030412678681343702,-0.14918980838860676
2014-07-01,PGR,top100,38.76624728931223,29.102496484963787,61.25070477581721,61.44358794674142,0,66,5,69,-0.011769216024535178,0.14647717626441037,-0.008990527172384799,0.07384969482237747,-0.0027786888521503794,0.0726274814420329,-0.020723921321078295,0.0016408072081482705
2014-07-01,ABT,top100,37.4069362133264,42.50198788551563,13.487166566600909,49.58111380145278,3,67,5,69,0.005362987985674028,0.22808418041831313,-0.008990527172384799,0.07384969482237747,0.014353515158058827,0.15423448559593567,-0.0035917173108690886,0.08324781136205103
2014-07-01,PM,top100,34.07734728763877,21.143939096395794,69.02542055943697,54.71505808274323,0,68,5,69,0.0028660515974714418,0.013429010763710947,-0.008990527172384799,0.07384969482237747,0.01185657876985624,-0.06042068405866652,-0.006088653699071675,-0.13140735829255115
2014-07-01,IBM,top100,33.01004302766073,16.733795837719487,79.22104454710282,54.52177031836517,1,69,5,69,0.01034071227265776,-0.09292444319065474,-0.008990527172384799,0.07384969482237747,0.01933123944504256,-0.1667741380130322,0.0013860069761146426,-0.23776081224691684
2014-10-01,BX,top100,85.55201997004076,85.85551112190012,92.70866391621708,69.11429401467254,0,1,1,69,0.1289323476011346,0.12569865549608994,0.0628438283919337,0.008543448509124252,0.06608851920920089,0.11715520698696569,0.048422740777842865,0.05055945653904825
2014-10-01,GILD,top100,80.42274844549664,96.4030101036451,35.638854008615425,58.1287057122198,0,2,1,69,-0.10114629431075373,-0.062275505289899225,0.0628438283919337,0.008543448509124252,-0.16399012270268742,-0.07081895379902348,-0.18165590113404545,-0.1374147042469409
2014-10-01,MU,top100,79.92733043125266,91.03182894607342,52.651506225207186,56.747489239598295,1,3,1,69,0.037312770340801826,-0.5591038078066312,0.0628438283919337,0.008543448509124252,-0.025531058051131872,-0.5676472563157554,-0.0431968364824899,-0.6342430067636728
2014-10-01,BKNG,top100,74.44472100202594,85.90663447375556,40.69340467735227,61.71395934926608,0,4,1,69,0.0038667052663943213,0.0961784025547634,0.0628438283919337,0.008543448509124252,-0.05897712312553938,0.08763495404563915,-0.0766429015568974,0.021039203597721712
2014-10-01,MA,top100,71.80892358499419,87.62722290932695,22.957409071892876,58.78385734086761,0,5,1,69,0.17030441389131523,0.24606067724199665,0.0628438283919337,0.008543448509124252,0.10746058549938153,0.2375172287328724,0.08979480706802351,0.17092147828495496
2014-10-01,AAPL,top100,70.0643398516387,73.36035037800744,64.66486853956312,57.79120879120876,0,6,1,69,0.1071222461411625,0.12374845417487301,0.0628438283919337,0.008543448509124252,0.044278417749228804,0.11520500566574876,0.02661263931787078,0.048609255217831326
2014-10-01,QCOM,top100,69.96473912454653,70.50548341385071,72.58928686860851,60.930433611293175,0,7,1,69,0.011290859186559032,-0.2605290617226075,0.0628438283919337,0.008543448509124252,-0.051552969205374666,-0.26907251023173173,-0.06921874763673269,-0.33566826067964917
2014-10-01,AMGN,top100,68.85691359451269,82.34782089213601,27.66299991723405,56.8083898657068,1,8,1,69,0.15618014644041978,0.029175608935581243,0.0628438283919337,0.008543448509124252,0.09333631804848608,0.02063216042645699,0.07567053961712805,-0.04596359002146044
2014-10-01,MSFT,top100,68.13434069726404,78.23300918121345,38.84555541766066,56.021231868824906,1,9,1,69,0.02516105820872716,-0.0020758325978190717,0.0628438283919337,0.008543448509124252,-0.03768277018320654,-0.010619281106943324,-0.05534854861456456,-0.07721503155486076
2014-10-01,REGN,top100,67.39546065394663,82.04170135145361,21.62172789574205,56.419241287806976,2,10,1,69,0.1533982654982209,0.33002427575807824,0.0628438283919337,0.008543448509124252,0.09055443710628719,0.321480827248954,0.07288865867492916,0.25488507680103656
2014-10-01,SPGI,top100,66.00163602430021,80.60716360132476,18.147153522050093,59.47190798962862,1,11,1,69,0.07548955313175965,0.08264157347323864,0.0628438283919337,0.008543448509124252,0.012645724739825948,0.07409812496411439,-0.005020053691532078,0.007502374516196952
2014-10-01,COP,top100,65.41511570189543,58.0839669727352,85.87087087087087,75.82164646806615,0,12,1,69,-0.07197740468090785,-0.32812708688513004,0.0628438283919337,0.008543448509124252,-0.13482123307284155,-0.3366705353942543,-0.15248701150419958,-0.4032662858421717
2014-10-01,INTU,top100,65.30888027468488,77.22568715190314,28.296899765572356,55.915193152382045,1,13,1,69,0.06728081190155066,0.047957327628526114,0.0628438283919337,0.008543448509124252,0.004436983509616965,0.03941387911940186,-0.01322879492174106,-0.027181871328515572
2014-10-01,FISV,top100,64.95232204650743,76.67855180759395,29.179070374722546,54.415217062471655,1,14,1,69,0.09794776119403004,0.3605410447761197,0.0628438283919337,0.008543448509124252,0.03510393280209634,0.35199759626699545,0.017438154370738312,0.285401845819078
2014-10-01,ORCL,top100,64.92766364433798,64.73681073682351,70.35805626598466,55.402848753645884,0,15,2,69,0.1674266753644278,-0.03609779963369042,0.0628438283919337,0.008543448509124252,0.10458284697249409,-0.04464124814281467,0.08691706854113607,-0.1112369985907321
2014-10-01,SCHW,top100,63.86585066238529,71.94778812264663,35.882962624598726,63.25806451612903,0,16,2,69,0.051879611666084235,-0.00046593643181069844,0.0628438283919337,0.008543448509124252,-0.010964216725849463,-0.00900938494093495,-0.02862999515720749,-0.07560513538885238
2014-10-01,MS,top100,62.22506247817665,63.83267539293551,56.405240502436655,62.611416026344656,0,17,2,69,0.14319706694076406,-0.059652629960261216,0.0628438283919337,0.008543448509124252,0.08035323854883036,-0.06819607846938547,0.06268746011747234,-0.1347918289173029
2014-10-01,HON,top100,62.19873098379725,65.08612029603738,53.63356581316134,59.117336139388186,0,18,2,69,0.09939791181231206,0.05425908468365925,0.0628438283919337,0.008543448509124252,0.03655408342037836,0.045715636174535,0.018888304989020333,-0.020880114273382433
2014-10-01,HD,top100,61.152790456370056,69.30009551449714,35.80161798111027,54.824000000000005,0,19,2,69,0.14177070299896188,0.312092937014645,0.0628438283919337,0.008543448509124252,0.07892687460702819,0.30354948850552077,0.06126109617567016,0.23695373805760334
2014-10-01,TJX,top100,61.09179969210656,67.35841972998446,41.68961794239991,56.02982292637465,0,20,2,69,0.1507318567557998,0.20934405423577762,0.0628438283919337,0.008543448509124252,0.08788802836386611,0.20080060572665337,0.07022224993250809,0.13420485527873594
2014-10-01,UNP,top100,61.09046890378614,73.16558953701373,20.827796557485332,57.08996916379468,1,21,2,69,0.1256421702703836,-0.12788159650373288,0.0628438283919337,0.008543448509124252,0.0627983418784499,-0.13642504501285713,0.04513256344709188,-0.20302079546077456
2014-10-01,LOW,top100,60.644299979229004,66.51777211277141,41.87718657278243,57.064221857325315,0,22,2,69,0.292735204496849,0.34711707704828076,0.0628438283919337,0.008543448509124252,0.22989137610491528,0.3385736285391565,0.21222559767355725,0.2719778780912391
2014-10-01,DIS,top100,60.15473558422167,70.12906812361258,26.753957032323946,57.13596491228073,1,23,2,69,0.08517094777993983,0.1953330250538956,0.0628438283919337,0.008543448509124252,0.022327119388006134,0.18678957654477135,0.004661340956648108,0.12019382609685392
2014-10-01,AMAT,top100,59.46709276830308,66.80376944600327,32.86583429286545,61.31287297527706,0,24,2,69,0.1961645165382473,-0.2863375379880535,0.0628438283919337,0.008543448509124252,0.1333206881463136,-0.29488098649717776,0.11565490971495557,-0.3614767369450952
2014-10-01,TXN,top100,59.28275638514936,65.74118084447845,40.51293810007026,51.613421740004014,0,25,2,69,0.14883620664197927,0.06071156469816974,0.0628438283919337,0.008543448509124252,0.08599237825004558,0.05216811618904549,0.06832659981868755,-0.014427634258871946
2014-10-01,CMCSA,top100,58.53379903829308,62.265087057469735,42.309490416082284,64.86340014847812,0,26,2,69,0.0835075769006921,0.09828414994287682,0.0628438283919337,0.008543448509124252,0.020663748508758406,0.08974070143375257,0.0029979700774003804,0.023144950985835133
2014-10-01,ADP,top100,57.84362649695521,66.87786303055438,26.710088869842018,56.87104601598743,0,27,2,69,0.17294130904173732,0.1597952759340171,0.0628438283919337,0.008543448509124252,0.11009748064980363,0.15125182742489285,0.0924317022184456,0.08465607697697541
2014-10-01,LRCX,top100,57.81084643603187,63.38903421126268,36.629264024450364,61.126696832579185,0,28,2,69,0.09578673895854517,-0.10227364412386442,0.0628438283919337,0.008543448509124252,0.03294291056661147,-0.11081709263298867,0.015277132135253446,-0.1774128430809061
2014-10-01,KLAC,top100,57.51136402542659,65.56833582801718,27.747538908967016,60.640211640211646,1,29,3,69,0.14945745867559057,-0.1673663928607647,0.0628438283919337,0.008543448509124252,0.08661363028365687,-0.17590984136988896,0.06894785185229885,-0.2425055918178064
2014-10-01,GOOGL,top100,57.36084027751051,69.05256442314537,19.360425172952077,51.51960146718347,1,30,3,69,-0.0864001003194198,0.10760302769582308,0.0628438283919337,0.008543448509124252,-0.1492439287113535,0.09905957918669883,-0.16690970714271153,0.0324638287387814
2014-10-01,LMT,top100,57.0859666609956,63.1471472221961,36.54690016103059,55.73583573252215,1,31,3,69,0.0953915290347025,0.1866727330322926,0.0628438283919337,0.008543448509124252,0.032547700642768795,0.17812928452316834,0.01488192221141077,0.1115335340752509
2014-10-01,MCD,top100,56.92961581567409,54.72879737518356,66.99928189058623,52.19601274928348,0,32,3,69,-0.0011197659588265685,0.08595536788707214,0.0628438283919337,0.008543448509124252,-0.06396359435076027,0.07741191937794789,-0.08162937278211829,0.010816168930030456
2014-10-01,ETN,top100,56.91379241383142,55.06359583510179,59.85507246376812,63.98260836506546,0,33,3,69,0.09157503752297758,-0.16680860751808702,0.0628438283919337,0.008543448509124252,0.028731209131043878,-0.17535205602721127,0.011065430699685852,-0.2419478064751287
2014-10-01,CB,top100,56.690232383751294,55.69041902405047,64.11561965790885,48.83815135334194,0,34,3,69,0.10865120661125394,0.009854231030425709,0.0628438283919337,0.008543448509124252,0.04580737821932024,0.0013107825213014568,0.028141599787962213,-0.06528496792661598
2014-10-01,NFLX,top100,55.97282904050835,64.72288229982847,18.514882343774346,69.63834961873559,1,35,3,69,-0.2047825670803689,0.690648629678078,0.0628438283919337,0.008543448509124252,-0.2676263954723026,0.6821051811689538,-0.28529217390366063,0.6155094307210364
2014-10-01,MDLZ,top100,55.508533566605486,51.83939327866042,62.35348248628917,67.50261774285364,0,36,3,69,0.0944189764840826,0.2707130471052135,0.0628438283919337,0.008543448509124252,0.0315751480921489,0.26216959859608924,0.013909369660790871,0.1955738481481718
2014-10-01,PFE,top100,55.168498444860546,56.18422602579803,51.55220560911098,55.290991049797256,1,37,3,69,0.08409025748638133,0.12941420475687937,0.0628438283919337,0.008543448509124252,0.021246429094447628,0.12087075624775512,0.0035806506630896018,0.05427500579983768
2014-10-01,NEE,top100,54.45255547889246,58.416684696437855,39.798641222964434,56.01147946793071,1,38,3,69,0.13951339161164333,0.05481028550172051,0.0628438283919337,0.008543448509124252,0.07666956321970964,0.04626683699259626,0.05900378478835161,-0.020328913455321174
2014-10-01,GS,top100,53.97741918256847,52.45801707523462,57.60543820700339,57.357195885035566,1,39,3,69,0.07930618642038079,-0.013274423047563766,0.0628438283919337,0.008543448509124252,0.01646235802844709,-0.021817871556688018,-0.0012034204029109374,-0.08841362200460545
2014-10-01,T,top100,53.71765894232602,46.14913571524745,75.84247290769031,62.44769360114735,0,40,3,69,-0.014183589438087951,0.0005431640180120212,0.0628438283919337,0.008543448509124252,-0.07702741783002165,-0.00800028449111223,-0.09469319626137968,-0.07459603493902967
2014-10-01,ACN,top100,53.70978385212505,56.534747241796005,44.81335090030742,51.72790602806359,0,41,3,69,0.12952526447510193,0.2649672569421804,0.0628438283919337,0.008543448509124252,0.06668143608316823,0.2564238084330561,0.04901565765181021,0.1898280579851387
2014-10-01,INTC,top100,53.44414282852166,57.132284981114026,38.34264359284868,57.83014623172103,1,42,4,69,0.07674404242672206,-0.09126840150994664,0.0628438283919337,0.008543448509124252,0.01390021403478836,-0.09981185001907089,-0.003765564396569665,-0.16640760046698833
2014-10-01,UNH,top100,53.20813601805334,55.956316613920514,41.22536710192759,57.93640967923466,1,43,4,69,0.19179993851741162,0.3954860341585822,0.0628438283919337,0.008543448509124252,0.12895611012547792,0.38694258564945794,0.11129033169411989,0.3203468352015405
2014-10-01,DHR,top100,53.15927923684253,56.1735099534867,43.26733954451346,51.84354360499152,0,44,4,69,0.1506895436270852,0.15093380513213228,0.0628438283919337,0.008543448509124252,0.0878457152351515,0.14239035662300803,0.07017993680379347,0.0757946061750906
2014-10-01,CAT,top100,53.13619298541955,45.88024338155297,71.68032279906768,66.83958058518931,0,45,4,69,-0.051532980556916796,-0.3180659335818553,0.0628438283919337,0.008543448509124252,-0.1143768089488505,-0.32660938209097956,-0.13204258738020852,-0.393205132538897
2014-10-01,TMO,top100,53.05933703959352,62.85890488410005,18.97538843191017,52.63025934341455,1,46,4,69,0.07276990214710799,0.026005917493383768,0.0628438283919337,0.008543448509124252,0.009926073755174292,0.017462468984259516,-0.007739704676183734,-0.04913328146365792
2014-10-01,BMY,top100,53.002366906367875,60.13452057914105,23.156696128766704,62.76863275215794,0,47,4,69,0.18504763300600913,0.2170628755679318,0.0628438283919337,0.008543448509124252,0.12220380461407543,0.20851942705880755,0.1045380261827174,0.14192367661089011
2014-10-01,LLY,top100,52.68263908511812,58.63924063517773,30.607637533716684,55.13643133750372,2,48,4,69,0.08435338298828254,0.3450229096485924,0.0628438283919337,0.008543448509124252,0.021509554596348845,0.33647946113946814,0.0038437761649908198,0.2698837106915507
2014-10-01,NVDA,top100,52.4729782774608,52.369575958033714,45.24227668543648,67.65819769749902,0,49,4,69,0.10642201834862375,0.34541284403669725,0.0628438283919337,0.008543448509124252,0.04357818995669005,0.336869395527573,0.025912411525332024,0.27027364507965557
2014-10-01,ADI,top100,52.13574089303882,57.36452645209624,31.995208536082835,55.81530669354885,0,50,4,69,0.15885246420211296,0.17027457348320274,0.0628438283919337,0.008543448509124252,0.09600863581017927,0.1617311249740785,0.07834285737882124,0.09513537452616105
2014-10-01,BAC,top100,52.12239658542653,52.30164946783276,50.845172629429555,53.422074320576826,0,51,4,69,0.0673247974835276,-0.06411049268192126,0.0628438283919337,0.008543448509124252,0.0044809690915939004,-0.07265394119104551,-0.013184809339764125,-0.13924969163896295
2014-10-01,CSCO,top100,51.76750847420081,53.08017405175923,44.53085957021489,57.052147239263775,1,52,4,69,0.11066312574993309,0.05946579167353816,0.0628438283919337,0.008543448509124252,0.04781929735799939,0.05092234316441391,0.030153518926641365,-0.015673407283503527
2014-10-01,JPM,top100,51.06826774811423,49.95108725487292,52.64955840914651,55.72594987873887,2,53,4,69,0.0593234759813277,0.05495435417481098,0.0628438283919337,0.008543448509124252,-0.003520352410605998,0.04641090566568673,-0.021186130841964024,-0.020184844782230704
2014-10-01,ADBE,top100,50.38283462501625,60.63437322875925,10.12096549894524,59.145802650957265,3,54,4,69,0.07106899615042939,0.24000592241634577,0.0628438283919337,0.008543448509124252,0.008225167758495688,0.23146247390722152,-0.009440610672862337,0.1648667234593041
2014-10-01,SYK,top100,48.75586618668234,55.760909228374,22.17418383483893,52.88392959852758,2,55,4,69,0.15984532052320533,0.18406575990871388,0.0628438283919337,0.008543448509124252,0.09700149213127163,0.17552231139958963,0.0793357136999136,0.10892656095167219
2014-10-01,IBM,top100,48.51590432320149,37.59812980845574,85.06390217540591,51.84433022201288,1,56,5,69,-0.12823058115785546,-0.20977507748680757,0.0628438283919337,0.008543448509124252,-0.19107440954978916,-0.21831852599593182,-0.20874018798114718,-0.28491427644384926
2014-10-01,PEP,top100,47.33750547454921,52.549417134118606,26.60869223084397,52.31175034497397,1,57,5,69,0.02601512565255848,0.04202539215808443,0.0628438283919337,0.008543448509124252,-0.03682870273937522,0.03348194364896018,-0.054494481170733244,-0.03311380679895726
2014-10-01,WMT,top100,46.42490040983371,46.32184664917931,43.60163763683907,52.79280228040387,1,58,5,69,0.13478327160767067,-0.13460129156645484,0.0628438283919337,0.008543448509124252,0.07193944321573698,-0.1431447400755791,0.05427366478437895,-0.20974049052349653
2014-10-01,DE,top100,44.365203210614794,28.81312250973292,94.63685319132024,52.686468155377085,1,59,5,69,0.0905133061199852,-0.08093984139799126,0.0628438283919337,0.008543448509124252,0.027669477728051506,-0.08948328990711552,0.01000369929669348,-0.15607904035503295
2014-10-01,BSX,top100,44.10351575403961,46.62712870055496,29.216607912260088,56.212040811991145,1,60,5,69,0.12033898305084745,0.4144067796610169,0.0628438283919337,0.008543448509124252,0.05749515465891375,0.40586333115189266,0.039829376227555724,0.3392675807039752
2014-10-01,AMZN,top100,43.578534043768684,43.041252912082996,32.417778121298845,69.66101381050817,2,61,5,69,-0.028161028161028057,0.6402696402696404,0.0628438283919337,0.008543448509124252,-0.09100485655296175,0.6317261917605161,-0.10867063498431978,0.5651304413125987
2014-10-01,GE,top100,41.9056300999161,41.03469522339062,39.37534576565039,53.062742904125926,1,62,5,69,0.005403259252270809,0.03778940064902003,0.0628438283919337,0.008543448509124252,-0.05744056913966289,0.02924595213989578,-0.07510634757102091,-0.03734979830802165
2014-10-01,COST,top100,41.7867943035825,48.013567326769234,14.023048716605551,53.72687431522929,1,63,5,69,0.1380064894746329,0.20969014761551863,0.0628438283919337,0.008543448509124252,0.0751626610826992,0.20114669910639438,0.057496882651341175,0.13455094865847694
2014-10-01,PG,top100,41.509184244908326,44.331740395443774,29.26201464589511,46.245630389186665,1,64,5,69,0.09614655716993048,-0.10743988208043798,0.0628438283919337,0.008543448509124252,0.03330272877799678,-0.11598333058956223,0.015636950346638756,-0.18257908103747966
2014-10-01,C,top100,40.98218648401268,32.823796321477396,62.46614022976949,55.123010130246016,0,65,5,69,0.062041994456582206,-0.021530762233266332,0.0628438283919337,0.008543448509124252,-0.0008018339353514925,-0.030074210742390584,-0.018467612366709518,-0.09666996119030802
2014-10-01,VZ,top100,40.77635389648738,29.089486258927543,69.6856007480131,64.76593365635482,1,66,5,69,-0.039335398821456646,-0.09013349735739018,0.0628438283919337,0.008543448509124252,-0.10217922721339034,-0.09867694586651443,-0.11984500564474837,-0.16527269631443187
2014-10-01,PGR,top100,38.817261000224626,27.425620349319388,66.32368353323548,63.545900490539594,0,67,5,69,0.07386697405317943,0.25110005209314723,0.0628438283919337,0.008543448509124252,0.011023145661245737,0.24255660358402298,-0.006642632770112289,0.17596085313610554
2014-10-01,ABT,top100,37.96791234434337,40.65113284293292,16.228017585931255,62.66515837104075,3,68,5,69,0.09612920235693734,0.010300871282029167,0.0628438283919337,0.008543448509124252,0.03328537396500364,0.0017574227729049152,0.015619595533645614,-0.06483832767501252
2014-10-01,PM,top100,32.0437642604233,18.38714880731835,67.36230903934867,57.002982874307264,0,69,5,69,-0.017521966344536177,0.00032156258118920533,0.0628438283919337,0.008543448509124252,-0.08036579473646988,-0.008221885927935046,-0.0980315731678279,-0.07481763637585248
2015-01-02,BX,top100,81.4064942726392,84.74284199363734,85.02770673486785,50.809635301194945,0,1,1,65,0.16835726449008748,-0.06795677675699552,0.005784151836490281,-0.0012746938789943707,0.1625731126535972,-0.06668208287800115,0.15307981441676083,-0.11008780109815106
2015-01-02,MU,top100,80.03787404110743,88.02407560626013,62.576409218499656,59.057392730254186,0,2,1,65,-0.21927934840347052,-0.5876261582954614,0.005784151836490281,-0.0012746938789943707,-0.2250635002399608,-0.586351464416467,-0.23455679847679717,-0.629757182636617
2015-01-02,BKNG,top100,78.13837814748062,87.30588605456049,51.77828826136759,66.68600257014776,0,3,1,65,0.00660150853300312,0.09045832755822425,0.005784151836490281,-0.0012746938789943707,0.0008173566965128387,0.09173302143721862,-0.008675941540323522,0.04832730321706872
2015-01-02,AAPL,top100,71.63259724879106,76.14842739445072,58.44202898550725,66.40292275574113,0,4,1,65,0.1409493707543501,-0.019986099504381127,0.005784151836490281,-0.0012746938789943707,0.13516521891785982,-0.018711405625386757,0.12567192068102345,-0.06211712384553666
2015-01-02,MA,top100,69.35032370065304,86.70941465745284,14.106377227772747,58.32457994881494,1,5,1,65,0.01432483594619316,0.11451087440585006,0.005784151836490281,-0.0012746938789943707,0.008540684109702879,0.11578556828484443,-0.0009526141271334818,0.07237985006469452
2015-01-02,AMGN,top100,69.17264235488376,81.95191870695582,26.878729752770674,64.30553309460552,1,6,1,65,-0.012247834828197246,0.010197910988257952,0.005784151836490281,-0.0012746938789943707,-0.018031986664687527,0.011472604867252323,-0.027525284901523887,-0.03193311335289758
2015-01-02,MSFT,top100,68.42653934722895,77.79235080931792,38.7860423301055,62.146853146853154,1,7,1,65,-0.12297259084206902,0.2038467753337776,0.005784151836490281,-0.0012746938789943707,-0.1287567426785593,0.20512146921277197,-0.13825004091539567,0.16171575099262206
2015-01-02,SPGI,top100,66.8159974711694,81.56042790719354,18.497848369692974,60.241282621953275,1,8,1,65,0.18702812716463102,0.08334113380528407,0.005784151836490281,-0.0012746938789943707,0.18124397532814074,0.08461582768427844,0.17175067709130437,0.04121010946412854
2015-01-02,QCOM,top100,66.45823262814437,64.90712362928693,78.5713630526509,53.08973477113344,0,9,1,65,-0.05984840696468119,-0.30405525388562293,0.005784151836490281,-0.0012746938789943707,-0.06563255880117147,-0.30278056000662856,-0.07512585703800784,-0.34618627822677844
2015-01-02,INTU,top100,64.89937889363891,77.78495099810053,22.918597694375244,58.661936560934905,1,10,1,65,0.07398401045795944,0.04634667409052673,0.005784151836490281,-0.0012746938789943707,0.06819985862146916,0.0476213679695211,0.058706560384632796,0.004215649749371199
2015-01-02,FISV,top100,64.74134355066457,74.55030123640941,34.663903496860314,56.233519858059196,0,11,1,65,0.1268762390257716,0.26734636080430474,0.005784151836490281,-0.0012746938789943707,0.12109208718928133,0.2686210546832991,0.11159878895244496,0.2252153364631492
2015-01-02,TXN,top100,64.22887901183411,73.05693776001306,36.44511289912486,58.00000000000001,0,12,1,65,0.06381688022928533,0.042530877684527235,0.005784151836490281,-0.0012746938789943707,0.05803272839279505,0.043805571563521606,0.04853943015595869,0.0003998533433717047
2015-01-02,ORCL,top100,64.08777739861803,70.00390383741392,45.82995488305774,59.19053735816742,0,13,1,65,-0.028728699955136605,-0.1788894828887736,0.005784151836490281,-0.0012746938789943707,-0.034512851791626886,-0.17761478900977923,-0.044006150028463246,-0.22102050722992914
2015-01-02,REGN,top100,63.2598192090191,78.14378357591508,12.016719994980864,61.55826706882368,3,14,2,65,0.07562900294739006,0.259386807033571,0.005784151836490281,-0.0012746938789943707,0.06984485111089977,0.26066150091256535,0.060351552874063415,0.21725578269241544
2015-01-02,COP,top100,62.52255795783058,54.76180765152132,89.58554796254114,62.72183009257423,0,15,2,65,-0.07566573401116661,-0.285729100968071,0.005784151836490281,-0.0012746938789943707,-0.08144988584765689,-0.28445440708907666,-0.09094318408449326,-0.32786012530922654
2015-01-02,SCHW,top100,62.4804591116348,73.2699590971065,33.441309686043255,45.03225806451613,0,16,2,65,-0.0074386066741256585,0.06642813229111377,0.005784151836490281,-0.0012746938789943707,-0.01322275851061594,0.06770282617010814,-0.0227160567474523,0.024297107949958242
2015-01-02,AMAT,top100,61.48701318256046,70.88850174216029,31.90815695643151,54.8343057176196,0,17,2,65,-0.09923319177583201,-0.244571707865894,0.005784151836490281,-0.0012746938789943707,-0.10501734361232229,-0.24329701398689962,-0.11451064184915866,-0.2867027322070495
2015-01-02,T,top100,61.217651970612756,56.01977555848182,83.59326263898147,52.85156551879187,0,18,2,65,-0.010610786744514655,0.09212011339500736,0.005784151836490281,-0.0012746938789943707,-0.016394938581004936,0.09339480727400173,-0.025888236817841297,0.04998908905385183
2015-01-02,MS,top100,60.6161452712104,63.66547026674281,54.52677817698138,51.44960449094156,0,19,2,65,-0.06809203539823006,-0.17412035398230086,0.005784151836490281,-0.0012746938789943707,-0.07387618723472034,-0.1728456601033065,-0.0833694854715567,-0.2162513783234564
2015-01-02,LRCX,top100,60.04162291362914,65.824350622866,38.030005241090144,63.585764294049014,0,20,2,65,-0.11368489257366698,-0.007952052071215077,0.005784151836490281,-0.0012746938789943707,-0.11946904441015727,-0.006677358192220706,-0.12896234264699363,-0.05008307641237061
2015-01-02,GS,top100,59.245310114856984,60.91920804540105,56.666446519188185,52.68575179238615,1,21,2,65,-0.008109381265499427,-0.07681072530233357,0.005784151836490281,-0.0012746938789943707,-0.013893533101989708,-0.0755360314233392,-0.023386831338826068,-0.11894174964348911
2015-01-02,CMCSA,top100,58.74835287594756,63.320650717257294,44.33104069434209,55.57689234999028,0,22,2,65,0.0033472595245200853,-0.009027156072814235,0.005784151836490281,-0.0012746938789943707,-0.0024368923119701957,-0.007752462193819865,-0.011930190548806556,-0.051158180413969766
2015-01-02,UNP,top100,58.72595083656376,70.34085744584154,18.891772942776285,57.08996035919425,1,23,2,65,-0.09094135897143751,-0.3187680213144495,0.005784151836490281,-0.0012746938789943707,-0.0967255108079278,-0.3174933274354551,-0.10621880904476416,-0.360899045655605
2015-01-02,NVDA,top100,57.86002469036748,61.1082819619405,45.668877548901094,59.50451807228916,0,24,2,65,0.047885572139303445,0.634742951907131,0.005784151836490281,-0.0012746938789943707,0.042101420302813164,0.6360176457861254,0.032608122065976804,0.5926119275659755
2015-01-02,DIS,top100,57.79946781208638,68.01789938587393,24.162200852320776,53.544980715104785,1,25,2,65,0.1246930951121854,0.1119246713756894,0.005784151836490281,-0.0012746938789943707,0.11890894327569512,0.11319936525468377,0.10941564503885876,0.06979364703453386
2015-01-02,ACN,top100,57.52693397739561,63.143404845419695,38.76098873396951,55.74352838807917,1,26,2,65,0.05313016298894624,0.170923970563575,0.005784151836490281,-0.0012746938789943707,0.04734601115245596,0.17219866444256937,0.0378527129156196,0.12879294622241946
2015-01-02,LOW,top100,57.14207807894985,66.16165382867398,26.956661790279384,54.3758804082219,1,27,3,65,0.10264002605987188,0.1283814696742882,0.005784151836490281,-0.0012746938789943707,0.0968558742233816,0.12965616355328258,0.08736257598654523,0.08625044533313267
2015-01-02,HD,top100,56.594645081381316,65.93715404425902,25.250250956772696,53.88587059045462,1,28,3,65,0.09941038896937626,0.29273657007752796,0.005784151836490281,-0.0012746938789943707,0.09362623713288598,0.29401126395652233,0.08413293889604961,0.25060554573637245
2015-01-02,HON,top100,56.49352345776259,60.272452891753005,44.90448932338565,53.219085688583604,0,29,3,65,0.03516733606485545,0.044561830686075776,0.005784151836490281,-0.0012746938789943707,0.029383184228365167,0.04583652456507015,0.019889885991528806,0.0024308063449202458
2015-01-02,LMT,top100,55.97103064937105,62.36292869378766,34.362479308131476,54.44484702093398,1,30,3,65,0.03577731816126306,0.1363983674950633,0.005784151836490281,-0.0012746938789943707,0.02999316632477278,0.13767306137405766,0.02049986808793642,0.09426734315390775
2015-01-02,ADP,top100,55.782877512447534,64.19639215503479,25.971526228305542,56.510977582620754,1,31,3,65,0.029577427687311086,0.009413394446794454,0.005784151836490281,-0.0012746938789943707,0.023793275850820805,0.010688088325788825,0.014299977613984445,-0.032717629894361076
2015-01-02,GOOGL,top100,55.6154831286357,62.20502721032943,32.398961866584436,55.92171708088206,0,32,3,65,0.03765455869512979,0.4341254923192477,0.005784151836490281,-0.0012746938789943707,0.03187040685863951,0.43540018619824206,0.02237710862180315,0.3919944679780922
2015-01-02,TMO,top100,55.445409077047444,65.67979210609114,21.576292702598163,51.54296062264005,1,33,3,65,0.031493936507577036,0.08803424470343946,0.005784151836490281,-0.0012746938789943707,0.025709784671086755,0.08930893858243383,0.016216486434250395,0.04590322036228393
2015-01-02,JPM,top100,55.1250983812172,53.99024623308823,60.58457890111356,52.15010237832729,0,34,3,65,-0.0342697995085397,0.04596151675393134,0.005784151836490281,-0.0012746938789943707,-0.04005395134502998,0.04723621063292571,-0.04954724958186634,0.0038304924127758114
2015-01-02,INTC,top100,55.04301136293498,59.425669770314514,38.66188808031555,57.12664907651714,1,35,3,65,-0.146563188930511,-0.0370548276665531,0.005784151836490281,-0.0012746938789943707,-0.1523473407670013,-0.03578013378755873,-0.16184063900383766,-0.07918585200770864
2015-01-02,ADI,top100,53.39168522827096,62.774754407840305,18.52191935764536,57.44973271253666,1,36,3,65,0.13418620468457476,0.007208613030096789,0.005784151836490281,-0.0012746938789943707,0.12840205284808448,0.00848330690909116,0.11890875461124811,-0.03492241131105874
2015-01-02,UNH,top100,52.23235182835711,57.03407409133814,33.94634597594819,55.19230769230769,1,37,3,65,0.1693082527620582,0.1744514574812812,0.005784151836490281,-0.0012746938789943707,0.1635241009255679,0.17572615136027558,0.15403080268873154,0.13232043314012568
2015-01-02,CAT,top100,51.79682164602583,44.225525270063976,77.00123440828439,54.38707075324173,0,38,3,65,-0.12611013464578014,-0.2323318234002376,0.005784151836490281,-0.0012746938789943707,-0.13189428648227042,-0.23105712952124324,-0.14138758471910678,-0.2744628477413931
2015-01-02,CB,top100,51.59382715470054,50.49741880600841,53.80171308590272,54.85291373314107,0,39,3,65,-0.024448190219214072,0.018528643853388482,0.005784151836490281,-0.0012746938789943707,-0.030232342055704353,0.019803337732382853,-0.03972564029254071,-0.023602380487767048
2015-01-02,MDLZ,top100,51.32354888041877,53.19333900457973,43.48607558965615,53.909964592817396,0,40,4,65,-0.009079713034487402,0.20910864954707287,0.005784151836490281,-0.0012746938789943707,-0.014863864870977683,0.21038334342606724,-0.024357163107814044,0.16697762520591733
2015-01-02,VZ,top100,51.06818491021686,43.706256627783674,73.9442602145255,56.849532278631884,1,41,4,65,0.054063774622948646,0.02441347582761555,0.005784151836490281,-0.0012746938789943707,0.048279622786458365,0.02568816970660992,0.038786324549622005,-0.01771754851353998
2015-01-02,C,top100,50.07465910775705,47.79881836085442,53.85398966034262,58.44688323090432,1,42,4,65,-0.048453214640958975,-0.05492871424408963,0.005784151836490281,-0.0012746938789943707,-0.054237366477449256,-0.053654020365095256,-0.06373066471428562,-0.09705973858524516
2015-01-02,DHR,top100,49.85245910517184,56.31582627340846,25.6337315576446,53.046344022570025,1,43,4,65,-0.019692719000820258,0.07618916484512606,0.005784151836490281,-0.0012746938789943707,-0.02547687083731054,0.07746385872412043,-0.0349701690741469,0.034058140503970526
2015-01-02,ADBE,top100,49.76823712961716,59.83300898465268,8.195380865029904,62.460546673543064,3,44,4,65,0.03773845728504277,0.2713574785734032,0.005784151836490281,-0.0012746938789943707,0.03195430544855249,0.27263217245239757,0.02246100721171613,0.22922645423224766
2015-01-02,LLY,top100,49.02451942784866,53.999860161047856,24.912034644816806,62.42210386151797,3,45,4,65,0.02827427780225311,0.21440409507625802,0.005784151836490281,-0.0012746938789943707,0.02249012596576283,0.2156787889552524,0.01299682772892647,0.17227307073510248
2015-01-02,SYK,top100,49.023405885982186,57.909640730425465,13.60714680827525,57.65228013029315,3,46,4,65,-0.026225462212840167,-0.02778256866693718,0.005784151836490281,-0.0012746938789943707,-0.03200961404933045,-0.02650787478794281,-0.04150291228616681,-0.06991359300809272
2015-01-02,BMY,top100,48.9605311940502,57.955612785941526,13.799277206180626,56.31746802655011,1,47,4,65,0.07421854709247833,0.1526742670284631,0.005784151836490281,-0.0012746938789943707,0.06843439525598805,0.15394896090745747,0.058941097019151685,0.11054324268730756
2015-01-02,CSCO,top100,48.9011519895523,51.32089543542354,36.95485397554544,55.855543896467296,1,48,4,65,-0.005488738358191303,-0.013255917546042495,0.005784151836490281,-0.0012746938789943707,-0.011272890194681584,-0.011981223667048124,-0.020766188431517944,-0.055386941887198025
2015-01-02,PEP,top100,48.56110010599746,51.75870788808222,30.93353831395374,61.43296921549157,1,49,4,65,0.01362949155423876,0.07633365311054185,0.005784151836490281,-0.0012746938789943707,0.007845339717748478,0.07760834698953623,-0.0016479585190878818,0.034202628769386324
2015-01-02,PM,top100,47.389071271571176,39.130434782608695,73.42746518897414,53.12273885950259,0,50,4,65,-0.04918999293384252,0.12801016139450416,0.005784151836490281,-0.0012746938789943707,-0.0549741447703328,0.12928485527349853,-0.06446744300716917,0.08587913705334863
2015-01-02,BSX,top100,46.863391228486016,52.54722477946232,24.29371486885745,52.215909090909086,1,51,4,65,0.33509833585476523,0.3608169440242055,0.005784151836490281,-0.0012746938789943707,0.32931418401827495,0.36209163790319987,0.3198208857814386,0.31868591968305
2015-01-02,BAC,top100,45.906693298863395,48.50506333539207,33.56338348052159,52.40472267984626,2,52,4,65,-0.1364140348367252,-0.07091097678743863,0.005784151836490281,-0.0012746938789943707,-0.1421981866732155,-0.06963628290844426,-0.15169148491005185,-0.11304200112859417
2015-01-02,COST,top100,45.8534657615238,53.39622201764301,14.33198887977395,56.097125732189056,1,53,5,65,0.09872265905160837,0.17617536927605615,0.005784151836490281,-0.0012746938789943707,0.0929385072151181,0.17745006315505052,0.08344520897828173,0.1340443449349006
2015-01-02,DE,top100,43.915173527511286,30.387820027268596,86.3157680658807,53.80545895247127,1,54,5,65,-0.0015706190453127489,-0.11351631852430999,0.005784151836490281,-0.0012746938789943707,-0.00735477088180303,-0.11224162464531562,-0.01684806911863939,-0.15564734286546553
2015-01-02,WMT,top100,43.52341261358153,45.80081106592241,30.328127747218247,53.97219317992188,1,55,5,65,-0.054775640053223995,-0.2646203456092371,0.005784151836490281,-0.0012746938789943707,-0.060559791889714276,-0.2633456517302427,-0.07005309012655064,-0.3067513699503926
2015-01-02,PG,top100,42.21129846540307,46.02717536969923,21.786865805408002,56.34902545532006,1,56,5,65,-0.08330874442907632,-0.1051006608268018,0.005784151836490281,-0.0012746938789943707,-0.0890928962655666,-0.10382596694780744,-0.09858619450240297,-0.14723168516795734
2015-01-02,TJX,top100,40.43014716581516,43.91275214711058,21.264236189331932,54.383734249713655,1,57,5,65,0.017204122627777485,0.05441633561868797,0.005784151836490281,-0.0012746938789943707,0.011419970791287204,0.05569102949768234,0.0019266725544508437,0.012285311277532442
2015-01-02,MCD,top100,39.522453930100866,32.868737836924474,55.89251619221622,53.35834205810491,0,58,5,65,0.041463358331481626,0.3042324683531519,0.005784151836490281,-0.0012746938789943707,0.035679206494991345,0.30550716223214625,0.026185908258154984,0.26210144401199637
2015-01-02,ABT,top100,37.93738787204025,41.77974199713331,15.516982155180912,55.88172043010753,3,59,5,65,0.027459711026956324,-0.023594430864066207,0.005784151836490281,-0.0012746938789943707,0.021675559190466043,-0.022319736985071836,0.012182260953629682,-0.06572545520522174
2015-01-02,PFE,top100,37.71567849710157,32.885576777411345,43.574569287925186,59.80860895328594,1,60,5,65,0.10542100880055827,0.05384433590672755,0.005784151836490281,-0.0012746938789943707,0.09963685696406799,0.05511902978572192,0.09014355872723162,0.011713311565572017
2015-01-02,PGR,top100,35.70354156094119,26.34134688217403,60.07880767058522,52.48837209302326,0,61,5,65,0.024110437362920845,0.18213391820410263,0.005784151836490281,-0.0012746938789943707,0.018326285526430564,0.183408612083097,0.008832987289594203,0.1400028938629471
2015-01-02,ICE,top100,33.840856035519494,26.73618799016466,50.45986622073578,50.335511982570814,0,62,5,65,0.06401602195838119,0.16923326524532967,0.005784151836490281,-0.0012746938789943707,0.058231870121890905,0.17050795912432404,0.048738571885054545,0.12710224090417413
2015-01-02,ETN,top100,33.71242917955803,26.50536631978838,44.29951690821256,62.987693740636544,0,63,5,65,0.0027673869339939206,-0.20424397036018527,0.005784151836490281,-0.0012746938789943707,-0.0030167649024963605,-0.2029692764811909,-0.01251006313933272,-0.2463749947013408
2015-01-02,IBM,top100,32.53429321320077,15.702807266964214,80.00056028686687,55.42216068952449,1,64,5,65,-0.01088139960754586,-0.13371934016956444,0.005784151836490281,-0.0012746938789943707,-0.016665551444036142,-0.13244464629057007,-0.026158849680872502,-0.17585036451071998
2015-01-02,GE,top100,27.391292710142118,19.01384405626187,44.54639102017618,51.723236667235724,0,65,5,65,0.00033234542027993363,0.2678186019596649,0.005784151836490281,-0.0012746938789943707,-0.0054518064162103475,0.26909329583865926,-0.014945104653046708,0.22568757761850936
2015-04-01,GILD,top100,90.73019039617577,99.00278610860067,73.01262385838712,68.25715348477888,0,1,1,66,0.1914685187476981,-0.020656985785834747,0.013657992386445716,0.027398014757194167,0.17781052636125239,-0.048055000543028914,0.1633174558474874,-0.09061387513163076
2015-04-01,MU,top100,82.67936737422585,86.87760609753991,78.18699701263054,62.27643703421805,0,2,1,66,-0.30777721078792697,-0.5934380374591295,0.013657992386445716,0.027398014757194167,-0.3214352031743727,-0.6208360522163237,-0.33592827368813766,-0.6633949268049255
2015-04-01,BX,top100,78.09192810345337,84.18371258097075,69.85270366302733,51.9278856416838,0,3,1,66,0.0709803374703668,-0.20657576888992857,0.013657992386445716,0.027398014757194167,0.05732234508392109,-0.23397378364712274,0.042829274570156124,-0.2765326582357246
2015-04-01,AAPL,top100,72.54182100212542,77.83144393967325,58.80054822775878,62.99700598802393,0,4,1,66,0.02316997113725039,-0.09835815916573609,0.013657992386445716,0.027398014757194167,0.009511978750804673,-0.12575617392293026,-0.004981091762960292,-0.16831504851153212
2015-04-01,MA,top100,72.50609402327409,88.5863005001489,21.2472355701504,62.46236559139786,0,5,1,66,0.0914619214757979,0.11328203263555481,0.013657992386445716,0.027398014757194167,0.07780392908935219,0.08588401787836064,0.06331085857558721,0.0433251432897588
2015-04-01,AMGN,top100,69.80591292332073,82.02464338610194,32.67913348836117,58.52835855377151,1,6,1,66,-0.008567552435887582,0.002649410892042292,0.013657992386445716,0.027398014757194167,-0.0222255448223333,-0.024748603865151875,-0.03671861533609826,-0.06730747845375372
2015-04-01,TXN,top100,68.41110830763076,76.90206106609791,42.64736931372893,60.50191698616436,0,7,1,66,-0.0762379730441548,0.05280987382267521,0.013657992386445716,0.027398014757194167,-0.08989596543060052,0.025411859065481046,-0.1043890359443655,-0.017147015523120798
2015-04-01,ICE,top100,67.82455165005541,71.59510895012818,60.23650262780697,56.60674859404291,0,8,1,66,-0.019392430502958247,0.03402549162236013,0.013657992386445716,0.027398014757194167,-0.03305042288940396,0.00662747686516596,-0.04754349340316893,-0.035931397723435884
2015-04-01,INTU,top100,66.80059038035874,81.81630440749632,19.97380082924417,55.34417129262488,1,9,1,66,0.043014218607712484,0.08407191351624266,0.013657992386445716,0.027398014757194167,0.029356226221266768,0.05667389875904849,0.014863155707501803,0.014115024170446647
2015-04-01,MSFT,top100,66.43163532595649,70.42485067348039,56.271196884550925,58.80000477610038,0,10,1,66,0.09869417271696146,0.401924770990828,0.013657992386445716,0.027398014757194167,0.08503618033051574,0.37452675623363385,0.07054310981675077,0.331967881645032
2015-04-01,UNP,top100,63.952471508774664,71.70226405721941,33.98141028628237,69.64604611464603,0,11,1,66,-0.09934128388182162,-0.24591465854258154,0.013657992386445716,0.027398014757194167,-0.11299927626826733,-0.2733126732997757,-0.1274923467820323,-0.31587154788837757
2015-04-01,SCHW,top100,62.922215102372306,70.43431507484965,37.91810795316538,60.34572959344469,0,12,1,66,0.10870660834304768,-0.0440697267330693,0.013657992386445716,0.027398014757194167,0.09504861595660197,-0.07146774149026347,0.080555545442837,-0.11402661607886531
2015-04-01,ORCL,top100,62.82279772270736,67.22622769403742,50.75111482720178,56.14215371440806,0,13,1,66,-0.05959391171825501,-0.026668731866119733,0.013657992386445716,0.027398014757194167,-0.07325190410470073,-0.0540667466233139,-0.0877449746184657,-0.09662562121191574
2015-04-01,REGN,top100,62.656914837447424,76.20893511935944,11.090637293697068,70.92532795156407,2,14,1,66,0.1480802442526763,-0.0814406679607812,0.013657992386445716,0.027398014757194167,0.13442225186623058,-0.10883868271797537,0.11992918135246561,-0.15139755730657722
2015-04-01,CMCSA,top100,62.5251191392359,66.16955557187322,50.53549809838567,60.993306192475096,0,15,2,66,0.09542315833304404,0.09825858932351172,0.013657992386445716,0.027398014757194167,0.08176516594659833,0.07086057456631756,0.06727209543283336,0.028301699977715714
2015-04-01,FISV,top100,62.1789581742263,74.29891263982667,24.63191143969176,52.43337038409288,1,16,2,66,0.05692385021362156,0.29894445840663497,0.013657992386445716,0.027398014757194167,0.043265857827175846,0.2715464436494408,0.02877278731341088,0.22898756906083895
2015-04-01,SBUX,top100,61.89910825045319,71.64260715967012,28.0165774837431,61.459677419354854,0,17,2,66,0.16235943597623148,0.3283765960050582,0.013657992386445716,0.027398014757194167,0.14870144358978576,0.30097858124786403,0.1342083730760208,0.25841970665926217
2015-04-01,AMAT,top100,61.82779132333768,68.24390286022606,39.41088522682958,61.74882275813521,0,18,2,66,-0.12429358286580128,-0.022139522502969022,0.013657992386445716,0.027398014757194167,-0.137951575252247,-0.04953753726016319,-0.15244464576601197,-0.09209641184876503
2015-04-01,BKNG,top100,61.53721693925774,61.932877583773845,58.47540261553672,64.89122107508707,0,19,2,66,0.0006529343179166869,0.13056687579812332,0.013657992386445716,0.027398014757194167,-0.01300505806852903,0.10316886104092915,-0.027498128582293994,0.060609986452327305
2015-04-01,NVDA,top100,61.095241643524375,64.15459631400809,45.42377095765842,71.02270032187026,0,20,2,66,-0.02472799208704246,0.7485657764589517,0.013657992386445716,0.027398014757194167,-0.03838598447348818,0.7211677617017576,-0.05287905498725314,0.6786088871131557
2015-04-01,LRCX,top100,60.773548711962015,61.92538651219611,55.96881427273162,62.32015298878418,0,21,2,66,0.17515410304550816,0.19901307591340323,0.013657992386445716,0.027398014757194167,0.16149611065906244,0.17161506115620906,0.14700304014529747,0.1290561865676072
2015-04-01,HD,top100,60.213767833439796,70.39540727322608,26.065920575896264,57.23798627002288,1,22,2,66,-0.004108008523070805,0.21640900505243188,0.013657992386445716,0.027398014757194167,-0.01776600090951652,0.1890109902952377,-0.032259071423281487,0.14645211570663585
2015-04-01,DIS,top100,59.9230547263427,71.79475783642184,20.620843528452227,55.42555535156968,1,23,2,66,0.0982510568805337,-0.04889043286971928,0.013657992386445716,0.027398014757194167,0.08459306449408799,-0.07628844762691345,0.07009999398032302,-0.11884732221551529
2015-04-01,INTC,top100,59.8365788688428,60.21843518246948,58.92190146176239,58.992939487616866,0,24,2,66,-0.01336531151424536,0.08667291109253661,0.013657992386445716,0.027398014757194167,-0.027023303900691076,0.05927489633534244,-0.04151637441445604,0.016716021746740597
2015-04-01,TMO,top100,59.76431474528149,68.10712464017092,30.89017485184533,59.11292526792779,0,25,2,66,-0.007796528326497798,0.08579630256738291,0.013657992386445716,0.027398014757194167,-0.021454520712943514,0.05839828781018874,-0.03594759122670848,0.015839413221586898
2015-04-01,LMT,top100,58.32653418007777,65.50560275432193,33.85456130855734,57.01699990340965,1,26,2,66,-0.045801244633254856,0.15676370718408217,0.013657992386445716,0.027398014757194167,-0.05945923701970057,0.129365692426888,-0.07395230753346554,0.08680681783828616
2015-04-01,LOW,top100,57.74939979855902,66.97441438577775,27.397204380277905,53.87868852459017,1,27,2,66,-0.09324005842129734,0.044113058487684986,0.013657992386445716,0.027398014757194167,-0.10689805080774306,0.01671504373049082,-0.12139112132150803,-0.025843830858111025
2015-04-01,ACN,top100,57.44751094033974,65.01657358343914,33.68449556985334,51.99010317961677,1,28,3,66,0.0593065931599035,0.2703905568868217,0.013657992386445716,0.027398014757194167,0.04564860077345778,0.2429925421296275,0.031155530259692817,0.20043366754102565
2015-04-01,TJX,top100,57.44388444254963,66.51885389904274,26.9750934281287,54.85668027593973,1,29,3,66,-0.019108864786597346,0.15649759184797207,0.013657992386445716,0.027398014757194167,-0.03276685717304306,0.1290995770907779,-0.04725992768680803,0.08654070250217606
2015-04-01,ADI,top100,56.96292633779102,69.23935612867373,14.327362602317422,56.29904527255927,1,30,3,66,0.03817666560369681,-0.029979763459104802,0.013657992386445716,0.027398014757194167,0.024518673217251097,-0.05737777821629897,0.010025602703486132,-0.09993665280490081
2015-04-01,HON,top100,56.20055780435756,60.68401956678285,41.36733616042997,54.482768755235746,0,31,3,66,0.0009820329645282566,0.12028601384484139,0.013657992386445716,0.027398014757194167,-0.01267595942191746,0.09288799908764722,-0.027169029935682425,0.05032912449904538
2015-04-01,ADP,top100,55.70740099070396,64.93993102682367,21.239100510141217,60.01629169899145,1,32,3,66,-0.04563206886950766,0.08497919316120983,0.013657992386445716,0.027398014757194167,-0.059290061255953375,0.057581178404015665,-0.07378313176971835,0.01502230381541382
2015-04-01,UNH,top100,54.944677008814296,60.887987876131334,32.01684958491627,59.19715578539109,1,33,3,66,0.05493972195146979,0.12510644846868102,0.013657992386445716,0.027398014757194167,0.04128172956502407,0.09770843371148685,0.026788659051259107,0.05514955912288501
2015-04-01,GS,top100,54.7278299499816,55.63367965002074,55.97771851598455,45.88710491770173,1,34,3,66,0.09553601800245959,-0.15661812805819408,0.013657992386445716,0.027398014757194167,0.08187802561601387,-0.18401614281538825,0.0673849551022489,-0.2265750174039901
2015-04-01,CSCO,top100,54.66472267145142,55.26557115858115,45.29843630816171,69.19135598812272,1,35,3,66,0.01140359457775797,0.07784819576084878,0.013657992386445716,0.027398014757194167,-0.002254397808687747,0.050450181003654615,-0.016747468322452712,0.00789130641505277
2015-04-01,PGR,top100,54.62264576828584,50.587600188080586,68.18745255590702,55.73835125448028,0,36,3,66,0.05489626953292315,0.354517830957384,0.013657992386445716,0.027398014757194167,0.04123827714647743,0.3271198162001898,0.026745206632712466,0.28456094161158796
2015-04-01,ADBE,top100,53.73698469181441,64.42100566389877,12.198327670295633,62.026151930261534,2,37,3,66,0.07819368589316644,0.26761689090182506,0.013657992386445716,0.027398014757194167,0.06453569350672073,0.2402188761446309,0.05004262299295576,0.19766000155602903
2015-04-01,JPM,top100,52.64814238874715,48.7653926392763,66.98615649662936,51.15136241927863,0,38,3,66,0.14286741847819973,0.019236604844891092,0.013657992386445716,0.027398014757194167,0.129209426091754,-0.008161409912303075,0.11471635557798904,-0.05072028450090492
2015-04-01,QCOM,top100,52.2242336635244,42.11187986654646,84.21516000961532,59.02885755018818,0,39,3,66,-0.08776718949752171,-0.24147508683472274,0.013657992386445716,0.027398014757194167,-0.10142518188396743,-0.2688731015919169,-0.1159182523977324,-0.31143197618051877
2015-04-01,LLY,top100,52.07225333928679,58.92400525154234,21.971684153887544,64.31112832429639,3,40,3,66,0.19441936695926554,0.05362331407042431,0.013657992386445716,0.027398014757194167,0.18076137457281982,0.026225299313230144,0.16626830405905485,-0.0163335752753717
2015-04-01,PEP,top100,51.844457650791654,56.404876027012506,31.67798913043478,60.254466057959505,1,41,4,66,0.0013342897490307148,0.12369509906839316,0.013657992386445716,0.027398014757194167,-0.012323702637415002,0.09629708431119899,-0.026816773151179966,0.053738209722597144
2015-04-01,MS,top100,51.83252620772975,53.454300812961336,43.856196463250896,56.43276346006635,1,42,4,66,0.09869180746323081,-0.27702610307524,0.013657992386445716,0.027398014757194167,0.08503381507678509,-0.30442411783243417,0.07054074456302012,-0.34698299242103603
2015-04-01,PFE,top100,51.32444708266157,56.105791958108966,32.59264168728644,55.31864374528006,2,43,4,66,-0.01052170770319305,-0.09463937572219017,0.013657992386445716,0.027398014757194167,-0.024179700089638767,-0.12203739047938433,-0.03867277060340373,-0.1645962650679862
2015-04-01,COST,top100,50.27188869651299,58.998462473529216,16.150607420048523,57.42843481032831,1,44,4,66,-0.08903524790793638,0.06471620980867065,0.013657992386445716,0.027398014757194167,-0.1026932402943821,0.03731819505147649,-0.11718631080814707,-0.005240679537125356
2015-04-01,SYK,top100,49.87701104681542,58.644120256444424,16.944152251831074,54.37296416938108,3,45,4,66,0.05741209634166111,0.20795030746011745,0.013657992386445716,0.027398014757194167,0.043754103955215395,0.18055229270292328,0.02926103344145043,0.13799341811432142
2015-04-01,CB,top100,49.578550649396654,48.38487133482598,52.69278984195128,51.70582746628212,1,46,4,66,-0.07052201145924653,0.1156857694641924,0.013657992386445716,0.027398014757194167,-0.08418000384569224,0.08828775470699823,-0.09867307435945721,0.04572888011839639
2015-04-01,DHR,top100,49.3622189754142,54.06318502307975,28.32263837960538,58.534617833373034,1,47,4,66,0.030707465595289918,0.14704118030906432,0.013657992386445716,0.027398014757194167,0.0170494732088442,0.11964316555187016,0.0025564026950792365,0.07708429096326831
2015-04-01,BMY,top100,49.08271999144475,57.78377373945223,10.520102851799905,65.30057803468208,2,48,4,66,0.07061508137532124,0.04528603402381837,0.013657992386445716,0.027398014757194167,0.056957088988875526,0.0178880192666242,0.04246401847511056,-0.024670855321977644
2015-04-01,WMT,top100,48.840138281804144,46.66395085194355,45.098407586330296,71.55691168177606,1,49,4,66,-0.10378522135864443,-0.11932961918518004,0.013657992386445716,0.027398014757194167,-0.11744321374509015,-0.1467276339423742,-0.13193628425885512,-0.18928650853097606
2015-04-01,VZ,top100,47.99822909246802,45.1250189716249,53.37050921222172,57.36613969886252,1,50,4,66,-0.028399482554978595,0.15840941899923133,0.013657992386445716,0.027398014757194167,-0.04205747494142431,0.13101140424203717,-0.056550545455189276,0.08845252965343532
2015-04-01,PM,top100,47.59964424954498,38.212287112394435,76.83370328612031,54.843026136448145,0,51,4,66,0.08176720010942429,0.37445401905804054,0.013657992386445716,0.027398014757194167,0.06810920772297857,0.3470560043008464,0.053616137209213606,0.3044971297122445
2015-04-01,KLAC,top100,46.31187189713867,45.88613739682489,39.70710917664128,62.50153884032992,2,52,4,66,-0.008203707649691028,0.309034732580439,0.013657992386445716,0.027398014757194167,-0.021861700036136744,0.28163671782324484,-0.03635477054990171,0.23907784323464298
2015-04-01,COP,top100,45.45842999787864,31.654949070400914,82.31585019524317,68.36795609549372,0,53,4,66,-0.03664464721169591,-0.3391827996382245,0.013657992386445716,0.027398014757194167,-0.05030263959814163,-0.3665808143954187,-0.0647957101119066,-0.40913968898402053
2015-04-01,C,top100,44.21648707116368,40.55492897908158,49.78109701068344,58.71817383669887,2,54,5,66,0.07967510149778545,-0.17400600803535127,0.013657992386445716,0.027398014757194167,0.06601710911133973,-0.20140402279254543,0.05152403859757477,-0.2439628973811473
2015-04-01,PG,top100,44.20821515467021,46.67702424956255,28.475174219636894,58.39263336049042,1,55,5,66,-0.02379583262781826,0.049573254248597154,0.013657992386445716,0.027398014757194167,-0.037453825014263975,0.022175239491402987,-0.05194689552802894,-0.020383635097198857
2015-04-01,GOOGL,top100,44.20413184363667,46.75438706102187,29.509286618826508,55.74203577156048,0,56,5,66,-0.011265639065973443,0.4007018059561649,0.013657992386445716,0.027398014757194167,-0.02492363145241916,0.3733037911989707,-0.039416701966184124,0.33074491661036887
2015-04-01,BAC,top100,41.458497065829036,38.02446381379292,44.41332861630697,59.58706672912594,2,57,5,66,0.12080347898115562,-0.10870159453302963,0.013657992386445716,0.027398014757194167,0.1071454865947099,-0.1360996092902238,0.09265241608094493,-0.17865848387882566
2015-04-01,CAT,top100,40.50314577373596,25.03505450840922,83.57787416200355,62.63032785448793,0,58,5,66,0.0628562507473791,0.004570638959382478,0.013657992386445716,0.027398014757194167,0.04919825836093339,-0.02282737579781169,0.034705187847168424,-0.06538625038641353
2015-04-01,ABT,top100,40.006381500750905,44.55428650614484,15.435680839181593,57.312447786132005,1,59,5,66,0.08462271341463423,-0.060175304878048785,0.013657992386445716,0.027398014757194167,0.07096472102818852,-0.08757331963524295,0.05647165051442355,-0.1301321942238448
2015-04-01,T,top100,37.50679945905611,28.966239844301402,58.45498640693148,55.39434286658832,1,60,5,66,0.10217096458372632,0.2783541268087628,0.013657992386445716,0.027398014757194167,0.0885129721972806,0.25095611205156865,0.07401990168351563,0.2083972374629668
2015-04-01,MCD,top100,37.34483247519352,33.90922668919067,40.82467875374054,54.43438042011947,1,61,5,66,0.003137740577427328,0.36309823136715447,0.013657992386445716,0.027398014757194167,-0.010520251809018388,0.3357002166099603,-0.025013322322783353,0.29314134202135844
2015-04-01,GE,top100,32.867052234274475,22.328793809009476,59.241254237818964,53.88645720404052,0,62,5,66,0.08239916667643832,0.32829508722146006,0.013657992386445716,0.027398014757194167,0.0687411742899926,0.3008970724642659,0.05424810377622764,0.25833819787566403
2015-04-01,IBM,top100,32.6667779518402,16.875238242190676,71.9005058498588,64.7401001233497,2,63,5,66,0.041179507073867416,-0.0074066130699123045,0.013657992386445716,0.027398014757194167,0.0275215146874217,-0.03480462782710647,0.013028444173656735,-0.07736350241570832
2015-04-01,MDLZ,top100,32.443274489412445,31.56365360992991,23.781455774003867,55.92425807660736,2,64,5,66,0.15048111507588846,0.1541063937380256,0.013657992386445716,0.027398014757194167,0.13682312268944274,0.12670837898083143,0.12233005217567777,0.08414950439222958
2015-04-01,ETN,top100,32.336771686560915,21.67365604026351,51.992753623188406,67.6666173373878,0,65,5,66,0.008864708714492187,-0.022983148772267592,0.013657992386445716,0.027398014757194167,-0.00479328367195353,-0.05038116352946176,-0.019286354185718495,-0.0929400381180636
2015-04-01,DE,top100,28.88186715226813,10.540984396022786,79.83331054598487,55.36515965855203,1,66,5,66,0.1051142742304334,-0.10048786572604673,0.013657992386445716,0.027398014757194167,0.09145628184398769,-0.1278858804832409,0.07696321133022271,-0.17044475507184276
2015-07-01,GILD,top100,89.69014730886062,98.70967741935483,72.50107162341206,60.931587906298134,0,1,1,65,-0.14958183212965903,-0.2673809038132555,-0.06925883943553868,0.03143058133425192,-0.08032299269412035,-0.29881148514750744,-0.09367175065402797,-0.343608714310049
2015-07-01,BX,top100,85.20801067375473,89.16009388598036,81.5795559666975,64.80033760228983,0,2,1,65,-0.2031123991935484,-0.34737063172043003,-0.06925883943553868,0.03143058133425192,-0.13385355975800972,-0.37880121305468195,-0.14720231771791734,-0.42359844221722354
2015-07-01,AAPL,top100,75.32110989799195,79.7503181606883,67.07784532252617,60.80318121004906,0,3,1,65,-0.1305204516298223,-0.22940129988872282,-0.06925883943553868,0.03143058133425192,-0.06126161219428361,-0.26083188122297474,-0.07461037015419122,-0.3056291103855163
2015-07-01,TXN,top100,72.10494539228641,78.68334057291786,54.86198789390279,60.54209412463348,0,4,1,65,-0.06046663702231181,0.24021082367712054,-0.06925883943553868,0.03143058133425192,0.008792202413226868,0.20878024234286863,-0.004556555546680753,0.16398301318032704
2015-07-01,AMGN,top100,71.07929842985357,80.66610274113532,39.060218741069804,68.00982762844876,1,5,1,65,-0.09102307436904133,0.004698461678899202,-0.06925883943553868,0.03143058133425192,-0.021764234933502657,-0.026732119655352715,-0.03511299289341028,-0.0715293488178943
2015-07-01,MA,top100,69.77532805888085,87.65469468004846,15.705860975287433,52.758695877894304,1,6,1,65,-0.03826659822621392,-0.06121001360877232,-0.06925883943553868,0.03143058133425192,0.030992241209324756,-0.09264059494302423,0.017643483249417134,-0.13743782410556582
2015-07-01,ICE,top100,67.61314430633412,69.22237717473308,64.19981498612395,63.17517286796179,0,7,1,65,0.037846518563835696,0.14886246319733876,-0.06925883943553868,0.03143058133425192,0.10710535799937437,0.11743188186308684,0.09375660003946676,0.07263465270054525
2015-07-01,META,top100,66.98641085977535,78.59600832171189,32.56079027355623,54.57046979865774,1,8,1,65,0.04648447248225551,0.3149227831718968,-0.06925883943553868,0.03143058133425192,0.11574331191779419,0.2834922018376449,0.10239455395788657,0.2386949726751033
2015-07-01,MSFT,top100,66.52853705928001,73.79084459279242,45.41001731769853,57.92942380785614,1,9,1,65,0.010218813621940548,0.1831761644862162,-0.06925883943553868,0.03143058133425192,0.07947765305747923,0.1517455831519643,0.06612889509757161,0.1069483539894227
2015-07-01,GS,top100,66.47262985198988,71.01233777615205,55.28376463906562,57.07240480870321,1,10,1,65,-0.15867987799780736,-0.28137293070380553,-0.06925883943553868,0.03143058133425192,-0.08942103856226868,-0.31280351203805745,-0.1027697965221763,-0.35760074120059904
2015-07-01,NVDA,top100,63.49878102274298,65.35857281116878,56.56187488634298,64.35405077656242,0,11,1,65,0.18985801217038545,1.3377281947261666,-0.06925883943553868,0.03143058133425192,0.2591168516059241,1.3062976133919146,0.2457680936460165,1.261500384229373
2015-07-01,UNP,top100,62.58783022125424,65.46093291572362,55.05630893928767,57.539153923901665,0,12,1,65,-0.053712854396056664,-0.06818507204664936,-0.06925883943553868,0.03143058133425192,0.015545985039482013,-0.09961565338090128,0.0021972270795743917,-0.14441288254344287
2015-07-01,LOW,top100,62.57035808741449,68.71493564390389,40.53312224078588,63.632786885245906,0,13,1,65,0.042244678689682846,0.19599663946143542,-0.06925883943553868,0.03143058133425192,0.11150351812522152,0.1645660581271835,0.09815476016531391,0.11976882896464192
2015-07-01,BKNG,top100,62.404361085283526,61.947006241283916,61.7062684680056,67.00203022783667,0,14,2,65,0.08408700998071317,0.08524332566155235,-0.06925883943553868,0.03143058133425192,0.15334584941625184,0.05381274432730043,0.13999709145634423,0.009015515164758847
2015-07-01,LRCX,top100,62.120666789686545,68.55343956471044,46.66396174965915,48.00466744457409,0,15,2,65,-0.21343437628129902,0.03794765937592803,-0.06925883943553868,0.03143058133425192,-0.14417553684576034,0.0065170780416761165,-0.15752429480566796,-0.03828015112086547
2015-07-01,FISV,top100,61.93247852568616,73.59770771892121,24.931221261008496,54.27838870239612,1,16,2,65,0.040423255260967794,0.29271192486030206,-0.06925883943553868,0.03143058133425192,0.10968209469650647,0.26128134352605015,0.09633333673659886,0.21648411436350856
2015-07-01,SBUX,top100,61.763159377876896,75.15161214116428,19.71437813960177,52.141552511415526,0,17,2,65,0.06955970398931233,0.07353006548639862,-0.06925883943553868,0.03143058133425192,0.138818543424851,0.042099484152146704,0.1254697854649434,-0.002697745010394881
2015-07-01,INTC,top100,61.26410788665257,60.66402993377685,63.98955654274803,60.013756244591676,0,18,2,65,0.002294622749545727,0.12288790406007744,-0.06925883943553868,0.03143058133425192,0.0715534621850844,0.09145732272582552,0.05820470422517678,0.04666009356328393
2015-07-01,HD,top100,61.13696009917374,70.1380398253355,35.184286753435686,50.03474870751759,0,19,2,65,0.049575358656096524,0.16256195605966473,-0.06925883943553868,0.03143058133425192,0.1188341980916352,0.1311313747254128,0.10548544013172759,0.08633414556287122
2015-07-01,ORCL,top100,60.81603861347315,62.70723882246252,55.59078910544106,58.02813616661177,0,20,2,65,-0.09604383516519077,0.0330646086335038,-0.06925883943553868,0.03143058133425192,-0.026784995729652095,0.0016340272992518834,-0.040133753689559716,-0.0431632018632897
2015-07-01,SCHW,top100,60.540963868561676,71.54008062610976,25.860718323715545,52.90763765541742,1,21,2,65,-0.13650953380640907,-0.2291375331818103,-0.06925883943553868,0.03143058133425192,-0.06725069437087039,-0.2605681145160622,-0.080599452330778,-0.3053653436786038
2015-07-01,AMAT,top100,60.280474070299775,62.27883831340544,51.85153924090094,63.149794027357814,0,22,2,65,-0.2436356834296871,0.2550695325332757,-0.06925883943553868,0.03143058133425192,-0.17437684399414843,0.22363895119902377,-0.18772560195405605,0.1788417220364822
2015-07-01,ADI,top100,59.873705747187465,71.16728012619738,19.403462967292754,61.7591706539075,1,23,2,65,-0.14236203679018944,-0.09619850165559729,-0.06925883943553868,0.03143058133425192,-0.07310319735465076,-0.1276290829898492,-0.08645195531455838,-0.1724263121523908
2015-07-01,CSCO,top100,58.65985196155874,60.748740693323576,51.078816966624046,59.19970082907426,0,24,2,65,-0.05164620365280059,0.07544336530042983,-0.06925883943553868,0.03143058133425192,0.017612635782738084,0.044012783966177915,0.004263877822830463,-0.00078444519636367
2015-07-01,DIS,top100,58.22033877340701,70.74043422265913,18.880056114098664,49.260235947258856,1,25,2,65,-0.108225393676332,-0.14490480859465338,-0.06925883943553868,0.03143058133425192,-0.038966554240793316,-0.1763353899289053,-0.05231531220070094,-0.22113261909144688
2015-07-01,TMO,top100,58.08972632425872,67.30472554354039,28.97689190242382,51.81040063295693,1,26,2,65,-0.06550740667588384,0.13449101323326085,-0.06925883943553868,0.03143058133425192,0.003751432759654838,0.10306043189900893,-0.009597325200252783,0.058263202736467345
2015-07-01,INTU,top100,57.649401952150534,67.54154378424514,20.401693504265747,62.899826023257916,3,27,3,65,-0.12344967983281718,0.11123729542473204,-0.06925883943553868,0.03143058133425192,-0.054190840397278506,0.07980671409048012,-0.06753959835718612,0.03500948492793854
2015-07-01,MS,top100,57.38175220469472,60.51600710241345,48.36726671644235,53.47093889716841,0,28,3,65,-0.19662501815063993,-0.3267011471204442,-0.06925883943553868,0.03143058133425192,-0.12736617871510125,-0.3581317284546961,-0.14071493667500887,-0.4029289576172377
2015-07-01,JPM,top100,57.18100079763323,58.57473156382646,53.886998370115855,54.01289028931538,0,29,3,65,-0.0976949099205412,-0.06750845724175913,-0.06925883943553868,0.03143058133425192,-0.028436070485002518,-0.09893903857601105,-0.04178482844491014,-0.14373626773855264
2015-07-01,ACN,top100,56.91706506296357,65.05368723470733,29.998694005485177,53.797451975714125,1,30,3,65,0.0038749279226442113,0.17906356113884692,-0.06925883943553868,0.03143058133425192,0.07313376735818289,0.147632979804595,0.05978500939827527,0.10283575064205341
2015-07-01,ADBE,top100,56.7862772231277,68.10653620173294,17.004455355519184,57.10810810810811,1,31,3,65,0.03471707437608118,0.18346923647146052,-0.06925883943553868,0.03143058133425192,0.10397591381161986,0.1520386551372086,0.09062715585171224,0.10724142597466702
2015-07-01,REGN,top100,56.740713726652054,68.9268497138459,11.068050517152562,62.78308823529413,2,32,3,65,-0.06621793955815647,-0.310516927012491,-0.06925883943553868,0.03143058133425192,0.0030408998773822082,-0.3419475083467429,-0.010307858082525413,-0.3867447375092845
2015-07-01,CMCSA,top100,56.2943878419369,61.0535043399404,43.188436858649624,49.192474322486945,0,33,3,65,-0.0777480620681229,0.061104247838069004,-0.06925883943553868,0.03143058133425192,-0.008489222632584226,0.029673666503817087,-0.021837980592491847,-0.015123562658724499
2015-07-01,HON,top100,55.91326070791998,58.77116054350229,45.38968124074507,56.95512079319363,0,34,3,65,-0.07454436867395575,0.1557168118103076,-0.06925883943553868,0.03143058133425192,-0.005285529238417075,0.12428623047605569,-0.018634287198324696,0.07948900131351411
2015-07-01,UNH,top100,55.66970739195368,62.815664936786995,33.40552178318136,50.17637579566514,1,35,3,65,-0.05078306978137448,0.16438873095330964,-0.06925883943553868,0.03143058133425192,0.018475769654164198,0.13295814961905772,0.005127011694256577,0.08816092045651613
2015-07-01,TJX,top100,54.94098694617746,61.62706232901244,33.92785701296339,50.1647191327608,1,36,3,65,0.0532872236102111,0.1597092038102894,-0.06925883943553868,0.03143058133425192,0.12254606304574978,0.1282786224760375,0.10919730508584216,0.08348139331349591
2015-07-01,ADP,top100,54.37814704356357,60.33469742346997,33.47195735773563,54.49467375587468,1,37,3,65,0.006306327616794727,0.16423891188645756,-0.06925883943553868,0.03143058133425192,0.0755651670523334,0.13280833055220564,0.06221640909242578,0.08801110138966406
2015-07-01,PGR,top100,51.99534270468168,50.78207326459538,56.55808114179992,51.36275191104933,0,38,3,65,0.07841273329161513,0.2123712029654965,-0.06925883943553868,0.03143058133425192,0.1476715727271538,0.18094062163124458,0.1343228147672462,0.136143392468703
2015-07-01,PFE,top100,51.572996650831996,55.18620973457396,35.03432442262229,59.35784952105774,2,39,3,65,-0.04752448761214911,0.08206436743764911,-0.06925883943553868,0.03143058133425192,0.021734351823389564,0.050633786103397194,0.008385593863481942,0.005836556940855608
2015-07-01,QCOM,top100,50.44434417996837,39.79893768622879,80.9124710986413,64.02593579879951,0,40,4,65,-0.14740760598313518,-0.11613192887017443,-0.06925883943553868,0.03143058133425192,-0.0781487665475965,-0.14756251020442634,-0.09149752450750412,-0.19235973936696793
2015-07-01,PEP,top100,50.380476541651554,54.75073729452915,35.5098179047999,49.529968545211666,1,41,4,65,0.0006131647977603016,0.15414514358524922,-0.06925883943553868,0.03143058133425192,0.06987200423329898,0.1227145622509973,0.05652324627339136,0.07791733308845572
2015-07-01,WMT,top100,50.214839287008765,43.83091378797924,67.44492505130802,60.442146251616954,0,42,4,65,-0.09976413525640715,0.04661014781198336,-0.06925883943553868,0.03143058133425192,-0.030505295820868472,0.015179566477731443,-0.043854053780776094,-0.029617662684810142
2015-07-01,SYK,top100,49.97882995027362,58.866662094297496,21.65195619982854,44.417752442996736,2,43,4,65,-0.008544881269322846,0.26561204304525243,-0.06925883943553868,0.03143058133425192,0.06071395816621583,0.23418146171100052,0.04736520020630821,0.18938423254845893
2015-07-01,DHR,top100,49.72373618447188,55.038796552433645,27.15045592705167,57.66487412357996,1,44,4,65,-0.010092693798174457,0.1772736951183158,-0.06925883943553868,0.03143058133425192,0.05916614563736422,0.1458431137840639,0.0458173876774566,0.10104588462152231
2015-07-01,BAC,top100,49.60540444627884,47.10128559779916,57.73594932772977,50.87314662273477,0,45,4,65,-0.09407356495133379,-0.21913546031675657,-0.06925883943553868,0.03143058133425192,-0.02481472551579511,-0.2505660416510085,-0.03816348347570273,-0.29536327081355007
2015-07-01,CB,top100,49.09130795846009,44.8618306242046,62.19048720320691,52.49929080875487,0,46,4,65,0.004556358623839296,0.30566494172832415,-0.06925883943553868,0.03143058133425192,0.07381519805937797,0.27423436039407223,0.06046644009947035,0.22943713123153064
2015-07-01,C,top100,48.8081220608148,48.700883229311934,45.68710262396664,55.80083275503122,2,47,4,65,-0.10322755733981392,-0.23559383778841048,-0.06925883943553868,0.03143058133425192,-0.03396871790427525,-0.2670244191226624,-0.04731747586418287,-0.311821648285204
2015-07-01,LLY,top100,48.6680243705715,56.98988744351219,16.635946795521264,54.47913801008713,3,48,4,65,0.009934095341124216,-0.04752110230168105,-0.06925883943553868,0.03143058133425192,0.0791929347766629,-0.07895168363593297,0.06584417681675528,-0.12374891279847455
2015-07-01,BMY,top100,48.54346481879781,57.521989285414904,13.755520484243888,55.26968222158602,2,49,4,65,-0.10700052263571869,0.11216880918634442,-0.06925883943553868,0.03143058133425192,-0.03774168320018001,0.0807382278520925,-0.05109044116008763,0.03594099868955092
2015-07-01,COST,top100,48.295451184237834,52.455225074872544,28.20404374593204,59.35984882640654,0,50,4,65,0.062037252772856544,0.16327300382902576,-0.06925883943553868,0.03143058133425192,0.13129609220839522,0.13184242249477385,0.1179473342484876,0.08704519333223226
2015-07-01,GOOGL,top100,46.985928024546084,48.070871722182844,36.842835060920166,59.67750806834057,0,51,4,65,0.18166851859421973,0.29492101126393133,-0.06925883943553868,0.03143058133425192,0.2509273580297584,0.2634904299296794,0.2375786000698508,0.21869320076713783
2015-07-01,LMT,top100,46.6516404199109,48.674005319189476,35.29507469124874,55.208217582285165,1,52,4,65,0.09611556070637639,0.35772929121389807,-0.06925883943553868,0.03143058133425192,0.16537440014191507,0.32629870987964615,0.15202564218200745,0.28150148071710457
2015-07-01,PG,top100,43.99338803791902,45.74603537489617,30.714826004630893,58.281980745655304,1,53,5,65,-0.0900760264950704,0.09875888077733541,-0.06925883943553868,0.03143058133425192,-0.020817187059531728,0.0673282994430835,-0.03416594501943935,0.02253107028054191
2015-07-01,ABT,top100,43.04040048237127,49.535706392934166,15.444723716000311,52.76461264117296,2,54,5,65,-0.1729238769522673,-0.1877188183120968,-0.06925883943553868,0.03143058133425192,-0.10366503751672862,-0.21914939964634872,-0.11701379547663623,-0.2639466288088903
2015-07-01,CAT,top100,42.174200171508865,26.4200025910092,80.00448133426858,76.79302090948708,0,55,5,65,-0.22591452457223227,-0.057802953355730824,-0.06925883943553868,0.03143058133425192,-0.1566556851366936,-0.08923353468998274,-0.1700044430966012,-0.13403076385252433
2015-07-01,DE,top100,40.47121195393238,33.00896184357925,60.247934689424056,53.153517255420965,3,56,5,65,-0.23618456614464645,-0.13127342914224727,-0.06925883943553868,0.03143058133425192,-0.16692572670910777,-0.16270401047649918,-0.18027448466901538,-0.20750123963904077
2015-07-01,COP,top100,40.35173588082923,25.243227178162364,74.11642411642411,78.58192032830752,2,57,5,65,-0.1869579374945035,-0.24385652590372464,-0.06925883943553868,0.03143058133425192,-0.11769909805896484,-0.27528710723797656,-0.13104785601887245,-0.32008433640051814
2015-07-01,ETN,top100,36.38631556215182,26.17870342851482,55.418517652560205,69.77519631679402,0,58,5,65,-0.24550207787299105,-0.08309583031881085,-0.06925883943553868,0.03143058133425192,-0.17624323843745238,-0.11452641165306277,-0.18959199639736,-0.15932364081560435
2015-07-01,MCD,top100,36.16757983021691,33.90219702338767,36.69264541604967,50.975128306356076,1,59,5,65,0.040624369926614445,0.2968367208840501,-0.06925883943553868,0.03143058133425192,0.10988320936215312,0.2654061395497982,0.09653445140224551,0.2206089103872566
2015-07-01,VZ,top100,35.025629730476055,24.577269228717533,60.32135712986777,57.57269844400227,2,60,5,65,-0.0751926706056244,0.24568058937716364,-0.06925883943553868,0.03143058133425192,-0.005933831170085724,0.21425000804291172,-0.019282589129993345,0.16945277888037014
2015-07-01,T,top100,33.91094862955889,26.9189090327153,50.24251162549035,50.19209981560112,1,61,5,65,-0.06927013723636599,0.30456856928643616,-0.06925883943553868,0.03143058133425192,-1.1297800827314575e-05,0.27313798795218425,-0.013360055760734936,0.22834075878964266
2015-07-01,MDLZ,top100,33.73273667635697,35.054708397155984,20.993849531083576,49.9567089213107,2,62,5,65,0.018463948096650418,0.1115853922776433,-0.06925883943553868,0.03143058133425192,0.0877227875321891,0.08015481094339139,0.07437402957228148,0.0353575817808498
2015-07-01,IBM,top100,32.92403018147927,17.01417434443657,69.71377339806627,70.71353460760415,1,63,5,65,-0.11981267153095987,-0.04213375931240182,-0.06925883943553868,0.03143058133425192,-0.05055383209542119,-0.07356434064665374,-0.0639025900553288,-0.11836156980919532
2015-07-01,KLAC,top100,31.294341302949565,23.367633722746774,38.93640592626596,71.49716511773632,3,64,5,65,-0.11799333977870874,0.333419271672575,-0.06925883943553868,0.03143058133425192,-0.04873450034317006,0.3019886903383231,-0.06208325830307768,0.2571914611757815
2015-07-01,PM,top100,26.60462877789582,13.516304306409701,58.07825448782896,55.27564865843237,0,65,5,65,-0.010104777800256315,0.30880158810438996,-0.06925883943553868,0.03143058133425192,0.05915406163528236,0.27737100677013804,0.04580530367537474,0.23257377760759645
2015-10-01,GILD,top100,92.89338340712702,98.7299771167048,86.5342399916868,64.75551427096312,0,1,1,64,0.0016599146792084518,-0.17797581645581717,0.05249707331766218,0.15004114434055715,-0.05083715863845373,-0.3280169607963743,-0.06564102596195526,-0.4035541752305517
2015-10-01,BKNG,top100,77.74946503303528,86.67933354063844,50.266073543551215,70.20716845878134,0,2,1,64,-0.0013716690960905442,0.17994865453592546,0.05249707331766218,0.15004114434055715,-0.053868742413752724,0.029907510195368303,-0.06867260973725425,-0.045629704238809105
2015-10-01,AAPL,top100,77.45818535181292,78.57411556462736,83.44121009014626,57.680624385445114,0,3,1,64,-0.034485710093418276,0.05372369043155034,0.05249707331766218,0.15004114434055715,-0.08698278341108046,-0.09631745390900681,-0.10178665073458198,-0.17185466834318422
2015-10-01,TXN,top100,71.7650018931559,76.62577971971285,60.58809393915777,60.09337301525351,0,4,1,64,0.12914505572213275,0.4866102624494353,0.05249707331766218,0.15004114434055715,0.07664798240447057,0.33656911810887813,0.06184411508096904,0.26103190367470075
2015-10-01,MA,top100,71.74171412030282,85.92384460621331,24.955251604187772,66.03972575115951,0,5,1,64,0.04675239293641931,0.1305522958522436,0.05249707331766218,0.15004114434055715,-0.005744680381242873,-0.01948884848831356,-0.020548547704744402,-0.09502606292249097
2015-10-01,BX,top100,71.11955927262355,69.35585916009536,81.18218085106383,63.34021690344026,0,6,1,64,-0.0652793809922888,-0.13668875149560145,0.05249707331766218,0.15004114434055715,-0.11777645430995098,-0.2867298958361586,-0.1325803216334525,-0.362267110270336
2015-10-01,AMGN,top100,70.95104874583937,77.11260920062617,49.06827215337853,71.58567874725357,0,7,1,64,0.134860521877483,0.2188506408028521,0.05249707331766218,0.15004114434055715,0.0823634485598208,0.06880949646229495,0.06755958123631928,-0.006727717971882458
2015-10-01,META,top100,69.23885009117407,79.88900140063839,33.72925905625592,65.70697299476015,1,8,1,64,0.1239142707881582,0.4103349331120929,0.05249707331766218,0.15004114434055715,0.07141719747049602,0.26029378877153575,0.05661333014699449,0.18475657433735834
2015-10-01,ICE,top100,68.06519966865582,72.78150838389718,55.87540993677117,59.43061812573562,0,9,1,64,0.07975350123544134,0.1684449160243846,0.05249707331766218,0.15004114434055715,0.027256427917779158,0.018403771683827452,0.012452560594277629,-0.057133442750349955
2015-10-01,SCHW,top100,66.50557452922762,70.35940593796262,49.17988335541527,74.18013701570723,0,10,1,64,0.12227691936747775,0.11612449516767476,0.05249707331766218,0.15004114434055715,0.06977984604981557,-0.033916649172882396,0.054975978726314045,-0.1094538636070598
2015-10-01,LRCX,top100,66.40989936393783,66.62949792296223,70.37264058540654,56.94722700782961,0,11,1,64,0.21091798033541242,0.49170456383800976,0.05249707331766218,0.15004114434055715,0.15842090701775025,0.3416634194974526,0.14361703969424872,0.2661262050632752
2015-10-01,SBUX,top100,65.37288138967202,79.98870718684304,19.302111160559164,55.20364126770061,0,12,1,64,0.01685231041150792,-0.045339802427222686,0.05249707331766218,0.15004114434055715,-0.03564476290615426,-0.19538094676777984,-0.05044863022965579,-0.2709181612019572
2015-10-01,ADI,top100,64.73958522574054,71.56491174915018,40.86531966851116,64.71083067633185,0,13,1,64,-0.0026219405062777312,0.20708149189315828,0.05249707331766218,0.15004114434055715,-0.05511901382393991,0.05704034755260112,-0.06992288114744144,-0.018496866881576285
2015-10-01,GS,top100,63.85710575752047,60.48378900591882,77.8490592909286,59.48641595191571,0,14,2,64,0.009808520921887443,-0.06925511309962751,0.05249707331766218,0.15004114434055715,-0.04268855239577474,-0.21929625744018466,-0.057492419719276266,-0.29483347187436204
2015-10-01,CMCSA,top100,62.91268810027178,62.44957037344157,61.657606577819344,68.66467523298819,0,15,2,64,-0.022359937586481027,0.17581279869677435,0.05249707331766218,0.15004114434055715,-0.0748570109041432,0.0257716543562172,-0.08966087822764474,-0.04976556007796021
2015-10-01,ORCL,top100,62.83888000956241,61.85125326571997,68.66465980827684,58.10070761903062,0,16,2,64,-0.0055149570841982465,0.10078868766797022,0.05249707331766218,0.15004114434055715,-0.058012030401860426,-0.04925245667258693,-0.07281589772536196,-0.12478967110676434
2015-10-01,ADBE,top100,62.62272587779152,75.48339034223947,20.41030187306783,57.02292263610316,1,17,2,64,0.09814925373134331,0.29600000000000004,0.05249707331766218,0.15004114434055715,0.04565218041368113,0.1459588556594429,0.030848313090179602,0.07042164122526548
2015-10-01,LOW,top100,62.05263482829717,69.75106908310012,38.50652476463242,55.255815172006024,0,18,2,64,0.08282975162489614,0.051143178772823594,0.05249707331766218,0.15004114434055715,0.030332678307233962,-0.09889796556773356,0.015528810983732433,-0.17443518000191097
2015-10-01,HD,top100,61.93177801116299,70.6007569294392,32.5877432260411,59.93699515347333,0,19,2,64,0.12492697793815744,0.12196269949627303,0.05249707331766218,0.15004114434055715,0.07242990462049526,-0.028078444844284123,0.057626037296993726,-0.10361565927846153
2015-10-01,FISV,top100,61.798074620107265,74.41369861557392,20.69584080222378,55.69317428760769,1,20,2,64,0.022740258256199297,0.1366700948463031,0.05249707331766218,0.15004114434055715,-0.029756815061462882,-0.01337104949425405,-0.04456068238496441,-0.08890826392843146
2015-10-01,NVDA,top100,60.82535732357723,69.92534092388979,32.67126490530745,53.43365695792881,1,21,2,64,0.34435731333106023,1.8689055574497102,0.05249707331766218,0.15004114434055715,0.29186024001339805,1.718864413109153,0.2770563726898965,1.6433271986749756
2015-10-01,JPM,top100,60.75867578387454,56.57876398312855,71.21333748993322,69.10873497697906,0,22,2,64,0.05029339448261427,0.1160848184703378,0.05249707331766218,0.15004114434055715,-0.0022036788350479064,-0.03395632587021935,-0.017007546158549436,-0.10949354030439676
2015-10-01,MS,top100,60.70515823970098,58.47425031295099,65.61321008718666,66.50541003197955,0,23,2,64,0.004036613548045409,0.04134731659874413,0.05249707331766218,0.15004114434055715,-0.04846045976961677,-0.10869382774181302,-0.0632643270931183,-0.18423104217599043
2015-10-01,CSCO,top100,60.579688337296545,61.78189375878721,59.4045345907048,54.51455788004537,0,24,2,64,0.03442723261730696,0.2651981149292024,0.05249707331766218,0.15004114434055715,-0.018069840700355222,0.11515697058864527,-0.03287370802385675,0.03961975615446786
2015-10-01,DIS,top100,60.49144149749486,66.93115875585038,30.821545475800797,74.75321273239445,0,25,2,64,0.00944952093350726,-0.08313820969192076,0.05249707331766218,0.15004114434055715,-0.04304755238415492,-0.23317935403247791,-0.05785141970765645,-0.3087165684666553
2015-10-01,UNH,top100,60.300888856811895,66.07211560183597,38.14566934247785,64.21274067031138,1,26,2,64,0.003027719773520232,0.22187499359619323,0.05249707331766218,0.15004114434055715,-0.04946935354414195,0.07183384925563607,-0.06427322086764348,-0.0037033651785413346
2015-10-01,GOOGL,top100,60.07269280730717,69.8017525255344,21.557750759878417,68.99915887457418,1,27,3,64,0.18293005088466363,0.2524294439167982,0.05249707331766218,0.15004114434055715,0.13043297756700145,0.10238829957624107,0.11562911024349992,0.026851085142063663
2015-10-01,TMO,top100,60.03574071809028,65.37605679097001,39.12156106305043,64.48188751801189,0,28,3,64,0.13762539798483964,0.30820047445372745,0.05249707331766218,0.15004114434055715,0.08512832466717746,0.1581593301131703,0.07032445734367593,0.08262211567899289
2015-10-01,C,top100,59.439206903696665,52.060918467962054,78.84400212571012,72.277635509812,0,29,3,64,0.025791465369641164,-0.0468335932473255,0.05249707331766218,0.15004114434055715,-0.026705607948021015,-0.19687473758788265,-0.041509475271522545,-0.27241195202206003
2015-10-01,TJX,top100,57.69421328280633,64.82339199004934,29.12091159431585,64.93656570908621,1,30,3,64,0.0033128814172684873,0.0695178721234353,0.05249707331766218,0.15004114434055715,-0.04918419190039369,-0.08052327221712186,-0.06398805922389522,-0.15606048665129926
2015-10-01,ACN,top100,57.12338658574724,64.1761455600826,29.923598945338075,62.15364904621809,1,31,3,64,0.045551337611825504,0.2665748619554158,0.05249707331766218,0.15004114434055715,-0.006945735705836675,0.11653371761485865,-0.021749603029338205,0.04099650318068124
2015-10-01,HON,top100,56.31662562671596,56.58469344091937,54.51130725066895,58.05078767938616,0,32,3,64,0.08928546322150321,0.25814823875443227,0.05249707331766218,0.15004114434055715,0.036788389903841034,0.10810709441387512,0.021984522580339505,0.03256987997969771
2015-10-01,BAC,top100,56.014686682731536,48.0132436074279,77.57737839344632,68.89940478842749,0,33,3,64,0.05956926089084691,0.02127590145211311,0.05249707331766218,0.15004114434055715,0.0070721875731847295,-0.12876524288844404,-0.0077316797503168,-0.20430245732262145
2015-10-01,SYK,top100,55.74554249563884,62.062725743308434,27.85694801652248,67.3024487201844,0,34,3,64,-0.047669583529145965,0.2441015329887033,0.05249707331766218,0.15004114434055715,-0.10016665684680814,0.09406038864814614,-0.11497052417030967,0.018523174213968735
2015-10-01,ADP,top100,55.477678426346785,61.75300658858174,34.388609869155886,53.728518405083896,1,35,3,64,0.020854880869548786,0.11731575681215567,0.05249707331766218,0.15004114434055715,-0.03164219244811339,-0.032725387528401484,-0.04644605977161492,-0.10826260196257889
2015-10-01,PGR,top100,55.240719860489094,56.97384500487699,49.04593042890915,55.498422712933746,0,36,3,64,0.014670706426407332,0.05710147238611585,0.05249707331766218,0.15004114434055715,-0.03782636689125485,-0.0929396719544413,-0.05263023421475638,-0.1684768863886187
2015-10-01,INTU,top100,53.89087937633232,61.79105770789647,23.069811394279483,60.23176701948901,3,37,3,64,0.06564045921694461,0.2528553131321598,0.05249707331766218,0.15004114434055715,0.013143385899282434,0.10281416879160266,-0.0016604814242190957,0.027276954357425248
2015-10-01,DHR,top100,52.44903242405638,55.95664931150783,34.6890018964487,63.41577526711155,1,38,3,64,0.07596076631868742,0.8968853963519561,0.05249707331766218,0.15004114434055715,0.023463693001025243,0.7468442520113989,0.008659825677523714,0.6713070375772215
2015-10-01,PEP,top100,51.600607851159054,56.44521962382096,35.60709089964409,49.67535934555568,1,39,4,64,0.059796255111557395,0.19262650357510092,0.05249707331766218,0.15004114434055715,0.007299181793895215,0.04258535923454376,-0.007504685529606314,-0.032951855199633645
2015-10-01,LLY,top100,51.35781518027478,59.71102730314652,15.039844906866183,65.52127086698974,2,40,4,64,-0.020951108442599176,-0.032681755974906745,0.05249707331766218,0.15004114434055715,-0.07344818176026136,-0.1827229003154639,-0.08825204908376288,-0.2582601147496413
2015-10-01,MCD,top100,50.09394003828218,55.45306266727264,28.841185410334347,55.085590891244586,1,41,4,64,0.19965522686947867,0.20392308825422445,0.05249707331766218,0.15004114434055715,0.1471581535518165,0.053881943913667296,0.13235428622831497,-0.02165527052051011
2015-10-01,COST,top100,48.97642760525639,55.495328990556985,22.81297492401216,55.67102327064074,1,42,4,64,0.10647772541981126,0.06658531497014697,0.05249707331766218,0.15004114434055715,0.053980652102149085,-0.08345582937041018,0.039176784778647555,-0.1589930438045876
2015-10-01,UNP,top100,48.837356768218726,42.99683992590171,60.05358117060244,67.2885258596704,0,43,4,64,-0.12073470772885375,0.10712790927858373,0.05249707331766218,0.15004114434055715,-0.17323178104651593,-0.04291323506197342,-0.18803564837001746,-0.11845044949615083
2015-10-01,LMT,top100,47.42716504235673,52.14988691240295,26.08478434451939,57.05287334770787,2,44,4,64,0.048984366719314165,0.20463345472341765,0.05249707331766218,0.15004114434055715,-0.0035127065983480144,0.0545923103828605,-0.018316573921849544,-0.02094490405131691
2015-10-01,INTC,top100,47.04745709672508,40.43541515506689,58.837645805730915,69.75137327032076,0,45,4,64,0.14098098846395613,0.2991641040452606,0.05249707331766218,0.15004114434055715,0.08848391514629395,0.14912295970470346,0.07368004782279242,0.07358574527052605
2015-10-01,BMY,top100,46.429641073743824,52.95053115290877,13.230847167017382,67.1809983330421,3,46,4,64,0.12235278816765849,-0.08696751693757965,0.05249707331766218,0.15004114434055715,0.06985571484999631,-0.2370086612781368,0.05505184752649478,-0.3125458757123142
2015-10-01,MSFT,top100,46.01771541252162,47.83705020770378,32.30525679993765,60.70728907141442,2,47,4,64,0.23670402465056295,0.32659921307019335,0.05249707331766218,0.15004114434055715,0.18420695133290077,0.1765580687296362,0.16940308400939924,0.10102085429545879
2015-10-01,ABT,top100,45.690373057423066,47.57357072426559,29.348550385784428,65.19163473280263,2,48,4,64,0.05935438451688091,0.06307161974352593,0.05249707331766218,0.15004114434055715,0.00685731119921873,-0.08696952459703122,-0.0079465561242828,-0.16250673903120863
2015-10-01,AMAT,top100,44.30119331050146,36.122636921040666,65.07673732886498,60.0,1,49,4,64,0.2661679238283665,1.0943412266600716,0.05249707331766218,0.15004114434055715,0.21367085051070434,0.9443000823195145,0.1988669831872028,0.8687628678853371
2015-10-01,DE,top100,44.0458052514834,30.90817446585711,84.50507235081703,55.090686552200154,3,50,4,64,0.051859599460781114,0.2065583083892557,0.05249707331766218,0.15004114434055715,-0.0006374738568810656,0.056517164048698554,-0.015441341180382595,-0.019020050385478854
2015-10-01,QCOM,top100,43.50500431027325,30.4122767151176,80.90445015976931,60.35520577737073,0,51,4,64,-0.04823499638282258,0.33686018778646654,0.05249707331766218,0.15004114434055715,-0.10073206970048476,0.18681904344590938,-0.11553593702398629,0.11128182901173198
2015-10-01,CAT,top100,41.66641501926314,24.47135335688107,92.68233834723198,60.0,1,52,5,64,0.0677101837795937,0.43898574012467306,0.05249707331766218,0.15004114434055715,0.015213110461931523,0.2889445957841159,0.00040924313842999327,0.2134073813499385
2015-10-01,WMT,top100,38.89757288376465,23.629827484937156,79.0936339074637,65.37966862815905,0,53,5,64,-0.03570860234609441,0.15612212421569516,0.05249707331766218,0.15004114434055715,-0.08820567566375659,0.006080979875138004,-0.10300954298725812,-0.0694562345590394
2015-10-01,CB,top100,38.724886738050856,28.98564810754352,64.67140129374172,55.00652804022053,0,54,5,64,0.11817426246161067,0.2563465358960213,0.05249707331766218,0.15004114434055715,0.06567718914394849,0.10630539155546415,0.05087332182044696,0.03076817712128674
2015-10-01,SPGI,top100,36.81647280736719,42.629545762603755,7.241490662904527,55.27492640963658,3,55,5,64,0.07618449211002787,0.45163000089002137,0.05249707331766218,0.15004114434055715,0.02368741879236569,0.3015888565494642,0.00888355146886416,0.2260516421152868
2015-10-01,COP,top100,36.31335118142061,21.61103713685061,75.92812592812592,60.0,3,56,5,64,-0.013415304380364312,-0.06720807315418975,0.05249707331766218,0.15004114434055715,-0.06591237769802649,-0.2172492174947469,-0.08071624502152802,-0.2927864319289243
2015-10-01,ETN,top100,36.24487037834341,21.978793750016614,74.29857376665888,60.0,1,57,5,64,0.04253047469171101,0.34892952743354777,0.05249707331766218,0.15004114434055715,-0.009966598625951173,0.19888838309299062,-0.024770465949452702,0.12335116865881321
2015-10-01,VZ,top100,35.75978150902604,24.959990113140748,64.44528875379939,53.98730679067639,2,58,5,64,0.08160676356322272,0.26650725889574667,0.05249707331766218,0.15004114434055715,0.029109690245560538,0.11646611455518951,0.014305822922059008,0.04092890012101211
2015-10-01,MDLZ,top100,35.749159558333936,34.48269400967955,20.44397682695555,75.22478386167145,2,59,5,64,0.04136134724505869,0.05747552632458719,0.05249707331766218,0.15004114434055715,-0.011135726072603491,-0.09256561801596996,-0.02593959339610502,-0.16810283245014737
2015-10-01,KLAC,top100,35.55802526384595,25.63979407692083,53.27155097455329,69.55859215090712,2,60,5,64,0.3957079872360121,0.44958955496553243,0.05249707331766218,0.15004114434055715,0.3432109139183499,0.2995484106249753,0.3284070465948484,0.22401119619079787
2015-10-01,IBM,top100,35.51269276934761,17.139683779969545,83.1833920147437,68.78235720420182,3,61,5,64,-0.044326538104142554,0.1487799561770815,0.05249707331766218,0.15004114434055715,-0.09682361142180473,-0.001261188163475646,-0.11162747874530626,-0.07679840259765305
2015-10-01,T,top100,33.5271469048554,28.141565472536058,42.30483464526018,53.67084145028119,1,62,5,64,0.07604546091342113,0.33692035584197266,0.05249707331766218,0.15004114434055715,0.023548387595758946,0.1868792115014155,0.008744520272257417,0.1113419970672381
2015-10-01,PM,top100,28.651386494162278,14.383901827740083,64.00118203309694,57.82418808124835,0,63,5,64,0.10788894967992468,0.27674870617989367,0.05249707331766218,0.15004114434055715,0.055391876362262504,0.1267075618393365,0.040588009038760975,0.051170347405159106
2015-10-01,PG,top100,28.482009726868814,21.973130068012022,33.29430026238536,64.41958626783325,2,64,5,64,0.0990193376943489,0.2900069076675109,0.05249707331766218,0.15004114434055715,0.04652226437668672,0.13996576332695376,0.03171839705318519,0.06442854889277635
2016-01-04,GILD,top100,92.42075958801456,97.23473084886129,90.2831034214013,62.998273095314076,0,1,1,65,-0.03506194531652862,-0.22583265876379688,0.03465951502169995,0.14454760829992064,-0.06972146033822857,-0.3703802670637175,-0.07805175738701176,-0.4420855665076605
2016-01-04,AAPL,top100,79.81173805420511,79.78532293086906,90.28381783700932,59.05248435194906,0,2,1,65,0.04970724438234253,0.12704369593941411,0.03465951502169995,0.14454760829992064,0.015047729360642581,-0.017503912360506524,0.006717432311859388,-0.08920921180444955
2016-01-04,BKNG,top100,79.2052137961421,84.0580656971166,61.90963292027122,79.8264122410624,0,3,1,65,0.04362568831413771,0.18645061563882526,0.03465951502169995,0.14454760829992064,0.008966173292437762,0.04190300733890462,0.0006358762436545692,-0.029802292105038403
2016-01-04,AMGN,top100,72.17090929050033,79.96379967681665,48.20175096770842,65.55899323186985,0,4,1,65,-0.019628613616922364,-0.022966996167106513,0.03465951502169995,0.14454760829992064,-0.05428812863862231,-0.16751460446702715,-0.0626184256874055,-0.23921990391097017
2016-01-04,REGN,top100,68.99311862567404,79.8866964601323,31.32667172766393,68.07096758048658,1,5,1,65,-0.21546815247602646,-0.26493083830234865,0.03465951502169995,0.14454760829992064,-0.2501276674977264,-0.4094784466022693,-0.2584579645465096,-0.4811837460462123
2016-01-04,META,top100,68.84987559413094,80.6606637883149,29.81843744991671,64.2372345232716,1,6,1,65,0.13539398915624368,0.14321988903604255,0.03465951502169995,0.14454760829992064,0.10073447413454373,-0.001327719263878091,0.09240417708576054,-0.07303301870782111
2016-01-04,ICE,top100,68.45584436152109,74.20438191183155,52.30921764974835,60.50933493289345,0,7,1,65,-0.059024642128417515,0.13253702688501012,0.03465951502169995,0.14454760829992064,-0.09368415715011746,-0.012010581414910515,-0.10201445419890065,-0.08371588085885354
2016-01-04,MA,top100,67.76667621252768,81.98180199969701,20.56727846621464,62.659591194968556,0,8,1,65,0.01320645769104778,0.1205791346297791,0.03465951502169995,0.14454760829992064,-0.02145305733065217,-0.023968473670141544,-0.029783354379435363,-0.09567377311408456
2016-01-04,SBUX,top100,67.0283588344235,79.10332399131445,24.811410202516896,66.9375,0,9,1,65,0.05079466152667944,-0.03573180281035693,0.03465951502169995,0.14454760829992064,0.016135146504979492,-0.18027941111027757,0.007804849456196299,-0.25198471055422056
2016-01-04,MDLZ,top100,63.86262053273626,54.309984598293184,99.36813186813187,59.72004940304653,1,10,1,65,-0.054156597672165074,0.04184323888908348,0.03465951502169995,0.14454760829992064,-0.08881611269386502,-0.10270436941083716,-0.09714640974264821,-0.17440966885478018
2016-01-04,FISV,top100,63.14960108638556,74.08176791395242,23.51255423063934,65.89852700491,1,11,1,65,0.15497206703910615,0.19932960893854745,0.03465951502169995,0.14454760829992064,0.1203125520174062,0.054782000638626815,0.11198225496862302,-0.016923298805316206
2016-01-04,NVDA,top100,62.85630797348706,73.96575013886786,26.269711376094357,58.26340601060696,1,12,1,65,0.12084707075830603,2.1817144306365712,0.03465951502169995,0.14454760829992064,0.08618755573660608,2.0371668223366504,0.0778572586878229,1.9654615228927075
2016-01-04,SCHW,top100,62.256942847777914,68.42618542645053,41.32274049827241,60.94064949608061,0,13,1,65,-0.11028276990614916,0.26912017989565773,0.03465951502169995,0.14454760829992064,-0.1449422849278491,0.12457257159573709,-0.1532725819766323,0.05286727215179407
2016-01-04,CSCO,top100,62.106286984955766,62.88652603140938,62.37734782947548,56.102491970741035,0,14,2,65,0.08633250311332508,0.187318389373184,0.03465951502169995,0.14454760829992064,0.05167298809162513,0.042770781073263375,0.043342691042841934,-0.028934518370679646
2016-01-04,DIS,top100,61.894423663576795,69.32914204918447,37.44547709973242,58.749288092011774,0,15,2,65,-0.03796867685010519,0.0455823700327076,0.03465951502169995,0.14454760829992064,-0.07262819187180514,-0.09896523826721304,-0.08095848892058832,-0.17067053771115606
2016-01-04,CMCSA,top100,61.65518453338111,61.1995657223653,65.9296170732341,56.29565113078576,0,16,2,65,0.11197269693091427,0.2619990464001607,0.03465951502169995,0.14454760829992064,0.07731318190921432,0.11745143810024006,0.06898288486043114,0.045746138656297036
2016-01-04,ADBE,top100,61.63472094543606,74.2121143261122,19.315979528745483,58.230450114084206,1,17,2,65,0.03468522344242686,0.1251495052734588,0.03465951502169995,0.14454760829992064,2.570842072691093e-05,-0.019398103026461833,-0.008304588628056282,-0.09110340247040485
2016-01-04,LOW,top100,60.514074263686645,67.68933368681513,37.509936871639,56.29553308588249,0,18,2,65,0.020294006026734257,-0.041499482635025786,0.03465951502169995,0.14454760829992064,-0.014365508994965692,-0.18604709093494642,-0.022695806043748885,-0.2577523903788894
2016-01-04,UNH,top100,60.43751661521773,66.8444175124981,42.04300132491622,52.37824091485827,1,19,2,65,0.12017933738330466,0.4104247770796281,0.03465951502169995,0.14454760829992064,0.08551982236160471,0.26587716877970746,0.07718952531282153,0.19417186933576444
2016-01-04,GOOGL,top100,60.19384965684486,73.2140332272888,15.305834827111426,58.82859432320424,1,20,2,65,0.013471012200212185,0.06395474037661408,0.03465951502169995,0.14454760829992064,-0.021188502821487765,-0.08059286792330655,-0.029518799870270958,-0.15229816736724958
2016-01-04,ADI,top100,59.918955455917015,64.57657930616573,42.61670953160315,61.920080352803794,0,21,2,65,0.09230953381122076,0.36932395625838454,0.03465951502169995,0.14454760829992064,0.05765001878952081,0.2247763479584639,0.049319721740737614,0.15307104851452089
2016-01-04,JPM,top100,59.398612621938135,56.40420643336868,71.95051697711273,55.255647231575196,0,22,2,65,-0.058944755635157664,0.40213057834430854,0.03465951502169995,0.14454760829992064,-0.09360427065685761,0.2575829700443879,-0.1019345677056408,0.18587767060044488
2016-01-04,TJX,top100,58.60051934289886,66.2432459728324,33.2219494453537,55.85857272845446,1,23,2,65,0.11568275120338911,0.07936138399590775,0.03465951502169995,0.14454760829992064,0.08102323618168916,-0.06518622430401289,0.07269293913290598,-0.1368915237479559
2016-01-04,INTU,top100,58.255306907022316,67.47879109225875,25.75068843685865,58.70015455069466,3,24,2,65,0.11270569318240975,0.23016351342753527,0.03465951502169995,0.14454760829992064,0.0780461781607098,0.08561590512761463,0.06971588111192661,0.013910605683671612
2016-01-04,BX,top100,57.775752464971454,58.413182346109174,54.432624113475185,60.0,3,25,2,65,-0.005407752427567747,0.034719011153841794,0.03465951502169995,0.14454760829992064,-0.040067267449267696,-0.10982859714607884,-0.04839756449805089,-0.18153389659002186
2016-01-04,MSFT,top100,57.70724075785677,67.88908246225319,22.81843452056218,56.211961301671074,2,26,2,65,0.02133134791636082,0.17330592898638875,0.03465951502169995,0.14454760829992064,-0.013328167105339128,0.02875832068646811,-0.02165846415412232,-0.04294697875747491
2016-01-04,PGR,top100,56.667140076576565,56.99508912790991,51.017100511781365,65.67157584683359,0,27,3,65,0.17345067840117334,0.17510520893359183,0.03465951502169995,0.14454760829992064,0.1387911633794734,0.03055760063367119,0.1304608663306902,-0.04114769881027183
2016-01-04,LRCX,top100,56.50155119710695,51.835485784982076,73.08260888048122,56.001893715232576,0,28,3,65,0.07122181483515666,0.40116080573574586,0.03465951502169995,0.14454760829992064,0.03656229981345671,0.2566131974358252,0.028232002764673518,0.1849078979918822
2016-01-04,C,top100,56.179283179934465,48.51818537595314,80.15142363546619,61.86268689674029,0,29,3,65,-0.16834640981480298,0.1959850949373816,0.03465951502169995,0.14454760829992064,-0.20300592483650293,0.05143748663746095,-0.2113362218852861,-0.02026781280648207
2016-01-04,ADP,top100,56.16135979770329,60.694212998030594,36.56336501013271,63.627376970553385,0,30,3,65,0.10665272814353632,0.29202280514313106,0.03465951502169995,0.14454760829992064,0.07199321312183637,0.14747519684321042,0.06366291607305319,0.0757698973992674
2016-01-04,HON,top100,55.787692895581465,57.2873112659698,53.92678538955135,49.012179314923415,0,31,3,65,0.11021047726853261,0.16393400304351147,0.03465951502169995,0.14454760829992064,0.07555096224683266,0.01938639474359083,0.06722066519804948,-0.05231890470035219
2016-01-04,ACN,top100,55.6898854404354,61.97097661970408,29.74170628425948,63.61860549790643,1,32,3,65,0.14259050789600036,0.16678855294188089,0.03465951502169995,0.14454760829992064,0.10793099287430041,0.022240944641960247,0.09960069582551723,-0.049464354801982774
2016-01-04,BAC,top100,55.218139035024095,47.14588698682017,81.54601582202055,59.06814979845862,0,33,3,65,-0.17154032121464113,0.39273340416685887,0.03465951502169995,0.14454760829992064,-0.20619983623634108,0.24818579586693823,-0.21453013328512427,0.1764804964229952
2016-01-04,TXN,top100,54.94979536384456,54.96070671110438,52.968266957628664,58.83647274545757,0,34,3,65,0.07430574903656728,0.39046454345741033,0.03465951502169995,0.14454760829992064,0.03964623401486733,0.2459169351574897,0.03131593696608414,0.17421163571354667
2016-01-04,GS,top100,54.428489380167015,49.69370171186184,68.29006711795465,59.84884758272796,1,35,3,65,-0.0938558433060468,0.3849208496772911,0.03465951502169995,0.14454760829992064,-0.12851535832774674,0.24037324137737048,-0.13684565537652993,0.16866794193342746
2016-01-04,TMO,top100,53.975910849509035,61.8996806039489,25.319603564284414,55.82213713887923,0,36,3,65,0.029372290286573843,0.03975113367647087,0.03465951502169995,0.14454760829992064,-0.005287224735126106,-0.10479647462344976,-0.013617521783909299,-0.17650177406739279
2016-01-04,DHR,top100,53.1483514992083,58.84698656769176,29.192612942612946,61.169383133014904,1,37,3,65,0.04484681447679173,0.7745557966340235,0.03465951502169995,0.14454760829992064,0.01018729945509178,0.6300081883341029,0.0018570024063085874,0.5583028888901599
2016-01-04,LLY,top100,51.42663645499162,59.30244154926022,18.826117735692204,61.49703823371027,1,38,3,65,-0.10786388423422644,-0.07564450279567658,0.03465951502169995,0.14454760829992064,-0.1425233992559264,-0.22019211109559722,-0.15085369630470957,-0.2918974105395402
2016-01-04,HD,top100,51.403740219993566,57.775905165883955,27.055081443379315,55.49590315198938,2,39,3,65,0.034497459378242556,0.04652844339067408,0.03465951502169995,0.14454760829992064,-0.00016205564345739276,-0.09801916490924656,-0.008492352692240586,-0.16972446435318958
2016-01-04,AMZN,top100,50.77699233978723,59.475742311770944,12.68359343370991,66.07254034805585,1,40,4,65,-0.06042481043658454,0.18317399017253022,0.03465951502169995,0.14454760829992064,-0.09508432545828449,0.03862638187260958,-0.10341462250706768,-0.03307891757133344
2016-01-04,ABT,top100,50.48686475041123,54.482559460687774,32.25495544644481,58.980820386408254,1,41,4,65,-0.01103389801378396,-0.06748380148149857,0.03465951502169995,0.14454760829992064,-0.04569341303548391,-0.2120314097814192,-0.0540237100842671,-0.2837367092253622
2016-01-04,LMT,top100,50.238457892776765,54.76881659344545,28.55151694691429,61.89982887982097,2,42,4,65,0.054339432935355925,0.22184604752525128,0.03465951502169995,0.14454760829992064,0.019679917913655975,0.07729843922533064,0.011349620864872782,0.005593139781387618
2016-01-04,SYK,top100,49.80662577866909,54.145015906680804,31.541416621203858,55.968313197517546,0,43,4,65,0.209884964419925,0.344996801790997,0.03465951502169995,0.14454760829992064,0.17522544939822504,0.20044919349107637,0.16689515234944186,0.12874389404713335
2016-01-04,AMAT,top100,48.475127701149376,39.863088925920316,54.89070870028317,95.92823712948518,0,44,4,65,0.16599321255920696,0.7578922310659701,0.03465951502169995,0.14454760829992064,0.131333697537507,0.6133446227660495,0.12300340048872382,0.5416393233221065
2016-01-04,INTC,top100,47.7543954509449,46.24255163359088,47.587223651053435,58.67164577220592,1,45,4,65,-0.036906055958425776,0.11231144929046866,0.03465951502169995,0.14454760829992064,-0.07156557098012573,-0.03223615900945198,-0.07989586802890891,-0.103941458453395
2016-01-04,ORCL,top100,47.42048928020477,38.86851108417916,70.78007689709818,60.56516141859723,0,46,4,65,0.15132945745310833,0.09480093309035453,0.03465951502169995,0.14454760829992064,0.11666994243140838,-0.049746675209566105,0.1083396453826252,-0.12145197465350913
2016-01-04,COST,top100,47.18722986921251,54.24481139221329,15.575656612890658,61.00730572085075,1,47,4,65,-0.005396766728443136,0.012687975901973791,0.03465951502169995,0.14454760829992064,-0.040056281750143086,-0.13185963239794685,-0.04838657879892628,-0.20356493184188987
2016-01-04,BMY,top100,46.91816400437798,55.63831868908751,9.938332943652094,59.836743332862994,3,48,4,65,-0.025860404032600703,-0.09685151565873107,0.03465951502169995,0.14454760829992064,-0.06051991905430065,-0.2413991239586517,-0.06885021610308384,-0.3131044234025947
2016-01-04,UNP,top100,45.58884465332459,34.58661566429329,73.1798313979165,67.42247408735989,0,49,4,65,0.006276594718204631,0.33146466741927916,0.03465951502169995,0.14454760829992064,-0.028382920303495318,0.18691705911935852,-0.03671321735227851,0.1152117596754155
2016-01-04,ABBV,top100,45.187116180222006,44.30941650255012,39.0869768529343,63.531292578500626,1,50,4,65,0.007168825572940518,0.12519591737807323,0.03465951502169995,0.14454760829992064,-0.02749068944875943,-0.01935169092184741,-0.035820986497542624,-0.09105699036579043
2016-01-04,SPGI,top100,42.65250620990445,50.38289653082866,8.425344027608956,56.99409832802601,3,51,4,65,0.05170081294390361,0.15866601163746585,0.03465951502169995,0.14454760829992064,0.017041297922203658,0.014118403337545216,0.008711000873420464,-0.057586896106397806
2016-01-04,PEP,top100,41.39158897178506,42.95753799929304,27.591867352505645,58.02938901778809,3,52,4,65,0.05823179330964057,0.09071895977886846,0.03465951502169995,0.14454760829992064,0.023572278287940618,-0.05382864852105218,0.015241981239157425,-0.1255339479649952
2016-01-04,WMT,top100,41.214657643387596,23.91935565318386,83.26111241004858,78.18886204149176,0,53,5,65,0.1319746093865115,0.14958536915995269,0.03465951502169995,0.14454760829992064,0.09731509436481156,0.005037760860032048,0.08898479731602837,-0.06666753858391097
2016-01-04,PM,top100,40.708596576508434,39.29660278745645,37.88240719091783,56.24493187105351,1,54,5,65,0.15853977233422745,0.09385064141487898,0.03465951502169995,0.14454760829992064,0.1238802573125275,-0.05069696688504166,0.11554996026374431,-0.12240226632898468
2016-01-04,MCD,top100,40.673004560865905,44.152274907842255,22.127951835398644,53.40821758296599,2,55,5,65,0.08846919258794639,0.048708665058236456,0.03465951502169995,0.14454760829992064,0.05380967756624644,-0.09583894324168418,0.045479380517463246,-0.1675442426856272
2016-01-04,MS,top100,39.61699893076461,29.49493132353684,63.78479261558982,62.1358848117086,1,56,5,65,-0.18420906001002946,0.4010355276862214,0.03465951502169995,0.14454760829992064,-0.2188685750317294,0.2564879193863008,-0.2271988720805126,0.18478261994235776
2016-01-04,ETN,top100,37.939852192779526,19.137820027268596,88.43937623968243,68.55502925755023,0,57,5,65,0.23118216941386627,0.3621837808453221,0.03465951502169995,0.14454760829992064,0.19652265439216632,0.21763617254540146,0.18819235734338313,0.14593087310145844
2016-01-04,IBM,top100,37.82773088908853,18.12683053072766,94.8166234578938,61.75624826000409,2,58,5,65,0.13334237639712354,0.2766529300126883,0.03465951502169995,0.14454760829992064,0.09868286137542359,0.13210532171276768,0.0903525643266404,0.060400022268824655
2016-01-04,VZ,top100,37.68077449941681,27.782091097308488,63.55970566076949,55.213695991469685,2,59,5,65,0.19193805388262808,0.2435443858437536,0.03465951502169995,0.14454760829992064,0.15727853886092813,0.09899677754383296,0.14894824181214494,0.027291478099889938
2016-01-04,T,top100,36.399643007205235,32.89107079735394,41.11815784688125,51.522618796812246,1,60,5,65,0.15810501818655243,0.33747243537060667,0.03465951502169995,0.14454760829992064,0.12344550316485248,0.19292482707068603,0.11511520611606929,0.12121952762674301
2016-01-04,KLAC,top100,35.506149981161784,34.201162702620806,34.396341630384185,46.86067763250389,3,61,5,65,0.0721665677685086,0.19166463052811622,0.03465951502169995,0.14454760829992064,0.037507052746808656,0.04711702222819558,0.029176755698025462,-0.02458827721574744
2016-01-04,CB,top100,34.66349515662384,28.05061101853255,45.52603720156912,59.228600033372274,1,62,5,65,0.06860938876465394,0.18391589584603918,0.03465951502169995,0.14454760829992064,0.033949873742953995,0.03936828754611854,0.025619576694170802,-0.03233701189782448
2016-01-04,PG,top100,28.22085515712924,23.06932661717921,25.741303613644035,69.24065802374986,3,63,5,65,0.07513167362457529,0.1096973953780711,0.03465951502169995,0.14454760829992064,0.04047215860287534,-0.03485021292184953,0.03214186155409215,-0.10655551236579255
2016-01-04,CAT,top100,27.701172338708957,6.392528909761147,83.58542462265866,65.09317177344423,2,64,5,65,0.1435723495891612,0.43957853580328154,0.03465951502169995,0.14454760829992064,0.10891283456746126,0.2950309275033609,0.10058253751867807,0.22332562805941789
2016-01-04,DE,top100,27.447963250633098,10.13930970055042,70.20899903878627,63.08646652490549,4,65,5,65,0.013103074711253049,0.40651376103825543,0.03465951502169995,0.14454760829992064,-0.0215564403104469,0.2619661527383348,-0.029886737359230094,0.19026085329439177
2016-04-01,GILD,top100,77.66516771164945,73.69565217391305,95.1271603306756,70.527791237752,0,1,1,66,-0.09331090185211965,-0.2595555826221996,0.01977412568229653,0.16281189173590604,-0.11308502753441618,-0.4223674743581056,-0.12110105753000537,-0.5283143380066317
2016-04-01,BKNG,top100,77.13372754805647,84.1232944199157,59.26165146909828,63.9509116029583,0,2,1,66,-0.024874967096604306,0.36952379455709083,0.01977412568229653,0.16281189173590604,-0.044649092778900834,0.2067119028211848,-0.05266512277449002,0.10076503917265867
2016-04-01,ICE,top100,68.6014025555506,65.76599877771957,78.30955432770499,69.0329254560591,0,3,1,66,0.07580530139122232,0.2859753665405582,0.01977412568229653,0.16281189173590604,0.056031175708925796,0.12316347480465217,0.04801514571333661,0.01721661115612605
2016-04-01,META,top100,68.27456422309547,81.52680598169074,30.22786913100115,51.60226209711711,1,4,1,66,-0.016112167176446368,0.2239353948771705,0.01977412568229653,0.16281189173590604,-0.035886292858742896,0.06112350314126447,-0.043902322854332085,-0.044823360507261656
2016-04-01,AAPL,top100,67.9526371833256,64.77063533637656,86.08550651219477,53.96091145423057,0,5,1,66,-0.12288568418174062,0.333730123621623,0.01977412568229653,0.16281189173590604,-0.14265980986403715,0.17091823188571698,-0.15067583985962632,0.06497136823719085
2016-04-01,DIS,top100,65.45126535978878,69.04551435555888,53.399629972247915,64.39479316447972,0,6,1,66,-0.010497439366335626,0.1617431068139008,0.01977412568229653,0.16281189173590604,-0.030271565048632154,-0.0010687849220052392,-0.03828759504422134,-0.10701564857053136
2016-04-01,MA,top100,64.00089547911362,80.97511162663075,20.803457771542877,31.576257861635227,0,7,1,66,-0.07135382297853055,0.1827171109200345,0.01977412568229653,0.16281189173590604,-0.09112794866082707,0.019905219184128464,-0.09914397865641626,-0.08604164446439766
2016-04-01,ADBE,top100,63.80100445297207,78.96902828706129,25.2154640764724,34.79591836734694,1,8,1,66,0.0016813787305589578,0.3674863387978142,0.01977412568229653,0.16281189173590604,-0.01809274695173757,0.20467444706190818,-0.026108776947326755,0.09872758341338206
2016-04-01,SBUX,top100,63.1593943903456,78.65500823168449,15.848193140832286,49.31249999999999,1,9,1,66,-0.06277432932621452,-0.027582380687215524,0.01977412568229653,0.16281189173590604,-0.08254845500851105,-0.19039427242312157,-0.09056448500410023,-0.2963411360716477
2016-04-01,FISV,top100,62.39561812214543,76.78320424555365,18.582331174838114,49.30908915290253,1,10,1,66,0.053593886040437244,0.11550740059978715,0.01977412568229653,0.16281189173590604,0.033819760358140716,-0.0473044911361189,0.02580373036255153,-0.15325135478464502
2016-04-01,NVDA,top100,60.35144486151427,75.44469804684577,22.935938945420904,29.529684396380482,1,11,1,66,0.2941509220500056,2.035071840705962,0.01977412568229653,0.16281189173590604,0.27437679636770906,1.872259948970056,0.26636076637211986,1.7663130853215299
2016-04-01,JPM,top100,59.90242208100311,54.75482676045798,78.12991972566441,59.48059403549644,0,12,1,66,0.038816687580909504,0.5086770216059935,0.01977412568229653,0.16281189173590604,0.019042561898612975,0.34586512987008744,0.01102653190302379,0.23991826622156132
2016-04-01,GOOGL,top100,59.89697228361872,72.41219536531219,16.52212457600987,59.04010612698216,1,13,1,66,-0.07720194749323217,0.10150888753646292,0.01977412568229653,0.16281189173590604,-0.0969760731755287,-0.06130300419944312,-0.10499210317111789,-0.16724986784796925
2016-04-01,CMCSA,top100,58.48376676105205,62.028736062261466,50.517653407338884,49.60120836001248,0,14,1,66,0.06431360158877042,0.23567511453138046,0.01977412568229653,0.16281189173590604,0.04453947590647389,0.07286322279547441,0.0365234459108847,-0.03308364085305171
2016-04-01,UNH,top100,58.349743257888,68.62137992965651,36.17381025799157,30.800152555301302,1,15,2,66,0.08914311248102069,0.28383755021270596,0.01977412568229653,0.16281189173590604,0.06936898679872416,0.12102565847679991,0.061352956803134975,0.01507879482827379
2016-04-01,T,top100,58.13669728621547,59.00245391503904,57.98823106177408,52.37333333333334,0,16,2,66,0.1315388236616708,0.13264897451571422,0.01977412568229653,0.16281189173590604,0.11176469797937427,-0.03016291722019182,0.10374866798378508,-0.13610978086871794
2016-04-01,AMGN,top100,58.11920723594257,56.08611464491507,59.45837554880109,69.67251874741805,0,17,2,66,0.0073661826377908746,0.09227816277281375,0.01977412568229653,0.16281189173590604,-0.012407943044505654,-0.07053372896309229,-0.02042397304009484,-0.17648059261161841
2016-04-01,ABBV,top100,57.229294856341,47.40689465938287,84.71635842613009,71.01196909546968,1,18,2,66,0.10262251598964678,0.17818562963913664,0.01977412568229653,0.16281189173590604,0.08284839030735025,0.0153737379032306,0.07483236031176106,-0.09057312574529552
2016-04-01,HON,top100,55.873828528237986,58.94891678515303,48.336490316138786,49.42288715403118,0,19,2,66,0.03423705167703317,0.13284892169970353,0.01977412568229653,0.16281189173590604,0.014462925994736642,-0.02996297003620252,0.006446895999147457,-0.13590983368472864
2016-04-01,LOW,top100,55.64364532927697,67.74044937514032,29.040387354448413,24.17253295789068,1,20,2,66,0.044304632498223695,0.09386281014593889,0.01977412568229653,0.16281189173590604,0.024530506815927167,-0.06894908158996715,0.01651447682033798,-0.17489594523849328
2016-04-01,LRCX,top100,55.561066636436564,55.378376861483204,72.25095136334191,23.460125607299467,0,21,2,66,0.004226425552553259,0.5712741633755976,0.01977412568229653,0.16281189173590604,-0.01554770012974327,0.4084622716396915,-0.023563730125332454,0.3025154079911654
2016-04-01,MSFT,top100,55.38336545126561,66.74195228117438,21.068455134135064,44.50307827616536,2,22,2,66,-0.07292070943219542,0.2163410892827442,0.01977412568229653,0.16281189173590604,-0.09269483511449195,0.05352919754683816,-0.10071086511008114,-0.052417666101687965
2016-04-01,TJX,top100,54.30663089965736,67.17221369951858,21.400103519668736,30.060606060606077,1,23,2,66,-0.019826481548969488,0.017501734008910974,0.01977412568229653,0.16281189173590604,-0.039600607231266016,-0.14531015772699507,-0.047616637226855205,-0.2512570213755212
2016-04-01,AMZN,top100,54.021516247944355,61.75841565017836,19.890177753512255,68.12589742117054,1,24,2,66,0.21249791144527985,0.48126984126984107,0.01977412568229653,0.16281189173590604,0.19272378576298332,0.318457949533935,0.18470775576739415,0.2125110858854089
2016-04-01,ACN,top100,53.64754386775041,64.20113684551873,28.8878426794708,29.29179539993134,1,25,2,66,-0.01484962367392062,0.05116616907653704,0.01977412568229653,0.16281189173590604,-0.03462374935621715,-0.111645722659369,-0.04263977935180634,-0.21759258630789513
2016-04-01,SPGI,top100,52.986044248627806,61.590055875676626,21.190428089021086,56.34919517849953,0,26,2,66,0.08980818682976022,0.33305869414936407,0.01977412568229653,0.16281189173590604,0.07003406114746369,0.17024680241345802,0.0620180311518745,0.0642999387649319
2016-04-01,TXN,top100,52.39041618490581,54.564437875726505,48.07726898961867,45.79855873973523,0,27,2,66,0.07881244291032274,0.4260668597579167,0.01977412568229653,0.16281189173590604,0.059038317228026216,0.26325496802201065,0.05102228723243703,0.15730810437348453
2016-04-01,MDLZ,top100,52.25693330251555,49.41138778717353,56.83248168215791,63.02465515062497,1,28,3,66,0.09835225870155506,0.06264811157738825,0.01977412568229653,0.16281189173590604,0.07857813301925853,-0.10016378015851779,0.07056210302366935,-0.20611064380704391
2016-04-01,LMT,top100,51.04318515023893,56.665357080495895,34.78108145846788,44.21218902198235,2,29,3,66,0.12529734174556828,0.23268348522090987,0.01977412568229653,0.16281189173590604,0.10552321606327175,0.06987159348500382,0.09750718606768256,-0.0360752701635223
2016-04-01,KLAC,top100,50.89671184337199,57.371395519968075,38.89702461032144,29.573300573300557,2,30,3,66,-6.511158497879421e-05,0.3389709113994106,0.01977412568229653,0.16281189173590604,-0.019839237267275323,0.17615901966350456,-0.027855267262864507,0.07021215601497843
2016-04-01,SCHW,top100,50.68403612015026,46.05647746264562,57.82009066583535,68.80483763131261,0,31,3,66,-0.11300578732583688,0.45100090955190497,0.01977412568229653,0.16281189173590604,-0.1327799130081334,0.2881890178159989,-0.14079594300372258,0.1822421541674728
2016-04-01,DHR,top100,50.28069422914971,60.697323455311924,26.924346210886448,24.07698568254076,1,32,3,66,0.07170062577967351,0.8469199547948802,0.01977412568229653,0.16281189173590604,0.05192650009737698,0.6841080630589742,0.043910470101787794,0.5781611994104481
2016-04-01,PGR,top100,50.223346493712576,56.49331799246677,38.833781466760186,29.112676056338046,1,33,3,66,-0.06313616071428563,0.12473958333333335,0.01977412568229653,0.16281189173590604,-0.08291028639658216,-0.0380723084025727,-0.09092631639217134,-0.14401917205109882
2016-04-01,TMO,top100,49.35408443195179,56.78732008780463,27.332588138554836,41.36442742777587,0,34,3,66,0.04701453853961968,0.08091349215172983,0.01977412568229653,0.16281189173590604,0.02724041285732315,-0.08189839958417622,0.019224382861733964,-0.18784526323270234
2016-04-01,LLY,top100,49.260759785250485,54.81757776447405,23.087253865468483,62.710045770249636,1,35,3,66,0.08250217437959595,0.176061008492586,0.01977412568229653,0.16281189173590604,0.06272804869729942,0.013249116756679946,0.05471201870171023,-0.09269774689184618
2016-04-01,TMUS,top100,48.40823241487985,52.702814363042236,28.20990954724666,58.742804513009446,0,36,3,66,0.09222765253034848,0.641008238095111,0.01977412568229653,0.16281189173590604,0.07245352684805195,0.47819634635920494,0.06443749685246276,0.3722494827106788
2016-04-01,HD,top100,48.04743817381745,57.69841789518321,27.835062332055855,20.91533180778032,2,37,3,66,-0.033806983608532404,0.11266157925283671,0.01977412568229653,0.16281189173590604,-0.05358110929082893,-0.05015031248306934,-0.06159713928641812,-0.15609717613159546
2016-04-01,SYK,top100,47.90892043694862,57.38544239068074,23.74605377149318,29.899000091734713,0,38,3,66,0.11325003872166883,0.22935618772264954,0.01977412568229653,0.16281189173590604,0.0934759130393723,0.0665442959867435,0.08545988304378312,-0.03940256766178263
2016-04-01,CSCO,top100,47.714210132319195,44.88912170420814,57.4123019543926,48.09364548494982,0,39,3,66,0.013015982193181008,0.22001547588341497,0.01977412568229653,0.16281189173590604,-0.00675814348911552,0.057203584147508924,-0.014774173484704705,-0.0487432795010172
2016-04-01,CB,top100,47.29102001239601,49.36782845668388,37.78855895877172,51.75828300962952,1,40,3,66,0.08450466982281823,0.1518519766241333,0.01977412568229653,0.16281189173590604,0.0647305441405217,-0.010959915111772744,0.05671451414493252,-0.11690677876029887
2016-04-01,ADI,top100,46.77989050154241,46.68850869315772,36.00511357796279,68.96911700739453,1,41,4,66,-0.032866402704406994,0.4245505577322679,0.01977412568229653,0.16281189173590604,-0.05264052838670352,0.26173866599636186,-0.06065655838229271,0.15579180234783574
2016-04-01,INTC,top100,46.318189716054704,42.92692509167103,52.52400775296242,57.645406012924994,1,42,4,66,0.017961919339502197,0.14633533554426892,0.01977412568229653,0.16281189173590604,-0.0018122063427943313,-0.016476556191637126,-0.009828236338383516,-0.12242341984016325
2016-04-01,COST,top100,45.71060487097373,53.7183204869166,13.775219153341263,53.52736699463853,1,43,4,66,-0.010605358496924677,0.07180244454340845,0.01977412568229653,0.16281189173590604,-0.030379484179221206,-0.0910094471924976,-0.038395514174810394,-0.19695631084102372
2016-04-01,BMY,top100,44.631796970550596,52.984281847888454,9.30423402786955,56.81952871454779,2,44,4,66,0.14268059768565333,-0.1463439886683804,0.01977412568229653,0.16281189173590604,0.1229064720033568,-0.30915588040428643,0.11489044200776762,-0.41510274405281256
2016-04-01,C,top100,44.43154943040206,27.61776921349996,90.95046501961394,69.09017977029296,0,45,4,66,-0.006014547406905657,0.4238689966379894,0.01977412568229653,0.16281189173590604,-0.025788673089202185,0.26105710490208334,-0.033804703084791374,0.1551102412535572
2016-04-01,ORCL,top100,44.40212394189652,42.4038545486293,44.578561150022765,58.037135278514604,1,46,4,66,7.672525255397744e-05,0.1003822054247594,0.01977412568229653,0.16281189173590604,-0.01969740042974255,-0.06242968631114665,-0.027713430425331736,-0.16837654995967277
2016-04-01,MS,top100,44.210890259681555,29.729523684801315,87.00111840160318,60.0,1,47,4,66,0.020837164338291192,0.7168173674559848,0.01977412568229653,0.16281189173590604,0.0010630386559946636,0.5540054757200787,-0.006952991339594521,0.4480586120715526
2016-04-01,QCOM,top100,43.33830390693361,26.73228628800918,80.51031158686109,85.23641187954964,2,48,4,66,0.051665342989623,0.16722890176743666,0.01977412568229653,0.16281189173590604,0.03189121730732647,0.0044170100315306104,0.023875187311737284,-0.10152985361699551
2016-04-01,AMAT,top100,42.6956584019709,42.36996121130484,49.50311072933645,31.360634081902248,0,49,4,66,0.12020290325451399,0.8413941484711589,0.01977412568229653,0.16281189173590604,0.10042877757221746,0.6785822567352529,0.09241274757662828,0.5726353930867267
2016-04-01,UNP,top100,42.59716389489761,29.323162214073683,68.32516555805176,84.05917233435682,0,50,4,66,0.11408147512453315,0.3748363929254621,0.01977412568229653,0.16281189173590604,0.09430734944223662,0.21202450118955607,0.08629131944664743,0.10607763754102995
2016-04-01,BAC,top100,41.879945812783824,25.880275761430816,86.62417100943084,64.38918577896081,0,51,4,66,-0.03064998791844009,0.7655712719094443,0.01977412568229653,0.16281189173590604,-0.05042411360073662,0.6027593801735383,-0.05844014359632581,0.4968125165250121
2016-04-01,INTU,top100,41.11987827283905,49.49867794157998,18.215203441845443,28.27763025363977,3,52,4,66,0.07202427735568939,0.12080146878417763,0.01977412568229653,0.16281189173590604,0.052250151673392864,-0.04201042295172841,0.044234121677803676,-0.14795728660025453
2016-04-01,ADP,top100,40.17505724188171,44.442708723091116,24.873616420841813,40.90437851549574,1,53,4,66,0.03389609506886426,0.1613324289196001,0.01977412568229653,0.16281189173590604,0.014121969386567734,-0.0014794628163059542,0.006105939390978549,-0.10742632646483208
2016-04-01,VZ,top100,39.47070614919951,29.731550425303695,68.13097440641383,50.32425970204157,1,54,5,66,0.052093920541719685,-0.05818244201176925,0.01977412568229653,0.16281189173590604,0.03231979485942316,-0.2209943337476753,0.02430376486383397,-0.3269411973962014
2016-04-01,MCD,top100,39.24341304168313,45.80595674623962,21.105769936713507,29.58089331972684,2,55,5,66,-0.045150117585841754,0.05161886333008803,0.01977412568229653,0.16281189173590604,-0.06492424326813828,-0.11119302840581802,-0.07294027326372747,-0.21713989205434414
2016-04-01,PEP,top100,39.21246259562469,41.73286312953678,25.391410804223014,49.21176244104342,2,56,5,66,0.025459406080458935,0.1092792765178825,0.01977412568229653,0.16281189173590604,0.005685280398162407,-0.05353261521802355,-0.002330749597426778,-0.15947947886654967
2016-04-01,RTX,top100,38.870955739449194,26.182415999401332,66.261416530843,72.90981233699662,1,57,5,66,0.03443068376172054,0.1505783934369227,0.01977412568229653,0.16281189173590604,0.014656558079424009,-0.012233498298983347,0.006640528083834824,-0.11818036194750947
2016-04-01,PM,top100,38.651713225666285,40.900656196213426,25.526133209990746,49.16027246318742,1,58,5,66,0.025640302661390058,0.17918854636948955,0.01977412568229653,0.16281189173590604,0.005866176979093529,0.01637665463358351,-0.0021498530164956557,-0.08957020901494261
2016-04-01,GS,top100,37.80394067502094,24.98787073760882,66.24622844227707,70.6318547023935,2,59,5,66,-0.0685912317211177,0.4571936946824575,0.01977412568229653,0.16281189173590604,-0.08836535740341422,0.2943818029465515,-0.09638138739900341,0.18843493929802535
2016-04-01,WMT,top100,36.4870290979449,22.511864227094716,68.49433945641161,70.29856247696276,0,60,5,66,0.06201675509343407,0.07398170372954427,0.01977412568229653,0.16281189173590604,0.042242629411137544,-0.08883018800636178,0.034226599415548356,-0.1947770516548879
2016-04-01,ABT,top100,33.1964765326654,31.704457581880312,30.640371936625403,48.75281838024101,1,61,5,66,-0.05708550806073209,0.07927207215557264,0.01977412568229653,0.16281189173590604,-0.07685963374302862,-0.08353981958033341,-0.08487566373861781,-0.18948668322885953
2016-04-01,IBM,top100,32.987910722013176,17.357348649255414,80.70047283483237,46.97672100567911,2,62,5,66,0.008525290955078368,0.1825528633707998,0.01977412568229653,0.16281189173590604,-0.01124883472721816,0.019740971634893745,-0.019264864722807345,-0.08620589201363238
2016-04-01,ETN,top100,32.242698185264,19.177735787871985,70.32820786600455,47.52641560552695,0,63,5,66,-0.04464870021840428,0.20702481293710417,0.01977412568229653,0.16281189173590604,-0.06442282590070081,0.04421292120119813,-0.07243885589629,-0.061733942447327994
2016-04-01,PG,top100,27.159701279265924,24.865673875626733,27.972923366077854,41.5914489311164,2,64,5,66,0.023278881770306903,0.11013783001975863,0.01977412568229653,0.16281189173590604,0.0035047560880103745,-0.05267406171614741,-0.00451127390757881,-0.15862092536467354
2016-04-01,DE,top100,26.654151594763775,9.818653495971464,63.35673538610634,71.0974707036248,4,65,5,66,0.06544921703463902,0.46059133414585673,0.01977412568229653,0.16281189173590604,0.04567509135234249,0.2977794424099507,0.0376590613567533,0.19183257876142457
2016-04-01,CAT,top100,20.198328034123804,3.6002706478086246,54.074692010630955,68.63200178531578,4,66,5,66,0.005278942425966049,0.2526783234356609,0.01977412568229653,0.16281189173590604,-0.01449518325633048,0.08986643169975483,-0.022511213251919664,-0.01608043194877129
2016-07-01,GILD,top100,76.51777520926478,70.59782608695653,96.45480008222839,78.08336931949523,0,1,1,68,-0.07491515917834124,-0.14308839061872936,0.03310784586768478,0.17727218328014915,-0.10802300504602602,-0.3203605738988785,-0.1465993359660009,-0.4411827056668207
2016-07-01,BKNG,top100,75.2511876827096,78.89397652722693,66.37508626639061,67.50386860372626,0,2,1,68,0.17307510228584433,0.4542962069125285,0.03310784586768478,0.17727218328014915,0.13996725641815955,0.2770240236323793,0.10139092549818468,0.15620189186443711
2016-07-01,META,top100,75.13676414881198,83.73306892164933,52.42762692496055,60.38090518665345,1,3,1,68,0.1276811901480619,0.29985070143821346,0.03310784586768478,0.17727218328014915,0.09457334428037711,0.12257851815806431,0.05599701336040225,0.0017563863901221
2016-07-01,ICE,top100,74.06658989101346,68.80199368904188,97.9621730510508,63.12759698473984,0,4,1,68,0.0622776800300211,0.3354725486098473,0.03310784586768478,0.17727218328014915,0.029169834162336317,0.15820036532969817,-0.00940649675763855,0.03737823356175596
2016-07-01,LRCX,top100,70.35415493901007,73.0657256354611,66.71219958843852,58.65707076499598,0,5,1,68,0.14367324410100735,0.7027183662205052,0.03310784586768478,0.17727218328014915,0.11056539823332256,0.525446182940356,0.0719890673133477,0.40462405117241385
2016-07-01,ADBE,top100,68.51547794154482,80.50573411659059,31.096500888360275,59.42163882259351,1,6,1,68,0.1377465379773395,0.452056231640789,0.03310784586768478,0.17727218328014915,0.10463869210965471,0.27478404836063985,0.06606236118967984,0.15396191659269765
2016-07-01,TXN,top100,66.427430781495,75.21301042680037,42.49618225335154,52.790870320644444,0,7,1,68,0.1275714911776844,0.2615677214301213,0.03310784586768478,0.17727218328014915,0.09446364530999962,0.08429553814997215,0.055887314390024756,-0.03652659361797006
2016-07-01,AAPL,top100,66.16111135675439,57.4641734640425,90.39933997033904,78.56321937856826,0,8,1,68,0.17978496595676385,0.5251644849957589,0.03310784586768478,0.17727218328014915,0.14667712008907907,0.3478923017156097,0.1081007891691042,0.2270701699476675
2016-07-01,NVDA,top100,64.96167027474604,79.24358926388784,19.082694594951764,56.74618871034198,1,9,1,68,0.4697088906372937,2.0028848675583535,0.03310784586768478,0.17727218328014915,0.4366010447696089,1.8256126842782043,0.39802471384963406,1.704790552510262
2016-07-01,SBUX,top100,64.79279629778068,76.94980231484946,26.410582668216406,56.45818143742777,0,10,1,68,-0.05198328531392449,0.03932494686555943,0.03310784586768478,0.17727218328014915,-0.08509113118160927,-0.13794723641458972,-0.12366746210158414,-0.25876936818253193
2016-07-01,INTU,top100,64.63029302439125,77.09324877148345,28.318337665007416,50.01351351351353,0,11,1,68,-0.02200525038233525,0.1903976383947057,0.03310784586768478,0.17727218328014915,-0.05511309625002003,0.013125455114556539,-0.0936894271699949,-0.10769667665338567
2016-07-01,FISV,top100,64.2406157417063,78.12259909202025,23.026683846526584,49.494596079868124,1,12,1,68,-0.08410614268662198,0.11385547699935739,0.03310784586768478,0.17727218328014915,-0.11721398855430676,-0.06341670628079177,-0.15579031947428162,-0.18423883804873398
2016-07-01,MDLZ,top100,63.02171707180247,55.185477936591084,94.81655543808643,54.28571428571428,1,13,1,68,-0.0251914573231371,-0.025601622681582392,0.03310784586768478,0.17727218328014915,-0.05829930319082188,-0.20287380596173155,-0.09687563411079675,-0.32369593772967376
2016-07-01,GOOGL,top100,62.928339462174236,72.34417483598993,32.093373272836736,58.687424224139406,0,14,1,68,0.12689821421464687,0.29455793142265874,0.03310784586768478,0.17727218328014915,0.09379036834696208,0.11728574814250958,0.05521403742698722,-0.0035363836254326264
2016-07-01,AMGN,top100,61.8237985467266,59.8273372995086,64.58113078718999,70.28436279632584,0,15,2,68,0.09095684730483433,0.15024074254646824,0.03310784586768478,0.17727218328014915,0.05784900143714955,-0.02703144073368091,0.019272670517174684,-0.14785357250162312
2016-07-01,UNH,top100,60.70133910895052,70.1809255656165,32.71755649530858,50.31179913957258,1,16,2,68,-0.012284629644204625,0.3470156689312405,0.03310784586768478,0.17727218328014915,-0.04539247551188941,0.16974348565109132,-0.08396880643186427,0.04892135388314911
2016-07-01,LOW,top100,60.17699037622266,68.86217229165108,33.9309942293291,51.87270926201093,1,17,2,68,-0.08918658510040789,0.0013273036404954919,0.03310784586768478,0.17727218328014915,-0.12229443096809267,-0.17594487963965366,-0.16087076188806754,-0.29676701140759587
2016-07-01,AMAT,top100,60.13289535152892,64.50341739629326,47.31935157041541,55.16632860040567,0,18,2,68,0.2567188033029735,0.7368509596287658,0.03310784586768478,0.17727218328014915,0.2236109574352887,0.5595787763486166,0.18503462651531383,0.4387566445806744
2016-07-01,ACN,top100,60.06971039938985,66.61185113123301,36.69614407588506,61.02185792349728,0,19,2,68,0.0646581931037935,0.114502598800297,0.03310784586768478,0.17727218328014915,0.03155034723610872,-0.06276958447985215,-0.007025983683866144,-0.18359171624779436
2016-07-01,CMCSA,top100,59.65507732507347,65.88900633590261,42.93458070863251,49.45856748215141,1,20,2,68,0.018163389934013008,0.19464470492442887,0.03310784586768478,0.17727218328014915,-0.014944455933671774,0.017372521644279715,-0.05352078685364664,-0.1034496101236625
2016-07-01,T,top100,58.92564294074531,64.32483037741027,54.807681012583885,29.36725474041353,0,21,2,68,-0.04816075109907847,-0.06731700653237616,0.03310784586768478,0.17727218328014915,-0.08126859696676325,-0.2445891898125253,-0.11984492788673812,-0.3654113215804675
2016-07-01,INTC,top100,58.17151828007314,60.58164334356057,50.84207009970193,55.9595391964035,1,22,2,68,0.15864156044364974,0.05239576095169762,0.03310784586768478,0.17727218328014915,0.12553371457596496,-0.12487642232845153,0.0869573836559901,-0.24569855409639374
2016-07-01,ABBV,top100,56.0538202872324,48.57796091197086,77.8300371269456,64.83240223463685,1,23,2,68,0.017144713996100736,0.19939763126497434,0.03310784586768478,0.17727218328014915,-0.015963131871584046,0.022125447984825186,-0.05453946279155891,-0.09869668378311702
2016-07-01,TJX,top100,55.70760861905761,64.84791651076355,28.74205247933277,45.65656565656567,1,24,2,68,-0.030824033150827823,-0.05673960888259877,0.03310784586768478,0.17727218328014915,-0.0639318790185126,-0.23401179216274792,-0.10250820993848747,-0.35483392393069013
2016-07-01,HON,top100,55.674262823120976,59.315117613310385,44.555691379234396,52.425422179568315,0,25,2,68,0.006598478640376104,0.1788300121740245,0.03310784586768478,0.17727218328014915,-0.026509367227308678,0.001557828893875346,-0.06508569814728354,-0.11926430287406686
2016-07-01,DHR,top100,54.62310804685603,64.20905672378957,23.42659280795266,49.914497786127974,1,26,2,68,0.5663787172962433,0.7005786758772377,0.03310784586768478,0.17727218328014915,0.5332708714285586,0.5233064925970885,0.4946945405085837,0.4024843608291463
2016-07-01,ADP,top100,54.416048120001875,64.12742585247824,22.89761464252676,49.47327094761751,1,27,2,68,-0.049597166412869154,0.1299505598078743,0.03310784586768478,0.17727218328014915,-0.08270501228055394,-0.047321623472274865,-0.1212813432005288,-0.16814375524021707
2016-07-01,AMZN,top100,54.33915281925972,64.31940494898849,21.282221347634557,50.59125085440876,1,28,3,68,0.15304266343291828,0.3141605115202293,0.03310784586768478,0.17727218328014915,0.1199348175652335,0.13688832824008013,0.08135848664525863,0.016066196472137917
2016-07-01,REGN,top100,54.31382224348988,54.16016550674749,52.00853194383322,60.0,2,29,3,68,0.12362627925324787,0.3604741789774759,0.03310784586768478,0.17727218328014915,0.09051843338556309,0.18320199569732676,0.051942102465588225,0.06237986392938455
2016-07-01,HD,top100,53.9790139751677,56.58929195041034,41.38275846878992,60.89957916122477,1,30,3,68,-0.0035566832790362435,0.214887401384672,0.03310784586768478,0.17727218328014915,-0.036664529146721025,0.03761521810452284,-0.07524086006669589,-0.08320691366341937
2016-07-01,KLAC,top100,53.852143926097405,55.275465214896855,47.74464246255716,56.10389783158176,1,31,3,68,-0.021504501131387466,0.29643979228051887,0.03310784586768478,0.17727218328014915,-0.05461234699907225,0.11916760900036971,-0.09318867791904711,-0.0016545227675724972
2016-07-01,PGR,top100,53.68713947837031,56.70710793484496,43.48923830306809,52.94316263365221,1,32,3,68,-0.06317382033046237,0.3577308411660294,0.03310784586768478,0.17727218328014915,-0.09628166619814715,0.18045865788588022,-0.13485799711812202,0.059636526117938016
2016-07-01,MSFT,top100,53.09293720368807,60.88172566040559,23.804311116984564,57.14867018007238,2,33,3,68,0.12935743238753394,0.3658161118125236,0.03310784586768478,0.17727218328014915,0.09624958651984916,0.18854392853237445,0.057673255599874296,0.06772179676443224
2016-07-01,TMO,top100,52.773540367927644,60.22169423033749,24.987353714226977,56.208836638460056,0,34,3,68,0.06736685909087137,0.1732597009656145,0.03310784586768478,0.17727218328014915,0.034259013223186585,-0.00401248231453466,-0.004317317696788281,-0.12483461408247687
2016-07-01,MA,top100,52.4747341829431,57.874136296739756,32.4629478086925,54.70249213486776,0,35,3,68,0.14912576621064888,0.37038299766009675,0.03310784586768478,0.17727218328014915,0.1160179203429641,0.1931108143799476,0.07744158942298923,0.07228868261200538
2016-07-01,SYK,top100,52.311056159011414,61.02044825263788,23.40073124531959,49.16596133100988,0,36,3,68,-0.02975716218961222,0.16294555279665568,0.03310784586768478,0.17727218328014915,-0.062865008057297,-0.014326630483493474,-0.10144133897727187,-0.13514876225143568
2016-07-01,SPGI,top100,52.22504754213902,60.568422759360416,20.298729203156107,57.67405769955507,0,37,3,68,0.1619876667391813,0.3674142153431277,0.03310784586768478,0.17727218328014915,0.12887982087149652,0.19014203206297853,0.09030348995152165,0.06931990029503632
2016-07-01,LMT,top100,51.44077377176168,60.133827234403455,32.00740055504163,29.45614596670933,2,38,3,68,-0.028610601320473106,0.1491407041436823,0.03310784586768478,0.17727218328014915,-0.06171844718815789,-0.028131479136466853,-0.10029477810813275,-0.14895361090440906
2016-07-01,CB,top100,51.27910856593601,55.79859811918482,36.08136544306757,50.038167938931295,1,39,3,68,-0.041606823738364884,0.1464534613880637,0.03310784586768478,0.17727218328014915,-0.07471466960604967,-0.030818721892085454,-0.11329100052602453,-0.15164085366002766
2016-07-01,TMUS,top100,50.82268298834364,55.62910025193944,32.32828737740126,54.16655336505778,0,40,3,68,0.09048518417035267,0.3956726817238816,0.03310784586768478,0.17727218328014915,0.05737733830266789,0.21840049844373244,0.018801007382693025,0.09757836667579023
2016-07-01,DIS,top100,50.71153827604393,46.23911796253337,56.54861019338355,70.34433663593867,0,41,3,68,-0.04966053609424703,0.11266766885095247,0.03310784586768478,0.17727218328014915,-0.08276838196193181,-0.06460451442919668,-0.12134471288190668,-0.1854266461971389
2016-07-01,SCHW,top100,49.27049943937895,39.50025256304722,71.2542864936482,73.69465346516259,0,42,4,68,0.2566074547970689,0.7463417954127816,0.03310784586768478,0.17727218328014915,0.22349960892938414,0.5690696121326324,0.18492327800940928,0.4482474803646902
2016-07-01,VZ,top100,48.00872794232717,46.09013694529672,64.12156953438173,29.21318173743117,1,43,4,68,-0.06804477042542978,-0.16381570041472326,0.03310784586768478,0.17727218328014915,-0.10115261629311456,-0.3410878836948724,-0.13972894721308943,-0.4619100154628146
2016-07-01,MCD,top100,46.08266620276155,47.40505500261918,31.235408131800362,66.52046074568052,2,44,4,68,-0.040440174724544864,0.30397345072461324,0.03310784586768478,0.17727218328014915,-0.07354802059222965,0.12670126744446408,-0.11212435151220451,0.005879135676521874
2016-07-01,COST,top100,46.07092619135679,52.67333308388835,17.97345564806249,56.04901903022444,1,45,4,68,-0.03006926545166999,0.0705557202922682,0.03310784586768478,0.17727218328014915,-0.06317711131935477,-0.10671646298788096,-0.10175344223932964,-0.22753859475582316
2016-07-01,CSCO,top100,44.75050453673492,40.94558357654219,58.10320397045651,44.679552390640886,0,46,4,68,0.11283318323486546,0.12605913722457696,0.03310784586768478,0.17727218328014915,0.07972533736718068,-0.0512130460555722,0.041149006447205816,-0.1720351778235144
2016-07-01,JPM,top100,44.743493545154,33.192241013744415,75.47729457303926,64.13465920925053,0,47,4,68,0.08570185122282625,0.5507791270380435,0.03310784586768478,0.17727218328014915,0.05259400535514147,0.3735069437578944,0.014017674435166605,0.2526848119899522
2016-07-01,ORCL,top100,44.497141196829965,44.498833844695554,44.025501813429656,45.42857142857143,1,48,4,68,-0.045767364149892464,0.22270211290817543,0.03310784586768478,0.17727218328014915,-0.07887521001757725,0.04542992962802628,-0.11745154093755211,-0.07539220213991593
2016-07-01,PG,top100,44.42881763548641,47.768387213450076,30.20764503766354,49.49417578538651,2,49,4,68,0.05396052354304692,0.06751894604572017,0.03310784586768478,0.17727218328014915,0.02085267767536214,-0.10975323723442898,-0.017723653244612725,-0.2305753690023712
2016-07-01,ADI,top100,44.41130621480484,43.144425528199754,39.10888653950634,63.88431037163738,1,50,4,68,0.1420752994597645,0.37572339602231075,0.03310784586768478,0.17727218328014915,0.10896745359207971,0.1984512127421616,0.07039112267210484,0.07762908097421939
2016-07-01,QCOM,top100,42.833652080589026,27.55999151887051,77.95053081362055,79.51551854655564,2,51,4,68,0.276974956632704,0.07409825932646097,0.03310784586768478,0.17727218328014915,0.2438671107650192,-0.10317392395368818,0.20529077984504435,-0.2239960557216304
2016-07-01,C,top100,42.56758305341905,23.6657967272818,89.49211544956226,81.03102254409333,0,52,4,68,0.1192922778160026,0.6389594439050112,0.03310784586768478,0.17727218328014915,0.08618443194831782,0.4616872606248621,0.04760810102834295,0.3408651288569199
2016-07-01,PM,top100,42.0454945758695,45.30129446356856,25.934521974068687,51.47684056557775,1,53,4,68,-0.028157580246354508,0.2006688476447216,0.03310784586768478,0.17727218328014915,-0.06126542611403929,0.02339666436457244,-0.09984175703401416,-0.09742546740336977
2016-07-01,BAC,top100,41.81955483878266,23.981422584748934,87.95606769095879,74.41345491266645,0,54,4,68,0.19868844914864248,0.9118154624942474,0.03310784586768478,0.17727218328014915,0.1655806032809577,0.7345432792140982,0.12700427236098283,0.613721147446156
2016-07-01,UNP,top100,39.439501378930004,31.9973371747861,52.80084944862928,64.81195466853873,1,55,5,68,0.12109214742900098,0.2891645938587508,0.03310784586768478,0.17727218328014915,0.0879843015613162,0.11189241057860166,0.04940797064134134,-0.008929721189340545
2016-07-01,MS,top100,39.00283643356036,20.780139190301576,81.43036774399553,81.70665451550153,0,56,5,68,0.241128364016284,0.7986196532148906,0.03310784586768478,0.17727218328014915,0.20802051814859923,0.6213474699347414,0.16944418722862437,0.5005253381667992
2016-07-01,PEP,top100,38.95450681813459,42.137603207862504,21.56593688971117,51.449971946886095,2,57,5,68,0.03205172357776398,0.12402612170635807,0.03310784586768478,0.17727218328014915,-0.0010561222899208023,-0.05324606157379108,-0.03963245320989567,-0.1740681933417333
2016-07-01,ETN,top100,36.105024644390014,20.745715782384195,76.91393664869693,62.002362669816875,0,58,5,68,0.1027369420114923,0.345467487852434,0.03310784586768478,0.17727218328014915,0.06962909614380752,0.16819530457228482,0.031052765223832657,0.04737317280434261
2016-07-01,LLY,top100,36.0991082194673,39.344427399037144,17.819662863603657,49.940764674205695,1,59,5,68,0.03250229188560683,0.07511273095871629,0.03310784586768478,0.17727218328014915,-0.0006055539820779554,-0.10215945232143286,-0.03918188490205282,-0.22298158408937507
2016-07-01,IBM,top100,36.062045145619464,19.538121429818652,79.5951023795272,64.66339668840968,2,60,5,68,0.04346022447412823,0.057816738624274056,0.03310784586768478,0.17727218328014915,0.010352378606443446,-0.1194554446558751,-0.02822395231353142,-0.2402775764238173
2016-07-01,RTX,top100,35.42038998972408,26.4528611339769,55.94628724138437,57.141297476633795,1,61,5,68,0.0031445619013557025,0.21673243081084337,0.03310784586768478,0.17727218328014915,-0.02996328396632908,0.039460247530694215,-0.06853961488630395,-0.081361884237248
2016-07-01,GE,top100,34.075907739026164,39.28947155079947,11.119095340880724,43.494585852903946,2,62,5,68,-0.05140276169634361,-0.10029361161535255,0.03310784586768478,0.17727218328014915,-0.0845106075640284,-0.2775657948955017,-0.12308693848400326,-0.3983879266634439
2016-07-01,ABT,top100,33.05152829251583,25.84108171817706,35.3409357884381,78.94583932104273,1,63,5,68,0.08275353637745941,0.2631218418344623,0.03310784586768478,0.17727218328014915,0.04964569050977463,0.08584965855431315,0.011069359589799765,-0.03497247321362906
2016-07-01,GS,top100,33.0330713085174,16.72891878071291,67.43790962920902,78.35246236176559,3,64,5,68,0.0907239915091993,0.5530979015330242,0.03310784586768478,0.17727218328014915,0.057616145641514516,0.37582571825287503,0.01903981472153965,0.2550035864849328
2016-07-01,WMT,top100,32.72248131424882,23.574515453116817,59.30783151990367,43.587541930863146,1,65,5,68,-0.004216264977546014,0.06436177514560826,0.03310784586768478,0.17727218328014915,-0.037324110845230796,-0.1129104081345409,-0.07590044176520566,-0.2337325399024831
2016-07-01,DE,top100,25.597088670197554,11.013853550849358,52.360285156307356,74.15334153341531,4,66,5,68,0.06268402450382093,0.581265799353275,0.03310784586768478,0.17727218328014915,0.029576178636136152,0.4039936160731259,-0.009000152283838714,0.2831714843051837
2016-07-01,BX,top100,19.305728041384445,13.572593947217442,13.08489125056472,71.87934028219291,4,67,5,68,0.04179854955680917,0.45503303787268345,0.03310784586768478,0.17727218328014915,0.00869070368912439,0.2777608545925343,-0.029885627230850476,0.1569387228245921
2016-07-01,CAT,top100,13.186325052183618,0.0,35.989347018486704,59.884556484862756,4,68,5,68,0.1658665666747252,0.44892599116189635,0.03310784586768478,0.17727218328014915,0.13275872080704043,0.2716538078817472,0.09418238988706557,0.150831676113805
2016-10-03,ICE,top100,75.15676768584842,70.96402691511386,96.16805375181215,62.483380949062806,0,1,1,69,0.053179562463774754,0.32150155054173757,0.0499938559875972,0.1955544416337769,0.003185706476177552,0.12594710890796068,-0.01406933267178298,0.03000697106262329
2016-10-03,META,top100,74.77084097341302,84.67391304347827,50.56332251993745,53.86437338990753,1,2,1,69,-0.0924903446168791,0.31987324616722423,0.0499938559875972,0.1955544416337769,-0.1424842006044763,0.12431880453344735,-0.15973923975243684,0.028378666688109955
2016-10-03,AMGN,top100,73.66935379989903,79.2287784679089,61.16860585460448,59.754877014418994,0,3,1,69,-0.09317461876778543,0.1500901043084193,0.0499938559875972,0.1955544416337769,-0.14316847475538264,-0.045464337325357596,-0.16042351390334317,-0.141404475170695
2016-10-03,ABBV,top100,70.75674854593107,68.574016563147,82.09617624425448,63.35701702877276,1,4,1,69,-0.003869426523810282,0.47367216444705096,0.0499938559875972,0.1955544416337769,-0.053863282511407484,0.27811772281327407,-0.07111832165936802,0.18217758496793668
2016-10-03,GILD,top100,69.87168732625813,60.68711180124224,97.91376605549564,78.07955854289429,0,5,1,69,-0.04347691922318031,0.09676300976742258,0.0499938559875972,0.1955544416337769,-0.09347077521077751,-0.0987914318663543,-0.11072581435873805,-0.1947315697116917
2016-10-03,INTU,top100,69.22771832703887,81.39492753623189,30.079419550936368,62.353851414892716,0,6,1,69,0.054487382892137726,0.3145749212670257,0.0499938559875972,0.1955544416337769,0.0044935269045405235,0.1190204796332488,-0.012761512243420009,0.023080341787911407
2016-10-03,LRCX,top100,68.85131827246303,74.25854037267081,58.619581440446225,51.4642372350423,0,7,1,69,0.13887213146400912,0.9812504524504717,0.0499938559875972,0.1955544416337769,0.08887827547641192,0.7856960108166948,0.07162323632845138,0.6897558729713574
2016-10-03,FISV,top100,68.26201933480469,76.78053830227744,38.345453257944676,68.46551871621544,0,8,1,69,0.07609022556390976,0.29152882205513797,0.0499938559875972,0.1955544416337769,0.02609636957631256,0.09597438042136108,0.008841330428352029,3.424257602369085e-05
2016-10-03,SPGI,top100,67.35450456902127,83.51449275362319,17.2926659680263,54.358264478797835,1,9,1,69,-0.13000957404312863,0.2892241503152577,0.0499938559875972,0.1955544416337769,-0.18000343003072583,0.09366970868148083,-0.19725846917868636,-0.0022704291638565577
2016-10-03,ADBE,top100,67.26110634303613,81.29658385093168,26.073975117386233,51.387026239067055,1,10,1,69,-0.04582757030889806,0.3702166897187644,0.0499938559875972,0.1955544416337769,-0.09582142629649526,0.17466224808498754,-0.11307646544445579,0.07872211023965014
2016-10-03,TXN,top100,65.80805285945131,75.66123188405797,35.702805830637,57.0462937448333,0,11,1,69,0.06400087543205579,0.3249758501501818,0.0499938559875972,0.1955544416337769,0.01400701944445859,0.12942140851640493,-0.003248019703501942,0.03348127067106754
2016-10-03,GOOGL,top100,65.03246143831204,77.9011387163561,25.72765848503666,53.56132639855447,0,12,1,69,0.009532866822394404,0.2145235584660634,0.0499938559875972,0.1955544416337769,-0.0404609891652028,0.018969116832286526,-0.05771602831316333,-0.07697102101305087
2016-10-03,MA,top100,64.90272808101625,81.15942028985508,15.467292754526797,49.97675327212345,1,13,1,69,0.03639842555260242,0.41471240101146045,0.0499938559875972,0.1955544416337769,-0.013595430434994782,0.21915795937768356,-0.030850469582955314,0.12321782153234617
2016-10-03,T,top100,64.09430296121839,64.64673913043478,67.09952500789838,54.21680568334367,0,14,1,69,0.07226919263086473,0.032677052345911006,0.0499938559875972,0.1955544416337769,0.02227533664326753,-0.16287738928786588,0.005020297495306997,-0.2588175271332033
2016-10-03,DHR,top100,63.57651200658871,63.30874741200828,66.17518329683737,60.253521588154356,0,15,2,69,0.011735009444843847,0.11662368490238295,0.0499938559875972,0.1955544416337769,-0.038258846542753355,-0.07893075673139394,-0.05551388569071389,-0.17487089457673133
2016-10-03,UNH,top100,63.45648460359109,70.72075569358178,41.11387554335393,57.29180509413065,1,16,2,69,0.17043044387140083,0.45680980887810607,0.0499938559875972,0.1955544416337769,0.12043658788380363,0.2612553672443292,0.10318154873584309,0.1653152293989918
2016-10-03,NVDA,top100,63.34985092059272,82.3913043478261,12.349018422285408,32.06134192657383,1,17,2,69,0.4924458719961933,1.6327028313109682,0.0499938559875972,0.1955544416337769,0.44245201600859607,1.4371483896771913,0.4251969768606355,1.341208251831854
2016-10-03,AMAT,top100,62.207194417534105,69.12396480331263,40.900775675175126,56.40263920180237,0,18,2,69,0.0709308206035908,0.7510709345391264,0.0499938559875972,0.1955544416337769,0.020936964615993592,0.5555164929053495,0.0036819254680330593,0.45957635506001215
2016-10-03,ADP,top100,61.35284774118235,67.66433747412007,36.72030754649148,66.43750000000001,0,19,2,69,0.1881580173297308,0.29196700066913417,0.0499938559875972,0.1955544416337769,0.1381641613421336,0.09641255903535728,0.12090912219417307,0.00047242119001988936
2016-10-03,MSFT,top100,60.66954337689759,70.2820910973085,30.679818827553902,53.3611584327087,0,20,2,69,0.0972265533831107,0.3244350041481081,0.0499938559875972,0.1955544416337769,0.0472326973955135,0.12888056251433122,0.02997765824755297,0.03294042466899383
2016-10-03,MDT,top100,60.36062564629271,68.98162525879917,32.641272020132696,55.452335611067525,0,21,2,69,-0.17777857534877528,-0.07537195471192482,0.0499938559875972,0.1955544416337769,-0.22777243133637248,-0.2709263963457017,-0.24502747048433302,-0.3668665341910391
2016-10-03,CSCO,top100,59.90453147392073,63.143115942028984,52.613300868276845,51.816901408450704,0,22,2,69,-0.030477134734103517,0.10348582493337255,0.0499938559875972,0.1955544416337769,-0.08047099072170072,-0.09206861670040434,-0.09772602986966125,-0.18800875454574173
2016-10-03,ORCL,top100,59.712960207865294,61.233178053830216,57.458887581571176,53.579580538699034,1,23,2,69,-0.0035673341770269262,0.2687203156405864,0.0499938559875972,0.1955544416337769,-0.05356119016462413,0.07316587400680952,-0.07081622931258466,-0.022774263838527875
2016-10-03,TJX,top100,59.38098412411777,61.91511387163562,46.136658278044685,68.13072758363899,0,24,2,69,0.018405078799353936,0.008322350305977722,0.0499938559875972,0.1955544416337769,-0.03158877718824327,-0.18723209132779917,-0.0488438163362038,-0.28317222917313656
2016-10-03,ACN,top100,58.850611511594664,67.63845755693582,29.737406172718458,55.56209987195901,1,25,2,69,-0.026381494850157505,0.13398896077499844,0.0499938559875972,0.1955544416337769,-0.07637535083775471,-0.06156548085877844,-0.09363038998571524,-0.15750561870411584
2016-10-03,INTC,top100,58.61483158755448,65.73498964803312,37.47672702116765,51.04993429697766,1,26,2,69,-0.02078711153204582,0.07702996319734168,0.0499938559875972,0.1955544416337769,-0.07078096751964302,-0.11852447843643521,-0.08803600666760356,-0.2144646162817726
2016-10-03,CRM,top100,58.02937639816723,62.58152173913044,40.9829213466825,60.25726911439416,2,27,2,69,0.00028418639742522345,0.35224110547066023,0.0499938559875972,0.1955544416337769,-0.04970966959017198,0.15668666383688334,-0.06696470873813251,0.06074652599154595
2016-10-03,KLAC,top100,57.991885855327524,55.06211180124224,63.18519789521849,68.11368015414257,1,28,2,69,0.13595528049510897,0.49835296466360557,0.0499938559875972,0.1955544416337769,0.08596142450751176,0.3027985230298287,0.06870638535955123,0.2068583851844913
2016-10-03,LMT,top100,57.69658184435317,61.31211180124224,39.519016025536274,68.74300378376353,2,29,3,69,0.06016969607755063,0.3348207085931505,0.0499938559875972,0.1955544416337769,0.010175840089953425,0.1392662669593736,-0.007079199058007107,0.043326129114036216
2016-10-03,HON,top100,57.140524794013864,59.84213250517598,48.96260254273295,54.585115318440884,0,30,3,69,0.007039886361225323,0.2556548579571152,0.0499938559875972,0.1955544416337769,-0.04295396962637188,0.06010041632333829,-0.06020900877433241,-0.0358397215219991
2016-10-03,HD,top100,56.94440700094396,57.41330227743272,53.04777973875434,61.45539458990193,1,31,3,69,0.05076383109311955,0.3153040327818706,0.0499938559875972,0.1955544416337769,0.0007699751055223469,0.11974959114809369,-0.016485064042438186,0.0238094533027563
2016-10-03,CMCSA,top100,56.6422749004613,60.9756728778468,42.12236221416043,55.3483144313645,1,32,3,69,0.04731618121764192,0.17639439036682525,0.0499938559875972,0.1955544416337769,-0.002677674769955285,-0.01916005126695164,-0.019932713917915817,-0.11510018911228903
2016-10-03,AAPL,top100,56.377289956091516,50.92650103519669,74.51754529311152,58.25230172831529,0,33,3,69,0.03756067418786935,0.39712883330677706,0.0499938559875972,0.1955544416337769,-0.012433181799727855,0.20157439167300018,-0.029688220947688387,0.10563425382766278
2016-10-03,REGN,top100,55.770031302917175,51.81935817805383,48.35271001453846,98.25938575371802,1,34,3,69,-0.05739544718600953,0.131100454248958,0.0499938559875972,0.1955544416337769,-0.10738930317360673,-0.06445398738481889,-0.12464434232156726,-0.16039412523015628
2016-10-03,AMZN,top100,55.51147707816824,68.25698757763976,23.775763264006528,29.76433121019108,1,35,3,69,-0.09927815091904302,0.14384396586753345,0.0499938559875972,0.1955544416337769,-0.14927200690664022,-0.051710475766243436,-0.16652704605460075,-0.14765061361158083
2016-10-03,ADI,top100,54.95455122665972,62.79632505175982,26.51012898868081,56.95097892691674,1,36,3,69,0.13495664674962948,0.36698264372463574,0.0499938559875972,0.1955544416337769,0.08496279076203228,0.17142820209085885,0.06770775161407175,0.07548806424552146
2016-10-03,DIS,top100,54.363221290687754,46.88276397515528,69.91450686886513,75.62385134306032,0,37,3,69,0.1557751499981812,0.10630772715058034,0.0499938559875972,0.1955544416337769,0.105781294010584,-0.08924671448319654,0.08852625486262347,-0.18518685232853394
2016-10-03,SYK,top100,53.90445125558474,60.49171842650103,27.554580514429517,60.49332254148116,0,38,3,69,0.02921002442533549,0.24929329044161586,0.0499938559875972,0.1955544416337769,-0.020783831562261712,0.05373884880783897,-0.038038870710222245,-0.042201289037498424
2016-10-03,MDLZ,top100,53.16497334580948,53.31262939958592,51.554577790850956,55.35217207929145,1,39,3,69,0.028779176165101283,-0.04754933181934773,0.0499938559875972,0.1955544416337769,-0.02121467982249592,-0.24310377345312462,-0.03846971897045645,-0.339043911298462
2016-10-03,CB,top100,52.52789623781407,54.49534161490683,42.222579430026244,59.36641221374046,1,40,3,69,0.06592519294713406,0.18868494707299965,0.0499938559875972,0.1955544416337769,0.015931336959536857,-0.006869494560777234,-0.0013237021884236755,-0.10280963240611463
2016-10-03,PGR,top100,51.22612502236447,49.97800207039337,53.00960564258436,56.396024445722375,1,41,3,69,0.14097575449304856,0.6049762631400477,0.0499938559875972,0.1955544416337769,0.09098189850545135,0.4094218215062708,0.07372685935749082,0.31348168366093343
2016-10-03,TMO,top100,51.06937920921939,59.87189440993789,20.32439182490658,50.94174757281553,1,42,4,69,-0.09616219456732944,0.20048541055112268,0.0499938559875972,0.1955544416337769,-0.14615605055492664,0.0049309689173457905,-0.16341108970288717,-0.0910091689279916
2016-10-03,WMT,top100,50.950788035069124,44.07867494824016,71.74928642241613,57.4585828681778,0,43,4,69,-0.039697309858600205,0.1306815943912718,0.0499938559875972,0.1955544416337769,-0.08969116584619741,-0.06487284724250508,-0.10694620499415794,-0.16081298508784247
2016-10-03,LOW,top100,50.936534481217905,48.70341614906833,50.162951705504895,68.11552835769095,1,44,4,69,-0.012333341132193976,0.14916490913770208,0.0499938559875972,0.1955544416337769,-0.06232719711979118,-0.0463895324960748,-0.07958223626775171,-0.1423296703414122
2016-10-03,SCHW,top100,50.58815797566577,47.70574534161491,57.16419219078794,57.61297798377755,0,45,4,69,0.2797653005957754,0.42371547210687854,0.0499938559875972,0.1955544416337769,0.22977144460817822,0.22816103047310166,0.2125164054602177,0.13222089262776426
2016-10-03,SBUX,top100,50.534999744713545,51.569616977225664,42.05350397176931,60.25567066301722,0,46,4,69,0.032808528973302,0.020725663186659915,0.0499938559875972,0.1955544416337769,-0.017185327014295204,-0.17482877844711697,-0.03444036616225574,-0.27076891629245436
2016-10-03,TMUS,top100,50.46528841158263,55.81780538302278,29.907482186362728,54.11328206194137,0,47,4,69,0.24402676011468616,0.3156989083273134,0.0499938559875972,0.1955544416337769,0.19403290412708896,0.12014446669353651,0.17677786497912842,0.02420432884819912
2016-10-03,BMY,top100,50.248741896011545,51.867236024844715,37.03594306631369,65.34488065357509,0,48,4,69,0.09517167800778048,0.20918304948021715,0.0499938559875972,0.1955544416337769,0.04517782202018328,0.013628607846440266,0.027922782872222746,-0.08231152999889713
2016-10-03,VZ,top100,48.73686783907055,42.507763975155285,66.00461918924513,57.80509218612818,1,49,4,69,0.06404022197353099,0.006972160874689326,0.0499938559875972,0.1955544416337769,0.014046365985933784,-0.18858228075908756,-0.0032086731620267483,-0.28452241860442495
2016-10-03,PG,top100,48.52191237937964,51.661490683229815,35.565237877351805,52.45821325648414,1,50,4,69,-0.04297219803200214,0.07176942079727011,0.0499938559875972,0.1955544416337769,-0.09296605401959934,-0.12378502083650678,-0.11022109316755987,-0.21972515868184417
2016-10-03,COST,top100,47.60230742061005,51.38845755693582,25.32681580982885,65.65023968789211,0,51,4,69,0.061000311989978684,0.15091770519612258,0.0499938559875972,0.1955544416337769,0.011006456002381482,-0.04463673643765431,-0.006248583145579051,-0.1405768742829917
2016-10-03,IBM,top100,47.55390720338145,40.07634575569358,68.52354445553101,57.957562832897395,1,52,4,69,0.07040721121861404,-0.03347648815424897,0.0499938559875972,0.1955544416337769,0.02041335523101684,-0.22903092978802586,0.003158316083056306,-0.32497106763336325
2016-10-03,RTX,top100,47.239358701397734,43.40450310559006,53.0433675414801,62.47533019188671,1,53,4,69,0.08867960552206755,0.17660329718714318,0.0499938559875972,0.1955544416337769,0.03868574953447035,-0.018951144446633705,0.021430710386509816,-0.1148912822919711
2016-10-03,MCD,top100,47.176723069447064,47.91925465838509,40.244781623470715,55.84288483883351,1,54,4,69,0.05155395040269939,0.40607249143411117,0.0499938559875972,0.1955544416337769,0.0015600944151021867,0.21051804980033428,-0.015694944732858346,0.11457791195499689
2016-10-03,ETN,top100,46.66227031562426,40.09963768115942,65.04619740667331,55.83284457478006,0,55,4,69,0.05021535836305202,0.21592529253935755,0.0499938559875972,0.1955544416337769,0.00022150237545481843,0.020370850905580662,-0.017033536772505714,-0.07556928693975673
2016-10-03,JPM,top100,43.65730702412545,36.041666666666664,68.49011508585977,47.301173402868315,0,56,5,69,0.3210639625035929,0.4992051371798305,0.0499938559875972,0.1955544416337769,0.2710701065159957,0.3036506955460536,0.25381506736803516,0.20771055770071623
2016-10-03,PEP,top100,43.14327300499989,45.298913043478265,30.245435282326156,53.84946818099874,2,57,5,69,-0.02610503464133429,0.03679083484230694,0.0499938559875972,0.1955544416337769,-0.07609889062893149,-0.15876360679146995,-0.09335392977689203,-0.25470374463680734
2016-10-03,PM,top100,41.44362307594596,42.745535714285715,26.602022529441882,62.013435700575826,1,58,5,69,-0.05276846405364699,0.17564916426081378,0.0499938559875972,0.1955544416337769,-0.10276232004124419,-0.019905277372963104,-0.12001735918920473,-0.1158454152183005
2016-10-03,LLY,top100,39.72155741910385,42.76785714285714,20.466399211251648,56.90777576853526,1,59,5,69,-0.07298213092056727,0.09542784296230855,0.0499938559875972,0.1955544416337769,-0.12297598690816447,-0.10012659867146834,-0.140231026056125,-0.19606673651680573
2016-10-03,C,top100,39.4353077773727,22.088509316770185,83.16466630296418,73.40417995040737,0,60,5,69,0.2925869433457138,0.5975658448448709,0.0499938559875972,0.1955544416337769,0.24259308735811658,0.40201140321109397,0.22533804821015604,0.3060712653657566
2016-10-03,QCOM,top100,38.4886298849104,29.949534161490686,58.446484404789146,58.346590909090935,1,61,5,69,-0.017858780957660025,-0.19490273307660932,0.0499938559875972,0.1955544416337769,-0.06785263694525723,-0.3904571747103862,-0.08510767609321776,-0.4863973125557236
2016-10-03,BAC,top100,38.312898223640225,22.272256728778466,80.01291926731065,67.19734660033166,0,62,5,69,0.4468039159228332,0.6797277409860192,0.0499938559875972,0.1955544416337769,0.396810059935236,0.4841732993522423,0.37955502078727543,0.3882331615069049
2016-10-03,MS,top100,36.63103950107037,22.159679089026916,74.99195583645489,61.208729714605504,1,63,5,69,0.35549243209620585,0.5741281360149284,0.0499938559875972,0.1955544416337769,0.30549857610860864,0.3785736943811515,0.2882435369606481,0.2826335565358141
2016-10-03,UNP,top100,34.849341749318626,33.65683229813665,35.5015197568389,41.89255189255191,1,64,5,69,0.05938546814102441,0.20758939424570522,0.0499938559875972,0.1955544416337769,0.009391612153427209,0.012034952611928329,-0.007863426994533323,-0.08390518523340906
2016-10-03,GS,top100,34.770910031603535,18.579192546583847,69.40266388879611,78.8494247123562,3,65,5,69,0.504431683963557,0.5189250351015022,0.0499938559875972,0.1955544416337769,0.4544378279759598,0.32337059346772534,0.4371827888279992,0.22743045562238795
2016-10-03,ABT,top100,31.087637355410294,27.24120082815735,31.836114107047532,56.51573954290644,1,66,5,69,-0.0764231102032712,0.29441252819268904,0.0499938559875972,0.1955544416337769,-0.1264169661908684,0.09885808655891215,-0.14367200533882893,0.0029179487135747584
2016-10-03,CAT,top100,25.675900359019728,21.25258799171843,28.475150069178895,51.04058750981051,4,67,5,69,0.07407914188663067,0.4687150869511245,0.0499938559875972,0.1955544416337769,0.02408528589903347,0.27316064531734763,0.006830246751072938,0.17722050747201024
2016-10-03,DE,top100,22.71951412192565,11.106366459627328,46.52450948350056,56.40155703486405,4,68,5,69,0.22617779102348967,0.5329634513607928,0.0499938559875972,0.1955544416337769,0.17618393503589247,0.33740900972701593,0.15892889588793194,0.24146887188167854
2016-10-03,BX,top100,20.04170385848046,11.421130952380953,17.17864786604558,86.11182618604677,3,69,5,69,0.1354256260480542,0.4235840825696586,0.0499938559875972,0.1955544416337769,0.08543177006045699,0.22802964093588174,0.06817673091249646,0.13208950309054435
2017-01-03,META,top100,78.27149057649669,85.54089026915115,57.94805667434045,68.03256053222802,0,1,1,68,0.21752514400993772,0.5802670345218128,0.04934159310649888,0.2241527219410191,0.16818355090343884,0.35611431258079373,0.14291652011428035,0.27787064450052035
2017-01-03,AMGN,top100,72.62950529629416,72.9580745341615,77.61982383893846,60.34888354593423,0,2,1,68,0.09480802819440215,0.22993905952950722,0.04934159310649888,0.2241527219410191,0.04546643508790327,0.005786337588488122,0.02019940429874477,-0.07245733049178527
2017-01-03,SPGI,top100,72.23866294943032,81.28105590062111,46.23566047210523,60.947917245745074,0,3,1,68,0.19712917233062477,0.5939272428208004,0.04934159310649888,0.2241527219410191,0.1477875792241259,0.36977452087978135,0.12252054843496739,0.29153085279950797
2017-01-03,AMAT,top100,72.21343418412853,79.69591097308488,52.465211730997595,59.33254156769596,0,4,1,68,0.22106673981506875,0.705488560724169,0.04934159310649888,0.2241527219410191,0.17172514670856986,0.4813358387831499,0.14645811591941138,0.4030921707028765
2017-01-03,INTU,top100,68.8553050421598,82.91796066252587,26.268533952130383,55.59025787965615,0,5,1,68,0.01535892181929821,0.4026072458602943,0.04934159310649888,0.2241527219410191,-0.03398267128720067,0.1784545239192752,-0.05924970207635917,0.1002108558390018
2017-01-03,ADBE,top100,68.62340315481836,79.34135610766046,34.07196783998431,62.70060311459178,1,6,1,68,0.2523192887514496,0.7495168148434479,0.04934159310649888,0.2241527219410191,0.20297769564495072,0.5253640929024288,0.17771066485579223,0.4471204248221554
2017-01-03,AAPL,top100,67.68089702100623,69.43840579710145,68.73003616912334,53.280057292105475,0,7,1,68,0.24255942348173298,0.5066708617060327,0.04934159310649888,0.2241527219410191,0.1932178303752341,0.2825181397650136,0.16795079958607562,0.20427447168474022
2017-01-03,TXN,top100,66.76848603683783,77.24767080745342,36.75631325511216,53.43853820598008,0,8,1,68,0.0990786351884756,0.5108911136881902,0.04934159310649888,0.2241527219410191,0.04973704208197671,0.2867383917471711,0.024470011292818214,0.2084947236668977
2017-01-03,ABBV,top100,66.43818200707966,62.12732919254658,86.36299127311182,56.76453317674694,1,9,1,68,0.05249402253128754,0.659946053195283,0.04934159310649888,0.2241527219410191,0.003152429424788661,0.4357933312542639,-0.022114601364369837,0.3575496631739905
2017-01-03,GOOGL,top100,65.77871932250771,76.12448240165631,34.264225250841584,56.38736591179976,0,10,1,68,0.060320292256063945,0.3508746942131,0.04934159310649888,0.2241527219410191,0.010978699149565063,0.12672197227208093,-0.014288331639593435,0.04847830419180754
2017-01-03,ACN,top100,65.60106115465656,70.38561076604555,49.79009380004575,63.73114858415527,0,11,1,68,0.01013207615506273,0.3538188198460319,0.04934159310649888,0.2241527219410191,-0.03920951695143615,0.12966609790501282,-0.06447654774059465,0.051422429824739435
2017-01-03,FISV,top100,65.12883998234929,77.52458592132506,30.568574261093136,47.47914985203122,0,12,1,68,0.077324389789454,0.22424073038941672,0.04934159310649888,0.2241527219410191,0.027982796682955113,8.800844839762512e-05,0.002715765893796615,-0.07815565963187576
2017-01-03,MA,top100,64.86460243005146,78.79658385093168,20.78517522666459,55.49958689066374,0,13,1,68,0.06720271607294426,0.47038285177614503,0.04934159310649888,0.2241527219410191,0.017861122966445375,0.24623012983512593,-0.007405907822713123,0.16798646175485255
2017-01-03,ICE,top100,64.5259943468385,67.19979296066253,56.84984104277239,61.16171065820248,0,14,1,68,0.058644888908527815,0.27685497250330426,0.04934159310649888,0.2241527219410191,0.009303295802028932,0.05270225056228517,-0.015963734987129566,-0.02554141751798822
2017-01-03,LRCX,top100,63.95859657059257,70.03234989648033,47.37957697377739,54.600362483008595,0,15,2,68,0.2018391389100771,0.8164886854818205,0.04934159310649888,0.2241527219410191,0.15249754580357822,0.5923359635408014,0.12723051501441973,0.514092295460528
2017-01-03,SCHW,top100,63.91608368631693,74.2184265010352,34.20891460785078,51.214022140221374,0,16,2,68,0.011243373181239802,0.2914699899275175,0.04934159310649888,0.2241527219410191,-0.03809821992525908,0.0673172679864984,-0.06336525071441758,-0.01092640009377499
2017-01-03,UNH,top100,61.76932386948412,70.78027950310559,35.060763037770585,52.10975609756099,1,17,2,68,0.029465125728154185,0.40512429411675255,0.04934159310649888,0.2241527219410191,-0.019876467378344698,0.18097157217573345,-0.045143498167503196,0.10272790409546007
2017-01-03,ADI,top100,61.457912924078414,70.21739130434783,33.87656469588522,55.30426071857886,0,18,2,68,0.12651737059467716,0.2883202047790576,0.04934159310649888,0.2241527219410191,0.07717577748817828,0.06416748283803853,0.05190874669901978,-0.014076185242234862
2017-01-03,MSFT,top100,61.328341892905456,71.99663561076605,27.78218997505202,53.74258970358814,1,19,2,68,0.053808781575993336,0.4106434245429389,0.04934159310649888,0.2241527219410191,0.004467188469494454,0.1864907026019198,-0.020799842319664044,0.10824703452164641
2017-01-03,GILD,top100,61.19858296767266,48.576604554865426,97.310547875064,77.32850204254055,0,20,2,68,-0.08823802900024857,0.036080468953110456,0.04934159310649888,0.2241527219410191,-0.13757962210674746,-0.18807225298790864,-0.16284665289590594,-0.266315921068182
2017-01-03,CSCO,top100,61.12456009202675,64.69979296066253,54.760379557908735,48.82629107981221,0,21,2,68,0.10898522856393678,0.3284371995454942,0.04934159310649888,0.2241527219410191,0.059643635457437894,0.10428447760447512,0.034376604668279395,0.026040809524201736
2017-01-03,AMZN,top100,60.16809637499364,67.39130434782608,33.929970493107675,62.08189232893851,1,22,2,68,0.18289171653376135,0.5977815224169729,0.04934159310649888,0.2241527219410191,0.13355012342726247,0.3736288004759538,0.10828309263810397,0.2953851323956804
2017-01-03,T,top100,59.91600735038446,64.34653209109732,62.38494242354915,23.96446401906514,0,23,2,68,-0.01878125646423212,-0.06623632624752074,0.04934159310649888,0.2241527219410191,-0.068122849570731,-0.29038904818853983,-0.0933898803598895,-0.3686327162688132
2017-01-03,SYK,top100,59.84438426736351,69.48887163561076,32.67618829732762,46.66936462970455,0,24,2,68,0.10821289243916032,0.3460217350919561,0.04934159310649888,0.2241527219410191,0.05887129933266144,0.12186901315093701,0.033604268543502944,0.043625345070663624
2017-01-03,INTC,top100,58.59247449696697,63.42261904761905,41.89509320085847,58.17622523461938,1,25,2,68,-0.004969912783887365,0.2716149371816412,0.04934159310649888,0.2241527219410191,-0.05431150589038625,0.04746221524062211,-0.07957853667954475,-0.03078145283965128
2017-01-03,ORCL,top100,58.507934707725525,59.63509316770186,59.15341645695112,49.326861989440076,1,26,2,68,0.157198911026307,0.2525558308205853,0.04934159310649888,0.2241527219410191,0.10785731791980813,0.028403108879566208,0.08259028713064963,-0.04984055920070718
2017-01-03,ADP,top100,58.36166623392313,73.85222567287785,18.45973461450469,29.73161340007701,1,27,2,68,-0.016167952807827346,0.15789655029019878,0.04934159310649888,0.2241527219410191,-0.06550954591432623,-0.06625617165082032,-0.09077657670348473,-0.1444998397310937
2017-01-03,MDT,top100,58.29755566133849,60.23809523809523,53.488904140928845,54.33108166486066,0,28,3,68,0.15368749965897743,0.215029728073159,0.04934159310649888,0.2241527219410191,0.10434590655247855,-0.009122993867860085,0.07907887576332005,-0.08736666194813347
2017-01-03,JPM,top100,58.188831026349646,64.89906832298136,48.69349622009196,30.207839562443034,1,29,3,68,0.008876501619291766,0.26706176991255237,0.04934159310649888,0.2241527219410191,-0.04046509148720712,0.042909047971533276,-0.06573212227636561,-0.03533462010874011
2017-01-03,KLAC,top100,58.162170302025686,58.74353002070394,56.118805220555394,58.179382434218454,1,30,3,68,0.21611013473930862,0.38513473930872877,0.04934159310649888,0.2241527219410191,0.16676854163280974,0.16098201736770967,0.14150151084365126,0.08273834928743629
2017-01-03,CRM,top100,57.36485847548609,62.14415113871636,40.24092775980216,58.15767126424206,2,31,3,68,0.16685510899850597,0.49262767448702327,0.04934159310649888,0.2241527219410191,0.11751351589200709,0.2684749525460042,0.0922464851028486,0.1902312844657308
2017-01-03,CB,top100,57.01677885968098,60.17210144927536,48.35333697035824,52.25640451116585,1,32,3,68,0.03982123996218756,0.11069743065983273,0.04934159310649888,0.2241527219410191,-0.009520353144311322,-0.11345529128118637,-0.03478738393346982,-0.19169895936145975
2017-01-03,HON,top100,56.63329505177392,59.36335403726709,52.71110457452255,45.36726310782447,0,33,3,68,0.07588716894384717,0.33907757273726324,0.04934159310649888,0.2241527219410191,0.02654557583734829,0.11492485079624415,0.0012785450481897914,0.03668118271597076
2017-01-03,TJX,top100,56.33571110482026,59.90036231884058,43.95749583292479,56.13958315046904,0,34,3,68,0.04176805650489879,0.01473684210526316,0.04934159310649888,0.2241527219410191,-0.007573536601600095,-0.20941587983575594,-0.03284056739075859,-0.2876595479160293
2017-01-03,BAC,top100,56.11720665204102,53.451086956521735,65.33044396154533,56.353569901667385,0,35,3,68,0.050240199899387106,0.3435825994659769,0.04934159310649888,0.2241527219410191,0.0008986067928882235,0.11942987752495782,-0.024368423996270275,0.04118620944468443
2017-01-03,QCOM,top100,55.52694095180074,49.73602484472049,70.37389286531359,66.36944987433677,0,36,3,68,-0.1280079808745178,0.04785543806376347,0.04934159310649888,0.2241527219410191,-0.1773495739810167,-0.17629728387725563,-0.20261660477017518,-0.254540951957529
2017-01-03,LMT,top100,55.33859763077837,56.28105590062111,49.06257149393731,61.29344201556131,1,37,3,68,0.06798373009269243,0.3007773536285181,0.04934159310649888,0.2241527219410191,0.018642136986193547,0.076624631687499,-0.006624893802964951,-0.0016190363927743867
2017-01-03,HD,top100,55.269552541633466,57.59057971014492,51.40663300323561,46.74820143884891,1,38,3,68,0.0982975618423989,0.43969066513423294,0.04934159310649888,0.2241527219410191,0.048955968735900024,0.21553794319321384,0.023688937946741526,0.13729427511294046
2017-01-03,CMCSA,top100,55.16087066402213,59.059265010351965,41.41417731585886,55.365496936039804,1,39,3,68,0.0925006064896381,0.18982131423321813,0.04934159310649888,0.2241527219410191,0.04315901338313921,-0.034331407707800965,0.017891982593980713,-0.11257507578807435
2017-01-03,REGN,top100,54.820659742651145,50.43219461697722,52.09209204157526,90.99705102452035,1,40,3,68,0.009191536151496926,0.03708197572035021,0.04934159310649888,0.2241527219410191,-0.040150056955001956,-0.18707074622066888,-0.06541708774416045,-0.26531441430094227
2017-01-03,SBUX,top100,53.36065233254486,53.126293995859214,51.92946694220562,57.863531470022906,0,41,3,68,0.06058334560349099,0.08039630378233187,0.04934159310649888,0.2241527219410191,0.011241752496992108,-0.14375641815868723,-0.01402527829216639,-0.22200008623896061
2017-01-03,MCD,top100,52.681791997466355,56.17559523809524,38.17190683182447,57.24493964434791,0,42,4,68,0.09148972752655804,0.47914018600893016,0.04934159310649888,0.2241527219410191,0.04214813442005916,0.25498746406791106,0.01688110363090066,0.17674379598763768
2017-01-03,WMT,top100,51.97727317135753,43.25439958592132,82.60672342604394,51.77848776003822,0,43,4,68,0.053863388174253624,0.48588816143635705,0.04934159310649888,0.2241527219410191,0.004521795067754741,0.26173543949533795,-0.020745235721403757,0.18349177141506456
2017-01-03,MS,top100,51.901122992257065,49.594979296066256,59.175231021783674,53.495912806539515,0,44,4,68,-0.0033712986842144854,0.23922454011753658,0.04934159310649888,0.2241527219410191,-0.05271289179071337,0.015071818176517482,-0.07797992257987187,-0.0631718499037559
2017-01-03,TMO,top100,51.827085757114375,54.53286749482402,41.4468466407382,53.64709182589916,0,45,4,68,0.07695095174653632,0.3724805448027033,0.04934159310649888,0.2241527219410191,0.02760935864003744,0.14832782286168422,0.002342327850878942,0.07008415478141083
2017-01-03,TMUS,top100,51.56949868886664,58.47308488612837,27.221853464019233,51.939685757729336,0,46,4,68,0.08967737281563903,0.0907071107824926,0.04934159310649888,0.2241527219410191,0.04033577970914015,-0.1334456111585265,0.015068748919981653,-0.21168927923879988
2017-01-03,C,top100,51.47477057958022,46.296583850931675,69.67757124672019,51.316476345840115,0,47,4,68,-0.012198130168204813,0.24896274781271477,0.04934159310649888,0.2241527219410191,-0.061539723274703695,0.024810025871695673,-0.0868067540638622,-0.053433642208577714
2017-01-03,LOW,top100,50.58021583327357,50.498188405797094,46.74530999771219,58.8242194967317,2,48,4,68,0.16197516742865448,0.3228691129242398,0.04934159310649888,0.2241527219410191,0.1126335743221556,0.09871639098322071,0.0873665435329971,0.020472722902947327
2017-01-03,PGR,top100,49.7782897449051,53.322981366459636,36.592724651235294,51.336578581363,2,49,4,68,0.12602394689035923,0.5861229887918447,0.04934159310649888,0.2241527219410191,0.07668235378386035,0.36197026685082556,0.05141532299470185,0.2837265987705522
2017-01-03,DHR,top100,49.3166258508073,51.18530020703933,42.76369687660011,49.34176330559742,1,50,4,68,0.08681748336094608,0.19667053697091874,0.04934159310649888,0.2241527219410191,0.0374758902544472,-0.027482184970100354,0.012208859465288699,-0.10572585305037374
2017-01-03,RTX,top100,49.19476326830279,48.48214285714286,51.016357812857464,50.53991705731298,0,51,4,68,0.015935820072869866,0.2011223971195626,0.04934159310649888,0.2241527219410191,-0.033405773033629016,-0.023030324821456505,-0.058672803822787514,-0.10127399290172989
2017-01-03,GS,top100,48.96233827360331,49.67520703933747,44.81960326981496,52.25772692104085,2,52,4,68,-0.04972280640498883,0.061724040632054056,0.04934159310649888,0.2241527219410191,-0.09906439951148771,-0.16242868130896504,-0.12433143030064621,-0.24067234938923843
2017-01-03,PG,top100,48.40158244780435,48.822463768115945,40.36114651763245,61.53628506596703,0,53,4,68,0.07352338093034705,0.10893407346766981,0.04934159310649888,0.2241527219410191,0.024181787823848166,-0.11521864847334928,-0.0010852429653103318,-0.19346231655362267
2017-01-03,COST,top100,48.26646836983016,54.433229813664596,25.00201544813762,51.62804410637422,1,54,4,68,0.046447023603268356,0.2560253092170739,0.04934159310649888,0.2241527219410191,-0.0028945695032305263,0.0318725872760548,-0.028161600292389025,-0.04637108080421859
2017-01-03,BSX,top100,48.24935225200182,56.53985507246377,13.381368180613206,59.95180065154536,2,55,5,68,0.13893967093235848,0.16819012797074961,0.04934159310649888,0.2241527219410191,0.0895980778258596,-0.05596259397026948,0.0643310470367011,-0.13420626205054287
2017-01-03,UNP,top100,47.79023794040508,51.19824016563147,31.411916745650444,56.690864753329606,2,56,5,68,0.0349344767196087,0.3623250196267891,0.04934159310649888,0.2241527219410191,-0.014407116386890184,0.13817229768577,-0.03967414717604868,0.05992862960549661
2017-01-03,ETN,top100,45.561772741401676,39.97800207039338,61.28585646063158,53.2,0,57,5,68,0.09109275676292006,0.22947250648499184,0.04934159310649888,0.2241527219410191,0.041751163656421175,0.00531978454397275,0.016484132867262677,-0.07292388353630064
2017-01-03,DIS,top100,45.26290463852367,44.40087991718426,55.64437145253893,30.53414405986905,0,58,5,68,0.06711881615351412,0.07489808868695569,0.04934159310649888,0.2241527219410191,0.017777223047015234,-0.1492546332540634,-0.007489807742143265,-0.2274983013343368
2017-01-03,IBM,top100,44.94961898888983,40.94849896480332,55.3043558696346,52.24798539600593,2,59,5,68,0.051974721607647156,-0.015269149435316876,0.04934159310649888,0.2241527219410191,0.002633128501148274,-0.23942187137633597,-0.022633902288010224,-0.31766553945660936
2017-01-03,PM,top100,43.93201071449446,44.791666666666664,36.90390397751413,51.97063252324968,1,60,5,68,0.2490351390330836,0.18608773251963528,0.04934159310649888,0.2241527219410191,0.19969354592658473,-0.03806498942138381,0.17442651513742624,-0.1163086575016572
2017-01-03,LLY,top100,43.82333687744345,44.57427536231884,32.80263043217745,60.60818037384777,0,61,5,68,0.139656251849406,0.1711125093054331,0.04934159310649888,0.2241527219410191,0.09031465874290712,-0.053040212635586004,0.06504762795374862,-0.1312838807158594
2017-01-03,PEP,top100,42.27160812394538,43.34368530020704,34.383722260352314,50.54283961729985,1,62,5,68,0.07623928927459933,0.15664068207295778,0.04934159310649888,0.2241527219410191,0.02689769616810045,-0.06751203986806131,0.0016306653789419506,-0.1457557079483347
2017-01-03,VZ,top100,40.550052221876896,38.817287784679095,52.728208647906655,28.323090430201944,1,63,5,68,-0.08930311059264451,0.007287833754242801,0.04934159310649888,0.2241527219410191,-0.1386447036991434,-0.2168648881867763,-0.16391173448830187,-0.2951085562670497
2017-01-03,BMY,top100,40.49554301698213,35.67158385093168,40.6602771513547,73.93378891059014,0,64,5,68,-0.08212056483133712,0.0601707419648394,0.04934159310649888,0.2241527219410191,-0.131462157937836,-0.1639819799761797,-0.15672918872699448,-0.24222564805645308
2017-01-03,MDLZ,top100,34.3134981729647,37.56987577639752,12.23240840605288,55.681034482758605,4,65,5,68,-0.035941093584108685,-0.0321845069515061,0.04934159310649888,0.2241527219410191,-0.08528268669060757,-0.2563372288925252,-0.11054971747976607,-0.3345808969727986
2017-01-03,BX,top100,31.06326637699364,19.308035714285715,56.1968845709186,63.08264462809916,1,66,5,68,0.06658492057004284,0.26154391127823673,0.04934159310649888,0.2241527219410191,0.017243327463543956,0.037391189337217634,-0.008023703325614542,-0.04085247874305575
2017-01-03,CAT,top100,25.69129148654635,20.987318840579704,26.999814796657624,56.002053388090374,5,67,5,68,-0.0101547242713933,0.7237696984183477,0.04934159310649888,0.2241527219410191,-0.05949631737789218,0.4996169764773286,-0.08476334816705068,0.4213733083970552
2017-01-03,ABT,top100,24.95313245475015,19.895186335403725,24.65576690525215,60.95348638917112,2,68,5,68,0.14615401155593521,0.5438415958371605,0.04934159310649888,0.2241527219410191,0.09681241844943633,0.3196888738961414,0.07154538766027783,0.24144520581586804
2017-04-03,META,top100,76.28486349232237,88.42003105590064,56.98551341793584,29.937390696047544,0,1,1,68,0.04322489708695465,0.09010404037396103,0.03425487707755126,0.14134054964431852,0.00897002000940339,-0.0512365092703575,-0.006697421742620439,-0.12976145180746532
2017-04-03,SPGI,top100,74.28735286008992,84.3271221532091,48.98897584295663,54.605721842522236,0,2,1,68,0.12990800248459133,0.48068835285469946,0.03425487707755126,0.14134054964431852,0.09565312540704007,0.33934780321038094,0.07998568365501624,0.2608228606732731
2017-04-03,AMAT,top100,73.89222007667036,83.18452380952381,51.504289908596704,53.62195428284351,0,3,1,68,0.056874989336472614,0.4402188440167658,0.03425487707755126,0.14134054964431852,0.022620112258921354,0.2988782943724473,0.006952670506897525,0.22035335183533947
2017-04-03,NVDA,top100,72.30625840379342,89.20289855072464,14.450654203571158,69.7409857757195,1,4,1,68,0.28690244267945464,1.0942604525700586,0.03425487707755126,0.14134054964431852,0.2526475656019034,0.95291990292574,0.23698012384987954,0.8743949603886322
2017-04-03,AMGN,top100,71.73524853455841,70.59782608695653,76.0529627087623,71.06177731936378,0,5,1,68,0.06198781461078773,0.08911539135343483,0.03425487707755126,0.14134054964431852,0.027732937533236468,-0.0522251582908837,0.012065495781212639,-0.13075010082799152
2017-04-03,INTU,top100,69.64822774861705,80.87474120082815,31.119404407839546,68.1202802646944,0,6,1,68,0.13682746255165523,0.5055207019376637,0.03425487707755126,0.14134054964431852,0.10257258547410397,0.3641801522933452,0.08690514372208014,0.28565520975623737
2017-04-03,ADBE,top100,67.98244592148531,83.9945652173913,30.544062054014013,30.774378585086048,0,7,1,68,0.06806080716104623,0.7366309128790802,0.03425487707755126,0.14134054964431852,0.03380593008349497,0.5952903632347617,0.018138488331471143,0.5167654206976539
2017-04-03,TXN,top100,67.8258937590083,77.94125258799173,39.3120376725387,54.04609412906356,0,8,1,68,-0.043256036823534516,0.32849806637722834,0.03425487707755126,0.14134054964431852,-0.07751091390108578,0.1871575167329098,-0.09317835565310961,0.108632574195802
2017-04-03,MA,top100,67.28199135758263,84.97541407867496,13.38587535396046,51.22026431718063,1,9,1,68,0.07820348832284352,0.558219187752186,0.03425487707755126,0.14134054964431852,0.04394861124529226,0.4168786381078675,0.028281169493268428,0.33835369557075967
2017-04-03,GOOGL,top100,66.13319609371895,76.5825569358178,36.106263141266574,53.04153610393174,0,10,1,68,0.07319653954286331,0.20187963811781673,0.03425487707755126,0.14134054964431852,0.038941662465312055,0.060539088473498204,0.023274220713288225,-0.017985854063609613
2017-04-03,ICE,top100,65.150083419845,70.45548654244305,50.364507198415566,57.58341400451759,0,11,1,68,0.12757173538540933,0.23524501210451643,0.03425487707755126,0.14134054964431852,0.09331685830785807,0.0939044624601979,0.07764941655583424,0.015379519923090085
2017-04-03,SCHW,top100,64.58805147056897,69.8046066252588,47.06800587119736,63.11225658648338,0,12,1,68,0.07384993973483334,0.28528302307932685,0.03425487707755126,0.14134054964431852,0.039595062657282076,0.14394247343500832,0.023927620905258247,0.0654175308979005
2017-04-03,FISV,top100,64.56122672663578,75.80745341614906,30.73152596659803,53.49704142011833,0,13,1,68,0.049031476997578816,0.230197163611207,0.03425487707755126,0.14134054964431852,0.014776599920027556,0.08885661396688849,-0.0008908418319962738,0.01033167142978067
2017-04-03,ABBV,top100,64.47397133552977,61.08307453416148,84.04298306586404,49.072225484439244,1,14,1,68,0.12472029689461328,0.477059797340319,0.03425487707755126,0.14134054964431852,0.09046541981706202,0.3357192476960005,0.07479797806503818,0.25719430515889263
2017-04-03,ADP,top100,63.647877645550444,72.64104554865425,35.75998736259546,56.47148288973385,0,15,2,68,0.017083365034049613,0.17804812953697624,0.03425487707755126,0.14134054964431852,-0.017171512043501647,0.036707579892657716,-0.032838953795525476,-0.0418173626444501
2017-04-03,ACN,top100,63.348606226552434,67.3227225672878,49.58750040853678,63.05200347743617,0,16,2,68,0.06439764034010476,0.30052198959606313,0.03425487707755126,0.14134054964431852,0.030142763262553496,0.1591814399517446,0.014475321510529666,0.08065649741463679
2017-04-03,LRCX,top100,63.305061037989624,72.62163561076605,47.130601039317575,30.437959025898714,0,17,2,68,0.08772610274672976,0.5874175804802368,0.03425487707755126,0.14134054964431852,0.0534712256691785,0.4460770308359183,0.03780378391715467,0.3675520882988105
2017-04-03,AAPL,top100,62.41273205002048,70.72981366459628,49.45567920602238,30.107266435986176,1,18,2,68,0.0027280318079465626,0.21311505059670033,0.03425487707755126,0.14134054964431852,-0.0315268452696047,0.0717745009523818,-0.04719428702162853,-0.0067504415847260135
2017-04-03,ADI,top100,61.67106988463334,71.22929606625259,30.991559630029087,56.12250712250713,0,19,2,68,-0.05785180836313952,0.14756940123363704,0.03425487707755126,0.14134054964431852,-0.09210668544069078,0.006228851589318518,-0.10777412719271462,-0.0722960909477893
2017-04-03,UNH,top100,60.645533137670064,69.32841614906833,32.273166759268335,56.610084814685706,1,20,2,68,0.13183621781342358,0.4019649641198819,0.03425487707755126,0.14134054964431852,0.09758134073587232,0.2606244144755634,0.08191389898384849,0.18209947193845558
2017-04-03,CB,top100,60.63196517828098,63.54166666666667,53.21191515340451,55.104154809334084,0,21,2,68,0.07926304300521303,0.019535157348626875,0.03425487707755126,0.14134054964431852,0.04500816592766177,-0.12180539229569165,0.02934072417563794,-0.20033033483279947
2017-04-03,INTC,top100,60.540224030117564,63.088768115942024,51.43464500876993,60.91157347204164,1,22,2,68,-0.06778378342016667,0.4210983038077716,0.03425487707755126,0.14134054964431852,-0.10203866049771793,0.27975775416345305,-0.11770610224974176,0.20123281162634524
2017-04-03,T,top100,60.4779691526775,59.52510351966873,68.7662325282435,50.57150183260684,0,23,2,68,-0.06867602105667814,-0.077127214330446,0.03425487707755126,0.14134054964431852,-0.1029308981342294,-0.21846776397476453,-0.11859833988625323,-0.2969927065118724
2017-04-03,MSFT,top100,60.07741117744332,70.3118530020704,28.82865694893835,50.93382686206375,1,24,2,68,0.04593018029096907,0.4380414114565929,0.03425487707755126,0.14134054964431852,0.01167530321341781,0.2967008618122744,-0.00399213853860602,0.21817591927516658
2017-04-03,BX,top100,59.82260388404645,58.03571428571429,64.70354482256737,62.568949195329765,0,25,2,68,0.15328056899643872,0.15071047911993585,0.03425487707755126,0.14134054964431852,0.11902569191888746,0.009369929475617322,0.10335825016686362,-0.0691550130614905
2017-04-03,KLAC,top100,59.48259281152969,62.8713768115942,51.893173077970616,50.93994427819628,1,26,2,68,-0.04090996676140468,0.16553061322799767,0.03425487707755126,0.14134054964431852,-0.07516484383895594,0.024190063583679144,-0.09083228559097978,-0.05433487895342867
2017-04-03,JPM,top100,59.01920480590128,60.41407867494824,52.272945730392536,62.747605873590146,1,27,2,68,0.071710575541996,0.29668677129288246,0.03425487707755126,0.14134054964431852,0.03745569846444474,0.15534622164856393,0.021788256712420913,0.07682127911145611
2017-04-03,LLY,top100,58.99434562679306,66.70678053830227,35.036073798084786,52.92384490364521,0,28,3,68,-0.014399313446419648,-0.0442734134039201,0.03425487707755126,0.14134054964431852,-0.04865419052397091,-0.18561396304823863,-0.06432163227599474,-0.2641389055853465
2017-04-03,SYK,top100,58.1074822108503,68.2026397515528,26.085563944177537,51.48521595927838,0,29,3,68,0.05087662245139146,0.21850604558537334,0.03425487707755126,0.14134054964431852,0.016621745373840202,0.07716549594105482,0.0009543036218163728,-0.0013594465960529989
2017-04-03,QCOM,top100,58.03083932415069,50.934265010351965,78.99336536261724,65.78180744380869,0,30,3,68,-0.017855962660868974,0.010729530594431491,0.03425487707755126,0.14134054964431852,-0.052110839738420234,-0.13061101904988703,-0.06777828149044407,-0.20913596158699485
2017-04-03,CRM,top100,57.91410567107512,62.25414078674949,44.612380298722094,54.137310606060616,2,31,3,68,0.046046110379161176,0.45158583219421033,0.03425487707755126,0.14134054964431852,0.011791233301609916,0.3102452825498918,-0.0038762084504139135,0.231720340012784
2017-04-03,GILD,top100,57.41810874233021,43.18064182194617,97.2510240655402,77.41454653859856,1,32,3,68,0.06212965410447824,0.15573519709113914,0.03425487707755126,0.14134054964431852,0.027874777026926978,0.014394647446820619,0.012207335274903149,-0.0641302950902872
2017-04-03,CSCO,top100,57.04784175207548,60.9963768115942,44.50065910601257,54.50246162757024,1,33,3,68,-0.05887499113328465,0.2795695111090093,0.03425487707755126,0.14134054964431852,-0.09312986821083591,0.13822896146469077,-0.10879730996285975,0.05970401892758295
2017-04-03,AMZN,top100,56.98886596197997,68.8975155279503,29.081422534229024,29.443205855689513,1,34,3,68,0.06971318325088904,0.5822256620789446,0.03425487707755126,0.14134054964431852,0.035458306173337784,0.440885112434626,0.019790864421313954,0.3623601698975182
2017-04-03,CMCSA,top100,56.732110869199126,63.145703933747406,35.87390103604928,53.55337908366089,1,35,3,68,0.025467226780630847,-0.07004943466833646,0.03425487707755126,0.14134054964431852,-0.008787650296920413,-0.211389984312655,-0.024455092048944242,-0.28991492684976283
2017-04-03,BAC,top100,56.39234318226074,52.10015527950311,66.54528096017458,66.13178294573645,0,36,3,68,0.049642328888982235,0.287558098526679,0.03425487707755126,0.14134054964431852,0.015387451811430974,0.1462175488823605,-0.0002799899405928549,0.06769260634525268
2017-04-03,TJX,top100,56.26580583487721,59.721790890269155,45.95412404266214,52.69727403156384,1,37,3,68,-0.08264513419883124,0.09057692083377078,0.03425487707755126,0.14134054964431852,-0.1169000112763825,-0.050763628810547745,-0.13256745302840633,-0.12928857134765556
2017-04-03,PGR,top100,55.326410554973734,61.454451345755686,33.45777154287792,56.1674030436917,1,38,3,68,0.12805590197359318,0.5965912465110756,0.03425487707755126,0.14134054964431852,0.09380102489604192,0.4552506968667571,0.07813358314401808,0.3767257543296493
2017-04-03,DIS,top100,54.95415556121944,58.480848861283654,45.13929742567354,49.89701873186174,0,39,3,68,-0.050706353374588065,-0.09435393023238114,0.03425487707755126,0.14134054964431852,-0.08496123045213932,-0.23569447987669967,-0.10062867220416316,-0.3142194224138075
2017-04-03,HD,top100,53.72872749388782,57.094979296066256,41.96022758222484,53.70196470196471,1,40,3,68,0.05647273866362834,0.2376154463120863,0.03425487707755126,0.14134054964431852,0.02221786158607708,0.09627489666776778,0.006550419834053252,0.017749954130659967
2017-04-03,GS,top100,53.62039700307487,50.318322981366464,57.223304316041435,69.52910052910053,0,41,3,68,-0.003995755377741106,0.11745074865673288,0.03425487707755126,0.14134054964431852,-0.038250632455292366,-0.02388980098758564,-0.053918074207316195,-0.10241474352469346
2017-04-03,ORCL,top100,53.61349255309838,57.22696687370601,38.20817128040875,59.12981485422431,1,42,4,68,0.11124654598042505,0.036513183379386804,0.03425487707755126,0.14134054964431852,0.07699166890287379,-0.10482736626493172,0.06132422715084996,-0.18335230880203954
2017-04-03,MS,top100,53.5447615630542,47.60351966873706,66.850238182382,68.52250158461862,0,43,4,68,0.07273424909830406,0.2808287928785205,0.03425487707755126,0.14134054964431852,0.0384793720207528,0.13948824323420195,0.02281193026872897,0.06096330069709413
2017-04-03,HON,top100,52.93708832700064,56.24353002070393,40.83152215358805,54.00312881790279,0,44,4,68,0.08089003778578974,0.1883218615428064,0.03425487707755126,0.14134054964431852,0.04663516070823848,0.046981311898487865,0.030967718956214647,-0.03154363063861995
2017-04-03,TMUS,top100,52.83233632557601,59.428053830227746,28.81989132634836,54.68720379146919,0,45,4,68,-0.055860531546396475,-0.05979441841529065,0.03425487707755126,0.14134054964431852,-0.09011540862394773,-0.20113496805960918,-0.10578285037597157,-0.279659910596717
2017-04-03,C,top100,51.71183687880212,44.5018115942029,73.74503156418051,58.11562450023988,0,46,4,68,0.14681955824323167,0.1796498521928107,0.03425487707755126,0.14134054964431852,0.11256468116568041,0.038309302548492186,0.09689723941365658,-0.04021563998861563
2017-04-03,LMT,top100,51.686815168090774,53.46402691511386,44.66480918608578,53.29034490293914,1,47,4,68,0.044816027294658056,0.3032883696097426,0.03425487707755126,0.14134054964431852,0.010561150217106796,0.16194781996542407,-0.005106291534917033,0.08342287742831625
2017-04-03,MDT,top100,50.76436627617511,50.56806418219462,48.15259665980325,57.3620201667823,0,48,4,68,0.09601193094304583,-0.0063769377141081884,0.03425487707755126,0.14134054964431852,0.06175705386549457,-0.1477174873584267,0.04608961211347074,-0.22624242989553453
2017-04-03,REGN,top100,50.73755071266017,46.8944099378882,54.154192676841966,70.80625220770045,0,49,4,68,0.2728149948446792,-0.11962741545352862,0.03425487707755126,0.14134054964431852,0.23856011776712793,-0.26096796509784714,0.2228926760151041,-0.339492907634955
2017-04-03,TMO,top100,50.1223735683973,53.47049689440994,34.5855666677561,57.75912408759123,0,50,4,68,0.1292601748768063,0.35849347115528185,0.03425487707755126,0.14134054964431852,0.09500529779925504,0.21715292151096333,0.0793378560472312,0.1386279789738555
2017-04-03,SBUX,top100,49.90237310329092,53.99844720496894,45.325866165383886,30.38286826735886,0,51,4,68,0.00085402126218459,0.02629796507347537,0.03425487707755126,0.14134054964431852,-0.03340085581536667,-0.11504258457084315,-0.0490682975673905,-0.19356752710795097
2017-04-03,PG,top100,49.74764699982427,52.40812629399586,38.28805383970106,54.04347826086955,0,52,4,68,-0.014140138590368556,-0.09123121123138422,0.03425487707755126,0.14134054964431852,-0.048395015667919816,-0.23257176087570275,-0.06406245741994365,-0.3110967034128106
2017-04-03,COST,top100,49.38204611489615,55.914855072463766,19.987852839603008,62.44076996250911,1,53,4,68,-0.005886900622367963,0.17153487978028248,0.03425487707755126,0.14134054964431852,-0.04014177769991922,0.030194330135963954,-0.05580921945194305,-0.04833061240114386
2017-04-03,UNP,top100,48.85075818170658,50.54347826086957,37.57239271824035,59.5584485544981,1,54,4,68,0.04881814595844913,0.28802134269449176,0.03425487707755126,0.14134054964431852,0.014563268880897873,0.14668079305017323,-0.0011041728711259566,0.06815585051306541
2017-04-03,BMY,top100,47.87345628440081,38.85998964803313,61.2004444880217,84.31374633173286,0,55,5,68,0.04553114491841992,0.19329445233971954,0.03425487707755126,0.14134054964431852,0.011276267840868659,0.05195390269540101,-0.00439117391115517,-0.026571039841706806
2017-04-03,WMT,top100,47.32406836215545,41.4738612836439,66.99314202917498,48.93737057769728,1,56,5,68,0.05616501666220741,0.24392498358103687,0.03425487707755126,0.14134054964431852,0.021910139584656152,0.10258443393671834,0.006242697832632323,0.024059491399610528
2017-04-03,BSX,top100,47.16911568960664,56.12060041407867,12.077473100122381,54.692007797270925,1,57,5,68,0.1087479935794542,0.11316211878009619,0.03425487707755126,0.14134054964431852,0.07449311650190293,-0.028178430864222337,0.058825674749879105,-0.10670337340133015
2017-04-03,DHR,top100,46.9665293716988,51.6407867494824,26.71522807246898,54.74933032567317,2,58,5,68,-0.012637654239087137,0.16635431869444095,0.03425487707755126,0.14134054964431852,-0.0468925313166384,0.025013769050122425,-0.06255997306866223,-0.05351117348698539
2017-04-03,RTX,top100,46.74178438003867,45.45031055900621,47.93955834450001,53.38655319834324,2,59,5,68,0.09664282229099763,0.14981266810989435,0.03425487707755126,0.14134054964431852,0.06238794521344637,0.008472118465575829,0.04672050346142254,-0.07005282407153199
2017-04-03,PM,top100,45.89080847585061,51.785714285714285,22.18637992831541,52.035324901875285,1,60,5,68,0.04423100994772278,-0.07090407121067421,0.03425487707755126,0.14134054964431852,0.009976132870171517,-0.21224462085499274,-0.0056913088818523125,-0.2907695633921006
2017-04-03,IBM,top100,44.1287306094511,39.719202898550726,52.59120026621743,58.070485272220985,2,61,5,68,-0.09971460314821423,-0.08076918607821104,0.03425487707755126,0.14134054964431852,-0.1339694802257655,-0.22210973572252957,-0.14963692197778933,-0.3006346782596374
2017-04-03,ETN,top100,43.8603827799665,40.49301242236025,52.23401181748012,50.68471720818293,0,62,5,68,0.06478333708888906,0.09348558029868093,0.03425487707755126,0.14134054964431852,0.0305284600113378,-0.0478549693456376,0.01486101825931397,-0.12637991188274542
2017-04-03,PEP,top100,42.2707069333804,44.65062111801242,29.77820537961238,50.59631074849238,1,63,5,68,0.039091943376210914,0.013045865365323817,0.03425487707755126,0.14134054964431852,0.0048370662986596535,-0.1282946842789947,-0.010830375453364176,-0.20681962681610253
2017-04-03,ABT,top100,36.82049578501511,41.57349896480331,11.106576352801474,54.97731239092498,3,64,5,68,0.10204568417723725,0.36582182474063796,0.03425487707755126,0.14134054964431852,0.06779080709968599,0.22448127509631943,0.05212336534766216,0.14595633255921162
2017-04-03,LOW,top100,34.91856652849834,32.274844720496894,34.797542787419246,53.66666666666664,2,65,5,68,-0.042057592194837734,0.09365903381994234,0.03425487707755126,0.14134054964431852,-0.076312469272389,-0.047681515824376186,-0.09197991102441283,-0.126206458361484
2017-04-03,MDLZ,top100,32.82274815337587,34.076086956521735,19.205899815886088,51.283073206334365,3,66,5,68,0.007839764284033102,-0.002763386150524516,0.03425487707755126,0.14134054964431852,-0.02641511279351816,-0.14410393579484304,-0.04208255454554199,-0.22262887833195086
2017-04-03,MCD,top100,28.77303538561112,27.083333333333336,27.29266758178907,43.56168535919974,1,67,5,68,0.18398303749783773,0.27866070453528513,0.03425487707755126,0.14134054964431852,0.14972816042028647,0.1373201548909666,0.13406071866826264,0.05879521235385879
2017-04-03,VZ,top100,25.3592032397245,12.40942028985507,54.11751969147302,58.49105098531345,2,68,5,68,-0.07407659760027807,0.02264814297491946,0.03425487707755126,0.14134054964431852,-0.10833147467782933,-0.11869240666939906,-0.12399891642985317,-0.19721734920650688
2017-07-03,META,top100,80.66286480740636,89.66716304438327,59.82270386092365,59.31309904153355,0,1,1,70,0.14175069781477112,0.2984574334688752,0.04691059046292567,0.13936509761242988,0.09484010735184545,0.15909233585644533,0.06913916013332333,0.099387387314545
2017-07-03,AMAT,top100,78.51804908302879,83.82331865129034,60.396051782096656,77.62515670706227,0,2,1,70,0.27287329787148185,0.10319721686348271,0.04691059046292567,0.13936509761242988,0.22596270740855617,-0.03616788074894717,0.20026176019003405,-0.0958728292908475
2017-07-03,LRCX,top100,75.88491682643843,79.30413394827754,60.7423362051693,82.23555821610293,0,3,1,70,0.33852799118285826,0.21685467924405954,0.04691059046292567,0.13936509761242988,0.2916174007199326,0.07748958163162967,0.26591645350141047,0.01778463308972933
2017-07-03,SPGI,top100,73.5349931938425,84.4275026923145,44.56702226863517,55.22336855495311,0,4,1,70,0.0839146354237632,0.4057534533557743,0.04691059046292567,0.13936509761242988,0.037004044960837534,0.2663883557433444,0.011303097742315416,0.20668340720144407
2017-07-03,TXN,top100,71.94452081029713,76.59778800258243,57.396146396847655,68.46839929119908,0,5,1,70,0.18042697425001264,0.45992479047570867,0.04691059046292567,0.13936509761242988,0.13351638378708697,0.3205596928632788,0.10781543656856485,0.26085474432137845
2017-07-03,ADBE,top100,71.38978851373629,83.67432344081207,33.457918698101025,61.261783655476435,0,6,1,70,0.06885340654576977,0.7485008308648218,0.04691059046292567,0.13936509761242988,0.021942816082844097,0.6091357332523919,-0.0037581311356780223,0.5494307847104916
2017-07-03,INTU,top100,69.27064299016925,82.29970749657745,25.369498430508248,65.86948056463389,0,7,1,70,0.07917757642807222,0.5706406711560301,0.04691059046292567,0.13936509761242988,0.032266985965146544,0.43127557354360024,0.006566038746624425,0.3715706250016999
2017-07-03,AMGN,top100,68.96811469298319,71.01027652015107,70.11058794719384,52.38803539438684,0,8,1,70,0.09046495287846157,0.10606088377705492,0.04691059046292567,0.13936509761242988,0.0435543624155359,-0.03330421383537496,0.017853415197013778,-0.0930091623772753
2017-07-03,REGN,top100,67.625124848284,74.0739325262987,44.097335976598416,69.53904884555236,1,9,1,70,-0.05226271057525245,-0.27447578028873865,0.04691059046292567,0.13936509761242988,-0.09917330103817812,-0.4138408779011685,-0.12487424825670024,-0.47354582644306886
2017-07-03,BX,top100,66.97868305135349,68.45422928828717,68.41634484325307,53.77453580901859,0,10,1,70,0.012223541504217783,0.10407510455802083,0.04691059046292567,0.13936509761242988,-0.03468704895870789,-0.03528999305440905,-0.06038799617723001,-0.09499494159630939
2017-07-03,MA,top100,66.68695690807535,83.76509095177583,11.469780219780219,57.57437197876219,1,11,1,70,0.17634457599731834,0.6355706051344905,0.04691059046292567,0.13936509761242988,0.12943398553439267,0.4962055075220606,0.10373303831587055,0.43650055898016027
2017-07-03,GOOGL,top100,65.72935657489458,74.29742534201607,35.26689708141321,66.67779419200684,0,12,1,70,0.05221378269949062,0.2140593811553435,0.04691059046292567,0.13936509761242988,0.005303192236564946,0.07469428354291363,-0.020397754981957172,0.014989335001013293
2017-07-03,SBUX,top100,64.89409302456866,67.83324984542224,52.34906522837909,69.41005087097273,0,13,1,70,-0.07205277803465293,-0.14548007162613175,0.04691059046292567,0.13936509761242988,-0.1189633684975786,-0.2848451692385616,-0.14466431571610072,-0.34455011778046196
2017-07-03,KLAC,top100,64.44046957727113,62.31986061386135,63.12147977470558,81.92271192627067,1,14,1,70,0.1540827986288127,0.1378344780823466,0.04691059046292567,0.13936509761242988,0.10717220816588702,-0.001530619530083266,0.0814712609473649,-0.061235568071983604
2017-07-03,ANET,top100,63.884345940311164,76.871373564952,16.005051347692266,68.73374175306317,1,15,2,70,0.29641853473629176,0.7419231858484194,0.04691059046292567,0.13936509761242988,0.2495079442733661,0.6025580882359896,0.22380699705484397,0.5428531396940892
2017-07-03,BKNG,top100,63.619509362024914,75.84631490730112,23.776631269618647,57.717626729904055,1,16,2,70,0.007780672847432557,0.11778916412828622,0.04691059046292567,0.13936509761242988,-0.039129917615493115,-0.02157593348414366,-0.06483086483401523,-0.081280882026044
2017-07-03,AAPL,top100,62.29224335823078,64.97203951184824,51.16456844542398,65.7890201085222,1,17,2,70,0.07605682918177292,0.3015968927929389,0.04691059046292567,0.13936509761242988,0.02914623871884725,0.162231795180509,0.0034452915003251317,0.10252684663860867
2017-07-03,MSFT,top100,61.83351177893665,71.01041301264875,29.655602306373694,61.95102208807792,1,18,2,70,0.10030083113723909,0.4813525238191769,0.04691059046292567,0.13936509761242988,0.053390240674313416,0.34198742620674705,0.027689293455791297,0.2822824776648467
2017-07-03,FISV,top100,61.7483050632843,72.51513360568137,25.883089561210177,58.11093627065303,1,19,2,70,0.06231967686093487,0.22693924655840414,0.04691059046292567,0.13936509761242988,0.015409086398009197,0.08757414894597426,-0.010291860820512921,0.027869200404073924
2017-07-03,ICE,top100,61.64697375368477,70.9126024888042,45.2119110292086,29.65769805680118,0,20,2,70,0.042891323807536574,0.10202484873367013,0.04691059046292567,0.13936509761242988,-0.004019266655389098,-0.03734024887875975,-0.029720213873911216,-0.09704519742066009
2017-07-03,SCHW,top100,61.312282218733124,70.87714173790438,42.585519319390286,31.811791383219983,0,21,2,70,0.014778440313340191,0.1639502708601268,0.04691059046292567,0.13936509761242988,-0.03213215014958548,0.024585173247696934,-0.0578330973681076,-0.035119775294203404
2017-07-03,ADP,top100,61.21410440426784,67.59635346643172,41.89850063447539,55.16956850870554,0,22,2,70,0.07303108632954292,0.3331227744379919,0.04691059046292567,0.13936509761242988,0.026120495866617244,0.193757676825562,0.00041954864809512493,0.13405272828366166
2017-07-03,ADI,top100,59.73662672177129,66.78433229917519,24.5467118591242,80.78251740523814,1,23,2,70,0.13376078271098812,0.2676474381786056,0.04691059046292567,0.13936509761242988,0.08685019224806245,0.1282823405661757,0.06114924502954033,0.06857739202427537
2017-07-03,GS,top100,59.4069237528427,58.418570623265694,61.64663510424155,61.84597295708408,0,24,2,70,0.06244272803558171,-0.01778922844710873,0.04691059046292567,0.13936509761242988,0.015532137572656035,-0.1571543260595386,-0.010168809645866084,-0.21685927460143894
2017-07-03,AMZN,top100,59.34556508646902,67.34348746521148,30.29749737686798,61.456243854473946,1,25,2,70,0.005798712329341704,0.7762724660780571,0.04691059046292567,0.13936509761242988,-0.04111187813358397,0.6369073684656272,-0.06681282535210609,0.5772024199237269
2017-07-03,BAC,top100,59.104739537985346,58.40669577596667,66.75917720272558,48.68217054263567,0,26,2,70,0.04339802417130545,0.14510806880296867,0.04691059046292567,0.13936509761242988,-0.0035125662916202227,0.005742971190538793,-0.02921351351014234,-0.053961977351361545
2017-07-03,CB,top100,58.958157996504966,61.81076407135281,52.62490645555161,51.6564185544768,0,27,2,70,-0.0008774096889618832,-0.10986986284994782,0.04691059046292567,0.13936509761242988,-0.047788000151887555,-0.2492349604623777,-0.07348894737040967,-0.30893990900427803
2017-07-03,ABBV,top100,57.91869874813685,59.0486677649763,66.72640076036237,32.39351160580969,1,28,2,70,0.2593560831220507,0.33643686387733074,0.04691059046292567,0.13936509761242988,0.21244549265912505,0.19707176626490086,0.18674454544060293,0.13736681772300052
2017-07-03,UNH,top100,57.758412590956965,65.92524851871516,32.488284467597225,51.13081734336902,1,29,3,70,0.06182340538739628,0.34187452448793887,0.04691059046292567,0.13936509761242988,0.014912814924470608,0.202509426875509,-0.010788132294051511,0.14280447833360865
2017-07-03,ACN,top100,57.56426869766736,64.19919169142868,35.09027360359759,56.06779792947769,1,30,3,70,0.09287443354128055,0.342510206315892,0.04691059046292567,0.13936509761242988,0.04596384307835488,0.20314510870346214,0.020262895859832764,0.1434401601615618
2017-07-03,VRTX,top100,57.42718640566936,66.31883828505366,23.94124238444014,62.15751129243772,1,31,3,70,0.18716369024409274,0.3080402401934026,0.04691059046292567,0.13936509761242988,0.14025309978116707,0.16867514258097271,0.11455215256264495,0.10897019403907238
2017-07-03,MS,top100,57.405483590954596,55.57447644890199,68.88269164708528,47.26811747306149,0,32,3,70,0.07828425902080283,0.051080207170858705,0.04691059046292567,0.13936509761242988,0.031373668557877155,-0.08828489044157117,0.005672721339355036,-0.1479898389834715
2017-07-03,CRM,top100,57.347415065734666,61.79433037463095,39.55404914030441,61.80573975432114,2,33,3,70,0.09105603066314716,0.6009277397980524,0.04691059046292567,0.13936509761242988,0.044145440200221486,0.4615626421856225,0.018444492981699367,0.40185769364372215
2017-07-03,SYK,top100,56.894486284715995,65.44318431537411,25.839566775751905,59.163439088037364,0,34,3,70,0.041411609319805365,0.24297836262953587,0.04691059046292567,0.13936509761242988,-0.005498981143120307,0.103613265017106,-0.031199928361642426,0.043908316475205655
2017-07-03,INTC,top100,56.6289977785257,54.71552916093966,65.69001981344198,51.90123403179551,0,35,3,70,0.1755231635156589,0.5172788281137248,0.04691059046292567,0.13936509761242988,0.12861257305273321,0.37791373050129495,0.1029116258342111,0.3182087819593946
2017-07-03,TMUS,top100,56.44469558970615,57.95051055018761,42.00470496015635,74.78397212543553,0,36,3,70,0.025332875242776387,-0.014333443181579142,0.04691059046292567,0.13936509761242988,-0.021577715220149285,-0.15369854079400902,-0.047278662438671404,-0.21340348933590936
2017-07-03,JPM,top100,56.08314719957047,62.6451700082305,49.848851864980894,22.6175782081294,1,37,3,70,0.04409572349102442,0.13519895849162,0.04691059046292567,0.13936509761242988,-0.002814866971901253,-0.004166139120809875,-0.028515814190423372,-0.06387108766271021
2017-07-03,QCOM,top100,56.054345627923894,50.450766473620774,69.64884013446425,68.09041069496502,0,38,3,70,-0.04541087911934916,0.04628800289590074,0.04691059046292567,0.13936509761242988,-0.09232146958227483,-0.09307709471652914,-0.11802241680079695,-0.15278204325842948
2017-07-03,LOW,top100,55.35161545284482,53.31779821222126,56.38201540550769,67.52753623188406,1,39,3,70,0.03809115548846753,0.23844747150915935,0.04691059046292567,0.13936509761242988,-0.00881943497445814,0.09908237389672947,-0.03452038219298026,0.03937742535482913
2017-07-03,CSCO,top100,54.70385276238925,53.44025245652373,53.99636011487344,64.96404019847952,0,40,3,70,0.08730497701178308,0.40812669061796014,0.04691059046292567,0.13936509761242988,0.04039438654885741,0.26876159300553026,0.01469343933033529,0.20905664446362993
2017-07-03,CMCSA,top100,54.630456430450046,56.895450841544495,40.46185912420134,67.1126901652863,1,41,3,70,-0.010166771978899702,-0.12029378563162485,0.04691059046292567,0.13936509761242988,-0.057077362441825374,-0.25965888324405473,-0.0827783096603475,-0.31936383178595507
2017-07-03,DIS,top100,54.550183615620234,51.7386823833228,59.72366927135511,63.883720930232556,0,42,3,70,-0.0638113412539163,-0.016777951726805962,0.04691059046292567,0.13936509761242988,-0.11072193171684197,-0.15614304933923584,-0.1364228789353641,-0.21584799788113618
2017-07-03,PGR,top100,53.94059903660809,59.807436384259134,34.27803379416282,52.19786808794136,1,43,4,70,0.10652031493115266,0.3674089542460721,0.04691059046292567,0.13936509761242988,0.05960972446822699,0.22804385663364224,0.03390877724970487,0.1683389080917419
2017-07-03,GILD,top100,53.69635686384743,39.768208440423074,89.18478260869566,80.21654433812145,2,44,4,70,0.18871518320093128,0.037692479532209555,0.04691059046292567,0.13936509761242988,0.1418045927380056,-0.10167261808022032,0.11610364551948349,-0.16137756662212066
2017-07-03,ORCL,top100,53.57994806046435,58.97324883537776,32.19105501012934,58.604628736740594,1,45,4,70,-0.007617799343725751,-0.07964992516987834,0.04691059046292567,0.13936509761242988,-0.05452838980665142,-0.21901502278230822,-0.08022933702517354,-0.27871997132420856
2017-07-03,BMY,top100,53.42214169841914,44.52371625393611,64.24191322157661,94.0715767634855,0,46,4,70,0.15533206568027413,0.014939489373502202,0.04691059046292567,0.13936509761242988,0.10842147521734846,-0.12442560823892768,0.08272052799882634,-0.18413055678082801
2017-07-03,MU,top100,53.1642812889834,51.35459249482352,49.990526887791965,72.17961165048543,0,47,4,70,0.3730252854955922,0.7666449648959193,0.04691059046292567,0.13936509761242988,0.32611469503266655,0.6272798672834894,0.3004137478141444,0.567574918741589
2017-07-03,LLY,top100,53.10499188189482,59.7859797636223,31.638421380707495,49.27121771217712,1,48,4,70,0.050794887650887244,0.07463458461470185,0.04691059046292567,0.13936509761242988,0.0038842971879615718,-0.06473051299772803,-0.021816650030560547,-0.12443546153962837
2017-07-03,HD,top100,52.546853595745134,55.24292934738841,40.62565395489659,57.516722615939344,1,49,4,70,0.07129323560605205,0.2854368647332999,0.04691059046292567,0.13936509761242988,0.02438264514312638,0.14607176712087,-0.0013183020753957386,0.08636681857896966
2017-07-03,HON,top100,51.5662804243635,56.19003031498373,35.05482089984194,52.22295023906498,1,50,4,70,0.07212359085560416,0.1057342235902834,0.04691059046292567,0.13936509761242988,0.025213000392678486,-0.033630874022146484,-0.0004879468258436326,-0.09333582256404682
2017-07-03,COST,top100,50.1767854921497,50.72590805046401,38.37053919276921,69.94542018271048,0,51,4,70,0.04785561640508318,0.319518020606139,0.04691059046292567,0.13936509761242988,0.0009450259421575069,0.1801529229937091,-0.024755921276364612,0.12044797445180877
2017-07-03,PG,top100,49.20640811746413,51.012624191111335,42.85742113582226,49.26086956521741,0,52,4,70,0.054135899048092684,-0.08320051470265688,0.04691059046292567,0.13936509761242988,0.007225308585167012,-0.22256561231508676,-0.018475638633355107,-0.2822705608569871
2017-07-03,TMO,top100,48.49762313285524,55.85726160561585,21.068979719049842,51.837440651141755,1,53,4,70,0.09907842361718,0.1841542460628336,0.04691059046292567,0.13936509761242988,0.05216783315425433,0.044789148450403715,0.02646688593573221,-0.014915800091496623
2017-07-03,C,top100,48.189672287311446,46.90136096669447,61.35033872937099,30.886518647511217,0,54,4,70,0.08616620795316998,-0.014967857360046688,0.04691059046292567,0.13936509761242988,0.03925561749024431,-0.15433295497247657,0.013554670271722191,-0.2140379035143769
2017-07-03,LMT,top100,47.30171840104681,49.15176054848146,37.850965070460155,53.25293003017755,2,55,4,70,0.12283040516182875,0.09975058237094969,0.04691059046292567,0.13936509761242988,0.07591981469890308,-0.039614515241480186,0.05021886748038096,-0.09931946378338052
2017-07-03,MCD,top100,47.29146406334046,54.319339212520184,19.935606313586675,52.80805351858999,1,56,4,70,0.035352166708839006,0.05154555026813479,0.04691059046292567,0.13936509761242988,-0.011558423754086666,-0.08781954734429509,-0.037259370972608785,-0.14752449588619543
2017-07-03,IBM,top100,47.05511985516482,37.93048027615163,72.53031451751409,59.97720758355859,1,57,5,70,-0.04737334856979458,-0.06508523847014547,0.04691059046292567,0.13936509761242988,-0.09428393903272025,-0.20445033608257535,-0.11998488625124237,-0.2641552846244757
2017-07-03,UNP,top100,47.041923997567864,49.77108843212433,32.073120505799324,57.87537993920972,1,58,5,70,0.05353369570659994,0.31169071052236275,0.04691059046292567,0.13936509761242988,0.0066231052436742655,0.17232561290993287,-0.019077841974847853,0.11262066436803253
2017-07-03,WMT,top100,46.75899845163202,40.00404017793162,62.93077539571228,61.70015247937426,1,59,5,70,0.047549516351911514,0.14742054352832779,0.04691059046292567,0.13936509761242988,0.0006389258889858418,0.008055445915897907,-0.025062021329536277,-0.05164950262600243
2017-07-03,BSX,top100,46.48245462093985,55.94882077306621,9.00476413099134,55.17327253595232,1,60,5,70,0.06659428157799496,0.2019543973941369,0.04691059046292567,0.13936509761242988,0.01968369111506929,0.06258929978170702,-0.006017256103452828,0.0028843512398066817
2017-07-03,TJX,top100,46.310425996052565,37.70662575531536,70.90320910973085,57.351461453856494,0,61,5,70,0.030131952457697952,0.3532771955255052,0.04691059046292567,0.13936509761242988,-0.01677863800522772,0.2139120979130753,-0.04247958522374984,0.15420714937117497
2017-07-03,RTX,top100,45.73545851564248,47.84744506518199,35.84234956254592,50.7377705750591,2,62,5,70,-0.031011574527686547,0.04727309524650902,0.04691059046292567,0.13936509761242988,-0.07792216499061222,-0.09209200236592086,-0.10362311220913434,-0.1517969509078212
2017-07-03,PM,top100,44.952092953200975,49.12122717674823,22.953733386762842,59.764872521246446,1,63,5,70,-0.042536627939865346,-0.2747061818318953,0.04691059046292567,0.13936509761242988,-0.08944721840279102,-0.4140712794443252,-0.11514816562131314,-0.47377622798622554
2017-07-03,ETN,top100,41.67752105256477,38.785271367559275,46.928715430974876,51.42088009078303,0,64,5,70,-0.00227725459706396,-0.004930217865024011,0.04691059046292567,0.13936509761242988,-0.04918784505998963,-0.1442953154774539,-0.07488879227851175,-0.20400026401935423
2017-07-03,DHR,top100,40.70419229227111,44.61917910682039,23.093039693670832,48.521589787626716,3,65,5,70,0.028506119752298442,0.17616544047659044,0.04691059046292567,0.13936509761242988,-0.01840447071062723,0.03680034286416056,-0.04410541792914935,-0.022904605677739776
2017-07-03,PEP,top100,40.25898068889563,40.854477158662974,31.43616843651907,53.73612990527739,1,66,5,70,-0.048132175602085714,-0.02842261044501737,0.04691059046292567,0.13936509761242988,-0.09504276606501139,-0.16778770805744725,-0.1207437132835335,-0.2274926565993476
2017-07-03,ABT,top100,39.18037212058078,44.92920816607315,12.375080700817026,52.549102641661634,3,67,5,70,0.10812907493379176,0.273589930034557,0.04691059046292567,0.13936509761242988,0.061218484470866086,0.13422483242212713,0.03551753725234397,0.07451988388022679
2017-07-03,MDT,top100,36.21803462823099,29.030152557664668,53.97037258210612,51.028533214444934,0,68,5,70,-0.11132894814439764,-0.009808420080578917,0.04691059046292567,0.13936509761242988,-0.15823953860732332,-0.1491735176930088,-0.18394048582584543,-0.20887846623490913
2017-07-03,MDLZ,top100,32.86218092671358,31.88838735478904,21.706098755537745,61.990900272537,1,69,5,70,-0.043423355370328265,-0.03497568049913369,0.04691059046292567,0.13936509761242988,-0.09033394583325394,-0.17434077811156357,-0.11603489305177606,-0.2340457266534639
2017-07-03,VZ,top100,22.33774381589503,6.649129655588478,55.69706026403081,65.4394100417693,2,70,5,70,0.11127340961771948,0.1829942234813644,0.04691059046292567,0.13936509761242988,0.0643628191547938,0.043629125868934526,0.038661871936271686,-0.01607582267296581
2017-10-02,META,top100,79.08045136244682,88.95062223665745,56.14468408963707,55.860789788591944,0,1,1,70,0.0705134920842787,-0.059833994861745676,0.07063959964843547,0.17661261158248043,-0.00012610756415676327,-0.2364466064442261,-0.010653780696712675,-0.28306648288651415
2017-10-02,AMAT,top100,74.58570429951416,86.75046989520482,53.75684551341351,31.09006270188108,0,2,1,70,0.02016762315440146,-0.24398786687381768,0.07063959964843547,0.17661261158248043,-0.05047197649403401,-0.4206004784562981,-0.06099964962658992,-0.46722035489858615
2017-10-02,LRCX,top100,74.08955432741615,83.72486552472296,52.04706474017297,50.72735512075495,0,3,1,70,0.0207363367217821,-0.17308938117927697,0.07063959964843547,0.17661261158248043,-0.04990326292665337,-0.3497019927617574,-0.06043093605920928,-0.39632186920404544
2017-10-02,ADBE,top100,71.97462153430135,83.79220538425713,35.798533104268536,61.60371144467666,0,4,1,70,0.20116263350006758,0.83858320940922,0.07063959964843547,0.17661261158248043,0.1305230338516321,0.6619705978267396,0.1199953607190762,0.6153507213844516
2017-10-02,NVDA,top100,70.96909550080412,89.8040609643543,9.650510990705257,61.76150627615065,2,5,1,70,0.11444419289110264,0.6044147611501021,0.07063959964843547,0.17661261158248043,0.04380459324266717,0.42780214956762164,0.033276920110111255,0.3811822731253336
2017-10-02,SPGI,top100,70.86812825215719,81.49110818634723,44.097568091219436,50.04838903470246,0,6,1,70,0.06996600918144469,0.2614568241036901,0.07063959964843547,0.17661261158248043,-0.0006735904669907811,0.08484421252120966,-0.011201263599546693,0.038224336078921645
2017-10-02,BX,top100,68.76040863265354,68.82088368200343,72.47283742359107,60.91222570532916,0,7,1,70,-0.001536300011817704,0.24616690958589915,0.07063959964843547,0.17661261158248043,-0.07217589966025317,0.06955429800341872,-0.08270357279280909,0.022934421561130708
2017-10-02,TXN,top100,68.56176369515295,80.1859689510427,47.00411509037781,30.307624113475157,0,8,1,70,0.1851158206012813,0.2384868679509431,0.07063959964843547,0.17661261158248043,0.11447622095284582,0.061874256368462666,0.10394854782028991,0.01525437992617465
2017-10-02,MA,top100,67.44990392204676,86.11903720407659,10.10021302574494,51.465352740441546,1,9,1,70,0.072806513708501,0.5770987222813415,0.07063959964843547,0.17661261158248043,0.002166914060065528,0.4004861106988611,-0.008360759072490384,0.35386623425657304
2017-10-02,INTU,top100,66.74945973868965,80.10017787741862,25.502455838949828,55.788440567066516,0,10,1,70,0.12286250909650898,0.6209284629390859,0.07063959964843547,0.17661261158248043,0.05222290944807351,0.44431585135660545,0.041695236315517595,0.3976959749143174
2017-10-02,AMGN,top100,65.59645787707862,67.83881250814875,63.98993069321469,53.11302982731554,0,11,1,70,-0.04787184495665797,0.14196268050955552,0.07063959964843547,0.17661261158248043,-0.11851144460509344,-0.03464993107292491,-0.12903911773764937,-0.08126980751521293
2017-10-02,SBUX,top100,63.91922766374424,64.05590344987557,64.68644785110318,61.42805678610706,0,12,1,70,0.07666453011295049,0.05695312340749359,0.07063959964843547,0.17661261158248043,0.0060249304645150215,-0.11965948817498684,-0.0045027426680408905,-0.16627936461727486
2017-10-02,MSFT,top100,63.23357034516991,73.6603235635762,32.066538918990354,52.58036066868501,0,13,1,70,0.15777635956036584,0.5711752715288594,0.07063959964843547,0.17661261158248043,0.08713675991193037,0.39456265994637896,0.07660908677937446,0.3479427835040909
2017-10-02,ANET,top100,62.687629231692014,79.18873676173607,10.3236242094197,51.90788656592839,2,14,1,70,0.213201253581361,0.34511296515682366,0.07063959964843547,0.17661261158248043,0.14256165393292553,0.16850035357434323,0.1320339808003696,0.12188047713205521
2017-10-02,AAPL,top100,61.051927405698805,64.71085083112754,47.523750789245696,62.495816660603836,1,15,2,70,0.12397959468746667,0.513208696283797,0.07063959964843547,0.17661261158248043,0.053339995039031196,0.3365960847013165,0.042812321906475284,0.2899762082590285
2017-10-02,REGN,top100,61.02346976505096,62.17879007867289,52.53251814653295,69.91813080673349,0,16,2,70,-0.17229128227346902,-0.13341538574423795,0.07063959964843547,0.17661261158248043,-0.24293088192190448,-0.3100279973267184,-0.2534585550544604,-0.3566478737690064
2017-10-02,KLAC,top100,60.34933978506992,63.78150368008501,54.27747309222795,48.46792590564833,1,17,2,70,0.01713632901751705,-0.01382874551191382,0.07063959964843547,0.17661261158248043,-0.05350327063091842,-0.19044135709439425,-0.06403094376347433,-0.23706123353668226
2017-10-02,SCHW,top100,60.11322556239547,68.09985797065447,47.017639570831065,30.397970687711393,0,18,2,70,0.17014232934688267,0.14103381442137586,0.07063959964843547,0.17661261158248043,0.0995027296984472,-0.03557879716110457,0.08897505656589129,-0.08219867360339259
2017-10-02,CB,top100,60.030067809892856,60.817636943368015,59.60122619697088,55.3747671014107,0,19,2,70,-0.017152032057964672,-0.06237392610364767,0.07063959964843547,0.17661261158248043,-0.08779163170640014,-0.2389865376861281,-0.09831930483895605,-0.28560641412841614
2017-10-02,GOOGL,top100,59.039746484994424,71.2640213154597,21.69577698486117,48.15776167200406,1,20,2,70,0.1092961861532844,0.2482454218187511,0.07063959964843547,0.17661261158248043,0.03865658650484893,0.07163281023627066,0.02812891337229302,0.025012933793982645
2017-10-02,MS,top100,58.878845663252804,58.01282995849698,66.76762411511939,49.16339869281046,0,21,2,70,0.07208063095099093,-0.02760145212139231,0.07063959964843547,0.17661261158248043,0.0014410313025554622,-0.20421406370387274,-0.00908664183000045,-0.2508339401461608
2017-10-02,BAC,top100,58.82990814199748,58.954811369445245,67.11002649832437,41.39534883720931,0,22,2,70,0.17202879883112887,0.17423965702860644,0.07063959964843547,0.17661261158248043,0.1013891991826934,-0.002372954553873985,0.09086152605013749,-0.048992830996162
2017-10-02,ADP,top100,58.73103411110726,66.3269663143835,26.786595304171623,69.44838630204484,1,23,2,70,0.06681125582321767,0.4173717232297973,0.07063959964843547,0.17661261158248043,-0.003828343825217795,0.2407591116473169,-0.014356016957773707,0.19413923520502888
2017-10-02,CMCSA,top100,57.46337228196322,58.121319239948846,55.164383360498064,57.455721418994145,0,24,2,70,0.09046471427854175,-0.03600298381138878,0.07063959964843547,0.17661261158248043,0.019825114630106278,-0.2126155953938692,0.009297441497550366,-0.25923547183615725
2017-10-02,ACN,top100,57.27628468966825,65.71790009496911,29.518376576655946,53.70079307858686,1,25,2,70,0.14685484727164377,0.3021988842045422,0.07063959964843547,0.17661261158248043,0.0762152476232083,0.1255862726220618,0.06568757449065239,0.07896639617977377
2017-10-02,ICE,top100,57.11338558599541,64.72156925068526,44.06770600908168,29.94745908699396,0,26,2,70,0.01033870220891342,0.09310478907143693,0.07063959964843547,0.17661261158248043,-0.06030089743952205,-0.0835078225110435,-0.07082857057207796,-0.1301276989533315
2017-10-02,FISV,top100,57.108871385912714,70.54472870029134,23.413671203911726,30.448270549264308,1,27,2,70,0.0114844416854194,0.2702723675021339,0.07063959964843547,0.17661261158248043,-0.05915515796301607,0.09365975591965348,-0.06968283109557198,0.04703987947736546
2017-10-02,AMZN,top100,57.08162463216733,63.32631029978916,27.80855956590441,71.91495509134045,1,28,2,70,0.23959799414088967,1.0551819764593042,0.07063959964843547,0.17661261158248043,0.1689583944924542,0.8785693648768238,0.15843072135989827,0.8319494884345358
2017-10-02,GS,top100,57.038937384273396,60.45883862015264,57.905820141975184,31.365863217715066,0,29,3,70,0.06575249273137351,-0.04850612754931838,0.07063959964843547,0.17661261158248043,-0.004887106917061956,-0.2251187391317988,-0.015414780049617868,-0.27173861557408685
2017-10-02,TMUS,top100,57.02146079179106,59.473295628566646,48.334378576722415,57.23278136449927,0,30,3,70,0.04096174624232396,0.13328979580672073,0.07063959964843547,0.17661261158248043,-0.02967785340611151,-0.04332281577575969,-0.04020552653866742,-0.08994269221804771
2017-10-02,ORCL,top100,56.47416218936519,60.140680542493975,39.21132328972291,65.33421151674824,1,31,3,70,-0.040697374891693894,0.04576961805962099,0.07063959964843547,0.17661261158248043,-0.11133697454012936,-0.13084299352285944,-0.12186464767268528,-0.17746286996514746
2017-10-02,UNH,top100,56.15211081635989,62.63498252470727,35.38439936566671,52.3074317593146,1,32,3,70,0.12391958334040676,0.38942943463292634,0.07063959964843547,0.17661261158248043,0.05327998369197129,0.2128168230504459,0.04275231055941538,0.1661969466081579
2017-10-02,SYK,top100,55.472127968368014,63.974193501932426,25.369935979325433,56.1620532115023,0,33,3,70,0.1036045109039041,0.2502494782592046,0.07063959964843547,0.17661261158248043,0.03296491125546863,0.0736368666767242,0.02243723812291272,0.027016990234436183
2017-10-02,JPM,top100,55.3990809435724,60.58901289990596,50.39257137661393,29.08257638315441,1,34,3,70,0.12124192004615253,0.20247020414585215,0.07063959964843547,0.17661261158248043,0.05060232039771706,0.025857592563371723,0.04007464726516115,-0.020762283878916293
2017-10-02,DIS,top100,54.912199112095976,48.49947526547247,77.75468775237508,54.116288757902254,0,35,3,70,0.12857373797066818,0.19727515360181402,0.07063959964843547,0.17661261158248043,0.05793413832223271,0.020662542019333596,0.0474064651896768,-0.02595733442295442
2017-10-02,PGR,top100,54.79582535994785,60.483720114497814,37.46083703530512,49.650538727383605,1,36,3,70,0.12910711878563297,0.47801298842037654,0.07063959964843547,0.17661261158248043,0.0584675191371975,0.3014003768378961,0.04793984600464159,0.25478050039560807
2017-10-02,ABBV,top100,54.18800656646447,61.03242514786044,42.21082189012694,30.231445849367788,1,37,3,70,0.09632109171182002,0.07914589604655808,0.07063959964843547,0.17661261158248043,0.025681492063384548,-0.09746671553592234,0.015153818930828636,-0.14408659197821036
2017-10-02,INTC,top100,53.40528430742687,56.04570423591015,56.23854676005462,29.255819902788467,0,38,3,70,0.20716495604773333,0.26261479153366385,0.07063959964843547,0.17661261158248043,0.13652535639929786,0.08600217995118342,0.12599768326674193,0.039382303508895405
2017-10-02,LOW,top100,53.36991485678663,49.667677561754985,66.682268035182,52.66086956521737,1,39,3,70,0.1398636112701548,0.41974312528463154,0.07063959964843547,0.17661261158248043,0.06922401162171932,0.2431305137021511,0.058696338489163405,0.1965106372598631
2017-10-02,ADI,top100,53.10501471977787,65.12402944685189,12.43017928725607,50.321582495303346,1,40,3,70,0.05752464078795705,0.09708422482431756,0.07063959964843547,0.17661261158248043,-0.01311495886047842,-0.07952838675816287,-0.023642631993034333,-0.1261482632004509
2017-10-02,LLY,top100,52.0424866729063,60.50742253125971,33.509793988517394,29.853321033210342,1,41,3,70,-0.013146071418675298,0.28331413476471523,0.07063959964843547,0.17661261158248043,-0.08378567106711077,0.1067015231822348,-0.09431334419966668,0.06008164673994679
2017-10-02,CSCO,top100,50.926543633121476,53.10898071378811,46.294638268505054,44.913294797687875,1,42,3,70,0.16135603925011943,0.499075742871667,0.07063959964843547,0.17661261158248043,0.09071643960168396,0.3224631312891866,0.08018876646912805,0.27584325484689853
2017-10-02,HON,top100,50.823739803059105,56.6316350758737,31.400947829023686,49.014056841427745,1,43,4,70,0.08296918762524208,0.20025330844127254,0.07063959964843547,0.17661261158248043,0.01232958797680661,0.02364069685879211,0.0018019148442506988,-0.022979179583495907
2017-10-02,RTX,top100,50.50489246276358,49.10660507175658,50.373570180461954,60.555548764415775,1,44,4,70,0.09651116338205123,0.23034245201544246,0.07063959964843547,0.17661261158248043,0.025871563733615766,0.05372984043296203,0.015343890601059854,0.007109963990674012
2017-10-02,GILD,top100,49.49770315478042,38.90962839640563,83.6171497584541,55.37533325605657,2,45,4,70,-0.10672119851372697,-0.02974194633195848,0.07063959964843547,0.17661261158248043,-0.17736079816216244,-0.2063545579144389,-0.18788847129471836,-0.25297443435672695
2017-10-02,MCD,top100,49.25105176426206,56.051303890081684,22.63233631411245,54.88671778382388,1,46,4,70,0.11017225081813042,0.07880066948324749,0.07063959964843547,0.17661261158248043,0.039532651169694955,-0.09781194209923294,0.029004978037139043,-0.14443181854152096
2017-10-02,UNP,top100,48.80383727475355,52.219438039022975,35.32294832826748,51.85640981783975,1,47,4,70,0.1846641797350277,0.4459483151953494,0.07063959964843547,0.17661261158248043,0.11402458008659222,0.26933570361286896,0.10349690695403631,0.22271582717058094
2017-10-02,PG,top100,48.01626852271264,49.34027716166581,39.82710012774767,55.126544839970435,0,48,4,70,-0.004802243821376617,-0.049612089114775326,0.07063959964843547,0.17661261158248043,-0.07544184346981209,-0.22622470069725575,-0.085969516602368,-0.2728445771395438
2017-10-02,HD,top100,47.72085346508426,53.49949519535528,36.71600370027752,29.28006088280059,1,49,4,70,0.15219259160130028,0.2753711346790799,0.07063959964843547,0.17661261158248043,0.0815529919528648,0.0987585230965995,0.0710253188203089,0.05213864665431148
2017-10-02,C,top100,47.3615372693341,46.92067366604151,57.963525835866264,29.24360535931791,0,50,4,70,0.01192017815248092,-0.008096690705692522,0.07063959964843547,0.17661261158248043,-0.05871942149595455,-0.18470930228817295,-0.06924709462851046,-0.23132917873046097
2017-10-02,TMO,top100,47.05201863326415,54.85338035242719,17.3527781448688,51.840967575913545,1,51,4,70,0.0083079919171265,0.2974236509071311,0.07063959964843547,0.17661261158248043,-0.06233160773130897,0.12081103932465065,-0.07285928086386488,0.07419116288236263
2017-10-02,MU,top100,46.98538637423161,53.19920136459264,33.337975794613165,30.78350260094129,0,52,4,70,0.09147716787303417,0.14371578256679451,0.07063959964843547,0.17661261158248043,0.0208375682245987,-0.03289682901568591,0.01030989509204279,-0.07951670545797393
2017-10-02,BMY,top100,46.894421187070755,46.75517463334803,55.989383727589086,29.679221982093225,0,53,4,70,-0.04458312081845739,-0.0014701029072036187,0.07063959964843547,0.17661261158248043,-0.11522272046689286,-0.17808271448968405,-0.12575039359944878,-0.22470259093197206
2017-10-02,COST,top100,46.537993803495226,49.84817801011307,28.782542619267875,58.877606725625085,0,54,4,70,0.13857852297227402,0.4405361496371516,0.07063959964843547,0.17661261158248043,0.06793892332383855,0.26392353805467117,0.05741125019128264,0.21730366161238315
2017-10-02,PM,top100,46.534111372725405,48.352504273352615,33.17374051069703,60.52610279239173,1,55,4,70,-0.04903472296464684,-0.20902285042285373,0.07063959964843547,0.17661261158248043,-0.1196743226130823,-0.38563546200533416,-0.13020199574563823,-0.4322553384476222
2017-10-02,ETN,top100,44.805251525626275,40.70429119950378,52.05082559145093,59.02082567683446,0,56,4,70,0.02456594980756699,0.16125026129083841,0.07063959964843547,0.17661261158248043,-0.04607364984086848,-0.015362350291642013,-0.05660132297342439,-0.06198222673393003
2017-10-02,BSX,top100,44.13692519606087,56.30423210418674,9.119813615650804,29.0,1,57,5,70,-0.14217848659653876,0.3247370206990159,0.07063959964843547,0.17661261158248043,-0.21281808624497422,0.14812440911653546,-0.22334575937753015,0.10150453267424744
2017-10-02,WMT,top100,43.63930692355884,37.898849029980454,56.73296330558125,57.63519941456274,1,58,5,70,0.26335067253531963,0.24143116571323042,0.07063959964843547,0.17661261158248043,0.19271107288688416,0.06481855413075,0.18218339975432823,0.01819867768846198
2017-10-02,TJX,top100,43.5957951306708,34.673747818320734,69.0119561546481,55.217804269166706,0,59,5,70,0.049632477735741976,0.5304293622825262,0.07063959964843547,0.17661261158248043,-0.021007121912693494,0.3538167507000458,-0.031534795045249406,0.30719687425775777
2017-10-02,LMT,top100,42.5815492633692,45.29093192903522,29.87342701496263,49.03211510052028,2,60,5,70,0.029578069627189896,0.14884333597078858,0.07063959964843547,0.17661261158248043,-0.041061530021245574,-0.027769275611691846,-0.051589203153801486,-0.07438915205397986
2017-10-02,ABT,top100,42.05634736980146,49.308820091790615,11.157070907302174,53.087591240875895,3,61,5,70,0.10055171990010225,0.401287346433572,0.07063959964843547,0.17661261158248043,0.029912120251666785,0.22467473485109157,0.019384447119110873,0.17805485840880356
2017-10-02,PEP,top100,40.838978620452885,38.14243334354258,40.26034095414299,60.87207089144485,1,62,5,70,0.08943372850063147,0.028392527451170713,0.07063959964843547,0.17661261158248043,0.018794128852196,-0.14822008413130972,0.00826645571964009,-0.19483996057359773
2017-10-02,DHR,top100,40.678563316191415,45.17588314453948,18.40755913836395,53.739332873409886,3,63,5,70,0.07002434765567056,0.26725260726782296,0.07063959964843547,0.17661261158248043,-0.0006152519927649092,0.09063999568534253,-0.011142925125320821,0.04402011924305452
2017-10-02,QCOM,top100,39.059985382368154,27.067064441411674,60.64552956551107,79.83934360277766,1,64,5,70,0.26734875444839856,0.4662578029286506,0.07063959964843547,0.17661261158248043,0.1967091547999631,0.28964519134617017,0.18618148166740717,0.24302531490388216
2017-10-02,MDT,top100,37.01393442227638,24.354726969606027,70.80642923219241,58.04339697113675,0,65,5,70,0.05925826412504609,0.2907330764088629,0.07063959964843547,0.17661261158248043,-0.01138133552338938,0.1141204648263825,-0.021909008655945292,0.06750058838409448
2017-10-02,MDLZ,top100,33.375833905962274,32.097546875727275,28.109591354272204,52.856328220987415,1,66,5,70,0.03714811019350184,0.07511905479534642,0.07063959964843547,0.17661261158248043,-0.03349148945493363,-0.10149355678713401,-0.044019162587489544,-0.14811343322942203
2017-10-02,IBM,top100,33.100781565617496,14.67054103588588,82.64946649015917,63.015095424655456,1,67,5,70,0.0622646602405168,0.09279564614279878,0.07063959964843547,0.17661261158248043,-0.008374939407918669,-0.08381696543968165,-0.01890261254047458,-0.13043684188196966
2017-10-02,CVX,top100,31.39269324124248,36.994198218242765,16.164444711270306,22.63865546218487,1,68,5,70,0.09660511852883458,0.10278239513604981,0.07063959964843547,0.17661261158248043,0.025965518880399108,-0.07383021644643062,0.015437845747843196,-0.12045009288871864
2017-10-02,CAT,top100,23.775507512272604,22.5319656033367,24.85456675095898,30.322182397451208,4,69,5,70,0.2666514598540146,0.26858936193245064,0.07063959964843547,0.17661261158248043,0.19601186020557915,0.09197675034997022,0.18548418707302322,0.0453568739076822
2017-10-02,VZ,top100,22.032755094390524,7.784708662401414,52.94100480155059,59.952580703994144,1,70,5,70,0.09749265808703034,0.1558935612995931,0.07063959964843547,0.17661261158248043,0.026853058438594868,-0.02071905028288734,0.016325385306038956,-0.06733892672517536
2018-01-02,LRCX,top100,81.06356915931677,86.0616659455313,65.75586114107048,76.69230769230768,0,1,1,74,0.026833695149293568,-0.2893282085957982,-0.03820697482520974,-0.07412028515691371,0.0650406699745033,-0.2152079234388845,0.036169689709594346,-0.2528967393426345
2018-01-02,META,top100,79.62673899600402,89.26154601412334,59.68232734985568,52.071913161465424,0,2,1,74,-0.14347920131538638,-0.2738395702418863,-0.03820697482520974,-0.07412028515691371,-0.10527222649017665,-0.1997192850849726,-0.1341432067550856,-0.23740810098872261
2018-01-02,AMAT,top100,77.61966095084033,83.22337497719437,59.42439182490658,74.7842010182296,0,3,1,74,-0.0010132069138421018,-0.39576607973876254,-0.03820697482520974,-0.07412028515691371,0.03719376791136764,-0.32164579458184883,0.008322787646458678,-0.35933461048559884
2018-01-02,KLAC,top100,77.27137823468094,82.82094049700558,64.73025677898704,63.50668530979637,0,4,1,74,-0.001893351874632243,-0.16926779697277639,-0.03820697482520974,-0.07412028515691371,0.036313622950577495,-0.09514751181586267,0.007442642685668537,-0.13283632771961268
2018-01-02,BKNG,top100,74.73314680811528,79.71369106197078,64.11474164133739,61.1061473646826,0,5,1,74,0.13789551835273817,-0.06814953415416058,-0.03820697482520974,-0.07412028515691371,0.1761024931779479,0.005970751002753127,0.14723151291303896,-0.031718064900996885
2018-01-02,NVDA,top100,73.33982864450456,91.92241493446313,11.633711366038064,66.67395917172755,2,6,1,74,0.10955815134586078,-0.3561604875571357,-0.03820697482520974,-0.07412028515691371,0.14776512617107052,-0.282040202400222,0.11889414590616156,-0.319729018303972
2018-01-02,ANET,top100,71.24578495952022,88.26458206224694,16.851646462307706,60.9024822348581,2,7,1,74,0.09730321204482184,-0.13604443397925114,-0.03820697482520974,-0.07412028515691371,0.13551018687003158,-0.06192414882233743,0.10663920660512262,-0.09961296472608744
2018-01-02,ADBE,top100,70.06061765624962,84.51777428053667,25.39003006830735,58.2016964621249,1,8,1,74,0.19459763646595385,0.2138435565559933,-0.03820697482520974,-0.07412028515691371,0.2328046112911636,0.287963841712907,0.20393363102625464,0.250275025809157
2018-01-02,BX,top100,68.98839704976506,66.82806335799754,79.21973955738989,63.648047876888,0,9,1,74,-0.0073996142381203,-0.03353498158863755,-0.03820697482520974,-0.07412028515691371,0.03080736058708944,0.040585303568276165,0.00193638032218048,0.0028964876645261525
2018-01-02,MA,top100,67.5101610651772,85.84593272830759,10.81829813212792,52.543485289363076,1,10,1,74,0.13139522255786074,0.19915208806441864,-0.03820697482520974,-0.07412028515691371,0.16960219738307047,0.27327237322133235,0.14073121711816153,0.23558355731758235
2018-01-02,TXN,top100,67.34050735999281,81.90081727157867,35.50233683040821,29.094679038060995,0,11,1,74,-0.041327793227232346,-0.13624731342222085,-0.03820697482520974,-0.07412028515691371,-0.003120818402022607,-0.06212702826530714,-0.03199179866693157,-0.09981584416905714
2018-01-02,INTU,top100,66.72506938983312,81.4346703683432,22.419164188210175,52.36967294350843,0,12,1,74,0.07286085201534465,0.19818641180338292,-0.03820697482520974,-0.07412028515691371,0.11106782684055438,0.27230669696029663,0.08219684657564542,0.23461788105654663
2018-01-02,SPGI,top100,66.6410206851649,78.16583883966817,31.706466105059107,55.836402763853734,0,13,1,74,0.11306275869328264,-0.012024759854537548,-0.03820697482520974,-0.07412028515691371,0.15126973351849238,0.062095525302376164,0.12239875325358342,0.02440670939862615
2018-01-02,MSFT,top100,66.27080125178117,78.93498316365041,28.810136614700788,52.54285714285714,1,14,1,74,0.03473877176901907,0.15283506467053676,-0.03820697482520974,-0.07412028515691371,0.07294574659422881,0.22695534982745047,0.04407476632931985,0.18926653392370046
2018-01-02,GILD,top100,63.63398418793642,57.31139580412962,83.47316185682692,68.21374753680306,1,15,1,74,-0.005969967465061288,-0.09151120453090078,-0.03820697482520974,-0.07412028515691371,0.03223700736014845,-0.017390919373987068,0.0033660270952394922,-0.05507973527773708
2018-01-02,ISRG,top100,63.23042474584846,78.53530583191494,9.421389351897247,63.71432793128553,2,16,2,74,0.06832806617669984,0.1998404263398872,-0.03820697482520974,-0.07412028515691371,0.10653504100190958,0.2739607114968009,0.07766406073700062,0.2362718955930509
2018-01-02,MU,top100,62.49824283672851,63.1554631349688,54.47966486889861,73.93485668470635,0,17,2,74,0.1463265718271094,-0.29012873319212296,-0.03820697482520974,-0.07412028515691371,0.18453354665231914,-0.21600844803520924,0.1556625663874102,-0.25369726393895925
2018-01-02,BMY,top100,62.43480964330073,61.1072203166353,66.55218104171433,63.4931921331316,0,18,2,74,0.01788798420922766,-0.23832626785994648,-0.03820697482520974,-0.07412028515691371,0.0560949590344374,-0.16420598270303277,0.027223978769528437,-0.20189479860678278
2018-01-02,AMGN,top100,62.36843259846421,60.50749730541061,72.68758647361942,54.756671899529024,0,19,2,74,-0.05477241298143409,0.09905772795480616,-0.03820697482520974,-0.07412028515691371,-0.016565438156224355,0.17317801311171988,-0.045436418421133315,0.13548919720796987
2018-01-02,AAPL,top100,61.390607851492064,68.63279787326489,39.45043631728601,54.57562076749436,1,20,2,74,-0.028447221642258547,-0.16217029061154686,-0.03820697482520974,-0.07412028515691371,0.009759753182951192,-0.08805000545463315,-0.01911122708195777,-0.12573882135838316
2018-01-02,SCHW,top100,60.85004996033874,70.08933661461298,32.38121216844621,53.112718964204134,0,21,2,74,-0.01813463566624207,-0.20133209051563805,-0.03820697482520974,-0.07412028515691371,0.020072339158967667,-0.12721180535872434,-0.008798641105941292,-0.16490062126247435
2018-01-02,SBUX,top100,60.318835109821734,61.1098910198401,56.54877387499744,62.32156620934175,0,22,2,74,-0.018825336054021036,0.09242484801312667,-0.03820697482520974,-0.07412028515691371,0.019381638771188703,0.16654513317004038,-0.009489341493720256,0.12885631726629038
2018-01-02,GOOGL,top100,60.107749122954594,73.52917504389372,17.464348356592694,51.444569209104564,1,23,2,74,-0.05644656069924203,-0.04448336647558915,-0.03820697482520974,-0.07412028515691371,-0.018239585874032294,0.029636918681324564,-0.047110566138941254,-0.008051897222425448
2018-01-02,TMUS,top100,58.97173468775271,61.19287390868561,53.6569016340898,54.05342624854818,0,24,2,74,-0.06901835453016603,0.015303105949127538,-0.03820697482520974,-0.07412028515691371,-0.030811379704956288,0.08942339110604125,-0.05968235996986525,0.05173457520229124
2018-01-02,MS,top100,58.114445053140834,56.26326081486932,65.35357739062006,56.59447004608296,0,25,2,74,0.014572142874823557,-0.22286195202851555,-0.03820697482520974,-0.07412028515691371,0.052779117700033296,-0.14874166687160184,0.023908137435124335,-0.18643048277535185
2018-01-02,REGN,top100,58.004659414652494,54.882022709621765,60.61215151812269,74.64813214292717,0,26,2,74,-0.13601670398627208,-0.0274961987825022,-0.03820697482520974,-0.07412028515691371,-0.09780972916106234,0.04662408637441151,-0.1266807094259713,0.008935270470661498
2018-01-02,VRTX,top100,57.599410773362635,67.57537911928671,22.576995566014094,57.812462766591224,2,27,2,74,0.02223530181152311,0.07076057811784708,-0.03820697482520974,-0.07412028515691371,0.06044227663673285,0.1448808632747608,0.03157129637182389,0.10719204737101079
2018-01-02,GS,top100,57.27893985421525,58.00902033419733,56.39498130959497,53.936293583581296,0,28,2,74,-0.029826016089995577,-0.32786408599136174,-0.03820697482520974,-0.07412028515691371,0.008380958735214161,-0.25374380083444803,-0.0204900215296948,-0.29143261673819804
2018-01-02,JPM,top100,56.993443822727386,61.02110037521787,46.423148364637726,49.94043887147335,1,29,2,74,0.004278731465456653,-0.07233383226530721,-0.03820697482520974,-0.07412028515691371,0.04248570629066639,0.0017864528916065048,0.013614726025757433,-0.03590236301214351
2018-01-02,BAC,top100,56.817150474562396,57.14199041549681,59.15588548567271,49.86580086580088,0,30,2,74,-0.016054490951664335,-0.16349335881274674,-0.03820697482520974,-0.07412028515691371,0.022152483873545403,-0.08937307365583302,-0.006718496391363555,-0.12706188955958303
2018-01-02,ACN,top100,56.396825191737335,65.80321967603051,24.26954984693488,54.80661449129008,1,31,3,74,-0.03809101469529863,-0.1014023394222815,-0.03820697482520974,-0.07412028515691371,0.00011596012991110793,-0.027282054265367783,-0.028755020134997852,-0.06497087016911779
2018-01-02,UNH,top100,55.922236309978175,62.340147948768006,32.34284951683716,58.15562842473143,1,32,3,74,-0.014654111406664505,0.08538656696905478,-0.03820697482520974,-0.07412028515691371,0.023552863418545233,0.1595068521259685,-0.005318116846363725,0.12181803622221848
2018-01-02,PGR,top100,55.44217340640756,61.87495194326643,32.965604135816896,55.365862189576774,1,33,3,74,0.10332574095879288,0.07417898184150573,-0.03820697482520974,-0.07412028515691371,0.14153271578400262,0.14829926699841944,0.11266173551909366,0.11061045109466944
2018-01-02,ICE,top100,55.07944968055981,57.06494040055088,46.86799782838159,57.60391834497875,0,34,3,74,0.02116046405787153,0.07250065871944944,-0.03820697482520974,-0.07412028515691371,0.05936743888308127,0.14662094387636315,0.03049645861817231,0.10893212797261315
2018-01-02,INTC,top100,54.89467888160849,58.265037037239246,44.38749441666394,52.31654072208227,0,35,3,74,0.051268230173097784,-0.026478245835282577,-0.03820697482520974,-0.07412028515691371,0.08947520499830752,0.047642039321631136,0.06060422473339856,0.009953223417881123
2018-01-02,ORCL,top100,54.77009844436975,55.93898876348262,48.57191881557016,58.9842254681788,1,36,3,74,-0.03098247044435376,-0.024232822573361235,-0.03820697482520974,-0.07412028515691371,0.007224504380855978,0.04988746258355248,-0.021646475884052982,0.012198646679802465
2018-01-02,LLY,top100,54.537007352293045,58.743356796393684,37.63323746336786,58.900101021438985,1,37,3,74,-0.09939350667062441,0.3475115856805535,-0.03820697482520974,-0.07412028515691371,-0.06118653184541467,0.4216318708374672,-0.09005751211032363,0.3839430549337172
2018-01-02,ADI,top100,54.408649883132554,64.58896876733169,17.534630301445674,56.89445685711245,1,38,3,74,-0.011831995769565729,-0.08764671726597817,-0.03820697482520974,-0.07412028515691371,0.02637497905564401,-0.013526432109064457,-0.0024960012092649485,-0.05121524801281447
2018-01-02,ABBV,top100,54.302404595971325,59.65676914068419,37.51706458988376,50.39253279515641,1,39,3,74,-0.06395644272490697,-0.08896555864870515,-0.03820697482520974,-0.07412028515691371,-0.02574946789969723,-0.014845273491791433,-0.05462044816460619,-0.052534089395541446
2018-01-02,CMCSA,top100,54.15197280283289,57.45911026000456,47.02139915678008,45.263157894736814,0,40,3,74,-0.183833613428796,-0.1374517780854626,-0.03820697482520974,-0.07412028515691371,-0.14562663860358627,-0.0633314929285489,-0.1744976188684952,-0.1010203088322989
2018-01-02,ADP,top100,54.003946610791715,63.69999312987761,22.323103572245643,49.49330705428267,1,41,3,74,-0.01781891279634229,0.1111413066027167,-0.03820697482520974,-0.07412028515691371,0.02038806202886745,0.18526159175963042,-0.00848291823604151,0.1475727758558804
2018-01-02,CRM,top100,53.78104504798425,64.39984248765766,14.628086268443164,57.75538052935249,2,42,3,74,0.10430031256576755,0.24892238859485705,-0.03820697482520974,-0.07412028515691371,0.1425072873909773,0.32304267375177076,0.11363630712606833,0.28535385784802075
2018-01-02,CB,top100,52.831454477365305,50.45115320236423,55.83625594263892,63.48396047182561,0,43,3,74,-0.05835622552699382,-0.10441518391527516,-0.03820697482520974,-0.07412028515691371,-0.020149250701784083,-0.030294898758361444,-0.04902023096669304,-0.06798371466211145
2018-01-02,AMZN,top100,52.65404563199304,62.69712360260119,17.319433599830525,53.021723902061126,1,44,3,74,0.1538927342915537,0.26178921960286283,-0.03820697482520974,-0.07412028515691371,0.19209970911676344,0.33590950475977654,0.1632287288518545,0.29822068885602654
2018-01-02,DIS,top100,51.88612781144042,49.639650706598914,61.98815788040221,47.4074074074074,0,45,4,74,-0.11753155094823586,-0.03384564889087882,-0.03820697482520974,-0.07412028515691371,-0.07932457612302612,0.04027463626603489,-0.10819555638793509,0.0025858203622848783
2018-01-02,LOW,top100,51.38446763642179,47.16723015319464,65.27396476778769,53.12613575628005,1,46,4,74,-0.07318213701192411,0.013521082611566815,-0.03820697482520974,-0.07412028515691371,-0.03497516218671437,0.08764136776848053,-0.06384614245162333,0.049952551864730514
2018-01-02,SYK,top100,50.84808310718104,59.83306057582545,18.63126559248728,52.38687585605777,0,47,4,74,-0.0075072657674788434,-0.02299299654962783,-0.03820697482520974,-0.07412028515691371,0.030699709057730895,0.05112728860728588,0.0018287287928219365,0.013438472703535868
2018-01-02,CSCO,top100,50.36405044658371,53.52399060385646,39.65286629408112,49.666837650679675,1,48,4,74,0.06319988592916337,0.09742445294080593,-0.03820697482520974,-0.07412028515691371,0.10140686075437311,0.17154473809771964,0.07253588048946415,0.13385592219396963
2018-01-02,HON,top100,50.34145259000206,55.46686121397337,31.165160527720587,52.81617634676594,1,49,4,74,-0.06888194447296114,-0.09895245173927503,-0.03820697482520974,-0.07412028515691371,-0.030674969647751404,-0.024832166582361315,-0.059545949912660365,-0.06252098248611132
2018-01-02,C,top100,49.77919454397632,45.455279825544395,60.73370482944951,58.1375770020534,0,50,4,74,-0.08573524451036352,-0.277507973649031,-0.03820697482520974,-0.07412028515691371,-0.04752826968515378,-0.2033876884921173,-0.07639924995006274,-0.2410765043958673
2018-01-02,ETN,top100,49.24179761755039,43.24259539574407,66.1335257717514,57.45275686179259,0,51,4,74,-0.006756685803608886,-0.14036474702182267,-0.03820697482520974,-0.07412028515691371,0.03145028902160085,-0.06624446186490895,0.002579308756691894,-0.10393327776865896
2018-01-02,COST,top100,49.06178980156469,54.748150867887546,25.59175191467573,56.19733811108267,1,52,4,74,-0.026980675278846178,0.07541897612254278,-0.03820697482520974,-0.07412028515691371,0.01122629954636356,0.1495392612794565,-0.0176446807185454,0.11185044537570649
2018-01-02,TMO,top100,48.89839982025403,56.23600553795561,19.08049264089072,57.17097415506957,1,53,4,74,0.0534803655370204,0.1027187240144587,-0.03820697482520974,-0.07412028515691371,0.09168734036223014,0.1768390091713724,0.06281636009732118,0.1391501932676224
2018-01-02,HD,top100,48.396083547388024,54.122507931351564,26.244757111263635,52.613765731892,2,54,4,74,-0.07522208283041187,-0.08301717202980485,-0.03820697482520974,-0.07412028515691371,-0.037015108005202135,-0.008896886872891141,-0.0658860882701111,-0.046585702776641154
2018-01-02,BSX,top100,48.236783457998264,53.85130416306667,19.373812973675708,66.66107949116459,0,55,4,74,0.061708860759493556,0.30181962025316444,-0.03820697482520974,-0.07412028515691371,0.0999158355847033,0.37593990541007816,0.07104485531979433,0.33825108950632815
2018-01-02,UNP,top100,48.20768032624893,54.568874796796784,25.15121308189256,49.79225352112675,1,56,4,74,-0.014555225786090031,-0.0021432538766237297,-0.03820697482520974,-0.07412028515691371,0.023651749039119707,0.07197703128028998,-0.005219231225789251,0.03428821537653997
2018-01-02,MDT,top100,48.177256681460406,41.675456783517895,66.88530812587092,56.27375307823701,0,57,4,74,-0.05208791746124897,0.057498716444183584,-0.03820697482520974,-0.07412028515691371,-0.013880942636039229,0.1316190016010973,-0.04275192290094819,0.09393018569734729
2018-01-02,PG,top100,48.078170200233096,48.29778841205993,47.102262204355554,48.49265870920037,0,58,4,74,-0.13965692430563192,0.03513131907266165,-0.03820697482520974,-0.07412028515691371,-0.10144994948042219,0.10925160422957536,-0.13032092974533113,0.07156278832582535
2018-01-02,MCD,top100,47.97004079372908,54.777948317570726,22.171018945212495,51.91273182387075,1,59,4,74,-0.08372177578561957,0.03526943845566066,-0.03820697482520974,-0.07412028515691371,-0.04551480096040983,0.10938972361257437,-0.07438578122531879,0.07170090770882437
2018-01-02,FISV,top100,47.73874157304555,53.03649172423238,26.308938240132477,53.51409718056392,2,60,5,74,0.08231683927886468,0.07571921749136945,-0.03820697482520974,-0.07412028515691371,0.12052381410407442,0.14983950264828316,0.09165283383916546,0.11215068674453316
2018-01-02,LMT,top100,47.57895207232656,51.880639130670176,30.145548038478715,52.33395073161695,3,61,5,74,0.05126510596434808,-0.16897468996613352,-0.03820697482520974,-0.07412028515691371,0.08947208078955782,-0.0948544048092198,0.06060110052464886,-0.1325432207129698
2018-01-02,PM,top100,45.085026275849934,45.40544357104412,38.51953078188494,55.97309619742069,0,62,5,74,-0.055540763225082945,-0.32814566303662873,-0.03820697482520974,-0.07412028515691371,-0.017333788399873207,-0.254025377879715,-0.04620476866478217,-0.291714193783465
2018-01-02,ABT,top100,44.409754195061375,54.92781821747168,14.608839646588446,30.385135135135137,2,63,5,74,-0.005130771869092499,0.14702562793628515,-0.03820697482520974,-0.07412028515691371,0.03307620295611724,0.22114591309319886,0.004205222691208281,0.18345709718944886
2018-01-02,DHR,top100,43.418076633109635,46.0043663950011,28.71681319519343,54.71657517570176,1,64,5,74,0.041307513752424585,0.06276447581799083,-0.03820697482520974,-0.07412028515691371,0.07951448857763432,0.13688476097490454,0.05064350831272536,0.09919594507115453
2018-01-02,CAT,top100,43.2453274907228,50.18254279153546,24.613366643651474,31.94874207917686,2,65,5,74,-0.07948368113739102,-0.2089434021005595,-0.03820697482520974,-0.07412028515691371,-0.04127670631218128,-0.1348231169436458,-0.07014768657709024,-0.1725119328473958
2018-01-02,TJX,top100,41.43107823678095,32.773964329050656,67.2191309605517,50.45477014335148,0,66,5,74,0.054835276616511885,0.17127939179058416,-0.03820697482520974,-0.07412028515691371,0.09304225144172162,0.24539967694749787,0.06417127117681266,0.20771086104374786
2018-01-02,PEP,top100,39.992655428466634,40.15894778843481,32.82518166269024,53.163556440242175,1,67,5,74,-0.08655616121590937,-0.0525605161727668,-0.03820697482520974,-0.07412028515691371,-0.04834918639069963,0.02155976898414691,-0.07722016665560859,-0.016129046919603103
2018-01-02,WMT,top100,39.38596950451796,39.51352708898355,32.59430390779052,52.076397606713655,1,68,5,74,-0.1270939561108888,-0.03576562309660125,-0.03820697482520974,-0.07412028515691371,-0.08888698128567907,0.03835466206031246,-0.11775796155058803,0.0006658461565624482
2018-01-02,RTX,top100,37.003841282805084,41.061313339912275,26.245969103724764,30.117281241215395,2,69,5,74,-0.031164539395212798,-0.1744367631207775,-0.03820697482520974,-0.07412028515691371,0.0070424354299969405,-0.10031647796386378,-0.02182854483491202,-0.1380052938676138
2018-01-02,CVX,top100,36.027094120984216,42.38082953770446,17.177312799908684,29.25050884609363,1,70,5,74,-0.11148058119844872,-0.11617254784144504,-0.03820697482520974,-0.07412028515691371,-0.07327360637323899,-0.04205226268453133,-0.10214458663814795,-0.07974107858828133
2018-01-02,IBM,top100,31.34156969249277,14.303531106412738,71.03193799615507,71.22710318772839,1,71,5,74,-0.01752053693803657,-0.2348966555180666,-0.03820697482520974,-0.07412028515691371,0.02068643788717317,-0.1607763703611529,-0.008184542377735788,-0.1984651862649029
2018-01-02,QCOM,top100,28.33418064260507,20.937942321000328,37.99895959298841,60.77829099307159,2,72,5,74,-0.16760938072413478,-0.11190581682384948,-0.03820697482520974,-0.07412028515691371,-0.12940240589892504,-0.03778553166693577,-0.158273386163834,-0.07547434757068577
2018-01-02,VZ,top100,21.264373644427984,10.917211385476197,45.74066357268141,44.74192960058362,1,73,5,74,-0.10896316207059875,0.1001058890608455,-0.03820697482520974,-0.07412028515691371,-0.07075618724538901,0.1742261742177592,-0.09962716751029797,0.1365373583140092
2018-01-02,MDLZ,top100,21.152231777820578,13.16081591575319,31.334921179636353,56.72676400866073,0,74,5,74,-0.03489341915984945,-0.04087705787477647,-0.03820697482520974,-0.07412028515691371,0.0033135556653602904,0.033243227282137244,-0.02555742459954867,-0.0044455886216127685
2018-04-02,META,top100,83.63085918143283,89.075707651376,71.58160524196019,69.61542777077581,0,1,1,66,0.2700949705038975,0.12105055074322935,0.060631658170999136,0.13224070588069403,0.2094633123328984,-0.011190155137464686,0.21352778997295677,-0.06560675210444925
2018-04-02,ADBE,top100,73.61203305542767,87.36944287857219,29.528159552442627,65.47791129938618,1,2,1,66,0.14593932541925758,0.27826455624646695,0.060631658170999136,0.13224070588069403,0.08530766724825845,0.14602385036577292,0.08937214488831682,0.09160725339878836
2018-04-02,TXN,top100,70.2931135863409,79.55060118120608,31.89250106456397,82.29192546583849,1,3,1,66,0.10187450804851506,0.12648151268323238,0.060631658170999136,0.13224070588069403,0.04124284987751592,-0.005759193197461654,0.04530732751757429,-0.06017579016444621
2018-04-02,MA,top100,69.7927161784635,87.41765877309142,11.89969604863222,62.20415827573069,1,4,1,66,0.15356350454841983,0.4020706483095433,0.060631658170999136,0.13224070588069403,0.09293184637742069,0.2698299424288493,0.09699632401747907,0.21541334546186472
2018-04-02,BKNG,top100,69.7600770424055,79.84869180371383,35.941184676152304,66.77755844575346,1,5,1,66,0.008410365492609762,-0.13162410569151684,0.060631658170999136,0.13224070588069403,-0.052221292678389375,-0.26386481157221087,-0.048156815038331004,-0.3182814085391954
2018-04-02,INTU,top100,68.67130699342594,82.39448531770275,25.222071714902427,59.50752928053544,0,6,1,66,0.21214314450180272,0.5928773654072468,0.060631658170999136,0.13224070588069403,0.15151148633080358,0.46063665952655275,0.15557596397086196,0.4062200625595682
2018-04-02,MSFT,top100,66.61512504604146,78.36963629647038,25.31439510741083,66.93500617030028,3,7,1,66,0.13469847737719132,0.3692040432672907,0.060631658170999136,0.13224070588069403,0.07406681920619218,0.2369633373865967,0.07813129684625056,0.18254674041961214
2018-04-02,BX,top100,66.13384945200767,64.00304675341755,71.13249839891839,71.05217044831707,0,8,1,66,0.0655384397964951,0.17326614612775582,0.060631658170999136,0.13224070588069403,0.0049067816254959595,0.041025440247061784,0.00897125926555433,-0.013391156719922775
2018-04-02,CMCSA,top100,66.0113428376198,57.45392836247462,93.9329765208581,70.06997679715936,1,9,1,66,0.0009993310928975152,0.22735991231675556,0.060631658170999136,0.13224070588069403,-0.05963232707810162,0.09511920643606153,-0.05556784943804325,0.04070260946907697
2018-04-02,SCHW,top100,65.94818361359664,71.03239183752382,43.37681526511314,75.5014627430735,0,10,1,66,0.019389933546969385,-0.11017119120734153,0.060631658170999136,0.13224070588069403,-0.04124172462402975,-0.24241189708803557,-0.03717724698397138,-0.2968284940550201
2018-04-02,AAPL,top100,65.86743954592777,70.06010792381502,50.460607462226335,67.33242506811987,1,11,1,66,0.1273181726314283,0.18174933930960746,0.060631658170999136,0.13224070588069403,0.06668651446042917,0.04950863342891343,0.07075099210048755,-0.004907963538071131
2018-04-02,SPGI,top100,65.50548485841148,79.08462478653978,20.603205666692283,60.25606374495179,2,12,1,66,0.0975323894852762,0.1546751594688338,0.060631658170999136,0.13224070588069403,0.03690073131427707,0.02243445358813978,0.04096520895433544,-0.03198214337884478
2018-04-02,KLAC,top100,65.30332793314913,69.3802722736286,44.15664508171446,79.05808325266217,2,13,1,66,-0.007823552107000475,0.19113044969348825,0.060631658170999136,0.13224070588069403,-0.06845521027799961,0.058889743812794215,-0.06439073263794123,0.004473146845809656
2018-04-02,ISRG,top100,64.29904790622622,78.28081532910308,11.704844133151258,71.61508349223816,2,14,1,66,0.21754097133877126,0.43675297463144513,0.060631658170999136,0.13224070588069403,0.15690931316777212,0.3045122687507511,0.1609737908078305,0.25009567178376657
2018-04-02,FISV,top100,64.17680914554816,70.59511355252477,44.04293863706444,59.51641931367939,0,15,2,66,0.05954068613552588,0.2727530479160758,0.060631658170999136,0.13224070588069403,-0.0010909720354732588,0.14051234203538177,0.0029735056045851124,0.0860957450683972
2018-04-02,VRTX,top100,64.14545551438304,72.81029782903866,29.13190314670426,73.51866404715128,2,16,2,66,0.08508732646663697,0.19704433497536944,0.060631658170999136,0.13224070588069403,0.024455668295637834,0.06480362909467541,0.028520145935696205,0.010387032127690848
2018-04-02,ICE,top100,63.48865601355802,62.30812153645269,68.04965154472734,62.630406290956756,0,17,2,66,0.040300813491256804,0.10249802178692868,0.060631658170999136,0.13224070588069403,-0.020330844679742333,-0.029742684093765348,-0.01626636703968396,-0.08415928106074991
2018-04-02,GOOGL,top100,63.355870506152,70.52889156771028,31.168340601735608,77.51978288407682,3,18,2,66,0.12786341350592068,0.19050211048703702,0.060631658170999136,0.13224070588069403,0.06723175533492154,0.05826140460634299,0.07129623297497992,0.003844807639358433
2018-04-02,UNP,top100,61.996030533793096,64.60239085076336,52.416174764694645,62.911219853198205,1,19,2,66,0.0803821110923133,0.30247355321880387,0.060631658170999136,0.13224070588069403,0.019750452921314166,0.17023284733810984,0.023814930561372537,0.11581625037112528
2018-04-02,ACN,top100,61.71397427860708,67.80139442341434,36.13568785516057,70.25860611184929,1,20,2,66,0.11278788377388715,0.2064769095365453,0.060631658170999136,0.13224070588069403,0.05215622560288802,0.07423620365585126,0.05622070324294639,0.019819606688866703
2018-04-02,UNH,top100,61.32147428219764,62.44990801610002,50.139017370747254,75.7873519677818,0,21,2,66,0.14344139244868925,0.1410262373903428,0.060631658170999136,0.13224070588069403,0.08280973427769012,0.00878553150964878,0.0868742119177485,-0.04563106545733578
2018-04-02,AMZN,top100,60.86991682398761,68.27513129976106,25.706165354928075,79.36091843169254,1,22,2,66,0.24911989154439884,0.32215249382284106,0.060631658170999136,0.13224070588069403,0.1884882333733997,0.18991178794214703,0.19255271101345808,0.13549519097516247
2018-04-02,BAC,top100,60.720474725178185,59.92339912566117,58.05428909152314,71.6323751891074,0,23,2,66,-0.031199206474898045,0.004451075676621841,0.060631658170999136,0.13224070588069403,-0.09183086464589718,-0.1277896302040722,-0.0877663870058388,-0.18220622717105675
2018-04-02,GILD,top100,59.52613667313829,54.67882102919036,68.12504588637799,76.2595277542944,2,24,2,66,-0.01757561580561562,-0.0632124371570092,0.060631658170999136,0.13224070588069403,-0.07820727397661476,-0.19545314303770323,-0.07414279633655638,-0.24986974000468778
2018-04-02,JPM,top100,58.94461201123888,61.01143766985789,47.06264775413712,68.24076091510938,1,25,2,66,-0.020743602551876572,9.547995561343114e-05,0.060631658170999136,0.13224070588069403,-0.08137526072287571,-0.1321452259250806,-0.07731078308281733,-0.18656182289206516
2018-04-02,ADI,top100,58.922158034748335,64.86389345491978,33.29858816792212,68.57714982720066,1,26,2,66,0.09030813603472088,0.24274713643213808,0.060631658170999136,0.13224070588069403,0.02967647786372174,0.11050643055144405,0.03374095550378011,0.056089833584459486
2018-04-02,PGR,top100,58.69140615588256,65.1858638413469,36.13644039175954,58.34013388587822,1,27,2,66,-0.001171173847178797,0.2625169204917235,0.060631658170999136,0.13224070588069403,-0.06180283201817793,0.13027621461102945,-0.05773835437811956,0.07585961764404489
2018-04-02,MS,top100,58.3231470066567,56.42176085438523,58.42367443431273,71.43179521724488,0,28,3,66,-0.09048568229005283,-0.15042317573320763,0.060631658170999136,0.13224070588069403,-0.15111734046105196,-0.28266388161390166,-0.14705286282099359,-0.3370804785808862
2018-04-02,ADP,top100,56.53000915813669,63.13860965690844,27.63121668648958,68.06739061002874,1,29,3,66,0.19635572161633275,0.45462235547449636,0.060631658170999136,0.13224070588069403,0.1357240634453336,0.32238164959380233,0.139788541085392,0.2679650526268178
2018-04-02,CRM,top100,56.37807267352077,67.42825219670624,10.861489214865719,70.05998292853263,2,30,3,66,0.217952835382639,0.3921070556347672,0.060631658170999136,0.13224070588069403,0.15732117721163985,0.2598663497540732,0.16138565485169823,0.20544975278708863
2018-04-02,ETN,top100,55.81793302159951,48.16704016099049,73.23140075243437,74.54724758419297,0,31,3,66,-0.026704626979512036,0.08294126975736082,0.060631658170999136,0.13224070588069403,-0.08733628515051117,-0.04929943612333321,-0.0832718075104528,-0.10371603309031777
2018-04-02,LMT,top100,55.189354231273946,60.78258455288711,30.44326241134752,65.5289256198347,2,32,3,66,-0.0961107882168003,-0.06491480609276479,0.060631658170999136,0.13224070588069403,-0.15674244638779944,-0.19715551197345882,-0.15267796874774106,-0.25157210894044335
2018-04-02,TMO,top100,55.04256387442635,60.9873462622774,26.96740598798878,69.57940293234412,1,33,3,66,0.01275754967254139,0.35676840287740785,0.060631658170999136,0.13224070588069403,-0.047874108498457746,0.22452769699671382,-0.043809630858399375,0.17011110002972926
2018-04-02,INTC,top100,54.97692293248694,59.92857074610894,31.59780039058485,67.07363332093715,1,34,3,66,0.032087126452349235,0.13865885630810615,0.060631658170999136,0.13224070588069403,-0.0285445317186499,0.006418150427412117,-0.02448005407859153,-0.04799844653957244
2018-04-02,COST,top100,54.28232660364377,55.418580498899345,44.37645918681996,66.14028417050231,0,35,3,66,0.1414314075170766,0.3298471440064361,0.060631658170999136,0.13224070588069403,0.08079974934607748,0.19760643812574208,0.08486422698613585,0.14318984115875752
2018-04-02,LOW,top100,53.15146460324808,40.88964019533843,75.76332907507745,93.76050651495687,1,36,3,66,0.1270056885596742,0.3250255042636474,0.060631658170999136,0.13224070588069403,0.06637403038867506,0.19278479838295337,0.07043850802873344,0.1383682014159688
2018-04-02,DHR,top100,53.1022743733877,56.76640665916386,34.00991879946552,65.63805952079893,1,37,3,66,0.02279095446206303,0.3778761991542712,0.060631658170999136,0.13224070588069403,-0.03784070370893611,0.24563549327357714,-0.033776226068877736,0.19121889630659258
2018-04-02,HD,top100,52.804643097982385,50.780848127447385,45.07139920414666,82.43769567939887,1,38,3,66,0.12843388557140067,0.15121727390018602,0.060631658170999136,0.13224070588069403,0.06780222740040154,0.01897656801949199,0.07186670504045992,-0.03544002894749257
2018-04-02,ORCL,top100,52.74388732524362,54.51820982542048,41.49373008531195,62.8239443038689,3,39,3,66,0.002801296859373359,0.2224889724127681,0.060631658170999136,0.13224070588069403,-0.05783036131162578,0.09024826653207407,-0.053765883671567406,0.03583166956508951
2018-04-02,ABT,top100,51.73878320751069,57.49362455586746,23.074589225144273,68.78328173374611,3,40,3,66,0.052975380378464276,0.3926732423217767,0.060631658170999136,0.13224070588069403,-0.00765627779253486,0.26043253644108266,-0.003591800152476489,0.2060159394740981
2018-04-02,AMGN,top100,51.71980257671987,51.117307192504285,44.71864308473929,69.93958925019018,3,41,4,66,0.12448152477241559,0.19312569940654534,0.060631658170999136,0.13224070588069403,0.06384986660141645,0.060884993525851305,0.06791434424147483,0.006468396558866746
2018-04-02,TMUS,top100,51.35967325906715,44.12497959637884,72.92898836669224,58.863898682635096,0,42,4,66,0.0048635403822032686,0.16957297162846574,0.060631658170999136,0.13224070588069403,-0.05576811778879587,0.03733226574777171,-0.0517036401487375,-0.01708433121921285
2018-04-02,MCD,top100,50.5632657345031,54.174746286540945,29.871701687150345,66.6660299649437,0,43,4,66,0.000928472004786407,0.22449724558472028,0.060631658170999136,0.13224070588069403,-0.05970318616621273,0.09225653970402625,-0.05563870852615436,0.03783994273704169
2018-04-02,CB,top100,49.83939072660831,43.047536402749856,67.51477541371159,62.031601619410935,0,44,4,66,-0.04317440837288433,0.07316535050335382,0.060631658170999136,0.13224070588069403,-0.10380606654388347,-0.05907535537734021,-0.09974158890382509,-0.11349195234432477
2018-04-02,BMY,top100,49.42168130059453,49.82362776665275,36.73391774224337,71.98358315488935,3,45,4,66,-0.10414825751148615,-0.22550875375987478,0.060631658170999136,0.13224070588069403,-0.1647799156824853,-0.3577494596405688,-0.1607154380424269,-0.41216605660755334
2018-04-02,SYK,top100,49.09084193114592,56.974389430920226,13.455611353391186,65.1764705882353,3,46,4,66,0.0907749062010117,0.26351327729400253,0.060631658170999136,0.13224070588069403,0.03014324803001256,0.1312725714133085,0.03420772567007093,0.07685597444632394
2018-04-02,SBUX,top100,48.94537833311232,40.21841176205633,71.59024343180275,64.74441413312346,0,47,4,66,-0.1231055205490319,0.3509275954556077,0.060631658170999136,0.13224070588069403,-0.18373717872003104,0.21868688957491367,-0.17967270107997266,0.1642702926079291
2018-04-02,CVX,top100,48.188327731301975,46.17661824100192,41.124670535806054,76.39760855439417,0,48,4,66,0.11665603618972953,0.15611687889197134,0.060631658170999136,0.13224070588069403,0.05602437801873039,0.023876173011277313,0.06008885565878876,-0.030540423955707247
2018-04-02,GS,top100,47.91591086973735,46.27675941438938,42.95507205485659,69.31164868693473,2,49,4,66,-0.09420030242653865,-0.18954373421607784,0.060631658170999136,0.13224070588069403,-0.1548319605975378,-0.3217844400967719,-0.1507674829574794,-0.3762010370637564
2018-04-02,AXP,top100,46.88506260313811,47.238051025231286,34.583333333333336,69.01760218809538,2,50,4,66,0.09199725855133889,0.2382377948318526,0.060631658170999136,0.13224070588069403,0.03136560038033975,0.10599708895115856,0.035430078020398124,0.051580491984174
2018-04-02,T,top100,46.819025859421444,32.366152847349916,89.57489023978385,62.477408183197255,1,51,4,66,-0.06496387461882913,-0.023179308260762088,0.060631658170999136,0.13224070588069403,-0.12559553278982827,-0.15542001414145612,-0.12153105514976989,-0.20983661110844068
2018-04-02,REGN,top100,46.348004265994646,38.88440795616374,65.64459348340014,60.0,1,52,4,66,0.06225795477934137,0.25490045188899857,0.060631658170999136,0.13224070588069403,0.001626296608342237,0.12265974600830454,0.005690774248400608,0.06824314904131998
2018-04-02,HON,top100,46.34575680474434,48.65848669804335,25.28860696298254,72.27094723517493,3,53,4,66,0.021869327373087444,0.2045074064992316,0.060631658170999136,0.13224070588069403,-0.03876233079791169,0.07226670061853757,-0.03469785315785332,0.017850103651553012
2018-04-02,WMT,top100,45.783564100906545,38.68106785628176,49.73954891854984,87.58906817799348,2,54,5,66,-0.011929872128676688,0.159366664141404,0.060631658170999136,0.13224070588069403,-0.07256153029967582,0.02712595826070996,-0.06849705265961745,-0.0272906387062746
2018-04-02,VZ,top100,45.733274939111425,33.011573600327644,77.71023302938197,70.83126813005674,1,55,5,66,0.0825771939328277,0.2987811484290357,0.060631658170999136,0.13224070588069403,0.02194553576182856,0.16654044254834166,0.026010013401886932,0.1121238455813571
2018-04-02,DIS,top100,45.64978881295673,30.710511054406947,90.94514925921032,59.63401223029804,0,56,5,66,0.06760617885130116,0.15280187472454232,0.060631658170999136,0.13224070588069403,0.006974520680302021,0.020561168843848288,0.011038998320360392,-0.03385542812313627
2018-04-02,CAT,top100,45.242778073610715,44.61391635755799,28.62336829323416,82.88362964673289,3,57,5,66,-0.048049312633875574,-0.00214781190108293,0.060631658170999136,0.13224070588069403,-0.10868097080487471,-0.13438851778177696,-0.10461649316481633,-0.18880511474876152
2018-04-02,RTX,top100,45.17555891180216,44.35122410084965,34.830018501387606,71.63698340929892,1,58,5,66,0.018264120560359753,0.09260010548095265,0.060631658170999136,0.13224070588069403,-0.04236753761063938,-0.03964060039974138,-0.03830305997058101,-0.09405719736672594
2018-04-02,MDT,top100,43.61235830119867,38.57241372610308,55.21741115562208,55.68186461802095,1,59,5,66,0.11035167584437011,0.18670286163805883,0.060631658170999136,0.13224070588069403,0.049720017673370975,0.054462155757364794,0.05378449531342935,4.555879038023458e-05
2018-04-02,TJX,top100,42.8020720733432,35.87379036534786,58.96329823943145,58.9775916971341,0,60,5,66,0.18352108986114746,0.33902641597779226,0.060631658170999136,0.13224070588069403,0.12288943169014832,0.20678571009709823,0.1269539093302067,0.15236911313011367
2018-04-02,BSX,top100,40.540398099479674,44.745740410378346,18.114544101308432,55.954709919531474,3,61,5,66,0.22317436661698942,0.4351713859910582,0.060631658170999136,0.13224070588069403,0.16254270844599028,0.30293068011036417,0.16660718608604866,0.2485140831433796
2018-04-02,PEP,top100,39.4124934162771,37.537198501119676,35.137861034021995,61.08882258688932,2,62,5,66,0.032576323485614234,0.17524497239025671,0.060631658170999136,0.13224070588069403,-0.028055334685384903,0.04300426650956268,-0.02399085704532653,-0.011412330457421876
2018-04-02,PG,top100,37.14842489957601,25.861770514842483,69.18715034579975,52.07755470026319,1,63,5,66,0.018771850810201274,0.3880752494111015,0.060631658170999136,0.13224070588069403,-0.04185980736079786,0.25583454353040747,-0.03779532972073949,0.2014179465634229
2018-04-02,PM,top100,31.60689430984963,23.994607904023614,44.0611463518494,59.98439506663217,1,64,5,66,-0.16572980473907528,-0.0457571823035684,0.060631658170999136,0.13224070588069403,-0.22636146291007442,-0.17799788818426243,-0.22229698527001604,-0.232414485151247
2018-04-02,MDLZ,top100,28.848890140867503,19.438908246290598,47.13307416707047,58.15039535049989,0,65,5,66,0.009099723575570984,0.24791176098621492,0.060631658170999136,0.13224070588069403,-0.05153193459542815,0.11567105510552089,-0.04746745695536978,0.06125445813853633
2018-04-02,IBM,top100,28.734090227219184,14.730717805213494,58.5609664772477,67.103944681202,3,66,5,66,-0.05768906224566939,-0.0022288728913333333,0.060631658170999136,0.13224070588069403,-0.11832072041666852,-0.13446957877202736,-0.11425624277661015,-0.18888617573901192
2018-07-02,AMAT,top100,82.68861307147432,84.83189723153338,84.21766439860662,64.62752129679644,0,1,1,72,-0.1568303370679015,-0.001966149695270758,0.07794634707512182,0.12083437024431753,-0.23477668414302333,-0.12280051993958829,-0.24879715359615498,-0.18529099112220468
2018-07-02,LRCX,top100,81.3354902019709,84.42430643946713,75.8900110032574,70.60473493692426,0,2,1,72,-0.12578365366048316,0.09602090601305346,0.07794634707512182,0.12083437024431753,-0.203730000735605,-0.02481346423126407,-0.21775047018873664,-0.08730393541388046
2018-07-02,META,top100,81.04645109799088,89.4822081092548,64.50350524561232,55.08204372390075,0,3,1,72,-0.17693542286421104,-0.0008111755144599719,0.07794634707512182,0.12083437024431753,-0.25488176993933287,-0.1216455457587775,-0.2689022393924645,-0.1841360169413939
2018-07-02,NVDA,top100,78.94349304684357,95.91144149967678,24.51256114433877,69.02971768202082,0,4,1,72,0.19517448655869085,-0.32564701953581554,0.07794634707512182,0.12083437024431753,0.11722813948356903,-0.4464813897801331,0.10320767003043738,-0.5089718609627495
2018-07-02,ANET,top100,77.30482955802948,90.61503364232291,33.22934907135084,72.28436194133286,0,5,1,72,-0.0065809611264158185,0.028692990511172134,0.07794634707512182,0.12083437024431753,-0.08452730820153764,-0.0921413797331454,-0.0985477776546693,-0.1546318509157618
2018-07-02,KLAC,top100,74.42631224501055,82.17175910808415,52.177024435946876,64.70675982162271,0,6,1,72,-0.022975220894812964,0.18020480027652352,0.07794634707512182,0.12083437024431753,-0.10092156796993479,0.05937043003220599,-0.11494203742306644,-0.0031200411504103964
2018-07-02,ADBE,top100,72.22647475284235,86.48729943999804,27.88225425150614,61.08914294542507,1,7,1,72,0.13249198388555472,0.25668009537120784,0.07794634707512182,0.12083437024431753,0.054545636810432896,0.1358457251268903,0.040525167357301245,0.07335525394427392
2018-07-02,MA,top100,69.85219890814577,89.18605570697748,9.506858389837115,55.205882352941195,1,8,1,72,0.13346335982446433,0.38916575462623126,0.07794634707512182,0.12083437024431753,0.05551701274934251,0.26833138438191373,0.04149654329621086,0.20584091319929734
2018-07-02,INTU,top100,69.30636761816986,83.65407828476354,24.077074549792464,59.33097908876888,0,9,1,72,0.11053090048103908,0.3258466000294673,0.07794634707512182,0.12083437024431753,0.03258455340591726,0.20501222978514977,0.01856408395278561,0.14252175860253338
2018-07-02,TXN,top100,68.59093742998951,81.07824033657872,30.476912224510023,57.40786749482402,1,10,1,72,-0.01726646453419567,0.08189332015706552,0.07794634707512182,0.12083437024431753,-0.0952128116093175,-0.038941050087252016,-0.10923328106244914,-0.1014315212698684
2018-07-02,MSFT,top100,66.05660294498257,80.43934941145372,21.63549530999771,54.219592949654285,2,11,1,72,0.16043292146088217,0.39678214708573845,0.07794634707512182,0.12083437024431753,0.08248657438576035,0.2759477768414209,0.0684661049326287,0.21345730565880452
2018-07-02,SCHW,top100,65.70261554865775,68.11202260444226,51.09815420985634,78.04568883576894,0,12,1,72,-0.031619516481978915,-0.2012967849265147,0.07794634707512182,0.12083437024431753,-0.10956586355710074,-0.32213115517083224,-0.12358633301023239,-0.38462162635344865
2018-07-02,SPGI,top100,63.90761678560559,79.29577033033674,15.273011260485525,53.459753022727675,2,13,1,72,-0.021619395028278365,0.17815780140464077,0.07794634707512182,0.12083437024431753,-0.09956574210340019,0.057323431160323235,-0.11358621155653184,-0.005167040022293151
2018-07-02,AAPL,top100,63.42170339569191,70.28279543379605,43.00390288808271,56.22966014418125,1,14,1,72,0.21838441375710604,0.10867478355592364,0.07794634707512182,0.12083437024431753,0.14043806668198422,-0.012159586688393897,0.12641759722885257,-0.07465005787101028
2018-07-02,FISV,top100,63.25469704048261,68.82663485695626,47.97041648963406,54.81969342686415,0,15,1,72,0.09084827401659101,0.2607706716617608,0.07794634707512182,0.12083437024431753,0.012901926941469188,0.1399363014174433,-0.0011185425116624625,0.0774458302348269
2018-07-02,ICE,top100,62.999005104715195,63.67643615733366,63.76780409743549,56.71938975094535,0,16,2,72,0.0237614564433426,0.2173916964931295,0.07794634707512182,0.12083437024431753,-0.054184890631779226,0.09655732624881197,-0.06820536008491088,0.034066855066195584
2018-07-02,ISRG,top100,61.66056420771369,77.85142510612492,9.547899576211176,52.54986718184014,2,17,2,72,0.17750460971112503,0.1005531653349725,0.07794634707512182,0.12083437024431753,0.0995582626360032,-0.02028120490934504,0.08553779318287155,-0.08277167609196143
2018-07-02,UNP,top100,61.53616848511473,66.39891420485719,47.23849560414419,56.09229420885864,1,18,2,72,0.15451246124962537,0.22629632669057154,0.07794634707512182,0.12083437024431753,0.07656611417450354,0.105461956446254,0.06254564472137189,0.042971485263637615
2018-07-02,PGR,top100,61.47731484620287,65.3217823211759,46.49439508482062,64.53188204415623,0,19,2,72,0.18346113813539522,0.45833846676721124,0.07794634707512182,0.12083437024431753,0.1055147910602734,0.3375040965228937,0.09149432160714174,0.2750136253402773
2018-07-02,ADI,top100,60.78006560269836,67.62449214420106,35.686900131821204,63.05541075393377,0,20,2,72,-0.03608308191262588,0.199763977307176,0.07794634707512182,0.12083437024431753,-0.1140294289877477,0.07892960706285845,-0.12804989844087936,0.016439135880242067
2018-07-02,AMZN,top100,60.33185290187654,71.10714896585121,25.486897544421566,54.594691168963784,1,21,2,72,0.1695550187305257,0.13141710137824014,0.07794634707512182,0.12083437024431753,0.09160867165540387,0.010582731133922607,0.07758820220227222,-0.05190774004869378
2018-07-02,ACN,top100,59.712510350537656,68.35918316573259,33.386157139588846,51.838507066070804,1,22,2,72,0.06297845688587334,0.19041607615136535,0.07794634707512182,0.12083437024431753,-0.01496789018924849,0.06958170590704782,-0.02898835964238014,0.007091234724431433
2018-07-02,ABBV,top100,58.585092018169554,58.53805281033904,48.6205898584204,78.8433707924815,1,23,2,72,0.03071931908576686,-0.1568940893030697,0.07794634707512182,0.12083437024431753,-0.047227027989354964,-0.27772845954738723,-0.061247497442486615,-0.34021893073000364
2018-07-02,GOOGL,top100,58.53403525919541,69.25453543828317,20.837105489644955,58.88439354468203,1,24,2,72,0.05815560961122346,-0.01674115034861201,0.07794634707512182,0.12083437024431753,-0.019790737463898367,-0.13757552059292955,-0.03381120691703002,-0.20006599177554593
2018-07-02,ADP,top100,58.47766701231228,69.01182423802193,21.640901613447937,58.41209723007348,1,25,2,72,0.12301825500511976,0.24177377211256657,0.07794634707512182,0.12083437024431753,0.045071907929997934,0.12093940186824903,0.031051438476866283,0.058448930685632644
2018-07-02,UNH,top100,58.36796375380617,62.51880260430896,44.921002603741115,56.206014100416795,0,26,2,72,0.09102949517998393,0.005587640713823783,0.07794634707512182,0.12083437024431753,0.013083148104862108,-0.11524672953049375,-0.000937321348269543,-0.17773720071311014
2018-07-02,JPM,top100,58.35877210115403,60.015942618125756,51.81234250383187,59.85143767699622,1,27,2,72,0.08599959096508458,0.11208389020741882,0.07794634707512182,0.12083437024431753,0.008053243889962758,-0.008750480036898711,-0.005967225563168893,-0.0712409512195151
2018-07-02,CAT,top100,57.75259363918724,61.90313143496892,38.17527587946257,67.85346458816478,0,28,2,72,0.12417405388460279,0.019968999808425814,0.07794634707512182,0.12083437024431753,0.04622770680948096,-0.10086537043589172,0.03220723735634931,-0.1633558416185081
2018-07-02,INTC,top100,57.71515646994807,61.10990343798105,37.34389809458443,74.69444444444444,1,29,2,72,-0.06907331247729842,-0.0092352396686467,0.07794634707512182,0.12083437024431753,-0.14701965955242025,-0.13006960991296423,-0.1610401290055519,-0.19256008109558062
2018-07-02,BX,top100,57.63250901849505,56.16611077420659,59.96068829959654,63.24093816631134,0,30,3,72,0.18802015981962272,0.5237242614145032,0.07794634707512182,0.12083437024431753,0.1100738127445009,0.4028898911701857,0.09605334329136925,0.3403994199875693
2018-07-02,BAC,top100,57.46692989834731,54.95112144778609,64.14214922193646,61.7271504050975,0,31,3,72,0.05351550400936089,0.04889957669408407,0.07794634707512182,0.12083437024431753,-0.024430843065760932,-0.07193479355023347,-0.03845131251889258,-0.13442526473284985
2018-07-02,CRM,top100,56.38722344332987,70.46043000864105,9.635476244947762,51.37827188291584,1,32,3,72,0.13836098920761697,0.10795425733364827,0.07794634707512182,0.12083437024431753,0.060414642132495144,-0.012880112910669261,0.04639417267936349,-0.07537058409328565
2018-07-02,TJX,top100,56.27686412546878,61.013792352785686,41.36331448616967,52.94546581284858,0,33,3,72,0.18707155388618735,0.1543453943882538,0.07794634707512182,0.12083437024431753,0.10912520681106552,0.03351102414393625,0.09510473735793387,-0.028979447038680134
2018-07-02,ETN,top100,55.047625037873175,47.34343158357713,77.95464277962563,63.16294373444055,0,34,3,72,0.16708823830643027,0.11803747280474974,0.07794634707512182,0.12083437024431753,0.08914189123130845,-0.0027968974395677915,0.0751214217781768,-0.06528736862218418
2018-07-02,DHR,top100,54.98266901123534,60.32539867652058,37.39213267095903,52.764634034791314,0,35,3,72,0.11536481875797899,0.48909132381374354,0.07794634707512182,0.12083437024431753,0.03741847168285717,0.368256953569426,0.023398002229725517,0.3057664823868096
2018-07-02,VRTX,top100,54.52714822849212,64.71131132865517,21.352438329102707,49.58742632612966,1,36,3,72,0.1294734980248804,0.08047874535699528,0.07794634707512182,0.12083437024431753,0.05152715094975857,-0.04035562488732225,0.03750668149662692,-0.10284609606993864
2018-07-02,GILD,top100,53.93715635354617,50.720925324927755,57.56694556111166,69.19119513874413,2,37,3,72,0.10220965763818146,0.002738214245894932,0.07794634707512182,0.12083437024431753,0.024263310563059637,-0.1180961559984226,0.010242841109927986,-0.180586627181039
2018-07-02,LMT,top100,53.76088155685348,58.50100349418118,34.34247366299528,59.41684378327595,2,38,3,72,0.1704517769605034,0.27233178980404427,0.07794634707512182,0.12083437024431753,0.09250542988538157,0.15149741955972673,0.07848496043224992,0.08900694837711035
2018-07-02,ORCL,top100,53.09697618709863,54.46148959187165,45.72129892908891,58.29673686970702,2,39,3,72,0.15691170670558785,0.33104395949466303,0.07794634707512182,0.12083437024431753,0.07896535963046603,0.2102095892503455,0.06494489017733437,0.1477191180677291
2018-07-02,TMO,top100,52.70932409753648,58.99690121885392,27.840896711006522,58.433139021374316,1,40,3,72,0.2097255614600071,0.4899403684066379,0.07794634707512182,0.12083437024431753,0.13177921438488527,0.36910599816232037,0.11775874493175362,0.30661552697970396
2018-07-02,MS,top100,52.181077846083554,44.924787361415625,72.96316862806225,61.41092967480159,0,41,3,72,-0.017065954199292466,-0.053775728361083575,0.07794634707512182,0.12083437024431753,-0.09501230127441429,-0.1746100986054011,-0.10903277072754594,-0.2371005697880175
2018-07-02,COST,top100,50.72184255451312,57.52490464861599,25.668121057620027,53.20785088957922,1,42,3,72,0.13097992679505666,0.30733319719293495,0.07794634707512182,0.12083437024431753,0.05303357971993483,0.1864988269486174,0.03901311026680318,0.12400835576600103
2018-07-02,CMCSA,top100,50.12731073370086,34.911277119888396,92.55462136810799,71.78492476157388,1,43,3,72,0.07084544349352284,0.33379761205085057,0.07794634707512182,0.12083437024431753,-0.007100903581598983,0.21296324180653303,-0.021121373034730634,0.15047277062391665
2018-07-02,LOW,top100,49.308388777228934,41.712759647871835,67.59995533331154,65.8946595705634,1,44,4,72,0.20811461659180686,0.10808214730234322,0.07794634707512182,0.12083437024431753,0.13016826951668503,-0.012752222941974312,0.11614780006355338,-0.0752426941245907
2018-07-02,MCD,top100,49.0911437897028,52.877140546940424,32.73735987188286,55.296734324679285,0,45,4,72,0.06910545184244565,0.390327451238492,0.07794634707512182,0.12083437024431753,-0.008840895232676171,0.26949308099417446,-0.022861364685807822,0.20700260981155807
2018-07-02,REGN,top100,49.079524848747,40.58300401841942,65.67358183264155,75.36705669325094,0,46,4,72,0.12271465261339864,-0.09326781606485868,0.07794634707512182,0.12083437024431753,0.04476830553827682,-0.2141021863091762,0.03074783608514517,-0.2765926574917926
2018-07-02,ABT,top100,48.84565283251896,55.69141248886549,23.73556503360896,51.145510835913285,3,47,4,72,0.2205424667025797,0.42843029575075997,0.07794634707512182,0.12083437024431753,0.14259611962745788,0.30759592550644244,0.12857565017432623,0.24510545432382605
2018-07-02,HD,top100,48.025282162323634,52.48041325967341,29.89903694261965,53.09185492028322,2,48,4,72,0.0754781174548127,0.12140471230742178,0.07794634707512182,0.12083437024431753,-0.002468229620309126,0.0005703420631042455,-0.016488699073440777,-0.06192012911951214
2018-07-02,CVX,top100,47.204473629566735,48.30001754865309,39.779298063072225,54.38601732895128,0,49,4,72,0.010725395019361095,0.032301205703694214,0.07794634707512182,0.12083437024431753,-0.06722095205576073,-0.08853316454062332,-0.08124142150889238,-0.1510236357232397
2018-07-02,SYK,top100,47.16807705875167,55.62131117316078,11.172023945702737,59.98754448398576,3,50,4,72,0.05394769652265263,0.23858421511130357,0.07794634707512182,0.12083437024431753,-0.023998650552469192,0.11774984486698603,-0.03801912000560084,0.055259373684369645
2018-07-02,SBUX,top100,46.69879040833114,36.568878463359965,78.45475508854928,54.09624466269315,0,51,4,72,0.14078415264473043,0.829475161490653,0.07794634707512182,0.12083437024431753,0.0628378055696086,0.7086407912463355,0.048817336116476956,0.6461503200637191
2018-07-02,VZ,top100,46.621314965456975,37.97869948931198,72.23882243357191,55.884608362242105,1,52,4,72,0.08020953870211112,0.20378733385457393,0.07794634707512182,0.12083437024431753,0.0022631916269892915,0.08295296361025639,-0.01175727782614236,0.020462492427640006
2018-07-02,GS,top100,46.23276538469602,41.94512602820669,54.98876419089184,58.73424326772977,2,53,4,72,0.012613645671226248,-0.06236286001267388,0.07794634707512182,0.12083437024431753,-0.06533270140389558,-0.18319723025699142,-0.07935317085702723,-0.2456877014396078
2018-07-02,BMY,top100,46.016456455416225,43.294899561727945,45.8903242147923,65.31961919248205,3,54,4,72,0.13334907586424039,-0.12274992497700121,0.07794634707512182,0.12083437024431753,0.05540272878911856,-0.24358429522131875,0.04138225933598691,-0.30607476640393516
2018-07-02,HON,top100,45.76429312814944,49.18160412459988,27.21435108017126,58.94300024895273,3,55,4,72,0.16769037951607557,0.3121504184620483,0.07794634707512182,0.12083437024431753,0.08974403244095375,0.19131604821773074,0.0757235629878221,0.12882557703511435
2018-07-02,WMT,top100,45.59029295422821,41.461605101993214,46.32676406183613,73.01816570465738,2,56,4,72,0.13033530126267623,0.36674508791115645,0.07794634707512182,0.12083437024431753,0.052388954187554404,0.24591071766683892,0.03836848473442275,0.18342024648422253
2018-07-02,AXP,top100,45.03521639751742,46.03048356535319,35.46245421245421,57.213870592793484,2,57,4,72,0.09381211435576842,0.2943088038437094,0.07794634707512182,0.12083437024431753,0.015865767280646592,0.17347443359939185,0.0018452978275149412,0.11098396241677547
2018-07-02,DIS,top100,44.82391529037286,31.78605304135929,85.92431447527537,53.88815266366286,0,58,5,72,0.11244993263938818,0.37897342024765335,0.07794634707512182,0.12083437024431753,0.03450358556426636,0.2581390500033358,0.020483116111134708,0.19564857882071943
2018-07-02,T,top100,44.46808932401169,29.178465359180944,90.50644943404038,59.41873685776963,1,59,5,72,0.06123618201182568,0.14619706930111276,0.07794634707512182,0.12083437024431753,-0.016710165063296145,0.025362699056795224,-0.030730634516427796,-0.03712777212582116
2018-07-02,BSX,top100,44.15637964135675,49.51886258071825,10.981964965154589,72.96782841823055,3,60,5,72,0.187328662808407,0.29850746268656736,0.07794634707512182,0.12083437024431753,0.10938231573328516,0.17767309244224982,0.09536184628015351,0.11518262125963344
2018-07-02,TMUS,top100,44.12725084608518,35.67782894283804,67.61669459051426,56.29431667995704,0,61,5,72,0.17259334161944295,0.26556454387775896,0.07794634707512182,0.12083437024431753,0.09464699454432113,0.14473017363344143,0.08062652509118948,0.08223970245082504
2018-07-02,RTX,top100,44.09376980031266,45.224236244854794,31.978652591212644,60.41073910671774,1,62,5,72,0.13311032074277596,0.08792038971526805,0.07794634707512182,0.12083437024431753,0.05516397366765413,-0.03291398052904948,0.04114350421452248,-0.09540445171166587
2018-07-02,AMGN,top100,43.56079685238114,41.827219071609605,43.487433408504096,55.842568205535954,4,63,5,72,0.1242827750437896,0.04876887484177983,0.07794634707512182,0.12083437024431753,0.04633642796866777,-0.0720654954025377,0.03231595851553612,-0.1345559665851541
2018-07-02,DE,top100,40.949009198001875,41.897122687298555,23.38826603464618,69.43370109963652,2,64,5,72,0.07358043624550792,0.19355988234002708,0.07794634707512182,0.12083437024431753,-0.004365910829613906,0.07272551209570954,-0.018386380282745557,0.010235040913093157
2018-07-02,PG,top100,38.68223496357022,26.961210812635915,67.80544933599155,62.48297527526766,1,65,5,72,0.08062769444104334,0.5087343223485747,0.07794634707512182,0.12083437024431753,0.002681347365921516,0.3878999521042572,-0.011339122087210135,0.3254094809216408
2018-07-02,CB,top100,36.16898824979249,22.0326782576631,75.09641363364767,57.26830742698784,0,66,5,72,0.05565288352499187,0.21055447519007497,0.07794634707512182,0.12083437024431753,-0.022293463550129955,0.08972010494575744,-0.036313933003261606,0.027229633763141053
2018-07-02,LLY,top100,34.30409238438575,31.609031558698018,37.26330426702447,47.25109439892244,3,67,5,72,0.2601281784618583,0.361640060319276,0.07794634707512182,0.12083437024431753,0.1821818313867365,0.24080569007495845,0.16816136193360484,0.17831521889234206
2018-07-02,MDLZ,top100,31.587739872989868,19.870908553746638,58.355544116525586,60.06995062062103,0,68,5,72,0.05455359274289817,0.39703688231081413,0.07794634707512182,0.12083437024431753,-0.023392754332223653,0.2762025120664966,-0.037413223785355304,0.2137120408838802
2018-07-02,IBM,top100,28.956190197920947,14.445258198441952,63.668020285213146,61.10905401968948,3,69,5,72,0.10577099359602737,0.060493857251707084,0.07794634707512182,0.12083437024431753,0.02782464652090555,-0.06034051299261045,0.013804177067773898,-0.12283098417522684
2018-07-02,PM,top100,26.969009303506418,12.268582690808284,60.9527894891656,61.90443522107498,0,70,5,72,0.034135965636874266,0.06371183335085528,0.07794634707512182,0.12083437024431753,-0.04381038143824756,-0.05712253689346225,-0.05783085089137921,-0.11961300807607864
2018-07-02,MDT,top100,25.916526236898108,18.800991609966747,40.22534889041409,47.107623318385656,0,71,5,72,0.16322154471544725,0.16819105691056913,0.07794634707512182,0.12083437024431753,0.08527519764032543,0.04735668666625159,0.07125472818719378,-0.015133784516364795
2018-07-02,PEP,top100,21.39348300291046,16.254793114708214,30.324718654334305,39.50184091747849,3,72,5,72,0.019134361350646722,0.26248840082036473,0.07794634707512182,0.12083437024431753,-0.0588119857244751,0.1416540305760472,-0.07283245517760675,0.07916355939343081
2018-10-01,MU,top100,88.39979861148589,89.6984860751519,88.45566980731272,79.19724397417019,0,1,1,71,-0.27464033760794415,-0.07020855194719644,-0.1374182197290147,0.007042305090755319,-0.13722211787892946,-0.07725085703795176,-0.1495552873940593,-0.134988050592884
2018-10-01,LRCX,top100,82.43313265763753,82.02376106048693,94.66000311744993,60.84499291806691,0,2,1,71,-0.0731409218082757,0.554064202621116,-0.1374182197290147,0.007042305090755319,0.064277297920739,0.5470218975303607,0.05194412840560916,0.48928470397542845
2018-10-01,KLAC,top100,76.390415125865,80.75893075552884,68.66089288961629,61.2698501907157,0,3,1,71,-0.09036937126178812,0.5818841140507014,-0.1374182197290147,0.007042305090755319,0.04704884846722657,0.5748418089599461,0.034715678952096735,0.5171046154050138
2018-10-01,NVDA,top100,76.22700785326593,95.60217468933764,21.102960278492194,50.84893515031157,1,4,1,71,-0.528758434736445,-0.3995026474245239,-0.1374182197290147,0.007042305090755319,-0.3913402150074303,-0.4065449525152792,-0.4036733845225602,-0.46428214607021145
2018-10-01,ADBE,top100,71.47175015411246,87.60240289226076,25.486679396253866,50.527322502791684,1,5,1,71,-0.18483429525572626,-0.032051980108170786,-0.1374182197290147,0.007042305090755319,-0.047416075526711565,-0.039094285198926104,-0.0597492450418414,-0.09683147875385832
2018-10-01,ADI,top100,71.3338051738818,71.73721295639976,76.02070506325825,59.136150917503144,0,6,1,71,-0.06501838930412673,0.20450503631060757,-0.1374182197290147,0.007042305090755319,0.07239983042488796,0.19746273121985225,0.060066660909758124,0.13972553766492002
2018-10-01,ANET,top100,71.27566273386346,84.61592911666126,20.93095260049111,78.58321832102357,3,7,1,71,-0.1890679402249268,-0.12059158835310424,-0.1374182197290147,0.007042305090755319,-0.0516497204959121,-0.12763389344385956,-0.06398289001104193,-0.1853710869987918
2018-10-01,MA,top100,71.25380154194688,91.77721185764493,9.847634634868676,50.40226314621699,1,8,1,71,-0.1510941904870119,0.18843802034309154,-0.1374182197290147,0.007042305090755319,-0.013675970757997202,0.18139571525233622,-0.026009140273127035,0.123658521697404
2018-10-01,INTU,top100,69.62452203310588,86.02940306893922,21.588697945080924,50.86200295832246,0,9,1,71,-0.14416191337613893,0.15293080918981405,-0.1374182197290147,0.007042305090755319,-0.006743693647124238,0.14588850409905874,-0.01907686316225407,0.08815131054412652
2018-10-01,TXN,top100,68.36592218651555,78.37935517720754,37.81408308004053,59.37556946462162,0,10,1,71,-0.11580344452804958,0.2115811572796773,-0.1374182197290147,0.007042305090755319,0.02161477520096511,0.20453885218892198,0.009281605685835276,0.14680165863398975
2018-10-01,SCHW,top100,67.74708682974789,68.30632894151066,68.88593380614657,61.55469809461108,0,11,1,71,-0.15859585755403793,-0.252172244483323,-0.1374182197290147,0.007042305090755319,-0.021177637825023243,-0.2592145495740783,-0.033510807340153076,-0.31695174312901053
2018-10-01,AMAT,top100,66.79621831945286,60.57077712034893,91.98337167604306,60.0,1,12,1,71,-0.12184937122172768,0.31651106780252425,-0.1374182197290147,0.007042305090755319,0.015568848507287014,0.30946876271176893,0.0032356789921571816,0.2517315691568367
2018-10-01,SPGI,top100,66.625781277466,79.24408464377994,23.03753979114309,65.47414068591425,1,13,1,71,-0.14582986506273,0.1982530711595376,-0.1374182197290147,0.007042305090755319,-0.0084116453337153,0.1912107660687823,-0.020744814848845133,0.13347357251385006
2018-10-01,AAPL,top100,66.16264765229039,77.31382371714281,34.66552360169381,51.09866329951669,1,14,1,71,-0.3026887077997672,-0.021571129220023244,-0.1374182197290147,0.007042305090755319,-0.1652704880707525,-0.028613434310778563,-0.17760365758588234,-0.08635062786571078
2018-10-01,MSFT,top100,64.36557199417969,79.79501493640143,17.984795936923597,49.12102351313972,2,15,1,71,-0.12155573702789424,0.18299419392333438,-0.1374182197290147,0.007042305090755319,0.01586248270112045,0.17595188883257906,0.003529313185990618,0.11821469527764684
2018-10-01,BX,top100,63.742177323635225,64.05863124731914,65.47365754812563,58.06403940886702,0,16,2,71,-0.20873163175595533,0.2727117319527206,-0.1374182197290147,0.007042305090755319,-0.07131341202694064,0.26566942686196526,-0.08364658154207047,0.20793223330703303
2018-10-01,AMZN,top100,63.55184979727711,74.16161578071974,31.443410871642616,53.5003657644477,1,17,2,71,-0.2321090023748229,-0.14524835857829932,-0.1374182197290147,0.007042305090755319,-0.09469078264580821,-0.15229066366905464,-0.10702395216093805,-0.21002785722398687
2018-10-01,CAT,top100,62.98724622518157,70.05353796612357,37.650025801621545,64.1976448857077,0,18,2,71,-0.16479199119427979,-0.19110690414019138,-0.1374182197290147,0.007042305090755319,-0.027373771465265095,-0.1981492092309467,-0.03970694098039493,-0.25588640278587893
2018-10-01,UNP,top100,62.18079556276891,69.77090376972049,41.40281999324552,50.605989253154604,1,19,2,71,-0.15697491401307606,-0.05432444233617517,-0.1374182197290147,0.007042305090755319,-0.01955669428406137,-0.06136674742693049,-0.031889863799191204,-0.11910394098186271
2018-10-01,ISRG,top100,61.10825428790844,77.75762801590724,7.791676408697685,51.195793950338306,2,20,2,71,-0.18914657062323836,-0.10935379475936957,-0.1374182197290147,0.007042305090755319,-0.051728350894223674,-0.11639609985012489,-0.0640615204093535,-0.17413329340505712
2018-10-01,PGR,top100,60.24782861191892,65.91609706686101,44.541929701504166,51.98174724815381,0,21,2,71,-0.16223449127505207,0.10469398963990972,-0.1374182197290147,0.007042305090755319,-0.024816271546037383,0.0976516845491544,-0.037149441061167215,0.03991449099422219
2018-10-01,ICE,top100,60.08567036450867,59.81583568999446,62.457228640488374,57.23139653414884,0,22,2,71,0.004152448299963085,0.21754247890004175,-0.1374182197290147,0.007042305090755319,0.14157066802897778,0.21050017380928643,0.12923749851384794,0.1527629802543542
2018-10-01,FISV,top100,59.93836551516918,67.0628287832802,38.950003896812404,52.04384587510571,0,23,2,71,-0.1143137495400467,0.23831718385870215,-0.1374182197290147,0.007042305090755319,0.023104470188967996,0.23127487876794683,0.010771300673838163,0.1735376852130146
2018-10-01,JPM,top100,59.322540802137354,61.73306076845547,51.16137999116723,58.77122265985082,1,24,2,71,-0.11889568940032624,0.027921999715327495,-0.1374182197290147,0.007042305090755319,0.018522530328688447,0.020879694624572176,0.006189360813558614,-0.03685749893036004
2018-10-01,VRTX,top100,58.54925644427766,73.24110630306551,20.18375635396912,32.437307613379836,2,25,2,71,-0.14349846009291634,-0.12976979694106583,-0.1374182197290147,0.007042305090755319,-0.006080240363901646,-0.13681210203182115,-0.018413409879031478,-0.19454929558675338
2018-10-01,UNH,top100,58.42805454214666,64.12962966273916,42.42686982048684,50.51939814131879,0,26,2,71,-0.09227784324168808,-0.18144562109997164,-0.1374182197290147,0.007042305090755319,0.045140376487326606,-0.18848792619072696,0.03280720697219677,-0.2462251197456592
2018-10-01,INTC,top100,57.50695902345596,57.91282290754255,51.797761930740656,66.08430602028051,0,27,2,71,0.019941650157705437,0.09067384250577071,-0.1374182197290147,0.007042305090755319,0.15735986988672013,0.08363153741501539,0.1450267003715903,0.02589434386008317
2018-10-01,DIS,top100,56.956356500394634,52.71964702013956,74.35504507313019,51.81594571670909,0,28,2,71,-0.0552712014286193,0.12652838457590798,-0.1374182197290147,0.007042305090755319,0.08214701830039539,0.11948607948515266,0.06981384878526556,0.061748885930220446
2018-10-01,ACN,top100,56.82503566014991,65.95264984390693,27.578196035642843,51.42541562286496,1,29,2,71,-0.18232394380059225,0.08399860111687585,-0.1374182197290147,0.007042305090755319,-0.04490572407157756,0.07695629602612053,-0.05723889358670739,0.019219102471188312
2018-10-01,GOOGL,top100,56.70041740856537,66.01153725063264,21.541741355571144,61.83993062008301,2,30,3,71,-0.12730361913162902,-0.025328742383919023,-0.1374182197290147,0.007042305090755319,0.01011460059738567,-0.03237104747467434,-0.0022185689177441625,-0.09010824102960656
2018-10-01,BAC,top100,56.47515190778735,54.134189495221314,65.38338139401968,55.04542982328498,0,31,3,71,-0.15347739448582243,-0.039563733176531946,-0.1374182197290147,0.007042305090755319,-0.016059174756807737,-0.046606038267287264,-0.02839234427193757,-0.10434323182221948
2018-10-01,ADP,top100,56.24077689214549,70.00164455639319,20.563479074117375,31.269298878467872,1,32,3,71,-0.1317442226065083,0.060608394906461305,-0.1374182197290147,0.007042305090755319,0.00567399712250638,0.053566089815705986,-0.0066591723926234525,-0.004171103739226231
2018-10-01,CRM,top100,56.084199223173925,70.50304798811655,8.335214937038645,50.65022644084618,2,33,3,71,-0.1520706828372409,-0.09783608902555274,-0.1374182197290147,0.007042305090755319,-0.01465246310822621,-0.10487839411630806,-0.026985632623356043,-0.1626155876712403
2018-10-01,ETN,top100,53.87731435576433,53.465469435680504,59.58631022305505,45.342237061769595,0,34,3,71,-0.21543755517971297,-0.08720920956058331,-0.1374182197290147,0.007042305090755319,-0.07801933545069828,-0.09425151465133863,-0.09035250496582811,-0.15198870820627086
2018-10-01,MS,top100,53.499032319669865,44.58299605407239,80.5158405424363,61.8776697333193,0,35,3,71,-0.12764889050206452,-0.11276188708801471,-0.1374182197290147,0.007042305090755319,0.009769329226950174,-0.11980419217877003,-0.0025638402881796585,-0.17754138573370226
2018-10-01,COP,top100,52.303155973556024,54.4515332912144,55.999221922806896,29.872382851445643,1,36,3,71,-0.20332199286859243,-0.3231280054957637,-0.1374182197290147,0.007042305090755319,-0.06590377313957774,-0.330170310586519,-0.07823694265470757,-0.38790750414145125
2018-10-01,DHR,top100,52.2940399410297,62.27266933542726,28.43364377938846,30.164426503529285,1,37,3,71,-0.0789538771878543,0.2612212689367781,-0.1374182197290147,0.007042305090755319,0.0584643425411604,0.2541789638460228,0.046131173026030564,0.19644177029109056
2018-10-01,GS,top100,50.99835446094283,46.251724077960226,62.706482465955986,60.80851113179479,2,38,3,71,-0.23345019306334258,-0.1034597078719609,-0.1374182197290147,0.007042305090755319,-0.09603197333432789,-0.11050201296271622,-0.10836514284945772,-0.16823920651764845
2018-10-01,TMUS,top100,50.915199877322166,51.74971210510857,47.979354072579156,50.94530589230335,0,39,3,71,-0.07103311365358078,0.08768575714657856,-0.1374182197290147,0.007042305090755319,0.06638510607543391,0.08064345205582324,0.054051936560304076,0.022906258500891022
2018-10-01,TMO,top100,50.746230745955806,62.80896830986317,18.86742394721118,30.064681396093505,1,40,3,71,-0.11643568261846748,0.1279140763993607,-0.1374182197290147,0.007042305090755319,0.020982537110547206,0.12087177130860538,0.008649367595417373,0.06313457775367316
2018-10-01,CVX,top100,49.89457547480722,48.866383125076496,51.35209902963555,54.17687481326559,0,41,3,71,-0.10144154551654716,-0.060672464018102557,-0.1374182197290147,0.007042305090755319,0.03597667421246753,-0.06771476910885788,0.023643504697337697,-0.1254519626637901
2018-10-01,REGN,top100,49.55088278182532,41.16781805660504,66.31484945314733,74.70440251572327,0,42,3,71,-0.055272560419475814,-0.30464459116833265,-0.1374182197290147,0.007042305090755319,0.08214565930953888,-0.31168689625908796,0.06981248979440904,-0.3694240898140202
2018-10-01,CMCSA,top100,49.17444607945671,33.30372199942819,90.77413425817682,77.07013828221613,1,43,3,71,-0.021762094333735438,0.27247164612255803,-0.1374182197290147,0.007042305090755319,0.11565612539527925,0.2654293410318027,0.10332295588014942,0.20769214747687048
2018-10-01,TJX,top100,49.1712315655803,59.399283436319934,22.53175902112072,30.853813559322035,1,44,4,71,-0.20123630188619357,-0.018483030606010087,-0.1374182197290147,0.007042305090755319,-0.06381808215717888,-0.025525335696765405,-0.07615125167230871,-0.08326252925169762
2018-10-01,COST,top100,48.368957370941395,55.744595743560375,17.951705504896992,57.57399249469732,1,45,4,71,-0.12530727318653734,0.22722837334657764,-0.1374182197290147,0.007042305090755319,0.012110946542477352,0.22018606825582232,-0.00022222297265248048,0.1624488747008901
2018-10-01,ABT,top100,48.30933343600421,60.24960003536821,16.13260852622555,29.080917060013498,2,46,4,71,-0.05847620324983882,0.09089817389554922,-0.1374182197290147,0.007042305090755319,0.07894201647917587,0.0838558688047939,0.06660884696404604,0.02611867524986168
2018-10-01,HD,top100,47.28948531239193,50.453642542876224,31.725086379341697,56.269182565102355,2,47,4,71,-0.1645414133336469,0.11559629790787107,-0.1374182197290147,0.007042305090755319,-0.027123193604632223,0.10855399281711575,-0.039456363119762056,0.050816799262183535
2018-10-01,DE,top100,46.92754677866156,49.57206181828643,27.40906989806476,67.45289526248105,2,48,4,71,-0.013184548109708594,0.10307286287329043,-0.1374182197290147,0.007042305090755319,0.1242336716193061,0.09603055778253511,0.11190050210417626,0.03829336422760289
2018-10-01,MCD,top100,46.713980678428186,51.011218920557916,28.298684176343748,53.463905987688875,1,49,4,71,0.0628532981251344,0.26715910827462674,-0.1374182197290147,0.007042305090755319,0.2002715178541491,0.2601168031838714,0.18793834833901926,0.2023796096289392
2018-10-01,VZ,top100,46.56931455389016,39.67469234458836,66.63419322993792,54.70191266690725,2,50,4,71,0.05202129723188098,0.1412432649965112,-0.1374182197290147,0.007042305090755319,0.18943951696089567,0.13420095990575587,0.17710634744576584,0.07646376635082365
2018-10-01,SYK,top100,45.0450944126369,55.32119610189098,10.939586418309823,41.323398576512446,3,51,4,71,-0.13226187073112883,0.18339283650717375,-0.1374182197290147,0.007042305090755319,0.005156348997885862,0.17635053141641843,-0.00717682051724397,0.11861333786148621
2018-10-01,SBUX,top100,44.86506606104049,35.786320144970624,69.39188662027726,59.362646355056015,0,52,4,71,0.16346502122880602,0.5461493453469157,-0.1374182197290147,0.007042305090755319,0.3008832409578207,0.5391070402561604,0.28855007144269085,0.4813698467012282
2018-10-01,RTX,top100,44.278617153192506,48.66580185777334,24.322084534850493,53.481389457810714,1,53,4,71,-0.22707060980953264,-0.05254218034090474,-0.1374182197290147,0.007042305090755319,-0.08965239008051795,-0.05958448543166006,-0.10198555959564778,-0.11732167898659228
2018-10-01,CSCO,top100,44.075423718968295,52.83605684203237,20.40146909827761,30.098901098901116,3,54,4,71,-0.1151951565116579,-0.02114131134870534,-0.1374182197290147,0.007042305090755319,0.022223063217356787,-0.028183616439460657,0.009889893702226954,-0.08592080999439287
2018-10-01,HON,top100,43.849093883619844,52.59019744916593,19.916608214480554,30.52634026307583,3,55,4,71,-0.17802827021249235,0.0197153759382378,-0.1374182197290147,0.007042305090755319,-0.040610050483477655,0.012673070847482482,-0.05294321999860749,-0.045064122707449736
2018-10-01,AXP,top100,43.26417318634241,43.655449994546856,35.56432338347232,55.92493513465149,1,56,4,71,-0.11005303214481443,0.06107864992603518,-0.1374182197290147,0.007042305090755319,0.027365187584200257,0.05403634483527986,0.015032018069070424,-0.003700848719652358
2018-10-01,LOW,top100,42.757937944901556,41.291357594468124,41.68582599433664,55.16822429906543,1,57,4,71,-0.18714553456263894,-0.04924721746858607,-0.1374182197290147,0.007042305090755319,-0.04972731483362425,-0.05628952255934139,-0.06206048434875408,-0.1140267161142736
2018-10-01,LMT,top100,42.67852320767732,48.77957548079869,18.512586704076064,48.3030303030303,3,58,5,71,-0.2335529979217199,0.11626555730178678,-0.1374182197290147,0.007042305090755319,-0.09613477819270522,0.10922325221103146,-0.10846794770783505,0.051486058656099246
2018-10-01,AMGN,top100,42.19362197054595,42.908637561908584,34.727385498662095,52.12098577477519,4,59,5,71,-0.06606753192393044,-0.05741906294915877,-0.1374182197290147,0.007042305090755319,0.07135068780508425,-0.06446136803991409,0.05901751828995441,-0.12219856159484631
2018-10-01,BSX,top100,40.79476717645402,49.9063724365977,13.685347676349643,31.23236935565705,2,60,5,71,-0.11595690097485878,0.004361210877372956,-0.1374182197290147,0.007042305090755319,0.02146131875415591,-0.0026810942133823623,0.009128149239026079,-0.06041828776831458
2018-10-01,WMT,top100,39.674769188490984,37.999305638969,31.210155093133817,68.33224222585923,3,61,5,71,-0.005833526713196813,0.2562110637082522,-0.1374182197290147,0.007042305090755319,0.13158469301581788,0.24916875861749688,0.11925152350068804,0.19143156506256465
2018-10-01,MDT,top100,38.73614264131154,39.60599465023432,29.900720447961707,50.318022965551705,0,62,5,71,-0.11128182150626464,0.08811610192866692,-0.1374182197290147,0.007042305090755319,0.026136398222750046,0.0810737968379116,0.013803228707620213,0.023336603282979387
2018-10-01,PG,top100,36.3455140201728,26.974068573678096,56.795391369859445,61.04587744626242,1,63,5,71,0.10059260414719895,0.491430270049136,-0.1374182197290147,0.007042305090755319,0.23801082387621364,0.48438796495838066,0.2256776543610838,0.4266507714034484
2018-10-01,ORCL,top100,33.38530586008525,33.78843443530097,35.52564752032837,26.282722513089013,3,64,5,71,-0.12351123589406188,0.04310874573591916,-0.1374182197290147,0.007042305090755319,0.013906983834952813,0.036066440645163844,0.0015738143198229804,-0.021670752909768373
2018-10-01,CB,top100,32.81021916392885,18.182641006732474,68.47702829085807,63.86964801044498,1,65,5,71,-0.03861236442072069,0.2024576624050347,-0.1374182197290147,0.007042305090755319,0.098805855308294,0.1954153573142794,0.08647268579316417,0.13767816375934716
2018-10-01,GILD,top100,32.628777402421896,25.13383044945411,42.242712960798066,65.86553495644408,3,66,5,71,-0.17938532122675144,-0.1799631041860975,-0.1374182197290147,0.007042305090755319,-0.04196710149773675,-0.18700540927685283,-0.05430027101286658,-0.24474260283178506
2018-10-01,BMY,top100,29.435942670458758,23.030784801880365,35.22293014314291,62.698072805139184,3,67,5,71,-0.15029061060782978,-0.18191269093702933,-0.1374182197290147,0.007042305090755319,-0.012872390878815088,-0.18895499602778465,-0.02520556039394492,-0.24669218958271688
2018-10-01,MDLZ,top100,29.134990876550884,18.334910870017143,53.531129036448185,55.94327460249247,0,68,5,71,-0.06258595027758762,0.28791857431480294,-0.1374182197290147,0.007042305090755319,0.07483226945142707,0.2808762692240476,0.06249909993629724,0.2231390756691154
2018-10-01,PM,top100,27.086492409736156,12.112070878137526,54.127146494167775,77.82613496206335,1,69,5,71,-0.16467185988123734,-0.0051121273239210785,-0.1374182197290147,0.007042305090755319,-0.027253640152222647,-0.012154432414676397,-0.03958680966735248,-0.06989162596960861
2018-10-01,IBM,top100,26.614232794072443,14.079813322207087,53.19752942093368,61.188575843407435,3,70,5,71,-0.23740370811219014,-0.02861778613473487,-0.1374182197290147,0.007042305090755319,-0.09998548838317545,-0.03566009122549019,-0.11231865789830528,-0.0933972847804224
2018-10-01,PEP,top100,20.477736769933635,12.042584063276571,30.60777284181539,59.26373357276958,3,71,5,71,-0.00507915077619725,0.24687990052798114,-0.1374182197290147,0.007042305090755319,0.13233906895281744,0.23983759543722583,0.12000589943768761,0.1821004018822936
2019-01-02,MA,top100,75.22589920426675,93.10042364125452,18.308752650857915,63.93852125217013,1,1,1,67,0.2620600270672069,0.6078752683173219,0.14753006958261605,0.32313446607082286,0.11452995748459083,0.284740802246499,0.09444726010474463,0.23118341442201873
2019-01-02,AAPL,top100,74.5740998153794,75.98731222342063,75.17076205005267,63.48828848974433,0,2,1,67,0.21618777195761396,0.9304883684279415,0.14753006958261605,0.32313446607082286,0.06865770237499791,0.6073539023571186,0.048575004995151716,0.5537965145326383
2019-01-02,ADI,top100,74.11797871180077,74.72100565284227,78.87835530856125,60.376036930989486,0,3,1,67,0.2666985235916992,0.4305009590447193,0.14753006958261605,0.32313446607082286,0.11916845400908316,0.10736649297389644,0.09908575662923697,0.05380910514941617
2019-01-02,TXN,top100,70.76297703065934,75.73072321920752,57.325832697686245,62.86304237676829,0,4,1,67,0.15904515386827733,0.4103062131712245,0.14753006958261605,0.32313446607082286,0.011515084285661281,0.08717174710040165,-0.008567613094184912,0.03361435927592138
2019-01-02,INTU,top100,70.67052186435487,83.72937730438093,28.568386546075335,63.462804420731544,0,5,1,67,0.3696943885104962,0.37947204154741043,0.14753006958261605,0.32313446607082286,0.22216431892788013,0.056337575476587576,0.20208162154803394,0.002780187652107302
2019-01-02,PGR,top100,70.15847307114618,69.30773989935378,71.32824047297731,73.7740704700308,0,6,1,67,0.27610867464665323,0.30874920460802446,0.14753006958261605,0.32313446607082286,0.12857860506403718,-0.014385261462798393,0.10849590768419098,-0.06794264928727867
2019-01-02,UNP,top100,69.51826591686684,73.77399851980027,57.83012785587156,63.10441381832331,1,7,1,67,0.24697812999827073,0.3523462995482145,0.14753006958261605,0.32313446607082286,0.09944806041565468,0.029211833477391647,0.07936536303580849,-0.024345554347088627
2019-01-02,BX,top100,68.77657885596298,62.87048528354041,88.36675020885548,70.93889115713591,0,8,1,67,0.19737573080077264,0.9414124846785361,0.14753006958261605,0.32313446607082286,0.04984566121815659,0.6182780186077133,0.029762963838310397,0.564720630783233
2019-01-02,SPGI,top100,68.01041702445944,77.17066230659756,40.5972202682729,58.715093561865764,0,9,1,67,0.257008052725195,0.6520079928585776,0.14753006958261605,0.32313446607082286,0.10947798314257895,0.3288735267877547,0.08939528576273276,0.27531613896327445
2019-01-02,LRCX,top100,67.04361852818346,59.977912280691,94.29760996694635,61.99557938310487,0,10,1,67,0.34370779911983873,1.2001016792971422,0.14753006958261605,0.32313446607082286,0.19617772953722268,0.8769672132263193,0.17609503215737649,0.823409825401839
2019-01-02,MSFT,top100,66.79307599259026,79.11344988935292,26.41263484798954,61.31134100445311,1,11,1,67,0.18204309470070057,0.6118956094800683,0.14753006958261605,0.32313446607082286,0.03451302511808452,0.2887611434092454,0.014430327738238324,0.23520375558476514
2019-01-02,VRTX,top100,66.30059888293725,74.19772316586146,38.63444843994043,66.35302978846144,1,12,1,67,0.13389809848854206,0.33745733788395893,0.14753006958261605,0.32313446607082286,-0.013631971094073991,0.014322871813136073,-0.033714668473920184,-0.0392345160113442
2019-01-02,ICE,top100,64.27150221702689,64.61363721371717,61.853156517705145,66.7132486388385,0,13,1,67,0.025978545692761035,0.2463194866875671,0.14753006958261605,0.32313446607082286,-0.12155152388985502,-0.07681497938325577,-0.1416342212697012,-0.13037236720773604
2019-01-02,COP,top100,64.18265216615951,61.75759798045326,71.03941248111268,67.44451083619693,0,14,1,67,0.07285355583249342,0.05590127147265411,0.14753006958261605,0.32313446607082286,-0.07467651375012263,-0.26723319459816874,-0.09475921112996882,-0.320790582422649
2019-01-02,INTC,top100,63.28271836348014,64.09117331274706,58.91631252043152,66.356345404709,0,15,2,67,0.1651533512183445,0.3245068253447225,0.14753006958261605,0.32313446607082286,0.01762328163572846,0.0013723592738996704,-0.0024594157441177322,-0.0521850285505806
2019-01-02,FISV,top100,62.88480867784674,67.33930052898438,50.81939450074462,55.83419407408757,0,16,2,67,0.2368093061902785,0.5997784240409916,0.14753006958261605,0.32313446607082286,0.08927923660766246,0.2766439579701687,0.06919653922781627,0.22308657014568845
2019-01-02,TJX,top100,62.716196128809386,60.389955980307334,68.40003087428717,67.63220767736827,0,17,2,67,0.196133557186994,0.4046204587675464,0.14753006958261605,0.32313446607082286,0.04860348760437794,0.08148599269672352,0.028520790224531745,0.027928604872243246
2019-01-02,JPM,top100,62.22518612784191,62.35412337409504,65.75107640897114,54.27084484181154,0,18,2,67,0.06222887172114189,0.46506134287017264,0.14753006958261605,0.32313446607082286,-0.08530119786147417,0.1419268767993498,-0.10538389524132036,0.08836948897486951
2019-01-02,SBUX,top100,61.80654859781955,57.26426378458986,77.35223841511211,62.51116265584231,1,19,2,67,0.15587645274134987,0.4152321162450978,0.14753006958261605,0.32313446607082286,0.008346383158733817,0.09209765017427496,-0.011736314221112376,0.038540262349794685
2019-01-02,KLAC,top100,61.562035113728676,54.08918785843797,84.4691438741782,68.05774837986459,0,20,2,67,0.3531606645842702,1.0576102677540504,0.14753006958261605,0.32313446607082286,0.20563059500165415,0.7344758016832276,0.18554789762180796,0.6809184138587473
2019-01-02,UNH,top100,61.194179669102894,64.27545449918784,44.85089535432785,72.31182448805835,0,21,2,67,0.012268145951819909,0.22159682882290777,0.14753006958261605,0.32313446607082286,-0.13526192363079614,-0.10153763724791509,-0.15534462101064234,-0.15509502507239536
2019-01-02,META,top100,60.823122048744956,57.184210058367945,73.42899822018815,61.08375363849767,0,22,2,67,0.24336704612454096,0.5461375520543292,0.14753006958261605,0.32313446607082286,0.09583697654192491,0.22300308598350638,0.07575427916207872,0.1694456981590261
2019-01-02,DIS,top100,60.61385091600643,53.19784518729678,83.03403436126548,67.68552412645593,0,23,2,67,0.03248586623387939,0.37662834111117593,0.14753006958261605,0.32313446607082286,-0.11504420334873666,0.05349387504035308,-0.13512690072858285,-6.351278412719541e-05
2019-01-02,ACN,top100,59.661485566746556,61.77044579519652,54.10605317641931,56.009628748251274,0,24,2,67,0.2541426001325633,0.513628652910693,0.14753006958261605,0.32313446607082286,0.10661253054994724,0.19049418683987018,0.08652983317010104,0.1369367990153899
2019-01-02,ADP,top100,58.142877844625936,67.15797728929688,24.275226108750132,62.77248520368096,1,25,2,67,0.2518343827375642,0.33565877086171847,0.14753006958261605,0.32313446607082286,0.10430431315494815,0.012524304790895613,0.08422161577510195,-0.04103308303358466
2019-01-02,GOOGL,top100,57.72429360758626,61.943061977691535,39.53729432276344,64.56691358649496,1,26,2,67,0.13681899193864866,0.2977205768336175,0.14753006958261605,0.32313446607082286,-0.010711077643967393,-0.025413889237205334,-0.030793775023813585,-0.07897127706168561
2019-01-02,VZ,top100,57.630569556427716,55.08817857561128,61.815317278704015,67.05781097759012,1,27,2,67,0.06580986060847915,0.13591567707401642,0.14753006958261605,0.32313446607082286,-0.0817202089741369,-0.18721878899680644,-0.10180290635398309,-0.2407761768212867
2019-01-02,TMO,top100,56.76949273711486,61.28127412452686,33.67045330718099,71.38510188509859,0,28,3,67,0.25965234536669746,0.4913421161545939,0.14753006958261605,0.32313446607082286,0.1121222757840814,0.16820765008377103,0.09203957840423521,0.11465026225929076
2019-01-02,SCHW,top100,54.460735674074044,45.02942556109932,82.63487243750401,64.13163293803717,0,29,3,67,0.06527402534335325,0.17874495936638923,0.14753006958261605,0.32313446607082286,-0.0822560442392628,-0.14438950670443362,-0.102338741619109,-0.1979468945289139
2019-01-02,CAT,top100,52.335396284377055,50.240684521856856,48.95967273255603,73.74982572566044,0,30,3,67,0.11688721207602049,0.22485151673659587,0.14753006958261605,0.32313446607082286,-0.030642857506595567,-0.09828294933422699,-0.05072555488644176,-0.15184033715870726
2019-01-02,RTX,top100,51.65474832331617,46.08861944702828,67.02853147361157,59.87008415674061,0,31,3,67,0.23713208920491735,0.4459580990240368,0.14753006958261605,0.32313446607082286,0.0896020196223013,0.12282363295321397,0.0695193222424551,0.0692662451287337
2019-01-02,CMCSA,top100,51.4212143457122,35.698705775660834,91.42725473103047,81.46669356543524,1,32,3,67,0.17282802508607964,0.3397572860304967,0.14753006958261605,0.32313446607082286,0.025297955503463587,0.01662281995967385,0.0052152581236173945,-0.03693456786480642
2019-01-02,DHR,top100,51.08435046271979,53.19954122393018,36.557199157313576,65.33231774505948,0,33,3,67,0.31336293030993123,0.5508234492683872,0.14753006958261605,0.32313446607082286,0.16583286072731518,0.22768898319756437,0.145750163347469,0.1741315953730841
2019-01-02,ABT,top100,50.77318148491439,58.913606371113175,15.93390178344412,63.468766684463446,3,34,3,67,0.15150255256697798,0.2718293341460909,0.14753006958261605,0.32313446607082286,0.003972482984361925,-0.05130513192473196,-0.016110214395484268,-0.10486251974921224
2019-01-02,CSCO,top100,50.58829427721801,56.13556520144881,27.260924097813316,58.41213816641188,3,35,3,67,0.2900066096547549,0.1677309084344436,0.14753006958261605,0.32313446607082286,0.14247654007213884,-0.15540355763637925,0.12239384269229264,-0.20896094546085953
2019-01-02,HON,top100,50.43439615038386,52.75274532900106,37.83271584758999,59.40931250565117,2,36,3,67,0.23136699446475384,0.3992922439105546,0.14753006958261605,0.32313446607082286,0.08383692488213779,0.07615777783973177,0.0637542275022916,0.022600390015251492
2019-01-02,SYK,top100,50.412690896976244,56.57815105027345,28.159438451200465,51.76097471544746,1,37,3,67,0.27262882620071816,0.3763311228849051,0.14753006958261605,0.32313446607082286,0.1250987566181021,0.053196656814082255,0.10501605923825591,-0.0003607310103980188
2019-01-02,COST,top100,50.41264457564895,51.632934382513284,39.124441538629185,64.44702200163817,0,38,3,67,0.195788225822094,0.43755130214668503,0.14753006958261605,0.32313446607082286,0.048258156239477934,0.11441683607586217,0.02817545885963174,0.0608594482513819
2019-01-02,HD,top100,50.057472413332576,43.72921082790011,65.78261777632487,62.90501278537525,1,39,3,67,0.14318733192054522,0.30875733989475185,0.14753006958261605,0.32313446607082286,-0.004342737662070828,-0.014377126176071009,-0.02442543504191702,-0.06793451400055128
2019-01-02,AXP,top100,49.14935496324006,47.120091166567846,45.88594884647516,69.88101377347532,2,40,3,67,0.17221090403981942,0.33923602268781106,0.14753006958261605,0.32313446607082286,0.02468083445720337,0.0161015566169882,0.004598137077357178,-0.037455831207492074
2019-01-02,MCD,top100,48.86439166917194,55.486623323508255,17.854736478878355,64.52808046940486,1,41,4,67,0.07684581434158111,0.16798714568698414,0.14753006958261605,0.32313446607082286,-0.07068425524103494,-0.15514732038383872,-0.09076695262088114,-0.208704708208319
2019-01-02,LOW,top100,48.08952639181568,37.89318648247765,70.60209400312375,74.43877053456578,1,42,4,67,0.18655333154655596,0.3313699656087108,0.14753006958261605,0.32313446607082286,0.039023261963939904,0.008235499537887936,0.01894056458409371,-0.04532188828659234
2019-01-02,BSX,top100,47.378609541917626,51.53233966598011,23.903084030787582,65.25354969574035,1,43,4,67,0.12188044109112006,0.3154381892048752,0.14753006958261605,0.32313446607082286,-0.02564962849149599,-0.007696276865947649,-0.04573232587134218,-0.06125366469042792
2019-01-02,REGN,top100,46.27234965117741,38.54771865903961,65.86824851985034,61.152968858796136,0,44,4,67,0.10098298398029915,0.002443366213300102,0.14753006958261605,0.32313446607082286,-0.04654708560231691,-0.32069109985752275,-0.0666297829821631,-0.37424848768200303
2019-01-02,LLY,top100,45.39445644967233,52.712787907737074,13.83867276887872,57.27770360480642,3,45,4,67,0.12943415998884755,0.17683473779845893,0.14753006958261605,0.32313446607082286,-0.0180959095937685,-0.14629972827236393,-0.03817860697361469,-0.1998571160968442
2019-01-02,WFC,top100,45.38351417471615,27.045871015371638,95.9225788831052,72.66888687334959,0,46,4,67,0.04926522779252851,0.19105391834695973,0.14753006958261605,0.32313446607082286,-0.09826484179008754,-0.13208054772386313,-0.11834753916993374,-0.1856379355483434
2019-01-02,BAC,top100,44.075572699058775,33.068190360797146,74.64141122035859,59.995572024290496,0,47,4,67,0.1492692103612947,0.46037335391442746,0.14753006958261605,0.32313446607082286,0.0017391407786786495,0.1372388878436046,-0.018343556601167543,0.08368150001912433
2019-01-02,WMT,top100,43.84797796392121,43.93717183745273,30.329673822236753,70.26022913256955,3,48,4,67,0.05363574663070825,0.30007433449084453,0.14753006958261605,0.32313446607082286,-0.0938943229519078,-0.023060131579978327,-0.113977020331754,-0.0766175194044586
2019-01-02,T,top100,42.913003901576744,27.42563406691312,82.32133776470161,72.50792501797231,1,49,4,67,0.10544458465421203,0.42646425163891566,0.14753006958261605,0.32313446607082286,-0.04208548492840403,0.1033297855680928,-0.06216818230825022,0.04977239774361253
2019-01-02,AMGN,top100,42.78874567382536,40.025512903920074,45.15278231811413,57.40330177458489,4,50,4,67,0.0070490115565562395,0.28922038393550364,0.14753006958261605,0.32313446607082286,-0.1404810580260598,-0.03391408213531921,-0.160563755405906,-0.08747146995979949
2019-01-02,MS,top100,42.547389409312544,25.397188356334475,90.57194267720583,66.54969024437251,0,51,4,67,0.08513606942528318,0.3255436363807005,0.14753006958261605,0.32313446607082286,-0.062394000157332874,0.0024091703098776396,-0.08247669753717907,-0.051148217514602634
2019-01-02,MDLZ,top100,41.24221173925332,36.28391015543323,49.47604518542734,59.48265593364596,0,52,4,67,0.25223675154852043,0.3899795945472768,0.14753006958261605,0.32313446607082286,0.10470668196590438,0.06684512847645396,0.08462398458605819,0.01328774065197369
2019-01-02,ORCL,top100,41.084607477536224,34.032530669382616,55.58883622098725,61.44068764770944,2,53,4,67,0.21176657120489928,0.21340164299941522,0.14753006958261605,0.32313446607082286,0.06423650162228323,-0.10973282307140764,0.044153804242437034,-0.1632902108958879
2019-01-02,ETN,top100,40.28568853760934,27.53970816642252,73.46259670916422,63.15373479280729,0,54,5,67,0.209266854218215,0.44603430159644786,0.14753006958261605,0.32313446607082286,0.06173678463559895,0.122899835525625,0.04165408725575276,0.06934244770114473
2019-01-02,GS,top100,40.163995883328,25.188400482935087,82.6605777263672,60.0,2,55,5,67,0.14825662521294958,0.3901687074187665,0.14753006958261605,0.32313446607082286,0.0007265556303335252,0.06703424134794367,-0.019356141749512668,0.013476853523463395
2019-01-02,MDT,top100,39.798370811647494,37.97427923041878,35.390348088639946,61.38305732626364,2,56,5,67,0.037160933341759295,0.33030271112889964,0.14753006958261605,0.32313446607082286,-0.11036913624085676,0.007168245058076783,-0.13045183362070295,-0.04638914276640349
2019-01-02,CVX,top100,38.58452218839069,28.710969849668363,62.966516002042745,58.935400932142876,0,57,5,67,0.1400855754367174,0.14159981611889627,0.14753006958261605,0.32313446607082286,-0.00744449414589865,-0.18153464995192659,-0.027527191525744843,-0.23509203777640686
2019-01-02,CB,top100,37.09022360246832,18.59270593876486,85.26355953987533,70.22617537357854,0,58,5,67,0.11737522121066357,0.2505169717613607,0.14753006958261605,0.32313446607082286,-0.03015484837195248,-0.07261749430946218,-0.05023754575179867,-0.12617488213394246
2019-01-02,DE,top100,36.761529476505515,32.254435540490576,35.42014706932248,70.99395184297614,1,59,5,67,0.0985238281511025,0.2162594386477572,0.14753006958261605,0.32313446607082286,-0.04900624143151355,-0.10687502742306565,-0.06908893881135975,-0.16043241524754592
2019-01-02,PG,top100,34.388952734187185,28.52836201245845,41.79570302568015,60.599587203302384,1,60,5,67,0.1443869501270223,0.3900160449257921,0.14753006958261605,0.32313446607082286,-0.003143119455593757,0.06688157885496926,-0.02322581683543995,0.013324191030488985
2019-01-02,BMY,top100,32.95140760887023,22.883327886312813,45.960099524172755,77.41058183616704,2,61,5,67,-0.0947722518371319,0.25847047434656356,0.14753006958261605,0.32313446607082286,-0.24230232141974795,-0.0646639917242593,-0.26238501879959414,-0.11822137954873957
2019-01-02,GILD,top100,32.623833670671345,22.961886390072483,45.633467727289236,74.23819652162763,4,62,5,67,0.048508780176961475,0.06776353588851625,0.14753006958261605,0.32313446607082286,-0.09902128940565458,-0.2553709301823066,-0.11910398678550077,-0.3089283180067869
2019-01-02,XOM,top100,30.35707440737163,14.281283782002268,72.33046384076134,58.94082991817774,0,63,5,67,0.18578504089556835,0.06608950819937909,0.14753006958261605,0.32313446607082286,0.0382549713129523,-0.25704495787144377,0.01817227393310611,-0.31060234569592404
2019-01-02,IBM,top100,29.317852726009036,13.244310214052582,67.7987087283426,64.8709383050371,3,64,5,67,0.2583078324798138,0.23179616073392184,0.14753006958261605,0.32313446607082286,0.11077776289719776,-0.09133830533690102,0.09069506551735157,-0.1448956931613813
2019-01-02,PM,top100,29.029650537151674,15.108769232938918,62.22013366750209,60.0948534059401,1,65,5,67,0.32694756790354185,0.3407542954504952,0.14753006958261605,0.32313446607082286,0.1794174983209258,0.017619829379672325,0.1593348009410796,-0.03593755844480795
2019-01-02,LMT,top100,28.8428803725375,21.626315486114393,37.91012858232538,61.22433815792346,1,66,5,67,0.157716203123629,0.5475236259091398,0.14753006958261605,0.32313446607082286,0.010186133541012943,0.22438915983831698,-0.00989656383883325,0.1708317720138367
2019-01-02,PEP,top100,20.495708029203595,11.967070768140264,30.14828738512949,60.89101014479512,3,67,5,67,0.12545160549469392,0.27973834569285816,0.14753006958261605,0.32313446607082286,-0.022078464087922134,-0.0433961203779647,-0.04216116146776833,-0.09695350820244497
2019-04-01,VRTX,top100,75.68424241195159,89.86422076611635,34.41201570233828,58.96884735202492,2,1,1,79,-0.02262832571889284,0.2789572695511957,0.039421938759617525,-0.07981458119178897,-0.062050264478510364,0.3587718507429847,-0.06412509352315574,0.3195200990524699
2019-04-01,AVGO,top100,70.99901879870978,78.49673919178409,55.443548387096776,49.625916870415644,1,2,1,79,-0.00837151955645088,-0.18842594228677556,0.039421938759617525,-0.07981458119178897,-0.047793458316068405,-0.10861136109498659,-0.04986828736071378,-0.14786311278550135
2019-04-01,MA,top100,70.88313203817765,94.39219923556472,9.250992063492065,29.583941605839414,1,3,1,79,0.11751771743409489,0.015722886150155935,0.039421938759617525,-0.07981458119178897,0.07809577867447737,0.0955374673419449,0.076020949629832,0.05628571565143016
2019-04-01,ADBE,top100,70.24733324579857,86.50140149175732,26.522177419354836,43.919167176974895,1,4,1,79,0.10581621780504835,0.16926920674578394,0.039421938759617525,-0.07981458119178897,0.06639427904543083,0.2490837879375729,0.06431945000078546,0.20983203624705815
2019-04-01,MSFT,top100,69.03148912945214,81.96298258885555,32.29718701996928,51.97963913259394,0,5,1,79,0.14419622932173848,0.34260315734915103,0.039421938759617525,-0.07981458119178897,0.10477429056212095,0.42241773854094,0.10269946151747558,0.38316598685042524
2019-04-01,AAPL,top100,68.66026040700478,71.86147666027945,53.698156682027644,76.17595408403648,0,6,1,79,0.05797018688653499,0.3470941329180788,0.039421938759617525,-0.07981458119178897,0.018548248126917466,0.42690871410986775,0.016473419082272088,0.387656962419353
2019-04-01,INTU,top100,68.04116612734485,88.54150977795807,15.596518177163338,29.428056473415438,0,7,1,79,-0.004037880144693418,-0.12799579691940877,0.039421938759617525,-0.07981458119178897,-0.04345981890431094,-0.0481812157276198,-0.04553464794895632,-0.08743296741813454
2019-04-01,COP,top100,65.97721204694932,63.819187057630685,72.83691059905593,67.36398986796652,0,8,1,79,-0.07578680261329851,-0.5336402849061731,0.039421938759617525,-0.07981458119178897,-0.11520874137291603,-0.45382570371438413,-0.1172835704175614,-0.4930774554048989
2019-04-01,LRCX,top100,65.41227768021518,61.3377390078421,79.15402585765489,66.4505520319474,0,9,1,79,0.04194402733603697,0.3270629130851177,0.039421938759617525,-0.07981458119178897,0.0025220885764194456,0.40687749427690667,0.0004472595317740677,0.3676257425863919
2019-04-01,AMZN,top100,64.95944434378858,73.13572522884128,37.29767720000284,63.04901243599122,1,10,1,79,0.05953069965108382,0.07470551596029074,0.039421938759617525,-0.07981458119178897,0.020108760891466293,0.1545200971520797,0.018033931846820915,0.11526834546156496
2019-04-01,REGN,top100,63.271131870030764,62.31442710192296,66.52665770609319,63.45701357466062,0,11,1,79,-0.2279967810284511,0.19080579405031828,0.039421938759617525,-0.07981458119178897,-0.26741871978806864,0.27062037524210725,-0.26949354883271404,0.2313686235515925
2019-04-01,ADI,top100,63.05564225617549,68.07920550055567,49.945196492575526,54.11159107271419,0,12,1,79,0.06793967053358885,-0.1547573259542524,0.039421938759617525,-0.07981458119178897,0.028517731773971322,-0.07494274476246343,0.026442902729325944,-0.11419449645297818
2019-04-01,SBUX,top100,61.45130969675561,67.77537597457783,54.24819100062166,31.589083144268024,1,13,1,79,0.14848973099952034,-0.09495418911790343,0.039421938759617525,-0.07981458119178897,0.10906779223990282,-0.015139607926114462,0.10699296319525745,-0.054391359616629206
2019-04-01,ORCL,top100,61.39897891681052,61.928447785448114,65.61723950332821,49.25617566331199,0,14,1,79,0.06760342811347453,-0.0989691944096891,0.039421938759617525,-0.07981458119178897,0.028181489353857003,-0.01915461321790013,0.026106660309211625,-0.05840636490841487
2019-04-01,KLAC,top100,61.274888328599516,59.35470065167438,72.11181515617,53.04234841193456,0,15,1,79,0.003305369428925564,0.2031005802360466,0.039421938759617525,-0.07981458119178897,-0.03611656933069196,0.28291516142783557,-0.03819139837533734,0.2436634097373208
2019-04-01,AMAT,top100,61.010698735172596,49.1868351136725,83.32765296979007,99.14383561643834,0,16,1,79,0.11630340656091942,0.13222563200979498,0.039421938759617525,-0.07981458119178897,0.0768814678013019,0.21204021320158395,0.07480663875665652,0.1727884615110692
2019-04-01,NEE,top100,60.49920149751038,66.79786968380252,41.61589008363202,54.17514702122219,2,17,2,79,0.0777991016948294,0.2918327147146844,0.039421938759617525,-0.07981458119178897,0.03837716293521187,0.3716472959064734,0.036302333890566495,0.3323955442159586
2019-04-01,PGR,top100,60.49620203448769,66.0831377173246,45.307539682539684,51.76497695852533,0,18,2,79,0.12509716684155303,0.05147198321091295,0.039421938759617525,-0.07981458119178897,0.0856752280819355,0.13128656440270192,0.08360039903729014,0.09203481271218718
2019-04-01,AMGN,top100,60.28003883931664,53.3466181677023,86.9899673579109,55.39412650342846,1,19,2,79,-0.019896212454898032,0.08861537414369369,0.039421938759617525,-0.07981458119178897,-0.05931815121451556,0.16842995533548266,-0.061392980259160936,0.1291782036449679
2019-04-01,UNP,top100,59.52077903228663,69.40054646606026,29.320516513056834,50.7629320343308,2,20,2,79,0.008645350209130376,-0.15587780318408329,0.039421938759617525,-0.07981458119178897,-0.03077658855048715,-0.07606322199229432,-0.03285141759513253,-0.11531497368280906
2019-04-01,BKNG,top100,59.27701169160807,52.41176124248953,79.06113991295442,67.76550839274516,0,21,2,79,0.07911995414009021,-0.23527875133334786,0.039421938759617525,-0.07981458119178897,0.039698015380472684,-0.1554641701415589,0.037623186335827306,-0.19471592183207365
2019-04-01,SCHW,top100,59.23395156653911,50.393566821900706,80.31994047619048,78.9446669597053,0,22,2,79,-0.07276665407379412,-0.2257574612769172,0.039421938759617525,-0.07981458119178897,-0.11218859283341165,-0.14594288008512823,-0.11426342187805702,-0.185194631775643
2019-04-01,ISRG,top100,58.80584996994944,75.07523876928599,10.305699564772146,41.92042918494819,2,23,2,79,-0.08032455080019618,-0.13957341981905347,0.039421938759617525,-0.07981458119178897,-0.1197464895598137,-0.0597588386272645,-0.12182131860445908,-0.09901059031777924
2019-04-01,CRM,top100,58.718390121306875,66.70522707902155,32.14440557545268,55.958500509012524,2,24,2,79,-0.04417412642980978,-0.10671306099701527,0.039421938759617525,-0.07981458119178897,-0.0835960651894273,-0.026898479805226305,-0.08567089423407268,-0.06615023149574105
2019-04-01,META,top100,58.303942178387786,53.26680724219799,62.25174411162315,85.66828286524564,0,25,2,79,0.14404224084577355,-0.011262830268220947,0.039421938759617525,-0.07981458119178897,0.10462030208615603,0.06855175092356802,0.10254547304151065,0.029299999233053278
2019-04-01,AXP,top100,57.945704107840456,59.63037081161457,58.53422619047619,44.97599301615015,0,26,2,79,0.12231194077456387,-0.22281822463914802,0.039421938759617525,-0.07981458119178897,0.08289000201494634,-0.14300364344735905,0.08081517297030097,-0.1822553951378738
2019-04-01,ICE,top100,57.89791226696597,60.168575318558695,52.063492063492056,53.67211131276469,0,27,2,79,0.12257317876169771,0.06234268953505939,0.039421938759617525,-0.07981458119178897,0.08315124000208018,0.14215727072684836,0.08107641095743481,0.10290551903633362
2019-04-01,UNH,top100,57.473980970500754,58.59565856306794,52.84434203789043,58.881515687751076,0,28,2,79,-0.00743436482340043,0.03334443123558395,0.039421938759617525,-0.07981458119178897,-0.046856303583017955,0.11315901242737292,-0.04893113262766333,0.07390726073685817
2019-04-01,CMCSA,top100,56.60013488669781,51.5254507898339,77.64336917562724,50.03645498688633,1,29,2,79,0.0650856165505671,-0.12461418488980924,0.039421938759617525,-0.07981458119178897,0.02566367779094958,-0.044799603698020274,0.0235888487463042,-0.08405135538853502
2019-04-01,GOOGL,top100,56.327395167454014,63.249270627388356,33.1050787250384,54.31889983274486,1,30,2,79,-0.08255267841957159,-0.030883791734796717,0.039421938759617525,-0.07981458119178897,-0.12197461717918912,0.04893078945699225,-0.12404944622383449,0.009679037766477508
2019-04-01,CSCO,top100,55.99666697471836,67.38457071879087,29.56463652176413,29.14540167211925,1,31,2,79,0.0019366372032971757,-0.2650980958657988,0.039421938759617525,-0.07981458119178897,-0.03748530155632035,-0.18528351467400983,-0.03956013060096573,-0.2245352663645246
2019-04-01,LLY,top100,55.89036617477011,65.49157379220564,23.400284986660196,53.66207522894118,0,32,2,79,-0.12148397465363259,0.09894157464818476,0.039421938759617525,-0.07981458119178897,-0.1609059134132501,0.17875615583997373,-0.16298074245789548,0.13950440414945897
2019-04-01,SYK,top100,54.79324591105853,63.78674992376356,24.336197516641064,52.752814610958225,1,33,3,79,0.05595121583150253,-0.14131965537809443,0.039421938759617525,-0.07981458119178897,0.016529277071885007,-0.061505074186305464,0.014454448027239629,-0.10075682587682021
2019-04-01,TXN,top100,53.867809243116305,53.605905309264145,53.41317844342038,56.61039837947334,0,34,3,79,0.08581755554800186,-0.05478545611112995,0.039421938759617525,-0.07981458119178897,0.04639561678838433,0.02502912508065902,0.04432078774373895,-0.014222626609855724
2019-04-01,PLD,top100,53.83560902964289,59.773398090657814,34.63346987540536,50.67536391101346,2,35,3,79,0.11426342869808415,0.14386096113727098,0.039421938759617525,-0.07981458119178897,0.07484148993846662,0.22367554232905995,0.07276666089382125,0.1844237906385452
2019-04-01,TJX,top100,53.397954091199225,59.537478890322255,32.55280337941628,52.11158192090396,0,36,3,79,-0.0003259858476463151,-0.08669562473007553,0.039421938759617525,-0.07981458119178897,-0.03974792460726384,-0.006881043538286558,-0.04182275365190922,-0.0461327952288013
2019-04-01,ADP,top100,52.81626166641482,66.53371193710402,16.55929979518689,29.308033514046336,1,37,3,79,0.03158804428791506,-0.13847783796292945,0.039421938759617525,-0.07981458119178897,-0.007833894471702463,-0.05866325677114048,-0.00990872351634784,-0.09791500846165523
2019-04-01,GS,top100,52.591441670461485,37.3961521610341,93.42509920634922,77.29115316467768,0,38,3,79,0.05617689503839984,-0.19638546277212865,0.039421938759617525,-0.07981458119178897,0.016754956278782318,-0.11657088158033968,0.01468012723413694,-0.15582263327085444
2019-04-01,DIS,top100,52.52511195970975,46.36693624522025,73.94361239119303,52.795341098169715,0,39,3,79,0.25899868700037576,-0.1309167335538678,0.039421938759617525,-0.07981458119178897,0.21957674824075823,-0.05110215236207882,0.21750191919611286,-0.09035390405259357
2019-04-01,JNJ,top100,51.468946476948545,54.37888232301268,40.30007253797577,53.437143432445154,0,40,3,79,0.00959543224535575,-0.030131938298532668,0.039421938759617525,-0.07981458119178897,-0.029826506514261775,0.0496826428932563,-0.03190133555890715,0.010430891202741557
2019-04-01,TMO,top100,51.39828755352917,61.37939273157099,17.49367959549411,49.339767223306595,1,41,3,79,0.08479497513446144,0.02957653458083742,0.039421938759617525,-0.07981458119178897,0.04537303637484391,0.10939111577262639,0.04329820733019853,0.07013936408211165
2019-04-01,ACN,top100,50.973201124086934,59.48388477354224,31.513216845878134,30.31838413431744,0,42,3,79,0.06861303593936952,-0.05876410030008128,0.039421938759617525,-0.07981458119178897,0.02919109717975199,0.02105048089170769,0.027116268135106612,-0.018201270798807054
2019-04-01,BX,top100,50.34633189862224,46.19194102649374,57.25198412698413,65.61576354679804,0,43,3,79,0.3280603302255021,0.3368351671011738,0.039421938759617525,-0.07981458119178897,0.28863839146588455,0.41664974829296275,0.28656356242123915,0.377397996602448
2019-04-01,HON,top100,50.21885060212194,53.686143808524925,52.54704301075269,21.291413340039618,0,44,3,79,0.10033106029124239,-0.1544984542486071,0.039421938759617525,-0.07981458119178897,0.060909121531624866,-0.07468387305681812,0.05883429248697949,-0.11393562474733286
2019-04-01,JPM,top100,50.083715825271796,43.73188080072018,67.89682539682539,58.92034185402596,0,45,3,79,0.09470331076709981,-0.11425720358860447,0.039421938759617525,-0.07981458119178897,0.05528137200748229,-0.0344426223968155,0.05320654296283691,-0.07369437408733025
2019-04-01,BAC,top100,50.05603927683729,41.38767296332976,75.20337301587301,60.43993599331857,0,46,3,79,0.036406371324841036,-0.238244737780949,0.039421938759617525,-0.07981458119178897,-0.0030155674347764894,-0.15843015658916004,-0.005090396479421867,-0.1976819082796748
2019-04-01,INTC,top100,48.8236036625773,45.257775000375595,60.351222478238604,50.72916666666668,0,47,3,79,-0.11311210807925476,0.016185198835835024,0.039421938759617525,-0.07981458119178897,-0.15253404683887228,0.095999780027624,-0.15460887588351765,0.05674802833710925
2019-04-01,ABT,top100,48.51743758372856,56.234984466444395,19.927115335381465,51.67525390141195,1,48,4,79,0.06497269009406348,0.006624288482369067,0.039421938759617525,-0.07981458119178897,0.025550751334445954,0.08643886967415804,0.023475922289800576,0.04718711798364329
2019-04-01,BMY,top100,48.515033199005146,35.02613478602837,87.22206221198157,65.52326406388974,0,49,4,79,-0.010671467227986176,0.22341515167760972,0.039421938759617525,-0.07981458119178897,-0.0500934059876037,0.3032297328693987,-0.05216823503224908,0.26397798117888394
2019-04-01,SPGI,top100,47.60354780365026,57.425787529545424,24.998116636221475,24.05873205724172,0,50,4,79,0.09384387999659194,0.161811343838985,0.039421938759617525,-0.07981458119178897,0.054421941236974414,0.24162592503077396,0.052347112192329036,0.2023741733402592
2019-04-01,DHR,top100,46.2833318731343,53.96471318652895,16.047587045570918,52.98515233449852,1,51,4,79,0.0937178312687812,0.05514057984483789,0.039421938759617525,-0.07981458119178897,0.05429589250916367,0.13495516103662686,0.05222106346451829,0.09570340934611211
2019-04-01,MS,top100,45.79064534852245,29.45528321584191,87.64632936507937,76.42681224417245,0,52,4,79,0.016011900815009694,-0.19667480619372846,0.039421938759617525,-0.07981458119178897,-0.02341003794460783,-0.11686022500193949,-0.02548486698925321,-0.15611197669245425
2019-04-01,VZ,top100,45.71806295238816,45.538006759157405,45.1637704813108,48.087041247158155,1,53,4,79,-0.031243706071607535,-0.05224928862470879,0.039421938759617525,-0.07981458119178897,-0.07066564483122506,0.02756529256708018,-0.07274047387587043,-0.011686459123434564
2019-04-01,CAT,top100,44.925817938240044,34.97796837903256,68.99456670121992,66.42326732673266,1,54,4,79,-0.020120936535721334,-0.14867703866581194,0.039421938759617525,-0.07981458119178897,-0.05954287529533886,-0.06886245747402298,-0.06161770433998424,-0.10811420916453772
2019-04-01,MCD,top100,44.0612283342199,48.85554077522817,23.507264464925754,51.608968985750224,0,55,4,79,0.10148098837179864,-0.10121458258452853,0.039421938759617525,-0.07981458119178897,0.062059049612181116,-0.021400001392739565,0.05998422056753574,-0.06065175308325431
2019-04-01,MRSH,top100,44.05186472460196,50.46589378548141,18.970734126984127,49.315922493681526,1,56,4,79,0.06823266751718493,-0.07176961745720423,0.039421938759617525,-0.07981458119178897,0.028810728757567405,0.008044963734584742,0.026735899712922027,-0.03120678795593
2019-04-01,ANET,top100,44.00893686790123,55.763565112417794,10.043600167459896,29.657212557167973,3,57,4,79,-0.17439376806131435,-0.36376931775348664,0.039421938759617525,-0.07981458119178897,-0.21381570682093187,-0.2839547365616977,-0.21589053586557724,-0.32320648825221243
2019-04-01,MDT,top100,43.22674852146561,37.80485744902107,55.24830220713072,57.13687865724715,0,58,4,79,0.0817059927477164,0.01599402052195864,0.039421938759617525,-0.07981458119178897,0.04228405398809887,0.09580860171374761,0.04020922494345349,0.056556850023232866
2019-04-01,FISV,top100,42.794455366678875,48.183499794740236,20.640040962621605,49.37997317836389,1,59,4,79,0.035830254170865494,0.06359870115328614,0.039421938759617525,-0.07981458119178897,-0.003591684588752031,0.1434132823450751,-0.005666513633397409,0.10416153065456037
2019-04-01,PG,top100,41.8768405759747,44.82587190734846,27.427595366103432,50.13211167610095,1,60,4,79,0.07362069992884557,0.08908535823070096,0.039421938759617525,-0.07981458119178897,0.03419876116922804,0.16889993942248993,0.032123932124582665,0.12964818773197517
2019-04-01,C,top100,41.49408552757508,27.1416771529841,79.7189808266541,65.51115355155392,0,61,4,79,0.10620557572260814,-0.32721710700290885,0.039421938759617525,-0.07981458119178897,0.06678363696299061,-0.24740252581111988,0.06470880791834524,-0.28665427750163464
2019-04-01,LOW,top100,41.072021505376,39.594481009512606,39.32827700972862,54.90229396771452,1,62,4,79,-0.05779528041097182,-0.19485166448001023,0.039421938759617525,-0.07981458119178897,-0.09721721917058934,-0.11503708328822126,-0.09929204821523471,-0.15428883497873602
2019-04-01,COST,top100,40.99976452796756,50.83929601787933,16.665626600102406,20.79131995431554,1,63,4,79,0.08219719933340763,0.17842808894785156,0.039421938759617525,-0.07981458119178897,0.04277526057379011,0.25824267013964053,0.04070043152914473,0.21899091844912577
2019-04-01,WFC,top100,40.077045202259214,21.305037939557394,95.06200396825396,61.5111785091825,0,64,5,79,-0.013501866559767484,-0.3874251497005987,0.039421938759617525,-0.07981458119178897,-0.05292380531938501,-0.30761056850880975,-0.05499863436403039,-0.3468623201993245
2019-04-01,GILD,top100,39.951991521366345,29.614151432575113,65.60395865335381,61.01293787893004,1,65,5,79,0.03940396889128883,0.17801427908172318,0.039421938759617525,-0.07981458119178897,-1.7969868328693295e-05,0.25782886027351215,-0.0020927989129740712,0.2185771085829974
2019-04-01,CVX,top100,37.18088134384381,27.709749290727007,64.23612185806758,49.368324687213935,0,66,5,79,0.009030305581464448,-0.39550124177779156,0.039421938759617525,-0.07981458119178897,-0.030391633178153077,-0.3156866605860026,-0.032466462222798455,-0.35493841227651735
2019-04-01,DE,top100,36.88104475722319,32.607319997742344,42.257973475819696,56.04326063639613,1,67,5,79,0.024637177964259793,-0.1301996973578271,0.039421938759617525,-0.07981458119178897,-0.014784760795357732,-0.050385116166038135,-0.01685958984000311,-0.08963686785655288
2019-04-01,WMT,top100,36.57122074285307,35.50031854853937,30.70572516641065,55.798527255933806,2,68,5,79,0.13686108375055817,0.18391858408286121,0.039421938759617525,-0.07981458119178897,0.09743914499094064,0.2637331652746502,0.09536431594629527,0.22448141358413543
2019-04-01,MDLZ,top100,36.01977671157501,36.03908665697824,28.74279953917051,50.43856143856142,0,69,5,79,0.1063093292450692,0.029292797809307602,0.039421938759617525,-0.07981458119178897,0.06688739048545167,0.10910737900109657,0.0648125614408063,0.06985562731058183
2019-04-01,PEP,top100,35.181439013391916,34.00219309198358,41.43353174603175,30.93197499797062,2,70,5,79,0.0888156191020757,0.012268718496926567,0.039421938759617525,-0.07981458119178897,0.04939368034245817,0.09208329968871554,0.04731885129781279,0.05283154799820079
2019-04-01,T,top100,33.48019291273348,15.686611581523454,80.2965789810548,64.40249009456102,1,71,5,79,0.06860261157669068,-0.014804967007266745,0.039421938759617525,-0.07981458119178897,0.02918067281707315,0.06500961418452222,0.027105843772427772,0.02575786249400748
2019-04-01,XOM,top100,32.97024304231654,23.334826796083863,56.734724355692094,52.88919413919414,0,72,5,79,-0.05251842331934209,-0.5116025895188745,0.039421938759617525,-0.07981458119178897,-0.09194036207895961,-0.4317880083270855,-0.09401519112360499,-0.4710397600176003
2019-04-01,HD,top100,32.84626363782877,25.026789343383957,57.45127688172043,38.37255721115909,0,73,5,79,0.08237023757046225,-0.020387544973883842,0.039421938759617525,-0.07981458119178897,0.04294829881084472,0.05942703621790513,0.04087346976619934,0.020175284527390383
2019-04-01,ETN,top100,31.6042924525414,21.753672038341143,53.812964029697895,56.141292197630236,1,74,5,79,0.020273565602489052,-0.02250889929085964,0.039421938759617525,-0.07981458119178897,-0.019148373157128473,0.05730568190092933,-0.02122320220177385,0.018053930210414584
2019-04-01,LMT,top100,30.974235818092573,19.397963563244573,51.68658794162826,70.58343735495718,1,75,5,79,0.1956045172230858,0.14160009912452054,0.039421938759617525,-0.07981458119178897,0.15618257846346828,0.2214146803163095,0.1541077494188229,0.18216292862579475
2019-04-01,PM,top100,30.815897924954488,19.61303255367106,50.610119047619044,69.64751327860935,1,76,5,79,-0.10252563550335003,-0.11913609868665631,0.039421938759617525,-0.07981458119178897,-0.14194757426296756,-0.03932151749486734,-0.14402240330761293,-0.07857326918538209
2019-04-01,IBM,top100,29.22117345227343,13.066842812436427,68.82872503840247,63.086384758874374,2,77,5,79,-0.012270453335623821,-0.18973061131546332,0.039421938759617525,-0.07981458119178897,-0.051692392095241346,-0.10991603012367435,-0.053767221139886724,-0.1491677818141891
2019-04-01,RTX,top100,27.45866090050928,26.646914626961184,26.425931259600617,35.20634409716328,1,78,5,79,-0.008450389495776922,-0.27662685908568907,0.039421938759617525,-0.07981458119178897,-0.04787232825539445,-0.1968122778939001,-0.049947157300039825,-0.23606402958441486
2019-04-01,CB,top100,23.032989913516463,12.996094176672827,55.08680555555555,29.18362878734373,0,79,5,79,0.0503722378032847,-0.1927646152880802,0.039421938759617525,-0.07981458119178897,0.010950299043667178,-0.11295003409629123,0.0088754699990218,-0.152201785786806
2019-07-01,VRTX,top100,76.87686808276767,91.06518703001908,38.52171872333163,54.26893417087993,2,1,1,84,-0.07842058952925646,0.5965134183897931,-0.003605189765067074,0.0637748479575646,-0.07481539976418938,0.5327385704322285,-0.08437158459118241,0.4896993285433753
2019-07-01,MA,top100,71.41711410232172,92.12488016362309,8.955853174603172,51.385273528649236,1,2,1,84,0.016864622176536948,0.11434098233631773,-0.003605189765067074,0.0637748479575646,0.02046981194160402,0.050566134378753125,0.01091362711461099,0.007526892489899906
2019-07-01,MSFT,top100,70.55384422619487,85.215619445957,28.04923515104967,52.930635838150295,0,3,1,84,0.013609278059453,0.5183841253138861,-0.003605189765067074,0.0637748479575646,0.017214467824520074,0.4546092773563215,0.0076582829975270425,0.4115700354674683
2019-07-01,INTU,top100,70.06520460262765,87.00570920599188,22.888424859190987,45.83523186595134,0,4,1,84,0.0021160413638836584,0.12993937364059183,-0.003605189765067074,0.0637748479575646,0.005721231128950732,0.06616452568302722,-0.0038349536980422996,0.023125283794174
2019-07-01,AVGO,top100,69.76446394585098,74.79772700694716,55.46034946236559,63.13985148514851,1,5,1,84,-0.07648263054315929,0.10064900352813999,-0.003605189765067074,0.0637748479575646,-0.07287744077809222,0.036874155570575384,-0.08243362560508524,-0.006165086318277835
2019-07-01,ADBE,top100,69.63727723414233,86.59388015265966,19.61109511008705,50.99342105263156,1,6,1,84,-0.09389640163471458,0.4463567797454895,-0.003605189765067074,0.0637748479575646,-0.0902912118696475,0.3825819317879249,-0.09984739669664053,0.33954268989907166
2019-07-01,KLAC,top100,68.92006231075314,74.72305615346852,62.904265873015866,40.33069828722002,0,7,1,84,0.3077026373744429,0.6302662441138029,-0.003605189765067074,0.0637748479575646,0.31130782713951,0.5664913961562383,0.30175164231251694,0.5234521542673851
2019-07-01,REGN,top100,67.58220619967108,63.767681575712835,80.99054339477726,67.4672041771664,0,8,1,84,-0.12664261484193584,0.9700848786641352,-0.003605189765067074,0.0637748479575646,-0.12303742507686877,0.9063100307065706,-0.1325936099038618,0.8632707888177173
2019-07-01,AXP,top100,67.53670490241784,61.27869601576784,97.53720238095238,51.341772151898745,0,9,1,84,-0.06288059760588094,-0.22566748934260705,-0.003605189765067074,0.0637748479575646,-0.059275407840813865,-0.28944233730017166,-0.06883159266780689,-0.3324815791890249
2019-07-01,SBUX,top100,64.83660050174676,73.5596109078816,41.46145353302611,50.52582159624415,2,10,1,84,0.027059130444435642,-0.11288514162332586,-0.003605189765067074,0.0637748479575646,0.030664320209502716,-0.17665998958089046,0.021108135382509684,-0.21969923146974368
2019-07-01,CSCO,top100,64.17512582741884,72.7443954033994,35.90610077119802,60.72828890799655,1,11,1,84,-0.12237380996364011,-0.12149972741240034,-0.003605189765067074,0.0637748479575646,-0.11876862019857304,-0.18527457536996494,-0.12832480502556606,-0.22831381725881816
2019-07-01,AMZN,top100,63.9077716758506,72.84028582270186,38.34035982861872,52.51499634235553,1,12,1,84,-0.09704555741107801,0.43524833653280903,-0.003605189765067074,0.0637748479575646,-0.09344036764601094,0.3714734885752444,-0.10299655247300396,0.3284342466863912
2019-07-01,PGR,top100,63.431213348799126,69.20867487462101,47.40079365079365,55.04982206405693,0,13,1,84,-0.0700663745866511,0.015255112395095916,-0.003605189765067074,0.0637748479575646,-0.06646118482158403,-0.04851973556246869,-0.07601736964857705,-0.09155897745132191
2019-07-01,ISRG,top100,62.64428990482006,75.01920046752937,15.971342165898616,69.36581144369782,1,14,1,84,-0.0013415576237824078,0.07655210055504313,-0.003605189765067074,0.0637748479575646,0.002263632141284666,0.012777252597478528,-0.007292552685708366,-0.03026198929137469
2019-07-01,UNP,top100,62.378563706257516,70.13699186026255,37.18053955453149,58.46561493167426,1,15,1,84,-0.08506742077238372,0.008837347386624117,-0.003605189765067074,0.0637748479575646,-0.08146223100731664,-0.05493750057094049,-0.09101841583430967,-0.09797674245979371
2019-07-01,SPGI,top100,61.850630746534016,76.02189823257334,17.26720672285189,51.81860639162299,0,16,1,84,0.04791947562009846,0.4311611082648663,-0.003605189765067074,0.0637748479575646,0.051524665385165536,0.3673862603073017,0.041968480558172504,0.3243470184184485
2019-07-01,SCHW,top100,61.38198328887289,52.345593036273115,88.26388888888889,70.87290385703929,0,17,1,84,-0.06939140260431675,-0.15763069117063877,-0.003605189765067074,0.0637748479575646,-0.06578621283924968,-0.22140553912820338,-0.0753423976662427,-0.2644447810170566
2019-07-01,AMGN,top100,61.192189594267546,53.41217029008017,89.24347158218126,59.54976074775182,1,18,2,84,0.044049230432265274,0.300973804180086,-0.003605189765067074,0.0637748479575646,0.04765442019733235,0.2371989562225214,0.038098235370339316,0.1941597143336682
2019-07-01,ORCL,top100,60.75473752085542,63.63998883557414,56.396009344598056,49.275434670339145,0,19,2,84,-0.06882050712467858,-0.030249004689782977,-0.003605189765067074,0.0637748479575646,-0.0652153173596115,-0.09402385264734758,-0.07477150218660453,-0.1370630945362008
2019-07-01,CRM,top100,60.66315076320524,65.69318111220339,40.832804454228636,65.1136309381714,2,20,2,84,-0.04134772847332269,0.21595483359746437,-0.003605189765067074,0.0637748479575646,-0.03774253870825561,0.15217998563989976,-0.047298723535248645,0.10914074375104654
2019-07-01,GOOGL,top100,60.54333187602642,62.64426426859916,46.09182987711213,74.73980912584585,0,21,2,84,0.09636280872808434,0.28913614871809923,-0.003605189765067074,0.0637748479575646,0.09996799849315141,0.22536130076053462,0.09041181366615839,0.1823220588716814
2019-07-01,ADI,top100,60.28435557110945,66.30174967201074,41.879320276497694,54.97266745402396,0,22,2,84,-0.040595463277889765,0.08860609612783099,-0.003605189765067074,0.0637748479575646,-0.03699027351282269,0.024831248170266385,-0.04654645833981572,-0.018207993718586835
2019-07-01,CMCSA,top100,59.6032590255737,55.59360880777575,76.09519009216591,54.6869484169749,1,23,2,84,0.05243307430582478,-0.06260344180494803,-0.003605189765067074,0.0637748479575646,0.05603826407089185,-0.12637828976251264,0.04648207924389882,-0.16941753165136586
2019-07-01,NEE,top100,58.19617565150364,64.99937493223992,36.64234511008704,53.68144176918288,2,24,2,84,0.1436712756111198,0.20293215314286783,-0.003605189765067074,0.0637748479575646,0.14727646537618688,0.13915730518530323,0.13772028054919386,0.09611806329645001
2019-07-01,LRCX,top100,57.67971361427278,51.74938498205042,74.10746287762417,66.33651551312647,0,25,2,84,0.21013452558596057,0.7233572956442305,-0.003605189765067074,0.0637748479575646,0.21373971535102765,0.6595824476866659,0.20418353052403462,0.6165432057978126
2019-07-01,MRK,top100,57.63163705105309,59.22707897080195,54.34022444103089,53.04636883285556,0,26,2,84,-0.0068939321709659,-0.060136986722683305,-0.003605189765067074,0.0637748479575646,-0.0032887424058988257,-0.12391183468024791,-0.012844927232891858,-0.16695107656910113
2019-07-01,MU,top100,57.481908857098674,44.1465419211096,82.89664756160975,100.0,0,27,2,84,0.05459849461046007,0.2844669775623325,-0.003605189765067074,0.0637748479575646,0.05820368437552714,0.22069212960476792,0.04864749954853411,0.1776528877159147
2019-07-01,UNH,top100,57.06366553965068,57.34633839721967,53.29901113671275,62.61426434254361,0,28,2,84,-0.10058416989708496,0.23662829809296926,-0.003605189765067074,0.0637748479575646,-0.09697898013201789,0.17285345013540465,-0.10653516495901091,0.12981420824655143
2019-07-01,PLD,top100,56.42453554047836,61.84273630149919,37.67153097798259,56.00313933832406,2,29,2,84,0.06074902590796305,0.19946337626525668,-0.003605189765067074,0.0637748479575646,0.06435421567303012,0.13568852830769207,0.05479803084603709,0.09264928641883885
2019-07-01,BX,top100,55.97303675682666,64.35036997006983,40.13888888888889,29.0,1,30,2,84,0.02340405474347307,0.2609908391189584,-0.003605189765067074,0.0637748479575646,0.027009244508540142,0.19721599116139377,0.01745305968154711,0.15417674927254055
2019-07-01,ADP,top100,55.96555823406883,67.17533706455389,17.832181259600613,53.76386036960985,1,31,2,84,-0.031069459896568397,-0.08491646038519429,-0.003605189765067074,0.0637748479575646,-0.027464270131501323,-0.1486913083427589,-0.037020454958494355,-0.19173055023161212
2019-07-01,ICE,top100,55.909081624894704,61.28262077131383,39.29563492063492,51.52120100848043,0,32,2,84,0.07488446498400281,0.07696663450307262,-0.003605189765067074,0.0637748479575646,0.07848965474906988,0.01319178654550801,0.06893346992207686,-0.02984745534334521
2019-07-01,META,top100,54.87228620183821,53.33568133451739,55.96758192524322,63.43792882627391,0,33,2,84,-0.08906705470784793,0.17652842176898487,-0.003605189765067074,0.0637748479575646,-0.08546186494278085,0.11275357381142026,-0.09501804976977388,0.06971433192256704
2019-07-01,MS,top100,53.9119664460399,42.256591305269396,86.95188492063491,69.41975548224335,0,34,2,84,-0.05113202675209483,0.1330936578694233,-0.003605189765067074,0.0637748479575646,-0.047526836987027754,0.06931880991185868,-0.057083021814020786,0.026279568023005462
2019-07-01,TJX,top100,53.85211647757744,57.42377523263788,41.78019393241168,52.994350282485875,0,35,3,84,0.05039681468203949,-0.03384919588168467,-0.003605189765067074,0.0637748479575646,0.054002004447106566,-0.09762404383924927,0.044445819620113534,-0.1406632857281025
2019-07-01,CAT,top100,53.59102915291281,48.103648720750485,75.30486818289238,48.57501411808998,0,36,3,84,-0.09728000054235586,-0.04418505521437044,-0.003605189765067074,0.0637748479575646,-0.09367481077728879,-0.10795990317193505,-0.10323099560428181,-0.15099914506078826
2019-07-01,HD,top100,53.300787304884125,54.96991395078151,51.718669994879676,44.78113540361138,0,37,3,84,0.10562617600684376,0.22157845999130843,-0.003605189765067074,0.0637748479575646,0.10923136577191084,0.15780361203374382,0.09967518094491781,0.1147643701448906
2019-07-01,AAPL,top100,53.24481050966218,53.19660946801785,46.36392729134664,67.34398423780355,1,38,3,84,0.11854755167667652,0.8315725445663975,-0.003605189765067074,0.0637748479575646,0.1221527414417436,0.7677976966088329,0.11259655661475057,0.7247584547199797
2019-07-01,LLY,top100,52.99299841922895,48.6833271207232,62.96533083380495,63.216032679617186,1,39,3,84,-0.010270830164071598,0.48746135115677647,-0.003605189765067074,0.0637748479575646,-0.006665640399004524,0.42368650319921186,-0.016221825225997556,0.38064726131035864
2019-07-01,COP,top100,52.90048713892786,41.07994197909396,84.5767483935084,72.29178074860404,0,40,3,84,-0.10955472041908665,-0.3046950544046546,-0.003605189765067074,0.0637748479575646,-0.10594953065401957,-0.3684699023622192,-0.1155057154810126,-0.41150914425107243
2019-07-01,TXN,top100,52.79903187197492,55.35392844047649,43.971294162826425,52.570231310760974,0,41,3,84,0.10381817992090236,0.11470401018459575,-0.003605189765067074,0.0637748479575646,0.10742336968596944,0.050929162227031144,0.09786718485897641,0.007889920338177925
2019-07-01,PFE,top100,52.786523435159936,51.021906607415424,59.545677590032426,51.62053291962655,1,42,3,84,-0.18296909549030693,-0.22319466584391767,-0.003605189765067074,0.0637748479575646,-0.17936390572523986,-0.2869695138014823,-0.18892009055223288,-0.3300087556903355
2019-07-01,ACN,top100,52.237514897270565,58.519292895332136,31.63514464925755,49.46980940686563,0,43,3,84,0.014716078714076541,0.16365934475189592,-0.003605189765067074,0.0637748479575646,0.018321268479143615,0.09988449679433131,0.008765083652150583,0.05684525490547809
2019-07-01,ANET,top100,52.09763243549393,55.50789077622301,21.053582655468965,90.31392361044031,2,44,3,84,-0.12360980063917204,-0.20091919038198136,-0.003605189765067074,0.0637748479575646,-0.12000461087410497,-0.26469403833954597,-0.129560795701098,-0.3077332802283992
2019-07-01,INTC,top100,52.0852210398041,41.23817396161094,73.86600742447517,84.45297781781406,0,45,3,84,0.0635326655489159,0.27382982483795004,-0.003605189765067074,0.0637748479575646,0.06713785531398297,0.21005497688038544,0.05758167048698994,0.16701573499153222
2019-07-01,BMY,top100,51.75265902573677,37.49304583566306,88.98129480286738,77.11267980199145,0,46,3,84,0.10651387110298582,0.3152948625438863,-0.003605189765067074,0.0637748479575646,0.1101190608680529,0.25152001458632167,0.10056287604105987,0.20848077269746845
2019-07-01,SYK,top100,51.69517250753958,63.45386786752765,21.209277393753197,30.35609521519595,1,47,3,84,0.03240249105494297,-0.1169815257189949,-0.003605189765067074,0.0637748479575646,0.036007680820010046,-0.1807563736765595,0.026451495993017014,-0.22379561556541272
2019-07-01,BAC,top100,51.08840537640285,43.871865372738334,74.08730158730158,55.60639298025697,0,48,3,84,-0.026938917664591888,-0.17202110728185027,-0.003605189765067074,0.0637748479575646,-0.023333727899524814,-0.23579595523941488,-0.032889912726517846,-0.2788351971282681
2019-07-01,JNJ,top100,50.07757106154351,52.141737959413376,41.42825140809012,52.927042083361286,0,49,3,84,-0.06024632370970795,0.03738817001660388,-0.003605189765067074,0.0637748479575646,-0.056641133944640876,-0.026386677940960723,-0.0661973187716339,-0.06942591982981394
2019-07-01,AMAT,top100,49.55128378939154,40.75506205910263,75.76660906298002,58.69418535423695,0,50,3,84,0.0999535960701965,0.3434406404679766,-0.003605189765067074,0.0637748479575646,0.10355878583526357,0.279665792510412,0.09400260100827054,0.2366265506215588
2019-07-01,TMO,top100,49.29339369251754,61.566511168689416,16.3640873015873,29.24018414117488,1,51,4,84,-0.03949893464567633,0.21340335189294812,-0.003605189765067074,0.0637748479575646,-0.03589374488060926,0.14962850393538352,-0.04544992970760229,0.1065892620465303
2019-07-01,NVDA,top100,49.24558339289047,49.735121255531965,28.211565540194574,87.88685405979177,0,52,4,84,0.04816180036860995,1.2926569017363474,-0.003605189765067074,0.0637748479575646,0.05176699013367703,1.2288820537787828,0.042210805306683995,1.1858428118899296
2019-07-01,DE,top100,49.072624146217215,50.3026332939868,41.95079519572011,54.706218012824316,1,53,4,84,0.006777791044457526,-0.029487159818058273,-0.003605189765067074,0.0637748479575646,0.0103829808095246,-0.09326200777562288,0.0008267959825315682,-0.1363012496644761
2019-07-01,JPM,top100,48.54280193585939,44.37586565413303,62.735615079365076,49.32572962093254,0,54,4,84,0.023646811025346937,-0.14587970774901116,-0.003605189765067074,0.0637748479575646,0.02725200079041401,-0.20965455570657576,0.01769581596342098,-0.252693797595429
2019-07-01,ABT,top100,48.43738467551674,56.38754003174522,19.207069252432156,51.246928028086614,1,55,4,84,-0.027736054980441405,0.09979117589851083,-0.003605189765067074,0.0637748479575646,-0.02413086521537433,0.036016327940946224,-0.03368705004236736,-0.007022913947906995
2019-07-01,VZ,top100,48.192285606844216,45.356866487353685,54.497007808499745,55.43077503996693,1,56,4,84,0.06741866527355,0.014603734760566978,-0.003605189765067074,0.0637748479575646,0.07102385503861708,-0.04917111319699763,0.06146767021162405,-0.09221035508585085
2019-07-01,HON,top100,48.051844820957484,50.8404504264165,37.507520481310806,49.620254262037754,0,57,4,84,-0.06671051775703651,-0.16344199642376867,-0.003605189765067074,0.0637748479575646,-0.06310532799196944,-0.22721684438133327,-0.07266151281896246,-0.2702560862701865
2019-07-01,BSX,top100,46.103404839706236,53.4788667711847,27.100266724762694,32.48144754924415,0,58,4,84,-0.062004662004661926,-0.18158508158508158,-0.003605189765067074,0.0637748479575646,-0.05839947223959485,-0.24535992954264618,-0.06795565706658788,-0.2883991714314994
2019-07-01,COST,top100,45.49175318504356,53.42393922727312,13.970814132104454,53.00832899531493,1,59,4,84,0.07971206539446563,0.1606156940521064,-0.003605189765067074,0.0637748479575646,0.0833172551595327,0.0968408460945418,0.07376107033253967,0.05380160420568858
2019-07-01,MCD,top100,45.40498828120269,52.60200157964749,16.923403097798257,51.98906555889795,1,60,4,84,0.018542328051446955,-0.0835967382599534,-0.003605189765067074,0.0637748479575646,0.02214751781651403,-0.147371586217518,0.012591332989520997,-0.19041082810637122
2019-07-01,GS,top100,45.30449309036757,31.866490399081023,89.39484126984127,51.18981557042598,0,61,4,84,-0.014008890863109857,-0.021260908937916212,-0.003605189765067074,0.0637748479575646,-0.010403701098042784,-0.08503575689548082,-0.019959885925035815,-0.12807499878433404
2019-07-01,DIS,top100,43.944370967920634,48.21380758693695,25.17745135688684,51.592153856874056,1,62,4,84,-0.07975801958131012,-0.20315683031594833,-0.003605189765067074,0.0637748479575646,-0.07615282981624305,-0.26693167827351294,-0.08570901464323608,-0.30997092016236616
2019-07-01,MRSH,top100,42.683697727979755,48.25748467251627,19.947916666666664,49.13875123885037,1,63,4,84,-0.020725128842721596,0.08474208060106547,-0.003605189765067074,0.0637748479575646,-0.017119939077654522,0.020967232643500866,-0.026676123904647554,-0.022072009245352353
2019-07-01,PG,top100,42.369395498584616,45.88148562998912,24.861751152073733,52.80005327177484,1,64,4,84,0.12817418255344992,0.11001112201789542,-0.003605189765067074,0.0637748479575646,0.131779372318517,0.04623627406033082,0.12222318749152397,0.0031970321714775984
2019-07-01,WFC,top100,42.27314171956437,22.94740157581029,94.54613095238095,73.00734426020979,0,65,4,84,0.04031076265870204,-0.43485946345440274,-0.003605189765067074,0.0637748479575646,0.04391595242376911,-0.49863431141196735,0.03435976759677608,-0.5416735533008206
2019-07-01,DHR,top100,42.136214696456136,52.46998380457808,11.928763440860216,30.214733450794412,1,66,4,84,-0.013279478435111014,0.23381318252666983,-0.003605189765067074,0.0637748479575646,-0.00967428867004394,0.17003833456910522,-0.019230473497036972,0.126999092680252
2019-07-01,FISV,top100,41.6502854033639,48.51347161872602,13.760080645161288,49.38839141223433,3,67,4,84,0.11501459301697103,0.05523727164630854,-0.003605189765067074,0.0637748479575646,0.11861978278203811,-0.008537576311256068,0.10906359795504508,-0.05157681820010929
2019-07-01,MDT,top100,41.15704282590218,39.787014822556884,44.483732644970225,44.093859211183236,0,68,5,84,0.11481621494414607,-0.038647185767861414,-0.003605189765067074,0.0637748479575646,0.11842140470921314,-0.10242203372542602,0.10886521988222012,-0.14546127561427924
2019-07-01,LOW,top100,41.06840160687082,38.08971298350248,33.96969406041987,76.1166370633511,3,69,5,84,0.07740263057366947,0.349639335153368,-0.003605189765067074,0.0637748479575646,0.08100782033873655,0.2858644871958034,0.07145163551174352,0.24282524530695015
2019-07-01,C,top100,41.02731352815156,30.635367293165764,71.9319208706585,51.96172248803828,0,70,5,84,-0.02937096371097725,-0.2543129208334993,-0.003605189765067074,0.0637748479575646,-0.025765773945910175,-0.31808776879106393,-0.03532195877290321,-0.36112701067991715
2019-07-01,GILD,top100,40.88916322651965,30.300247225338676,63.614471326164875,69.56095903549601,0,71,5,84,-0.059258705437591486,0.1767888226858989,-0.003605189765067074,0.0637748479575646,-0.05565351567252441,0.1130139747283343,-0.06520970049951744,0.06997473283948108
2019-07-01,CB,top100,39.45740111389834,33.334202032863494,53.38045634920634,54.473684210526315,0,72,5,84,0.07805427298011369,-0.12347382764706683,-0.003605189765067074,0.0637748479575646,0.08165946274518077,-0.18724867560463143,0.07210327791818774,-0.23028791749348465
2019-07-01,BLK,top100,39.279720863271635,31.197247630985572,59.39732142857143,55.62183235867447,0,73,5,84,-0.07563627823463481,0.1842942388824127,-0.003605189765067074,0.0637748479575646,-0.07203108846956774,0.12051939092484809,-0.08158727329656076,0.07748014903599487
2019-07-01,PEP,top100,39.0283455456816,37.135719493343366,38.17484318996416,53.98373262348417,2,74,5,84,0.04890674069542755,0.03177553911388098,-0.003605189765067074,0.0637748479575646,0.05251193046049463,-0.03199930884368363,0.042955745633501595,-0.07503855073253685
2019-07-01,T,top100,36.787466610801076,23.894944914856787,77.7685771889401,45.07289732613305,1,75,5,84,0.14155441494489462,-0.021501524191657295,-0.003605189765067074,0.0637748479575646,0.1451596047099617,-0.0852763721492219,0.13560341988296867,-0.12831561403807512
2019-07-01,MDLZ,top100,36.49203874453424,37.49041918064199,24.948716717869942,52.5900197451086,0,76,5,84,0.003856646068835845,-0.04467172751597126,-0.003605189765067074,0.0637748479575646,0.007461835833902919,-0.10844657547353587,-0.002094348993090113,-0.15148581736238909
2019-07-01,WMT,top100,36.33248075460934,40.457631826105384,24.134744623655912,31.851895516043925,1,77,5,84,0.07060135566594639,0.1026822519284214,-0.003605189765067074,0.0637748479575646,0.07420654543101346,0.03890740397085679,0.06465036060402043,-0.004131837917996428
2019-07-01,RTX,top100,35.11075181443172,29.3302539800295,39.35355862775218,67.08862302860639,1,78,5,84,0.024712841235042804,-0.23603430643295542,-0.003605189765067074,0.0637748479575646,0.028318031000109878,-0.29980915439052,0.018761846173116846,-0.34284839627937325
2019-07-01,CVX,top100,34.347295019948874,24.38375856213402,63.50728357062613,45.77207312329835,0,79,5,84,-0.06117862749618508,-0.25142882236054853,-0.003605189765067074,0.0637748479575646,-0.057573437731118005,-0.31520367031811314,-0.06712962255811103,-0.35824291220696636
2019-07-01,ETN,top100,33.50842617383745,24.57074975240921,54.5246095750128,54.039794321484436,1,80,5,84,-0.020149559206929735,0.07981527624772311,-0.003605189765067074,0.0637748479575646,-0.01654436944186266,0.016040428290158504,-0.026100554268855693,-0.026998813598694715
2019-07-01,PM,top100,32.153252145575486,18.775548026826296,64.20754928315412,61.688586701662494,1,81,5,84,0.01456442673898084,-0.04250345359949914,-0.003605189765067074,0.0637748479575646,0.018169616504047914,-0.10627830155706375,0.008613431677054882,-0.14931754344591697
2019-07-01,LMT,top100,31.773707512890454,26.33574924687329,40.748367895545314,51.89009460970089,1,82,5,84,0.06897215557354719,0.03421843966303073,-0.003605189765067074,0.0637748479575646,0.07257734533861426,-0.029556408294533876,0.06302116051162124,-0.0725956501833871
2019-07-01,XOM,top100,31.645430873783354,21.28784895682967,52.97427035330261,61.49082533342062,0,83,5,84,-0.08820197764061188,-0.38112511228395485,-0.003605189765067074,0.0637748479575646,-0.08459678787554481,-0.44489996024151945,-0.09415297270253783,-0.4879392021303727
2019-07-01,IBM,top100,29.56481773873937,13.817229425601557,70.08312532002049,58.76132076814186,1,84,5,84,0.03912410855213588,-0.09491992262743165,-0.003605189765067074,0.0637748479575646,0.04272929831720296,-0.15869477058499626,0.033173113490209925,-0.20173401247384948
2019-10-01,VRTX,top100,80.5778254578093,90.28058647809056,58.209647203259856,57.39485482493928,2,1,1,87,0.3095238095238093,0.6238214584079245,0.11331118430624731,0.1641191024643769,0.196212625217562,0.4597023559435476,0.1852969408567687,0.4244816404807965
2019-10-01,ANET,top100,76.16569106669458,81.63276549820228,55.236624968654155,79.75430224222168,0,2,1,87,-0.1112670088699651,-0.10167466607394648,0.11331118430624731,0.1641191024643769,-0.22457819317621242,-0.26579376853832337,-0.2354938775370057,-0.30101448400107444
2019-10-01,ADBE,top100,75.36977848489664,86.88986542486272,35.331549729821006,74.80562741528539,1,3,1,87,0.22632100033002112,0.7983572292911887,0.11331118430624731,0.1641191024643769,0.1130098160237738,0.6342381268268118,0.10209413166298051,0.5990174113640607
2019-10-01,INTU,top100,71.66210391539981,86.49373632336194,20.44241810199257,70.28004868647935,0,4,1,87,0.009086488955521332,0.24395971498735514,0.11331118430624731,0.1641191024643769,-0.10422469535072598,0.07984061252297825,-0.11514037971151928,0.044619897060227176
2019-10-01,MSFT,top100,71.31177710068864,83.7198786021358,35.31661600810536,56.44538877572525,0,5,1,87,0.1757974464334482,0.5519403133301883,0.11331118430624731,0.1641191024643769,0.062486262127200876,0.38782121086581145,0.05157057776640758,0.3526004954030604
2019-10-01,SBUX,top100,70.71932999428599,77.80249593054802,43.54082235731172,75.49418371440032,1,6,1,87,0.03799125575563678,0.013949988110421696,0.11331118430624731,0.1641191024643769,-0.07531992855061054,-0.1501691143539552,-0.08623561291140383,-0.18538982981670626
2019-10-01,META,top100,69.77794419967435,70.1488375975625,63.12547492401215,80.48662896578165,0,7,1,87,0.19321940146752703,0.48967578534722356,0.11331118430624731,0.1641191024643769,0.07990821716127972,0.32555668288284667,0.06899253280048642,0.2903359674200956
2019-10-01,KLAC,top100,68.83038085182798,80.43851102776767,35.418566362715296,54.39709859847552,0,8,1,87,0.15896846097499195,0.24726677757011917,0.11331118430624731,0.1641191024643769,0.04565727666874464,0.08314767510574228,0.03474159230795135,0.04792695964299121
2019-10-01,PGR,top100,68.70665783789876,69.79850101065512,64.11000457875458,70.25706214689262,0,9,1,87,-0.01977271487302268,0.2918056041413264,0.11331118430624731,0.1641191024643769,-0.13308389917927,0.1276865016769495,-0.1439995835400633,0.09246578621419843
2019-10-01,ORCL,top100,68.24616864550146,65.13806323898564,77.67324172576832,71.14876033057854,0,10,1,87,0.00726153238692806,0.12965053746856103,0.11331118430624731,0.1641191024643769,-0.10604965191931925,-0.034468564995815854,-0.11696533628011255,-0.06968928045856693
2019-10-01,LRCX,top100,67.22819984938005,71.45807421010893,55.582151300236404,60.91117642256509,1,11,1,87,0.2985535785451392,0.4662634503129617,0.11331118430624731,0.1641191024643769,0.18524239423889188,0.3021443478485848,0.1743267098780986,0.2669236323858337
2019-10-01,AVGO,top100,67.15460412135033,70.93747055982541,54.54343971631205,65.89686786210132,1,12,1,87,0.1848507456287034,0.3882800373886275,0.11331118430624731,0.1641191024643769,0.07153956132245609,0.2241609349242506,0.0606238769616628,0.18894021946149953
2019-10-01,SPGI,top100,65.51910370906215,77.3241549551913,22.54889028074512,68.82417184279217,0,13,1,87,0.1465442779036823,0.49749804141354304,0.11331118430624731,0.1641191024643769,0.03323309359743498,0.33337893894916615,0.02231740923664169,0.2981582234864151
2019-10-01,CSCO,top100,65.3016463736346,67.78544298891559,53.91623582056937,70.68589117279814,0,14,1,87,0.029439925251493415,-0.14794403102884424,0.11331118430624731,0.1641191024643769,-0.0838712590547539,-0.3120631334932211,-0.09478694341554719,-0.3472838489559722
2019-10-01,MA,top100,65.01770226969025,80.07401930679195,12.58318070818071,64.49252613299738,0,15,1,87,0.12112693907492811,0.2549262777058712,0.11331118430624731,0.1641191024643769,0.007815754768680794,0.09080717524149429,-0.003099929592112499,0.055586459778743214
2019-10-01,JPM,top100,64.70112895592247,65.24662965900079,66.61420177045177,57.05647840531563,0,16,1,87,0.23081034639351317,-0.1376846619528781,0.11331118430624731,0.1641191024643769,0.11749916208726585,-0.301803764417255,0.10658347772647256,-0.33702447988000606
2019-10-01,AXP,top100,63.83548800357209,65.79668839028578,54.61633852258852,68.54538425854338,0,17,1,87,0.08628267276580215,-0.12593080823871516,0.11331118430624731,0.1641191024643769,-0.027028511540445166,-0.29004991070309205,-0.03794419590123846,-0.3252706261658431
2019-10-01,TXN,top100,63.66614564838166,74.50003279411852,30.64510511651469,53.87101669195753,1,18,1,87,0.015216487048591354,0.1435044431839667,0.11331118430624731,0.1641191024643769,-0.09809469725765596,-0.020614659280410175,-0.10901038161844925,-0.05583537474316125
2019-10-01,NEE,top100,63.513802937231745,73.80405812310315,34.14654396037375,50.21653458984792,2,19,2,87,0.03390338787398273,0.22169479967300254,0.11331118430624731,0.1641191024643769,-0.07940779643226459,0.057575697208625654,-0.09032348079305788,0.02235498174587458
2019-10-01,AMZN,top100,63.289972107455384,68.32367198726396,40.448373819598615,73.7372695245089,1,20,2,87,0.09354420534093855,0.8141503183245469,0.11331118430624731,0.1641191024643769,-0.019766978965308768,0.65003121586017,-0.03068266332610206,0.6148105003974189
2019-10-01,NOW,top100,63.26298926690112,74.15530102019521,14.776258020938869,83.99026948576704,1,21,2,87,0.1643545356414664,0.9389917243033621,0.11331118430624731,0.1641191024643769,0.05104335133521909,0.7748726218389852,0.040127666974425796,0.7396519063762341
2019-10-01,PLD,top100,62.82227465500827,69.16732751784298,44.4316390858944,55.18817575339314,2,22,2,87,0.05566665569185014,0.2260177591619439,0.11331118430624731,0.1641191024643769,-0.05764452861439717,0.061898656697567,-0.06856021297519047,0.026677941234815927
2019-10-01,ADP,top100,62.539634194129945,71.50627560177207,29.863169115163792,65.12607449856733,0,23,2,87,0.06745530449378867,-0.10929362650401908,0.11331118430624731,0.1641191024643769,-0.045855879812458644,-0.27341272896839597,-0.05677156417325194,-0.30863344443114704
2019-10-01,UNP,top100,62.22179031479133,64.7967182031208,51.779856889564336,65.08116194693905,1,24,2,87,0.17517216732323648,0.29037829334724985,0.11331118430624731,0.1641191024643769,0.06186098301698917,0.12625919088287296,0.050945298656195875,0.09103847542012189
2019-10-01,INTC,top100,61.85541445813444,59.037331632014215,67.82848910840931,69.63584494042625,0,25,2,87,0.2051789920929532,0.04362237507831823,0.11331118430624731,0.1641191024643769,0.09186780778670589,-0.12049672738605866,0.0809521234259126,-0.15571744284880973
2019-10-01,CMCSA,top100,60.9960621895349,58.14483075253558,71.15580673758865,60.635193152422694,1,26,2,87,0.01909057426645555,0.05704372329044216,0.11331118430624731,0.1641191024643769,-0.09422061003979176,-0.10707537917393473,-0.10513629440058506,-0.1422960946366858
2019-10-01,GOOGL,top100,60.28740100677848,63.80528641190606,51.104462174940906,54.028080834560576,0,27,2,87,0.13489174909093338,0.21525792043072678,0.11331118430624731,0.1641191024643769,0.021580564784686063,0.05113881796634989,0.01066488042389277,0.01591810250359882
2019-10-01,ADI,top100,59.25811998437281,60.516811457668744,47.953552431610944,73.05641477682508,0,28,2,87,0.10221521493416263,0.08566718192860168,0.11331118430624731,0.1641191024643769,-0.01109596937208468,-0.07845192053577521,-0.022011653732877973,-0.11367263599852628
2019-10-01,MRK,top100,59.18347332300678,60.19175615485979,56.464595294382526,57.563249557284266,0,29,2,87,0.10837272897604366,0.02255036009656264,0.11331118430624731,0.1641191024643769,-0.0049384553302036505,-0.14156874236781425,-0.015854139690996943,-0.17678945783056532
2019-10-01,AMAT,top100,58.518709436938344,57.18373650223894,63.00938238770685,58.88217407829721,1,30,2,87,0.2478027515410035,0.20514683479035312,0.11331118430624731,0.1641191024643769,0.1344915672347562,0.04102773232597623,0.1235758828739629,0.005807016863225156
2019-10-01,CRM,top100,58.50562737099558,66.88728959591683,30.168623957520698,56.50799862349666,2,31,2,87,0.13067930951113227,0.7016730461783889,0.11331118430624731,0.1641191024643769,0.017368125204884954,0.537553943714012,0.006452440844091661,0.5023332282512609
2019-10-01,SCHW,top100,57.59669993141806,45.60989309117361,92.12721306471308,72.44332154653914,0,32,2,87,0.2823376949368235,-0.022874338535540217,0.11331118430624731,0.1641191024643769,0.16902651063057617,-0.1869934409999171,0.15811082626978287,-0.22221415646266818
2019-10-01,ICE,top100,57.39857683049151,64.15149690244644,34.592681623931625,55.73992673992674,1,33,2,87,0.006733819815690989,0.0976433402392094,0.11331118430624731,0.1641191024643769,-0.10657736449055633,-0.06647576222516749,-0.11749304885134962,-0.10169647768791856
2019-10-01,BMY,top100,56.76380616738502,44.308622468144975,88.26468042890916,80.9483435390171,0,34,2,87,0.26995337232290373,0.22810445218278863,0.11331118430624731,0.1641191024643769,0.15664218801665641,0.06398534971841174,0.14572650365586312,0.02876463425566067
2019-10-01,MU,top100,56.340813929357694,45.150369977282615,81.48950852664956,84.37653239929949,0,35,2,87,0.3094551775467109,0.11016454011438048,0.11331118430624731,0.1641191024643769,0.1961439932404636,-0.053954562349996404,0.18522830887967032,-0.08917527781274748
2019-10-01,ACN,top100,55.72356514889133,61.20646580765951,33.39618161094225,61.99802761341224,0,36,3,87,0.11303138446142258,0.21139666399956591,0.11331118430624731,0.1641191024643769,-0.0002797998448247352,0.04727756153518903,-0.011195484205618028,0.012056846072437954
2019-10-01,SYK,top100,55.47053637745205,65.25352238645782,19.663384414049304,58.60393824121726,1,37,3,87,-0.007962073048988993,-0.008182343597806119,0.11331118430624731,0.1641191024643769,-0.12127325735523631,-0.172301446062183,-0.1321889417160296,-0.20752216152493408
2019-10-01,DIS,top100,54.516226509591924,56.22610054080483,39.32919621749409,72.92116887529731,0,38,3,87,0.15081435990094416,-0.03648441279269066,0.11331118430624731,0.1641191024643769,0.03750317559469685,-0.20060351525706754,0.026587491233903554,-0.23582423071981862
2019-10-01,HD,top100,54.27233642437784,58.871405317417256,38.93907252617359,52.745381969510376,0,39,3,87,-0.04334009340630507,0.23129944653831802,0.11331118430624731,0.1641191024643769,-0.15665127771255238,0.06718034407394113,-0.16756696207334568,0.03195962861119006
2019-10-01,TJX,top100,53.88730457542947,59.898207056101796,31.942597517730498,55.70040132612111,0,40,3,87,0.11832366730403798,0.012394136711203707,0.11331118430624731,0.1641191024643769,0.005012482997790668,-0.15172496575317318,-0.005903201363002625,-0.18694568121592425
2019-10-01,BX,top100,53.54357997927834,56.96147585458492,29.42460317460317,77.85626246148269,3,41,3,87,0.19295051543598718,0.14289971688272995,0.11331118430624731,0.1641191024643769,0.07963933112973987,-0.021219385581646932,0.06872364676894657,-0.056440101044398006
2019-10-01,COP,top100,53.35315355526723,38.90801547882394,91.61809152372552,77.93924415345361,0,42,3,87,0.19592368240532965,-0.38351335325372926,0.11331118430624731,0.1641191024643769,0.08261249809908233,-0.5476324557181061,0.07169681373828904,-0.5828531711808572
2019-10-01,MCD,top100,53.34243090591163,61.671188279978296,20.54584599797366,60.634299103320856,1,43,3,87,-0.03321823274534641,0.07678705789585893,0.11331118430624731,0.1641191024643769,-0.14652941705159372,-0.08733204456851795,-0.15744510141238702,-0.12255276003126903
2019-10-01,HON,top100,53.08282566595416,52.0189371128058,55.34648345153664,56.00272996682772,0,44,3,87,0.1065758153540235,0.026233423203212647,0.11331118430624731,0.1641191024643769,-0.006735368952223819,-0.13788567926116424,-0.017651053313017112,-0.1731063947239153
2019-10-01,BAC,top100,52.573107608051345,44.32615241513777,78.96558302808303,57.516843118383065,0,45,3,87,0.26000407862591923,-0.13090724455524239,0.11331118430624731,0.1641191024643769,0.14669289431967192,-0.2950263470196193,0.13577720995887863,-0.33024706248237035
2019-10-01,TMO,top100,52.434267170840876,58.640463172204896,31.020400624788927,51.81862825339664,0,46,3,87,0.13626876200444094,0.5401501491819176,0.11331118430624731,0.1641191024643769,0.02295757769819362,0.37603104671754073,0.012041893337400328,0.34081033125478966
2019-10-01,LLY,top100,51.83297382754029,46.12013976257058,66.43077663129455,62.627206674819774,1,47,3,87,0.19836330546116332,0.36157458669008435,0.11331118430624731,0.1641191024643769,0.085052121154916,0.19745548422570747,0.07413643679412271,0.1622347687629564
2019-10-01,QCOM,top100,51.66120737503226,50.433806562401244,45.32767405729935,72.92007969891522,1,48,3,87,0.18428219125456202,0.6046939964185467,0.11331118430624731,0.1641191024643769,0.07097100694831471,0.4405748939541698,0.060055322587521415,0.40535417849141875
2019-10-01,T,top100,51.35432874758802,47.30743591731112,63.23750422154678,55.91622761160882,1,49,3,87,0.05781827726297539,-0.17291276760852692,0.11331118430624731,0.1641191024643769,-0.05549290704327192,-0.3370318700729038,-0.06640859140406521,-0.3722525855356549
2019-10-01,BSX,top100,50.63352475909932,53.92939128153453,31.70307547800899,65.42335766423358,0,50,3,87,0.12649105367793223,-0.050447316103379714,0.11331118430624731,0.1641191024643769,0.013179869371684916,-0.2145664185677566,0.002264185010891623,-0.24978713403050767
2019-10-01,LMT,top100,50.62138582491344,51.32903829756785,45.01240079365079,56.88578857885787,1,51,3,87,0.04587850235058788,0.022367919058459806,0.11331118430624731,0.1641191024643769,-0.06743268195565943,-0.14175118340591708,-0.07834836631645273,-0.17697189886866815
2019-10-01,REGN,top100,50.38960811648583,40.0419764717106,81.80112293144208,60.0,1,52,3,87,0.35041772945910954,1.0247406396982095,0.11331118430624731,0.1641191024643769,0.23710654515286222,0.8606215372338326,0.22619086079206893,0.8254008217710815
2019-10-01,ETN,top100,50.18848741177131,44.02151294175168,63.08230960824046,67.56966430897046,1,53,4,87,0.19613450585067116,0.29452699074911304,0.11331118430624731,0.1641191024643769,0.08282332154442384,0.13040788828473615,0.07190763718363055,0.09518717282198508
2019-10-01,COST,top100,49.74358483189812,59.03835719353897,9.966702549814254,64.23394286457993,1,54,4,87,0.0288562955242031,0.26124222908833716,0.11331118430624731,0.1641191024643769,-0.08445488878204421,0.09712312662396028,-0.0953705731428375,0.0619024111612092
2019-10-01,RTX,top100,49.15995963854327,50.30679792264166,42.37831391421817,54.695383098504756,1,55,4,87,0.15033149178961036,-0.2986404869581678,0.11331118430624731,0.1641191024643769,0.037020307483363046,-0.4627595894225447,0.026104623122569753,-0.49798030488529577
2019-10-01,MS,top100,48.67789111465022,34.27617417850733,92.02552655677655,62.79463878339781,0,56,4,87,0.2670835314487696,0.20371649606310993,0.11331118430624731,0.1641191024643769,0.1537723471425223,0.039597393598733044,0.142856662781729,0.004376678135981971
2019-10-01,DE,top100,48.5656610465517,47.633188840459596,48.27141306816196,55.68146244597594,1,57,4,87,0.07327992303829145,0.36418073810624896,0.11331118430624731,0.1641191024643769,-0.040031261267955864,0.20006163564187207,-0.05094694562874916,0.164840920179121
2019-10-01,ABT,top100,48.24344023109126,53.06384120491553,23.197452296521444,64.59260928346103,0,58,4,87,0.06669750848149913,0.351664763365481,0.11331118430624731,0.1641191024643769,-0.04661367582474818,0.18754566090110414,-0.05752936018554147,0.15232494543835307
2019-10-01,ISRG,top100,48.08509774589467,54.564285416157375,19.147089243498815,60.606801058847495,1,59,4,87,0.12989046538024973,0.34230022701475593,0.11331118430624731,0.1641191024643769,0.016579281074002417,0.17818112455037904,0.005663596713209124,0.14296040908762797
2019-10-01,CVX,top100,47.749660529812495,39.272829178417894,75.17760110289484,52.23159884341,0,60,4,87,0.05703474074533155,-0.34733846062095763,0.11331118430624731,0.1641191024643769,-0.05627644356091577,-0.5114575630853345,-0.06719212792170906,-0.5466782785480856
2019-10-01,AAPL,top100,47.53839884216138,51.41147078640296,33.948359929078016,47.60697305863709,1,61,4,87,0.3413393813300274,1.083065918585897,0.11331118430624731,0.1641191024643769,0.22802819702378008,0.9189468161215202,0.21711251266298678,0.8837261006587691
2019-10-01,MRSH,top100,46.54264007400405,51.31637976781765,23.70115995115995,58.809422462997006,1,62,4,87,0.14532828670664388,0.18811312361846322,0.11331118430624731,0.1641191024643769,0.03201710240039657,0.02399402115408633,0.021101418039603276,-0.011226694308664742
2019-10-01,UNH,top100,46.10547201318691,36.14193294497147,70.97860731171902,66.10397489363082,0,63,4,87,0.35180037945136067,0.45931951860401576,0.11331118430624731,0.1641191024643769,0.23848919514511335,0.2952004161396389,0.22757351078432006,0.2599797006768878
2019-10-01,VZ,top100,45.93557936558299,46.441170332651616,44.32444697737252,45.618707372523545,1,64,4,87,0.030663816696298474,0.03721109091272301,0.11331118430624731,0.1641191024643769,-0.08264736760994884,-0.12690801155165388,-0.09356305197074213,-0.16212872701440495
2019-10-01,NVDA,top100,45.834488946831506,46.174095031392916,17.563112124282334,100.0,5,65,4,87,0.3798065799824164,2.11695432881403,0.11331118430624731,0.1641191024643769,0.2664953956761691,1.9528352263496531,0.2555797113153758,1.917614510886902
2019-10-01,WMT,top100,45.78093181189976,48.19869658285285,34.032263171225935,52.35391569657577,0,66,4,87,0.013777151769887919,0.2080041891502129,0.11331118430624731,0.1641191024643769,-0.0995340325363594,0.04388508668583602,-0.11044971689715269,0.008664371223084943
2019-10-01,FISV,top100,45.60287622264084,53.3139887784489,10.756395643363728,61.31804949053856,3,67,4,87,0.11992244304411037,-0.0009694619486185774,0.11331118430624731,0.1641191024643769,0.006611258737863057,-0.16508856441299546,-0.004304425622930236,-0.20030927987574654
2019-10-01,AMGN,top100,45.39524066412185,31.2618640176969,84.23004263762243,66.65927324209532,1,68,4,87,0.2510754758252989,0.3517608638088794,0.11331118430624731,0.1641191024643769,0.13776429151905156,0.1876417613445025,0.12684860715825827,0.15242104588175143
2019-10-01,DHR,top100,45.16659294784728,52.64049894760692,13.419189040864573,56.34405876349518,1,69,4,87,0.09415324250752688,0.5240101143565301,0.11331118430624731,0.1641191024643769,-0.019157941798720435,0.3598910118921532,-0.030073626159513728,0.32467029642940215
2019-10-01,KO,top100,45.12893281704536,51.39980800534246,18.97423449285151,53.54220314735336,1,70,5,87,0.013739206593381903,-0.06604385856566997,0.11331118430624731,0.1641191024643769,-0.09957197771286541,-0.23016296103004685,-0.1104876620736587,-0.2653836764927979
2019-10-01,GILD,top100,44.42261402293119,32.59942878608099,71.22741472475515,73.57530927723467,0,71,5,87,0.041474006402875796,0.03812788226207786,0.11331118430624731,0.1641191024643769,-0.07183717790337152,-0.12599122020229903,-0.08275286226416481,-0.1612119356650501
2019-10-01,GS,top100,43.836974060181376,26.940881148151902,91.48923992673993,66.80509271127063,0,72,5,87,0.16256939812097482,0.015583844076798137,0.11331118430624731,0.1641191024643769,0.0492582138147275,-0.14853525838757875,0.03834252945393421,-0.18375597385032982
2019-10-01,CAT,top100,43.032855489236965,27.11883396039663,83.04963062941786,74.39745591075753,1,73,5,87,0.2397912964459754,0.25774870146999307,0.11331118430624731,0.1641191024643769,0.1264801121397281,0.09362959900561618,0.1155644277789348,0.05840888354286511
2019-10-01,MDT,top100,42.77479843762152,42.581958464758245,36.91902064936092,55.83623382418563,0,74,5,87,0.06363302570989382,-0.017206551604496245,0.11331118430624731,0.1641191024643769,-0.049678158596353494,-0.18132565406887313,-0.06059384295714679,-0.2165463695316242
2019-10-01,IBM,top100,42.58881378660724,34.06038291605302,66.80091185410335,53.86363374549455,1,75,5,87,-0.04622380248989466,-0.11101672320210487,0.11331118430624731,0.1641191024643769,-0.15953498679614198,-0.27513582566648176,-0.17045067115693527,-0.31035654112923283
2019-10-01,WFC,top100,42.58381255356777,25.143930404917928,94.05048076923076,61.72965116279069,0,76,5,87,0.10608061755852471,-0.4990539851030119,0.11331118430624731,0.1641191024643769,-0.0072305667477226,-0.6631730875673888,-0.018146251108515893,-0.6983938030301399
2019-10-01,C,top100,42.20485895216481,29.531616511540552,79.7831287249604,55.761016490943504,0,77,5,87,0.20044966042241952,-0.3453074856332561,0.11331118430624731,0.1641191024643769,0.0871384761161722,-0.509426588097633,0.07622279175537891,-0.544647303560384
2019-10-01,PFE,top100,41.37805948683322,28.68063894868019,75.9910081053698,61.03410601683134,1,78,5,87,0.11538945672423351,0.07749693704580163,0.11331118430624731,0.1641191024643769,0.0020782724179861933,-0.08662216541857526,-0.0088374119428071,-0.12184288088132633
2019-10-01,BLK,top100,39.853011722716936,27.3090577355363,73.17574786324786,61.015217351919496,0,79,5,87,0.1816151908877257,0.33499312431765693,0.11331118430624731,0.1641191024643769,0.0683040065814784,0.17087402185328004,0.0573883222206851,0.13565330639052897
2019-10-01,MDLZ,top100,39.68988453411066,39.71503699772826,31.27965636609254,56.33427362482368,0,80,5,87,-0.000520926032844371,0.07523040124327673,0.11331118430624731,0.1641191024643769,-0.11383211033909169,-0.08888870122110015,-0.12474779469988498,-0.12410941668385123
2019-10-01,CB,top100,39.656660152311666,35.649663413092604,46.81452228327228,53.38991306492387,1,81,5,87,-0.011659267686881747,-0.2494235950414092,0.11331118430624731,0.1641191024643769,-0.12497045199312906,-0.4135426975057861,-0.13588613635392235,-0.44876341296853717
2019-10-01,LOW,top100,39.58765022542605,42.29559425924049,22.536674687605537,54.73399306436607,3,82,5,87,0.10532039997878861,0.5435575320431172,0.11331118430624731,0.1641191024643769,-0.0079907843274587,0.3794384295787403,-0.018906468688251993,0.3442177141159892
2019-10-01,JNJ,top100,39.19143447852495,31.066691311943618,57.69018068220196,59.06714423724019,0,83,5,87,0.13071187085086788,0.17643106616619253,0.11331118430624731,0.1641191024643769,0.01740068654462057,0.012311963701815642,0.0064850021838272764,-0.02290875176093543
2019-10-01,PEP,top100,38.691086247201476,39.24130508666591,30.310389226612635,51.60094841212819,2,84,5,87,-0.004358158054656114,0.03823297325242847,0.11331118430624731,0.1641191024643769,-0.11766934236090343,-0.12588612921194842,-0.12858502672169672,-0.1611068446746995
2019-10-01,PG,top100,38.511128853568096,44.00298128350217,12.840678824721376,51.40906190172305,3,85,5,87,0.0028128336984423186,0.15091778827928093,0.11331118430624731,0.1641191024643769,-0.110498350607805,-0.013201314185095958,-0.12141403496859829,-0.04842202964784703
2019-10-01,PM,top100,31.948636684670884,17.609875203472598,65.02765113137454,66.16193815965158,1,86,5,87,0.10966976041441834,0.02615296064465067,0.11331118430624731,0.1641191024643769,-0.0036414238918289765,-0.13796614181972622,-0.01455710825262227,-0.1731868572824773
2019-10-01,XOM,top100,27.83644891694214,13.613518331912251,58.91224811437578,65.24536461728411,0,87,5,87,0.04068257306146994,-0.468673528533192,0.11331118430624731,0.1641191024643769,-0.07262861124477737,-0.6327926309975689,-0.08354429560557067,-0.66801334646032
2020-01-02,VRTX,top100,78.31423067342716,92.34508068130883,41.11144330374605,54.50385535761766,2,1,1,86,0.027477785372522323,0.0769651401230349,-0.23785708279569495,0.1723523792124484,0.2653348681682173,-0.09538723908941349,0.2405252863642579,-0.11225114468308295
2020-01-02,INTU,top100,71.64810574191102,86.41098909308232,25.79090956558062,60.022314636372826,0,2,1,86,-0.17889823427751506,0.4379994077588325,-0.23785708279569495,0.1723523792124484,0.058958848518179896,0.2656470285463841,0.03414926671422053,0.24878312295271465
2020-01-02,META,top100,69.46929283873283,76.9160877035709,53.63539055973266,49.00953334286666,0,3,1,86,-0.23920313069537558,0.3021262415017183,-0.23785708279569495,0.1723523792124484,-0.0013460478996806247,0.1297738622892699,-0.026155629703639993,0.11290995669560044
2020-01-02,ORCL,top100,68.62058014033894,65.01297997908263,86.16097535505432,58.7929908397025,0,4,1,86,-0.09310891153795897,0.2201689696850908,-0.23785708279569495,0.1723523792124484,0.14474817125773598,0.04781659047264242,0.11993858945377661,0.030952684878972958
2020-01-02,ADBE,top100,67.62663440859652,87.84280218138353,16.168415831244776,29.029897153790955,1,5,1,86,-0.099333193792423,0.49544000239212993,-0.23785708279569495,0.1723523792124484,0.13852388900327195,0.32308762317968154,0.11371430719931258,0.3062237175860121
2020-01-02,PLD,top100,67.18243586427079,71.65844912595249,55.86622807017543,58.48275862068964,0,6,1,86,-0.16436099238463042,0.1570073333188693,-0.23785708279569495,0.1723523792124484,0.07349609041106453,-0.015345045893579101,0.04868650860710516,-0.03220895148724856
2020-01-02,MSFT,top100,67.02686452640201,84.04732556402212,26.400245405179618,29.13687550550612,0,7,1,86,-0.050395824851214965,0.39942841796095285,-0.23785708279569495,0.1723523792124484,0.18746125794448,0.22707603874850446,0.16265167614052062,0.210212133154835
2020-01-02,PGR,top100,66.04881960677596,65.53619453160019,70.4028640441684,60.92910625822164,0,8,1,86,0.004698294208165477,0.37790492093114625,-0.23785708279569495,0.1723523792124484,0.24255537700386043,0.20555254171869786,0.21774579519990106,0.1886886361250284
2020-01-02,SPGI,top100,66.00420560949183,83.03815553563425,14.865879641914004,49.04320806165061,1,9,1,86,-0.15465387413817322,0.19303468083572883,-0.23785708279569495,0.1723523792124484,0.08320320865752173,0.02068230162328044,0.058393626853562364,0.003818396029610982
2020-01-02,KLAC,top100,64.95731713342616,80.75666741371582,27.5670948203843,29.1423097974822,1,10,1,86,-0.2755679468853002,0.44376646543882226,-0.23785708279569495,0.1723523792124484,-0.03771086408960522,0.27141408622637386,-0.06252044589356459,0.2545501806327044
2020-01-02,AVGO,top100,64.18746467899167,69.52534364261169,50.43859649122807,54.32004830917874,1,11,1,86,-0.2945487048469628,0.4201738450737864,-0.23785708279569495,0.1723523792124484,-0.056691622051267876,0.24782146586133802,-0.08150120385522724,0.23095756026766856
2020-01-02,NEE,top100,64.02893450718321,73.54344090841177,35.634572542467275,54.21611362801517,2,12,1,86,-0.08067387158296246,0.3199380165289256,-0.23785708279569495,0.1723523792124484,0.1571832112127325,0.14758563731647723,0.13237362940877312,0.13072173172280777
2020-01-02,AXP,top100,63.03334855991876,70.09123337815628,47.14911145617668,45.39662903974023,0,13,1,86,-0.38148571349547,-0.025479573297746083,-0.23785708279569495,0.1723523792124484,-0.14362863069977505,-0.19783195251019448,-0.16843821250373442,-0.21469585810386393
2020-01-02,MA,top100,62.98580199585431,80.17733079336621,9.762228260869565,49.09224788324054,1,14,1,86,-0.2454760373776964,0.18284849234361533,-0.23785708279569495,0.1723523792124484,-0.007618954582001458,0.01049611313116694,-0.03242853638596083,-0.0063677924625025195
2020-01-02,CSCO,top100,62.7097034617644,64.77383086807113,55.5174917853904,62.64523497036526,0,15,1,86,-0.2083846579659986,-0.05100961994005604,-0.23785708279569495,0.1723523792124484,0.029472424829696364,-0.22336199915250443,0.004662843025736996,-0.2402259047461739
2020-01-02,ISRG,top100,62.00866863828109,76.86575526669654,15.79182330827068,50.44275289939375,1,16,1,86,-0.23272976045109994,0.3697549861442275,-0.23785708279569495,0.1723523792124484,0.005127322344595009,0.19740260693177913,-0.01968225945936436,0.18053870133810968
2020-01-02,LRCX,top100,61.87006607709836,71.52650156880323,33.87048350041771,50.27418278852567,2,17,1,86,-0.24579545208367937,0.611545988258317,-0.23785708279569495,0.1723523792124484,-0.007938369287984415,0.43919360904586857,-0.03274795109194378,0.4223297034521991
2020-01-02,TXN,top100,61.258270288879146,70.99787090990587,31.309393274853804,52.97881996974281,1,18,1,86,-0.24681719645105304,0.30400243599007726,-0.23785708279569495,0.1723523792124484,-0.008960113655358093,0.13165005677762887,-0.03376969545931746,0.1147861511839594
2020-01-02,CMCSA,top100,61.17462282737373,57.61653966831017,75.69574979114452,57.038951013277114,1,19,2,86,-0.2773715928028293,0.18084139090228524,-0.23785708279569495,0.1723523792124484,-0.03951451000713435,0.008489011689836845,-0.06432409181109372,-0.008374893903832614
2020-01-02,MRK,top100,60.212487267355264,66.017574331391,54.853279030910606,30.295294291994423,0,20,2,86,-0.19155026781747608,-0.08303738826967832,-0.23785708279569495,0.1723523792124484,0.04630681497821887,-0.2553897674821267,0.0214972331742595,-0.2722536730757962
2020-01-02,ICE,top100,59.57481852024454,65.64022112655013,40.60904071773638,55.04855588112181,0,21,2,86,-0.14106741223691022,0.25988856337327526,-0.23785708279569495,0.1723523792124484,0.09678967055878474,0.08753618416082687,0.07198008875482537,0.07067227856715741
2020-01-02,GOOGL,top100,59.173532996262516,65.68401688331093,41.47360588972431,49.0,0,22,2,86,-0.19477082531210865,0.28053412874379147,-0.23785708279569495,0.1723523792124484,0.0430862574835863,0.10818174953134307,0.01827667567962693,0.09131784393767362
2020-01-02,JPM,top100,59.173502075113014,65.30199462124608,52.8034420289855,29.014174344436555,0,23,2,86,-0.39824528071437293,-0.06666287811961402,-0.23785708279569495,0.1723523792124484,-0.16038819791867798,-0.23901525733206241,-0.18519777972263735,-0.2558791629257319
2020-01-02,ADP,top100,58.62184024469627,68.61935977887345,30.546026524644947,44.790830945558746,0,24,2,86,-0.23366333144001272,0.059685690698283,-0.23785708279569495,0.1723523792124484,0.004193751355682229,-0.11266668851416539,-0.02061583044827714,-0.12953059410783485
2020-01-02,AAPL,top100,58.23197488979749,71.7607948603018,25.413925438596486,29.166333998669323,1,25,2,86,-0.19599842261472367,0.7823997011270001,-0.23785708279569495,0.1723523792124484,0.041858660180971285,0.6100473219145517,0.017049078377011917,0.5931834163208822
2020-01-02,NOW,top100,57.858568415799034,73.38721425369789,8.50250626566416,47.870171850776806,2,26,2,86,-0.062388408185688804,0.8899533031177036,-0.23785708279569495,0.1723523792124484,0.17546867461000615,0.7176009239052552,0.15065909280604678,0.7007370183115857
2020-01-02,AMZN,top100,57.81689353119594,67.74391154937994,35.212430637217054,33.53669319186564,1,27,2,86,0.0051053471794142435,0.7159709379824133,-0.23785708279569495,0.1723523792124484,0.2429624299751092,0.5436185587699649,0.21815284817114983,0.5267546531762954
2020-01-02,LIN,top100,57.41160794386447,62.448360227102945,42.25877192982457,52.46001398927487,0,28,2,86,-0.23304880736167866,0.27169166756309915,-0.23785708279569495,0.1723523792124484,0.004808275434016296,0.09933928835065076,-0.020001306369943073,0.0824753827569813
2020-01-02,CRM,top100,56.03527886768431,66.9584827431645,25.481528084206655,40.680353306278334,2,29,2,86,-0.19719756491162665,0.33259498471216276,-0.23785708279569495,0.1723523792124484,0.0406595178840683,0.16024260549971436,0.01584993608010893,0.1433786999060449
2020-01-02,BX,top100,55.92611607823906,60.71539294785597,41.056763285024154,52.13988357735051,2,30,2,86,-0.26180494363241613,0.2007657997292902,-0.23785708279569495,0.1723523792124484,-0.02394786083672118,0.028413420516841814,-0.04875744264068055,0.011549514923172355
2020-01-02,UNP,top100,55.612764034953805,63.34958165247273,31.779970760233915,49.12062726176114,2,31,2,86,-0.2467577002432242,0.16679846876290316,-0.23785708279569495,0.1723523792124484,-0.008900617447529235,-0.00555391044954523,-0.033710199251488604,-0.02241781604321469
2020-01-02,SYK,top100,55.33891230650945,65.05546839982071,23.182565789473685,51.63571268740211,1,32,2,86,-0.31007667455683985,0.17880765360374484,-0.23785708279569495,0.1723523792124484,-0.0722195917611449,0.0064552743912964505,-0.09702917356510427,-0.010408631202373009
2020-01-02,BAC,top100,55.238014295868936,56.89339608546243,62.33922101449275,29.44792833146696,0,33,2,86,-0.4417473162675475,-0.12674483897605282,-0.23785708279569495,0.1723523792124484,-0.20389023347185253,-0.2990972181885012,-0.2286998152758119,-0.31596112378217067
2020-01-02,HD,top100,55.1628856168645,54.18009020618557,53.473005430242274,65.42221386486149,0,34,2,86,-0.18134811992107658,0.2377615119576364,-0.23785708279569495,0.1723523792124484,0.056508962874618374,0.065409132745188,0.031699381070659005,0.048545227151518544
2020-01-02,ACN,top100,54.863996459079694,63.06299492006574,27.645807226399334,51.9073856975381,1,35,2,86,-0.2611090288244434,0.2629226504428557,-0.23785708279569495,0.1723523792124484,-0.02325194602874847,0.09057027123040728,-0.04806152783270784,0.07370636563673783
2020-01-02,AMGN,top100,54.63956563807779,56.038398326609894,50.567434210526315,52.99199967345607,1,36,3,86,-0.17028663392379229,-0.0159300712814453,-0.23785708279569495,0.1723523792124484,0.06757044887190267,-0.1882824504938937,0.0427608670679433,-0.20514635608756315
2020-01-02,MS,top100,54.60928088229366,52.08837591513522,76.19867149758454,29.076834421820983,0,37,3,86,-0.3884034985863106,0.3564715822465152,-0.23785708279569495,0.1723523792124484,-0.15054641579061567,0.18411920303406681,-0.17535599759457504,0.16725529744039735
2020-01-02,FISV,top100,54.55944084179901,68.22445091887046,7.4099310776942335,53.20338983050847,3,38,3,86,-0.23814058171745145,-0.014369806094182813,-0.23785708279569495,0.1723523792124484,-0.0002834989217564976,-0.1867221853066312,-0.025093080725715866,-0.20358609090030066
2020-01-02,AMAT,top100,54.36100577349215,58.980558045719405,39.493656015037594,51.758839384810514,2,39,3,86,-0.3016648452974523,0.40617614917013856,-0.23785708279569495,0.1723523792124484,-0.06380776250175735,0.23382376995769016,-0.08861734430571672,0.2169598643640207
2020-01-02,BMY,top100,54.09467541953947,46.866222172418944,79.76399331662489,53.355212355212345,0,40,3,86,-0.13451187335092352,0.0104343413842094,-0.23785708279569495,0.1723523792124484,0.10334520944477144,-0.161918037828239,0.07853562764081207,-0.17878194342190845
2020-01-02,KO,top100,53.79405451515178,61.761355147168686,31.142439431913118,43.32618025751073,0,41,3,86,-0.22732619574535962,0.03139918433895339,-0.23785708279569495,0.1723523792124484,0.010530887050335336,-0.140953194873495,-0.014278694753624033,-0.15781710046716446
2020-01-02,NVDA,top100,53.70392634301802,66.30248020319738,11.17520363408521,50.57149473962814,4,42,3,86,0.013783158388946726,1.1802374325094735,-0.23785708279569495,0.1723523792124484,0.2516402411846417,1.0078850532970252,0.2268306593806823,0.9910211477033557
2020-01-02,INTC,top100,53.50853122479079,58.44968623935455,48.25553467000835,29.426439232409372,0,43,3,86,-0.1430724940139565,-0.16077068562324726,-0.23785708279569495,0.1723523792124484,0.09478458878173845,-0.33312306483569565,0.06997500697777909,-0.3499869704293651
2020-01-02,SCHW,top100,53.33423178004344,44.55737337516808,79.5988612836439,62.24298160696999,0,44,3,86,-0.31402571567089954,0.11989721015243227,-0.23785708279569495,0.1723523792124484,-0.07616863287520459,-0.05245516906001613,-0.10097821467916396,-0.06931907465368559
2020-01-02,TMO,top100,52.383647854370466,61.64154713880173,20.530884502923975,51.28387956624461,0,45,3,86,-0.15613235684348936,0.4305900504428286,-0.23785708279569495,0.1723523792124484,0.08172472595220559,0.2582376712303802,0.05691514414824622,0.24137376563671076
2020-01-02,MCD,top100,52.1993830353023,58.153457903780065,29.00845864661654,56.90270773332947,1,46,3,86,-0.20733200003733854,0.09534155402882538,-0.23785708279569495,0.1723523792124484,0.030525082758356414,-0.07701082518362301,0.005715500954397046,-0.09387473077729247
2020-01-02,SBUX,top100,52.035649766054505,56.77620274914089,31.062421679197996,60.798235058162874,1,47,3,86,-0.2958947652041033,0.22200730739343166,-0.23785708279569495,0.1723523792124484,-0.05803768240840834,0.04965492818098327,-0.08284726421236771,0.03279102258731381
2020-01-02,GS,top100,51.61551998558557,42.82459285821007,83.55514579020014,49.27275826798498,0,48,3,86,-0.3761593557694757,0.15253234311088115,-0.23785708279569495,0.1723523792124484,-0.13830227297378073,-0.01982003610156724,-0.1631118547777401,-0.0366839416952367
2020-01-02,REGN,top100,51.136434521670985,42.51073883161512,71.36291248955723,71.06334841628959,0,49,3,86,0.33025306623024897,0.2939868820528433,-0.23785708279569495,0.1723523792124484,0.5681101490259439,0.1216345028403949,0.5433005672219846,0.10477059724672544
2020-01-02,TJX,top100,50.48731472853282,58.652043179441215,22.654422514619885,49.0,1,50,3,86,-0.2741503142007419,0.1108985398594673,-0.23785708279569495,0.1723523792124484,-0.03629323140504692,-0.0614538393529811,-0.06110281320900629,-0.07831774494665056
2020-01-02,QCOM,top100,50.22461629820775,50.19740773942925,45.17293646657899,60.51843587291468,1,51,3,86,-0.25105197963142456,0.7616463334078909,-0.23785708279569495,0.1723523792124484,-0.013194896835729608,0.5892939541954425,-0.03800447863968898,0.572430048601773
2020-01-02,ADI,top100,49.73578622384211,55.71613999701181,30.178571428571423,46.98773940219568,0,52,3,86,-0.2979620362655091,0.25198118515601764,-0.23785708279569495,0.1723523792124484,-0.06010495346981415,0.07962880594356925,-0.08491453527377352,0.06276490034989979
2020-01-02,DIS,top100,49.563593051013974,55.25026146720454,26.54592209690894,55.79225604589011,1,53,4,86,-0.3595145915527461,0.22253709914377762,-0.23785708279569495,0.1723523792124484,-0.12165750875705117,0.050184719931329225,-0.14646709056101054,0.033320814337659765
2020-01-02,COST,top100,49.44454584363854,57.91302480203198,14.869987468671678,59.3143098848181,1,54,4,86,-0.014083785103932267,0.3377236490601765,-0.23785708279569495,0.1723523792124484,0.22377329769176268,0.1653712698477281,0.19896371588780332,0.14850736425405864
2020-01-02,HON,top100,49.387755419561586,52.60094501718213,37.063100459482044,51.54473815637692,1,55,4,86,-0.2786542619237977,0.20394816332511567,-0.23785708279569495,0.1723523792124484,-0.04079717912810277,0.03159578411266728,-0.06560676093206214,0.01473187851899782
2020-01-02,ABT,top100,49.24908918980553,55.356062303899606,25.433114035087723,54.13222770058268,0,56,4,86,-0.11563913515174962,0.2790817010957125,-0.23785708279569495,0.1723523792124484,0.12221794764394533,0.10672932188326412,0.09740836583998597,0.08986541628959466
2020-01-02,C,top100,49.038787746765415,47.32276258777828,65.02735114349944,29.073837066207247,0,57,4,86,-0.5227706860348185,-0.21028982286098852,-0.23785708279569495,0.1723523792124484,-0.2849136032391235,-0.3826422020734369,-0.3097231850430829,-0.39950610766710637
2020-01-02,BSX,top100,48.891090321115136,56.17744285073958,20.567348860934388,54.534105534105535,1,58,4,86,-0.3339951467019633,-0.20692697992499443,-0.23785708279569495,0.1723523792124484,-0.09613806390626833,-0.3792793591374428,-0.1209476457102277,-0.3961432647311123
2020-01-02,WMT,top100,48.884495392216714,50.20786642761094,39.058714494569756,59.2724599397511,0,59,4,86,-0.03610996787585652,0.23218601619189427,-0.23785708279569495,0.1723523792124484,0.20174711491983843,0.05983363697944588,0.17693753311587906,0.04296973138577642
2020-01-02,VZ,top100,48.81650615236641,48.34061706260272,48.50994674185464,52.76084860173577,1,60,4,86,-0.1241496104198162,0.0044166957398148465,-0.23785708279569495,0.1723523792124484,0.11370747237587875,-0.16793568347263355,0.08889789057191938,-0.184799589066303
2020-01-02,LMT,top100,48.77203241192908,49.567365157627364,50.226869256474515,40.295029502950285,1,61,4,86,-0.14704234207965416,-0.08832355986891927,-0.23785708279569495,0.1723523792124484,0.09081474071604079,-0.26067593908136766,0.06600515891208142,-0.2775398446750371
2020-01-02,T,top100,48.68347175097017,45.97807410727626,55.87836779448621,53.23146316979546,1,62,4,86,-0.26532857936555043,-0.19194234825151446,-0.23785708279569495,0.1723523792124484,-0.02747149656985548,-0.36429472746396285,-0.05228107837381485,-0.3811586330576323
2020-01-02,CAT,top100,48.071104614966885,42.55939040788884,66.88437202417467,49.02656924609765,1,63,4,86,-0.2550922669323886,0.24562062393662631,-0.23785708279569495,0.1723523792124484,-0.01723518413669367,0.07326824472417792,-0.04204476594065304,0.05640433913050846
2020-01-02,MRSH,top100,47.92016646635768,56.60727625877782,15.316597653554176,52.317535545023695,1,64,4,86,-0.2650457364163986,0.062464551669883406,-0.23785708279569495,0.1723523792124484,-0.027188653620703662,-0.10988782754256499,-0.05199823542466303,-0.12675173313623445
2020-01-02,ETN,top100,47.379257141302844,47.281021216196024,46.90228174603175,49.020859407592795,0,65,4,86,-0.23043386030071022,0.28320169892188307,-0.23785708279569495,0.1723523792124484,0.007423222494984727,0.11084931970943468,-0.01738635930897464,0.09398541411576522
2020-01-02,RTX,top100,46.90799631975182,52.13646720454206,27.510181704260653,49.104329357202545,1,66,4,86,-0.4005178964691076,-0.23676459911425185,-0.23785708279569495,0.1723523792124484,-0.16266081367341267,-0.40911697832670024,-0.18747039547737204,-0.4259808839203697
2020-01-02,MDT,top100,46.436959002662675,48.31241595696997,37.40106833417901,51.38054165947903,0,67,4,86,-0.26120439751620994,0.04674313970158184,-0.23785708279569495,0.1723523792124484,-0.02334731472051499,-0.12560923951086655,-0.04815689652447436,-0.14247314510453601
2020-01-02,DE,top100,45.1308521184893,42.60533393097266,50.02982942269467,53.011524822695,1,68,4,86,-0.23992900905906145,0.5474234918283252,-0.23785708279569495,0.1723523792124484,-0.002071926263366497,0.3750711126158768,-0.026881508067325866,0.3582072070222073
2020-01-02,PFE,top100,44.08507065889434,30.833239952188855,80.8672723475355,63.28348222855044,1,69,4,86,-0.18052311037380608,0.0317492561119197,-0.23785708279569495,0.1723523792124484,0.05733397242188887,-0.1406031231005287,0.0325243906179295,-0.15746702869419815
2020-01-02,COP,top100,43.65075432849767,32.82972882115643,85.53392017697483,35.63160118293201,0,70,5,86,-0.5443077108541496,-0.3645588867219781,-0.23785708279569495,0.1723523792124484,-0.3064506280584547,-0.5369112659344265,-0.33126020986241406,-0.553775171528096
2020-01-02,IBM,top100,43.457140534623925,33.36022710294337,71.08696219715956,58.875891231316565,1,71,5,86,-0.21549403114354537,-0.021698254692293473,-0.23785708279569495,0.1723523792124484,0.02236305165214958,-0.19405063390474186,-0.0024465301518097893,-0.21091453949841132
2020-01-02,UNH,top100,43.084140654284,40.375578963095776,47.10617690058479,54.00000000000001,0,72,5,86,-0.18513524150733163,0.2186366794012431,-0.23785708279569495,0.1723523792124484,0.052721841288363325,0.0462843001887947,0.027912259484403956,0.029420394595125243
2020-01-02,DHR,top100,42.93492157976446,53.575470640968184,12.576754385964911,29.16741253893757,1,73,5,86,-0.16911009599311555,0.4380917114299723,-0.23785708279569495,0.1723523792124484,0.0687469868025794,0.2657393322175239,0.04393740499862003,0.24887542662385442
2020-01-02,MU,top100,41.706383681019716,44.767854474824446,26.06123401660455,51.56638745321689,3,74,5,86,-0.27983366905622364,0.35728568043130515,-0.23785708279569495,0.1723523792124484,-0.04197658626052869,0.18493330121885676,-0.06678616806448806,0.1680693956251873
2020-01-02,PG,top100,41.68966019881855,46.4305057522785,18.921783625730992,54.039494470774095,3,75,5,86,-0.10882816640743054,0.1553078945318025,-0.23785708279569495,0.1723523792124484,0.12902891638826441,-0.0170444846806459,0.10421933458430505,-0.03390839027431536
2020-01-02,CVX,top100,40.7628158061503,32.14263036007769,66.67375450442024,49.28223653211873,0,76,5,86,-0.42879647586059644,-0.26513130892971526,-0.23785708279569495,0.1723523792124484,-0.19093939306490149,-0.43748368814216365,-0.21574897486886085,-0.4543475937358331
2020-01-02,MDLZ,top100,40.70266569000587,40.459248468549234,37.69227756892231,48.42736248236953,0,77,5,86,-0.09863011913707054,0.10082349211037211,-0.23785708279569495,0.1723523792124484,0.13922696365862441,-0.07152888710207628,0.11441738185466505,-0.08839279269574574
2020-01-02,WFC,top100,40.617588955012245,25.17536978933214,88.64766649413389,52.65296803652968,0,78,5,86,-0.5004006047697349,-0.4159381104256563,-0.23785708279569495,0.1723523792124484,-0.26254352197403996,-0.5882904896381047,-0.28735310377799933,-0.6051543952317742
2020-01-02,PEP,top100,40.091960985656634,39.40656282683401,39.24028822055138,46.59309362762548,2,79,5,86,-0.12444737980823972,0.1237058461818763,-0.23785708279569495,0.1723523792124484,0.11340970298745523,-0.04864653303057209,0.08860012118349586,-0.06551043862424155
2020-01-02,LOW,top100,39.497879116926406,43.551471686837,19.735928362573098,50.64663263625886,2,80,5,86,-0.32937802139706474,0.3560796694018964,-0.23785708279569495,0.1723523792124484,-0.09152093860136978,0.183727290189448,-0.11633052040532915,0.16686338459577854
2020-01-02,CB,top100,39.133640529891274,34.14630957717018,52.203890614216704,47.904457030288086,2,81,5,86,-0.3272745338088394,0.011763453451854922,-0.23785708279569495,0.1723523792124484,-0.08941745101314447,-0.16058892576059347,-0.11422703281710384,-0.17745283135426293
2020-01-02,GILD,top100,38.65730887788828,32.73709472583296,51.45180659983291,54.50981249838628,1,82,5,86,0.12195809176451688,-0.07057951079012814,-0.23785708279569495,0.1723523792124484,0.35981517456021184,-0.24293189000257653,0.33500559275625247,-0.259795795596246
2020-01-02,JNJ,top100,35.715234710113094,33.92770431794412,44.06432748538012,31.529761904761905,0,83,5,86,-0.11193149742249986,0.10747784091611501,-0.23785708279569495,0.1723523792124484,0.1259255853731951,-0.06487453829633338,0.10111600356923572,-0.08173844389000284
2020-01-02,LLY,top100,34.942853016699644,29.401987150754522,53.8109596908939,35.992700729926995,1,84,5,86,0.037191591636732246,0.3026672559590282,-0.23785708279569495,0.1723523792124484,0.2750486744324272,0.13031487674657982,0.25023909262846783,0.11345097115291036
2020-01-02,PM,top100,30.79456450621673,19.77018900343643,56.63612155388471,56.28207893034288,1,85,5,86,-0.15019321416298714,0.03568788780611154,-0.23785708279569495,0.1723523792124484,0.08766386863270781,-0.13666449140633685,0.06285428682874844,-0.1535283970000063
2020-01-02,XOM,top100,20.183716985603304,6.920009711639025,44.810637705374546,63.775826463810745,1,86,5,86,-0.46306342954469415,-0.37218665409531915,-0.23785708279569495,0.1723523792124484,-0.2252063467489992,-0.5445390333077675,-0.25001592855295857,-0.561402938901437
2020-07-01,VRTX,top100,76.66484559280156,86.5719133910848,51.50115146217736,57.64275926606733,2,1,1,63,-0.04460667877602342,-0.2936635461785664,0.08975032364417412,0.4068051651581921,-0.13435700242019755,-0.7004687113367585,-0.1414091764889061,-0.6339457612047563
2020-07-01,SPGI,top100,70.62383174346259,86.45329265726909,25.553646429935092,49.95797597387204,1,2,1,63,0.08934602415286541,0.2423573414801754,0.08975032364417412,0.4068051651581921,-0.0004042994913087128,-0.1644478236780167,-0.007456473560017274,-0.09792487354601453
2020-07-01,MSFT,top100,70.30575677344868,86.91938272395467,22.01133202421862,50.599224618366854,0,3,1,63,0.040418557325319515,0.33966665362172255,0.08975032364417412,0.4068051651581921,-0.04933176631885461,-0.06713851153646955,-0.05638394038756317,-0.0006155614044673907
2020-07-01,ADBE,top100,69.82927562056454,89.07532084998948,11.461708394698086,51.84209346632298,2,4,1,63,0.1357404333689547,0.32950592301220993,0.08975032364417412,0.4068051651581921,0.04599010972478057,-0.07729924214598216,0.03893793565607201,-0.010776292013980004
2020-07-01,META,top100,69.54049503913319,76.44645487060805,52.5239322533137,55.23190179044821,0,5,1,63,0.1224165233790595,0.4918543702472502,0.08975032364417412,0.4068051651581921,0.03266619973488538,0.08504920508905811,0.02561402566617682,0.15157215522106027
2020-07-01,ABBV,top100,68.94802196392624,71.54428781822008,69.31332842415317,50.0435480634156,0,6,1,63,-0.11031293609965342,0.21083921665559524,0.08975032364417412,0.4068051651581921,-0.20006325974382755,-0.19596594850259685,-0.2071154338125361,-0.1294429983705947
2020-07-01,MA,top100,68.7189472261353,82.8115881045381,20.48419936306534,66.53995680345571,0,7,1,63,0.14164263642182195,0.23700990344314987,0.08975032364417412,0.4068051651581921,0.05189231277764783,-0.16979526171504222,0.04484013870893927,-0.10327231158304007
2020-07-01,INTC,top100,67.95381821044242,68.31941382559299,65.5263050237277,70.24967527781789,0,8,1,63,-0.10568269821347509,-0.0223210709230951,0.08975032364417412,0.4068051651581921,-0.19543302185764921,-0.4291262360812872,-0.20248519592635777,-0.36260328594928504
2020-07-01,NEE,top100,66.21129261881472,73.51672627814011,40.65810287459772,66.17963649197108,1,9,1,63,0.15400950358527044,0.2296763257882357,0.08975032364417412,0.4068051651581921,0.06425917994109631,-0.17712883936995638,0.05720700587238775,-0.11060588923795422
2020-07-01,PLD,top100,66.13221349555369,72.50843860628069,52.23176785032456,49.299529010922946,0,10,1,63,0.07976893829331222,0.2898850900132368,0.08975032364417412,0.4068051651581921,-0.009981385350861904,-0.11692007514495528,-0.017033559419570465,-0.050397125012953126
2020-07-01,AAPL,top100,65.38917430951207,79.26444625362471,22.79945999018164,53.4416993393845,1,11,1,63,0.285332400629575,0.5181672825388317,0.08975032364417412,0.4068051651581921,0.19558207698540087,0.11136211738063961,0.1885299029166923,0.17788506751264177
2020-07-01,NVDA,top100,64.97683695616986,82.97551203358977,8.803182785141548,51.33341975628729,2,12,1,63,0.42901719357797186,1.1233488999694288,0.08975032364417412,0.4068051651581921,0.33926686993379773,0.7165437348112367,0.33221469586508917,0.7830666849432388
2020-07-01,ISRG,top100,64.15460496495075,75.81884210430026,28.386107020127636,54.04194087915038,1,13,1,63,0.23452735960535165,0.6114600876637439,0.08975032364417412,0.4068051651581921,0.14477703596117752,0.20465492250555184,0.13772486189246896,0.271177872637554
2020-07-01,TXN,top100,62.57445035813139,71.03316898251904,31.723735886107015,65.06484893146647,1,14,2,63,0.16913069358794242,0.5687687802090526,0.08975032364417412,0.4068051651581921,0.07938036994376829,0.16196361505086054,0.07232819587505973,0.2284865651828627
2020-07-01,ICE,top100,61.581119275921125,67.68306515793229,42.54827360497464,56.93318944373591,0,15,2,63,0.09039531021232516,0.28852495066579475,0.08975032364417412,0.4068051651581921,0.0006449865681510403,-0.11828021449239734,-0.006407187500557521,-0.05175726436039518
2020-07-01,GOOGL,top100,61.06667706457961,65.80127882618758,49.23171330387825,51.59439225472649,0,16,2,63,0.031829841333848696,0.6982584807702001,0.08975032364417412,0.4068051651581921,-0.05792048231032543,0.29145331561200805,-0.06497265637903399,0.3579762657440102
2020-07-01,JNJ,top100,59.688274000071615,57.577456800739114,61.92385316096656,69.99283607360918,0,17,2,63,0.05642198731501047,0.21335391120507397,0.08975032364417412,0.4068051651581921,-0.033328336329163655,-0.19345125395311813,-0.040380510397872216,-0.12692830382111597
2020-07-01,REGN,top100,58.88853928179674,64.74999771311482,37.56831942398953,60.498769978184555,0,18,2,63,-0.06735405199749711,-0.05671666375022533,0.08975032364417412,0.4068051651581921,-0.15710437564167123,-0.4635218289084174,-0.1641565497103798,-0.39699887877641526
2020-07-01,ORCL,top100,58.68027645287537,52.423823854956595,81.63700703649157,56.561983471074385,0,19,2,63,0.08005601678930163,0.457109195368387,0.08975032364417412,0.4068051651581921,-0.009694306854872492,0.05030403021019492,-0.016746480923581053,0.11682698034219707
2020-07-01,GILD,top100,58.30521882584959,61.52109880258693,44.674971363115695,63.054553914156095,0,20,2,63,-0.15877724220327105,-0.050823548799077134,0.08975032364417412,0.4068051651581921,-0.24852756584744518,-0.45762871395726923,-0.25557973991615374,-0.39110576382526707
2020-07-01,BLK,top100,57.82497142411674,62.575398604085294,44.478257996299234,51.265408019971886,1,21,2,63,0.049605140271033354,0.6505903306486966,0.08975032364417412,0.4068051651581921,-0.04014518337314077,0.24378516549050455,-0.04719735744184933,0.3103081156225067
2020-07-01,BMY,top100,57.7932170997431,61.76090158160978,39.7651775486827,66.0755048287972,3,22,2,63,0.021870327025107716,0.16354688046409538,0.08975032364417412,0.4068051651581921,-0.06787999661906641,-0.24325828469409672,-0.07493217068777497,-0.17673533456209456
2020-07-01,ANET,top100,57.65491161282387,49.45558411621035,69.24173621338569,91.87655488799481,0,23,2,63,-0.011413292589763202,0.735057295645531,0.08975032364417412,0.4068051651581921,-0.10116361623393733,0.3282521304873389,-0.10821579030264589,0.3947750806193411
2020-07-01,INTU,top100,57.6131965457024,72.82956302198154,11.758100147275407,42.80882400860243,2,24,2,63,0.10023353986118866,0.6334750600084489,0.08975032364417412,0.4068051651581921,0.010483216217014535,0.2266698948502568,0.003431042148305974,0.29319284498225895
2020-07-01,QCOM,top100,57.39975731638819,63.06721612894373,39.619046403904015,53.28896745346781,1,25,2,63,0.3383844294619007,0.5991476911334437,0.08975032364417412,0.4068051651581921,0.2486341058177266,0.1923425259752516,0.24158193174901804,0.25886547610725374
2020-07-01,FISV,top100,57.37844694487033,64.7246132877176,27.230608738340692,66.25095895799882,2,26,3,63,0.058375634517766395,0.09989847715736033,0.08975032364417412,0.4068051651581921,-0.03137468912640773,-0.30690668800083176,-0.03842686319511629,-0.2403837378688296
2020-07-01,LMT,top100,57.1812869105518,50.77392767954336,76.04135984290623,64.31265566290202,1,27,3,63,0.06324619012502475,0.08427101316702768,0.08975032364417412,0.4068051651581921,-0.026504133519149375,-0.3225341519911644,-0.033556307587857936,-0.25601120185916226
2020-07-01,ACN,top100,57.10573538470642,65.51340572087194,30.21723122238586,52.029051356188894,1,28,3,63,0.05319455656786998,0.41781924971580153,0.08975032364417412,0.4068051651581921,-0.036555767076304146,0.011014084557609438,-0.04360794114501271,0.0775370346896116
2020-07-01,UNH,top100,57.03225841134206,58.13865842168333,51.44207167403043,60.46783181357647,0,29,3,63,0.05585594571539598,0.3803457993595538,0.08975032364417412,0.4068051651581921,-0.03389437792877814,-0.02645936579863828,-0.0409465519974867,0.04006358433336388
2020-07-01,AMZN,top100,54.822954774512525,67.88001170885207,21.47169316791892,30.126079447322972,1,30,3,63,0.11899815889116616,0.1925417723277869,0.08975032364417412,0.4068051651581921,0.029247835246992038,-0.21426339283040519,0.022195661178283477,-0.14774044269840303
2020-07-01,ABT,top100,54.54990513187197,59.960253935729384,30.02863688430699,65.72,0,31,3,63,0.1901113241880441,0.2976577194777503,0.08975032364417412,0.4068051651581921,0.10036100054386998,-0.10914744568044177,0.09330882647516142,-0.04262449554843961
2020-07-01,WMT,top100,53.69723303189532,53.196562354211075,47.53436426116838,69.527665317139,0,32,3,63,0.20033629267257425,0.1825911404838152,0.08975032364417412,0.4068051651581921,0.11058596902840012,-0.2242140246743769,0.10353379495969156,-0.15769107454237474
2020-07-01,ADP,top100,53.52137264442325,50.34454211985108,58.09380625102275,66.61431910322956,0,33,3,63,-0.0703576747811625,0.36960594347366116,0.08975032364417412,0.4068051651581921,-0.16010799842533663,-0.037199221684530936,-0.1671601724940452,0.02932372844747122
2020-07-01,MRSH,top100,53.45389051365445,61.00627521290901,23.44552068778873,60.60393727060392,1,34,3,63,0.06661012673286004,0.3452296225497937,0.08975032364417412,0.4068051651581921,-0.02314019691131408,-0.06157554260839837,-0.030192370980022643,0.004947407523603786
2020-07-01,LLY,top100,53.13376095250425,56.97422223035338,39.29232445374605,53.93340500507675,1,35,3,63,-0.11210455136370612,0.44189127679849105,0.08975032364417412,0.4068051651581921,-0.20185487500788024,0.035086111640298956,-0.2089070490765888,0.10160906177230111
2020-07-01,MRK,top100,53.09639307596409,47.806556957162066,67.7990508918344,60.719930275837626,0,36,3,63,0.052659453856370275,0.08073110686404728,0.08975032364417412,0.4068051651581921,-0.03709086978780385,-0.3260740582941448,-0.04414304385651241,-0.25955110816214266
2020-07-01,HD,top100,52.580902664356294,57.8240058910162,31.724144984454263,57.592695437540996,1,37,3,63,0.12465861860518035,0.3248018930274055,0.08975032364417412,0.4068051651581921,0.034908294961006225,-0.08200327213078662,0.027856120892297664,-0.015480321998784463
2020-07-01,PGR,top100,52.400770727279316,47.21425369789332,70.68051936608637,52.14689265536721,0,38,3,63,0.17265827192700312,0.30343236057049605,0.08975032364417412,0.4068051651581921,0.08290794828282899,-0.10337280458769604,0.07585577421412043,-0.03684985445569389
2020-07-01,COST,top100,51.93404945732757,60.3927039215507,21.990058910162,52.61144930209679,1,39,4,63,0.17877316537947174,0.33942606352394433,0.08975032364417412,0.4068051651581921,0.08902284173529762,-0.06737910163424776,0.08197066766658906,-0.0008561515022456057
2020-07-01,AMGN,top100,51.92661906626435,58.28364694151978,40.70712649320896,29.866409085587172,1,40,4,63,0.00776430526503602,-0.004877722394530326,0.08975032364417412,0.4068051651581921,-0.0819860183791381,-0.4116828875527224,-0.08903819244784666,-0.34515993742072026
2020-07-01,LIN,top100,51.53978029377769,59.64640181487207,23.195876288659793,51.48123765635285,1,41,4,63,0.08756067736317474,0.37505120425816396,0.08975032364417412,0.4068051651581921,-0.00218964628099938,-0.03175396090002813,-0.009241820349707941,0.03476898923197402
2020-07-01,CSCO,top100,51.252035870996345,45.25814359809365,56.91606570775764,81.88122210779264,0,42,4,63,-0.1431531606389831,0.19825141776937594,0.08975032364417412,0.4068051651581921,-0.2329034842831572,-0.20855374738881616,-0.23995565835186577,-0.142030797256814
2020-07-01,TMO,top100,50.98526663359937,61.2463981558558,14.909998363606611,51.30788251778995,1,43,4,63,0.21862243997237485,0.41926307360083825,0.08975032364417412,0.4068051651581921,0.12887211632820073,0.01245790844264616,0.12181994225949216,0.07898085857464832
2020-07-01,LOW,top100,50.49567438125767,51.65758010958754,45.96772214040256,51.41823876465874,1,44,4,63,0.23726694412447413,0.4637103876333093,0.08975032364417412,0.4068051651581921,0.1475166204803,0.0569052224751172,0.14046444641159145,0.12342817260711936
2020-07-01,T,top100,50.10939246514326,38.583823489054964,85.30211912943872,60.40292196917035,0,45,4,63,-0.02512383567544285,0.06831152748613589,0.08975032364417412,0.4068051651581921,-0.11487415931961698,-0.3384936376720562,-0.12192633338832554,-0.27197068754005405
2020-07-01,ETN,top100,49.43149149931071,45.06988721082337,52.07228767795779,74.68112916142803,0,46,4,63,0.1631589235681239,0.7673633602786263,0.08975032364417412,0.4068051651581921,0.07340859992394977,0.3605581951204342,0.06635642585524121,0.42708114525243634
2020-07-01,PG,top100,49.27586825746408,56.168323896120526,23.45872197676321,52.662971348270744,3,47,4,63,0.16785020576775023,0.15482117942244344,0.08975032364417412,0.4068051651581921,0.0780998821235761,-0.25198398573574865,0.07104770805486754,-0.1854610356037465
2020-07-01,UNP,top100,47.090508335187174,44.77410148281634,47.05817378497791,63.37002540220155,0,48,4,63,0.1697254891184874,0.36540173664541653,0.08975032364417412,0.4068051651581921,0.07997516547431327,-0.041403428512775564,0.07292299140560471,0.025119521619226592
2020-07-01,AVGO,top100,46.63941376334402,44.70892525544507,51.03092783505154,51.369805175221686,2,49,4,63,0.18940026577397573,0.5523523901503875,0.08975032364417412,0.4068051651581921,0.0996499421298016,0.1455472249921954,0.09259776806109304,0.21207017512419757
2020-07-01,MDT,top100,46.51900411973492,44.19913281314318,44.90140729831451,65.99329690871795,0,50,4,63,0.11437868766377046,0.39477046920146,0.08975032364417412,0.4068051651581921,0.024628364019596338,-0.012034695956732122,0.017576189950887777,0.054488254175270034
2020-07-01,DHR,top100,46.05039631560932,54.626826077808985,13.67963508427426,50.756910442881775,2,51,5,63,0.21280179858140413,0.5418154463784168,0.08975032364417412,0.4068051651581921,0.12305147493723001,0.13501028122022474,0.11599930086852145,0.2015332313522269
2020-07-01,PFE,top100,45.22338030256323,31.16265242089664,80.0889107074674,73.91741466442095,0,52,5,63,0.08848399307114896,0.2869955732341052,0.08975032364417412,0.4068051651581921,-0.001266330573025165,-0.11980959192408691,-0.008318504641733726,-0.053286641792084755
2020-07-01,CMCSA,top100,45.2104726770841,32.16298173236125,81.6938717067583,63.57611123079562,0,53,5,63,0.16977131606845375,0.4754157523498348,0.08975032364417412,0.4068051651581921,0.08002099242427962,0.0686105871916427,0.07296881835557106,0.13513353732364486
2020-07-01,TMUS,top100,44.660368501758086,51.189637665913516,14.75372279495991,58.76877576626636,1,54,5,63,0.09045467653561468,0.3694523090583506,0.08975032364417412,0.4068051651581921,0.0007043528914405517,-0.037352856099841514,-0.006347821177268009,0.029170094032160643
2020-07-01,PEP,top100,43.32074236939761,43.28405858085055,36.551300932744226,57.11641176253379,2,55,5,63,0.0714142902289876,0.15319212451731845,0.08975032364417412,0.4068051651581921,-0.018336033415186526,-0.25361304064087364,-0.025388207483895087,-0.1870900905088715
2020-07-01,VZ,top100,43.318481249317,34.38363870873316,69.92554410080183,52.648253330434244,0,56,5,63,0.09964475033180475,0.07498655561471956,0.08975032364417412,0.4068051651581921,0.00989442668763063,-0.33181860954347253,0.00284225261892207,-0.2652956594114704
2020-07-01,PM,top100,42.476663564905266,30.87786661056175,73.18114874815906,62.25927187880232,0,57,5,63,0.07606207217588379,0.508607992918247,0.08975032364417412,0.4068051651581921,-0.013688251468290336,0.10180282776005489,-0.020740425536998897,0.16832577789205705
2020-07-01,HON,top100,41.96254184558248,31.207978484984313,68.60170184912454,63.966165362685516,0,58,5,63,0.14222109004645023,0.5602303800793673,0.08975032364417412,0.4068051651581921,0.0524707664022761,0.15342521492117522,0.04541859233356754,0.21994816505317738
2020-07-01,KO,top100,39.28995367008156,30.410770314400978,57.34126984126984,65.34160481746909,1,59,5,63,0.1061608539861052,0.24266139066446657,0.08975032364417412,0.4068051651581921,0.016410530341931073,-0.16414377449372552,0.009358356273222512,-0.09762082436172337
2020-07-01,MCD,top100,38.773473710228025,32.74247843467283,47.20156275568647,64.13426254819748,0,60,5,63,0.19611534354754379,0.2876067372455451,0.08975032364417412,0.4068051651581921,0.10636501990336966,-0.11919842791264701,0.0993128458346611,-0.05267547778064485
2020-07-01,IBM,top100,36.35375561063223,15.848800300039336,90.14175257731958,72.31244885140777,1,61,5,63,0.03488701642083414,0.30458387919583774,0.08975032364417412,0.4068051651581921,-0.054863307223339985,-0.10222128596235436,-0.061915481292048546,-0.0356983358303522
2020-07-01,SBUX,top100,36.238509154350055,25.610140963601935,54.29389625265914,74.52631229296873,0,62,5,63,0.17806091271106173,0.5603148416229085,0.08975032364417412,0.4068051651581921,0.0883105890668876,0.15350967646471636,0.08125841499817904,0.22003262659671852
2020-07-01,MDLZ,top100,33.871182521941,26.897520101720648,44.206144657175585,62.016895193014335,0,63,5,63,0.140012830552239,0.2491752603209465,0.08975032364417412,0.4068051651581921,0.050262506908064886,-0.1576299048372456,0.043210332839356325,-0.09110695470524344
2020-10-01,VRTX,top100,79.45352357927823,86.17853897426485,65.00172259989856,61.282017773131216,0,1,1,79,-0.1611641256261197,-0.3406091184965815,0.09886646681261002,0.3065420434788466,-0.2600305924387297,-0.6471511619754281,-0.28517703961735996,-0.7072210401243884
2020-10-01,INTC,top100,75.93243197509622,72.47194381152329,89.7844051710031,72.45190272829305,0,2,1,79,-0.04228190925513964,0.05808003787967664,0.09886646681261002,0.3065420434788466,-0.14114837606774966,-0.24846200559916998,-0.16629482324637987,-0.3085318837481302
2020-10-01,KLAC,top100,73.94553322687369,85.13615141165042,38.28833251513663,66.92560735691082,1,3,1,79,0.31338713125267215,0.7054296707994869,0.09886646681261002,0.3065420434788466,0.21452066444006213,0.3988876273206403,0.18937421726143192,0.3388177491716801
2020-10-01,MSFT,top100,72.458527346543,86.96102349691796,24.668425789559812,66.52125740788458,0,4,1,79,0.02729872897608865,0.3732126303577783,0.09886646681261002,0.3065420434788466,-0.07156773783652137,0.06667058687893168,-0.09671418501515158,0.006600708729971483
2020-10-01,SPGI,top100,71.70242877450552,89.64481559239182,16.006475353109526,57.497627892093426,1,5,1,79,-0.08197372161044536,0.1872614910647974,0.09886646681261002,0.3065420434788466,-0.18084018842305538,-0.11928055241404922,-0.2059866356016856,-0.17935043056300942
2020-10-01,ADBE,top100,70.86492473906354,88.76275230425577,12.19440353460972,62.92117419162568,2,6,1,79,-0.028367800444435542,0.15607295149246259,0.09886646681261002,0.3065420434788466,-0.12723426725704556,-0.15046909198638403,-0.15238071443567577,-0.21053897013534423
2020-10-01,INTU,top100,70.20782053290716,85.31127037347072,20.26632302405498,64.36666666666669,1,7,1,79,0.12040646919834508,0.646582648548625,0.09886646681261002,0.3065420434788466,0.021540002385735058,0.3400406050697784,-0.0036064447928951526,0.2799707269208182
2020-10-01,MA,top100,69.35466149807027,85.77147244069815,15.570771374728807,62.00476514635807,1,8,1,79,0.0248402348386616,0.05399733910603843,0.09886646681261002,0.3065420434788466,-0.07402623197394842,-0.2525447043728082,-0.09917267915257863,-0.3126145825217684
2020-10-01,REGN,top100,69.0309633905127,72.92616980988491,50.89408443789887,78.0382763601348,0,9,1,79,-0.15010375270486387,0.004664296614582675,0.09886646681261002,0.3065420434788466,-0.2489702195174739,-0.30187774686426394,-0.2741166666961041,-0.36194762501322414
2020-10-01,PLD,top100,69.01067018895627,74.54879560949188,55.350733649702725,57.56366532371406,0,10,1,79,-0.05441335102798406,0.2647918616873246,0.09886646681261002,0.3065420434788466,-0.15327981784059408,-0.04175018179152201,-0.1784262650192243,-0.10182005994048221
2020-10-01,PGR,top100,68.93712075403516,69.23501842061677,73.41564128145438,57.89479603312546,0,11,1,79,0.04035151074375154,0.02371338587036531,0.09886646681261002,0.3065420434788466,-0.05851495606885848,-0.2828286576084813,-0.08366140324748869,-0.3428985357574415
2020-10-01,NOW,top100,67.74472211969886,87.07351683818953,7.613047509954726,52.7065083097525,2,12,1,79,0.06966214569966689,0.2848209209778283,0.09886646681261002,0.3065420434788466,-0.029204321112943132,-0.02172112250101832,-0.05435076829157334,-0.08179100064997852
2020-10-01,META,top100,67.29651421856934,72.98364750594249,44.05416462117493,73.97128040174616,0,13,1,79,0.008663723142231294,0.28646432773761,0.09886646681261002,0.3065420434788466,-0.09020274367037873,-0.020077715741236624,-0.11534919084900894,-0.08014759389019682
2020-10-01,MS,top100,66.12276308887857,58.072975187003955,89.44976932131904,75.81726593712006,0,14,1,79,0.45654593976362956,1.1469004956157076,0.09886646681261002,0.3065420434788466,0.35767947295101954,0.840358452136861,0.3325330257723893,0.7802885739879009
2020-10-01,AMAT,top100,64.65713116584357,64.35554700055062,60.30805105547374,75.46638054363378,0,15,1,79,0.43656645934316174,1.1471326795335481,0.09886646681261002,0.3065420434788466,0.3376999925305517,0.8405906360547015,0.3125535453519215,0.7805207579057414
2020-10-01,LRCX,top100,63.99910892817083,71.8579530956932,31.464981181476027,74.05545524890383,1,16,1,79,0.41315778772494527,0.695904457144287,0.09886646681261002,0.3065420434788466,0.31429132091233525,0.38936241366544033,0.289144873733705,0.32929253551648013
2020-10-01,AVGO,top100,62.15709703248317,65.84540111284699,53.092783505154635,54.46759552459364,2,17,2,79,0.16343749904605498,0.3643001706416924,0.09886646681261002,0.3065420434788466,0.06457103223344496,0.057758127162845785,0.03942458505481475,-0.0023117509861144137
2020-10-01,ICE,top100,62.039088772096214,70.2158547121415,34.74320500841951,59.3934947191326,1,18,2,79,0.12014558855841218,0.15068245963568883,0.09886646681261002,0.3065420434788466,0.021279121745802154,-0.1558595838431578,-0.003867325432828056,-0.215929461992118
2020-10-01,NEE,top100,61.88387740886297,68.77698743458778,38.67370315823924,60.05245573003677,1,19,2,79,0.05485947221626253,0.14287623982968323,0.09886646681261002,0.3065420434788466,-0.04400699459634749,-0.1636658036491634,-0.0691534417749777,-0.2237356817981236
2020-10-01,BLK,top100,61.634178401906375,65.12120004834573,48.89402901167118,62.70532565730127,0,20,2,79,0.2579986287776712,0.512366625626846,0.09886646681261002,0.3065420434788466,0.1591321619650612,0.20582458214799937,0.13398571478643098,0.14575470399903917
2020-10-01,AMZN,top100,61.241225309468376,70.78396175315928,24.64450405967626,67.6355127032163,1,21,2,79,-0.010750451686607043,0.019247126900654,0.09886646681261002,0.3065420434788466,-0.10961691849921706,-0.2872949165781926,-0.13476336567784727,-0.3473647947271528
2020-10-01,GOOGL,top100,61.034141362544595,64.35380118267969,41.632506954671896,76.59979143734432,0,22,2,79,0.16011273690966776,0.8353794150653311,0.09886646681261002,0.3065420434788466,0.06124627009705774,0.5288373715864845,0.03609982291842753,0.4687674934375243
2020-10-01,TXN,top100,60.988829901813894,72.29507903183209,25.07936507936508,53.66401563658423,2,23,2,79,0.12749621606473993,0.3701666234915173,0.09886646681261002,0.3065420434788466,0.02862974925212991,0.06362458001267068,0.0034833020734997,0.0035547018637104855
2020-10-01,HD,top100,60.70743608828079,67.77824531874606,36.580346915398465,59.46594982078852,1,24,2,79,-0.044164403073999936,0.21458315134730976,0.09886646681261002,0.3065420434788466,-0.14303086988660996,-0.09195889213153685,-0.16817731706524017,-0.15202877028049705
2020-10-01,ORCL,top100,60.0639051652244,54.845741323509,79.1948944526264,58.32907348242813,0,25,2,79,0.07252317795167174,0.5277233979396163,0.09886646681261002,0.3065420434788466,-0.026343288860938285,0.2211813544607697,-0.051489736039568496,0.1611114763118095
2020-10-01,ABBV,top100,59.991601249650486,57.782117453254614,61.53595974472263,72.36927083427729,1,26,2,79,0.2261360413495319,0.3138779077507219,0.09886646681261002,0.3065420434788466,0.1272695745369219,0.00733586427187527,0.10212312735829168,-0.05273401387708493
2020-10-01,UNH,top100,59.7310303641839,58.778196077729184,64.88831615120274,56.0862987953292,0,27,2,79,0.12038052079801065,0.2715401800663668,0.09886646681261002,0.3065420434788466,0.021514053985400627,-0.035001863412479794,-0.0036323931932295828,-0.09507174156143999
2020-10-01,LOW,top100,59.62955242191951,61.57517536516691,55.48498609065619,54.29932448171444,1,28,2,79,-0.03731947283963899,0.23574980801915202,0.09886646681261002,0.3065420434788466,-0.136185939652249,-0.0707922354596946,-0.16133238683087922,-0.1308621136086548
2020-10-01,LLY,top100,59.378636887300246,58.89265905967564,53.09575485104514,75.34624575318274,2,29,2,79,0.15288936161424238,0.6183309090587223,0.09886646681261002,0.3065420434788466,0.05402289480163236,0.31178886557987573,0.02887644762300215,0.25171898743091553
2020-10-01,UNP,top100,59.02556450936831,66.89316042275651,30.888970708558332,60.22558071727089,2,30,2,79,0.05011904300465253,0.05851606757555161,0.09886646681261002,0.3065420434788466,-0.04874742380795749,-0.248025975903295,-0.0738938709865877,-0.3080958540522552
2020-10-01,ACN,top100,57.72446997529406,64.59405258045311,28.90750286368843,67.27132596239205,1,31,2,79,0.14337092251557482,0.4618791136592062,0.09886646681261002,0.3065420434788466,0.044504455702964796,0.15533707018035958,0.019358008524334586,0.09526719203139938
2020-10-01,ISRG,top100,57.56171523047982,70.48753083159124,7.831369661266567,66.54169716112631,2,32,2,79,0.12593607498733328,0.42079040702584014,0.09886646681261002,0.3065420434788466,0.02706960817472326,0.11424836354699353,0.0019231609960930485,0.05417848539803333
2020-10-01,LMT,top100,57.26709755907031,50.25180065445788,77.42799869088529,66.05237362772735,1,33,3,79,-0.08884392651245432,-0.060430854442644066,0.09886646681261002,0.3065420434788466,-0.18771039332506434,-0.3669728979214907,-0.21285684050369455,-0.4270427760704509
2020-10-01,PG,top100,57.2527413412488,65.3198651691429,31.408116511209293,52.472124206069125,0,34,3,79,-0.004701842921634891,0.026995438710389896,0.09886646681261002,0.3065420434788466,-0.10356830973424491,-0.2795466047684567,-0.12871475691287512,-0.3396164829174169
2020-10-01,AMGN,top100,55.77036116213306,60.33132489670578,44.076665030273276,47.231007283843496,1,35,3,79,-0.10646617362732358,-0.13783833671265866,0.09886646681261002,0.3065420434788466,-0.2053326404399336,-0.4443803801915053,-0.2304790876185638,-0.5044502583404655
2020-10-01,WMT,top100,55.37183298307628,57.93921867935593,44.12023400425463,59.90333106676209,0,36,3,79,0.027857868204402836,-0.027270790265839784,0.09886646681261002,0.3065420434788466,-0.07100859860820719,-0.3338128337446864,-0.0961550457868374,-0.3938827118936466
2020-10-01,LIN,top100,54.236785876341784,59.03832294049447,29.38144329896907,70.33671158201851,2,37,3,79,0.11635667779048342,0.29920655293925447,0.09886646681261002,0.3065420434788466,0.0174902109778734,-0.007335490539592149,-0.007656236200756811,-0.06740536868855235
2020-10-01,MRSH,top100,54.0296067982728,58.91150493976928,33.886137372585665,60.14325865917169,0,38,3,79,-0.002257529505083733,0.3706857678532798,0.09886646681261002,0.3065420434788466,-0.10112399631769375,0.06414372437443316,-0.12627044349632396,0.004073846225472966
2020-10-01,MRK,top100,53.938965382099134,47.07069667085961,73.07355588283424,63.74766535930559,0,39,3,79,-0.0004985129236400043,0.08115913486467075,0.09886646681261002,0.3065420434788466,-0.09936497973625003,-0.22538290861417587,-0.12451142691488024,-0.28545278676313607
2020-10-01,JNJ,top100,53.83993282574462,55.614908389326345,48.38187967053946,52.33121019108281,0,40,3,79,0.06969474527684905,0.11715479831798903,0.09886646681261002,0.3065420434788466,-0.029171721535760975,-0.1893872451608576,-0.054318168714391185,-0.24945712330981779
2020-10-01,TMO,top100,52.7082412330606,63.53111808443491,13.481426935035183,55.401731869491265,1,41,3,79,0.07722574313514707,0.3096894411089648,0.09886646681261002,0.3065420434788466,-0.021640723677462947,0.003147397630118176,-0.04678717085609316,-0.05692248051884202
2020-10-01,ADP,top100,52.32644961063627,44.42658835852832,69.29962362952053,73.67913033762342,0,42,3,79,0.23361480620831188,0.496191805304812,0.09886646681261002,0.3065420434788466,0.13474833939570185,0.18964976182596538,0.10960189221707164,0.12957988367700518
2020-10-01,COST,top100,51.190605775828836,61.21687982058364,15.761332024218621,51.865234965765694,1,43,3,79,0.09037854270057744,0.29365794900697373,0.09886646681261002,0.3065420434788466,-0.008487924112032585,-0.012884094471872887,-0.033634371290662796,-0.07295397262083309
2020-10-01,CSCO,top100,50.31689339022586,39.99825418212909,80.44173542581669,62.29768377572157,0,44,3,79,0.142177452103448,0.45298834481880834,0.09886646681261002,0.3065420434788466,0.04331098529083799,0.14644630133996173,0.01816453811220778,0.08637642319100153
2020-10-01,ANET,top100,50.26606475122023,39.707597888903315,68.60599738177058,87.49546752633786,0,45,3,79,0.3675950110504924,0.692734494536575,0.09886646681261002,0.3065420434788466,0.2687285442378824,0.38619245105772837,0.24358209705925218,0.32612257290876817
2020-10-01,ABT,top100,49.990563563163704,57.5674937665349,19.097938144329895,58.737302977232915,1,46,3,79,0.007673758689993759,0.09498451451352508,0.09886646681261002,0.3065420434788466,-0.09119270812261626,-0.21155752896532154,-0.11633915530124647,-0.27162740711428174
2020-10-01,ADI,top100,49.51273400829209,55.62211548361394,26.292341678939618,53.18784833974411,3,47,3,79,0.2325944293623481,0.43088749334317256,0.09886646681261002,0.3065420434788466,0.13372796254973807,0.12434544986432594,0.10858151537110786,0.06427557171536574
2020-10-01,SCHW,top100,49.267764834073695,31.931322210832132,88.4320250104254,92.29434284406119,0,48,4,79,0.4038234830123193,0.9965551364607681,0.09886646681261002,0.3065420434788466,0.3049570161997093,0.6900130929819215,0.27981056902107904,0.6299432148329613
2020-10-01,DHR,top100,48.81307714964,58.58946868942795,12.668548519063982,52.667393632276415,3,49,4,79,0.0407241162451113,0.4128806752084384,0.09886646681261002,0.3065420434788466,-0.058142350567498724,0.10633863172959179,-0.08328879774612893,0.046268753580631594
2020-10-01,BX,top100,48.02380283736342,53.52194134947244,15.874661064218762,73.83511679888964,4,50,4,79,0.18852269468776872,1.2475580201463337,0.09886646681261002,0.3065420434788466,0.0896562278751587,0.941015976667487,0.06450978069652849,0.8809460985185269
2020-10-01,JPM,top100,47.25410747021968,33.950024844331246,76.2809001219377,82.32910054800264,1,51,4,79,0.310073820518306,0.7725157388421882,0.09886646681261002,0.3065420434788466,0.211207353705696,0.46597369536334154,0.18606090652706578,0.40590381721438135
2020-10-01,FISV,top100,47.214178556289795,47.35145999615025,33.8142284405171,73.05310870881209,2,52,4,79,0.0735731414868106,0.05304556354916068,0.09886646681261002,0.3065420434788466,-0.02529332532579942,-0.25349647992968594,-0.05043977250442963,-0.31356635807864613
2020-10-01,QCOM,top100,46.02662837779525,52.467355444042056,18.43893741362354,56.11692084241105,3,53,4,79,0.24783196338004587,0.09732497927961492,0.09886646681261002,0.3065420434788466,0.14896549656743585,-0.2092170641992317,0.12381904938880564,-0.2692869423481919
2020-10-01,PFE,top100,44.54607541662625,32.91869412823256,76.30556919216713,62.41875688430031,0,54,4,79,0.07772315937962926,0.2947193046567096,0.09886646681261002,0.3065420434788466,-0.021143307432980762,-0.011822738822137024,-0.04628975461161097,-0.07189261697109722
2020-10-01,ETN,top100,43.9309341221622,44.25039504724899,35.11188839797087,59.3327990949373,3,55,4,79,0.18872892274942576,0.5312801721439235,0.09886646681261002,0.3065420434788466,0.08986245593681574,0.22473812866507692,0.06471600875818553,0.16466825051611672
2020-10-01,C,top100,43.750673017196746,26.313235537689526,96.6570407040704,60.0,2,56,4,79,0.40159513540267255,0.6972438662235734,0.09886646681261002,0.3065420434788466,0.30272866859006253,0.39070182274472676,0.2775822214114323,0.33063194459576656
2020-10-01,BAC,top100,43.656241061841065,27.17217793017624,82.51641012241278,81.32434486235147,1,57,4,79,0.25382222009477773,0.8245368819108707,0.09886646681261002,0.3065420434788466,0.1549557532821677,0.5179948384320241,0.1298093061035375,0.4579249602830639
2020-10-01,VZ,top100,43.380477446972755,37.56427071815785,60.97549500900017,48.90388942462231,0,58,4,79,0.00044568110914355863,-0.0463893807441671,0.09886646681261002,0.3065420434788466,-0.09842078570346646,-0.3529314242230137,-0.12356723288209667,-0.4130013023719739
2020-10-01,DE,top100,43.222892140619365,42.69619187881337,39.07241887156569,55.21074051136867,2,59,4,79,0.22538695491287886,0.5793362612024902,0.09886646681261002,0.3065420434788466,0.12652048810026884,0.27279421772364354,0.10137404092163863,0.21272433957468334
2020-10-01,GS,top100,43.03842848350494,28.346934299054123,77.22152939437609,77.51268595291835,1,60,4,79,0.34195043824221716,0.9478090203602683,0.09886646681261002,0.3065420434788466,0.24308397142960714,0.6412669768814216,0.21793752425097693,0.5811970987324615
2020-10-01,PEP,top100,42.95866074446665,44.36138877573403,35.180616920307635,48.69565217391302,2,61,4,79,0.031944735873524754,0.10381286698565262,0.09886646681261002,0.3065420434788466,-0.06692173093908527,-0.202729176493194,-0.09206817811771548,-0.2627990546421542
2020-10-01,PM,top100,40.3756497747998,28.334735956238166,69.66944853542792,66.07444898347492,0,62,4,79,0.11517056626119393,0.3651435288360787,0.09886646681261002,0.3065420434788466,0.01630409944858391,0.058601485357232086,-0.008842347730046302,-0.0014683927917281125
2020-10-01,CMCSA,top100,38.48385541976515,31.237605812230573,60.364506627393226,45.44630025725097,0,63,4,79,0.09312780281410804,0.25486188393181797,0.09886646681261002,0.3065420434788466,-0.0057386639985019805,-0.05168015954702865,-0.03088511117713219,-0.11175003769598885
2020-10-01,HON,top100,38.10709330755943,31.87814191261063,47.889461626575034,62.14501643416986,1,64,5,79,0.27642435642694907,0.34051368757932043,0.09886646681261002,0.3065420434788466,0.17755788961433905,0.03397164410047382,0.15241144243570884,-0.02609823404848638
2020-10-01,IBM,top100,36.34952796832412,17.9388381805892,79.15009818360333,79.62321605191013,1,65,5,79,0.038377528238179526,0.2445508837147916,0.09886646681261002,0.3065420434788466,-0.060488938574430495,-0.061991159764055004,-0.0856353857530607,-0.1220610379130152
2020-10-01,AXP,top100,36.13336328483213,24.531606018147553,50.0718825386268,89.46862564403483,2,66,5,79,0.1697721401145409,0.7395100603311677,0.09886646681261002,0.3065420434788466,0.07090567330193087,0.4329680168523211,0.04575922612330066,0.3728981387033609
2020-10-01,T,top100,35.926145927251156,18.557864909508442,78.15905743740795,73.03829003113653,1,67,5,79,0.058653374847256856,0.04735901029333589,0.09886646681261002,0.3065420434788466,-0.040213091965353165,-0.2591830331855107,-0.06535953914398338,-0.3192529113344709
2020-10-01,MU,top100,35.26061552035662,32.45985738010931,24.027124916166635,77.3329037104678,3,68,5,79,0.5452827604507733,0.4834961886296616,0.09886646681261002,0.3065420434788466,0.44641629363816326,0.17695414515081498,0.421269846459533,0.11688426700185478
2020-10-01,CB,top100,34.36677078225636,18.911549704330078,66.15157885568594,78.9837021808812,2,69,5,79,0.2986837977421819,0.5423774049604577,0.09886646681261002,0.3065420434788466,0.19981733092957188,0.2358353614816111,0.17467088375094167,0.1757654833326509
2020-10-01,BSX,top100,34.20091477039005,32.821689324995184,18.53964362544951,75.17803517803517,2,70,5,79,-0.08198854763144192,0.14003123373243098,0.09886646681261002,0.3065420434788466,-0.18085501444405194,-0.16651080974641563,-0.20600146162268215,-0.22658068789537583
2020-10-01,KO,top100,34.06656525791295,26.58551597870997,39.97709049255441,74.6128597430509,1,71,5,79,0.08120477158291606,0.11216164678507101,0.09886646681261002,0.3065420434788466,-0.017661695229693963,-0.1943803966937756,-0.042808142408324174,-0.2544502748427358
2020-10-01,MDLZ,top100,33.90751028172795,32.47391345219816,32.45990836197022,46.837891927951986,0,72,5,79,0.005591324635272343,0.027157576425116847,0.09886646681261002,0.3065420434788466,-0.09327514217733768,-0.27938446705372977,-0.11842158935596789,-0.33945434520268997
2020-10-01,SYK,top100,31.739005901455112,31.429556248908863,20.901039109801996,55.581087052585076,2,73,5,79,0.14844851132875392,0.2983013863068187,0.09886646681261002,0.3065420434788466,0.0495820445161439,-0.008240657172027932,0.024435597337513687,-0.06831053532098813
2020-10-01,MDT,top100,31.17316311998876,26.623319650299255,26.43368515791196,72.5010233319689,0,74,5,79,0.13977939281958918,0.2695265441225967,0.09886646681261002,0.3065420434788466,0.040912926006979156,-0.037015499356249926,0.015766478828348945,-0.09708537750521012
2020-10-01,MCD,top100,29.932258804910845,30.228276877761417,16.217476681394206,55.28969654199012,1,75,5,79,-0.036980529866996736,0.1320683096058486,0.09886646681261002,0.3065420434788466,-0.13584699667960676,-0.17447373387299803,-0.16099344385823697,-0.23454361202195823
2020-10-01,TJX,top100,27.517479569667536,25.99934643741243,14.472672230404187,64.23402617398,4,76,5,79,0.17046051779688787,0.17991118694158592,0.09886646681261002,0.3065420434788466,0.07159405098427785,-0.1266308565372607,0.046447603805647636,-0.1867007346862209
2020-10-01,WFC,top100,27.34142382173218,10.093155051009216,71.38107643012864,60.0,4,77,5,79,0.2664008170014105,1.0244225064436123,0.09886646681261002,0.3065420434788466,0.16753435018880047,0.7178804629647657,0.14238790301017026,0.6578105848158056
2020-10-01,CAT,top100,25.487350172547348,11.550442945329042,56.40460055408509,61.211200000000005,3,78,5,79,0.249148259718186,0.3530446395374425,0.09886646681261002,0.3065420434788466,0.15028179290557597,0.04650259605859586,0.12513534572694576,-0.013567282090364341
2020-10-01,COP,top100,21.519308349008096,9.387352220993684,44.74080897156258,60.0,4,79,5,79,0.23516941869392327,1.2424495907290485,0.09886646681261002,0.3065420434788466,0.13630295188131325,0.9359075472502019,0.11115650470268304,0.8758376691012417
2021-01-04,ORCL,top100,74.62693380313877,76.18096050140078,78.3004009163803,56.401812688821764,0,1,1,84,0.130740561512535,0.40006791805686426,0.08983990919202922,0.31261117011630457,0.04090065232050577,0.08745674794055969,0.028695403416122603,0.054898674263111735
2021-01-04,MSFT,top100,72.02024485488383,86.80593973889067,29.765791196203566,53.029287984196536,0,2,1,84,0.11584397014145908,0.5506269349323152,0.08983990919202922,0.31261117011630457,0.026004060949429864,0.2380157648160106,0.013798812045046696,0.20545769113856266
2021-01-04,KLAC,top100,71.99448689707732,86.82751060272183,27.89477990508918,56.36273494154209,1,3,1,84,0.3376817314382672,0.6906588107958544,0.08983990919202922,0.31261117011630457,0.24784182224623796,0.3780476406795499,0.23563657334185478,0.3454895670021019
2021-01-04,SPGI,top100,71.07179735619778,86.26301394133345,21.16583339792781,64.5452091767881,1,4,1,84,0.09074199290803509,0.3944649914554841,0.08983990919202922,0.31261117011630457,0.0009020837160058637,0.08185382133917951,-0.011303165188377304,0.04929574766173156
2021-01-04,ADBE,top100,70.78877222131302,88.82294838716822,13.463631156930125,59.19982118909253,2,5,1,84,-0.004120822516174183,0.16283430172662472,0.08983990919202922,0.31261117011630457,-0.0939607317082034,-0.14977686838967985,-0.10616598061258657,-0.1823349420671278
2021-01-04,PLD,top100,69.95726765541009,71.01608956116358,62.19767632138767,78.06469698318054,0,6,1,84,0.1367515962298571,0.7515050167224082,0.08983990919202922,0.31261117011630457,0.04691168703782789,0.43889384660610364,0.03470643813344472,0.4063357729286557
2021-01-04,NVDA,top100,69.74690865564322,87.2870541596997,12.274995909016525,61.909715620501416,2,7,1,84,0.053610804851157656,1.2989479970599045,0.08983990919202922,0.31261117011630457,-0.036229104340871565,0.9863368269435999,-0.04843435324525473,0.9537787532661519
2021-01-04,PGR,top100,69.62641961282989,68.10865159954378,80.43065137069479,58.64233219010289,0,8,1,84,0.03177634523046424,0.12121648262599627,0.08983990919202922,0.31261117011630457,-0.05806356396156498,-0.1913946874903083,-0.07026881286594815,-0.22395276116775625
2021-01-04,AAPL,top100,69.55765049680878,84.43837133334071,20.995540828015052,62.5168239786728,1,9,1,84,-0.04811255049449781,0.4151306389668279,0.08983990919202922,0.31261117011630457,-0.13795245968652703,0.10251946885052332,-0.1501577085909102,0.06996139517307537
2021-01-04,LRCX,top100,68.51381422566391,81.12177350592978,26.665848469972175,63.95403077518629,1,10,1,84,0.3406393947375994,0.5314661631667372,0.08983990919202922,0.31261117011630457,0.2507994855455702,0.21885499305043266,0.238594236641187,0.1862969193729847
2021-01-04,INTU,top100,68.30305861471356,83.92972859246791,19.075028636884305,57.37242872609167,2,11,1,84,0.06500821166681559,0.7081990291711022,0.08983990919202922,0.31261117011630457,-0.024831697525213636,0.39558785905479765,-0.037036946429596804,0.3630297853773497
2021-01-04,NOW,top100,67.60356770120525,84.85293498842836,9.490536191567118,63.084059709919885,2,12,1,84,-0.03762124404456846,0.19609741282766735,0.08983990919202922,0.31261117011630457,-0.12746115323659768,-0.11651375728863722,-0.13966640214098086,-0.14907183096608517
2021-01-04,AMAT,top100,65.59207840171274,75.095042466254,36.5001636393389,57.25515947467166,1,13,1,84,0.6321922137831866,0.8541133865410784,0.08983990919202922,0.31261117011630457,0.5423523045911574,0.5415022164247738,0.5301470556867742,0.5089441427473258
2021-01-04,REGN,top100,65.49838692807086,64.80627193905234,68.03285059728358,65.27426451277508,0,14,1,84,-0.016423049424475256,0.2987201732637046,0.08983990919202922,0.31261117011630457,-0.10626295861650448,-0.01389099685259998,-0.11846820752088764,-0.04644907053004793
2021-01-04,META,top100,64.3173481932919,69.58979924036896,46.2950008181967,63.45488561394295,0,15,1,84,0.11050795783478473,0.25879364093400237,0.08983990919202922,0.31261117011630457,0.02066804864275551,-0.053817529182302204,0.008462799738372342,-0.08637560285975016
2021-01-04,MA,top100,63.89593898590195,81.58175999645653,9.652180278875882,48.58270932607215,2,16,1,84,0.0349099171964069,0.06054126738848975,0.08983990919202922,0.31261117011630457,-0.05492999199562232,-0.2520699027278148,-0.06713524090000549,-0.2846279764052628
2021-01-04,NEE,top100,62.98212038982932,67.68742179454527,42.56150111820215,70.88624910007199,1,17,1,84,0.026240239309981206,0.2592827271575213,0.08983990919202922,0.31261117011630457,-0.06359966988204802,-0.05332844295878325,-0.07580491878643118,-0.0858865166362312
2021-01-04,AMGN,top100,62.52947340139961,61.544143864816675,65.89878906889217,62.68814882249508,1,18,2,84,0.1074859980733518,0.03107352671485386,0.08983990919202922,0.31261117011630457,0.017646088881322575,-0.2815376434014507,0.005440839976939407,-0.31409571707889866
2021-01-04,NFLX,top100,62.325920853479595,70.16142713189454,36.9383079692358,58.25260267306255,1,19,2,84,0.03167195807673173,0.14250468576674447,0.08983990919202922,0.31261117011630457,-0.05816795111529749,-0.1701064843495601,-0.07037320001968066,-0.20266455802700806
2021-01-04,TMO,top100,62.288605442736525,72.09071279081355,23.218581246931763,71.81390239780687,1,20,2,84,-0.03233534686450967,0.3696194273303022,0.08983990919202922,0.31261117011630457,-0.1221752560565389,0.057008257213997604,-0.13438050496092208,0.024450183536549652
2021-01-04,PG,top100,61.65052042536417,66.84405417077303,43.604565537555224,61.38769398312005,0,21,2,84,-0.019809087669040437,0.21170489620528965,0.08983990919202922,0.31261117011630457,-0.10964899686106966,-0.10090627391101492,-0.12185424576545283,-0.13346434758846287
2021-01-04,LOW,top100,61.463960757104836,60.02169267055709,61.51345933562428,71.46084020590024,1,22,2,84,0.1971092832288719,0.6159757956795455,0.08983990919202922,0.31261117011630457,0.10726937403684267,0.30336462556324095,0.0950641251324595,0.270806551885793
2021-01-04,AMD,top100,61.45658644724655,73.28036586311138,20.504550266067554,60.59420289855073,1,23,2,84,-0.12145178764897069,0.6277356446370532,0.08983990919202922,0.31261117011630457,-0.2112916968409999,0.31512447452074865,-0.2234969457453831,0.2825664008433007
2021-01-04,AMZN,top100,61.158124939146525,70.69409901779485,28.068646702667323,60.585262861566605,1,24,2,84,-0.008042979574032771,0.06949661554683173,0.08983990919202922,0.31261117011630457,-0.09788288876606199,-0.24311455456947284,-0.11008813767044516,-0.2756726282469208
2021-01-04,AVGO,top100,60.81617662009991,70.33259880186475,29.568198292525775,56.69717800289436,2,25,2,84,0.12805180425422513,0.6062677270306225,0.08983990919202922,0.31261117011630457,0.03821189506219591,0.2936565569143179,0.026006646157812743,0.26109848323686996
2021-01-04,CRM,top100,60.6891350786196,68.27362219982948,21.92560753552266,85.12478031634447,2,26,2,84,-0.007216827597289033,0.15954827064419508,0.08983990919202922,0.31261117011630457,-0.09705673678931825,-0.1530628994721095,-0.10926198569370142,-0.18562097314955744
2021-01-04,TXN,top100,60.48930835519344,71.68181868515175,23.71174930453281,55.6968541468065,1,27,2,84,0.191126585634944,0.2025870134899539,0.08983990919202922,0.31261117011630457,0.10128667644291478,-0.11002415662635068,0.08908142753853161,-0.14258223030379863
2021-01-04,LLY,top100,60.44897817333715,64.52621612942518,47.072772136526886,58.66072455434157,2,28,2,84,0.12394938224923835,0.6667568772796573,0.08983990919202922,0.31261117011630457,0.03410947305720913,0.3541457071633527,0.02190422415282596,0.32158763348590474
2021-01-04,ICE,top100,60.03131788844688,69.0950867596089,31.286151375001076,54.075268817204304,1,29,2,84,0.010828231294128576,0.19530805071937096,0.08983990919202922,0.31261117011630457,-0.07901167789790065,-0.11730311939693361,-0.09121692680228381,-0.14986119307438156
2021-01-04,BLK,top100,59.74655117980704,66.47517911125382,38.86226519908017,54.41472762113331,1,30,2,84,0.08518543764921183,0.3079353215677374,0.08983990919202922,0.31261117011630457,-0.0046544715428173955,-0.004675848548567174,-0.016859720447200563,-0.037233922226015126
2021-01-04,MS,top100,59.56804150868177,61.70843899144031,55.07266878536548,53.5760045760046,0,31,2,84,0.15062522030159942,0.5012476486621367,0.08983990919202922,0.31261117011630457,0.060785311109570195,0.1886364785458321,0.04858006220518703,0.15607840486838415
2021-01-04,ABBV,top100,58.93776297393512,61.90141406535486,50.1073883161512,55.852954649564836,2,32,2,84,0.04154417882300754,0.34631792986004806,0.08983990919202922,0.31261117011630457,-0.04829573036902168,0.033706759743743486,-0.06050097927340485,0.0011486860662955345
2021-01-04,INTC,top100,58.825596364134114,45.37196452102273,94.04966453935526,82.55288291547144,0,33,2,84,0.3074656648011598,0.09904928189493312,0.08983990919202922,0.31261117011630457,0.21762575560913056,-0.21356188822137145,0.20542050670474737,-0.2461199618988194
2021-01-04,ACN,top100,58.82416844611053,66.48270898158503,31.503231876943214,59.856257836123625,1,34,2,84,0.08902406123886064,0.607437149061506,0.08983990919202922,0.31261117011630457,-0.0008158479531685803,0.29482597894520146,-0.013021096857551748,0.2622679052677535
2021-01-04,UNH,top100,58.10265943453607,58.225276002967654,57.2105629193258,59.028536485935575,0,35,3,84,0.05400274597699273,0.45734517383846574,0.08983990919202922,0.31261117011630457,-0.035837163215036494,0.14473400372216116,-0.04804241211941966,0.11217593004471321
2021-01-04,GOOGL,top100,57.847174567524405,65.51407975018547,29.05314187530682,61.76690367333215,1,36,3,84,0.23384604587510105,0.6799597627875966,0.08983990919202922,0.31261117011630457,0.14400613668307183,0.36734859267129205,0.13180088777868865,0.3347905189938441
2021-01-04,JNJ,top100,57.38151664770947,57.97109858593465,58.77297769050347,50.471520994545216,0,37,3,84,0.046935417123468826,0.12372603707448193,0.08983990919202922,0.31261117011630457,-0.042904492068560396,-0.18888513304182264,-0.05510974097294356,-0.2214432067192706
2021-01-04,COST,top100,56.53224088523641,65.28122958353173,26.37027491408935,55.61325193946331,1,38,3,84,-0.06447218841025282,0.5021293861431151,0.08983990919202922,0.31261117011630457,-0.15431209760228204,0.18951821602681052,-0.16651734650666522,0.15696014234936256
2021-01-04,ANET,top100,56.02188848435013,59.37349264176642,44.18753068237604,56.229374986384315,0,39,3,84,0.0878655177284926,1.0093233507557566,0.08983990919202922,0.31261117011630457,-0.0019743914635366178,0.6967121806394521,-0.014179640367919785,0.664154106962004
2021-01-04,HD,top100,55.044957551473914,53.840333528962304,56.87407952871871,59.819081754565616,1,40,3,84,0.17337978307904622,0.5806938252213898,0.08983990919202922,0.31261117011630457,0.083539873887017,0.2680826551050852,0.07133462498263383,0.23552458142763727
2021-01-04,UNP,top100,54.86186719468273,61.374887882445435,31.14670266732122,56.70105143506679,2,41,3,84,0.08973114268553073,0.24389598710576554,0.08983990919202922,0.31261117011630457,-0.00010876650649849218,-0.06871518301053903,-0.01231401541088166,-0.10127325668798698
2021-01-04,WMT,top100,54.17465590985948,54.73261208987121,50.16895761741122,58.280359234673966,0,42,3,84,-0.07059308690110211,0.0028668586726885437,0.08983990919202922,0.31261117011630457,-0.16043299609313133,-0.309744311443616,-0.1726382449975145,-0.342302385121064
2021-01-04,MRSH,top100,53.712702885453375,57.160286578006136,42.33569318485216,52.33363643878646,0,43,3,84,0.08958136388472115,0.4957026269914919,0.08983990919202922,0.31261117011630457,-0.0002585453073080668,0.18309145687518735,-0.012463794211691234,0.1505333831977394
2021-01-04,PFE,top100,52.99801265408781,48.04431550156688,57.780641466208465,78.10863509749302,1,44,3,84,-0.0031282700083492543,0.5991986086855068,0.08983990919202922,0.31261117011630457,-0.09296817920037848,0.2865874385692022,-0.10517342810476164,0.25402936489175426
2021-01-04,ISRG,top100,52.98130945822761,65.69355642419745,7.236540664375715,55.485118284142466,2,45,3,84,-0.06550011681248546,0.3499998312500212,0.08983990919202922,0.31261117011630457,-0.1553400260045147,0.03738866113371664,-0.16754527490889787,0.004830587456268687
2021-01-04,DHR,top100,52.248769412335925,59.9446775997431,16.833578792341676,69.20779334047418,3,46,3,84,0.009253049294441373,0.41886918701906994,0.08983990919202922,0.31261117011630457,-0.08058685989758785,0.10625801690276537,-0.09279210880197102,0.07369994322531742
2021-01-04,ADI,top100,51.944649144656026,60.100501622244124,21.86896579937817,55.00504849209511,1,47,3,84,0.1030480476178266,0.23341496848953347,0.08983990919202922,0.31261117011630457,0.013208138425797378,-0.0791962016267711,0.0010028895214142103,-0.11175427530421905
2021-01-04,QCOM,top100,51.311020451492205,56.34335101376416,27.049313362853226,64.60812069286646,1,48,3,84,-0.06769857005641933,0.2770516639765883,0.08983990919202922,0.31261117011630457,-0.15753847924844855,-0.03555950613971626,-0.16974372815283173,-0.06811757981716421
2021-01-04,ABT,top100,51.0350282966441,57.49202165945054,24.21596301750941,59.47420531526837,1,49,3,84,0.09448392485835577,0.29400675396067166,0.08983990919202922,0.31261117011630457,0.004644015666326551,-0.018604416155632908,-0.007561233238056617,-0.05116248983308086
2021-01-04,MRK,top100,50.81058732080505,41.81974819227746,75.62646593574429,64.11470399061967,0,50,3,84,-0.0394344905935724,0.03119260970830151,0.08983990919202922,0.31261117011630457,-0.12927439978560162,-0.28141856040800306,-0.1414796486899848,-0.313976634085451
2021-01-04,MCD,top100,49.403960202893025,53.90279823269514,24.507241040746194,67.70553231857185,1,51,4,84,0.07789781006023966,0.3068661244372921,0.08983990919202922,0.31261117011630457,-0.011942099131789563,-0.0057450456790124615,-0.02414734803617273,-0.03830311935646041
2021-01-04,MDLZ,top100,48.67682427718781,49.899586964465655,40.768900343642606,55.93333333333332,0,52,4,84,0.014286937628575469,0.16375212342448364,0.08983990919202922,0.31261117011630457,-0.07555297156345375,-0.14885904669182093,-0.08775822046783692,-0.18141712036926888
2021-01-04,HON,top100,48.628168008929386,51.91650702603342,32.89518900343643,57.07575290018705,1,53,4,84,0.0471731388952894,0.01146294826111971,0.08983990919202922,0.31261117011630457,-0.04266677029673982,-0.30114822185518486,-0.05487201920112299,-0.3337062955326328
2021-01-04,BX,top100,48.621400861026075,53.25773195876288,28.022432943756872,57.36501901140685,4,54,4,84,0.20985290684099933,1.0851097361662387,0.08983990919202922,0.31261117011630457,0.12001299764897011,0.7724985660499342,0.10780774874458694,0.7399404923724862
2021-01-04,CMCSA,top100,48.37405075892688,48.264962848948585,44.67067583046965,56.54441598568934,1,55,4,84,0.0889032245058412,0.022634035218578985,0.08983990919202922,0.31261117011630457,-0.0009366846861880163,-0.2899771348977256,-0.013141933590571184,-0.32253520857517354
2021-01-04,SYK,top100,47.629889558850564,54.6593508808841,19.690312551137296,54.30281432004236,3,56,4,84,0.01909501312521944,0.13423332729518633,0.08983990919202922,0.31261117011630457,-0.07074489606680978,-0.17837784282111824,-0.08295014497119295,-0.2109359164985662
2021-01-04,ADP,top100,47.506408490227614,46.52217436079152,47.37665684830633,54.65555068012285,0,57,4,84,0.1267306127349619,0.471621152896917,0.08983990919202922,0.31261117011630457,0.03689070354293267,0.1590099827806124,0.0246854546385495,0.12645190910316445
2021-01-04,VZ,top100,47.461136620454965,41.457716456088676,62.699639993454426,59.00807102502017,0,58,4,84,0.0012617992679637702,-0.06853207474475043,0.08983990919202922,0.31261117011630457,-0.08857810992406545,-0.381143244861055,-0.10078335882844862,-0.41370131853850295
2021-01-04,LIN,top100,46.434734200134216,50.22066949405915,27.83505154639175,57.132552450144544,2,59,4,84,0.08978656688337483,0.3275916131864458,0.08983990919202922,0.31261117011630457,-5.33423086543916e-05,0.014980443070141236,-0.012258591213037559,-0.017577630607306716
2021-01-04,FISV,top100,46.12007688893196,47.14208200914658,35.10329733267878,60.99960015993602,2,60,4,84,0.09158327376697639,-0.038420300214438874,0.08983990919202922,0.31261117011630457,0.0017433645749471705,-0.35103147033074344,-0.010461884329435997,-0.3835895440081914
2021-01-04,CSCO,top100,45.46408898740834,37.986091886564715,61.79951315108986,65.13922036595069,0,61,4,84,0.18243928065418236,0.4669937224394931,0.08983990919202922,0.31261117011630457,0.09259937146215313,0.15438255232318854,0.08039412255776997,0.12182447864574059
2021-01-04,PEP,top100,43.189709060540906,43.56365508764547,35.9509491081656,55.04960677555959,2,62,4,84,-0.012905844088203389,0.23403269502724577,0.08983990919202922,0.31261117011630457,-0.10274575328023261,-0.0785784750890588,-0.11495100218461578,-0.11113654876650675
2021-01-04,LMT,top100,42.803979023970804,25.83907116834797,89.13312060219278,68.90005085688668,1,63,4,84,0.08479805379515692,0.059325627007455806,0.08983990919202922,0.31261117011630457,-0.005041855396872297,-0.25328554310884877,-0.017247104301255464,-0.2858436167862967
2021-01-04,ETN,top100,42.37087624769303,43.737805485732004,30.29373261332024,56.956658850165766,3,64,4,84,0.18102973517399423,0.4484670399733881,0.08983990919202922,0.31261117011630457,0.09118982598196501,0.13585586985708353,0.07898457707758184,0.10329779617963558
2021-01-04,GILD,top100,41.93614155867502,35.054336873110614,49.71717847023056,74.54670053451477,3,65,4,84,0.11788867554547111,0.259034730993448,0.08983990919202922,0.31261117011630457,0.02804876635344189,-0.05357643912285659,0.015843517449058722,-0.08613451280030454
2021-01-04,PM,top100,41.89337463842866,32.41636860929939,66.39441171657667,59.23034268603749,0,66,4,84,0.09500105724547003,0.23630787624027616,0.08983990919202922,0.31261117011630457,0.005161148053440812,-0.07630329387602841,-0.007044100850942356,-0.10886136755347636
2021-01-04,DE,top100,41.808130757673,41.56000088586709,36.84868721751054,53.46392694063928,2,67,4,84,0.3937843407832855,0.3226558837459339,0.08983990919202922,0.31261117011630457,0.3039444315912563,0.010044713629629332,0.2917391826868731,-0.02251336004781862
2021-01-04,C,top100,40.88017249679206,23.393801144983225,74.88448844884488,95.27614005534834,1,68,5,84,0.22652950446860087,0.08125810936519429,0.08983990919202922,0.31261117011630457,0.13668959527657165,-0.23135306075111028,0.12448434637218848,-0.26391113442855824
2021-01-04,SCHW,top100,40.87397537267332,29.17660867928289,76.42389909481608,51.65569478212082,0,69,5,84,0.2633678093751406,0.642602907102664,0.08983990919202922,0.31261117011630457,0.17352790018311137,0.3299917369863594,0.1613226512787282,0.29743366330891147
2021-01-04,SBUX,top100,40.39512508537911,47.888175888912265,5.551464572083127,57.63109048723898,4,70,5,84,0.06542849374539927,0.1504243048540299,0.08983990919202922,0.31261117011630457,-0.024411415446629947,-0.16218686526227466,-0.036616664351013115,-0.1947449389397226
2021-01-04,JPM,top100,40.14103444314022,33.474680811011325,52.96550009043227,61.15657857345835,2,71,5,84,0.22997509185737686,0.3169196471575819,0.08983990919202922,0.31261117011630457,0.14013518266534764,0.004308477041277348,0.12792993376096445,-0.028249596636170604
2021-01-04,GS,top100,38.97708277881171,32.82640326884959,64.52880482994428,30.928395246281475,0,72,5,84,0.2412344507922819,0.5180002155869354,0.08983990919202922,0.31261117011630457,0.15139454160025267,0.20538904547063086,0.1391892926958695,0.1728309717931829
2021-01-04,MU,top100,38.88912830070302,42.0894947235541,16.831621267348524,60.601577407454535,2,73,5,84,0.24794035084317856,0.29623356677639445,0.08983990919202922,0.31261117011630457,0.15810044165114934,-0.01637760333991012,0.14589519274676616,-0.04893567701735807
2021-01-04,BAC,top100,38.27778605717065,25.870530523658193,65.0304670611236,71.62321278385198,1,74,5,84,0.3215518294545232,0.5674019607843137,0.08983990919202922,0.31261117011630457,0.231711920262494,0.25479079066800914,0.2195066713581108,0.22223271699056119
2021-01-04,IBM,top100,37.13299042388982,18.969570465190955,77.34392898052693,83.85505302150771,1,75,5,84,0.08932089428930934,0.2058850320508745,0.08983990919202922,0.31261117011630457,-0.0005190149027198832,-0.10672613806543008,-0.01272426380710305,-0.13928421174287803
2021-01-04,T,top100,35.65862835027986,18.483085475101596,68.0396007200131,91.12548373706127,2,76,5,84,0.05936862149243227,-0.04973035012096738,0.08983990919202922,0.31261117011630457,-0.03047128769959695,-0.36234152023727195,-0.04267653660398012,-0.3948995939147199
2021-01-04,TJX,top100,33.62433853815848,33.05181215188192,24.92104401898216,55.03861228044708,4,77,5,84,-0.008687659131396908,0.14764139815997335,0.08983990919202922,0.31261117011630457,-0.09852756832342613,-0.16496977195633122,-0.1107328172278093,-0.19752784563377918
2021-01-04,BSX,top100,33.35186845401891,30.625599344458344,19.58847282650108,79.96254347597855,3,78,5,84,0.09384746243266218,0.2225687553161324,0.08983990919202922,0.31261117011630457,0.004007553240632955,-0.09004241480017217,-0.008197695663750212,-0.12260048847762012
2021-01-04,CAT,top100,33.06990321829701,27.40920415914603,42.85794031283722,53.11872244327345,3,79,5,84,0.28453627660608416,0.16016619690932066,0.08983990919202922,0.31261117011630457,0.19469636741405494,-0.1524449732069839,0.18249111850967176,-0.18500304688443187
2021-01-04,CB,top100,32.287901381038985,20.7232440453121,58.1712980905873,61.47370931203054,2,80,5,84,0.06664152472647311,0.30154896945686893,0.08983990919202922,0.31261117011630457,-0.02319838446555611,-0.01106220065943564,-0.03540363336993928,-0.04362027433688359
2021-01-04,KO,top100,31.83734901757726,25.15790581018083,38.87729776905034,64.51355396640614,1,81,5,84,0.0035452126234574166,0.15939168794984915,0.08983990919202922,0.31261117011630457,-0.0862946965685718,-0.15321948216645542,-0.09849994547295497,-0.18577755584390337
2021-01-04,GE,top100,26.798256399259117,11.456365508764547,52.853324605901925,82.08135621943545,1,82,5,84,0.2693197520938946,0.15262186456369742,0.08983990919202922,0.31261117011630457,0.17947984290186536,-0.15998930555260715,0.16727459399748218,-0.1925473792300551
2021-01-04,WFC,top100,25.93166679585562,6.584273644346507,56.61337622406532,100.0,3,83,5,84,0.33856226719404026,0.7313544026727083,0.08983990919202922,0.31261117011630457,0.24872235800201103,0.4187432325564038,0.23651710909762785,0.3861851588789558
2021-01-04,MDT,top100,25.651049401731765,24.29034294130023,18.220626738667974,50.03683995088007,2,84,5,84,0.023825452442266748,-0.06581783782848083,0.08983990919202922,0.31261117011630457,-0.06601445674976247,-0.3784290079447854,-0.07821970565414564,-0.41098708162223335
2021-04-01,ORCL,top100,75.61868929185313,77.21609620516682,80.87853870070364,53.91714208095626,0,1,1,78,0.11243888374998501,0.1696899438991868,0.07795174401810923,0.1422167762500357,0.03448713973187578,0.027473167649151087,0.03540750628953991,0.011868069524782032
2021-04-01,AAPL,top100,73.96096482824125,84.43416346462622,34.56021927671412,79.45006547660074,1,2,1,78,0.1179123323410376,0.4280312405927016,0.07795174401810923,0.1422167762500357,0.03996058832292837,0.2858144643426659,0.0408809548805925,0.27020936621829683
2021-04-01,ADBE,top100,72.32109528145082,87.21016089561164,26.397479954180987,59.94486663686486,1,3,1,78,0.2097695204204082,-0.05735093309057804,0.07795174401810923,0.1422167762500357,0.13181777640229897,-0.19956770934061374,0.1327381429599631,-0.2151728074649828
2021-04-01,MSFT,top100,71.58213731510847,87.01422924025823,27.32511045655375,52.0715475561695,0,4,1,78,0.12328105881164331,0.28253067864769577,0.07795174401810923,0.1422167762500357,0.04532931479353408,0.14031390239766006,0.04624968135119821,0.12470880427329101
2021-04-01,TMO,top100,70.73251154795443,74.56363294096803,58.36872034036982,68.64224421202849,0,5,1,78,0.11728027473607527,0.2970076822568064,0.07795174401810923,0.1422167762500357,0.03932853071796605,0.1547909060067707,0.04024889727563018,0.13918580788240165
2021-04-01,AMD,top100,69.95328046975119,79.39851838727894,29.0908261269086,85.5615237327421,2,6,1,78,0.1506967566900974,0.34837834504871124,0.07795174401810923,0.1422167762500357,0.07274501267198819,0.20616156879867553,0.07366537922965231,0.19055647067430648
2021-04-01,REGN,top100,67.83742498862766,64.61942042145127,77.8882343315333,70.2618382730512,0,7,1,78,0.20990452296445783,0.47057461995480887,0.07795174401810923,0.1422167762500357,0.1319527789463486,0.32835784370477317,0.13287314550401275,0.3127527455804041
2021-04-01,SPGI,top100,67.53311510338096,84.2116779430166,18.391597550577472,49.066210331538585,1,8,1,78,0.13894704327306817,0.13946867767053783,0.07795174401810923,0.1422167762500357,0.060995299254958946,-0.0027480985794978707,0.061915665812623075,-0.018353196703866925
2021-04-01,META,top100,67.20347844899972,75.80364755777514,48.73199967272132,43.94525224012865,0,9,1,78,0.18659988745532163,-0.25547473115265074,0.07795174401810923,0.1422167762500357,0.10864814343721241,-0.39769150740268644,0.10956850999487654,-0.4132966055270555
2021-04-01,AVGO,top100,66.89291000177404,76.56381011438759,38.11554308126878,56.75134305448965,1,10,1,78,-0.005533446064600933,0.36085790510570304,0.07795174401810923,0.1422167762500357,-0.08348519008271016,0.21864112885566733,-0.08256482352504603,0.20303603073129828
2021-04-01,VRTX,top100,66.72594217903753,59.70015613407598,87.44218010495159,74.47396864194039,0,11,1,78,-0.05083552384528722,0.22498122418325206,0.07795174401810923,0.1422167762500357,-0.12878726786339645,0.08276444793321636,-0.1278669013057323,0.0671593498088473
2021-04-01,PGR,top100,65.46639152985665,63.6328080879666,78.24770258980786,52.738853503184714,0,12,1,78,0.03550299326091366,0.21560504663672808,0.07795174401810923,0.1422167762500357,-0.042448750757195564,0.07338827038669238,-0.041528384199531435,0.057783172262323323
2021-04-01,LLY,top100,65.42971330482642,68.83507369306919,46.698285662610125,79.05504587155963,2,13,1,78,0.25324592157190895,0.5693672893530812,0.07795174401810923,0.1422167762500357,0.17529417755379972,0.4271505131030455,0.17621454411146387,0.41154541497867647
2021-04-01,NOW,top100,64.3506174875105,76.22359285548185,15.202367315769374,79.53629025519328,2,14,1,78,0.0752647876767718,0.09838070255024545,0.07795174401810923,0.1422167762500357,-0.002686956341337421,-0.04383607369979026,-0.0017665897836732919,-0.05944117182415931
2021-04-01,PLD,top100,64.28666963110575,73.29294517589999,41.4640603299918,46.88795941977396,1,15,1,78,0.11135622995333239,0.516593665948428,0.07795174401810923,0.1422167762500357,0.03340448593522316,0.37437688969839233,0.03432485249288729,0.3587717915740233
2021-04-01,TXN,top100,63.69279313373724,77.42135161172445,22.73993618065783,49.49859769398566,1,16,1,78,-0.0008680097464575098,-0.021657783366361483,0.07795174401810923,0.1422167762500357,-0.07881975376456674,-0.1638745596163972,-0.0778993872069026,-0.17947965774076624
2021-04-01,QCOM,top100,63.677191784792186,65.13569269270378,47.95819419939049,84.90568060021437,1,17,2,78,0.027058647631357458,0.12885272608583032,0.07795174401810923,0.1422167762500357,-0.05089309638675177,-0.013364050164205388,-0.04997272982908764,-0.028969148288574442
2021-04-01,MA,top100,63.42753853664418,78.30593420222131,11.840350446563143,62.453145057766356,2,18,2,78,0.02160798978967504,-0.011425515184050439,0.07795174401810923,0.1422167762500357,-0.056343754228434184,-0.15364229143408614,-0.055423387670770055,-0.1692473895584552
2021-04-01,DHR,top100,63.10933691575199,72.397997940359,28.09810178366879,68.11118000766929,1,19,2,78,0.21033856457992428,0.3071370128855595,0.07795174401810923,0.1422167762500357,0.13238682056181506,0.1649202366355238,0.1333071871194792,0.14931513851115474
2021-04-01,PG,top100,62.98598956182345,67.0824631534654,51.538005236458844,57.20664307105906,0,20,2,78,0.013593290397825308,0.16580881407095527,0.07795174401810923,0.1422167762500357,-0.06435845362028392,0.023592037820919565,-0.06343808706261979,0.00798693969655051
2021-04-01,AMZN,top100,62.546730612982365,70.12526160762732,36.28109147439044,62.02829192765148,1,21,2,78,0.08603922809237585,0.03130338500474528,0.07795174401810923,0.1422167762500357,0.008087484074266627,-0.11091339124529043,0.009007850631930756,-0.12651848936965948
2021-04-01,INTU,top100,62.429699295477995,76.22403578903075,14.136188839797086,62.45636475197054,2,22,2,78,0.24422540280758964,0.22274908451026643,0.07795174401810923,0.1422167762500357,0.16627365878948042,0.08053230826023072,0.16719402534714456,0.06492721013586167
2021-04-01,VZ,top100,60.91964336988432,61.455612521731425,63.61172475863197,51.783696529459256,0,23,2,78,-0.024090677338361344,-0.08542967359621356,0.07795174401810923,0.1422167762500357,-0.10204242135647057,-0.22764644984624927,-0.10112205479880644,-0.24325154797061832
2021-04-01,AMGN,top100,60.70168019390178,60.734129137276184,56.49279986908853,68.89229823990748,1,24,2,78,-0.0021431688159420093,0.001656863636125605,0.07795174401810923,0.1422167762500357,-0.08009491283405124,-0.1405599126139101,-0.0791745462763871,-0.15616501073827915
2021-04-01,MS,top100,60.67881437179493,60.703024128805076,56.71511252357698,68.43674976915975,0,25,2,78,0.18142305557493343,0.14609689444008023,0.07795174401810923,0.1422167762500357,0.10347131155682421,0.0038801181900445236,0.10439167811448834,-0.011724979934324531
2021-04-01,CRM,top100,60.25515020553246,65.43213704364003,32.44193141173995,79.64267992636454,2,26,2,78,0.12006210221004232,-0.029261340909133238,0.07795174401810923,0.1422167762500357,0.042110358191933095,-0.17147811715916894,0.043030724749597224,-0.187083215283538
2021-04-01,GOOGL,top100,60.245512167243895,72.10189686292314,23.65488463426608,50.43207436344481,1,27,2,78,0.14983239354904754,0.3059339130039094,0.07795174401810923,0.1422167762500357,0.07188064953093831,0.16371713675387367,0.07280101608860244,0.14811203862950462
2021-04-01,GS,top100,60.09018013544845,58.82591604194581,61.87468241049359,65.3710242398767,0,28,2,78,0.14838368129312451,0.027202939626564948,0.07795174401810923,0.1422167762500357,0.07043193727501529,-0.11501383662347076,0.07135230383267942,-0.1306189347478398
2021-04-01,ICE,top100,59.763002795993934,66.84006776883298,36.325037249481085,57.09947907914634,1,29,2,78,0.043655153535497426,0.16976181280256197,0.07795174401810923,0.1422167762500357,-0.0342965904826118,0.02754503655252627,-0.03337622392494767,0.011939938428157215
2021-04-01,SCHW,top100,59.542435433892905,56.319067181946025,73.50051460265784,54.18985485999119,0,30,2,78,0.11020668909302622,0.2809063268210634,0.07795174401810923,0.1422167762500357,0.032254945074916996,0.13868955057102772,0.033175311632581125,0.12308445244665867
2021-04-01,BLK,top100,59.22342527739447,65.65043684321259,39.15404921237803,54.3730964467005,1,31,2,78,0.1519383124028315,0.01692397667560397,0.07795174401810923,0.1422167762500357,0.07398656838472228,-0.12529279957443173,0.07490693494238641,-0.1408978976988008
2021-04-01,NEE,top100,58.96117499879387,65.00043186021017,29.211023307615093,76.18668035123733,2,32,3,78,-0.015676667027470392,0.14032316832407687,0.07795174401810923,0.1422167762500357,-0.09362841104557962,-0.001893607925958829,-0.09270804448791549,-0.017498706050327884
2021-04-01,ADP,top100,58.253017823993446,65.52083448680612,35.353665521191296,53.177005789909,0,33,3,78,0.059937057919501324,0.22401093553527995,0.07795174401810923,0.1422167762500357,-0.0180146860986079,0.08179415928524425,-0.017094319540943773,0.0661890611608752
2021-04-01,ACN,top100,57.999387733464474,66.0959837000454,33.1087383406971,51.10451475293283,1,34,3,78,0.08115421066723827,0.2255440052828166,0.07795174401810923,0.1422167762500357,0.0032024666491290432,0.08332722903278089,0.004122833206793172,0.06772213090841184
2021-04-01,COST,top100,57.91981677914518,64.45017551241875,34.30453280968745,59.43787358514562,1,35,3,78,0.11392129243665816,0.6340178598345949,0.07795174401810923,0.1422167762500357,0.035969548418548936,0.4918010835845592,0.036889914976213065,0.47619598546019015
2021-04-01,ABT,top100,57.55010580100096,63.27706600817212,34.312305678285064,63.93698459623462,0,36,3,78,-0.011348497649733225,0.010001353678972702,0.07795174401810923,0.1422167762500357,-0.08930024166784245,-0.132215422571063,-0.08837987511017832,-0.14782052069543206
2021-04-01,ABBV,top100,57.548023010683615,60.8295813170629,46.02479135984291,57.62357816771009,3,37,3,78,0.06569480356143331,0.5634366155052426,0.07795174401810923,0.1422167762500357,-0.012256940456675913,0.4212198392552069,-0.011336573899011784,0.40561474113083784
2021-04-01,LOW,top100,57.24186788506101,62.08775620937469,53.57797414498445,30.64843709501841,1,38,3,78,0.02653972201231669,0.07172330441953667,0.07795174401810923,0.1422167762500357,-0.051412022005792535,-0.07049347183049903,-0.050491655448128406,-0.08609856995486809
2021-04-01,UNP,top100,56.678926430523326,64.24268329143919,32.37522500409098,52.34003125697699,2,39,3,78,0.02004328384482079,0.26483667456491644,0.07795174401810923,0.1422167762500357,-0.057908460173288434,0.12261989831488074,-0.056988093615624305,0.10701480019051168
2021-04-01,FISV,top100,56.5894189959264,64.08572978838849,30.915357551955488,55.46336633663367,2,40,3,78,-0.11320291397233362,-0.17000900384709827,0.07795174401810923,0.1422167762500357,-0.19115465799044284,-0.312225780097134,-0.1902342914327787,-0.32783087822150303
2021-04-01,PM,top100,56.56166376374962,55.11519040605933,61.90926198658157,55.9917808219178,0,41,3,78,0.1481093230034789,0.12292449488056612,0.07795174401810923,0.1422167762500357,0.07015757898536967,-0.01929228136946959,0.0710779455430338,-0.03489737949383864
2021-04-01,ADI,top100,56.17324568790225,65.45607760195777,24.824701358206518,53.89051094890512,1,42,3,78,0.059267573592290956,0.04771989163922674,0.07795174401810923,0.1422167762500357,-0.01868417042581827,-0.09449688461080896,-0.01776380386815414,-0.11010198273517802
2021-04-01,PFE,top100,55.25690664328135,48.875901092938534,69.48071783123329,71.47632311977716,2,43,3,78,0.10054678784997151,0.47717206444415994,0.07795174401810923,0.1422167762500357,0.022595043831862283,0.33495528819412423,0.02351541038952641,0.3193501900697552
2021-04-01,JNJ,top100,54.36237374954897,57.352409004839046,40.347512957845396,61.46184854592571,0,44,3,78,0.025581807602848228,0.11606988410309627,0.07795174401810923,0.1422167762500357,-0.052369936415261,-0.026146892146939438,-0.05144956985759687,-0.04175199027130849
2021-04-01,ANET,top100,53.70992144198899,56.686635587495985,39.9635902470954,60.36558481322719,1,45,3,78,0.17968575509674056,0.8047006882223084,0.07795174401810923,0.1422167762500357,0.10173401107863134,0.6624839119722727,0.10265437763629547,0.6468788138479037
2021-04-01,UNH,top100,53.70155142236923,55.76353992492277,45.3058010145639,56.05913272010512,0,46,3,78,0.10707217724531182,0.40800044416398973,0.07795174401810923,0.1422167762500357,0.02912043322720259,0.265783667913954,0.03004079978486672,0.25017856978958497
2021-04-01,JPM,top100,53.352626657824935,54.55295824243967,46.392409287824364,58.87074030552291,1,47,3,78,0.027943303355985938,-0.09195340569964927,0.07795174401810923,0.1422167762500357,-0.05000844066212329,-0.23417018194968497,-0.04908807410445916,-0.24977528007405403
2021-04-01,BX,top100,52.41319974207391,57.81578393701485,33.820590996391324,51.780327868852474,2,48,4,78,0.30346919345915824,0.7465472101071697,0.07795174401810923,0.1422167762500357,0.225517449441049,0.604330433857134,0.22643781599871315,0.588725335732765
2021-04-01,WMT,top100,51.9026054220249,51.81773284462999,48.381811487481585,59.53830133287586,0,49,4,78,0.03131829150521881,0.11518886123284777,0.07795174401810923,0.1422167762500357,-0.046633452512890416,-0.02702791501718793,-0.04571308595522629,-0.042633013141556986
2021-04-01,CB,top100,51.39443716877036,43.04758213648997,70.62191561377671,71.3674655047204,0,50,4,78,0.02268371449374018,0.3685796008818214,0.07795174401810923,0.1422167762500357,-0.055268029524369044,0.2263628246317857,-0.054347662966704915,0.21075772650741664
2021-04-01,ISRG,top100,50.88198235646438,60.764171105229934,12.155130093274426,59.16036564148543,2,51,4,78,0.24058306581059385,0.21059390048154092,0.07795174401810923,0.1422167762500357,0.16263132179248463,0.06837712423150522,0.16355168835014877,0.05277202610713616
2021-04-01,HD,top100,50.49514537877052,56.731139335821155,39.157461953853705,29.518554529249712,2,52,4,78,0.05028804648990959,-0.007269451942129246,0.07795174401810923,0.1422167762500357,-0.027663697528199638,-0.14948622819216495,-0.02674333097053551,-0.165091326316534
2021-04-01,MRSH,top100,49.89886326888047,54.094987099560385,35.45118164827877,49.42135969532451,1,53,4,78,0.16014585809701698,0.4037117224203317,0.07795174401810923,0.1422167762500357,0.08219411407890775,0.261494946170296,0.08311448063657188,0.24588984804592695
2021-04-01,CMCSA,top100,49.656448038512714,50.54352375784823,40.325846833578794,62.108120413032,1,54,4,78,0.059627507428561044,-0.12912273556174725,0.07795174401810923,0.1422167762500357,-0.018324236589548182,-0.27133951181178295,-0.017403870031884053,-0.286944609936152
2021-04-01,HON,top100,49.34137646779335,53.77257576932021,32.696367206676484,51.6129998793391,1,55,4,78,0.02193901333881154,-0.08617304060458997,0.07795174401810923,0.1422167762500357,-0.056012730679297684,-0.22838981685462567,-0.055092364121633555,-0.24399491497899473
2021-04-01,MDLZ,top100,49.222815346223804,49.09207481147641,46.81987399770905,54.94388178648513,0,56,4,78,0.07431412241243573,0.09797353679775234,0.07795174401810923,0.1422167762500357,-0.003637621605673491,-0.04424323945228337,-0.002717255048009362,-0.05984833757665242
2021-04-01,INTC,top100,49.17981906589246,42.89904437086825,66.96714940271642,57.57058125741399,0,57,4,78,-0.12695498134868588,-0.21110221601458046,0.07795174401810923,0.1422167762500357,-0.2049067253667951,-0.35331899226461616,-0.20398635880913096,-0.3689240903889852
2021-04-01,DE,top100,48.376748462927935,50.250711462012916,36.33322329998476,59.34605779521942,2,58,4,78,-0.04545960685402939,0.12896838241831454,0.07795174401810923,0.1422167762500357,-0.12341135087213861,-0.013248393831721161,-0.12249098431447449,-0.028853491956090216
2021-04-01,LIN,top100,46.64884241602624,52.93554209529716,22.618976264684726,50.701676963812915,2,59,4,78,0.03925219231445043,0.1537175161877169,0.07795174401810923,0.1422167762500357,-0.0386995517036588,0.011500739937681193,-0.03777918514599467,-0.004104358186687862
2021-04-01,BAC,top100,46.52204114501442,45.93220902034172,46.14657347836946,51.40180135101325,2,60,4,78,0.05633778404330925,0.06381983002178182,0.07795174401810923,0.1422167762500357,-0.02161395997479998,-0.07839694622825388,-0.02069359341713585,-0.09400204435262294
2021-04-01,MCD,top100,46.40733907617023,53.395224069009046,22.26435935198822,45.77810357466257,1,61,4,78,0.037044808355093606,0.12247862527924203,0.07795174401810923,0.1422167762500357,-0.04090693566301562,-0.019738150970793678,-0.03998656910535149,-0.03534324909516273
2021-04-01,SYK,top100,46.18914336632156,51.961708394698086,21.751963672066765,54.65554755619553,2,62,4,78,0.0839155125574702,0.11137380100052985,0.07795174401810923,0.1422167762500357,0.005963768539360981,-0.030842975249505855,0.00688413509702511,-0.04644807337387491
2021-04-01,CAT,top100,45.81435065307762,47.978584162910956,34.52710233638068,53.23921271763814,2,63,5,78,-0.06466634037230656,-0.023077996174316828,0.07795174401810923,0.1422167762500357,-0.1426180843904158,-0.16529477242435253,-0.14169771783275165,-0.1808998705487216
2021-04-01,KO,top100,44.20962797428005,42.2773539149789,48.67179403261878,48.81121427271072,2,64,5,78,0.0353558049101701,0.21714243764404384,0.07795174401810923,0.1422167762500357,-0.04259593910793913,0.07492566139400814,-0.041675572550275,0.05932056326963908
2021-04-01,ETN,top100,43.880251865033095,47.24559557952318,28.211831124202256,51.65968734526418,3,65,5,78,0.08228871151225126,0.10958005968075324,0.07795174401810923,0.1422167762500357,0.00433696749414203,-0.032636716569282465,0.005257334051806159,-0.04824181469365152
2021-04-01,PEP,top100,43.13974604520941,41.50587440619222,45.39355261004746,50.06923438865363,1,66,5,78,0.05664526826237304,0.21765081316187596,0.07795174401810923,0.1422167762500357,-0.021306475755736187,0.07543403691184025,-0.020386109198072058,0.0598289387874712
2021-04-01,AXP,top100,43.110106583336034,45.450297319144696,27.42543644334203,58.09811171266344,3,67,5,78,0.15774811888776696,0.30335320691866063,0.07795174401810923,0.1422167762500357,0.07979637486965774,0.16113643066862493,0.08071674142732187,0.14553133254425588
2021-04-01,GE,top100,42.56737350959794,36.033884416490416,54.31260194701696,64.81134028651255,1,68,5,78,0.015832630022221794,-0.13588590099960518,0.07795174401810923,0.1422167762500357,-0.06211911399588743,-0.2781026772496409,-0.0611987474382233,-0.29370777537400994
2021-04-01,SBUX,top100,41.49885027268514,49.424047969703345,7.375225004090982,54.26971693074596,4,69,5,78,0.04096903229554383,-0.15387998821542537,0.07795174401810923,0.1422167762500357,-0.0369827117225654,-0.29609676446546107,-0.03606234516490127,-0.3117018625898301
2021-04-01,MRK,top100,41.449858916009276,34.99312345665341,55.85842469863088,57.8298755662571,1,70,5,78,0.06934864549545505,0.15605969307298828,0.07795174401810923,0.1422167762500357,-0.008603098522654173,0.013842916822952578,-0.007682731964990044,-0.0017621813014164767
2021-04-01,CSCO,top100,41.153245791013006,37.7971364346064,47.162877803417516,52.626747261050255,1,71,5,78,0.035457603234760215,0.10174595374490347,0.07795174401810923,0.1422167762500357,-0.04249414078334901,-0.04047082250513223,-0.04157377422568488,-0.056075920629501286
2021-04-01,GILD,top100,40.37867238514181,32.73657634513383,44.76026836851579,85.11015269844971,3,72,5,78,0.051341958470839,-0.0657253000788528,0.07795174401810923,0.1422167762500357,-0.026609785547270226,-0.2079420763288885,-0.025689418989606097,-0.22354717445325756
2021-04-01,LMT,top100,40.231864844438675,24.19379450097999,85.32257404680084,62.316938843925115,1,73,5,78,0.03172116665859548,0.22475158282473107,0.07795174401810923,0.1422167762500357,-0.04623057735951375,0.08253480657469536,-0.04531021080184962,0.06692970845032631
2021-04-01,MDT,top100,39.86311002322573,44.7136323873011,16.37641138929799,52.88285074255372,4,74,5,78,0.07256401815293945,-0.04015189113010298,0.07795174401810923,0.1422167762500357,-0.005387725865169779,-0.18236866738013868,-0.00446735930750565,-0.19797376550450774
2021-04-01,TJX,top100,38.691279775692976,39.98279203162546,21.86773850433644,63.29777652687869,4,75,5,78,0.03252451483198615,-0.06825585689082181,0.07795174401810923,0.1422167762500357,-0.045427229186123075,-0.2104726331408575,-0.044506862628458946,-0.22607773126522657
2021-04-01,C,top100,33.03510643719851,21.589156986723065,61.18599028533192,56.8549848942598,2,76,5,78,-0.022369741539575272,-0.24808252307388579,0.07795174401810923,0.1422167762500357,-0.1003214855576845,-0.3902992993239215,-0.09940111900002037,-0.40590439744829054
2021-04-01,IBM,top100,29.041371964465775,15.829038723465509,62.50368188512519,54.60308481014879,3,77,5,78,0.11446890186629632,0.07076349549906946,0.07795174401810923,0.1422167762500357,0.0365171578481871,-0.07145328075096624,0.03743752440585123,-0.0870583788753353
2021-04-01,WFC,top100,22.742861208857036,8.867839702348656,53.57888923339276,58.19595570534424,3,78,5,78,0.1483497095316646,0.24111310334935077,0.07795174401810923,0.1422167762500357,0.07039796551355537,0.09889632709931506,0.0713183320712195,0.08329122897494601
2021-07-01,BX,top100,79.17413249155848,88.26449776872224,58.832017041458165,56.225806451612904,0,1,1,84,0.19914054962382077,-0.008035601923708113,0.012083727013960655,-0.10168779926874216,0.18705682260986012,0.09365219734503405,0.17858086008104399,0.06006972962819267
2021-07-01,KLAC,top100,73.54413910623066,84.40194004894417,38.982981508754705,66.661847702188,0,2,1,84,0.07812267733347755,-0.038395789132285474,0.012083727013960655,-0.10168779926874216,0.0660389503195169,0.06329201013645669,0.05756298779070077,0.029709542419615306
2021-07-01,LRCX,top100,70.20785392057253,83.80889632032954,27.163312060219276,61.0896408429801,1,3,1,84,-0.09784312485648017,-0.3692962283804966,0.012083727013960655,-0.10168779926874216,-0.10992685187044082,-0.2676084291117544,-0.11840281439925696,-0.3011908968285958
2021-07-01,AAPL,top100,69.63731350894247,85.3687753994707,34.00609556537392,30.779516162381952,1,4,1,84,0.04074983038980795,0.017875081626073763,0.012083727013960655,-0.10168779926874216,0.028666103375847296,0.11956288089481593,0.02019014084703117,0.08598041317797454
2021-07-01,ORCL,top100,69.46008828644023,68.78346086128428,75.60178366879398,61.91308949782428,0,5,1,84,0.13239752599139876,-0.09574769647769632,0.012083727013960655,-0.10168779926874216,0.1203137989774381,0.005940102791045843,0.11183783644862197,-0.02764236492579554
2021-07-01,GS,top100,69.26896930389867,71.18141450828838,68.06411432360972,58.29156283374866,0,6,1,84,0.018284334929474344,-0.1842063710528783,0.012083727013960655,-0.10168779926874216,0.0062006079155136895,-0.08251857178413613,-0.002275354613302437,-0.11610103950097751
2021-07-01,NVDA,top100,69.14758207795472,91.42655608092396,10.052160039273442,31.38560813453266,2,7,1,84,0.02640214871191482,-0.28097585677901726,0.012083727013960655,-0.10168779926874216,0.014318421697954165,-0.1792880575102751,0.005842459169138038,-0.21287052522711647
2021-07-01,TMO,top100,68.11281177327663,76.21114642275793,59.49885452462772,28.652383724205293,0,8,1,84,0.12453918658010221,0.07819981096773265,0.012083727013960655,-0.10168779926874216,0.11245545956614156,0.17988761023647482,0.10397949703732542,0.14630514251963345
2021-07-01,AMD,top100,67.59703508071362,82.55428704308636,33.07923303231848,31.931875440894892,2,9,1,84,0.09795305969349477,-0.21048119172650304,0.012083727013960655,-0.10168779926874216,0.08586933267953412,-0.10879339245776087,0.07739337015071798,-0.14237586017460224
2021-07-01,PGR,top100,67.36600167697402,64.04938709070173,80.02442747762876,65.26545217957059,0,10,1,84,-0.07899634354800367,0.22123685431925466,0.012083727013960655,-0.10168779926874216,-0.09108007056196432,0.3229246535879968,-0.09955603309078045,0.28934218587115546
2021-07-01,AVGO,top100,67.33120013033853,75.33090458104023,47.84777604875835,50.300117138587076,0,11,1,84,0.04531612529002316,0.047058603397949206,0.012083727013960655,-0.10168779926874216,0.0332323982760625,0.14874640266669137,0.024756435747246376,0.11516393494984999
2021-07-01,SPGI,top100,67.11136688385899,82.48428139568361,21.742231437700784,50.2392361934032,1,12,1,84,0.04103589340915703,-0.16054150313616777,0.012083727013960655,-0.10168779926874216,0.028952166395196377,-0.05885370386742561,0.02047620386638025,-0.092436171584267
2021-07-01,MSFT,top100,66.95432686825383,84.76736022678197,23.497586319751267,29.176574455562047,0,13,1,84,0.06647120006703466,-0.036452035217812706,0.012083727013960655,-0.10168779926874216,0.05438747305307401,0.06523576405092946,0.04591151052425788,0.031653296334088074
2021-07-01,ADBE,top100,66.78739157393021,85.9706777990632,17.271518573064967,31.536133999729827,2,14,1,84,-0.012415986865732864,-0.3698288098780633,0.012083727013960655,-0.10168779926874216,-0.02449971387969352,-0.26814101060932116,-0.032975676408509645,-0.30172347832616253
2021-07-01,QCOM,top100,66.44103981380613,68.31743940115385,56.933627641114626,72.32106704775512,1,15,1,84,-0.08160911311043761,-0.10687062978784334,0.012083727013960655,-0.10168779926874216,-0.09369284012439827,-0.005182830519101178,-0.1021688026532144,-0.03876529823594256
2021-07-01,AMAT,top100,66.29573294791373,79.4482155314649,27.896211749304534,51.027397260274,1,16,1,84,-0.062224442451284445,-0.3698043801587213,0.012083727013960655,-0.10168779926874216,-0.0743081694652451,-0.26811658088997914,-0.08278413199406123,-0.3016990486068205
2021-07-01,MS,top100,65.80419818079281,70.57034338423378,55.138027629210484,53.77352285987058,0,17,1,84,0.08429735516566805,-0.14079468260447636,0.012083727013960655,-0.10168779926874216,0.0722136281517074,-0.0391068833357342,0.06373766562289127,-0.07268935105257558
2021-07-01,TXN,top100,64.793979616999,77.79571904724995,28.2736049746359,46.82255288996863,1,18,2,84,0.021121707075416607,-0.20188468935773407,0.012083727013960655,-0.10168779926874216,0.009037980061455952,-0.10019689008899191,0.0005620175326398261,-0.13377935780583328
2021-07-01,META,top100,64.62445376769229,73.35914159478224,40.81819669448535,51.09415312447647,0,19,2,84,-0.032111413159505386,-0.5484354051322924,0.012083727013960655,-0.10168779926874216,-0.04419514017346604,-0.4467476058635502,-0.05267110270228217,-0.4803300735803916
2021-07-01,VRTX,top100,64.35628955021085,54.768401120621874,89.0143147230776,82.15545821160023,0,20,2,84,-0.10810543494387026,0.42089906532812416,0.012083727013960655,-0.10168779926874216,-0.12018916195783091,0.5225868645968663,-0.12866512448664705,0.48900439688002495
2021-07-01,SCHW,top100,63.63726029025524,61.42505010685771,75.03226494070228,56.33272227314394,0,21,2,84,0.013993470878983949,-0.12258198912395857,0.012083727013960655,-0.10168779926874216,0.0019097438650232945,-0.020894189855216405,-0.006566218663792832,-0.05447665757205779
2021-07-01,DHR,top100,63.53219268388258,75.69749853278262,27.901120929471446,49.637195250404595,0,22,2,84,0.11138089068874057,-0.04894970677394439,0.012083727013960655,-0.10168779926874216,0.09929716367477992,0.05273809249479777,0.09082120114596379,0.01915562477795639
2021-07-01,PLD,top100,62.7828722576851,73.70281373536935,26.435513847945018,59.037998733375545,2,23,2,84,0.05876327762043476,0.02164177523975286,0.012083727013960655,-0.10168779926874216,0.04667955060647411,0.12332957450849502,0.03820358807765798,0.08974710679165364
2021-07-01,JPM,top100,62.25042618095768,62.15303354114299,63.02922254088831,61.37458193979932,0,24,2,84,0.07011106257555455,-0.2554707715170135,0.012083727013960655,-0.10168779926874216,0.058027335561593896,-0.1537829722482713,0.04955137303277777,-0.18736543996511268
2021-07-01,NOW,top100,62.03697024890165,76.23003753861828,14.488899798178148,57.78164012233235,2,25,2,84,0.16073885210117944,-0.11154318836326294,0.012083727013960655,-0.10168779926874216,0.1486551250872188,-0.009855389094520772,0.14017916255840265,-0.043437856811362155
2021-07-01,INTU,top100,61.99117025126335,80.27568184083182,13.958231058746524,30.065467509317777,2,26,2,84,0.10906220758417629,-0.20528153861607024,0.012083727013960655,-0.10168779926874216,0.09697848057021563,-0.10359373934732807,0.0885025180413995,-0.13717620706416944
2021-07-01,AMZN,top100,61.88188925409304,69.53051258484946,38.14719358533792,55.81091727630836,1,27,2,84,-0.04360946935161103,-0.3617188615105871,0.012083727013960655,-0.10168779926874216,-0.055693196365571684,-0.2600310622418449,-0.06416915889438782,-0.2936135299586863
2021-07-01,ABT,top100,61.87353380948705,65.93460086150576,49.74329078710522,57.706550490119795,0,28,2,84,0.004235131477933418,-0.04487256361904024,0.012083727013960655,-0.10168779926874216,-0.007848595536027236,0.05681523564970192,-0.016324558064843363,0.02323276793286054
2021-07-01,LOW,top100,61.81760114938478,59.731283289224535,66.51448208149239,67.02806430629124,1,29,2,84,0.04457302591289447,-0.0804899654479675,0.012083727013960655,-0.10168779926874216,0.032489298898933816,0.02119783382077467,0.02401333637011769,-0.012384633896066713
2021-07-01,MA,top100,61.64018549817389,75.52867441062155,11.681824837006603,64.33748443337487,2,30,2,84,-0.027260575966841283,-0.1371168276619864,0.012083727013960655,-0.10168779926874216,-0.03934430298080194,-0.035429028393244244,-0.047820265509618064,-0.06901149611008563
2021-07-01,INTC,top100,61.0408597769763,52.81145426157441,77.64257077401408,85.44327639071398,0,31,2,84,-0.0321369762523509,-0.3321841906055143,0.012083727013960655,-0.10168779926874216,-0.044220703266311556,-0.23049639133677213,-0.05269666579512768,-0.2640788590536135
2021-07-01,PG,top100,60.962103499255015,64.22532029632255,52.173744068073965,55.696304782144324,0,32,2,84,0.038582298101174306,0.10598667784601767,0.012083727013960655,-0.10168779926874216,0.02649857108721365,0.20767447711475984,0.018022608558397525,0.17409200939791847
2021-07-01,GOOGL,top100,60.73152879768115,72.31663104742711,25.520577646866307,50.057715351089186,0,33,2,84,0.11514193632961578,-0.11194464850033348,0.012083727013960655,-0.10168779926874216,0.10305820931565512,-0.010256849231591314,0.09458224678683899,-0.0438393169484327
2021-07-01,BLK,top100,60.07619596405972,68.12636894149955,36.22857616549966,51.42022471910113,1,34,2,84,-0.03829087402418174,-0.28246765577294863,0.012083727013960655,-0.10168779926874216,-0.0503746010381424,-0.18077985650420647,-0.05885056356695852,-0.21436232422104784
2021-07-01,CRM,top100,59.74016258465098,65.00266867463208,37.300435655188494,67.78207381370828,2,35,3,84,0.12360213575800061,-0.31341310174084713,0.012083727013960655,-0.10168779926874216,0.11151840874403995,-0.21172530247210497,0.10304244621522382,-0.24530777018894634
2021-07-01,LLY,top100,59.1949910626687,67.37427884881569,32.2226097890775,55.88473910682208,1,36,3,84,-0.0034556199472117743,0.42468061178281014,0.012083727013960655,-0.10168779926874216,-0.015539346961172429,0.5263684110515523,-0.024015309489988555,0.49278594333471093
2021-07-01,ADI,top100,59.15528061619526,69.12310230657646,27.44354442808051,52.80400115975645,0,37,3,84,-0.0064604060550093045,-0.1402697353434097,0.012083727013960655,-0.10168779926874216,-0.01854413306896996,-0.03858193607466753,-0.027020095597786085,-0.07216440379150892
2021-07-01,ABBV,top100,59.11442634063202,61.65011571638965,51.8980117820324,55.79742982752789,3,38,3,84,-0.03460330488886243,0.40368466826715554,0.012083727013960655,-0.10168779926874216,-0.046687031902823084,0.5053724675358977,-0.05516299443163921,0.47178999981905634
2021-07-01,NEE,top100,57.33341709401191,63.17671941267012,32.00328255323264,67.09056994496302,1,39,3,84,0.07255056841061847,0.10800421274354921,0.012083727013960655,-0.10168779926874216,0.06046684139665781,0.20969201201229137,0.051990878867841685,0.17610954429545
2021-07-01,DE,top100,56.271018981341356,55.827599189431595,49.95577505797911,72.00544537143425,1,40,3,84,-0.03125056518326419,-0.1381669614662573,0.012083727013960655,-0.10168779926874216,-0.043334292197224844,-0.036479162197515125,-0.05181025472604097,-0.07006162991435651
2021-07-01,AMGN,top100,56.05396434482235,55.1965739089993,56.31525118638521,61.53312371245797,1,41,3,84,-0.12688543992843304,0.027481370320406207,0.012083727013960655,-0.10168779926874216,-0.1389691669423937,0.12916916958914837,-0.14744512947120983,0.09558670187230699
2021-07-01,COST,top100,55.90495570038357,63.42121873165978,31.567255768286696,51.9665143456439,1,42,3,84,0.13849455150758683,0.23942631257673797,0.012083727013960655,-0.10168779926874216,0.12641082449362617,0.34111411184548013,0.11793486196481004,0.30753164412863876
2021-07-01,NFLX,top100,55.80244532698005,58.237257355465246,45.11086565210277,60.141920477338225,1,43,3,84,0.1492109307643288,-0.6627244442778424,0.012083727013960655,-0.10168779926874216,0.13712720375036813,-0.5610366450091002,0.128651241221552,-0.5946191127259416
2021-07-01,CB,top100,55.80190261421151,47.341712159633246,83.71070502717274,59.205630970336856,0,44,3,84,0.0887480871120101,0.24342710202840512,0.012083727013960655,-0.10168779926874216,0.07666436009804944,0.3451149012971473,0.06818839756923331,0.3115324335803059
2021-07-01,ACN,top100,54.92982708602584,65.67269425404454,30.274709540173454,29.03999200159967,1,45,3,84,0.08592341737125953,-0.053825645390647825,0.012083727013960655,-0.10168779926874216,0.07383969035729887,0.04786215387809434,0.06536372782848274,0.014279686161252955
2021-07-01,ICE,top100,54.501147152487846,60.48355055532794,33.747104014331356,54.13240960892023,1,46,3,84,-0.026251872824021083,-0.18893964925643936,0.012083727013960655,-0.10168779926874216,-0.03833559983798174,-0.0872518499876972,-0.046811562366797864,-0.12083431770453858
2021-07-01,UNP,top100,54.232525373287,60.95199707663858,29.99672721322206,55.66781976995587,2,47,3,84,-0.09318027679780716,-0.017253575690736822,0.012083727013960655,-0.10168779926874216,-0.10526400381176781,0.08443422357800534,-0.11373996634058395,0.05085175586116396
2021-07-01,HD,top100,54.12509963665672,53.95177560986413,50.30825560464736,62.97205588822355,1,48,3,84,0.031091075854263073,-0.1131794497873767,0.012083727013960655,-0.10168779926874216,0.019007348840302418,-0.011491650518634544,0.010531386311486292,-0.04507411823547593
2021-07-01,PM,top100,53.63058259981331,53.87649905322954,54.03514154802814,51.10004952947005,0,49,3,84,-0.026268466458764905,0.051269794298634874,0.012083727013960655,-0.10168779926874216,-0.03835219347272556,0.15295759356737704,-0.046828156001541686,0.11937512585053565
2021-07-01,CSCO,top100,53.35936705342873,55.31382949273035,45.24766420157566,55.90153568202349,1,50,3,84,0.039004379568370995,-0.18153430084015765,0.012083727013960655,-0.10168779926874216,0.02692065255441034,-0.07984650157141548,0.018444690025594214,-0.11342896928825687
2021-07-01,ADP,top100,53.1649463629778,60.38078997198445,29.642857142857146,49.69821954017255,1,51,4,84,0.015564539190892068,0.08731099364616957,0.012083727013960655,-0.10168779926874216,0.0034808121769314138,0.18899879291491173,-0.004995150351884713,0.15541632519807036
2021-07-01,FISV,top100,52.76197390415321,53.41641290265428,40.91576665030273,71.87331542234668,2,52,4,84,0.013291489754476693,-0.14546797120177224,0.012083727013960655,-0.10168779926874216,0.0012077627405160385,-0.043780171933030076,-0.007268199788300088,-0.07736263964987146
2021-07-01,UNH,top100,52.72453436871344,53.71220392660591,46.1790214367534,58.901873327386284,0,53,4,84,-0.027371793385385867,0.2949546189648562,0.012083727013960655,-0.10168779926874216,-0.03945552039934652,0.39664241823359836,-0.04793148292816265,0.363059950516757
2021-07-01,C,top100,52.418943564854104,41.595734549924146,80.4515450188535,72.11620376136506,0,54,4,84,0.009878280068592593,-0.3179745991892069,0.012083727013960655,-0.10168779926874216,-0.0022054469453680614,-0.21628679992046473,-0.010681409474184188,-0.2498692676373061
2021-07-01,REGN,top100,51.60728459054709,47.9119448104798,66.80044182621502,47.08834857968223,0,55,4,84,-0.00666528355562368,0.036163142222169764,0.012083727013960655,-0.10168779926874216,-0.018749010569584335,0.13785094149091193,-0.02722497309840046,0.10426847377407054
2021-07-01,JNJ,top100,51.5176644488689,54.87738492032732,41.08902699555707,48.85689605528361,0,56,4,84,-0.027334991646867035,0.10937551183412797,0.012083727013960655,-0.10168779926874216,-0.03941871866082769,0.21106331110287013,-0.047894681189643816,0.17748084338602876
2021-07-01,PFE,top100,51.262377401902576,49.27972360946549,55.66200943673648,56.34168987929432,2,57,4,84,0.09501638385409406,0.3672774886509409,0.012083727013960655,-0.10168779926874216,0.0829326568401334,0.46896528791968306,0.07445669431131727,0.4353828202028417
2021-07-01,TJX,top100,51.064888077458825,53.070636827709926,36.00822287677958,67.13797722705964,2,58,4,84,-0.015123747701237922,-0.16082830135597148,0.012083727013960655,-0.10168779926874216,-0.027207474715198576,-0.05914050208722932,-0.0356834372440147,-0.0927229698040707
2021-07-01,VZ,top100,50.44693220058237,42.962948608634996,75.43793978072328,52.85280218393214,1,59,4,84,-0.024515324542185857,-0.038406848913346,0.012083727013960655,-0.10168779926874216,-0.03659905155614651,0.06328095035539616,-0.04507501408496264,0.029698482638554777
2021-07-01,MU,top100,50.136742889422884,50.45369683413246,32.217475197617816,83.756600660066,0,60,4,84,-0.11260500113929905,-0.3277264453097998,0.012083727013960655,-0.10168779926874216,-0.12468872815325971,-0.2260386460410576,-0.13316469068207584,-0.259621113757899
2021-07-01,MDLZ,top100,49.26315877252061,48.88338666991485,47.77225495009,54.9033711356222,0,61,4,84,-0.06260326047225684,0.037020250018276135,0.012083727013960655,-0.10168779926874216,-0.0746869874862175,0.1387080492870183,-0.08316295001503363,0.10512558157017692
2021-07-01,BAC,top100,49.23888639254286,47.96841883796383,49.32117665297264,57.967578753736504,1,62,4,84,0.042388640938128885,-0.22448750765730285,0.012083727013960655,-0.10168779926874216,0.03030491392416823,-0.12279970838856069,0.021828951395352104,-0.15638217610540206
2021-07-01,AXP,top100,49.17503509342581,52.446676337382485,35.77554280891231,53.072530954756175,2,63,4,84,0.041931048530834625,-0.14920176197993573,0.012083727013960655,-0.10168779926874216,0.02984732151687397,-0.04751396271119357,0.021371358988057844,-0.08109643042803495
2021-07-01,MCD,top100,49.060352677333455,55.19408794445613,25.14113892979872,53.9626333025443,1,64,4,84,0.05162875891761076,0.11338084204423637,0.012083727013960655,-0.10168779926874216,0.03954503190365011,0.21506864131297854,0.03106906937483398,0.18148617359613717
2021-07-01,CMCSA,top100,48.930904117223676,50.33693955064392,41.674439535264284,53.60158524720073,1,65,4,84,-0.005093015230998477,-0.2887643541349081,0.012083727013960655,-0.10168779926874216,-0.01717674224495913,-0.18707655486616592,-0.025652704773775258,-0.2206590225830073
2021-07-01,MRSH,top100,48.77440834179242,54.53891724893973,28.18464761560258,49.602367444140924,1,66,4,84,0.08679387968710817,0.11424396022757155,0.012083727013960655,-0.10168779926874216,0.07471015267314751,0.2159317594963137,0.06623419014433138,0.18234929177947234
2021-07-01,LIN,top100,48.70517726717948,51.691984010098885,33.23985542082866,58.72817375944524,1,67,4,84,0.02757334008632939,-0.004341211869966055,0.012083727013960655,-0.10168779926874216,0.015489613072368735,0.09734658739877611,0.007013650543552609,0.06376411968193473
2021-07-01,WMT,top100,48.56881765682145,49.33850089140377,42.1960399279987,55.92659047239085,0,68,5,84,-0.012674682385205416,-0.10633481039742687,0.012083727013960655,-0.10168779926874216,-0.02475840939916607,-0.004647011128684708,-0.0332343719279822,-0.03822947884552609
2021-07-01,HON,top100,48.19223617194458,51.28703201302225,31.230567828505976,60.452001971278136,2,69,5,84,-0.01863018115879178,-0.1911392095056068,0.012083727013960655,-0.10168779926874216,-0.030713908172752435,-0.08945141023686465,-0.03918987070156856,-0.12303387795370603
2021-07-01,CAT,top100,47.9469294426682,45.90146943204846,42.42659974618738,73.30580890996796,2,70,5,84,-0.09845958457117321,-0.1602622568896025,0.012083727013960655,-0.10168779926874216,-0.11054331158513386,-0.05857445762086033,-0.11901927411395,-0.09215692533770171
2021-07-01,LMT,top100,47.85349360821153,37.268628124065685,83.32003763704795,51.014463939559604,0,71,5,84,-0.0786498004267937,0.17319399193954998,0.012083727013960655,-0.10168779926874216,-0.09073352744075436,0.27488179120829215,-0.09920948996957049,0.24129932349145078
2021-07-01,ISRG,top100,47.53716911419522,61.37167661421596,8.32678775977745,29.116379322885706,2,72,5,84,0.08845676238940348,-0.33334044954396413,0.012083727013960655,-0.10168779926874216,0.07637303537544282,-0.23165265027522197,0.06789707284662669,-0.26523511799206334
2021-07-01,SBUX,top100,46.269813332323274,54.28939617083947,12.154720994927182,58.36291813750212,4,73,5,84,-0.0004564185098633322,-0.28682116466443774,0.012083727013960655,-0.10168779926874216,-0.012540145523823987,-0.18513336539569558,-0.021016108052640113,-0.21871583311253695
2021-07-01,KO,top100,44.33896035189037,41.22051446731704,48.461244749904544,57.92351274787535,3,74,5,84,-0.010004103917199747,0.2295271470899789,0.012083727013960655,-0.10168779926874216,-0.0220878309311604,0.33121494635872106,-0.030563793459976528,0.2976324786418797
2021-07-01,ETN,top100,43.42759445407492,47.867828629009935,24.742268041237114,49.71660805520539,3,75,5,84,0.007784950589528217,-0.13457214940974893,0.012083727013960655,-0.10168779926874216,-0.004298776424432438,-0.03288435014100677,-0.012774738953248564,-0.06646681785784815
2021-07-01,MDT,top100,42.86968960611314,46.32077247610927,23.06210112911144,58.32728647014362,1,76,5,84,0.014312645293981685,-0.2572808106697131,0.012083727013960655,-0.10168779926874216,0.0022289182800210305,-0.15559301140097093,-0.006247044248795096,-0.1891754791178123
2021-07-01,SYK,top100,41.42143888932209,47.60510259448326,13.997095401734576,52.98447992836892,3,77,5,84,0.023419961516702115,-0.21540542783700056,0.012083727013960655,-0.10168779926874216,0.01133623450274146,-0.1137176285682584,0.0028602719739253338,-0.14730009628509977
2021-07-01,PEP,top100,40.37606123571431,39.664798963535496,37.836687939780724,50.43364373283315,1,78,5,84,0.025536729122273893,0.17432440961993723,0.012083727013960655,-0.10168779926874216,0.013453002108313239,0.2760122088886794,0.0049770395794971126,0.24242974117183802
2021-07-01,WFC,top100,39.579600396964665,29.68627016731815,63.8446955016407,60.30272179513818,3,79,5,84,0.039961427579280784,-0.10481505723407758,0.012083727013960655,-0.10168779926874216,0.02787770056532013,-0.003127257965335417,0.019401738036504003,-0.0367097256821768
2021-07-01,GILD,top100,38.796823424787306,33.35526592622942,44.8135265138792,64.85431973650876,3,80,5,84,0.00175004861246153,-0.056204686241284496,0.012083727013960655,-0.10168779926874216,-0.010333678401499125,0.04548311302745767,-0.01880964093031525,0.011900645310616284
2021-07-01,IBM,top100,38.56597287843569,32.72467250600728,49.867861233840614,56.85129877462474,3,81,5,84,-0.012735346978659523,0.05545725802230028,0.012083727013960655,-0.10168779926874216,-0.024819073992620178,0.15714505729104244,-0.033295036521436304,0.12356258957420106
2021-07-01,MRK,top100,37.05321734366067,30.04400544808265,53.20266596509691,53.8188033698343,1,82,5,84,0.05307636396334292,0.22768914898878245,0.012083727013960655,-0.10168779926874216,0.040992636949382266,0.3293769482575246,0.03251667442056614,0.29579448054068325
2021-07-01,COP,top100,35.04982034919943,25.58306665042577,60.122950819672134,51.17083529966963,3,83,5,84,0.12334441837949117,0.5008017205420321,0.012083727013960655,-0.10168779926874216,0.11126069136553052,0.6024895198107743,0.10278472883671438,0.5689070520939329
2021-07-01,BSX,top100,34.27305295244187,37.05805751492132,14.316443921557635,54.69123907685414,4,84,5,84,0.010147601476014678,-0.12338560885608862,0.012083727013960655,-0.10168779926874216,-0.0019361255379459763,-0.02169780958734646,-0.010412088066762103,-0.055280277304187844
2021-10-01,BX,top100,81.10994834731267,88.38122395262118,56.272401433691755,79.88611293739498,0,1,1,87,0.10261902924608401,-0.21959719114129173,0.10397090243182983,-0.14296815728091283,-0.001351873185745811,-0.07662903386037889,-0.012111134066780119,-0.12676660876373885
2021-10-01,META,top100,76.24099057328137,81.6516779995613,60.17290249433106,70.50235474722244,0,2,1,87,-0.013031723339610224,-0.5959009964293707,0.10397090243182983,-0.14296815728091283,-0.11700262577144005,-0.45293283914845783,-0.12776188665247434,-0.5030704140518177
2021-10-01,GS,top100,75.72744930170055,76.7909629304672,75.68164362519201,68.37446525335108,0,3,1,87,0.04583202627426375,-0.19302202751002884,0.10397090243182983,-0.14296815728091283,-0.05813887615756608,-0.050053870229116004,-0.06889813703860038,-0.10019144513247595
2021-10-01,LRCX,top100,75.31872069298343,85.92673831980697,43.664965986394556,64.37010671839644,0,4,1,87,0.27613517730862736,-0.30733987258420914,0.10397090243182983,-0.14296815728091283,0.17216427487679753,-0.1643717153032963,0.16140501399576324,-0.21450929020665627
2021-10-01,AAPL,top100,74.50304088681634,85.65365211669226,38.93707482993197,67.58069439145362,0,5,1,87,0.2777822098698617,0.004193717401663299,0.10397090243182983,-0.14296815728091283,0.17381130743803186,0.14716187468257613,0.16305204655699757,0.09702429977921619
2021-10-01,AMD,top100,74.4353355873459,83.82540030708489,37.92725763587316,81.72103845211853,2,6,1,87,0.46647144948755503,-0.3547096144460713,0.10397090243182983,-0.14296815728091283,0.3625005470557252,-0.21174145716515846,0.3517412861746909,-0.2618790320685184
2021-10-01,NVDA,top100,73.890034513771,91.38846238210134,15.104875283446713,68.97135789610726,1,7,1,87,0.45235342771874,-0.39629294624675315,0.10397090243182983,-0.14296815728091283,0.34838252528691016,-0.2533247889658403,0.33762326440587587,-0.3034623638692003
2021-10-01,KLAC,top100,73.33543105936621,83.23974555823645,40.272108843537424,70.13187399893219,0,8,1,87,0.3020117824016044,-0.04371709701679616,0.10397090243182983,-0.14296815728091283,0.1980408799697746,0.09925106026411668,0.1872816190887403,0.04911348536075673
2021-10-01,AMAT,top100,72.72068420389536,83.60605395920157,39.42743764172335,63.1095890410959,1,9,1,87,0.2405181702617083,-0.32642708690651545,0.10397090243182983,-0.14296815728091283,0.13654726782987847,-0.18345892962560262,0.12578800694884418,-0.23359650452896258
2021-10-01,ADBE,top100,71.93222415930724,85.02303136652775,23.273809523809526,77.613402979759,1,10,1,87,-0.022685161133911724,-0.5060522624551924,0.10397090243182983,-0.14296815728091283,-0.12665606356574155,-0.3630841051742796,-0.13741532444677584,-0.41322168007763954
2021-10-01,TXN,top100,71.71829412741313,84.67646413687211,34.17517006802721,56.09735217997212,1,11,1,87,-0.010403345146938747,-0.15339434552209652,0.10397090243182983,-0.14296815728091283,-0.11437424757876857,-0.010426188241183687,-0.12513350845980287,-0.060563763144543634
2021-10-01,QCOM,top100,70.82590231748398,70.24128098267164,73.50438360162548,69.56128909288738,1,12,1,87,0.452209614551754,-0.07200346470333474,0.10397090243182983,-0.14296815728091283,0.3482387121199242,0.07096469257757809,0.3374794512388899,0.020827117674218146
2021-10-01,AVGO,top100,70.61059664062245,76.62425970607589,55.79591836734694,58.14431172899941,0,13,1,87,0.36978074719137566,-0.034450816352558755,0.10397090243182983,-0.14296815728091283,0.26580984475954583,0.10851734092835408,0.25505058387851154,0.05837976602499413
2021-10-01,TMO,top100,69.97411057825065,75.58675148058785,53.65079365079365,63.33225811680414,0,14,1,87,0.12651843949276254,-0.08503066479230892,0.10397090243182983,-0.14296815728091283,0.02254753706093271,0.057937492488603914,0.011788276179898402,0.007799917585243968
2021-10-01,MSFT,top100,68.79221619516011,82.98091686773415,23.55442176870748,59.94690034004706,0,15,1,87,0.16002215837253453,-0.16030364322857715,0.10397090243182983,-0.14296815728091283,0.0560512559407047,-0.01733548594766432,0.045291995059670395,-0.06747306085102427
2021-10-01,SPGI,top100,66.54535450861245,79.26189953937266,24.619117879183364,61.38201255214919,1,16,1,87,0.07824225419986508,-0.25898621450042725,0.10397090243182983,-0.14296815728091283,-0.025728648231964746,-0.11601805721951441,-0.036487909112999053,-0.16615563212287437
2021-10-01,GOOGL,top100,66.25758264865823,75.85216056152665,34.66553287981859,62.27963679625854,0,17,1,87,0.061874565176084806,-0.2775901088233489,0.10397090243182983,-0.14296815728091283,-0.04209633725574502,-0.13462195154243606,-0.05285559813677933,-0.18475952644579602
2021-10-01,MS,top100,65.70168454746023,69.6819477955692,53.60909955380001,62.025011798017935,0,18,1,87,0.018508389980797624,-0.16224615187913327,0.10397090243182983,-0.14296815728091283,-0.0854625124510322,-0.019277994598220438,-0.09622177333206651,-0.06941556950158038
2021-10-01,GILD,top100,65.54899913221925,62.03114718139942,79.61839121613558,62.035178620125436,0,19,2,87,0.06938917697299107,-0.04777882535633071,0.10397090243182983,-0.14296815728091283,-0.03458172545883875,0.09518933192458212,-0.04534098633987306,0.045051757021222175
2021-10-01,DHR,top100,65.28142386449042,74.84316736126343,30.481859410430836,67.94834829519854,0,20,2,87,0.04513523798461949,-0.10780908046117543,0.10397090243182983,-0.14296815728091283,-0.058835664447210334,0.0351590768197374,-0.06959492532824464,-0.014978498083622546
2021-10-01,INTU,top100,64.13703543926854,79.48453608247422,11.301020408163268,62.376560999039384,2,21,2,87,0.16233293521501424,-0.2665510826987847,0.10397090243182983,-0.14296815728091283,0.058362032783184414,-0.12358292541787186,0.04760277190215011,-0.17372050032123182
2021-10-01,ABT,top100,63.58162922459919,65.22483000658039,56.75453514739229,65.73341190514464,0,22,2,87,0.19082656626709937,-0.1374143851717562,0.10397090243182983,-0.14296815728091283,0.08685566383526955,0.0055537721091566405,0.07609640295423524,-0.044583802794203306
2021-10-01,ICE,top100,63.5067150183623,64.95942092564158,60.13760880696365,60.07598609020464,0,23,2,87,0.1635869033804216,-0.1850514636562719,0.10397090243182983,-0.14296815728091283,0.05961600094859176,-0.042083306375359064,0.048856740067557455,-0.09222088127871901
2021-10-01,ADI,top100,63.36427424502875,71.57051985084448,35.410997732426296,61.8271080295236,0,24,2,87,0.062487740178827744,-0.11700838279481052,0.10397090243182983,-0.14296815728091283,-0.04148316225300208,0.025959774486102316,-0.05224242313403639,-0.02417780041725763
2021-10-01,ABBV,top100,63.33182828994931,62.852599254222426,63.61394557823129,66.12219696347353,2,25,2,87,0.25640969162995586,0.3198843612334803,0.10397090243182983,-0.14296815728091283,0.15243878919812603,0.46285251851439313,0.14167952831709174,0.41271494361103317
2021-10-01,PGR,top100,61.990200387977794,54.042553191489354,89.79280959695706,62.01851234543841,0,26,2,87,0.1394392978255552,0.3497437889248476,0.10397090243182983,-0.14296815728091283,0.03546839539372537,0.4927119462057604,0.024709134512691064,0.44257437130240046
2021-10-01,SCHW,top100,61.963370288031584,65.49243255099802,51.540304293760514,58.10606643580864,1,27,2,87,0.1549515924427034,-0.005799712384835454,0.10397090243182983,-0.14296815728091283,0.050980690010873575,0.13716844489607738,0.04022142912983927,0.08703086999271743
2021-10-01,KO,top100,61.72319163233042,60.88615924544856,64.09978759436264,62.829226416438985,0,28,2,87,0.12712017067713077,0.10080021182716137,0.10397090243182983,-0.14296815728091283,0.023149268245300947,0.2437683691080742,0.01239000736426664,0.19363079420471424
2021-10-01,MA,top100,61.69122766136703,74.10726036411494,18.85588106210226,60.44969194066127,1,29,2,87,0.031203136099344997,-0.18907221058627988,0.10397090243182983,-0.14296815728091283,-0.07276776633248483,-0.04610405330536704,-0.08352702721351914,-0.09624162820872699
2021-10-01,MCD,top100,61.15937035737477,68.04123711340206,40.75396825396825,53.79710727199678,0,30,2,87,0.11171517832572908,-0.009633266194769785,0.10397090243182983,-0.14296815728091283,0.007744275893899255,0.13333489108614305,-0.0030149849871350526,0.0831973161827831
2021-10-01,PFE,top100,61.06959529325429,57.19017328361483,63.46293302799667,83.43887389124566,0,31,2,87,0.3311714522438747,0.06179418932494074,0.10397090243182983,-0.14296815728091283,0.22720054981204485,0.20476234660585357,0.21644128893101056,0.1546247717024936
2021-10-01,JPM,top100,60.90661626092814,60.26321561745997,67.83007826786628,51.56349675132903,0,32,2,87,-0.0266591626462519,-0.3369913172607161,0.10397090243182983,-0.14296815728091283,-0.13063006507808173,-0.19402315997980324,-0.14138932595911602,-0.2441607348831632
2021-10-01,PM,top100,60.545102993851906,58.50515463917525,63.66496598639456,68.58501549150316,0,33,2,87,0.009926154501510576,-0.06626094500419477,0.10397090243182983,-0.14296815728091283,-0.09404474793031925,0.07670721227671806,-0.10480400881135356,0.026569637373358115
2021-10-01,CB,top100,59.92613302776279,53.00723842948014,82.95817789481384,62.29430548163917,0,34,2,87,0.0959059392114241,0.08429223688844112,0.10397090243182983,-0.14296815728091283,-0.00806496322040573,0.22726039416935395,-0.018824224101440037,0.177122819265994
2021-10-01,PG,top100,59.69424318219435,62.30313665277474,50.714285714285715,59.3919038239489,0,35,2,87,0.174306724896806,-0.05729412330158701,0.10397090243182983,-0.14296815728091283,0.07033582246497616,0.08567403397932583,0.05957656158394185,0.03553645907596588
2021-10-01,NOW,top100,59.357115752934845,72.68260583461286,10.80498866213152,63.182939362795466,2,36,3,87,-0.004203539823008806,-0.3809892541087232,0.10397090243182983,-0.14296815728091283,-0.10817444225483863,-0.23802109682781036,-0.11893370313587294,-0.2881586717311703
2021-10-01,ORCL,top100,59.10637268600632,56.95876288659794,68.93424036281179,54.48390592825403,0,37,3,87,-0.01709609550545066,-0.28606576429989095,0.10397090243182983,-0.14296815728091283,-0.12106699793728048,-0.1430976070189781,-0.13182625881831478,-0.19323518192233807
2021-10-01,LLY,top100,59.08976527229831,63.517218688308844,31.862543262919203,82.55203537898285,1,38,3,87,0.18738773476850512,0.4203296866076609,0.10397090243182983,-0.14296815728091283,0.0834168323366753,0.5632978438885737,0.07265757145564099,0.5131602689852138
2021-10-01,DE,top100,59.044064982227795,57.013599473568775,62.47361013370866,66.39823323987915,1,39,3,87,0.02623190867978864,0.018074984582277853,0.10397090243182983,-0.14296815728091283,-0.07773899375204119,0.1610431418631907,-0.0884982546330755,0.11090556695983074
2021-10-01,SBUX,top100,58.96680014531966,65.97938144329896,28.798185941043084,70.21595946801773,0,40,3,87,0.037753475299773465,-0.2248508734236152,0.10397090243182983,-0.14296815728091283,-0.06621742713205636,-0.08188271614270237,-0.07697668801309067,-0.13202029104606233
2021-10-01,AMZN,top100,58.89716435758072,60.980478175038385,44.450113378684804,73.20806959316894,1,41,3,87,0.03802013852086028,-0.2941162137631501,0.10397090243182983,-0.14296815728091283,-0.06595076391096955,-0.15114805648223728,-0.07671002479200385,-0.20128563138559724
2021-10-01,PLD,top100,58.862298286375605,67.52138626891863,24.052542069459363,67.86819484240685,1,42,3,87,0.309464275972432,-0.15570184211961957,0.10397090243182983,-0.14296815728091283,0.20549337354060215,-0.012733684838706738,0.19473411265956786,-0.06287125974206668
2021-10-01,JNJ,top100,58.536954096044106,56.23162974336477,63.509915060325696,64.7283026362363,0,43,3,87,0.07598681829874665,0.043832237843864696,0.10397090243182983,-0.14296815728091283,-0.027984084133083176,0.18680039512477753,-0.03874334501411748,0.13666282022141757
2021-10-01,TJX,top100,58.382297598196104,60.89273963588505,44.1921768707483,69.18944478926907,0,44,3,87,0.13844919855138893,-0.039118632469804515,0.10397090243182983,-0.14296815728091283,0.034478296119559104,0.10384952481110832,0.023719035238524797,0.05371194990774837
2021-10-01,REGN,top100,57.72353970869035,48.328580829129194,78.09807256235828,82.73918615828262,0,45,3,87,0.0986529582694542,0.28791683990507466,0.10397090243182983,-0.14296815728091283,-0.005317944162375632,0.4308849971859875,-0.01607720504340994,0.38074742228262753
2021-10-01,LOW,top100,57.354066854343884,59.5360824742268,53.041383219954646,50.70532478394202,0,46,3,87,0.25888624118569026,-0.0320652121004964,0.10397090243182983,-0.14296815728091283,0.15491533875386043,0.11090294518041643,0.14415607787282614,0.06076537027705649
2021-10-01,ACN,top100,57.065017490024985,64.97696863347225,27.426303854875286,60.95878675619355,1,47,3,87,0.2572153735802747,-0.17469482068782183,0.10397090243182983,-0.14296815728091283,0.15324447114844486,-0.031726663406908995,0.14248521026741057,-0.08186423831026894
2021-10-01,NEE,top100,56.6999184497289,64.68085106382978,27.44618360164579,59.340859847188966,2,48,3,87,0.16230110194468472,0.046183193430209046,0.10397090243182983,-0.14296815728091283,0.0583301995128549,0.18915135071112188,0.04757093863182059,0.13901377580776192
2021-10-01,TSLA,top100,56.60914561844602,68.19916648387805,10.445956160241876,67.80537847683013,1,49,3,87,0.5476638183143083,-0.06194382730788328,0.10397090243182983,-0.14296815728091283,0.4436929158824785,0.08102432997302955,0.4329336550014442,0.030886755069669605
2021-10-01,INTC,top100,56.3522616774206,47.33274840973898,80.1360544217687,71.92126906249572,0,50,3,87,-0.005198716346425325,-0.48274888930100546,0.10397090243182983,-0.14296815728091283,-0.10916961877825515,-0.3397807320200926,-0.11992887965928946,-0.3899183069234526
2021-10-01,AXP,top100,56.110894186592205,59.57666154858521,44.3469753492795,55.37836032726664,0,51,3,87,-0.030538259271568502,-0.1856506959785733,0.10397090243182983,-0.14296815728091283,-0.13450916170339833,-0.04268253869766048,-0.14526842258443262,-0.09282011360102042
2021-10-01,NFLX,top100,55.862734907305914,61.897345909190605,37.22789115646259,50.89014539579968,1,52,3,87,-0.025735953681807033,-0.61014433662236,0.10397090243182983,-0.14296815728091283,-0.12970685611363686,-0.4671761793414472,-0.14046611699467115,-0.5173137542448071
2021-10-01,UNP,top100,55.5894590516113,58.438254003070845,47.0266439909297,52.77352451275764,0,53,4,87,0.23402837575122715,0.013882169393425459,0.10397090243182983,-0.14296815728091283,0.13005747331939732,0.1568503266743383,0.11929821243836301,0.10671275177097835
2021-10-01,C,top100,54.20301763721924,43.27045404694012,88.22212961092028,62.69273882177107,0,54,4,87,-0.10708994955865914,-0.380702979321883,0.10397090243182983,-0.14296815728091283,-0.21106085199048896,-0.23773482204097018,-0.22182011287152326,-0.28787239694433014
2021-10-01,COST,top100,53.70243504103817,62.07062952401842,22.054988662131517,58.41996641798977,1,55,4,87,0.2660917457104526,0.07250547226210369,0.10397090243182983,-0.14296815728091283,0.16212084327862275,0.21547362954301652,0.15136158239758846,0.16533605463965656
2021-10-01,CRM,top100,53.53260639436164,60.092125466110986,28.96435314213791,56.752479396563785,2,56,4,87,-0.07193206861288881,-0.4626898106245534,0.10397090243182983,-0.14296815728091283,-0.17590297104471864,-0.31972165334364056,-0.18666223192575293,-0.3698592282470005
2021-10-01,ADP,top100,53.21821887723379,57.4270673393288,33.61961451247166,62.95348837209303,0,57,4,87,0.21335622672598253,0.17118677345605704,0.10397090243182983,-0.14296815728091283,0.10938532429415271,0.3141549307369699,0.0986260634131184,0.2640173558336099
2021-10-01,CSCO,top100,52.828758451965065,53.152007019083136,45.10007033116277,66.02339472374317,1,58,4,87,0.15318691861677736,-0.22961248070746254,0.10397090243182983,-0.14296815728091283,0.04921601618494753,-0.08664432342654971,0.03845675530391322,-0.13678189832990967
2021-10-01,MDLZ,top100,52.60662085178696,47.88550120640492,62.65873015873016,65.55023975557484,0,59,4,87,0.13931792570178558,-0.009247308473677385,0.10397090243182983,-0.14296815728091283,0.03534702326995576,0.13372084880723545,0.02458776238892145,0.0835832739038755
2021-10-01,BAC,top100,52.572564371779094,51.30511076990568,56.615097651964014,53.35967302452316,0,60,4,87,0.07711903537584885,-0.26227555592868157,0.10397090243182983,-0.14296815728091283,-0.02685186705598097,-0.11930739864776874,-0.03761112793701528,-0.1694449735511287
2021-10-01,MRSH,top100,52.48090139009041,58.48651019960518,28.191244239631335,59.020954024405256,1,61,4,87,0.0887440937812145,0.01882765064365155,0.10397090243182983,-0.14296815728091283,-0.01522680865061532,0.16179580792456438,-0.025986069531649628,0.11165823302120444
2021-10-01,TMUS,top100,51.59134694006343,57.01908313226585,23.922902494331066,68.93408248611131,0,62,4,87,-0.09727009181558555,0.0957716375632447,0.10397090243182983,-0.14296815728091283,-0.20124099424741537,0.23873979484415753,-0.21200025512844967,0.18860221994079757
2021-10-01,MU,top100,50.56723585011929,51.91708708050012,36.464787987733956,69.32317296222419,0,63,4,87,0.35022078223701936,-0.2682421233178067,0.10397090243182983,-0.14296815728091283,0.24624987980518953,-0.1252739660368939,0.23549061892415524,-0.17541154094025385
2021-10-01,HD,top100,50.29550777260676,51.89076551875412,45.28061224489795,49.158494604992896,1,64,4,87,0.2439522352271566,-0.11997765994457665,0.10397090243182983,-0.14296815728091283,0.13998133279532676,0.02299049733633618,0.12922207191429247,-0.027147077567023767
2021-10-01,CMCSA,top100,50.200253198409186,49.28273744242158,46.58446712018141,63.85443564677811,1,65,4,87,-0.10916913620897817,-0.4528569860608056,0.10397090243182983,-0.14296815728091283,-0.213140038640808,-0.30988882877989277,-0.2238992995218423,-0.3600264036832527
2021-10-01,SYK,top100,50.15691655053944,55.70739197192368,26.706349206349206,58.204723289230316,0,66,4,87,0.0033175578261144256,-0.2081983012599511,0.10397090243182983,-0.14296815728091283,-0.1006533446057154,-0.06523014397903826,-0.11141260548674971,-0.1153677188823982
2021-10-01,CAT,top100,50.09790272654158,46.76683483220005,54.50124280481424,64.60869783038694,0,67,4,87,0.07108039417574608,-0.09920512078530075,0.10397090243182983,-0.14296815728091283,-0.03289050825608375,0.043763036495612084,-0.04364976913711806,-0.006374538407747862
2021-10-01,LIN,top100,49.232405131116174,50.84009651239306,37.6717872218872,61.09980128063588,0,68,4,87,0.14074683460176796,-0.059825083569387205,0.10397090243182983,-0.14296815728091283,0.03677593216993813,0.08314307371152563,0.026016671288903823,0.03300549880816568
2021-10-01,VRTX,top100,49.19655602130105,38.46018863785918,75.1476450795372,72.44894958892178,0,69,4,87,0.233878569448295,0.6491821458275575,0.10397090243182983,-0.14296815728091283,0.12990766701646517,0.7921503031084703,0.11914840613543086,0.7420127282051104
2021-10-01,UNH,top100,48.69709812379587,49.37486290853258,37.1485260770975,67.04988872403561,1,70,5,87,0.2840971684924545,0.3306965512442681,0.10397090243182983,-0.14296815728091283,0.18012626606062465,0.47366470852518094,0.16936700517959036,0.423527133621821
2021-10-01,FISV,top100,48.55444321223115,46.67690282956789,49.42460317460318,59.956905966129895,1,71,5,87,-0.01967571506649657,-0.13080706868282022,0.10397090243182983,-0.14296815728091283,-0.1236466174983264,0.012161088598092618,-0.1344058783793607,-0.03797648630526733
2021-10-01,HON,top100,46.981376513063985,47.83066461943408,35.50736961451247,63.984373565576334,0,72,5,87,-0.0368946212587552,-0.18145973014790295,0.10397090243182983,-0.14296815728091283,-0.14086552369058503,-0.03849157286699012,-0.15162478457161932,-0.08862914777035007
2021-10-01,WFC,top100,46.763759294070134,35.395920157929375,76.89388120839733,66.07838941840107,1,73,5,87,0.08306868901369735,-0.09724898025857465,0.10397090243182983,-0.14296815728091283,-0.020902213418132476,0.04571917702233819,-0.031661474299166784,-0.00441839788102176
2021-10-01,VZ,top100,46.12865381097237,33.38451414783944,85.37414965986395,56.84663975511969,0,74,5,87,-0.02278451592692987,-0.2430659940026122,0.10397090243182983,-0.14296815728091283,-0.1267554183587597,-0.10009783672169936,-0.137514679239794,-0.15023541162505932
2021-10-01,ETN,top100,45.8451469479404,45.75126124150033,32.531179138321995,73.13028251225775,1,75,5,87,0.12444129780306556,-0.06593887433925927,0.10397090243182983,-0.14296815728091283,0.02047039537123574,0.07702928294165357,0.009711134490201431,0.02689170803829362
2021-10-01,MDT,top100,45.81352265295266,48.57863566571616,28.22845804988662,61.62786076974021,0,76,5,87,-0.1612923869042613,-0.3320165799395165,0.10397090243182983,-0.14296815728091283,-0.2652632893360911,-0.18904842265860367,-0.2760225502171254,-0.23918599756196363
2021-10-01,LMT,top100,45.74719502080039,31.63303355999123,89.73922902494331,56.56225723817866,0,77,5,87,0.02729105506788332,0.18190760974596487,0.10397090243182983,-0.14296815728091283,-0.07667984736394651,0.3248757670268777,-0.08743910824498081,0.27473819212351774
2021-10-01,PEP,top100,44.923636844672835,42.4468085106383,46.116780045351476,59.87514878155736,1,78,5,87,0.15368608359023384,0.12460315790867815,0.10397090243182983,-0.14296815728091283,0.04971518115840401,0.267571315189591,0.0389559202773697,0.21743374028623103
2021-10-01,WMT,top100,42.32717081503527,41.63413029173064,38.11224489795919,55.60830631231984,2,79,5,87,0.05970354455570126,-0.017528201949494004,0.10397090243182983,-0.14296815728091283,-0.044267357876128566,0.12543995533141883,-0.05502661875716287,0.07530238042805888
2021-10-01,AMGN,top100,42.02620008217159,30.520947576222852,70.52721088435374,65.56094601944847,1,80,5,87,0.06859202029961153,0.11291385827519917,0.10397090243182983,-0.14296815728091283,-0.03537888213221829,0.255882015556112,-0.0461381430132526,0.20574444065275205
2021-10-01,BSX,top100,39.75050566323141,41.10331212985304,25.011804299778987,59.75826312378484,2,81,5,87,-0.015525114155251152,-0.0894977168949771,0.10397090243182983,-0.14296815728091283,-0.11949601658708098,0.053470440385935736,-0.13025527746811527,0.003332865482575789
2021-10-01,COP,top100,35.601707067646714,39.67317394165387,24.325396825396822,29.654059434096425,2,82,5,87,0.06161416752826243,0.6454609096746831,0.10397090243182983,-0.14296815728091283,-0.042356734903567395,0.7884290669555959,-0.0531159957846017,0.738291492052236
2021-10-01,IBM,top100,35.22205565561887,28.64772976529941,49.61451247165533,52.45742325578214,3,83,5,87,0.006117094371336451,-0.06788808244733258,0.10397090243182983,-0.14296815728091283,-0.09785380806049337,0.07508007483358026,-0.10861306894152768,0.02494249993022031
2021-10-01,CVX,top100,32.878408244305724,29.74994516341303,32.50487792016031,55.524710458845384,2,84,5,87,0.15631504049566947,0.512429798722176,0.10397090243182983,-0.14296815728091283,0.05234413806383964,0.6553979560030888,0.04158487718280533,0.6052603810997289
2021-10-01,DIS,top100,31.301144047385748,33.248519412151786,9.291552948524718,61.688698691745564,2,85,5,87,-0.10936884715633155,-0.44815613924881403,0.10397090243182983,-0.14296815728091283,-0.21333974958816138,-0.3051879819679012,-0.22409901046919567,-0.35532555687126116
2021-10-01,RTX,top100,26.960839448862604,28.107041017767052,13.651158483195259,45.55679039786619,2,86,5,87,2.545416595722827e-06,-0.027696677976800976,0.10397090243182983,-0.14296815728091283,-0.1039683570152341,0.11527147930411186,-0.11472761789626841,0.06513390440075191
2021-10-01,MRK,top100,26.466013764994415,21.919280543978942,37.62669647760257,35.971780886886414,1,87,5,87,-0.04669117280814483,0.11328326794092902,0.10397090243182983,-0.14296815728091283,-0.15066207523997466,0.25625142522184186,-0.16142133612100895,0.2061138503184819
2022-01-03,REGN,top100,80.26887115940208,80.47621006068582,91.00907029478459,57.337100579651036,0,1,1,84,0.10800521410809649,0.15849137270506475,-0.04894807741723051,-0.18363488113658577,0.156953291525327,0.3421262538416505,0.14567750169314392,0.22816471350122874
2022-01-03,BX,top100,79.72669357566585,88.17503838561088,50.0648313922244,79.91200427293364,0,2,1,84,0.0229073878635353,-0.3554139687569694,-0.04894807741723051,-0.18363488113658577,0.0718554652807658,-0.17177908762038363,0.06057967544858272,-0.2857406279608054
2022-01-03,META,top100,77.388278169927,81.00063062075017,71.52494331065759,63.82848073270365,0,3,1,84,-0.33582434675335904,-0.6237668842913887,-0.04894807741723051,-0.18363488113658577,-0.28687626933612853,-0.44013200315480294,-0.2981520591683116,-0.5540935434952248
2022-01-03,GS,top100,75.90655750610733,77.57677122175916,76.27971618755029,63.46874413365873,0,4,1,84,-0.15977403992817185,-0.09727741291169578,-0.04894807741723051,-0.18363488113658577,-0.11082596251094134,0.08635746822488999,-0.12210175234312443,-0.0276040721155318
2022-01-03,QCOM,top100,75.58167613050992,87.58751005337429,43.494196358411344,55.715798214656424,0,5,1,84,-0.20732910407878913,-0.38811840322180446,-0.04894807741723051,-0.18363488113658577,-0.15838102666155862,-0.2044835220852187,-0.1696568164937417,-0.31844506242564047
2022-01-03,KLAC,top100,73.32372025073042,85.45866235285516,41.352040816326536,52.322484404665026,0,6,1,84,-0.16972885549388927,-0.11469850637066836,-0.04894807741723051,-0.18363488113658577,-0.12078077807665877,0.06893637476591741,-0.13205656790884185,-0.04502516557450438
2022-01-03,TXN,top100,73.15623835300222,82.76495210938072,45.83900226757369,60.529714229209915,0,7,1,84,-0.03837518572078291,-0.08733818335184784,-0.04894807741723051,-0.18363488113658577,0.010572891696447595,0.09629669778473793,-0.0007028981357354927,-0.01766484255568386
2022-01-03,ADBE,top100,71.5908661409725,82.26086678365138,29.76190476190476,80.55878440035585,1,8,1,84,-0.18813898683487784,-0.3950599783829757,-0.04894807741723051,-0.18363488113658577,-0.13919090941764733,-0.21142509724638991,-0.15046669924983042,-0.3253866375868117
2022-01-03,AAPL,top100,71.24222803907924,87.48368611537617,25.04251700680272,49.95144356955381,1,9,1,84,-0.04108525736501778,-0.3017233039197599,-0.04894807741723051,-0.18363488113658577,0.007862820052212727,-0.11808842278317411,-0.003412969779970361,-0.23204996312359588
2022-01-03,LRCX,top100,70.85727318818114,84.89178913504423,31.899092970521544,50.53202199545861,1,10,1,84,-0.27337715646824845,-0.4093676286943251,-0.04894807741723051,-0.18363488113658577,-0.22442907905101794,-0.2257327475577393,-0.23570486888320102,-0.3396942878981611
2022-01-03,AMAT,top100,69.67333551696353,82.13268626160706,34.506802721088434,52.79094589620905,1,11,1,84,-0.20190231305600437,-0.3732829051426475,-0.04894807741723051,-0.18363488113658577,-0.15295423563877386,-0.18964802400606173,-0.16423002547095694,-0.3036095643464835
2022-01-03,PFE,top100,68.00291497411605,70.40460261753307,60.89882221545334,65.39928698752229,0,12,1,84,-0.08275101056274603,-0.08635324212239825,-0.04894807741723051,-0.18363488113658577,-0.033802933145515524,0.09728163901418752,-0.04507872297769861,-0.016679901326234273
2022-01-03,MSFT,top100,67.95386115132493,83.10548731446954,20.133219954648524,57.53376040266538,1,13,1,84,-0.07375740430906308,-0.3091958683450544,-0.04894807741723051,-0.18363488113658577,-0.024809326891832573,-0.12556098720846864,-0.03608511672401566,-0.23952252754889042
2022-01-03,TMO,top100,67.45557160987023,74.94671711632668,46.38605442176871,57.15658744087815,0,14,1,84,-0.08101496946579645,-0.1267731495075456,-0.04894807741723051,-0.18363488113658577,-0.03206689204856594,0.05686173162904018,-0.04334268188074903,-0.05709980871138161
2022-01-03,SPGI,top100,67.39565920209901,79.13317065145864,30.739468679378938,58.54546010202175,1,15,1,84,-0.11371250233972419,-0.2524094383516118,-0.04894807741723051,-0.18363488113658577,-0.06476442492249368,-0.06877455721502601,-0.07604021475467676,-0.18273609755544779
2022-01-03,AVGO,top100,67.26579545457085,77.16174965270162,39.632305801901914,53.261095372993395,0,16,1,84,-0.0483933145157075,-0.1282359129162094,-0.04894807741723051,-0.18363488113658577,0.0005547629015230093,0.05539896822037638,-0.010721026930660078,-0.05856257212004541
2022-01-03,GILD,top100,67.112169081172,64.49413248519411,83.25366988900824,53.15542363734487,0,17,1,84,-0.1673940771017245,0.23176382309421428,-0.04894807741723051,-0.18363488113658577,-0.11844599968449399,0.41539870423080005,-0.12972178951667707,0.3014371638903783
2022-01-03,MA,top100,66.08447394494517,78.95061051400161,26.486266549630603,55.21793275217933,0,18,2,84,-0.017529132486952093,-0.036983976438875854,-0.04894807741723051,-0.18363488113658577,0.031418944930278414,0.14665090469770992,0.020143155098095326,0.03268936435728813
2022-01-03,INTU,top100,64.898982617473,79.44587628865979,10.022675736961453,72.82334068018858,2,19,2,84,-0.23275544594003827,-0.3761260356082745,-0.04894807741723051,-0.18363488113658577,-0.18380736852280777,-0.19249115447168874,-0.19508315835499085,-0.3064526948121105
2022-01-03,MS,top100,63.97872726197035,67.58828690502303,57.89810547875064,50.87305332704107,0,20,2,84,-0.12569914870073406,-0.10470957723297514,-0.04894807741723051,-0.18363488113658577,-0.07675107128350356,0.07892530390361063,-0.08802686111568664,-0.035036236436811155
2022-01-03,DHR,top100,63.951262853977866,74.42449001974117,33.82086167800453,50.8994750455814,0,21,2,84,-0.07542100097059168,-0.15320871010018489,-0.04894807741723051,-0.18363488113658577,-0.026472923553361172,0.030426171036400884,-0.03774871338554426,-0.0835353693040209
2022-01-03,SCHW,top100,62.73585317554392,68.80026687138992,47.603138029405315,50.55038759689923,1,22,2,84,-0.023820600403519854,-0.017241636668051563,-0.04894807741723051,-0.18363488113658577,0.025127477013710653,0.1663932444685342,0.013851687181527565,0.05243170412811242
2022-01-03,ABT,top100,62.43162036711813,66.63833443006507,51.92743764172335,53.992987377279114,0,23,2,84,-0.1441435537043252,-0.18673589040014216,-0.04894807741723051,-0.18363488113658577,-0.09519547628709468,-0.003101009263556387,-0.10647126611927776,-0.11706254960397817
2022-01-03,AXP,top100,61.60764585295414,63.385336696644,50.675426084412265,71.02824948420886,0,24,2,84,0.11550900339415437,-0.09344006916865266,-0.04894807741723051,-0.18363488113658577,0.16445708081138488,0.09019481196793311,0.1531812909792018,-0.02376672837248868
2022-01-03,NOW,top100,61.48084851135647,69.95050998025883,27.130594991619834,70.8937252685133,2,25,2,84,-0.12925699051004547,-0.37498016313835025,-0.04894807741723051,-0.18363488113658577,-0.08030891309281496,-0.19134528200176448,-0.09158470292499804,-0.30530682234218626
2022-01-03,JPM,top100,60.43587535577353,56.36501974117132,73.89163192158584,62.02035152636449,0,26,2,84,-0.15818743821619585,-0.1299656065802408,-0.04894807741723051,-0.18363488113658577,-0.10923936079896535,0.05366927455634496,-0.12051515063114843,-0.06029226578407683
2022-01-03,ICE,top100,60.14088048123393,63.8427195291365,48.57718894009217,57.35539022819944,0,27,2,84,-0.006433302547556141,-0.21298155628049675,-0.04894807741723051,-0.18363488113658577,0.042514774869674365,-0.029346675143910983,0.031238985037491278,-0.14330821548433276
2022-01-03,NFLX,top100,58.90354610683855,60.37672735248957,43.9172335600907,78.56390248077719,1,28,2,84,-0.3748095820011048,-0.4820463029613138,-0.04894807741723051,-0.18363488113658577,-0.3258615045838743,-0.298411421824728,-0.3371372944160574,-0.4123729621651498
2022-01-03,UNP,top100,58.79509346056692,65.506552972143,37.9421768707483,53.520710059171584,1,29,2,84,0.05433791042414038,-0.13626515324884125,-0.04894807741723051,-0.18363488113658577,0.10328598784137089,0.04736972788774452,0.0920101980091878,-0.06659181245267727
2022-01-03,ISRG,top100,58.656007645043694,71.92490129414345,14.421768707482993,54.242229976466774,1,30,2,84,-0.15127777777777773,-0.25,-0.04894807741723051,-0.18363488113658577,-0.10232970036054723,-0.06636511886341423,-0.11360549019273031,-0.180326659203836
2022-01-03,PM,top100,58.53600065908209,57.02051116838488,63.65646258503402,58.90350324205866,0,31,2,84,0.02464542860412866,0.11473723330791419,-0.04894807741723051,-0.18363488113658577,0.07359350602135917,0.29837211444449996,0.06231771618917608,0.18441057410407818
2022-01-03,KO,top100,58.19884204285651,61.38658879871316,51.556903420471386,49.16849199663018,0,32,2,84,0.06831765911068999,0.09243555083146537,-0.04894807741723051,-0.18363488113658577,0.1172657365279205,0.27607043196805114,0.10598994669573741,0.16210889162762937
2022-01-03,CB,top100,57.509285288214315,53.12349199385831,73.84015434130642,55.54810024252221,0,33,2,84,0.13546972014632863,0.19120831876714361,-0.04894807741723051,-0.18363488113658577,0.18441779756355914,0.3748431999037294,0.17314200773137606,0.2608816595633076
2022-01-03,ABBV,top100,57.392093104603184,64.06179169408497,47.21371882086167,31.060951545713685,2,34,2,84,0.21376553706982682,0.25585193106712745,-0.04894807741723051,-0.18363488113658577,0.2627136144870573,0.4394868122037132,0.25143782465487424,0.32552527186329144
2022-01-03,DE,top100,56.46860357838203,53.82791365065438,63.62889983579639,60.63284055764687,1,35,3,84,0.1935179202574544,0.22449993769213483,-0.04894807741723051,-0.18363488113658577,0.2424659976746849,0.4081348188287206,0.23119020784250183,0.29417327848829883
2022-01-03,CAT,top100,56.44873995208095,54.93803465672297,57.11324389895818,65.69466912583238,0,36,3,84,0.0668423466630923,0.19339843929982115,-0.04894807741723051,-0.18363488113658577,0.1157904240803228,0.3770333204364069,0.10451463424813973,0.26307178009598514
2022-01-03,SBUX,top100,56.390391674821615,62.80068728522337,34.51814058956917,55.26282457251422,0,37,3,84,-0.21191325751243673,-0.08345294435253459,-0.04894807741723051,-0.18363488113658577,-0.16296518009520622,0.10018193678405118,-0.1742409699273893,-0.013779603556370604
2022-01-03,LOW,top100,56.04484187236225,56.80304982817869,53.95124716553288,54.924575595305924,0,38,3,84,-0.20524664705897522,-0.19715697065462368,-0.04894807741723051,-0.18363488113658577,-0.1562985696417447,-0.013522089518037905,-0.1675743594739278,-0.12748362985845968
2022-01-03,ACN,top100,56.04183809777671,67.13264056445128,18.310657596371883,53.868581833864454,1,39,3,84,-0.1613096020210414,-0.32954884582218646,-0.04894807741723051,-0.18363488113658577,-0.11236152460381088,-0.1459139646856007,-0.12363731443599396,-0.25987550502602247
2022-01-03,C,top100,55.815452256468774,43.8933062806171,94.08081879616533,62.73974100803738,0,40,3,84,-0.16415035887712337,-0.22586863940220736,-0.04894807741723051,-0.18363488113658577,-0.11520228145989286,-0.04223375826562159,-0.12647807129207594,-0.15619529860604336
2022-01-03,PLD,top100,55.58509608081302,66.76523543174673,16.78711402256376,54.92008474077561,2,41,3,84,0.010623014564202338,-0.27254187859114354,-0.04894807741723051,-0.18363488113658577,0.059571091981432844,-0.08890699745455777,0.04829530214924976,-0.20286853779497954
2022-01-03,MU,top100,55.1417584180004,62.20557322512248,36.741348508344,42.49587458745872,0,42,3,84,-0.20438655720750942,-0.42956593831597567,-0.04894807741723051,-0.18363488113658577,-0.15543847979027892,-0.2459310571793899,-0.166714269622462,-0.3598925975198117
2022-01-03,BAC,top100,55.14097936893158,53.58174307231118,58.5137334503694,59.31012528239886,0,43,3,84,-0.11000611361582635,-0.24350702335108965,-0.04894807741723051,-0.18363488113658577,-0.061058036198595844,-0.059872142214503876,-0.07233382603077892,-0.17383368255492565
2022-01-03,TJX,top100,54.894885368860045,63.356501791328505,26.420068027210885,52.61320509487912,0,44,3,84,-0.19105774614942972,0.07604459786083373,-0.04894807741723051,-0.18363488113658577,-0.1421096687321992,0.2596794789974195,-0.1533854585643823,0.14571793865699773
2022-01-03,COP,top100,54.72877667793904,56.451021788403885,46.16648691997124,59.7976404206207,1,45,3,84,0.3743786722116864,0.6135686115951238,-0.04894807741723051,-0.18363488113658577,0.4233267496289169,0.7972034927317095,0.41205095979673384,0.6832419523912877
2022-01-03,ADI,top100,54.71860091711053,65.37723002120347,12.56235827664399,64.42068246939306,2,46,3,84,-0.061998291953659024,-0.045716832325969015,-0.04894807741723051,-0.18363488113658577,-0.013050214536428517,0.13791804881061676,-0.024326004368611605,0.023956508470194968
2022-01-03,MCD,top100,54.478375161477395,61.21402491408935,32.84863945578231,50.58829830458394,0,47,3,84,-0.06680866730872037,0.006446607273234095,-0.04894807741723051,-0.18363488113658577,-0.017860589891489864,0.19008148840981987,-0.029136379723672952,0.07611994806939808
2022-01-03,JNJ,top100,54.09206084627414,54.67235139284931,54.449448745015246,49.31525122276567,0,48,3,84,0.045434385355510365,0.07766499557809725,-0.04894807741723051,-0.18363488113658577,0.09438246277274087,0.261299876714683,0.08310667294055779,0.14733833637426125
2022-01-03,CRM,top100,53.66392495971586,55.6584503180522,30.958913962060596,85.112269446672,3,49,3,84,-0.16914600287676274,-0.4535739715095358,-0.04894807741723051,-0.18363488113658577,-0.12019792545953223,-0.26993909037295005,-0.1314737152917153,-0.3839006307133718
2022-01-03,PGR,top100,53.080699004500914,49.886442567814576,65.60529588179358,50.391300306719955,0,50,3,84,0.13041175448986175,0.29120322577513424,-0.04894807741723051,-0.18363488113658577,0.17935983190709226,0.47483810691172,0.16808404207490918,0.36087656657129824
2022-01-03,LLY,top100,52.35216592826228,60.9658093880237,19.593776106934005,57.57344135258891,2,51,4,84,0.081557879835219,0.35451581402418886,-0.04894807741723051,-0.18363488113658577,0.1305059572524495,0.5381506951607746,0.11923016742026643,0.42418915482035285
2022-01-03,MRSH,top100,52.011126495774846,57.7805805366674,28.818118645307585,58.01096391046141,0,52,4,84,0.030128900202367026,0.026166605782630414,-0.04894807741723051,-0.18363488113658577,0.07907697761959753,0.20980148691921618,0.06780118778741445,0.0958399465787944
2022-01-03,ORCL,top100,51.744502558387566,47.46026632302406,50.77097505668934,83.68121120932857,0,53,4,84,-0.06354153654723782,-0.02223116972262884,-0.04894807741723051,-0.18363488113658577,-0.014593459130007314,0.16140371141395693,-0.0258692489621904,0.04744217107353514
2022-01-03,CSCO,top100,51.54645854013611,54.63826131461578,40.24071749912086,52.51532120080886,1,54,4,84,-0.11355255042891477,-0.21731502766288002,-0.04894807741723051,-0.18363488113658577,-0.06460447301168426,-0.03368014652629425,-0.07588026284386734,-0.14764168686671603
2022-01-03,PG,top100,51.42062971624598,56.342399649045845,34.14399092970522,51.52151775972844,0,55,4,84,-0.042802973544444956,-0.042300723129602646,-0.04894807741723051,-0.18363488113658577,0.006145103872785551,0.14133415800698312,-0.0051306859593975365,0.027372617666561336
2022-01-03,CMCSA,top100,51.348990289978026,45.254213277765594,68.90873015873017,58.8929496379608,0,56,4,84,-0.05525876131664931,-0.2540104184634492,-0.04894807741723051,-0.18363488113658577,-0.006310683899418801,-0.07037553732686341,-0.01758647373160189,-0.1843370776672852
2022-01-03,NEE,top100,50.65210895932826,58.707090370695326,21.07725735869772,53.41694228101996,3,57,4,84,-0.059734351103308825,-0.05856153023306088,-0.04894807741723051,-0.18363488113658577,-0.010786273686078318,0.1250733509035249,-0.022062063518261406,0.011111810563103106
2022-01-03,ADP,top100,49.95225950153087,58.29261716750749,19.248866213151928,52.97654241645247,1,58,4,84,-0.03830253034028719,-0.002806604040838989,-0.04894807741723051,-0.18363488113658577,0.010645547076943318,0.18082827709574678,-0.0006302427552397696,0.06686673675532499
2022-01-03,COST,top100,49.49536616485845,59.66645645974995,13.307823129251698,50.672820171831525,1,59,4,84,0.017173416933680796,-0.18897729866873492,-0.04894807741723051,-0.18363488113658577,0.0661214943509113,-0.005342417532149146,0.054845704518728215,-0.11930395787257093
2022-01-03,HON,top100,49.43917400995707,49.93789756525554,46.23015873015872,52.36613968246449,0,60,4,84,-0.046859851224857696,0.03667663539293686,-0.04894807741723051,-0.18363488113658577,0.0020882261923728107,0.22031151652952263,-0.009187563639810277,0.10634997618910084
2022-01-03,CVX,top100,49.26125686339461,46.27408240111136,59.487734487734485,49.718522850697624,0,61,4,84,0.39144862122894164,0.4953943050232159,-0.04894807741723051,-0.18363488113658577,0.44039669864617215,0.6790291861598017,0.42912090881398907,0.5650676458193798
2022-01-03,WFC,top100,48.376894594578566,38.72536923301893,78.34558554604638,56.0001902225604,0,62,4,84,-0.03550753889216651,-0.1395327173281402,-0.04894807741723051,-0.18363488113658577,0.013440538525063994,0.04410216380844556,0.0021647486928809065,-0.06985937653197623
2022-01-03,LIN,top100,48.273635652909455,52.15695145134166,31.918064255405127,53.80156785889272,0,63,4,84,-0.04315834225609372,-0.050159979845059044,-0.04894807741723051,-0.18363488113658577,0.005789735161136789,0.13347490129152673,-0.005486054671046299,0.01951336095110494
2022-01-03,SYK,top100,47.829012324802534,53.50725670834247,27.33843537414966,49.06245554132879,1,64,4,84,0.0049056052680489515,-0.04745820688276381,-0.04894807741723051,-0.18363488113658577,0.05385368268527946,0.13617667425382196,0.04257789285309637,0.022215133913400173
2022-01-03,HD,top100,47.30950661065858,52.21521532499817,26.4484126984127,54.69173343477332,2,65,4,84,-0.2567740200735066,-0.19789046157114665,-0.04894807741723051,-0.18363488113658577,-0.20782594265627607,-0.014255580434560877,-0.21910173248845916,-0.12821712077498265
2022-01-03,MDLZ,top100,47.21128763771902,46.08996856035681,49.38492063492063,50.713255184851235,0,66,4,84,-0.03161048868597094,0.03575346146145453,-0.04894807741723051,-0.18363488113658577,0.017337588731259568,0.2193883425980403,0.00606179889907648,0.10542680225761851
2022-01-03,MDT,top100,46.34090195044419,44.15236345689844,49.16383219954649,56.01481090705988,0,67,4,84,0.06683946973148669,-0.21328025706817588,-0.04894807741723051,-0.18363488113658577,0.1157875471487172,-0.029645375931590112,0.10451175731653412,-0.1436069162720119
2022-01-03,MRK,top100,45.984385478111335,36.36945236528478,62.23168875100959,80.79431072210068,1,68,5,84,0.09617359734397013,0.5049158645233718,-0.04894807741723051,-0.18363488113658577,0.14512167476120064,0.6885507456599576,0.13384588492901756,0.5745892053195357
2022-01-03,TMUS,top100,45.638039342896754,48.91716019594941,25.94387755102041,62.072516955280946,0,69,5,84,0.142706671274476,0.22310589628017463,-0.04894807741723051,-0.18363488113658577,0.1916547486917065,0.4067407774167604,0.18037895885952343,0.2927792370763386
2022-01-03,ETN,top100,45.55292364166743,49.31024713021861,26.660997732426303,57.03551104029137,0,70,5,84,-0.09498838959912215,-0.037599836688866795,-0.04894807741723051,-0.18363488113658577,-0.04604031218189164,0.14603504444771898,-0.05731610201407473,0.03207350410729719
2022-01-03,UNH,top100,44.938443520310635,50.88460554215106,30.7312925170068,31.729611374035336,1,71,5,84,0.023546644358690694,0.01728321234854424,-0.04894807741723051,-0.18363488113658577,0.0724947217759212,0.20091809348513,0.06121893194373811,0.08695655314470822
2022-01-03,VZ,top100,44.553940356935,30.1154767127294,89.71655328798187,55.29796000428052,0,72,5,84,0.005870947727625309,-0.17274184375161583,-0.04894807741723051,-0.18363488113658577,0.054819025144855815,0.010893037384969939,0.04354323531267273,-0.10306850295545185
2022-01-03,VRTX,top100,44.42021249744547,38.18568582291438,70.03106251445122,36.84019918515165,0,73,5,84,0.19601851435761453,0.2889498045207386,-0.04894807741723051,-0.18363488113658577,0.24496659177484503,0.47258468565732437,0.23369080194266195,0.3586231453169026
2022-01-03,INTC,top100,41.323241761051776,24.893297141185933,80.45918367346938,78.06097027527744,0,74,5,84,-0.08895958500927048,-0.45915036321820446,-0.04894807741723051,-0.18363488113658577,-0.040011507592039974,-0.2755154820816187,-0.05128729742422306,-0.38947702242204046
2022-01-03,BSX,top100,41.163476143009916,41.02896285735176,35.367879368455405,53.69626269172608,2,75,5,84,0.04336734693877564,0.0783858998144713,-0.04894807741723051,-0.18363488113658577,0.09231542435600615,0.2620207809510571,0.08103963452382307,0.1480592406106353
2022-01-03,LMT,top100,40.99717842960091,27.183044527308617,81.72902494331066,56.23242271822749,0,76,5,84,0.26721529610088535,0.3799869913268048,-0.04894807741723051,-0.18363488113658577,0.31616337351811585,0.5636218724633906,0.3048875836859328,0.4496603321229688
2022-01-03,PEP,top100,38.64363154194356,40.249369379249835,27.247732426303855,50.19526491207908,2,77,5,84,-0.012160006698909709,0.06230998934387166,-0.04894807741723051,-0.18363488113658577,0.0367880707183208,0.24594487048045743,0.02551228088613771,0.13198333014003566
2022-01-03,WMT,top100,36.676170441625345,36.06200190100168,31.972789115646258,50.38211287794919,3,78,5,84,0.04800575251012629,0.00947097137378572,-0.04894807741723051,-0.18363488113658577,0.0969538299273568,0.1931058525103715,0.08567804009517371,0.0791443121699497
2022-01-03,AMGN,top100,35.21956708677282,21.259642099875705,64.96315192743764,73.451872313723,1,79,5,84,0.08167340553144009,0.20314470134077078,-0.04894807741723051,-0.18363488113658577,0.1306214829486706,0.38677958247735655,0.11934569311648752,0.2728180421369348
2022-01-03,RTX,top100,33.62266809770473,33.12234956496307,21.89005635257403,60.59012131715771,1,80,5,84,0.15818069357334852,0.18664092408568878,-0.04894807741723051,-0.18363488113658577,0.20712877099057903,0.37027580522227455,0.19585298115839594,0.25631426488185277
2022-01-03,IBM,top100,32.30223902172053,26.340069094099576,52.423469387755105,33.79496778299807,3,81,5,84,-0.03177236814945916,0.1002068502114617,-0.04894807741723051,-0.18363488113658577,0.017175709267771344,0.28384173134804747,0.005899919435588256,0.1698801910076257
2022-01-03,FISV,top100,30.68968816537691,18.87393068655407,54.83560090702948,65.10816503383167,1,82,5,84,-0.04302174317041452,-0.05166325961717155,-0.04894807741723051,-0.18363488113658577,0.00592633424681599,0.13197162151941422,-0.005349455585367098,0.01801008117899243
2022-01-03,DIS,top100,30.125286828815522,29.97102800321708,12.654690618762476,66.14629102811071,2,83,5,84,-0.12605213413891958,-0.4132432213710624,-0.04894807741723051,-0.18363488113658577,-0.07710405672168907,-0.22960834023447663,-0.08837984655387215,-0.3435698805748984
2022-01-03,T,top100,23.960261837021854,9.131114279447246,50.90986394557824,73.86509052293135,3,84,5,84,-0.03147796130962599,0.0707722291227757,-0.04894807741723051,-0.18363488113658577,0.017470116107604516,0.25440711025936147,0.006194326275421429,0.1404455699189397
2022-04-01,REGN,top100,83.99830826227756,86.45724601779521,90.72562358276645,53.33111333267624,0,1,1,77,-0.1430999027362424,0.18315252250177783,-0.15462577634302965,-0.08241201445664759,0.011525873606787251,0.2655645369584254,-0.04236084031200456,0.18177862417778565
2022-04-01,PFE,top100,76.08228321527834,73.91716380599463,85.26964610981005,72.8633932912008,0,2,1,77,0.022621240253429375,-0.17986384006800538,-0.15462577634302965,-0.08241201445664759,0.17724701659645903,-0.09745182561135779,0.12336030267766722,-0.18123773839199755
2022-04-01,GS,top100,75.10917466321702,74.47814509907721,85.27888691708567,59.18695710445839,0,3,1,77,-0.08829735663012761,0.004115792541068197,-0.15462577634302965,-0.08241201445664759,0.06632841971290204,0.08652780699771578,0.012441705794110233,0.002741894217076032
2022-04-01,AAPL,top100,71.23829725112165,85.898979478722,30.82766439909297,49.4347873619766,0,4,1,77,-0.2018007766215788,-0.04403983998310679,-0.15462577634302965,-0.08241201445664759,-0.04717500027854915,0.0383721744735408,-0.10106171419734096,-0.04541373830709895
2022-04-01,TXN,top100,70.99630112057756,79.59783181646453,48.76133786848072,55.25551275356229,0,5,1,77,-0.17865758000033738,0.019298544846359622,-0.15462577634302965,-0.08241201445664759,-0.024031803657307726,0.10171055930300721,-0.07791851757609954,0.017924646522367457
2022-04-01,AVGO,top100,69.617396433485,78.23310235301304,46.77879626426842,54.98465533522189,0,6,1,77,-0.23155144653138005,0.04484470429101606,-0.15462577634302965,-0.08241201445664759,-0.07692567018835039,0.12725671874766364,-0.1308123841071422,0.04347080596702389
2022-04-01,MSFT,top100,68.9931535625692,81.42929536297393,28.45238095238095,63.02170618011267,0,7,1,77,-0.15912164745945567,-0.06277095048524539,-0.15462577634302965,-0.08241201445664759,-0.00449587111642602,0.019641063971402195,-0.05838258503521783,-0.06414484880923756
2022-04-01,SPGI,top100,68.92139734623028,78.10179875076071,40.98185422147501,60.53767376402782,0,8,1,77,-0.15619410382949384,-0.14243529513178033,-0.15462577634302965,-0.08241201445664759,-0.0015683274864641827,-0.06002328067513274,-0.05545504140525599,-0.1438091934557725
2022-04-01,SCHW,top100,67.78661896661754,71.3563137260225,51.48982056590752,75.3923524522028,0,9,1,77,-0.2325007390643954,-0.3941978347961711,-0.15462577634302965,-0.08241201445664759,-0.07787496272136574,-0.3117858203395235,-0.13176167664015753,-0.39557173312016325
2022-04-01,AXP,top100,66.64657292885983,73.54313857235611,45.1279207335108,61.40791781508397,0,10,1,77,-0.24493585539231055,-0.1193808854774846,-0.15462577634302965,-0.08241201445664759,-0.0903100790492809,-0.03696887102083701,-0.1441967929680727,-0.12075478380147676
2022-04-01,MS,top100,66.27992897536505,65.77324112218881,67.07704821058859,68.23250547715182,0,11,1,77,-0.11013721285474798,0.010465454825848264,-0.15462577634302965,-0.08241201445664759,0.044488563488281674,0.09287746928249585,-0.009398150430510135,0.009091556501856099
2022-04-01,COP,top100,63.85694754331729,68.14904678199846,49.808460884353735,61.90922619047618,0,12,1,77,-0.08433360806352574,0.11286391049243627,-0.15462577634302965,-0.08241201445664759,0.07029216827950391,0.19527592494908386,0.0164054543607121,0.1114900121684441
2022-04-01,GILD,top100,63.128791996282466,56.74740797549482,89.35717269363886,55.34171874708315,0,13,1,77,0.058140078093673386,0.43445348054081623,-0.15462577634302965,-0.08241201445664759,0.21276585443670304,0.5168654949974638,0.15887914051791124,0.4330795822168241
2022-04-01,ICE,top100,62.66938295174305,65.22608245160384,59.98373262348417,50.14378710923529,0,14,1,77,-0.2795386542619823,-0.18830837236393805,-0.15462577634302965,-0.08241201445664759,-0.12491287791895267,-0.10589635790729046,-0.17879959183774446,-0.18968227068793023
2022-04-01,DHR,top100,61.89563887701395,68.22176825502399,40.39115646258503,60.62169805980165,0,15,1,77,-0.11442766004977989,-0.14299038999499825,-0.15462577634302965,-0.08241201445664759,0.040198116293249764,-0.06057837553835066,-0.013688597625542046,-0.14436428831899042
2022-04-01,BLK,top100,61.75476556944636,64.1680975682591,54.172335600907026,60.02630151483585,0,16,1,77,-0.19310535779264792,-0.1188461306498152,-0.15462577634302965,-0.08241201445664759,-0.03847958144961827,-0.03643411619316761,-0.09236629536841008,-0.12022002897380736
2022-04-01,ABBV,top100,61.64395555831196,69.79681197387501,48.228458049886626,31.404955666221298,1,17,2,77,-0.04655055868181135,0.019560363056515317,-0.15462577634302965,-0.08241201445664759,0.1080752176612183,0.1019723775131629,0.054188503742426494,0.018186464732523153
2022-04-01,MCD,top100,61.57363156295707,64.87481590574373,52.729591836734684,56.15342061589524,0,18,2,77,0.020509514727923284,0.15812512203798756,-0.15462577634302965,-0.08241201445664759,0.17513529107095294,0.24053713649463515,0.12124857715216113,0.15675122371399539
2022-04-01,ABT,top100,60.837331056338314,60.37382162708782,60.69444444444444,64.3676702848795,0,19,2,77,-0.0667962630480552,-0.11764792716523442,-0.15462577634302965,-0.08241201445664759,0.08782951329497446,-0.035235912708586836,0.03394279937618265,-0.11902182548922659
2022-04-01,TMO,top100,60.45473097849868,64.50459132771832,44.60884353741496,63.797483416128756,0,20,2,77,-0.07385728382195755,-0.025048021329744596,-0.15462577634302965,-0.08241201445664759,0.0807684925210721,0.05736399312690299,0.02688177860228029,-0.02642191965373676
2022-04-01,JPM,top100,60.13369422815955,52.68362483004508,87.77395740905058,57.00365365317873,0,21,2,77,-0.15087319458547355,-0.019608914090695095,-0.15462577634302965,-0.08241201445664759,0.003752581757556106,0.06280310036595249,-0.0501341321612357,-0.02098281241468726
2022-04-01,ANET,top100,59.876300771099345,73.50117299996154,16.009070294784582,52.23665612169349,1,22,2,77,-0.33029825064525375,0.19544020648121618,-0.15462577634302965,-0.08241201445664759,-0.1756724743022241,0.27785222093786377,-0.2295591882210159,0.194066308157224
2022-04-01,TJX,top100,59.23288882343622,59.68483968246427,57.19671201814059,60.141586420831146,0,23,2,77,-0.07479496705453526,0.31472381887004053,-0.15462577634302965,-0.08241201445664759,0.0798308092884944,0.3971358333266881,0.02594409536970259,0.3133499205460484
2022-04-01,ACN,top100,59.0377740014061,66.1311135694717,25.34580498866213,76.76833505043487,1,24,2,77,-0.1736564907986512,-0.14815492555291032,-0.15462577634302965,-0.08241201445664759,-0.019030714455621545,-0.06574291109626273,-0.07291742837441335,-0.1495288238769025
2022-04-01,LLY,top100,58.68049532077788,75.18889032167573,14.840673111349803,30.801374733349114,1,25,2,77,0.1132137078470643,0.22708364166016293,-0.15462577634302965,-0.08241201445664759,0.26783948419009396,0.3094956561168105,0.21395277027130216,0.22570974333617075
2022-04-01,PM,top100,58.659291773720234,55.133599831685245,63.18027210884354,74.29717469771853,0,26,2,77,0.04330604899133261,0.062367437505804535,-0.15462577634302965,-0.08241201445664759,0.19793182533436227,0.14477945196245212,0.14404511141557047,0.06099353918181237
2022-04-01,BAC,top100,58.07215923135393,52.155967142427315,70.87732919254658,73.87516393145498,0,27,2,77,-0.22391658342341836,-0.29885192736627486,-0.15462577634302965,-0.08241201445664759,-0.0692908070803887,-0.21643991290962727,-0.12317752099918051,-0.300225825690267
2022-04-01,HD,top100,57.51738023310452,50.628550389227854,75.90419501133786,68.9655595837745,0,28,2,77,-0.06971903801618196,0.0028272623123253293,-0.15462577634302965,-0.08241201445664759,0.0849067383268477,0.08523927676897292,0.031020024408055888,0.001453363988333164
2022-04-01,WFC,top100,56.9261306882924,43.714530042146556,89.30629498176083,84.64700662437647,0,29,2,77,-0.17597440974306267,-0.2251036557181394,-0.15462577634302965,-0.08241201445664759,-0.021348633400033012,-0.1426916412614918,-0.07523534731882482,-0.22647755404213157
2022-04-01,LOW,top100,56.89544972952547,50.43130654323585,73.16326530612245,69.6088208803589,0,30,2,77,-0.1201699106012496,0.02349406512951413,-0.15462577634302965,-0.08241201445664759,0.034455865741780056,0.10590607958616172,-0.019430848177011753,0.022120166805521965
2022-04-01,ISRG,top100,56.77922785563412,65.95298046055802,21.179138321995463,63.76313868844402,1,31,2,77,-0.32545656869804285,-0.16636119657000725,-0.15462577634302965,-0.08241201445664759,-0.1708307923550132,-0.08394918211335967,-0.224717506273805,-0.16773509489399943
2022-04-01,CB,top100,56.34093259552537,53.89277626581061,67.46573991915608,51.2284122562674,0,32,3,77,-0.08220838360984806,-0.08214300177750766,-0.15462577634302965,-0.08241201445664759,0.0724173927331816,0.0002690126791399239,0.018530678814389787,-0.08351690010149983
2022-04-01,KO,top100,56.227528442474245,64.55483689984142,30.457693386633004,49.47603935258649,1,33,3,77,0.03141655686793343,0.018792255989964035,-0.15462577634302965,-0.08241201445664759,0.18604233321096308,0.10120427044661162,0.1321556192921713,0.01741835766597187
2022-04-01,XOM,top100,56.2249957339042,50.499424245920515,70.70859691228516,67.33679379302808,0,34,3,77,0.06408423314651546,0.4338507900355075,-0.15462577634302965,-0.08241201445664759,0.2187100094895451,0.5162628044921551,0.16482329557075331,0.4324768917115154
2022-04-01,MA,top100,55.86024672647334,61.310298645563975,35.36774129941831,58.69489414694894,0,35,3,77,-0.12442858348545238,0.0059775918634523695,-0.15462577634302965,-0.08241201445664759,0.03019719285757727,0.08838960632009996,-0.02368952106121454,0.004603693539460205
2022-04-01,CVX,top100,55.56239594839025,55.182623764504136,54.14166816151748,61.06225680933852,0,36,3,77,-0.10050403431276911,0.06467930780452424,-0.15462577634302965,-0.08241201445664759,0.054121742030260545,0.14709132226117183,0.00023502811146873526,0.06330540948053208
2022-04-01,PLD,top100,54.63458873152103,63.18327530546638,29.60106756566934,44.86082504560701,0,37,3,77,-0.2708499086895404,-0.23079285511111847,-0.15462577634302965,-0.08241201445664759,-0.11622413234651074,-0.14838084065447088,-0.17011084626530254,-0.23216675343511065
2022-04-01,JNJ,top100,54.36516226132737,54.3139024815114,56.10623813269484,51.24182897730427,0,38,3,77,0.01393835426645107,-0.08648582881960676,-0.15462577634302965,-0.08241201445664759,0.16856413060948072,-0.004073814362959172,0.11467741669068891,-0.08785972714359892
2022-04-01,LMT,top100,54.04391622613085,52.82481466148149,53.74716553287982,63.171128565178435,0,39,3,77,-0.02185963148512038,0.12353764387498845,-0.15462577634302965,-0.08241201445664759,0.13276614485790927,0.20594965833163603,0.07887943093911746,0.12216374555099628
2022-04-01,NEE,top100,53.93331184909964,61.339029792162954,26.423462921290188,57.112984103275394,3,40,3,77,-0.05473317856232096,-0.07971015450234342,-0.15462577634302965,-0.08241201445664759,0.09989259778070869,0.0027018599543041644,0.04600588386191688,-0.08108405282633559
2022-04-01,ADI,top100,53.671685394082886,63.217526451884375,15.36848072562358,63.45720732639106,2,41,3,77,-0.13174062857027402,0.20204109697068073,-0.15462577634302965,-0.08241201445664759,0.022885147772755632,0.2844531114273283,-0.031001566146036177,0.20066719864668855
2022-04-01,MRSH,top100,52.77039487205184,60.30755900630953,40.81115054717539,23.928734582000914,0,42,3,77,-0.08585366768924796,-0.005770860500533104,-0.15462577634302965,-0.08241201445664759,0.0687721086537817,0.07664115395611448,0.014885394734989885,-0.0071447588245252686
2022-04-01,CSCO,top100,51.917860866473966,49.63280689728502,53.82742490935768,64.09411056502915,0,43,3,77,-0.22939751858207025,-0.030537232490619792,-0.15462577634302965,-0.08241201445664759,-0.0747717422390406,0.051874781966027794,-0.1286584561578324,-0.03191113081461196
2022-04-01,PG,top100,51.338373899994025,53.86067429965002,37.474489795918366,61.41003931055336,0,44,3,77,-0.05261590174306474,-0.006424068223836565,-0.15462577634302965,-0.08241201445664759,0.10200987459996491,0.07598794623281102,0.0481231606811731,-0.00779796654782873
2022-04-01,LIN,top100,49.893360107643936,51.0936160297175,42.27694328706775,56.72440229428133,0,45,3,77,-0.11229563365702833,0.12546229785525376,-0.15462577634302965,-0.08241201445664759,0.042330142686001326,0.20787431231190134,-0.011556571232790483,0.12408839953126159
2022-04-01,CRM,top100,49.73049078108622,49.503629852340005,40.463184392699816,69.85313005908249,3,46,3,77,-0.2075379456711165,-0.07090716850619527,-0.15462577634302965,-0.08241201445664759,-0.052912169328086844,0.011504845950452314,-0.10679888324687865,-0.07228106683018744
2022-04-01,UNP,top100,49.64937458236503,52.27026959769607,33.99659863945578,62.60866136086616,2,47,4,77,-0.1670564947201575,-0.22791401978038006,-0.15462577634302965,-0.08241201445664759,-0.012430718377127836,-0.14550200532373248,-0.06631743229591965,-0.22928791810437224
2022-04-01,DE,top100,49.37648876908709,51.38659454470181,37.69352568613652,58.6716745056852,1,48,4,77,-0.2736645879420424,-0.03358129330746873,-0.15462577634302965,-0.08241201445664759,-0.11903881159901275,0.04883072114917886,-0.17292552551780455,-0.034955191631460894
2022-04-01,UNH,top100,49.275649637974375,54.77240181074092,28.392857142857142,52.56396941884303,1,49,4,77,0.01298301103772137,-0.024821163267664925,-0.15462577634302965,-0.08241201445664759,0.16760878738075102,0.05759085118898266,0.11372207346195921,-0.02619506159165709
2022-04-01,ADP,top100,48.25706985097347,57.68354564971982,23.18310657596372,32.41966580976865,0,50,4,77,-0.08247172931785096,-0.06526070110066307,-0.15462577634302965,-0.08241201445664759,0.07215404702517869,0.01715131335598452,0.018267333106386882,-0.06663459942465523
2022-04-01,COST,top100,47.711953391740174,60.15908458494805,11.669501133786849,32.6669395551917,1,51,4,77,-0.15466358799508162,-0.12925833354046268,-0.15462577634302965,-0.08241201445664759,-3.781165205196668e-05,-0.04684631908381509,-0.053924525570843776,-0.13063223186445486
2022-04-01,MRK,top100,47.127253402051196,43.207255632549,65.78942809502155,37.242888402625844,0,52,4,77,0.11561822480307682,0.342338784359441,-0.15462577634302965,-0.08241201445664759,0.27024400114610647,0.42475079881608857,0.21635728722731468,0.34096488603544883
2022-04-01,CAT,top100,46.97936393324428,43.55456316214547,51.54336734693878,61.824962503546956,0,53,4,77,-0.18485258211354183,0.012617940443909959,-0.15462577634302965,-0.08241201445664759,-0.030226805770512177,0.09502995490055755,-0.08411351968930399,0.011244042119917794
2022-04-01,PGR,top100,46.97058666852298,47.476093197505136,42.15394853593612,53.06531723082158,2,54,4,77,0.02946287391607627,0.25669200871433073,-0.15462577634302965,-0.08241201445664759,0.18408865025910592,0.3391040231709783,0.13020193634031413,0.2553181103903386
2022-04-01,ORCL,top100,46.93260376598671,43.48306332842415,45.68877551020408,73.5670433404899,1,55,4,77,-0.13245675493318165,0.1661294353956193,-0.15462577634302965,-0.08241201445664759,0.022169021409848,0.2485414498522669,-0.03171769250894381,0.16475553707162713
2022-04-01,VRTX,top100,46.20438069884492,45.103171963830434,58.293939044544366,29.733725152547464,0,56,4,77,0.0795416118730039,0.18136389254179996,-0.15462577634302965,-0.08241201445664759,0.23416738821603356,0.26377590699844755,0.18028067429724176,0.17998999421780779
2022-04-01,MDLZ,top100,45.27137007478209,40.1996249114877,52.6077097505669,66.1009068662732,0,57,4,77,0.002694865265572277,0.13652805929057,-0.15462577634302965,-0.08241201445664759,0.15732064160860193,0.21894007374721758,0.10343392768981012,0.1351541609665778
2022-04-01,SYK,top100,44.59583664848142,49.314456743788305,26.07142857142857,48.61431213543891,1,58,4,77,-0.23962516577547166,0.08072862326992203,-0.15462577634302965,-0.08241201445664759,-0.08499938943244201,0.16314063772656962,-0.1388861033512338,0.07935472494592986
2022-04-01,ETN,top100,44.533189466972395,46.726165025371635,30.62358276643991,57.00157395924269,0,59,4,77,-0.15613677695853834,0.09173797809200224,-0.15462577634302965,-0.08241201445664759,-0.0015110006155086841,0.17414999254864982,-0.05539771453430049,0.09036407976801007
2022-04-01,BMY,top100,44.30460044198642,39.762775745482756,67.51576853722149,29.675037127041975,0,60,4,77,0.04814135050882218,-0.045377758520804834,-0.15462577634302965,-0.08241201445664759,0.20276712685185183,0.03703425593584275,0.14888041293306004,-0.046751656844797
2022-04-01,VZ,top100,42.88720750395379,27.50676991781082,88.01870748299321,60.28727064887572,0,61,4,77,0.0028553731646323577,-0.1946999545093564,-0.15462577634302965,-0.08241201445664759,0.157481149507662,-0.11228794005270881,0.1035944355888702,-0.19607385283334858
2022-04-01,SBUX,top100,41.96257229242668,31.68788133810225,66.84240362811792,64.12574630131522,0,62,5,77,-0.12757421379277556,0.16368299851639478,-0.15462577634302965,-0.08241201445664759,0.027051562550254094,0.24609501297304237,-0.026835151368537716,0.1623091001924026
2022-04-01,BSX,top100,39.168734148034794,40.56251965368788,31.066470012322547,45.61676387988766,1,63,5,77,-0.15514558790842414,0.11291398088464089,-0.15462577634302965,-0.08241201445664759,-0.0005198115653944901,0.19532599534128847,-0.0544065254841863,0.11154008256064872
2022-04-01,C,top100,38.825934258588106,18.977216426976515,97.7094137985227,60.0,1,64,5,77,-0.09511029740108956,-0.08203090113423239,-0.15462577634302965,-0.08241201445664759,0.05951547894194009,0.00038111332241519413,0.005628765023148283,-0.08340479945822456
2022-04-01,CMCSA,top100,38.44790123383129,23.845290693597022,76.05442176870748,65.45313394571873,0,65,5,77,-0.15057917072038352,-0.17864436752888024,-0.15462577634302965,-0.08241201445664759,0.004046605622646138,-0.09623235307223266,-0.04984010829614567,-0.18001826585287242
2022-04-01,WMT,top100,38.25548489878064,40.0679819649842,30.01700680272109,42.04496162747483,0,66,5,77,-0.18498328748670245,-0.009477768055914049,-0.15462577634302965,-0.08241201445664759,-0.0303575111436728,0.07293424640073354,-0.08424422506246461,-0.010851666379906214
2022-04-01,PEP,top100,37.69116325465225,38.786606761094866,23.982426303854872,57.44053261114874,2,67,5,77,0.004760631952700045,0.10007581190171666,-0.15462577634302965,-0.08241201445664759,0.1593864082957297,0.18248782635836425,0.10549969437693789,0.0987019135777245
2022-04-01,INTC,top100,37.36306098296741,17.44980532951458,83.17743764172336,85.12709723962539,0,68,5,77,-0.2386772330255802,-0.2814438515757234,-0.15462577634302965,-0.08241201445664759,-0.08405145668255054,-0.1990318371190758,-0.13793817060134234,-0.28281774989971553
2022-04-01,T,top100,35.60877532632748,11.435064215243798,95.9577779451264,84.12674786631538,0,69,5,77,0.19353947312483166,0.15083537630903954,-0.15462577634302965,-0.08241201445664759,0.3481652494678613,0.23324739076568712,0.2942785355490695,0.14946147798504736
2022-04-01,RTX,top100,35.499431872507664,35.861877840594175,23.484037179228128,56.99309948246119,1,70,5,77,-0.02566111547611838,0.01662280292083107,-0.15462577634302965,-0.08241201445664759,0.12896466086691127,0.09903481737747866,0.07507794694811946,0.015248904596838905
2022-04-01,IBM,top100,34.78325194343743,27.30360451463592,47.50566893424036,61.695949963442104,2,71,5,77,0.09744069844656611,0.061537721847864324,-0.15462577634302965,-0.08241201445664759,0.25206647478959576,0.1439497363045119,0.19817976087080397,0.06016382352387216
2022-04-01,AMGN,top100,34.544129166331544,25.614642930667443,56.21882086167801,53.701149425287355,1,72,5,77,0.018109867886370923,0.050552363492033514,-0.15462577634302965,-0.08241201445664759,0.17273564422940058,0.1329643779486811,0.11884893031060877,0.04917846516804135
2022-04-01,HON,top100,32.68409714626051,25.36136769306991,45.17006802721089,58.97126155669396,0,73,5,77,-0.10213609234878418,-0.006024396625839534,-0.15462577634302965,-0.08241201445664759,0.05248968399424547,0.07638761783080805,-0.0013970299245463363,-0.007398294949831699
2022-04-01,MDT,top100,31.875521661352664,23.68446414149298,43.44387755102041,66.07621252103493,0,74,5,77,-0.18164235314311628,-0.2700211087293689,-0.15462577634302965,-0.08241201445664759,-0.027016576800086622,-0.18760909427272132,-0.08090329071887843,-0.27139500705336106
2022-04-01,FISV,top100,30.140105488593132,16.441658805191516,56.49092970521542,73.32758383915987,1,75,5,77,-0.10107777454121758,0.08350325274298487,-0.15462577634302965,-0.08241201445664759,0.05354800180181207,0.16591526719963245,-0.00033871211697973636,0.0821293544189927
2022-04-01,TMUS,top100,28.40656846028976,26.78084469571001,15.357142857142858,65.8854860186418,2,76,5,77,0.04626815971378795,0.11892068844035997,-0.15462577634302965,-0.08241201445664759,0.2008939360568176,0.20133270289700755,0.1470072221380258,0.1175467901163678
2022-04-01,DIS,top100,22.722775916902666,17.46371844381251,19.601952557470096,65.77782494739888,2,77,5,77,-0.2982484404901896,-0.2732119653512529,-0.15462577634302965,-0.08241201445664759,-0.14362266414715996,-0.19079995089460533,-0.19750937806595176,-0.27458586367524507
2022-07-01,REGN,top100,90.7882840903274,91.42418257625631,94.93197278911566,78.0496172912486,0,1,1,72,0.23468250977097127,0.20562653316467583,-0.03442480148583993,0.18131919217410375,0.2691073112568112,0.02430734099057208,0.26552833791463326,0.05313802753889518
2022-07-01,PFE,top100,79.75106601043763,78.95655036208032,87.17486448819662,70.46507859342083,0,2,1,72,-0.149637112259432,-0.27733324907272827,-0.03442480148583993,0.18131919217410375,-0.11521231077359206,-0.458652441246832,-0.11879128411577003,-0.4298217546985089
2022-07-01,AVGO,top100,77.97140921672106,81.4351547070441,71.176916712631,67.31417579263987,0,3,1,72,-0.03605764935041733,0.8569957468861127,-0.03442480148583993,0.18131919217410375,-0.0016328478645774025,0.6756765547120089,-0.005211821206755365,0.704507241260332
2022-07-01,AAPL,top100,74.26913650549317,83.25433399166118,48.13775510204081,63.63551690922177,0,4,1,72,0.026761004301925517,0.3853919719926573,-0.03442480148583993,0.18131919217410375,0.061185805787765446,0.20407277981855354,0.05760683244558748,0.23290346636687664
2022-07-01,MSFT,top100,73.75647044139603,81.86526223392583,49.56349206349207,65.38088464949541,0,5,1,72,-0.07060985645860474,0.31527327835494057,-0.03442480148583993,0.18131919217410375,-0.03618505497276481,0.13395408618083682,-0.03976402831494277,0.16278477272915992
2022-07-01,SCHW,top100,68.74102945221422,71.48782093482555,62.43801143645864,62.11952510544616,0,6,1,72,0.14895362061379847,-0.10034118359994348,-0.03442480148583993,0.18131919217410375,0.1833784220996384,-0.28166037577404723,0.17979944875746043,-0.25282968922572413
2022-07-01,AXP,top100,68.23805280160674,70.76804915514593,62.1081041112097,62.78797570762642,0,7,1,72,-0.002706180746238629,0.26428993617992314,-0.03442480148583993,0.18131919217410375,0.0317186207396013,0.08297074400581939,0.028139647397423338,0.11180143055414249
2022-07-01,ABBV,top100,66.6537276719176,67.80228220320386,58.89172335600907,74.1378545847308,1,8,1,72,-0.09223771615551835,-0.0704960499306938,-0.03442480148583993,0.18131919217410375,-0.05781291466967842,-0.25181524210479755,-0.06139188801185638,-0.22298455555647445
2022-07-01,VRTX,top100,65.85900499972793,72.15931533903884,50.24199203888567,52.990858546236,0,9,1,72,0.035187247668105215,0.21230683558401786,-0.03442480148583993,0.18131919217410375,0.06961204915394514,0.030987643409914112,0.06603307581176718,0.059818329958237215
2022-07-01,CVX,top100,65.85512085705815,59.30875576036866,77.51842403628117,88.3530701754386,0,10,1,72,0.04503938001961716,0.10522056371858746,-0.03442480148583993,0.18131919217410375,0.07946418150545709,-0.07609862845551629,0.07588520816327912,-0.04726794190719319
2022-07-01,BMY,top100,64.56775048057321,66.80930436690805,59.85300434166841,58.30636555403896,0,11,1,72,-0.08211886488938558,-0.13742833565311896,-0.03442480148583993,0.18131919217410375,-0.04769406340354565,-0.3187475278272227,-0.051273036745723616,-0.2899168412788996
2022-07-01,ICE,top100,64.51566947489609,58.01184990125082,89.53687272010254,60.0,1,12,1,72,-0.021583769590020285,0.1978598965387779,-0.03442480148583993,0.18131919217410375,0.012841031895819643,0.01654070436467414,0.009262058553641681,0.045371390912997245
2022-07-01,XOM,top100,64.19921451594507,58.977397410577126,73.00593848650571,83.13848631239935,0,13,1,72,0.06011564797576607,0.26335421202654796,-0.03442480148583993,0.18131919217410375,0.094540449461606,0.08203501985244421,0.09096147611942804,0.11086570640076732
2022-07-01,LLY,top100,63.809852528766164,80.32038621900372,11.572084974340616,52.71165180595438,2,14,1,72,-0.006499031920018439,0.4513325008026152,-0.03442480148583993,0.18131919217410375,0.02792576956582149,0.2700133086285115,0.024346796223643528,0.2988439951768346
2022-07-01,PM,top100,63.60274802192095,65.81632653061224,56.31235827664399,62.688477951635846,0,15,1,72,-0.13513051846505464,0.030919042463611213,-0.03442480148583993,0.18131919217410375,-0.10070571697921471,-0.15040014971049254,-0.10428469032139268,-0.12156946316216943
2022-07-01,ACN,top100,62.995707203183244,66.22339258283958,49.17800453514739,68.0373148816606,0,16,2,72,-0.0527980214990047,0.12202022636550613,-0.03442480148583993,0.18131919217410375,-0.01837322001316477,-0.059298965808597615,-0.021952193355342733,-0.03046827926027451
2022-07-01,DHR,top100,61.71293688853747,65.4202326091727,46.73469387755102,65.71835286606378,0,17,2,72,0.04259884664772384,-0.07627876906701336,-0.03442480148583993,0.18131919217410375,0.07702364813356377,-0.2575979612411171,0.0734446747913858,-0.228767274692794
2022-07-01,MRSH,top100,60.64514969561486,62.484090410357695,48.322611653356994,72.41764077693077,0,18,2,72,-0.006271790829926127,0.20633829220100397,-0.03442480148583993,0.18131919217410375,0.0281530106559138,0.02501910002690022,0.02457403731373584,0.053849786575223324
2022-07-01,MCD,top100,60.26346149745164,67.09183673469387,39.7874149659864,53.41692789968649,0,19,2,72,-0.06456254696045716,0.19996243163431138,-0.03442480148583993,0.18131919217410375,-0.030137745474617228,0.018643239460207628,-0.033716718816795194,0.04747392600853073
2022-07-01,PLD,top100,60.0303998876721,60.83168751371517,54.792005606462986,64.89817506778886,0,20,2,72,-0.1250241458494109,0.061725742726327804,-0.03442480148583993,0.18131919217410375,-0.09059934436357098,-0.11959344944777595,-0.09417831770574894,-0.09076276289945284
2022-07-01,TXN,top100,59.737938247385415,56.8180820715383,70.63208616780047,58.388635637485166,0,21,2,72,0.08316104150977854,0.22374204148695842,-0.03442480148583993,0.18131919217410375,0.11758584299561847,0.04242284931285467,0.1140068696534405,0.07125353586117777
2022-07-01,KO,top100,59.498177730453975,67.97673908272986,30.875873291286823,57.39285714285715,0,22,2,72,-0.11365300498223618,-0.023595283739315964,-0.03442480148583993,0.18131919217410375,-0.07922820349639625,-0.2049144759134197,-0.08280717683857422,-0.1760837893650966
2022-07-01,TMO,top100,59.33416352640863,61.90037305244679,47.636054421768705,64.76691505342139,0,23,2,72,-0.04570668488923879,-0.04821155017935552,-0.03442480148583993,0.18131919217410375,-0.011281883403398862,-0.22953074235345927,-0.014860856745576825,-0.20070005580513617
2022-07-01,BAC,top100,58.779810802301284,49.62914197937239,90.19705708370306,60.0,1,24,2,72,-0.008403361344537896,-0.05354453993095354,-0.03442480148583993,0.18131919217410375,0.026021440141302032,-0.2348637321050573,0.02244246679912407,-0.20603304555673418
2022-07-01,MA,top100,58.758809312959514,61.417599297783624,47.38267770876467,62.8995426275804,0,25,2,72,-0.08583055494123948,0.2482331876383419,-0.03442480148583993,0.18131919217410375,-0.05140575345539955,0.06691399546423815,-0.054984726797577516,0.09574468201256126
2022-07-01,MRK,top100,58.70399559774075,57.07263550581523,65.8181983485218,55.89511073965731,0,26,2,72,-0.04505770305934853,0.2654658115171744,-0.03442480148583993,0.18131919217410375,-0.010632901573508602,0.08414661934307066,-0.014211874915686564,0.11297730589139376
2022-07-01,ADP,top100,58.236411971536384,64.61707263550582,33.211451247165535,63.62170877249201,0,27,2,72,0.09390575726895078,0.051771192748488515,-0.03442480148583993,0.18131919217410375,0.1283305587547907,-0.12954799942561523,0.12475158541261275,-0.10071731287729213
2022-07-01,NEE,top100,57.794920432740604,64.37349133201668,30.078059425885513,67.17864615151822,3,28,2,72,0.01270768275943035,-0.04823915213155283,-0.03442480148583993,0.18131919217410375,0.04713248424527028,-0.22955834430565658,0.04355351090309231,-0.20072765775733348
2022-07-01,UNP,top100,56.68821945434498,55.87777046302392,54.1014739229025,67.5348534564774,1,29,2,72,-0.06445007026588401,-0.028523597306090442,-0.03442480148583993,0.18131919217410375,-0.03002526878004408,-0.2098427894801942,-0.033604242122222044,-0.1810121029318711
2022-07-01,LOW,top100,56.658263973710945,50.255102040816325,76.57312925170069,61.65066694799375,0,30,3,72,0.09958405269075521,0.2986255921258778,-0.03442480148583993,0.18131919217410375,0.13400885417659514,0.11730639995177405,0.13042988083441717,0.14613708650009716
2022-07-01,HD,top100,56.50364789063654,50.0,75.60657596371883,63.82332697892774,0,31,3,72,0.0231869132554261,0.14405029399243974,-0.03442480148583993,0.18131919217410375,0.05761171474126603,-0.03726889818166401,0.05403274139908806,-0.008438211633340909
2022-07-01,JNJ,top100,56.381778289442174,58.76673249945139,47.884736344478895,56.68118270930418,0,32,3,72,-0.0848012404176105,-0.06750299361320622,-0.03442480148583993,0.18131919217410375,-0.05037643893177057,-0.24882218578730997,-0.05395541227394854,-0.21999149923898687
2022-07-01,WFC,top100,55.91407173454754,44.516129032258064,91.8261362516021,63.87554161646476,0,33,3,72,0.048751151173499485,0.11946529735160327,-0.03442480148583993,0.18131919217410375,0.08317595265933941,-0.06185389482250048,0.07959697931716145,-0.033023208274177374
2022-07-01,CB,top100,55.822657431182755,51.98376124643405,67.54867889184659,59.242887803096046,0,34,3,72,-0.05059082526277059,-0.01766069665653558,-0.03442480148583993,0.18131919217410375,-0.01616602377693066,-0.19897988883063933,-0.019744997119108623,-0.17014920228231623
2022-07-01,ADBE,top100,55.79979518689196,51.77748518762344,67.77777777777779,60.0,1,35,3,72,-0.22590099869735125,0.322351280937907,-0.03442480148583993,0.18131919217410375,-0.19147619721151132,0.14103208876380324,-0.1950551705536893,0.16986277531212635
2022-07-01,PG,top100,54.598873198520685,57.061663375027436,44.99716553287982,56.562757294255164,0,36,3,72,-0.11474735142222647,0.06944250010136077,-0.03442480148583993,0.18131919217410375,-0.08032254993638654,-0.11187669207274298,-0.08390152327856451,-0.08304600552441987
2022-07-01,LIN,top100,54.1364816173581,53.25872284397631,54.58753898671382,59.3786782923192,0,37,3,72,-0.02968899520644097,0.30599248617342467,-0.03442480148583993,0.18131919217410375,0.0047358062793989575,0.12467329399932092,0.0011568329372209953,0.15350398054764403
2022-07-01,LMT,top100,52.93122487233504,51.32982225148123,55.3202947845805,59.362903393820716,0,38,3,72,-0.07180669215987157,0.09536876312355869,-0.03442480148583993,0.18131919217410375,-0.03738189067403164,-0.08595042905054506,-0.0409608640162096,-0.05711974250222196
2022-07-01,UNH,top100,52.475346021113594,59.324116743471585,23.75566893424036,61.97330513835419,1,39,3,72,-0.000526364993729711,-0.07654050772151222,-0.03442480148583993,0.18131919217410375,0.03389843649211022,-0.25785969989561597,0.030319463149932255,-0.22902901334729286
2022-07-01,GS,top100,52.03157445218787,39.61158657011192,87.56063294883171,67.91337263343178,0,40,3,72,0.007280516618191513,0.10080669681459331,-0.03442480148583993,0.18131919217410375,0.04170531810403144,-0.08051249535951044,0.038126344761853476,-0.051681808811187335
2022-07-01,BLK,top100,51.73862555774998,44.52051788457318,72.87131519274377,60.0,1,41,3,72,-0.064376700849202,0.15634035097820664,-0.03442480148583993,0.18131919217410375,-0.029951899363362067,-0.024978841195897106,-0.03353087270554003,0.0038518453524259977
2022-07-01,CAT,top100,49.06203546060354,42.62672811059908,60.20613765161423,71.8209825286134,0,42,3,72,-0.03290879052864548,0.4062600094886941,-0.03442480148583993,0.18131919217410375,0.001516010957194447,0.22494081731459037,-0.0020629623849835153,0.2537715038629135
2022-07-01,MS,top100,48.44126585082487,39.31972789115646,72.16812087153701,64.83832152707942,0,43,3,72,0.05722609416668534,0.16021782488851044,-0.03442480148583993,0.18131919217410375,0.09165089565252527,-0.02110136728559331,0.0880719223103473,0.007729319262729795
2022-07-01,TJX,top100,48.185224203430536,40.502523590081196,66.49943310657596,65.3357106905851,0,44,4,72,0.12771825084902422,0.5370227612371414,-0.03442480148583993,0.18131919217410375,0.16214305233486415,0.3557035690630377,0.15856407899268618,0.3845342556113608
2022-07-01,ABT,top100,47.40278227335098,39.89247311827957,64.28287981859411,66.21475126836461,0,45,4,72,-0.09306471019170948,-0.007523636180286619,-0.03442480148583993,0.18131919217410375,-0.05863990870586955,-0.18884282835439037,-0.062218882048047514,-0.16001214180606727
2022-07-01,SPGI,top100,47.21508460465298,42.00131665569454,56.07208367710165,65.9974621024647,0,46,4,72,-0.08104813865362437,0.17532570768194455,-0.03442480148583993,0.18131919217410375,-0.04662333716778444,-0.005993484492159196,-0.050202310509962406,0.022837202056163908
2022-07-01,GILD,top100,46.80828217810103,35.63967522492868,77.88966463778493,62.825765930939724,0,47,4,72,0.010693308266388923,0.28738564892910556,-0.03442480148583993,0.18131919217410375,0.04511810975222885,0.10606645675500181,0.041539136410050886,0.13489714330332492
2022-07-01,MDLZ,top100,46.53927669561643,44.057493965328064,49.67120181405895,57.647905570749955,0,48,4,72,-0.1044260295797087,0.18309141793675177,-0.03442480148583993,0.18131919217410375,-0.07000122809386877,0.0017722257626480165,-0.07358020143604674,0.03060291231097112
2022-07-01,JPM,top100,45.57499848934431,29.760807548825984,93.71216602583061,60.0,1,49,4,72,-0.04705833049888564,0.3196233774207726,-0.03442480148583993,0.18131919217410375,-0.012633529013045708,0.13830418524666888,-0.01621250235522367,0.16713487179499198
2022-07-01,PEP,top100,45.43402316997086,43.62190037305245,45.359977324263035,58.26697443981534,1,50,4,72,-0.017884807064930897,0.13118836300300396,-0.03442480148583993,0.18131919217410375,0.016539994420909032,-0.05013082917109979,0.01296102107873107,-0.021300142622776685
2022-07-01,ADI,top100,44.475441102052535,45.40487162606978,31.791383219954646,63.33754319812763,1,51,4,72,0.02042136805000938,0.35455536272961474,-0.03442480148583993,0.18131919217410375,0.05484616953584931,0.173236170555511,0.051267196193671344,0.2020668571038341
2022-07-01,CSCO,top100,44.38880097493543,30.884353741496597,83.84876677943905,60.0,1,52,4,72,-0.022028647832878834,0.26001482697450307,-0.03442480148583993,0.18131919217410375,0.012396153652961095,0.07869563480039932,0.008817180310783133,0.10752632134872242
2022-07-01,CMCSA,top100,43.72714122644984,28.15009874917709,86.51077097505669,67.1991790701454,0,53,4,72,-0.23463284018399444,0.0694032463105918,-0.03442480148583993,0.18131919217410375,-0.2002080386981545,-0.11191594586351195,-0.20378701204033248,-0.08308525931518884
2022-07-01,VZ,top100,43.06567102182761,28.7447882378758,86.3265306122449,56.79013132865579,0,54,4,72,-0.23213105007150148,-0.2283791472109319,-0.03442480148583993,0.18131919217410375,-0.19770624858566155,-0.40969833938503564,-0.2012852219278395,-0.38086765283671253
2022-07-01,RTX,top100,42.912873537968814,45.652841781874045,21.790457106935182,65.97792869269949,1,55,4,72,-0.13838290308719325,0.03641293253468336,-0.03442480148583993,0.18131919217410375,-0.10395810160135333,-0.1449062596394204,-0.10753707494353129,-0.11607557309109728
2022-07-01,SBUX,top100,41.944259185550266,29.846938775510207,72.47448979591836,65.56504083509454,0,56,4,72,0.08639698176482935,0.2690826521344234,-0.03442480148583993,0.18131919217410375,0.12082178325066928,0.08776345996031965,0.11724280990849131,0.11659414650864275
2022-07-01,AMGN,top100,40.9875171348003,33.96861970594689,56.55612244897959,58.98258850841553,1,57,4,72,-0.054288163431626124,-0.04950138929691428,-0.03442480148583993,0.18131919217410375,-0.019863361945786195,-0.23082058147101803,-0.023442335287964158,-0.20198989492269492
2022-07-01,PGR,top100,40.833615406393236,44.15185429010314,22.76348220447599,53.7462096242584,2,58,5,72,0.017917990663735006,0.11277581469849962,-0.03442480148583993,0.18131919217410375,0.052342792149574935,-0.06854337747560413,0.04876381880739697,-0.039712690927281025
2022-07-01,INTC,top100,38.5555372686709,20.151415404871624,92.24773242630386,60.0,2,59,5,72,-0.25034984647655667,-0.069200947726071,-0.03442480148583993,0.18131919217410375,-0.21592504499071674,-0.25052013990017474,-0.2195040183328947,-0.22168945335185164
2022-07-01,C,top100,37.358665013966835,16.910247970155805,97.60745717428885,60.0,1,60,5,72,-0.0830039330638912,0.04137366080901694,-0.03442480148583993,0.18131919217410375,-0.04857913157805127,-0.1399455313650868,-0.05215810492022924,-0.1111148448167637
2022-07-01,SYK,top100,34.91049055259706,26.826859776168533,52.573696145124714,56.16949480254148,0,61,5,72,0.03282088967224084,0.47583927703590434,-0.03442480148583993,0.18131919217410375,0.06724569115808077,0.2945200848618006,0.0636667178159028,0.3233507714101237
2022-07-01,MDT,top100,34.10322654335757,20.20847048496818,65.75113378684807,68.07070446510228,0,62,5,72,-0.08775208780452493,-0.017256770304671654,-0.03442480148583993,0.18131919217410375,-0.053327286318685,-0.1985759624787754,-0.05690625966086296,-0.1697452759304523
2022-07-01,ETN,top100,33.682083701020865,29.26486723721747,35.821995464852606,60.3227754199811,0,63,5,72,0.08770794090990708,0.5941152148218067,-0.03442480148583993,0.18131919217410375,0.12213274239574701,0.412796022647703,0.11855376905356904,0.4416267091960261
2022-07-01,HON,top100,33.40159725090462,25.12617950405969,45.994897959183675,66.14292006226106,0,64,5,72,-0.006886319896903914,0.20313350579095535,-0.03442480148583993,0.18131919217410375,0.027538481588936015,0.0218143136168516,0.023959508246758052,0.0506450001651747
2022-07-01,FISV,top100,32.83686685810683,19.916611806012728,60.034013605442176,68.88435872809487,0,65,5,72,0.030676171959386433,0.349103478073018,-0.03442480148583993,0.18131919217410375,0.06510097344522636,0.16778428589891425,0.061522000103048397,0.19661497244723736
2022-07-01,T,top100,31.768053846691693,11.41101601931095,95.03257022366142,47.73828588441743,0,66,5,72,-0.24393139763370508,-0.1998587109451524,-0.03442480148583993,0.18131919217410375,-0.20950659614786515,-0.38117790311925615,-0.21308556949004312,-0.35234721657093304
2022-07-01,BSX,top100,28.245486084357324,19.701558042571868,37.54861497949056,69.44672458658908,1,67,5,72,0.04919757958432003,0.40094711917916337,-0.03442480148583993,0.18131919217410375,0.08362238107015996,0.21962792700505962,0.08004340772798199,0.24845861355338272
2022-07-01,WMT,top100,27.893219530366984,17.184551239850776,44.01643990929705,70.60745680612028,0,68,5,72,0.08543925772601368,0.3101089519808049,-0.03442480148583993,0.18131919217410375,0.11986405921185361,0.12878975980670115,0.11628508586967565,0.15762044635502426
2022-07-01,ORCL,top100,27.68123999553876,17.091836734693878,43.27097505668934,70.62759269915179,1,69,5,72,-0.10593828837570352,0.6651405454626877,-0.03442480148583993,0.18131919217410375,-0.07151348688986359,0.483821353288584,-0.07509246023204155,0.5126520398369071
2022-07-01,DIS,top100,26.541490094202636,19.453587886767608,34.61989286732657,60.0,2,70,5,72,0.010297831436975935,-0.06604923305347488,-0.03442480148583993,0.18131919217410375,0.044722632922815864,-0.24736842522757863,0.0411436595806379,-0.21853773867925552
2022-07-01,TMUS,top100,23.265290928020192,21.505376344086024,12.142857142857144,57.829560585885474,2,71,5,72,0.015276776255806146,0.02010073816226643,-0.03442480148583993,0.18131919217410375,0.049701577741646075,-0.16121845401183732,0.04612260439946811,-0.13238776746351422
2022-07-01,IBM,top100,20.394836831484348,10.352205398288348,38.74716553287982,53.9885994610654,2,72,5,72,-0.12811140208176275,0.00014300546231260647,-0.03442480148583993,0.18131919217410375,-0.09368660059592282,-0.18117618671179114,-0.09726557393810079,-0.15234550016346804
2022-10-03,PFE,top100,81.67764520641106,79.38341293964393,95.36939251224966,70.35377646210372,0,1,1,81,0.1712580532673258,-0.21493863224508225,0.04353045558573543,0.1765778024108151,0.12772759768159037,-0.39151643465589736,0.057932129310382816,-0.382155457126415
2022-10-03,AVGO,top100,80.9526216103846,85.37993920972644,74.35849339735894,63.14965484104309,0,2,1,81,0.22180844900702157,0.8514379069821334,0.04353045558573543,0.1765778024108151,0.17827799342128614,0.6748601045713183,0.10848252505007859,0.6842210821008006
2022-10-03,COP,top100,78.7553449630002,85.46244029526704,63.28648810136006,62.74339136041264,0,3,1,81,0.039017341040462394,0.07382674694005997,0.04353045558573543,0.1765778024108151,-0.004513114545273034,-0.10275105547075514,-0.07430858291648058,-0.0933900779412728
2022-10-03,VRTX,top100,76.21243960685045,82.11029092488059,66.39141104410601,54.56953750612843,0,4,1,81,-0.0383619675217699,0.18673301280973686,0.04353045558573543,0.1765778024108151,-0.08189242310750533,0.010155210398921755,-0.15168789147871287,0.019516187928404094
2022-10-03,AAPL,top100,73.28556584716479,82.02344767694312,48.001700680272116,62.68812337250186,0,5,1,81,-0.12055092964367353,0.22632661562179268,0.04353045558573543,0.1765778024108151,-0.16408138522940896,0.04974881321097757,-0.2338768536006165,0.05910979074045991
2022-10-03,MRK,top100,71.70822159309327,69.80026052974382,85.70488478666593,57.070622649394075,0,6,1,81,0.2778572460350026,0.1989101130920652,0.04353045558573543,0.1765778024108151,0.23432679044926719,0.022332310681250078,0.16453132207805965,0.03169328821073242
2022-10-03,CVX,top100,70.70839379984916,65.46678245766391,87.593537414966,73.6293859649123,0,7,1,81,0.1555782715934655,0.11372371360755196,0.04353045558573543,0.1765778024108151,0.11204781600773006,-0.06285408880326315,0.04225234763652251,-0.05349311127378081
2022-10-03,ANET,top100,70.38878364758418,77.78983933999132,39.81292517006803,79.73311075576649,0,8,1,81,0.04385737719071048,0.6060606060606062,0.04353045558573543,0.1765778024108151,0.0003269216049750501,0.4294828036497911,-0.0694685467662325,0.4388437811792734
2022-10-03,XOM,top100,70.37150077976719,66.31784628745115,86.81523228775556,65.85961921000283,0,9,1,81,0.1680538554173534,0.25306613982019255,0.04353045558573543,0.1765778024108151,0.12452339983161798,0.07648833740937744,0.054727931460410426,0.08584931493885978
2022-10-03,ABBV,top100,66.17827753259006,64.74381241858445,68.39002267573697,71.79604304433542,1,10,1,81,0.1858893325156139,0.11105798715846671,0.04353045558573543,0.1765778024108151,0.14235887692987848,-0.0655198152523484,0.07256340855867092,-0.05615883772286606
2022-10-03,PM,top100,65.20332046854709,62.24489795918367,77.61904761904762,61.080823733090014,0,11,1,81,0.20652715149255996,0.13284911942984756,0.04353045558573543,0.1765778024108151,0.16299669590682453,-0.04372868298096755,0.09320122753561698,-0.03436770545148521
2022-10-03,BMY,top100,64.54962399618654,62.62700825010855,72.29543466988616,62.516312871333184,0,12,1,81,0.032330105439291046,-0.16908407311761942,0.04353045558573543,0.1765778024108151,-0.011200350146444382,-0.3456618755284345,-0.08099581851765193,-0.3363008979989522
2022-10-03,LLY,top100,63.02253765807438,77.88102475032566,12.132116004296456,60.79397131987121,2,13,1,81,0.13826199299411202,0.6706783440021871,0.04353045558573543,0.1765778024108151,0.09473153740837659,0.49410054159137196,0.024936069037169037,0.5034615191208542
2022-10-03,QCOM,top100,62.90461346395169,57.08206686930091,84.73583327720527,60.0,1,14,1,81,-0.07964927214823614,-0.03778239491045143,0.04353045558573543,0.1765778024108151,-0.12317972773397157,-0.21436019732126654,-0.1929751961051791,-0.2049992197917842
2022-10-03,MRSH,top100,62.61331952408609,65.43638732088581,51.86507936507937,64.34832526450141,0,15,1,81,0.07565387477908136,0.25176235854142326,0.04353045558573543,0.1765778024108151,0.03212341919334594,0.07518455613060815,-0.03767204917786161,0.08454553366009049
2022-10-03,KLAC,top100,62.397891813411796,56.411202778983935,75.51303854875283,78.0744215837248,1,16,1,81,0.19370250582464155,0.475248141193896,0.04353045558573543,0.1765778024108151,0.15017205023890612,0.2986703387830809,0.08037658186769857,0.30803131631256325
2022-10-03,MSFT,top100,62.18219511115507,62.5054277029961,56.59863945578232,71.0866782790133,0,17,1,81,-0.0020139085019388325,0.33771425677247535,0.04353045558573543,0.1765778024108151,-0.04554436408767426,0.16113645436166024,-0.11533983245888181,0.17049743189114258
2022-10-03,KO,top100,61.89442641038948,65.1411202778984,54.24159518880016,54.473231781005666,0,18,2,81,0.11908982111487254,0.0013663330027582354,0.04353045558573543,0.1765778024108151,0.07555936552913711,-0.17521146940805687,0.005763897157929562,-0.16585049187857454
2022-10-03,ADP,top100,61.7998847086361,69.95657837603127,28.435374149659864,71.4320501548224,0,19,2,81,0.028252460967087334,0.07308308003243891,0.04353045558573543,0.1765778024108151,-0.015277994618648094,-0.1034947223783762,-0.08507346298985564,-0.09413374484889386
2022-10-03,AMAT,top100,60.298366864476286,55.201910551454624,78.28514739229026,60.0,1,20,2,81,0.12423850264816538,0.6305078246698781,0.04353045558573543,0.1765778024108151,0.08070804706242996,0.453930022259063,0.010912578691222405,0.4632909997885453
2022-10-03,MA,top100,59.11070242564416,61.20712114633087,49.83660668568503,62.983962860755526,0,21,2,81,0.19581193190333868,0.36404277641126015,0.04353045558573543,0.1765778024108151,0.15228147631760325,0.18746497400044504,0.0824860079463957,0.19682595152992738
2022-10-03,TXN,top100,58.908306924304696,55.41467650890144,66.48526077097505,68.20981213878689,0,22,2,81,0.029224919871119637,0.018108003337181655,0.04353045558573543,0.1765778024108151,-0.014305535714615791,-0.15846979907363345,-0.08410100408582334,-0.14910882154415112
2022-10-03,JNJ,top100,57.820896662576196,56.352583586626146,64.56088422955892,54.619113060261085,0,23,2,81,0.09889808902331354,-0.019654818766809856,0.04353045558573543,0.1765778024108151,0.05536763343757811,-0.19623262117762497,-0.014427834933629438,-0.18687164364814263
2022-10-03,AXP,top100,57.4191589162561,54.05992184107686,63.32656718601419,69.1190019029946,0,24,2,81,0.054718358411737,0.06238779611884282,0.04353045558573543,0.1765778024108151,0.011187902826001572,-0.11419000629197229,-0.05860756554520598,-0.10482902876248995
2022-10-03,SCHW,top100,56.84839085472908,56.00955275727313,47.76643990929705,80.88415942778482,0,25,2,81,0.12234549847405907,-0.28717458152224173,0.04353045558573543,0.1765778024108151,0.07881504288832364,-0.46375238393305684,0.009019574517116088,-0.4543914064035745
2022-10-03,AMGN,top100,56.83458779238031,52.73773339122883,72.01814058956917,55.145463006063,1,26,2,81,0.14325717115216907,0.19065442483804151,0.04353045558573543,0.1765778024108151,0.09972671556643364,0.014076622427226404,0.029931247195226093,0.023437599956708743
2022-10-03,UNH,top100,55.806151843012586,62.46634824142423,29.0702947845805,62.656491170995295,1,27,2,81,0.009172907175354128,0.005097054865992767,0.04353045558573543,0.1765778024108151,-0.0343575484103813,-0.17148074754482234,-0.10415301678158885,-0.16211977001534
2022-10-03,PG,top100,55.29363129651948,52.80069474598349,63.7329931972789,55.8654633487525,0,28,2,81,0.1878117406317945,0.16560924013923128,0.04353045558573543,0.1765778024108151,0.14428128504605908,-0.010968562271583826,0.07448581667485153,-0.0016075847421014866
2022-10-03,COST,top100,54.82349295952135,61.32001736864959,25.54421768707483,67.90637264051672,0,29,2,81,-0.0494667914923651,0.2059380427383175,0.04353045558573543,0.1765778024108151,-0.09299724707810053,0.029360240327502396,-0.16279271544930807,0.038721217856984735
2022-10-03,MCD,top100,54.51853358743088,59.94897959183673,35.861678004535136,53.819122722381486,0,30,2,81,0.1295089209411191,0.11119164122340597,0.04353045558573543,0.1765778024108151,0.08597846535538367,-0.06538616118740914,0.01618299698417612,-0.0560251836579268
2022-10-03,SPGI,top100,54.04135864636593,47.5119409465914,70.8116537503513,66.20669233681687,0,31,2,81,0.06727382758028888,0.1622388340731773,0.04353045558573543,0.1765778024108151,0.023743371994553453,-0.014338968337637814,-0.0460520963766541,-0.004977990808155475
2022-10-03,DE,top100,53.81562481124172,51.695614415979165,50.4563492063492,75.37424878786464,1,32,2,81,0.23667145080386942,0.10958200740604007,0.04353045558573543,0.1765778024108151,0.193140995218134,-0.06699579500477504,0.12334552684692644,-0.0576348174752927
2022-10-03,CB,top100,52.66949645870908,48.63656100738167,64.57656718601419,57.08590316339067,0,33,2,81,0.18449131534489704,0.12890885073838732,0.04353045558573543,0.1765778024108151,0.14096085975916162,-0.047668951672427795,0.07116539138795407,-0.038307974142945456
2022-10-03,MU,top100,51.49325758672263,41.39383412939644,82.58786848072562,60.0,1,34,3,81,-0.021826769728762185,0.3278450993263904,0.04353045558573543,0.1765778024108151,-0.06535722531449761,0.15126729691557528,-0.13515269368570515,0.16062827444505762
2022-10-03,CAT,top100,51.47012563078498,45.76204950065132,63.91439909297052,66.53811161734951,0,35,3,81,0.40441707937357796,0.5818815699775566,0.04353045558573543,0.1765778024108151,0.36088662378784253,0.40530376756674147,0.291091155416635,0.4146647450962238
2022-10-03,ACN,top100,51.30774350195016,46.87364307425098,58.0640589569161,68.83381558591257,0,36,3,81,0.024809990769996126,0.18690514489647247,0.04353045558573543,0.1765778024108151,-0.0187204648157393,0.010327342485657365,-0.08851593318694685,0.019688320015139704
2022-10-03,ADI,top100,50.66901700280457,49.066435084672165,46.442743764172334,70.33963690699592,0,37,3,81,0.12432416925229384,0.21996663327051325,0.04353045558573543,0.1765778024108151,0.08079371366655841,0.043388830859698135,0.010998245295350859,0.052749808389180475
2022-10-03,BLK,top100,50.607339723591394,41.14633087277464,77.9753675663814,62.09834599372872,0,38,3,81,0.251831041366255,0.14371097038551106,0.04353045558573543,0.1765778024108151,0.20830058578051958,-0.03286683202530405,0.13850511740931204,-0.02350585449582171
2022-10-03,LMT,top100,50.57154937590247,47.37733391228832,54.34807256235828,65.37801124828987,1,39,3,81,0.20205064516819737,0.03028443239909251,0.04353045558573543,0.1765778024108151,0.15852018958246195,-0.1462933700117226,0.0887247212112544,-0.13693239248224026
2022-10-03,BX,top100,50.56305166989904,46.79982631350413,59.01586625223075,60.0,1,40,3,81,-0.11122317542811866,0.24934178693804698,0.04353045558573543,0.1765778024108151,-0.1547536310138541,0.07276398452723187,-0.22454909938506162,0.08212496205671421
2022-10-03,INTU,top100,50.5089144528419,50.421189752496744,40.22675736961451,71.68730152171284,1,41,3,81,-0.012300676502112529,0.31378800368835735,0.04353045558573543,0.1765778024108151,-0.05583113208784796,0.13721020127754224,-0.1256266004590555,0.14657117880702458
2022-10-03,GS,top100,50.41761716552874,36.17889709075119,85.63866944627313,79.64655312748273,0,42,3,81,0.1649362299880106,0.06253941107113836,0.04353045558573543,0.1765778024108151,0.12140577440227518,-0.11403839133967675,0.05161030603106763,-0.10467741381019441
2022-10-03,ABT,top100,50.37578041179644,39.79591836734694,76.7063492063492,71.77367713383744,0,43,3,81,0.10628050920808518,-0.0204568396221273,0.04353045558573543,0.1765778024108151,0.06275005362234976,-0.1970346420329424,-0.007045414748857795,-0.18767366450346007
2022-10-03,ICE,top100,49.898423989372915,37.659574468085104,85.69032989539903,63.986558826335354,0,44,3,81,0.1161390807486038,0.1928195794253944,0.04353045558573543,0.1765778024108151,0.07260862516286837,0.016241777014579295,0.0028131567916608174,0.025602754544061634
2022-10-03,PLD,top100,49.739785606192015,42.444637429439865,70.14269702792058,60.0,1,45,3,81,0.08706126369839406,0.06853504721207515,0.04353045558573543,0.1765778024108151,0.04353080811265864,-0.10804275519873996,-0.026264660258548914,-0.09868177766925762
2022-10-03,MDLZ,top100,49.64003034408861,43.74728614850195,67.48015873015873,55.20898294105501,0,46,3,81,0.18250049688780967,0.24670233763575866,0.04353045558573543,0.1765778024108151,0.13897004130207424,0.07012453522494355,0.06917457293086669,0.07948551275442589
2022-10-03,DHR,top100,48.565027317775,46.365610073816754,44.01077097505669,73.06946071091929,0,47,3,81,-0.023315498586381378,-0.090331551571596,0.04353045558573543,0.1765778024108151,-0.0668459541721168,-0.2669093539824111,-0.13664142254332434,-0.2575483764529288
2022-10-03,BAC,top100,47.32869016481827,33.252279635258354,89.3839148562651,61.75311448884404,0,48,3,81,0.08414119789184693,-0.14148950546597727,0.04353045558573543,0.1765778024108151,0.0406107423061115,-0.3180673078767924,-0.029184726065096048,-0.30870633034731004
2022-10-03,MS,top100,47.24028973088728,37.58141554494138,66.6759929778363,75.98100253861048,0,49,3,81,0.07677676362151287,0.01952380346753846,0.04353045558573543,0.1765778024108151,0.03324630803577744,-0.15705399894327665,-0.03654916033543011,-0.1476930214137943
2022-10-03,NEE,top100,47.21347309955435,47.88536691272254,35.08972714768967,66.75770831110637,3,50,4,81,0.037760616161825356,-0.36086461417420646,0.04353045558573543,0.1765778024108151,-0.0057698394239100725,-0.5374424165850216,-0.07556530779511762,-0.5280814390555393
2022-10-03,UNP,top100,46.551909465415946,37.74424663482414,66.93310657596372,67.44315505846302,1,51,4,81,0.04293848380627163,0.036077388427852686,0.04353045558573543,0.1765778024108151,-0.0005919717794637958,-0.14050041398296242,-0.07038744015067135,-0.13113943645348008
2022-10-03,TMO,top100,46.425616120031115,41.76726009552757,51.41439909297053,69.05654234567714,0,52,4,81,0.05840274066349793,-0.03673709240299938,0.04353045558573543,0.1765778024108151,0.014872285077762504,-0.2133148948138145,-0.054923183293445046,-0.20395391728433215
2022-10-03,PEP,top100,45.843181808407664,43.245766391663054,47.191043083900226,61.329367174634754,1,53,4,81,0.09246086616769711,0.050044059333235635,0.04353045558573543,0.1765778024108151,0.04893041058196168,-0.12653374307757947,-0.02086505778924587,-0.11717276554809714
2022-10-03,GILD,top100,45.68418547777898,34.06426400347373,75.12695429048813,68.13809817249745,0,54,4,81,0.38154867643204526,0.2446125396779173,0.04353045558573543,0.1765778024108151,0.33801822084630984,0.06803473726710219,0.2682227524751023,0.07739571479658452
2022-10-03,CSCO,top100,45.38593703916648,31.346070343030828,84.97309529872555,64.49068739299788,0,55,4,81,0.17184124319787752,0.3465766034057991,0.04353045558573543,0.1765778024108151,0.1283107876121421,0.169998800994984,0.058515319240934546,0.17935977852446633
2022-10-03,TJX,top100,44.874639853991745,38.68866695614416,52.037981859410436,73.84976612808748,0,56,4,81,0.2613249488989551,0.42216433289832356,0.04353045558573543,0.1765778024108151,0.21779449331321965,0.24558653048750845,0.14799902494201211,0.2549475080169908
2022-10-03,JPM,top100,44.529412798296725,27.394702561875818,93.95682466535001,65.61756071913658,0,57,4,81,0.26546817184198535,0.37243782356394384,0.04353045558573543,0.1765778024108151,0.22193771625624992,0.19586002115312873,0.15214224788504238,0.20522099868261107
2022-10-03,VZ,top100,44.265390233973626,26.74337820234477,98.27097505668934,58.908304809944156,1,58,4,81,0.041779029717245786,-0.13923450724908548,0.04353045558573543,0.1765778024108151,-0.0017514258684896422,-0.3158123096599006,-0.07154689423969719,-0.30645133213041825
2022-10-03,LIN,top100,42.76108787951393,36.27876682587929,54.60950860791243,64.44049379815942,0,59,4,81,0.15822222052397983,0.3922107994199653,0.04353045558573543,0.1765778024108151,0.1146917649382444,0.21563299700915017,0.04489629656703685,0.2249939745386325
2022-10-03,CMCSA,top100,42.46868818449366,24.811115935735998,95.50453514739229,60.0,1,60,4,81,0.18072545345856184,0.4738797437121618,0.04353045558573543,0.1765778024108151,0.1371949978728264,0.2973019413013467,0.06739952950161886,0.306662918830829
2022-10-03,LOW,top100,42.266805181935474,28.06122448979592,73.6422902494331,78.95489989191711,0,61,4,81,0.03198535615585674,0.05030021892010583,0.04353045558573543,0.1765778024108151,-0.011545099429878691,-0.12627758349070928,-0.08134056780108624,-0.11691660596122694
2022-10-03,ISRG,top100,41.9497515318184,35.1063829787234,56.87641723356009,60.0,2,62,4,81,0.37375879189077366,0.5012412081092261,0.04353045558573543,0.1765778024108151,0.33022833630503823,0.324663405698411,0.2604328679338307,0.33402438322789335
2022-10-03,HD,top100,40.22639387529801,24.778549717759446,74.90079365079364,79.01250342707671,1,63,4,81,0.12027198605424316,0.058610578113091893,0.04353045558573543,0.1765778024108151,0.07674153046850773,-0.11796722429772322,0.006946062097300185,-0.10860624676824088
2022-10-03,SBUX,top100,40.22219397256974,27.80612244897959,57.9421768707483,91.6947288413437,0,64,4,81,0.1844137469774143,0.08719581211092242,0.04353045558573543,0.1765778024108151,0.14088329139167888,-0.08938199029989269,0.07108782302047133,-0.08002101277041035
2022-10-03,PGR,top100,39.47940963916375,42.13634389926183,18.283593007095313,63.27250308261405,3,65,4,81,0.08088448222165967,0.18418699357273338,0.04353045558573543,0.1765778024108151,0.03735402663592424,0.007609191161918272,-0.03244144173528331,0.01697016869140061
2022-10-03,C,top100,39.14559069888752,19.32262266608771,98.0987741631306,60.0,1,66,5,81,0.08810629584384966,-0.022771914907357083,0.04353045558573543,0.1765778024108151,0.04457584025811423,-0.1993497173181722,-0.02521962811309332,-0.18998873978868985
2022-10-03,WFC,top100,38.750139217844406,19.97828918801563,84.99286811498794,77.66763163235875,0,67,5,81,0.011522116876308885,-0.03580903621350773,0.04353045558573543,0.1765778024108151,-0.03200833870942654,-0.21238683862432284,-0.10180380708063409,-0.2030258610948405
2022-10-03,TMUS,top100,37.71379257596213,41.684759009986976,11.998299319727892,61.348014050256666,3,68,5,81,0.0010078217874258666,-0.006047687915981981,0.04353045558573543,0.1765778024108151,-0.04252263379830956,-0.1826254903267971,-0.11231810216951711,-0.17326451279731475
2022-10-03,RTX,top100,37.52788372557916,35.214937038645246,33.603758335017176,61.56676131524049,0,69,5,81,0.2200823599017756,-0.13544617285631255,0.04353045558573543,0.1765778024108151,0.17655190431604018,-0.31202397526712766,0.10675643594483263,-0.3026629977376453
2022-10-03,T,top100,36.053311957777694,14.589665653495441,98.64280275455816,61.11985449419252,1,70,5,81,0.1995461647783039,-0.018019927920288392,0.04353045558573543,0.1765778024108151,0.15601570919256846,-0.1945977303311035,0.08622024082136091,-0.18523675280162116
2022-10-03,CRM,top100,35.710074939733786,31.063829787234045,39.82697044334976,60.0,5,71,5,81,-0.08870872333283819,0.3649081609631817,0.04353045558573543,0.1765778024108151,-0.13223917891857362,0.18833035855236657,-0.20203464728978116,0.1976913360818489
2022-10-03,IBM,top100,35.14218170371713,28.57359965262701,47.63888888888889,56.12884169100442,2,72,5,81,0.1788137987527043,0.21933573640309367,0.04353045558573543,0.1765778024108151,0.13528334316696888,0.04275793399227856,0.06548787479576133,0.0521189115217609
2022-10-03,HON,top100,34.806921841872516,26.643508467216673,46.105442176870746,69.35377479446697,0,73,5,81,0.2445064786585367,0.0768991361788618,0.04353045558573543,0.1765778024108151,0.20097602307280127,-0.09967866623195332,0.13118055470159373,-0.09031768870247098
2022-10-03,ETN,top100,33.82605471808695,28.653929656969172,33.29648526077097,71.09006906054333,0,74,5,81,0.15075087067207815,0.5486336112060395,0.04353045558573543,0.1765778024108151,0.10722041508634272,0.3720558087952244,0.037424946715135174,0.3814167863247067
2022-10-03,MDT,top100,33.46793670721687,16.29613547546678,76.74886621315193,67.10868631759743,0,75,5,81,-0.04526910048927357,-0.04609710199473094,0.04353045558573543,0.1765778024108151,-0.088799556075009,-0.22267490440554605,-0.15859502444621654,-0.2133139268760637
2022-10-03,FISV,top100,33.23008971510126,21.754233608336953,60.16156462585034,59.69813264095323,0,76,5,81,0.06067910291343526,0.18392370572207084,0.04353045558573543,0.1765778024108151,0.01714864732769983,0.00734590331125573,-0.05264682104350772,0.01670688084073807
2022-10-03,SYK,top100,32.81102486044047,22.06252713851498,52.68990929705216,68.2927400406955,0,77,5,81,0.1761151832357113,0.28276971764293757,0.04353045558573543,0.1765778024108151,0.13258472764997586,0.10619191523212246,0.06278925927876831,0.1155528927616048
2022-10-03,ORCL,top100,30.8573355617973,21.683673469387756,46.003401360544224,64.78083861117022,1,78,5,81,0.3340262437742416,0.7258579149573485,0.04353045558573543,0.1765778024108151,0.2904957881885062,0.5492801125465334,0.22070031981729865,0.5586410900760157
2022-10-03,WMT,top100,30.375445434490768,21.163699522362133,43.52607709750567,68.55640349336137,0,79,5,81,0.08761310674430489,0.23341674276294722,0.04353045558573543,0.1765778024108151,0.044082651158569464,0.056838940352132106,-0.025712817212638087,0.06619991788161445
2022-10-03,DIS,top100,27.35529844927311,20.06079027355623,36.56372628891876,60.0,2,80,5,81,-0.08401177823532469,-0.1833622338296148,0.04353045558573543,0.1765778024108151,-0.1275422338210601,-0.3599400362404299,-0.19733770219226765,-0.3505790587109476
2022-10-03,BSX,top100,26.505736845491956,17.629179331306993,38.45373840189508,64.74563633198045,1,81,5,81,0.15371113340020037,0.2926278836509526,0.04353045558573543,0.1765778024108151,0.11018067781446494,0.11605008124013749,0.040385209443257394,0.12541105876961983
2023-01-03,COP,top100,84.33283590525984,88.33619080446393,69.6684995076283,85.63802440609433,0,1,1,76,-0.031319366678489224,0.0675843160071894,0.08323751235465848,0.24568572165349067,-0.11455687903314771,-0.17810140564630128,-0.05831429679509843,-0.09858956087769055
2023-01-03,VRTX,top100,76.01342107018024,76.77838408888451,74.9166640421149,72.85219399538107,0,2,1,76,0.10597161037689684,0.45496818404307393,0.08323751235465848,0.24568572165349067,0.022734098022238358,0.20928246238958326,0.07897668026028763,0.288794307158194
2023-01-03,XOM,top100,74.79514390539083,73.02420419802051,86.78303344019665,63.21594278737135,0,3,1,76,0.09870993087777791,-0.006540597360401801,0.08323751235465848,0.24568572165349067,0.015472418523119424,-0.2522263190138925,0.0717150007611687,-0.17271447424528175
2023-01-03,CVX,top100,73.04578925839199,70.27324287907749,86.50076998153213,65.54365246731338,0,4,1,76,-0.014585137152828942,-0.10006607675626134,0.08323751235465848,0.24568572165349067,-0.09782264950748742,-0.345751798409752,-0.04158006726943815,-0.2662399536411413
2023-01-03,REGN,top100,70.90040978689525,71.65713927597798,71.68858264955466,64.02695763799741,0,5,1,76,0.14673745675213157,0.2660763538715931,0.08323751235465848,0.24568572165349067,0.06349994439747308,0.020390632218102445,0.11974252663552236,0.09990247698671317
2023-01-03,ANET,top100,70.72404582458421,78.33399734098509,43.12597891390233,72.65051903114187,0,6,1,76,0.3873128773467869,0.9068728806550328,0.08323751235465848,0.24568572165349067,0.3040753649921284,0.6611871590015421,0.3603179472301777,0.7406990037701529
2023-01-03,AVGO,top100,69.64614548860428,68.42827150601411,71.0715918077149,75.32037072851423,0,7,1,76,0.16913704582482225,0.9384349270835113,0.08323751235465848,0.24568572165349067,0.08589953347016377,0.6927492054300206,0.14214211570821306,0.7722610501986313
2023-01-03,MRK,top100,68.22810267327628,73.7971986337856,56.80013655543096,52.10036318540172,0,8,1,76,-0.013614819646154741,0.0822741250402641,0.08323751235465848,0.24568572165349067,-0.09685233200081322,-0.16341159661322657,-0.04060974976276395,-0.08389975184461584
2023-01-03,ADP,top100,66.18338283100991,73.45924858208254,35.756510507983265,76.1060672195548,0,9,1,76,-0.08256420701516265,0.005514418777977426,0.08323751235465848,0.24568572165349067,-0.16580171936982113,-0.24017130287551325,-0.10955913713177186,-0.16065945810690252
2023-01-03,PFE,top100,64.57046083155791,57.223433352283664,90.11939075528349,64.90179333902647,0,10,1,76,-0.18592199602707837,-0.4067510383772519,0.08323751235465848,0.24568572165349067,-0.26915950838173686,-0.6524367600307426,-0.21291692614368757,-0.5729249152621319
2023-01-03,ABBV,top100,63.694807527150786,66.76779727025709,57.095314070645436,55.38286623841738,1,11,1,76,-0.0026786562391161173,0.03450379423529526,0.08323751235465848,0.24568572165349067,-0.0859161685937746,-0.21118192741819541,-0.029673586355725326,-0.13167008264958469
2023-01-03,LLY,top100,62.35319989289815,77.57698385342293,13.012378762320624,54.46835443037974,2,12,1,76,-0.03593308661487016,0.7002142317666891,0.08323751235465848,0.24568572165349067,-0.11917059896952864,0.4545285101131984,-0.06292801673147937,0.5340403548818091
2023-01-03,MSFT,top100,62.33912723153274,59.98594392791115,60.73485751688992,82.0199497861696,0,13,1,76,0.20189230082413445,0.5493878558654959,0.08323751235465848,0.24568572165349067,0.11865478846947597,0.3037021342120052,0.17489737070752526,0.38321397898061593
2023-01-03,KLAC,top100,62.15053497777025,58.314077111432425,69.02783622039881,75.25113755687786,1,14,1,76,0.06301454097249093,0.4687809685380242,0.08323751235465848,0.24568572165349067,-0.020222971382167554,0.22309524688453353,0.03601961085588172,0.30260709165314426
2023-01-03,MRSH,top100,61.70114257840817,67.22477628910744,43.849114914783115,58.73976193076334,0,15,1,76,0.01943301750386106,0.170322612029,0.08323751235465848,0.24568572165349067,-0.06380449485079742,-0.07536310962449067,-0.007561912612748148,0.004148735144120064
2023-01-03,UNH,top100,61.48045886923308,66.00149513633048,44.87978352853169,63.03455568095415,0,16,1,76,-0.04374852273466201,0.0674677530394252,0.08323751235465848,0.24568572165349067,-0.1269860350893205,-0.17821796861406547,-0.07074345285127122,-0.09870612384545474
2023-01-03,KO,top100,60.0591474191891,67.10829890192534,39.09228617730209,52.64880952380951,0,17,2,76,-0.0011346038312258777,-0.020724137991786518,0.08323751235465848,0.24568572165349067,-0.08437211618588436,-0.2664098596452772,-0.028129533947835086,-0.18689801487666646
2023-01-03,TXN,top100,59.672701683051166,55.58115591048879,71.84433223461205,63.970260987866055,0,18,2,76,0.13640349051666556,0.039341662737595096,0.08323751235465848,0.24568572165349067,0.05316597816200708,-0.20634405891589558,0.10940856040005635,-0.12683221414728485
2023-01-03,BMY,top100,58.86368058734017,54.41562104113416,71.1646262013948,65.39820618267298,0,19,2,76,-0.027935361589490504,-0.2454985131204862,0.08323751235465848,0.24568572165349067,-0.11117287394414899,-0.4911842347739769,-0.05493029170609971,-0.41167239000536615
2023-01-03,MA,top100,57.42632371213482,60.89034473188267,40.7327554677785,66.56531306261252,0,20,2,76,0.05843345815636636,0.21779456633482108,0.08323751235465848,0.24568572165349067,-0.024804054198292125,-0.02789115531866959,0.03143852803975715,0.05162068944994114
2023-01-03,ADBE,top100,57.056972713272415,50.16106288973145,69.18437478084016,81.07353734292373,0,21,2,76,0.12810162649887213,0.6830404843879851,0.08323751235465848,0.24568572165349067,0.04486411414421365,0.4373547627344945,0.10110669638226293,0.5168666075031052
2023-01-03,DE,top100,56.19494270612971,57.07671750428621,51.32930663674405,59.75379125780552,1,22,2,76,-0.01885898087015403,-0.06270971345391285,0.08323751235465848,0.24568572165349067,-0.10209649322481251,-0.3083954351074035,-0.04585391098676324,-0.2288835903387928
2023-01-03,PEP,top100,55.82854378254986,60.719724608422005,38.147018257474805,56.95332905159496,0,23,2,76,0.02409738639015435,-0.01681953308103612,0.08323751235465848,0.24568572165349067,-0.05914012596450413,-0.2625052547345268,-0.002897543726454857,-0.18299340996591607
2023-01-03,AXP,top100,55.70441088662287,50.067684015918275,63.0166959256821,80.53692890343652,0,24,2,76,0.11709948858018748,0.2950060104275585,0.08323751235465848,0.24568572165349067,0.033861976225529,0.0493202887740678,0.09010455846357827,0.12883213354267853
2023-01-03,GILD,top100,55.69795758337238,58.906715131764486,42.96894820507332,58.69467350122575,1,25,2,76,-0.015896060369722465,0.02755791404059771,0.08323751235465848,0.24568572165349067,-0.09913357272438095,-0.21812780761289297,-0.04289099048633167,-0.13861596284428224
2023-01-03,AMGN,top100,55.32202422147951,51.58990290566764,59.74109918881642,72.60872349748882,1,26,2,76,-0.057536175272468126,0.19884488094675978,0.08323751235465848,0.24568572165349067,-0.1407736876271266,-0.04684084070673089,-0.08453110538907734,0.03267100406187984
2023-01-03,SPGI,top100,55.00651177996367,46.685631918922425,67.05344871395077,89.1587969392781,0,27,2,76,0.03581035510893904,0.294353463204027,0.08323751235465848,0.24568572165349067,-0.04742715724571944,0.048667741550536325,0.008815424992329832,0.12817958631914705
2023-01-03,JNJ,top100,54.257719898677344,56.69449530195934,48.30486363324554,49.10600460656703,0,28,2,76,-0.11342875579940404,-0.07119203953496078,0.08323751235465848,0.24568572165349067,-0.19666626815406252,-0.31687776118845146,-0.14042368591601323,-0.23736591641984073
2023-01-03,MCD,top100,53.92345867076399,61.13507258573532,24.98839913972462,61.31228032804347,1,29,2,76,0.07354098826969291,0.12868318909559373,0.08323751235465848,0.24568572165349067,-0.009696524084965574,-0.11700253255789694,0.0465460581530837,-0.037490687789286214
2023-01-03,CB,top100,53.71497508324779,53.43460569136626,56.031563162899566,51.04438466711501,1,30,2,76,-0.10515499982272225,0.047146892321510814,0.08323751235465848,0.24568572165349067,-0.18839251217738073,-0.19853882933197986,-0.13214992993933145,-0.11902698456336913
2023-01-03,SCHW,top100,53.62823330933294,55.25692619666862,39.88323824153317,69.71737323358269,0,31,2,76,-0.368678213825433,-0.16985859386969715,0.08323751235465848,0.24568572165349067,-0.45191572618009146,-0.4155443155231878,-0.39567314394204217,-0.3360324707545771
2023-01-03,ADI,top100,53.489995191179716,51.125694410249295,54.25503190967108,68.51002722070996,0,32,3,76,0.21387170916399567,0.16721133645937813,0.08323751235465848,0.24568572165349067,0.1306341968093372,-0.07847438519411254,0.18687677904738648,0.0010374595744981896
2023-01-03,ACN,top100,52.725238437811896,43.67566285123394,67.75781962269443,86.00710517409256,0,33,3,76,0.06197440368169471,0.26709643493972557,0.08323751235465848,0.24568572165349067,-0.02126310867296377,0.021410713286234895,0.0349794735650855,0.10092255805484562
2023-01-03,PLD,top100,52.50906809033474,49.61354754667825,49.45996096032915,78.87592615594141,0,34,3,76,0.10634335196781519,0.18877790095094293,0.08323751235465848,0.24568572165349067,0.02310583961315671,-0.05690782070254774,0.07934842185120598,0.02260402406606299
2023-01-03,DHR,top100,52.38019494982036,48.215818900492856,54.79320078546883,76.70481562381588,0,35,3,76,-0.04539884079296819,0.004999348883258037,0.08323751235465848,0.24568572165349067,-0.12863635314762667,-0.24068637277023264,-0.0723937709095774,-0.1611745280016219
2023-01-03,LMT,top100,51.02527736795072,51.75011526874404,45.20796806695187,57.586030664395224,0,36,3,76,0.025451456419612217,-0.01517273894704152,0.08323751235465848,0.24568572165349067,-0.057786055935046265,-0.2608584606005322,-0.0015434736969969914,-0.18134661583192146
2023-01-03,AAPL,top100,50.22355131237893,44.82575394711515,61.63677326600744,65.18168896196836,1,37,3,76,0.3306433761295866,0.46259424073543576,0.08323751235465848,0.24568572165349067,0.24740586377492813,0.21690851908194508,0.3036484460129774,0.2964203638505558
2023-01-03,NEE,top100,50.039818074907,51.60489903353313,39.09609218215569,60.9717031500267,1,38,3,76,-0.079503406300792,-0.24197770276201647,0.08323751235465848,0.24568572165349067,-0.16274091865545048,-0.48766342441550714,-0.10649833641740121,-0.4081515796468964
2023-01-03,CSCO,top100,48.428219541501285,34.746028264343686,76.20482119745743,88.6503551696922,0,39,3,76,0.09987455035659587,0.08503776195987922,0.08323751235465848,0.24568572165349067,0.016637038001937388,-0.16064795969361145,0.07287962023998666,-0.08113611492500072
2023-01-03,BAC,top100,47.753255530860855,31.58623221168266,82.55851803086826,91.31189376509339,0,40,3,76,-0.1412873047425981,0.04005851981604325,0.08323751235465848,0.24568572165349067,-0.22452481709725658,-0.20562720183744743,-0.1682822348592073,-0.1261153570688367
2023-01-03,ABT,top100,47.567011141044,37.25673818551329,65.80306005563737,83.26682400057214,0,41,3,76,-0.06871710079007376,0.03303666974760611,0.08323751235465848,0.24568572165349067,-0.15195461314473224,-0.21264905190588457,-0.09571203090668297,-0.13313720713727384
2023-01-03,BLK,top100,47.56426163904383,40.11200093110286,54.20077170653208,86.45706645965413,0,42,3,76,-0.05730381901797632,0.1356252214665239,0.08323751235465848,0.24568572165349067,-0.1405413313726348,-0.11006050018696678,-0.08429874913458553,-0.030548655418356052
2023-01-03,TMO,top100,47.303448125753505,44.10580551588917,45.4232999041541,73.44724283800264,0,43,3,76,0.031199011070628613,-0.02599850578678653,0.08323751235465848,0.24568572165349067,-0.05203850128402987,-0.2716842274402772,0.004204080954019404,-0.19217238267166648
2023-01-03,UNP,top100,47.26089432560721,35.64295338666285,71.83115342356875,79.44596270229466,1,44,3,76,-0.03224772295711509,0.1905769068315748,0.08323751235465848,0.24568572165349067,-0.11548523531177357,-0.055108814821915875,-0.0592426530737243,0.024403029946694854
2023-01-03,VZ,top100,46.80462147963932,28.920681674731746,95.03442270378942,75.53259766569221,0,45,3,76,-0.007064092624510687,0.05338275528445369,0.08323751235465848,0.24568572165349067,-0.09030160497916917,-0.192302966369037,-0.034059022741119896,-0.11279112160042626
2023-01-03,GS,top100,46.63225402041208,35.48800085947957,72.85284543925097,72.20084330926184,2,46,3,76,-0.05014760075307667,0.14114468160138127,0.08323751235465848,0.24568572165349067,-0.13338511310773515,-0.1045410400521094,-0.07714253086968588,-0.025029195283498673
2023-01-03,MS,top100,45.797283605681386,35.89934240860195,61.457739009582326,83.76196117743555,0,47,4,76,0.025000656185201642,0.11666054227145084,0.08323751235465848,0.24568572165349067,-0.05823685616945684,-0.12902517938203983,-0.001994273931407567,-0.049513334613429105
2023-01-03,JPM,top100,44.61860110359037,31.07372275516919,73.9062614293029,80.85742889111359,1,48,4,76,-0.02959303415681236,0.31444568724178734,0.08323751235465848,0.24568572165349067,-0.11283054651147084,0.06875996558829667,-0.05658796427342157,0.1482718103569074
2023-01-03,ICE,top100,44.36425962798085,31.786643150350727,66.30257479335822,88.53094464063703,0,49,4,76,0.025632262474367673,0.23571641539781463,0.08323751235465848,0.24568572165349067,-0.05760524988029081,-0.009969306255676047,-0.0013626676422415357,0.06954253851293468
2023-01-03,COST,top100,43.50464562022249,40.91158551597871,39.14740982303574,70.37053794430247,0,50,4,76,0.0984276019509871,0.47395659455513384,0.08323751235465848,0.24568572165349067,0.015190089596328615,0.22827087290164316,0.07143267183437789,0.3077827176702539
2023-01-03,C,top100,43.258556137718216,22.9100993325604,92.03716800251453,88.1405300442303,1,51,4,76,0.03037691710395518,0.22878141181940026,0.08323751235465848,0.24568572165349067,-0.0528605952507033,-0.016904309834090414,0.0033819869873459724,0.06260753493452031
2023-01-03,ISRG,top100,43.08501670216876,38.72255372866409,33.27459849919349,93.24309392265195,1,52,4,76,-0.045552083725482806,0.21699356247411816,0.08323751235465848,0.24568572165349067,-0.1287895960801413,-0.02869215917937251,-0.07254701384209201,0.05081968558923822
2023-01-03,LOW,top100,43.03897817513364,28.361035135703766,72.24150828716367,87.37951922708277,0,53,4,76,0.030142863485401072,0.08337691898699351,0.08323751235465848,0.24568572165349067,-0.05309464886925741,-0.16230880266649717,0.0031479333687918637,-0.08279695789788644
2023-01-03,HD,top100,42.158038018670325,28.783254473098737,65.65429436379362,88.78901014742482,1,54,4,76,-0.05072300624835724,0.10161739640959411,0.08323751235465848,0.24568572165349067,-0.13396051860301572,-0.14406832524389657,-0.07771793636496645,-0.06455648047528584
2023-01-03,PGR,top100,41.87079750384846,47.25521619044635,16.219095164947696,55.483271375464696,3,55,4,76,0.11580294467528707,0.2561771455723716,0.08323751235465848,0.24568572165349067,0.032565432320628585,0.010491423918880916,0.08880801455867786,0.09000326868749164
2023-01-03,PM,top100,41.80223675456603,36.958236903008626,49.71780980433411,59.879089615931726,0,56,4,76,-0.0205659794432429,-0.0029465607318907017,0.08323751235465848,0.24568572165349067,-0.10380349179790138,-0.24863228238538138,-0.04756090955985211,-0.16912043761677065
2023-01-03,ORCL,top100,40.88551292133078,36.80044182621502,49.08437945624985,53.08327751730296,0,57,4,76,0.12604085964712453,0.24400891637952915,0.08323751235465848,0.24568572165349067,0.04280334729246604,-0.0016768052739615236,0.09904592953051532,0.0778350394946492
2023-01-03,TMUS,top100,40.45797884089262,44.15477794539619,13.311651120929474,68.87304054929395,3,58,4,76,0.055524163748741584,0.17238564872492534,0.08323751235465848,0.24568572165349067,-0.0277133486059169,-0.07330007292856533,0.028529233632132375,0.006211771840045399
2023-01-03,PG,top100,40.13821961038795,37.398328491300006,41.46311101760291,56.66767462957364,0,59,4,76,-0.007401695100214711,0.0056316612709612635,0.08323751235465848,0.24568572165349067,-0.0906392074548732,-0.2400540603825294,-0.03439662521682392,-0.16054221561391868
2023-01-03,CAT,top100,39.964227923191046,35.091946407867816,49.981473689132,54.03570699857174,1,60,4,76,-0.03312829751412538,0.22219138902753954,0.08323751235465848,0.24568572165349067,-0.11636580986878386,-0.02349433262595113,-0.06012322763073459,0.0560175121426596
2023-01-03,WFC,top100,39.109705692135584,20.081113384156033,80.43413064150391,89.66100194925579,0,61,4,76,-0.09163205122471596,0.2161371534400165,0.08323751235465848,0.24568572165349067,-0.17486956357937444,-0.02954856821347418,-0.11862698134132517,0.04996327655513655
2023-01-03,TJX,top100,37.57307449261051,37.45943211678179,29.59627837389251,54.32216336084758,0,62,5,76,0.0018016482484863872,0.19259659724173384,0.08323751235465848,0.24568572165349067,-0.0814358641061721,-0.05308912441175684,-0.02519328186812282,0.02642272035685389
2023-01-03,T,top100,36.2059044579795,16.1095120215228,91.6875678829374,65.9173246632606,1,63,5,76,0.04962918840370989,-0.023368003508473456,0.08323751235465848,0.24568572165349067,-0.03360832395094859,-0.26905372516196413,0.02263425828710068,-0.1895418803933534
2023-01-03,FISV,top100,35.82091289039681,24.708426033277977,63.81346868644365,57.62320929813497,0,64,5,76,0.11481078944768308,0.3140993972927577,0.08323751235465848,0.24568572165349067,0.0315732770930246,0.06841367563926704,0.08781585933107387,0.14792552040787776
2023-01-03,RTX,top100,35.694047113630205,36.88966878701469,24.442227675323814,49.82833427655159,0,65,5,76,0.0032078137622719716,-0.13052047046504722,0.08323751235465848,0.24568572165349067,-0.08002969859238651,-0.3762061921185379,-0.023787116354337237,-0.29669434734992717
2023-01-03,SYK,top100,34.59581041071185,29.381667121773035,37.87634125815274,64.53375173840175,0,66,5,76,0.17195099531046942,0.22445632030667273,0.08323751235465848,0.24568572165349067,0.08871348295581094,-0.021229401346817944,0.14495606519386023,0.058282443421792784
2023-01-03,ETN,top100,34.56589704418926,32.604088794982786,29.695046403441104,58.04025607013091,0,67,5,76,0.08641228037393156,0.5133944540246762,0.08323751235465848,0.24568572165349067,0.0031747680192730776,0.26770873237118553,0.05941735025732235,0.34722057713979626
2023-01-03,CMCSA,top100,34.1225203269428,20.19732218397339,56.8300722350796,86.18380351145505,2,68,5,76,0.06859736932418614,0.23231293557188804,0.08323751235465848,0.24568572165349067,-0.014640143030472341,-0.013372786081602639,0.04160243920757693,0.06613905868700809
2023-01-03,HON,top100,32.81243148687406,29.581138004664467,37.10755779975221,46.84123323658494,0,69,5,76,-0.09330946828822406,-0.022751411053966275,0.08323751235465848,0.24568572165349067,-0.17654698064288254,-0.26843713270745695,-0.12030439840483327,-0.18892528793884622
2023-01-03,MDT,top100,32.70300727713122,15.145014794687341,75.03147135142717,70.95202650564644,0,70,5,76,0.02675036338980341,0.10868867169917351,0.08323751235465848,0.24568572165349067,-0.05648714896485507,-0.13699704995431716,-0.0002445667268057977,-0.057485205185706434
2023-01-03,SBUX,top100,31.27079729785134,25.560172522617297,32.48761016434065,68.81154499151104,0,71,5,76,0.04507969741263018,-0.05273560092869911,0.08323751235465848,0.24568572165349067,-0.0381578149420283,-0.2984213225821898,0.018084767296020973,-0.21890947781357906
2023-01-03,MDLZ,top100,30.949553958693564,27.440989117735274,34.06921359609136,49.270188570606024,2,72,5,76,0.0657543730019654,0.13156699167752528,0.08323751235465848,0.24568572165349067,-0.017483139352693078,-0.1141187299759654,0.038759442885356196,-0.034606885207354665
2023-01-03,MU,top100,27.286440267118618,13.985299318235738,54.96899618954111,65.02931506445381,0,73,5,76,0.18344199357107582,0.6534245609085139,0.08323751235465848,0.24568572165349067,0.10020448121641734,0.4077388392550232,0.15644706345446663,0.4872506840236339
2023-01-03,WMT,top100,26.569593371976012,21.712781625043085,26.173440166444585,61.35958201156933,0,74,5,76,0.03968998198685436,0.11536263995080187,0.08323751235465848,0.24568572165349067,-0.04354753036780412,-0.1303230817026888,0.012695051870245153,-0.050811236934078075
2023-01-03,IBM,top100,25.815786979133197,21.514899884059787,21.66631601094046,64.22093858103257,5,75,5,76,-0.055583704904742515,0.19285923395165394,0.08323751235465848,0.24568572165349067,-0.138821217259401,-0.05282648770183673,-0.08257863502135172,0.026685357066773996
2023-01-03,BSX,top100,23.511586824788004,18.66825431642277,23.673162890287223,57.09176225234622,2,76,5,76,0.08063464464246906,0.26429037165833513,0.08323751235465848,0.24568572165349067,-0.0026028677121894273,0.01860465000484446,0.05363971452585985,0.09811649477345519
2023-04-03,COP,top100,87.29975063445025,92.90152940608868,70.48239070445813,81.72201909296543,0,1,1,86,-0.027883713467614535,0.2554757438125328,0.08392380657812848,0.2665768354656626,-0.11180752004574301,-0.01110109165312978,-0.08692913853026313,-0.005505120301176392
2023-04-03,CVX,top100,77.33015669840913,75.67068864941206,91.4016439909297,60.80345845634754,0,2,1,86,-0.06590476320013061,-0.015318544109246157,0.08392380657812848,0.2665768354656626,-0.1498285697782591,-0.28189537957490873,-0.1249501882627792,-0.27629940822295534
2023-04-03,XOM,top100,76.01762075413416,77.63431097777602,80.94232781188356,54.851375073142194,0,3,1,86,-0.06662794653142312,0.06780211369417155,0.08392380657812848,0.2665768354656626,-0.1505517531095516,-0.19877472177149103,-0.12567337159407171,-0.19317875041953764
2023-04-03,KLAC,top100,73.5655965098789,75.45838322434068,72.12868480725623,63.189912913891845,1,4,1,86,0.21922032042475403,0.7048776456734398,0.08392380657812848,0.2665768354656626,0.13529651384662555,0.4383008102077772,0.16017489536210544,0.4438967815597306
2023-04-03,ADI,top100,70.27836199210974,78.42822493278422,51.64965986394557,50.48672566371681,0,5,1,86,-0.005192576458990628,-0.0033788936912406697,0.08392380657812848,0.2665768354656626,-0.0891163830371191,-0.26995572915690325,-0.06423800152163922,-0.26435975780494986
2023-04-03,CAT,top100,69.35495558178741,70.45592705167174,62.083333333333336,76.19139978950535,0,6,1,86,0.08179647916931243,0.641401968609892,0.08392380657812848,0.2665768354656626,-0.0021273274088160488,0.3748251331442294,0.022751054106663837,0.38042110449618277
2023-04-03,VRTX,top100,68.89642312333362,71.16041000539481,68.19611957192448,54.449122051723606,0,7,1,86,0.09875762652925735,0.2771788954572756,0.08392380657812848,0.2665768354656626,0.014833819951128868,0.010602059991613011,0.039712201466608754,0.0161980313435664
2023-04-03,ADP,top100,68.73937471958307,72.59402535998281,55.96371882086167,67.30813203422771,0,8,1,86,0.014715354802227187,0.1392761889212224,0.08392380657812848,0.2665768354656626,-0.06920845177590129,-0.12730064654444018,-0.044330070260421406,-0.12170467519248679
2023-04-03,MRK,top100,68.68448216832996,72.31963578468137,60.071587578120685,60.464196034288676,0,9,1,86,0.057168298114876226,0.20467204037175102,0.08392380657812848,0.2665768354656626,-0.026755508463252253,-0.06190479509391156,-0.0018771269477723673,-0.05630882374195817
2023-04-03,AVGO,top100,67.53909148155793,70.73141313262894,64.70567335569325,50.859676175790256,0,10,1,86,0.3714407615537356,1.0912326580405693,0.08392380657812848,0.2665768354656626,0.28751695497560714,0.8246558225749068,0.31239533649108703,0.8302517939268601
2023-04-03,QCOM,top100,64.59265097299122,57.00947819488853,84.24209797987636,78.37596640593974,0,11,1,86,-0.03059212634985642,0.3958958126512715,0.08392380657812848,0.2665768354656626,-0.1145159329279849,0.12931897718560892,-0.08963755141250501,0.1349149485375623
2023-04-03,PFE,top100,63.61402882441384,53.518204186897194,95.71079669575528,70.09126554434752,0,12,1,86,-0.10407448709186184,-0.32234073168099586,0.08392380657812848,0.2665768354656626,-0.18799829366999032,-0.5889175671466584,-0.16311991215451044,-0.5833215957947051
2023-04-03,ANET,top100,61.586969101305655,76.3940753606407,23.89739229024943,33.31637890807277,0,13,1,86,-0.04673900083462501,0.7215333253845235,0.08392380657812848,0.2665768354656626,-0.1306628074127535,0.45495648991886095,-0.1057844258972736,0.46055246127081434
2023-04-03,DE,top100,60.8945851976228,60.30884178300592,65.94104308390023,54.90187332738624,1,14,1,86,-0.01747537648747377,-0.005187171944686986,0.08392380657812848,0.2665768354656626,-0.10139918306560225,-0.27176400741034956,-0.07652080155012236,-0.2661680360583962
2023-04-03,ABBV,top100,60.793610733015186,64.07134743001004,50.91269841269842,57.6112784946848,1,15,1,86,-0.1506545658756564,0.08896113241730808,0.08392380657812848,0.2665768354656626,-0.23457837245378488,-0.1776157030483545,-0.209699990938305,-0.1720197316964011
2023-04-03,UNH,top100,60.63431089259241,63.99531572783852,51.1734693877551,56.0289600555443,0,16,1,86,-0.029034010127957366,-0.06430527557861854,0.08392380657812848,0.2665768354656626,-0.11295781670608585,-0.3308821110442811,-0.08807943519060596,-0.3252861396923277
2023-04-03,GS,top100,60.03286242482103,56.616666008763275,69.07450076804915,65.86296065076911,2,17,1,86,0.007891760259754133,0.2835201868313195,0.08392380657812848,0.2665768354656626,-0.07603204631837435,0.016943351365656945,-0.05115366480289446,0.022539322717610333
2023-04-03,LRCX,top100,59.607738094833536,58.04343916805923,65.40532879818595,58.962649175548854,0,18,1,86,0.2517208754787341,0.8442847182307129,0.08392380657812848,0.2665768354656626,0.16779706890060564,0.5777078827650504,0.19267545041608553,0.5833038541170037
2023-04-03,AXP,top100,59.0668510881114,58.43958473137805,55.91160119961963,69.76821536222845,0,19,2,86,0.0751611409986126,0.36448651687754174,0.08392380657812848,0.2665768354656626,-0.008762665579515883,0.09790968141187917,0.016115715935964003,0.10350565276383256
2023-04-03,GOOGL,top100,58.669417510497986,48.19357272244811,77.28704016041678,94.76508572700956,0,20,2,86,0.14890743816522756,0.4424108814109229,0.08392380657812848,0.2665768354656626,0.06498363158709908,0.1758340459452603,0.08986201310257896,0.1814300172972137
2023-04-03,MRSH,top100,57.38927819078645,62.22261696425831,41.24433106575964,55.845801026537075,0,21,2,86,0.10342738315139943,0.2120729427099357,0.08392380657812848,0.2665768354656626,0.019503576573270953,-0.05450389275572687,0.04438195808875084,-0.04890792140377348
2023-04-03,LLY,top100,57.140855570163005,72.37156629253893,15.872150257308512,33.06329113924049,2,22,2,86,0.31898316633207924,1.2082157891119958,0.08392380657812848,0.2665768354656626,0.23505935975395076,0.9416389536463332,0.25993774126943064,0.9472349249982865
2023-04-03,MA,top100,56.873199602088704,62.27862647315535,35.85747202106649,61.06666666666665,0,23,2,86,0.07669964263802576,0.28963956759925513,0.08392380657812848,0.2665768354656626,-0.0072241639401027236,0.023062732133592556,0.017654217575377162,0.028658703485545944
2023-04-03,TXN,top100,56.74561350805129,57.78944459795523,55.81632653061225,51.297369833601735,0,24,2,86,-0.016377260609554023,-0.055438672334702344,0.08392380657812848,0.2665768354656626,-0.1003010671876825,-0.3220155078003649,-0.07542268567220262,-0.31641953644841153
2023-04-03,BMY,top100,55.87984689146614,50.24368741693969,73.68898640229699,59.71468419148957,0,25,2,86,-0.06786760639612177,-0.22444417176676645,0.08392380657812848,0.2665768354656626,-0.15179141297425025,-0.49102100723242903,-0.12691303145877036,-0.48542503588047564
2023-04-03,CB,top100,55.81643370242539,52.57595494677562,58.218400263331134,73.69585187016236,1,26,2,86,-0.017796615541965655,0.30285151577906344,0.08392380657812848,0.2665768354656626,-0.10172042212009413,0.036274680313400864,-0.07684204060461425,0.04187065166535425
2023-04-03,LIN,top100,55.725241107503706,62.101387298955686,35.4921968787515,51.55830622484423,0,27,2,86,0.059838926888305055,0.2935495077899535,0.08392380657812848,0.2665768354656626,-0.024084879689823424,0.026972672324290903,0.0007935018256564619,0.03256864367624429
2023-04-03,ADBE,top100,55.665808895782106,49.66995179761137,64.7562358276644,79.45595471921266,0,28,2,86,0.2765996632287939,0.28159861081877513,0.08392380657812848,0.2665768354656626,0.19267585665066544,0.015021775353112554,0.21755423816614533,0.020617746705065942
2023-04-03,FISV,top100,55.06520704070019,50.79593152541481,67.47448979591837,60.13157013726148,0,29,2,86,0.11628113090490122,0.37295045643889035,0.08392380657812848,0.2665768354656626,0.03235732432677274,0.10637362097322778,0.05723570584225263,0.11196959232518117
2023-04-03,PLD,top100,54.86520851241232,50.76062404329882,47.57597024734398,98.17577632634351,0,30,2,86,0.007817229065406828,0.035933285815087146,0.08392380657812848,0.2665768354656626,-0.07610657751272165,-0.23064354965057543,-0.051228195997241766,-0.22504757829862204
2023-04-03,AMGN,top100,54.79521193014763,48.42684333565793,69.6343537414966,69.69550846887762,1,31,2,86,-0.0708027720997344,0.13363867239450689,0.08392380657812848,0.2665768354656626,-0.15472657867786288,-0.1329381630711557,-0.129848197162383,-0.1273421917192023
2023-04-03,AMAT,top100,54.472796863714784,54.344223827506504,54.1014739229025,56.11545399879735,0,32,2,86,0.19232211690469625,0.6770976986364035,0.08392380657812848,0.2665768354656626,0.10839831032656777,0.4105208631707409,0.13327669184204766,0.41611683452269427
2023-04-03,ORCL,top100,54.42037110137413,62.28612657184085,39.515306122448976,29.17021276595743,0,33,2,86,0.25256117988224736,0.3425506539525589,0.08392380657812848,0.2665768354656626,0.16863737330411888,0.07597381848689633,0.19351575481959876,0.08156978983884972
2023-04-03,REGN,top100,54.257126246198375,58.35822401171945,41.47675736961452,51.110179640718556,2,34,2,86,-0.13084144464365177,0.134146162663773,0.08392380657812848,0.2665768354656626,-0.21476525122178025,-0.13243067280188958,-0.18988686970630037,-0.1268347014499362
2023-04-03,GILD,top100,53.96725433026126,52.270950933564905,59.64479651509727,54.4862937374638,1,35,2,86,-0.06943064833531898,-0.13156936505174088,0.08392380657812848,0.2665768354656626,-0.15335445491344746,-0.39814620051740346,-0.12847607339796757,-0.39255022916545007
2023-04-03,TJX,top100,53.627502244781724,56.12661570108378,42.0578231292517,59.27306628172741,0,36,3,86,0.07276840543802487,0.2327496371282891,0.08392380657812848,0.2665768354656626,-0.011155401140103605,-0.033827198337373465,0.013722980375376281,-0.028231226985420077
2023-04-03,MSFT,top100,53.125291090237866,55.43208901871516,42.766439909297056,57.695407952778396,0,37,3,86,0.1792951007451351,0.4668027898817939,0.08392380657812848,0.2665768354656626,0.09537129416700663,0.20022595441613134,0.12024967568248651,0.20582192576808472
2023-04-03,HON,top100,52.76188654083189,53.09591792874469,46.15929705215419,63.628845802797656,0,38,3,86,0.08336555916747579,0.03693502765229861,0.08392380657812848,0.2665768354656626,-0.0005582474106526902,-0.22964180781336396,0.024320134104827196,-0.22404583646141057
2023-04-03,ETN,top100,52.723378654442485,57.97054347206323,31.626984126984127,58.186013986014,0,39,3,86,0.18247651481226912,0.9079923658166973,0.08392380657812848,0.2665768354656626,0.09855270823414064,0.6414155303510347,0.12343108974962053,0.647011501702988
2023-04-03,ACN,top100,52.285348939746854,45.857796374513704,63.70464852607709,74.43961772371853,0,40,3,86,0.09218844237943125,0.17399125844185837,0.08392380657812848,0.2665768354656626,0.008264635801302767,-0.09258557702380421,0.03314301731678265,-0.08698960567185082
2023-04-03,INTU,top100,51.96264176854359,53.44557165225858,39.54931972789115,66.40877666384351,1,41,3,86,0.026558304760283535,0.4194058126968101,0.08392380657812848,0.2665768354656626,-0.057365501817844944,0.15282897723114752,-0.03248712030236506,0.1584249485831009
2023-04-03,NOW,top100,51.625203232199226,47.147813348421245,53.775903424953796,78.66553203313595,1,42,3,86,0.21180219165105818,0.6309285452862279,0.08392380657812848,0.2665768354656626,0.1278783850729297,0.3643517098205653,0.1527567665884096,0.3699476811725187
2023-04-03,BAC,top100,51.21249433042184,36.324381461159575,93.6602113963865,70.53385028332835,0,43,3,86,0.029486366518706397,0.3323070340970731,0.08392380657812848,0.2665768354656626,-0.05443744005942208,0.0657301986314105,-0.029559058543942196,0.07132616998336389
2023-04-03,JPM,top100,51.113019042314846,40.063202585998944,81.01985955672592,68.64805320770404,0,44,3,86,0.13522300924017383,0.5551000012492349,0.08392380657812848,0.2665768354656626,0.05129920266204535,0.2885231657835723,0.07617758417752524,0.2941191371355257
2023-04-03,AAPL,top100,50.71128415393132,56.310784791027956,39.566326530612244,33.80469494089307,0,45,3,86,0.159813877479126,0.021370574146877264,0.08392380657812848,0.2665768354656626,0.07589007090099753,-0.2452062613187853,0.10076845241647742,-0.23961028996683192
2023-04-03,SPGI,top100,50.31540162000739,45.59125777970762,54.97237236716984,74.07046700778093,0,46,3,86,0.14917635598013934,0.24856137263528377,0.08392380657812848,0.2665768354656626,0.06525254940201086,-0.018015462830378803,0.09013093091749075,-0.012419491478425415
2023-04-03,SBUX,top100,50.27752228351086,53.91671820243249,32.78344671201814,59.79130199404494,0,47,3,86,-0.04965553789083199,-0.1459438677431757,0.08392380657812848,0.2665768354656626,-0.13357934446896047,-0.41252070320883827,-0.10870096295348058,-0.4069247318568849
2023-04-03,DHR,top100,50.15994850859698,43.98742088711693,64.43027210884354,64.82699465846423,0,48,3,86,-0.052010972112241816,0.09598577226436689,0.08392380657812848,0.2665768354656626,-0.1359347786903703,-0.1705910632012957,-0.11105639717489041,-0.1649950918493423
2023-04-03,VZ,top100,50.019923671823776,31.078698403926364,96.4795918367347,89.68916421728377,0,49,3,86,-0.0337326617990108,0.16315896456376633,0.08392380657812848,0.2665768354656626,-0.11765646837713928,-0.10341787090189625,-0.09277808686165939,-0.09782189954994286
2023-04-03,NEE,top100,49.128828666232444,46.460128861344664,51.814004447933016,62.439375737045765,0,50,3,86,-0.023642185449984754,-0.14301773814133878,0.08392380657812848,0.2665768354656626,-0.10756599202811323,-0.40959457360700136,-0.08268761051263335,-0.40399860225504797
2023-04-03,MCD,top100,48.87477398869381,59.74283652855082,20.515873015873016,29.516138155336378,1,51,3,86,0.05055987429546338,-0.0211186702431867,0.08392380657812848,0.2665768354656626,-0.0333639322826651,-0.2876955057088493,-0.008485550767185213,-0.2820995343568959
2023-04-03,LMT,top100,48.63680556495316,50.670140396584166,43.36734693877551,44.94237899589136,0,52,3,86,-0.0429931341111095,-0.040662016614034346,0.08392380657812848,0.2665768354656626,-0.12691694068923798,-0.3072388520796969,-0.10203855917375809,-0.30164288072774353
2023-04-03,KO,top100,48.52675102403017,48.140063246446225,47.000676614731915,54.2857142857143,0,53,4,86,-0.021772451076364052,-0.019377199248617694,0.08392380657812848,0.2665768354656626,-0.10569625765449253,-0.28595403471428027,-0.08081787613901265,-0.2803580633623269
2023-04-03,TMO,top100,46.95206159048053,46.05222875739594,45.76814058956916,55.61873342389546,0,54,4,86,-0.08878615646638266,0.0036370467648147997,0.08392380657812848,0.2665768354656626,-0.17270996304451114,-0.2629397887008478,-0.14783158152903125,-0.2573438173488944
2023-04-03,UNP,top100,46.28007224620771,31.79495782839247,77.71825396825396,84.79950972682187,1,55,4,86,0.04002795472375742,0.23469877375487336,0.08392380657812848,0.2665768354656626,-0.04389585185437106,-0.03187806171078922,-0.019017470338891174,-0.02628209035883583
2023-04-03,MS,top100,45.32579440181399,37.90769176787414,55.75762563089751,76.38885038122586,3,56,4,86,-1.9205408242850552e-05,0.10164782402724626,0.08392380657812848,0.2665768354656626,-0.08394301198637133,-0.16492901143841632,-0.059064630470891444,-0.15933304008646293
2023-04-03,RTX,top100,45.21327774383536,47.17548915117304,35.821069351833145,50.26221467647612,0,57,4,86,-0.01575999717673926,0.014383657598367572,0.08392380657812848,0.2665768354656626,-0.09968380375486774,-0.252193177867295,-0.07480542223938785,-0.24659720651534162
2023-04-03,CSCO,top100,44.883027768363355,38.45712882187047,62.9100447013442,53.81028652785192,0,58,4,86,-0.0019261751874187771,-0.044551990976173905,0.08392380657812848,0.2665768354656626,-0.08584998176554726,-0.3111288264418365,-0.06097160025006737,-0.3055328550898831
2023-04-03,MDLZ,top100,44.24787915124594,48.65629810918564,25.890022675736958,50.104659396686024,2,59,4,86,0.05238634323056135,-0.005672883989288224,0.08392380657812848,0.2665768354656626,-0.03153746334756713,-0.2722497194549508,-0.006659081832087244,-0.2666537481029974
2023-04-03,PANW,top100,42.436694259919285,43.921389316526096,30.359032501889647,56.19915237973086,3,60,4,86,0.296999949065349,0.3507869403555237,0.08392380657812848,0.2665768354656626,0.2130761424872205,0.08421010488986114,0.2379545240027004,0.08980607624181453
2023-04-03,BLK,top100,42.26364624362859,33.417588827923176,59.7322800087777,69.24878062326832,0,61,4,86,0.04842437141503231,0.22160164748583822,0.08392380657812848,0.2665768354656626,-0.03549943516309617,-0.04497518797982436,-0.010621053647616285,-0.03937921662787097
2023-04-03,LOW,top100,42.21469408313097,30.26953205524634,71.97845804988663,66.30330034481213,0,62,4,86,0.1064905577075701,0.19102443485527787,0.08392380657812848,0.2665768354656626,0.02256675112944162,-0.0755524006103847,0.047445132644921506,-0.06995642925843132
2023-04-03,BX,top100,41.80073307174199,37.47487905542617,34.1177540625758,87.44766920428508,2,63,4,86,0.1259437217805457,0.5335880657720737,0.08392380657812848,0.2665768354656626,0.04201991520241721,0.26701123030641116,0.0668982967178971,0.27260720165836455
2023-04-03,C,top100,41.51374074962602,24.679973859305168,89.32539682539682,63.72679683033034,1,64,4,86,0.011613507091943198,0.3638058895528835,0.08392380657812848,0.2665768354656626,-0.07231029948618528,0.09722905408722093,-0.047431917970705395,0.10282502543917432
2023-04-03,PM,top100,41.48331184046445,32.640177283034426,62.32993197278911,61.69201347782533,0,65,4,86,0.019360602251380588,-0.027872723078299244,0.08392380657812848,0.2665768354656626,-0.06456320432674789,-0.2944495585439618,-0.039684822811268006,-0.28885358719200843
2023-04-03,COST,top100,41.36704404950134,38.108308442654945,34.88945578231293,77.13336983180292,0,66,4,86,0.09081651312512218,0.46102272751157614,0.08392380657812848,0.2665768354656626,0.006892706546993699,0.19444589204591356,0.031771088062473585,0.20004186339786695
2023-04-03,WMT,top100,41.002638920242326,42.8998627174919,37.349773242630384,35.02780369471919,0,67,4,86,0.06799942947515891,0.21795307433183564,0.08392380657812848,0.2665768354656626,-0.015924377102969567,-0.04862376113382694,0.008954004412510319,-0.04302778978187355
2023-04-03,ISRG,top100,40.749775709177214,36.4197774532121,38.33616780045352,75.88697931838044,1,68,4,86,0.3254052774819547,0.49457657870863425,0.08392380657812848,0.2665768354656626,0.2414814709038262,0.22799974324297168,0.2663598524193061,0.23359571459492506
2023-04-03,PEP,top100,40.64564884836948,43.09234332030685,30.08219954648526,44.645686148576324,1,69,4,86,0.0240907455647974,-0.04289534773560244,0.08392380657812848,0.2665768354656626,-0.05983306101333108,-0.309472183201265,-0.03495467949785119,-0.30387621184931163
2023-04-03,ABT,top100,40.378319268205196,27.986727895542487,69.13548752834468,69.60512235656518,0,70,5,86,0.06069272726310837,0.10588241518138197,0.08392380657812848,0.2665768354656626,-0.02323107931502011,-0.1606944202842806,0.001647302200459777,-0.15509844893232722
2023-04-03,GE,top100,40.35163374909169,45.47572994381505,28.07256235827664,29.041103167658285,1,71,5,86,0.11720999960548628,0.9094656970398327,0.08392380657812848,0.2665768354656626,0.0332861930273578,0.6428888615741701,0.05816457454283769,0.6484848329261235
2023-04-03,JNJ,top100,40.33054495027815,28.48173440878609,72.73060765732112,58.47209332663669,0,72,5,86,0.04929845909727293,0.002168072472948257,0.08392380657812848,0.2665768354656626,-0.03462534748085555,-0.2644087629927143,-0.009746965965375665,-0.25881279164076093
2023-04-03,BSX,top100,39.89367392935434,44.03860577112857,19.85734823292427,50.95180242979487,2,73,5,86,0.07683024939662109,0.3626307320997586,0.08392380657812848,0.2665768354656626,-0.007093557181507393,0.09605389663409603,0.017784824333972493,0.10164986798604941
2023-04-03,PGR,top100,38.953107132186524,43.90342855388448,15.647904323019532,50.91126279863482,3,74,5,86,-0.0855830789431361,0.4531341904200288,0.08392380657812848,0.2665768354656626,-0.16950688552126458,0.1865573549543662,-0.1446285040057847,0.1921533263063196
2023-04-03,HD,top100,38.910623158207464,24.25863059601661,76.36054421768708,66.57472897458425,1,75,5,86,0.048775259266449655,0.23324126083432972,0.08392380657812848,0.2665768354656626,-0.035148547311678824,-0.033335574631332854,-0.010270165796198938,-0.027739603279379466
2023-04-03,CRM,top100,37.687757343100955,34.06114992741132,38.13426423200859,62.18099547511312,2,76,5,86,0.07715358907783387,0.4989269914081651,0.08392380657812848,0.2665768354656626,-0.006770217500294606,0.23235015594250252,0.01810816401518528,0.2379461272944559
2023-04-03,WFC,top100,37.21617292838129,21.474010622946793,79.06224855533611,63.71915781251309,1,77,5,86,0.15958146175611154,0.5506708717422972,0.08392380657812848,0.2665768354656626,0.07565765517798306,0.28409403627663465,0.10053603669346295,0.28969000762858804
2023-04-03,SYK,top100,36.06795475771772,36.90802949161612,26.456916099773245,49.40950893631788,0,78,5,86,0.038900120758553314,0.22051251308456976,0.08392380657812848,0.2665768354656626,-0.045023685819575165,-0.046064322381092815,-0.02014530430409528,-0.04046835102913943
2023-04-03,PG,top100,35.15704686827971,31.687215182655915,45.547052154195015,38.665858095815665,0,79,5,86,0.026384955466821403,0.06616724422006848,0.08392380657812848,0.2665768354656626,-0.05753885111130708,-0.2004095912455941,-0.03266046959582719,-0.1948136198936407
2023-04-03,TMUS,top100,34.964474644383614,37.60119650697159,18.282312925170068,49.87174504469492,2,80,5,86,-0.050627631854287425,0.11039885223204182,0.08392380657812848,0.2665768354656626,-0.1345514384324159,-0.15617798323362075,-0.10967305691693602,-0.15058201188166737
2023-04-03,IBM,top100,33.03285794092298,29.303170655754244,30.643424036281182,63.919536746387735,4,81,5,86,0.025993457990882707,0.48914930888212704,0.08392380657812848,0.2665768354656626,-0.05793034858724577,0.22257247341646447,-0.033051967071765886,0.22816844476841786
2023-04-03,ICE,top100,32.98531935903614,22.828677570318906,43.98068904981348,82.0910724985021,2,82,5,86,0.0753833786363991,0.3154092058334659,0.08392380657812848,0.2665768354656626,-0.008540427941729378,0.0488323703678033,0.016337953573750508,0.05442834171975669
2023-04-03,MDT,top100,32.93939256052485,14.386066483330918,69.96598639455782,88.7594874328165,0,83,5,86,0.1023735827403216,0.08861319718146632,0.08392380657812848,0.2665768354656626,0.01844977616219312,-0.17796363828419626,0.04332815767767301,-0.17236766693224287
2023-04-03,CMCSA,top100,32.824141749002216,18.989109505826836,56.159297052154194,82.99905684492595,2,84,5,86,0.1148862425870869,0.12030144521996289,0.08392380657812848,0.2665768354656626,0.030962436008958427,-0.1462753902456997,0.05584081752443831,-0.1406794188937463
2023-04-03,NFLX,top100,32.20324428592352,22.153010785229633,51.42573696145125,64.10989343972523,0,85,5,86,0.2674859308602273,0.7719650855633398,0.08392380657812848,0.2665768354656626,0.18356212428209884,0.5053882500976772,0.20844050579757872,0.5109842214496305
2023-04-03,DIS,top100,30.056697341684746,18.290898564454796,39.010380599345524,94.50992226697286,1,86,5,86,-0.09282222746051638,0.17754198561674706,0.08392380657812848,0.2665768354656626,-0.17674603403864486,-0.08903484984891552,-0.15186765252316498,-0.08343887849696213
2023-07-03,COP,top100,84.45056757759176,90.08033069687204,68.32787832113978,77.2876042555337,0,1,1,87,0.1340309804407005,0.13219640342496697,-0.033738536632372584,0.25999545780612987,0.16776951707307308,-0.1277990543811629,0.15856939733367717,-0.1115093078313282
2023-07-03,AVGO,top100,80.42922456793143,92.85093686597446,47.74909963985594,58.83748833778124,0,2,1,87,-0.04215100977183284,1.0077136087647225,-0.033738536632372584,0.25999545780612987,-0.008412473139460253,0.7477181509585926,-0.017612592878856154,0.7640078975084273
2023-07-03,XOM,top100,78.5602204496792,76.91937636298539,88.98779821309762,69.19097352969919,0,3,1,87,0.08484817737264594,0.10553709706977732,-0.033738536632372584,0.25999545780612987,0.11858671400501852,-0.15445836073635255,0.10938659426562262,-0.13816861418651785
2023-07-03,CVX,top100,74.84711684112158,71.48900389501894,92.44756235827666,63.1530164295299,0,4,1,87,0.06952809947500249,0.03842723607985543,-0.033738536632372584,0.25999545780612987,0.10326663610737508,-0.22156822172627444,0.09406651636797918,-0.20527847517643974
2023-07-03,DE,top100,73.48967256353518,75.98763141620285,72.14285714285714,58.69759143621765,0,5,1,87,-0.07705771073183709,-0.09418580534475518,-0.033738536632372584,0.25999545780612987,-0.04331917409946451,-0.35418126315088505,-0.052519293838860406,-0.3378915166010503
2023-07-03,LRCX,top100,72.06053479356562,80.47951046447288,54.121315192743765,49.00614429885868,0,6,1,87,-0.027963233263639586,0.6795297644877512,-0.033738536632372584,0.25999545780612987,0.005775303368732998,0.4195343066816213,-0.003424816370662904,0.435824053231456
2023-07-03,KLAC,top100,69.99739876636477,76.67516193080102,56.38888888888889,50.47007637026271,1,7,1,87,-0.04730940469281508,0.7772861481892546,-0.033738536632372584,0.25999545780612987,-0.013570868060442498,0.5172906903831247,-0.0227709877998384,0.5335804369329594
2023-07-03,CAT,top100,69.98954155021845,74.34028794931051,62.72392290249432,54.06555405202226,0,8,1,87,0.10405366804235738,0.3614773545035437,-0.033738536632372584,0.25999545780612987,0.13779220467472997,0.10148189669741381,0.12859208493533406,0.11777164324724851
2023-07-03,JPM,top100,69.47954420892611,71.12434766570105,73.3725937183384,50.17982099267695,0,9,1,87,-0.012636618536250421,0.46116431492287435,-0.033738536632372584,0.25999545780612987,0.021101918096122163,0.20116885711674448,0.011901798356726261,0.21745860366657918
2023-07-03,AMAT,top100,68.76005360757347,76.60245852727056,50.359977324263035,50.66337173631468,0,10,1,87,-0.038890797006034816,0.6857225271683363,-0.033738536632372584,0.25999545780612987,-0.005152260373662232,0.4257270693622064,-0.014352380113058134,0.4420168159120411
2023-07-03,AXP,top100,68.70518387251524,77.04742375419067,50.17615911612872,47.367554213560254,0,11,1,87,-0.14504894996390416,0.3622640816648022,-0.033738536632372584,0.25999545780612987,-0.11131041333153158,0.1022686238586723,-0.12051053307092748,0.118558370408507
2023-07-03,MA,top100,67.04101168424485,81.46695743688225,25.264510059342886,49.612394665586976,0,12,1,87,0.006250195698691563,0.14430569209537736,-0.033738536632372584,0.25999545780612987,0.03998873233106415,-0.11568976571075251,0.030788612591668246,-0.09940001916091781
2023-07-03,ADI,top100,66.58049917336862,73.07856220638175,55.15022675736961,43.95460277427488,0,13,1,87,-0.09296600164598168,0.20529260603118482,-0.033738536632372584,0.25999545780612987,-0.05922746501360909,-0.05470285177494505,-0.06842758475300499,-0.03841310522511035
2023-07-03,VRTX,top100,65.68094279394425,70.18257765626187,56.18928489270103,53.152814560207354,0,14,1,87,0.0007480507523665025,0.35305118393417145,-0.033738536632372584,0.25999545780612987,0.03448658738473909,0.09305572612804158,0.025286467645343185,0.10934547267787628
2023-07-03,MSFT,top100,62.56407768328654,73.67778754244918,26.61281179138322,56.670640452954736,0,15,1,87,-0.04588520596727974,0.3739293209190999,-0.033738536632372584,0.25999545780612987,-0.012146669334907156,0.11393386311297005,-0.021346789074303058,0.13022360966280475
2023-07-03,MRK,top100,62.465277217437276,68.7256886805759,42.8401739918402,57.89260342666111,0,16,1,87,-0.09692001005366424,0.13009134636600317,-0.033738536632372584,0.25999545780612987,-0.06318147342129166,-0.1299041114401267,-0.07238159316068755,-0.113614364890292
2023-07-03,TXN,top100,61.31127110391575,66.8485499462943,49.075963718820866,47.020933977455734,0,17,1,87,-0.10395042375674823,0.1417350952628611,-0.033738536632372584,0.25999545780612987,-0.07021188712437565,-0.11826036254326877,-0.07941200686377155,-0.10197061599343407
2023-07-03,SCHW,top100,61.116221103015526,58.345061788670805,66.50582573454913,69.7351270403613,0,18,1,87,-0.06867926716981676,0.3046142636535658,-0.033738536632372584,0.25999545780612987,-0.034940730537444176,0.04461880584743594,-0.044140850276840074,0.06090855239727064
2023-07-03,AAPL,top100,60.59121053402344,75.29709555273465,23.877551020408163,31.077334430275577,1,19,2,87,-0.0959956885732427,0.15726213854360682,-0.033738536632372584,0.25999545780612987,-0.062257151940870115,-0.10273331926252305,-0.07145727168026601,-0.08644357271268835
2023-07-03,PFE,top100,60.48593191648591,49.087480606277595,96.20691338736452,68.83312814618692,0,20,2,87,-0.06362297989092258,-0.20196406464349048,-0.033738536632372584,0.25999545780612987,-0.029884443258549998,-0.46195952244962035,-0.039084562997945896,-0.4456697758997856
2023-07-03,CSCO,top100,60.455589246337524,60.7306795126344,68.31265317338807,42.81582952815831,0,21,2,87,0.0575537297224491,-0.06300457113032343,-0.033738536632372584,0.25999545780612987,0.09129226635482168,-0.3230000289364533,0.08209214661542578,-0.30671028238661857
2023-07-03,GILD,top100,59.61609027632345,55.05942345040089,74.42400644468314,61.89692572106197,0,22,2,87,-0.024689049179573153,-0.09553519793533849,-0.033738536632372584,0.25999545780612987,0.009049487452799432,-0.35553065574146836,-0.00015063228659647002,-0.33924090919163363
2023-07-03,ADP,top100,58.44702980082059,54.99920797665159,63.80102040816327,71.87380135531822,0,23,2,87,0.09983889988834838,0.1078100196028029,-0.033738536632372584,0.25999545780612987,0.13357743652072096,-0.15218543820332697,0.12437731678132506,-0.13589569165349227
2023-07-03,MRSH,top100,57.929611455498474,64.34180689819787,38.047172769817145,52.80912072796531,0,24,2,87,0.021818210786084924,0.16494417135011274,-0.033738536632372584,0.25999545780612987,0.05555674741845751,-0.09505128645601713,0.04635662767906161,-0.07876153990618243
2023-07-03,ORCL,top100,57.42144848485562,67.01632870053922,19.903628117913833,65.29292770895405,2,25,2,87,-0.08592005736049435,0.2501189094406997,-0.033738536632372584,0.25999545780612987,-0.052181520728121766,-0.009876548365430171,-0.061381640467517665,0.006413198184404528
2023-07-03,LLY,top100,57.419479515121125,71.77484837635214,9.587058496524136,52.596739523698034,2,26,2,87,0.16909499536741524,0.9609213378470087,-0.033738536632372584,0.25999545780612987,0.20283353199978782,0.7009258800408789,0.1936334122603919,0.7172156265907136
2023-07-03,GS,top100,56.907718198835724,52.867775499354444,67.2009938727264,64.6007657474234,2,27,2,87,-0.016699662864457232,0.47566346122743197,-0.033738536632372584,0.25999545780612987,0.017038873767915352,0.2156680034213021,0.00783875402851945,0.2319577499711368
2023-07-03,CB,top100,56.738846800395734,54.4738903535896,61.60533362281083,62.86056828320855,1,28,2,87,0.07773930844486432,0.3408227512786408,-0.033738536632372584,0.25999545780612987,0.1114778450772369,0.08082729347251094,0.102277725337841,0.09711704002234564
2023-07-03,TJX,top100,56.54445276498019,60.265642461131186,46.13095238095238,51.3231256599789,0,29,2,87,0.05677022543050336,0.3298640280121623,-0.033738536632372584,0.25999545780612987,0.09050876206287595,0.06986857020603243,0.08130864232348005,0.08615831675586713
2023-07-03,NEE,top100,56.53574299725086,48.478772689299,79.20136445382751,67.60329223976055,0,30,2,87,-0.2940124847196858,-0.004299207051587484,-0.033738536632372584,0.25999545780612987,-0.2602739480873132,-0.26429466485771735,-0.2694740678267091,-0.24800491830788265
2023-07-03,PANW,top100,55.872933169167624,70.42065119508729,17.53968253968254,30.70540824670016,3,31,2,87,-0.07017750549795776,0.33993088281495454,-0.033738536632372584,0.25999545780612987,-0.036438968865585175,0.07993542500882467,-0.04563908860498107,0.09622517155865937
2023-07-03,MS,top100,55.77242882753739,54.7529646627391,54.30609832585516,65.84133898448984,2,32,2,87,-0.06082981760913686,0.20727514836462824,-0.033738536632372584,0.25999545780612987,-0.027091280976764276,-0.052720309441501634,-0.036291400716160174,-0.036430562891666934
2023-07-03,GE,top100,55.41802786068932,58.07169438748385,47.54346182917612,52.59149423615401,0,33,2,87,0.0061761382362635064,0.8935131126700879,-0.033738536632372584,0.25999545780612987,0.03991467486863609,0.6335176548639581,0.03071455512924019,0.6498074014137928
2023-07-03,LMT,top100,54.797917963708926,53.918237151319865,51.81689342403628,66.91773272977761,0,34,2,87,-0.11249426871111123,0.0358448067155972,-0.033738536632372584,0.25999545780612987,-0.07875573207873865,-0.22415065109053267,-0.08795585181813455,-0.20786090454069797
2023-07-03,MCD,top100,54.59915058512995,63.03597196454339,26.445578231292515,51.84854563691077,0,35,2,87,-0.12109696768183842,-0.1319370184618125,-0.033738536632372584,0.25999545780612987,-0.08735843104946583,-0.39193247626794236,-0.09655855078886173,-0.37564272971810764
2023-07-03,SBUX,top100,54.408331684538375,53.38847660276232,47.310090702947846,75.74379922015183,0,36,3,87,-0.075985449106314,-0.21189984943958062,-0.033738536632372584,0.25999545780612987,-0.04224691247394141,-0.4718953072457105,-0.05144703221333731,-0.45560556069587577
2023-07-03,FISV,top100,54.077374712340536,55.81277869999675,60.06802721088436,29.94824180165942,0,37,3,87,-0.10400952759031368,0.18134180230250085,-0.033738536632372584,0.25999545780612987,-0.07027099095794109,-0.07865365550362902,-0.07947111069733699,-0.06236390895379432
2023-07-03,LIN,top100,53.38193757380584,59.201792359687104,33.790410803877926,51.82600761249281,0,38,3,87,-0.017787200372737733,0.15931065569589897,-0.033738536632372584,0.25999545780612987,0.015951336259634852,-0.1006848021102309,0.00675121652023895,-0.0843950555603962
2023-07-03,BAC,top100,53.177716164856875,39.277544510627216,92.86329425387176,71.10776156643468,0,39,3,87,-0.0779960000148423,0.44237683719169874,-0.033738536632372584,0.25999545780612987,-0.04425746338246972,0.18238137938556886,-0.05345758312186562,0.19867112593540356
2023-07-03,QCOM,top100,53.13121890466407,40.752639173691804,79.678310881504,86.6870930677901,0,40,3,87,-0.06830958289360689,0.7358522769414164,-0.033738536632372584,0.25999545780612987,-0.034571046261234306,0.47585681913528655,-0.043771166000630204,0.4921465656851213
2023-07-03,HON,top100,52.89869504698072,56.83665874643318,39.83560090702948,51.459137430715984,0,41,3,87,-0.11853367875109244,0.042749604338713,-0.033738536632372584,0.25999545780612987,-0.08479514211871986,-0.21724585346741687,-0.09399526185811576,-0.20095610691758217
2023-07-03,ETN,top100,52.84306032966836,60.904555761698624,25.694444444444443,50.70982407590434,0,42,3,87,0.05206643941149136,0.6095858601705348,-0.033738536632372584,0.25999545780612987,0.08580497604386395,0.349590402364405,0.07660485630446805,0.3658801489142397
2023-07-03,ISRG,top100,52.79708585188461,62.64258047716694,17.8968253968254,53.679144385026746,2,43,3,87,-0.1221617117519268,0.2939618486444664,-0.033738536632372584,0.25999545780612987,-0.08842317511955422,0.033966390838336524,-0.09762329485895012,0.050256137388171224
2023-07-03,BLK,top100,52.40659592679304,50.85171803968797,52.33300767115356,63.43791764780754,1,44,3,87,-0.0661420351419193,0.16846387333462065,-0.033738536632372584,0.25999545780612987,-0.03240349850954671,-0.09153158447150922,-0.04160361824894261,-0.07524183792167452
2023-07-03,LOW,top100,51.96882915645838,51.182745825602964,55.3656462585034,50.67777826835622,0,45,3,87,-0.07960403188265353,-0.030741680204444233,-0.033738536632372584,0.25999545780612987,-0.04586549525028094,-0.2907371380105741,-0.05506561498967684,-0.2744473914607394
2023-07-03,GOOGL,top100,51.94734328977478,45.628616997038044,68.45348194374168,63.166150030998125,0,46,3,87,0.11901594513083302,0.5515703486913339,-0.033738536632372584,0.25999545780612987,0.1527544817632056,0.29157489088520405,0.1435543620238097,0.3078646374350388
2023-07-03,SYK,top100,51.94560720250071,58.44346797730257,27.76643990929705,54.81891636529501,0,47,3,87,-0.0784810004115285,0.12550996185673613,-0.033738536632372584,0.25999545780612987,-0.04474246377915592,-0.13448549594939374,-0.053942583518551815,-0.11819574939955904
2023-07-03,VZ,top100,51.63435120233102,32.980199416289636,96.83673469387756,91.80864672152765,0,48,3,87,-0.13281933471794627,0.18493265037631645,-0.033738536632372584,0.25999545780612987,-0.09908079808557368,-0.07506280742981342,-0.10828091782496958,-0.05877306087997872
2023-07-03,REGN,top100,51.63273585941897,50.314747908732876,52.14285714285714,59.83840894734523,2,49,3,87,0.13917474688874498,0.4261303677417696,-0.033738536632372584,0.25999545780612987,0.17291328352111757,0.16613490993563973,0.16371316378172165,0.18242465648547443
2023-07-03,ADBE,top100,51.607640563364924,49.51317688159793,53.778344671201815,61.927478120060165,0,50,3,87,0.07402980152923488,0.17505822221306233,-0.033738536632372584,0.25999545780612987,0.10776833816160747,-0.08493723559306754,0.09856821842221157,-0.06864748904323284
2023-07-03,MDLZ,top100,51.20300624021328,55.35878657683169,31.295351473922903,61.92785341646518,1,51,3,87,-0.06259829901893865,-0.07517018713165691,-0.033738536632372584,0.25999545780612987,-0.028859762386566068,-0.3351656449377868,-0.038059882125961966,-0.31887589838795205
2023-07-03,CRM,top100,51.19060671158416,52.405190465340844,42.101533595894495,60.866666666666674,2,52,3,87,-0.03751443158539314,0.23454246226639097,-0.033738536632372584,0.25999545780612987,-0.0037758949530205532,-0.0254529955397389,-0.012976014692416455,-0.009163248989904199
2023-07-03,KO,top100,49.411810001832926,46.978658768132455,55.64935584448834,53.968776952425465,0,53,4,87,-0.07692058037074634,0.07888051264760354,-0.033738536632372584,0.25999545780612987,-0.043182043738373754,-0.18111494515852633,-0.05238216347776965,-0.16482519860869163
2023-07-03,PLD,top100,49.23040159137595,48.45266846770606,45.758219954648524,61.61889673051998,2,54,4,87,-0.1096354134273484,-0.05794255677951188,-0.033738536632372584,0.25999545780612987,-0.07589687679497581,-0.31793801458564175,-0.08509699653437171,-0.301648268035807
2023-07-03,RTX,top100,48.86645894235242,48.568130282416,43.62898789878988,61.429701649032495,0,55,4,87,-0.2698663120197491,0.051756284551997433,-0.033738536632372584,0.25999545780612987,-0.2361277753873765,-0.20823917325413244,-0.24532789512677242,-0.19194942670429774
2023-07-03,UNH,top100,48.44949853465311,43.221907582809834,61.27267573696145,59.39628079293938,0,56,4,87,0.08096836008289321,0.04110203340232221,-0.033738536632372584,0.25999545780612987,0.1147068967152658,-0.21889342440380766,0.1055067769758699,-0.20260367785397296
2023-07-03,HD,top100,48.438720359846066,39.77761503325413,72.25056689342404,61.44276457883369,1,57,4,87,-0.026693008489803605,0.10447980450487249,-0.033738536632372584,0.25999545780612987,0.00704552814256898,-0.15551565330125738,-0.002154591596826922,-0.13922590675142268
2023-07-03,INTU,top100,47.838719785548136,47.25426119411082,45.80498866213152,55.9973921724426,1,58,4,87,0.1486502570290027,0.47068583769286265,-0.033738536632372584,0.25999545780612987,0.18238879366137528,0.21069037988673278,0.17318867392197937,0.22698012643656748
2023-07-03,WMT,top100,46.556507032054164,47.695689440050344,41.19614512471655,49.30295399075611,0,59,4,87,0.015607661835957742,0.3124478320727926,-0.033738536632372584,0.25999545780612987,0.04934619846833033,0.052452374266662716,0.04014607872893443,0.06874212081649742
2023-07-03,NOW,top100,45.961470091523836,44.87532684525165,45.84896418114172,53.78948463619338,1,60,4,87,-0.013573294011050452,0.3962726739744524,-0.033738536632372584,0.25999545780612987,0.020165242621322133,0.13627721616832256,0.01096512288192623,0.15256696271815726
2023-07-03,DHR,top100,45.80305026494833,35.92722064902516,67.6984126984127,71.14313270948182,0,61,4,87,0.01811068258459625,0.1482668901895423,-0.033738536632372584,0.25999545780612987,0.051849219216968834,-0.11172856761658756,0.042649099477572935,-0.09543882106675286
2023-07-03,ACN,top100,45.291243046661684,40.84509976239299,53.826530612244895,59.34367090537613,0,62,4,87,-0.005117192293532913,-0.0016563041136606893,-0.033738536632372584,0.25999545780612987,0.02862134433883967,-0.26165176191979056,0.01942122459944377,-0.24536201536995586
2023-07-03,PGR,top100,45.27276780857284,47.71081383111458,23.345997973657546,72.05998532061119,3,63,4,87,0.04891657074534583,0.5977175404727422,-0.033738536632372584,0.25999545780612987,0.08265510737771842,0.3377220826666123,0.07345498763832252,0.354011829216447
2023-07-03,NFLX,top100,44.82701738922242,43.85268365719493,44.543650793650784,52.21408670455814,0,64,4,87,-0.13843330916998908,0.5460991301196088,-0.033738536632372584,0.25999545780612987,-0.1046947725376165,0.2861036723134789,-0.1138948922770124,0.3023934188633136
2023-07-03,META,top100,44.4684281675308,46.084171467630114,35.24659863945578,51.60188412298563,2,65,4,87,0.0727220592374287,0.7866156762136804,-0.033738536632372584,0.25999545780612987,0.10646059586980128,0.5266202184075506,0.09726047613040538,0.5429099649573853
2023-07-03,BMY,top100,44.39562210127946,30.787097614165283,82.55956250532067,63.32741270299621,0,66,4,87,-0.09414891794563862,-0.35153918423506036,-0.033738536632372584,0.25999545780612987,-0.06041038131326604,-0.6115346420411902,-0.06961050105266194,-0.5952448954913555
2023-07-03,WFC,top100,44.08838199912427,33.05226269136043,73.62057943744873,62.2768222768223,1,67,4,87,-0.0801873126873126,0.43939560439560443,-0.033738536632372584,0.25999545780612987,-0.04644877605494002,0.17940014658947456,-0.05564889579433592,0.19568989313930926
2023-07-03,C,top100,42.95662175057616,26.013496945827775,89.91705698672912,67.637624911509,0,68,4,87,-0.12345169379538756,0.43911517903532293,-0.033738536632372584,0.25999545780612987,-0.08971315716301498,0.17911972122919306,-0.09891327690241088,0.19540946777902776
2023-07-03,SPGI,top100,42.75505544785551,41.42759496142955,42.12659942663142,53.304190895285466,1,69,4,87,-0.07393238387939105,0.14220260881525904,-0.033738536632372584,0.25999545780612987,-0.040193847247018466,-0.11779284899087084,-0.049393966986414364,-0.10150310244103614
2023-07-03,BSX,top100,42.47055141370309,47.2712083238399,20.19348227297536,53.42009132420091,1,70,5,87,-0.013634665670526624,0.4215539783339559,-0.033738536632372584,0.25999545780612987,0.02010387096184596,0.16155852052782604,0.010903751222450058,0.17784826707766074
2023-07-03,PM,top100,42.07526960104934,37.242321170892595,53.26814058956917,53.520166635106975,0,71,5,87,-0.058734892807781436,0.08744996022220142,-0.033738536632372584,0.25999545780612987,-0.02499635617540885,-0.17254549758392845,-0.03419647591480475,-0.15625575103409375
2023-07-03,AMGN,top100,41.89220122815824,26.00107411385607,83.30215419501134,70.31018509456732,1,72,5,87,0.19313693485440697,0.4179207484983858,-0.033738536632372584,0.25999545780612987,0.22687547148677956,0.15792529069225592,0.21767535174738364,0.17421503724209061
2023-07-03,UNP,top100,40.89391184886695,27.563096051817865,73.0498866213152,69.89767288331409,1,73,5,87,-0.011177960619088712,0.118946075019849,-0.033738536632372584,0.25999545780612987,0.022560576013283873,-0.14104938278628087,0.013360456273887971,-0.12475963623644618
2023-07-03,ABBV,top100,40.589159679281735,34.88555805097159,51.352040816326536,58.98860880336316,2,74,5,87,0.11023967385616262,0.2627989693376285,-0.033738536632372584,0.25999545780612987,0.1439782104885352,0.0028035115314986037,0.1347780907491393,0.019093258081333303
2023-07-03,PEP,top100,40.47888892940418,43.49354989204613,19.937641723356013,60.458756603006904,3,75,5,87,-0.08211161249012167,-0.09718523015231417,-0.033738536632372584,0.25999545780612987,-0.04837307585774908,-0.35718068795844404,-0.05757319559714498,-0.3408909414086093
2023-07-03,PG,top100,39.809078117967665,35.80646421247925,45.67460317460317,56.096325343115566,0,76,5,87,-0.04193591002410069,0.10182629652771591,-0.033738536632372584,0.25999545780612987,-0.008197373391728102,-0.15816916127841396,-0.017397493131124004,-0.14187941472857926
2023-07-03,TMO,top100,38.64092011101919,33.14300903774588,46.556122448979586,61.29589294801161,0,77,5,87,-0.04426827501232622,0.03457385614940334,-0.033738536632372584,0.25999545780612987,-0.010529738379953635,-0.22542160165672653,-0.019729858119349537,-0.20913185510689183
2023-07-03,TMUS,top100,37.19647338078821,35.54451062721739,34.08446712018141,54.984225176997576,0,78,5,87,-0.0005019784745590172,0.29649792641372996,-0.033738536632372584,0.25999545780612987,0.03323655815781357,0.03650246860760009,0.024036438418417665,0.05279221515743479
2023-07-03,COST,top100,35.82232693632808,39.8375592661307,25.481859410430836,28.396635679504215,0,79,5,87,0.057942731290265614,0.641822478753773,-0.033738536632372584,0.25999545780612987,0.0916812679226382,0.3818270209476431,0.0824811481832423,0.3981167674974778
2023-07-03,JNJ,top100,35.07165018965327,28.91323546962645,45.52308802308802,57.27767756297152,2,80,5,87,-0.043303144844980435,-0.08019076026776817,-0.033738536632372584,0.25999545780612987,-0.00956460821260785,-0.34018621807389804,-0.018764727952003752,-0.3238964715240633
2023-07-03,ABT,top100,33.251185748055754,24.234807798717572,54.112811791383216,54.642579306768084,0,81,5,87,-0.10288029718713654,-0.026257249622431034,-0.033738536632372584,0.25999545780612987,-0.06914176055476395,-0.2862527074285609,-0.07834188029415985,-0.2699629608787262
2023-07-03,DIS,top100,30.11685926410806,18.26661892827306,45.22823400817412,82.84579212682092,0,82,5,87,-0.09756967593779742,0.09316375198728122,-0.033738536632372584,0.25999545780612987,-0.06383113930542483,-0.16683170581884865,-0.07303125904482073,-0.15054195926901395
2023-07-03,ICE,top100,29.76913398034265,23.809046425587773,39.97991749891446,51.068179826483195,2,83,5,87,-0.029360733742500478,0.2673001861940556,-0.033738536632372584,0.25999545780612987,0.004377802889872107,0.00730472838792573,-0.004822316849523795,0.02359447493776043
2023-07-03,MDT,top100,29.290729102729294,16.127136021872865,61.1592970521542,57.69874476987448,1,84,5,87,-0.09990564663715751,-0.08382884679926794,-0.033738536632372584,0.25999545780612987,-0.06616711000478492,-0.3438243046053978,-0.07536722974418082,-0.3275345580555631
2023-07-03,BX,top100,27.97132732545095,25.80093089867526,14.999726543207831,69.107303877367,4,85,5,87,0.13957335105188284,0.34287031144718116,-0.033738536632372584,0.25999545780612987,0.17331188768425543,0.0828748536410513,0.16411176794485952,0.099164600190886
2023-07-03,CMCSA,top100,26.94108012787008,16.10986340309649,53.83786848072563,48.96602049557409,2,86,5,87,0.06537370049769686,-0.062321920054761115,-0.033738536632372584,0.25999545780612987,0.09911223713006945,-0.322317377860891,0.08991211739067355,-0.30602763131105626
2023-07-03,IBM,top100,24.35652694076839,16.13977584654277,32.53968253968254,65.50747340251945,4,87,5,87,0.06546174405285621,0.3705987815202778,-0.033738536632372584,0.25999545780612987,0.09920028068522879,0.11060332371414794,0.0900001609458329,0.12689307026398264
2023-10-02,AVGO,top100,80.0052716660047,90.18570419786225,50.271231620768106,68.21032403347516,0,1,1,87,0.30591228211002086,1.075449981784614,0.11059036085959129,0.34926059354393946,0.19532192125042958,0.7261893882406745,0.18183803191438133,0.6877073700144358
2023-10-02,JPM,top100,76.62538493801034,75.48770378557613,84.62575890571283,68.58840506964485,0,2,1,87,0.20574391270524717,0.47808232104419646,0.11059036085959129,0.34926059354393946,0.09515355184565588,0.128821727500257,0.08166966250960764,0.09033970927401841
2023-10-02,DE,top100,74.86484897053566,74.31330236801361,80.4280045351474,67.5993640589667,0,3,1,87,0.07635032639942319,0.1306908790104102,0.11059036085959129,0.34926059354393946,-0.0342400344601681,-0.21856971453352925,-0.047723923796216344,-0.25705173275976784
2023-10-02,CAT,top100,74.34412401764263,78.1917305929464,66.00907029478458,64.08098543623247,0,4,1,87,0.08281495135814487,0.47577695877370996,0.11059036085959129,0.34926059354393946,-0.027775409501446413,0.1265163652297705,-0.04125929883749466,0.08803434700353191
2023-10-02,CSCO,top100,73.33223795071493,76.37153120435796,68.33049886621316,62.060663344217204,0,5,1,87,-0.06463045991765226,0.006163147284692805,0.11059036085959129,0.34926059354393946,-0.17522082077724355,-0.34309744625924665,-0.1887047101132918,-0.38157946448548524
2023-10-02,AMAT,top100,72.99661229465893,78.77998394715719,54.60884353741497,69.28854824165916,0,6,1,87,0.10889325090348723,0.4527974170350937,0.11059036085959129,0.34926059354393946,-0.0016971099561040592,0.10353682349115423,-0.015180999292152303,0.06505480526491564
2023-10-02,AXP,top100,72.9307415123505,74.9523897244262,72.42246360909957,59.79575983432245,0,7,1,87,0.26494333409298876,0.8368537243088119,0.11059036085959129,0.34926059354393946,0.15435297323339747,0.48759313076487243,0.14086908389734923,0.44911111253863384
2023-10-02,COP,top100,72.56717627014268,76.0177107593521,61.32873519778281,70.89031699039644,0,8,1,87,0.009247476349523165,-0.033036030824921236,0.11059036085959129,0.34926059354393946,-0.10134288451006812,-0.3822966243688607,-0.11482677384611636,-0.4207786425950993
2023-10-02,KLAC,top100,71.70060591070778,75.76678640508428,57.36961451247164,71.89932524654452,1,9,1,87,0.21992040730118512,0.7025678650036686,0.11059036085959129,0.34926059354393946,0.10933004644159383,0.3533072714597292,0.09584615710554559,0.3148252532334906
2023-10-02,LRCX,top100,71.17151539975923,75.19778769018892,55.0,75.33064016626983,0,10,1,87,0.19094518866760612,0.30308407088265654,0.11059036085959129,0.34926059354393946,0.08035482780801484,-0.046176522661282915,0.0668709384719666,-0.0846585408875215
2023-10-02,VRTX,top100,70.11613736934417,76.61276244862871,52.7125850340136,59.44686648501363,0,11,1,87,0.18135295977920252,0.3286375528275307,0.11059036085959129,0.34926059354393946,0.07076259891961123,-0.020623040716408747,0.05727870958356299,-0.05910505894264734
2023-10-02,ADI,top100,69.65642933878888,70.50820844133914,68.20294784580499,66.6009386069049,0,12,1,87,0.1086595397340333,0.320773493401604,0.11059036085959129,0.34926059354393946,-0.00193082112555798,-0.028487100142335464,-0.015414710461606224,-0.06696911836857405
2023-10-02,NVDA,top100,69.19518508872012,85.61599494730194,10.909984110019735,70.81991803604824,2,13,1,87,0.07570483191867305,1.6547721852585986,0.11059036085959129,0.34926059354393946,-0.03488552894091823,1.3055115917146591,-0.048369418276966475,1.2670295734884205
2023-10-02,MA,top100,68.84805649093792,81.77070312328671,28.108038914490525,59.86956521739131,0,14,1,87,0.06732781074097227,0.25930664480397647,0.11059036085959129,0.34926059354393946,-0.043262550118619014,-0.08995394873996299,-0.05674643945466726,-0.12843596696620158
2023-10-02,PLD,top100,66.92970803943822,67.02768018877441,70.531298637707,59.040721797547434,0,15,1,87,0.2372557628979144,0.16828959185710013,0.11059036085959129,0.34926059354393946,0.1266654020383231,-0.18097100168683933,0.11318151270227486,-0.21945301991307792
2023-10-02,MSFT,top100,66.54945889668316,74.23233639039111,36.170634920634924,73.52696439282403,0,16,1,87,0.15482512465199538,0.3059696840750119,0.11059036085959129,0.34926059354393946,0.0442347637924041,-0.04329090946892755,0.030750874456355853,-0.08177292769516614
2023-10-02,GOOGL,top100,66.0809055893636,70.6375522484945,55.087294559697156,56.17160103478012,0,17,1,87,0.029812957045354915,0.23925381455818528,0.11059036085959129,0.34926059354393946,-0.08077740381423637,-0.11000677898575417,-0.09426129315028461,-0.14848879721199276
2023-10-02,NOW,top100,66.06698911450496,70.49149769514511,49.49005359719645,68.24930008464092,2,18,1,87,0.23826162131008766,0.5856672009797741,0.11059036085959129,0.34926059354393946,0.12767126045049637,0.23640660743583464,0.11418737111444813,0.19792458920959605
2023-10-02,ADBE,top100,66.03178234435832,70.49246262012218,50.323129251700685,66.2243265993266,0,19,2,87,0.11310037802467732,-0.029397655095657504,0.11059036085959129,0.34926059354393946,0.0025100171650860315,-0.37865824863959696,-0.010973872170962212,-0.41714026686583555
2023-10-02,XOM,top100,65.97373407313725,65.68700465357,71.26365697794269,57.40099420049711,0,20,2,87,-0.106667430185726,0.08778751264578433,0.11059036085959129,0.34926059354393946,-0.21725779104531728,-0.26147308089815513,-0.23074168038136553,-0.2999550991243937
2023-10-02,INTU,top100,65.1875498245622,73.42408014140537,37.142857142857146,63.62122297007018,1,21,2,87,0.16804190413967324,0.17989739505080626,0.11059036085959129,0.34926059354393946,0.05745154328008195,-0.1693631984931332,0.04396765394403371,-0.20784521671937178
2023-10-02,GILD,top100,64.45111739968576,61.728619236218016,76.31802721088435,59.774784921562755,0,22,2,87,0.13357936409602855,0.1911532175749744,0.11059036085959129,0.34926059354393946,0.022989003236437267,-0.15810737596896507,0.009505113900389023,-0.19658939419520366
2023-10-02,AAPL,top100,64.08451019264717,70.50910757597688,36.791383219954646,73.69858245472429,0,23,2,87,0.06983901432293038,0.31188743719061973,0.11059036085959129,0.34926059354393946,-0.040751346536660904,-0.037373156353319725,-0.05423523587270915,-0.07585517457955832
2023-10-02,MCD,top100,63.234278423580335,63.23438466295609,64.49546485260771,60.711161889895365,0,24,2,87,0.15933969909652212,0.20703704213491236,0.11059036085959129,0.34926059354393946,0.04874933823693084,-0.1422235514090271,0.035265448900882596,-0.18070556963526568
2023-10-02,CB,top100,62.85723768764749,64.10422066957021,59.129178553141685,61.584475083200076,0,25,2,87,0.10570764382897124,0.43101479537703113,0.11059036085959129,0.34926059354393946,-0.004882717030620043,0.08175420183309168,-0.018366606366668287,0.04327218360685309
2023-10-02,LLY,top100,62.48217655676986,76.4474532559639,9.78551152821226,70.11856971952682,2,26,2,87,0.10218363500718919,0.6664947259068326,0.11059036085959129,0.34926059354393946,-0.008406725852402097,0.3172341323628931,-0.02189061518845034,0.2787521141366545
2023-10-02,PM,top100,62.142272712175526,63.752319109461965,60.23526077097506,54.685971813571385,0,27,2,87,0.059861897734646785,0.37768356695898997,0.11059036085959129,0.34926059354393946,-0.0507284631249445,0.028422973415050512,-0.06421235246099274,-0.010059044811188078
2023-10-02,LMT,top100,61.08015513709448,55.51744101896077,82.71258503401361,56.75429417019217,0,28,2,87,0.12640772279000223,0.5190980693290606,0.11059036085959129,0.34926059354393946,0.015817361930410945,0.1698374757851211,0.002333472594362701,0.1313554575588825
2023-10-02,ACN,top100,61.01730698129178,62.62135028092475,54.69954648526077,62.424524875923005,0,29,2,87,0.1300809832565164,0.17448026949648954,0.11059036085959129,0.34926059354393946,0.019490622396925117,-0.17478032404744992,0.006006733060876873,-0.2132623422736885
2023-10-02,TJX,top100,60.541271077943016,64.28132826309118,47.78344671201815,59.87651951375559,0,30,2,87,0.05574536637526739,0.33208620980752657,0.11059036085959129,0.34926059354393946,-0.054844994484323895,-0.01717438373641289,-0.06832888382037214,-0.05565640196265148
2023-10-02,MRSH,top100,59.90823192522591,64.8443181269929,42.850102406554015,59.47188755020078,0,31,2,87,0.011172891926884088,0.19913018056270992,0.11059036085959129,0.34926059354393946,-0.0994174689327072,-0.15013041298122953,-0.11290135826875544,-0.18861243120746812
2023-10-02,ORCL,top100,59.605052604660244,66.49962499506573,24.444444444444446,81.66426219225343,1,32,2,87,-0.021265256037371727,0.5931021159439425,0.11059036085959129,0.34926059354393946,-0.131855616896963,0.243841522400003,-0.14533950623301126,0.20535950417376442
2023-10-02,ADP,top100,59.33730230570184,60.09631705680338,53.41836734693878,65.86206896551724,0,33,2,87,-0.018945550498571828,0.2116352156374386,0.11059036085959129,0.34926059354393946,-0.1295359113581631,-0.13762537790650087,-0.14301980069421136,-0.17610739613273946
2023-10-02,FISV,top100,59.17795924778863,53.39570257503387,73.50340136054422,71.00287173156067,0,34,2,87,0.1792645104120516,0.6167478954364201,0.11059036085959129,0.34926059354393946,0.06867414955246032,0.2674873018924806,0.055190260216412074,0.229005283666242
2023-10-02,ETN,top100,58.169092015359496,65.02138186028763,26.210317460317455,74.12061221094659,0,35,2,87,0.1408595566923263,0.5812129980298535,0.11059036085959129,0.34926059354393946,0.03026919583273502,0.23195240448591403,0.016785306496686775,0.19347038625967544
2023-10-02,SCHW,top100,57.32635387252445,51.12510252327881,72.78353814644137,69.82074476941006,0,36,3,87,0.2962855563686184,0.2018986750533247,0.11059036085959129,0.34926059354393946,0.18569519550902713,-0.14736191849061475,0.1722113061729789,-0.18584393671685334
2023-10-02,PG,top100,56.923396226819015,54.30729351701996,64.26303854875283,60.55683055154484,0,37,3,87,0.030916431943079248,0.21410368881875952,0.11059036085959129,0.34926059354393946,-0.07967392891651204,-0.13515690472517994,-0.09315781825256028,-0.17363892295141853
2023-10-02,GE,top100,56.69605825195005,58.28335460554306,47.21466364323507,64.54777299422894,0,38,3,87,0.15846267052094798,1.1593505902501966,0.11059036085959129,0.34926059354393946,0.04787230966135669,0.8100899967062571,0.03438842032530845,0.7716079784800185
2023-10-02,ISRG,top100,56.57591042404034,60.01065803497414,30.722789115646258,84.23891976429186,1,39,3,87,0.12204217235066794,0.6496711641467217,0.11059036085959129,0.34926059354393946,0.011451811491076658,0.3004105706027822,-0.002032077844971586,0.2619285523765436
2023-10-02,MDLZ,top100,56.38371802024779,56.02898283749348,55.78231292517007,60.069674489683464,0,40,3,87,0.08449685410153918,0.08177753155791212,0.11059036085959129,0.34926059354393946,-0.02609350675805211,-0.26748306198602734,-0.03957739609410035,-0.3059650802122659
2023-10-02,MS,top100,56.35949062398556,53.34179835699592,63.72961012361934,62.7430974936455,2,41,3,87,0.1820366840898371,0.35295280474870006,0.11059036085959129,0.34926059354393946,0.0714463232302458,0.003692211204760598,0.05796243389419756,-0.03478980702147799
2023-10-02,HON,top100,56.15803134015732,54.94059132357004,58.79818594104309,59.39980225449671,0,42,3,87,0.15124966622320257,0.14140995571452386,0.11059036085959129,0.34926059354393946,0.04065930536361129,-0.2078506378294156,0.027175416027563043,-0.2463326560556542
2023-10-02,BLK,top100,56.09099749591519,51.72914555893279,68.25314534415917,62.29966535830404,1,43,3,87,0.25286197497238905,0.5267899780384391,0.11059036085959129,0.34926059354393946,0.14227161411279776,0.17752938449449962,0.12878772477674952,0.13904736626826103
2023-10-02,BAC,top100,56.06733040857694,41.3600178949723,97.97097871406628,75.2112213928308,0,44,3,87,0.2797960407435578,0.5103005863627401,0.11059036085959129,0.34926059354393946,0.1692056798839665,0.16103999281880066,0.15572179054791827,0.12255797459256207
2023-10-02,SYK,top100,55.715083388254584,58.51019969561003,44.53231292517007,58.514810162935504,0,45,3,87,0.08466537530774754,0.30920959385187174,0.11059036085959129,0.34926059354393946,-0.02592498555184375,-0.04005099969206771,-0.03940887488789199,-0.0785330179183063
2023-10-02,CRM,top100,55.675254003775635,51.213568599586836,60.142170903449106,77.9732180337503,1,46,3,87,0.25732637454886675,0.37804057715097006,0.11059036085959129,0.34926059354393946,0.14673601368927547,0.0287799836070306,0.13325212435322722,-0.009702034619207989
2023-10-02,TXN,top100,55.440582885063364,54.45685688846784,54.36507936507936,64.47767190120001,0,47,3,87,0.06790597801503084,0.3114273880178102,0.11059036085959129,0.34926059354393946,-0.04268438284456044,-0.03783320552612923,-0.056168272180608686,-0.07631522375236782
2023-10-02,NEE,top100,55.39166182933549,44.33224998574543,91.79543419656846,60.0,1,48,3,87,0.19023981217507968,0.6882630387388899,0.11059036085959129,0.34926059354393946,0.0796494513154884,0.3390024451949505,0.06616556197944015,0.3005204269687119
2023-10-02,SPGI,top100,55.266710316559845,55.71748751080058,42.79640633842672,77.05187791314097,2,49,3,87,0.19256735109086098,0.41507465573320323,0.11059036085959129,0.34926059354393946,0.0819769902312697,0.06581406218926378,0.06849310089522145,0.027332043963025188
2023-10-02,GS,top100,54.73979338417655,50.00039474203608,66.06713115353668,65.26090834043964,2,50,3,87,0.229163813406162,0.5872577413992657,0.11059036085959129,0.34926059354393946,0.1185734525465707,0.23799714785532622,0.10508956321052246,0.19951512962908763
2023-10-02,WFC,top100,54.317180127510966,43.21061242033886,87.72767171384683,65.24217090504393,0,51,3,87,0.2564941500381488,0.4375022061239284,0.11059036085959129,0.34926059354393946,0.1459037891785575,0.08824161257998897,0.13241989984250926,0.04975959435375038
2023-10-02,SBUX,top100,53.71171547244468,50.311791383219955,61.82539682539682,61.28382139111346,0,52,3,87,0.03351958612594186,0.08580053201560078,0.11059036085959129,0.34926059354393946,-0.07707077473364943,-0.2634600615283387,-0.09055466406969767,-0.30194207975457726
2023-10-02,LIN,top100,53.569102859966435,55.66573244384794,42.55614472863381,60.91861203546118,0,53,4,87,0.10976431619079596,0.30107640363466226,0.11059036085959129,0.34926059354393946,-0.0008260446687953227,-0.0481841899092772,-0.014309934004843566,-0.08666620813551579
2023-10-02,LOW,top100,51.82245535583404,44.823232323232325,67.20238095238095,70.05716539095216,1,54,4,87,0.06899128628906559,0.3487146192576933,0.11059036085959129,0.34926059354393946,-0.041599074570525696,-0.0005459742862461425,-0.05508296390657394,-0.03902799251248473
2023-10-02,CVX,top100,51.773332988741046,41.91138479892279,79.97732426303855,64.39898776887391,0,55,4,87,-0.09302873324574723,-0.054299095321402535,0.11059036085959129,0.34926059354393946,-0.20361909410533852,-0.403559688865342,-0.21710298344138676,-0.4420417070915806
2023-10-02,NFLX,top100,51.60213693849924,46.37806637806638,49.60600907029479,92.16288659793815,0,56,4,87,0.23182499408408486,0.869665816527752,0.11059036085959129,0.34926059354393946,0.12123463322449357,0.5204052229838125,0.10775074388844533,0.48192320475757394
2023-10-02,PFE,top100,51.22589349614244,38.143966806580785,87.50543358137479,70.24030015260934,1,57,4,87,-0.11223312072323166,-0.10731986207142985,0.11059036085959129,0.34926059354393946,-0.22282348158282295,-0.4565804556153693,-0.2363073709188712,-0.4950624738416079
2023-10-02,META,top100,50.13900616134529,53.43745751040584,33.22278911564626,60.88228080931944,2,58,4,87,0.12864216925185712,0.8725463925423422,0.11059036085959129,0.34926059354393946,0.018051808392265833,0.5232857989984028,0.00456791905621759,0.4848037807721642
2023-10-02,PGR,top100,50.05912018701611,55.94788527919227,27.20503255065467,54.545939814505914,0,59,4,87,0.16389160696306315,0.8431043617152758,0.11059036085959129,0.34926059354393946,0.05330124610347187,0.49384376817133635,0.03981735676742362,0.45536174994509776
2023-10-02,UNH,top100,49.77858420572097,47.00412724728834,56.57879818594105,55.59935495430926,0,60,4,87,0.05171273709058366,0.1686058840237572,0.11059036085959129,0.34926059354393946,-0.058877623769007625,-0.18065470952018226,-0.07236151310505587,-0.21913672774642085
2023-10-02,KO,top100,49.569870047004756,44.686728334144746,65.91322231894338,51.06515749314761,0,61,4,87,0.08681316534817851,0.3195077644301201,0.11059036085959129,0.34926059354393946,-0.023777195511412774,-0.02975282911381938,-0.03726108484746102,-0.06823484734005797
2023-10-02,COST,top100,49.55046422207536,58.5453317368211,18.191609977324262,49.30410010835751,1,62,4,87,0.1669100892039328,0.5827009173924265,0.11059036085959129,0.34926059354393946,0.05631972834434151,0.233440323848487,0.04283583900829327,0.19495830562224842
2023-10-02,BX,top100,49.34528763927802,56.17341456247232,17.381775290761468,65.47542387395103,4,63,4,87,0.2074603608024126,0.4619580726819563,0.11059036085959129,0.34926059354393946,0.0968699999428213,0.11269747913801687,0.08338611060677306,0.07421546091177827
2023-10-02,WMT,top100,48.85157690718225,48.41712829554775,46.831065759637184,55.93373948371387,0,64,4,87,-0.0013633199257426787,0.5274655785891087,0.11059036085959129,0.34926059354393946,-0.11195368078533396,0.17820498504516924,-0.1254375701213822,0.13972296681893065
2023-10-02,HD,top100,48.780761093890256,38.665157874884315,77.77210884353741,61.6072881276375,1,65,4,87,0.158647171761926,0.40726592245984494,0.11059036085959129,0.34926059354393946,0.04805681090233471,0.058005328915905485,0.03457292156628647,0.019523310689666895
2023-10-02,VZ,top100,47.972259394365835,31.065891217866902,99.390589569161,63.480176280268125,0,66,4,87,0.25031092970870805,0.5215147956335071,0.11059036085959129,0.34926059354393946,0.13972056884911677,0.17225420208956765,0.12623667951306852,0.13377218386332906
2023-10-02,MRK,top100,47.86710442412965,52.4346372978592,28.10420922201162,55.420164712258895,3,67,4,87,0.1122367683051193,0.1219098426133658,0.11059036085959129,0.34926059354393946,0.0016464074455280198,-0.22735075093057366,-0.011837481890520224,-0.26583276915681225
2023-10-02,PEP,top100,46.572031537643475,46.13501493440704,43.84637188208617,55.08246707141308,1,68,4,87,0.029901586214165166,0.03342906829679593,0.11059036085959129,0.34926059354393946,-0.08068877464542612,-0.31583152524714353,-0.09417266398147436,-0.3543135434733821
2023-10-02,ICE,top100,46.39456898595577,43.03232060070966,48.80348913759052,65.11246737940905,2,69,4,87,0.16189279898602082,0.49256330028238704,0.11059036085959129,0.34926059354393946,0.05130243812642954,0.14330270673844758,0.037818548790381296,0.10482068851220899
2023-10-02,BMY,top100,46.28248039384276,30.73163243376009,88.07982749413758,71.54372191383177,0,70,5,87,-0.07873001590565698,-0.024720456585917372,0.11059036085959129,0.34926059354393946,-0.18932037676524827,-0.37398105012985683,-0.2028042661012965,-0.4124630683560954
2023-10-02,BSX,top100,45.52210005154942,50.31728487655539,22.35933868998385,58.281328999638845,1,71,5,87,0.09524711228933924,0.5998863851543266,0.11059036085959129,0.34926059354393946,-0.015343248570252044,0.2506257916103871,-0.028827137906300287,0.21214377338414853
2023-10-02,IBM,top100,44.715085472059776,45.9311087426589,34.71655328798186,56.19998694602181,4,72,5,87,0.1600260819368564,0.6225488783131188,0.11059036085959129,0.34926059354393946,0.04943572107726513,0.2732882847691793,0.03595183174121688,0.23480626654294073
2023-10-02,ABT,top100,43.96580223383839,37.55768716255038,56.07709750566894,64.6000171891934,2,73,5,87,0.15384974625611014,0.21176940217850593,0.11059036085959129,0.34926059354393946,0.04325938539651886,-0.13749119136543353,0.029775496060470613,-0.17597320959167212
2023-10-02,ABBV,top100,43.90758082444729,41.43640047895367,43.58560090702948,61.84980307773819,2,74,5,87,0.08883497106842575,0.378917583543942,0.11059036085959129,0.34926059354393946,-0.021755389791165536,0.029656990000002548,-0.03523927912721378,-0.008825028226236042
2023-10-02,CMCSA,top100,42.82706352036311,36.573112804115844,55.371315192743765,61.5162151893327,2,75,5,87,-0.005413132870727311,-0.037527842028613034,0.11059036085959129,0.34926059354393946,-0.1160034937303186,-0.3867884355725525,-0.12948738306636684,-0.4252704537987911
2023-10-02,QCOM,top100,42.674186350226734,29.50473032539902,75.36362215517757,69.48150691411907,1,76,5,87,0.2702230142409918,0.5466428933153273,0.11059036085959129,0.34926059354393946,0.15963265338140054,0.19738229977138788,0.1461487640453523,0.1589002815451493
2023-10-02,AMZN,top100,41.48325320275299,40.00995627135445,31.637760761542555,71.48731660496367,1,77,5,87,0.15811833771048978,0.42715896802101017,0.11059036085959129,0.34926059354393946,0.04752797685089849,0.07789837447707071,0.034044087514850246,0.03941635625083212
2023-10-02,C,top100,41.041345752976895,22.97122330556981,93.67432631967515,62.266241751430044,0,78,5,87,0.32663550516546547,0.595109791513859,0.11059036085959129,0.34926059354393946,0.21604514430587418,0.24584919796991955,0.20256125496982594,0.20736717974368096
2023-10-02,AMGN,top100,40.79358037700895,32.19020425707357,61.06859410430839,60.46718576195774,1,79,5,87,0.12548661470632227,0.23670590806535619,0.11059036085959129,0.34926059354393946,0.014896253846730989,-0.11255468547858327,0.0014123645106827454,-0.15103670370482186
2023-10-02,RTX,top100,39.14406860790291,26.73346579121655,72.15321277025662,60.0,1,80,5,87,0.20336617161225035,0.7831602131015805,0.11059036085959129,0.34926059354393946,0.09277581075265906,0.433899619557641,0.07929192141661082,0.3954176013314024
2023-10-02,DHR,top100,39.07779744669524,30.69549160734571,56.43707482993197,63.03538355566852,0,81,5,87,0.10097658638775342,0.2884520479950736,0.11059036085959129,0.34926059354393946,-0.009613774471837866,-0.06080854554886583,-0.02309766380788611,-0.09929056377510442
2023-10-02,UNP,top100,38.685374776017746,23.683228288091513,72.23072562358276,76.60969849637135,1,82,5,87,0.2080338591847204,0.22728526036260077,0.11059036085959129,0.34926059354393946,0.09744349832512911,-0.12197533318133869,0.08395960898908086,-0.16045735140757728
2023-10-02,JNJ,top100,35.21114570320405,27.965236384689273,48.964222834447625,58.426356670320374,2,83,5,87,0.03932373700790048,0.07167202915396231,0.11059036085959129,0.34926059354393946,-0.0712666238516908,-0.27758856438997714,-0.08475051318773905,-0.31607058261621573
2023-10-02,TMO,top100,34.16944205262591,27.06781229577582,46.43707482993197,59.345584795964385,0,84,5,87,0.09828244682593845,0.23912408634347937,0.11059036085959129,0.34926059354393946,-0.012307914033652834,-0.11013650720046009,-0.025791803369701077,-0.14861852542669868
2023-10-02,MDT,top100,31.85811171228025,17.929841182120818,67.74943310657596,57.57336263480485,1,85,5,87,0.07411555633100297,0.18475280040410813,0.11059036085959129,0.34926059354393946,-0.03647480452858831,-0.16450779313983133,-0.049958693864636555,-0.20298981136606992
2023-10-02,TMUS,top100,28.84973399723513,19.12573411053654,48.88038548752834,56.85643022353882,0,86,5,87,0.16772084740271254,0.5173737796363247,0.11059036085959129,0.34926059354393946,0.05713048654312125,0.16811318609238524,0.04364659720707301,0.12963116786614665
2023-10-02,DIS,top100,25.81186589268792,14.826817896726713,39.536946515132996,75.25704061952625,2,87,5,87,0.11430942031364832,0.16190351105397283,0.11059036085959129,0.34926059354393946,0.0037190594540570387,-0.18735708248996663,-0.009764829881991205,-0.22583910071620522
2024-01-02,NVDA,top100,79.52055670825793,96.6602192134107,30.083620314293633,58.41679196011713,1,1,1,93,0.8760858940362917,1.8722237820412833,0.10818244272346766,0.25280726716029234,0.767903451312824,1.619416514880991,0.7645493184525147,1.6327927309606451
2024-01-02,AVGO,top100,73.9366344933435,88.79217709004942,28.642290249433106,60.53652480422289,0,2,1,93,0.24934158826405328,1.1661032143731873,0.10818244272346766,0.25280726716029234,0.14115914554058562,0.913295947212895,0.13780501268027634,0.9266721632925492
2024-01-02,KLAC,top100,72.8348916542264,83.3064689447668,41.901927437641724,61.399779053612974,0,3,1,93,0.2713647331549749,0.14613054666598613,0.10818244272346766,0.25280726716029234,0.16318229043150723,-0.10667672049430621,0.15982815757119795,-0.09330050441465201
2024-01-02,CSCO,top100,72.32723367242681,70.39544379969911,83.74149659863946,63.021236929095394,0,4,1,93,-0.0015956564104965265,0.2081523149783202,0.10818244272346766,0.25280726716029234,-0.10977809913396419,-0.04465495218197213,-0.11313223199427348,-0.03127873610231793
2024-01-02,PANW,top100,71.81335444306711,88.51278744895765,15.627362055933487,67.28930817610062,1,5,1,93,-0.032881074345839645,0.2511421846878028,0.10818244272346766,0.25280726716029234,-0.1410635170693073,-0.001665082472489532,-0.1444176499296166,0.011711133607164664
2024-01-02,CAT,top100,70.76300132561083,77.98839458413927,64.18650793650794,33.33823529411765,0,6,1,93,0.24842039436344088,0.24881354538199996,0.10818244272346766,0.25280726716029234,0.1402379516399732,-0.003993721778292381,0.13688381877966393,0.009382494301361816
2024-01-02,JPM,top100,70.30480352732374,76.38942617666022,69.60875210299173,29.104547830632498,0,7,1,93,0.1632189886140043,0.428004853390749,0.10818244272346766,0.25280726716029234,0.05503654589053664,0.17519758623045667,0.051682413030227345,0.18857380231011087
2024-01-02,ANET,top100,70.1561498909453,86.11003653556845,21.10827664399093,56.57468987249203,0,8,1,93,0.29448091207462435,0.9310761789600968,0.10818244272346766,0.25280726716029234,0.18629846935115668,0.6782689117998044,0.1829443364908474,0.6916451278794586
2024-01-02,MA,top100,69.89584569820771,83.50848914678701,31.189104674127712,52.02082360631246,0,9,1,93,0.1357318007275108,0.2454000501648428,0.10818244272346766,0.25280726716029234,0.027549358004043123,-0.00740721699544955,0.02419522514373383,0.005968999084204646
2024-01-02,AMAT,top100,69.63390316559985,75.93595529765743,51.445578231292515,61.896188109811504,0,10,1,93,0.35417344948159446,0.06982990685375334,0.10818244272346766,0.25280726716029234,0.2459910067581268,-0.182977360306539,0.24263687389781752,-0.1696011442268848
2024-01-02,PLD,top100,69.51134095163451,73.8340855362132,62.528621204579395,53.21756835369402,1,11,1,93,-0.042741322768648615,-0.20030342282236457,0.10818244272346766,0.25280726716029234,-0.15092376549211628,-0.4531106899826569,-0.15427789835242556,-0.4397344739030027
2024-01-02,ADP,top100,68.81072194252054,73.20545884375672,58.715986394557824,58.23703472979285,0,12,1,93,0.05700904921419503,0.26813980090273914,0.10818244272346766,0.25280726716029234,-0.051173393509272636,0.015332533742446808,-0.05452752636958193,0.028708749822101004
2024-01-02,VRTX,top100,67.91447157385284,81.33462282398452,39.89512471655328,30.012106537530258,0,13,1,93,0.02328977148280642,-0.012533158112482123,0.10818244272346766,0.25280726716029234,-0.08489267124066124,-0.26534042527277446,-0.08824680410097054,-0.25196420919312024
2024-01-02,COP,top100,66.63653939386465,69.44766817107242,57.95194003527337,64.32783667059283,2,14,1,93,0.10211671220922702,-0.1250716417137807,0.10818244272346766,0.25280726716029234,-0.0060657305142406415,-0.37787890887407305,-0.009419863374549933,-0.3645026927944188
2024-01-02,GOOGL,top100,65.94392527067157,69.26713947990544,59.62371863345889,55.3218390804598,0,15,1,93,0.1253532611078152,0.37596260912005475,0.10818244272346766,0.25280726716029234,0.01717081838434753,0.12315534195976241,0.013816685524038239,0.1365315580394166
2024-01-02,ADBE,top100,65.71152212188063,72.64990328820116,41.29251700680271,65.9808641877928,1,16,1,93,-0.13443205130415303,-0.2397469270950059,0.10818244272346766,0.25280726716029234,-0.2426144940276207,-0.4925541942552982,-0.24596862688792998,-0.479177978175644
2024-01-02,MSFT,top100,65.20999379701358,78.12594025359984,24.61451247165533,55.989331251626325,0,17,1,93,0.14691178815475636,0.13708357533462268,0.10818244272346766,0.25280726716029234,0.0387293454312887,-0.11572369182566966,0.035375212570979406,-0.10234747574601546
2024-01-02,NOW,top100,65.07798869366859,72.26520524392865,43.36051514622943,58.202419936726436,2,18,1,93,0.11759657900861087,0.5335408424482198,0.10818244272346766,0.25280726716029234,0.009414136285143204,0.2807335752879274,0.006060003424833912,0.29410979136758164
2024-01-02,AXP,top100,64.4971812448122,73.59552976574253,50.17372540414016,29.45565327964396,0,19,1,93,0.21260279313670138,0.6037558340940541,0.10818244272346766,0.25280726716029234,0.10442035041323372,0.35094856693376175,0.10106621755292443,0.364324783013416
2024-01-02,MCD,top100,63.20169575997083,74.24242424242425,45.38832199546485,21.543343911808925,0,20,2,93,-0.051257909604926266,0.008613680288624082,0.10818244272346766,0.25280726716029234,-0.15944035232839393,-0.24419358687166826,-0.1627944851887032,-0.23081737079201406
2024-01-02,LLY,top100,63.12944503076768,79.4132817537073,7.205215419501135,60.99104719272346,2,21,2,93,0.2865299188122703,0.3224384467758048,0.10818244272346766,0.25280726716029234,0.17834747608880264,0.06963117961551246,0.17499334322849336,0.08300739569516666
2024-01-02,MRSH,top100,62.97028589942291,68.55577047066409,44.17379855167874,61.464868596223084,0,22,2,93,0.07598250725972955,0.12756362210526384,0.10818244272346766,0.25280726716029234,-0.032199935463738116,-0.1252436450550285,-0.03555406832404741,-0.1118674289753743
2024-01-02,META,top100,61.92799378939196,66.17236191704276,49.223356009070294,57.62669245647967,0,23,2,93,0.42040285426719914,0.7370671661682817,0.10818244272346766,0.25280726716029234,0.3122204115437315,0.4842598990079894,0.3088662786834222,0.4976361150876436
2024-01-02,UNH,top100,61.91432331713548,64.60992907801418,56.167800453514744,54.538128718226076,0,24,2,93,-0.08845902397231142,-0.04993310766663783,0.10818244272346766,0.25280726716029234,-0.1966414666957791,-0.30274037482693017,-0.19999559955608837,-0.28936415874727595
2024-01-02,INTU,top100,61.46993567620687,72.67784225231034,24.14965986394558,57.65514126800515,1,25,2,93,0.061354881142534845,0.037685303456232555,0.10818244272346766,0.25280726716029234,-0.04682756158093282,-0.21512196370405978,-0.05018169444124211,-0.20174574762440559
2024-01-02,LRCX,top100,61.385789388621475,68.35589941972921,36.69501133786848,61.976575272373296,2,26,2,93,0.31309643729033954,-0.023397448567187507,0.10818244272346766,0.25280726716029234,0.20491399456687187,-0.27620471572747984,0.2015598617065626,-0.2628284996478256
2024-01-02,AAPL,top100,61.05798481766206,69.56909520739308,30.294784580498867,63.00661256387137,0,27,2,93,-0.08291858410939779,0.3199990185601187,0.10818244272346766,0.25280726716029234,-0.19110102683286545,0.06719175139982636,-0.19445515969317473,0.08056796747948056
2024-01-02,CB,top100,60.79993074234346,63.13990973565442,61.27249286811499,43.474953537623726,0,28,2,93,0.13592914426434333,0.2146592439599484,0.10818244272346766,0.25280726716029234,0.027746701540875662,-0.03814802320034394,0.02439256868056637,-0.024771807120689743
2024-01-02,DE,top100,60.02230528471865,53.38491295938104,82.35544217687075,61.81777777777776,0,29,2,93,0.011788688278745907,0.058787824514742404,0.10818244272346766,0.25280726716029234,-0.09639375444472176,-0.19401944264554993,-0.09974788730503105,-0.18064322656589574
2024-01-02,XOM,top100,59.863270155829696,55.65656565656566,74.37287414965986,60.29099366301763,1,30,2,93,0.15354865728790967,0.08411928855916995,0.10818244272346766,0.25280726716029234,0.04536621456444201,-0.1686879786011224,0.04201208170413272,-0.1553117625214682
2024-01-02,ORCL,top100,59.415898924237794,65.52869116698903,33.23412698412698,68.98989710520075,1,31,2,93,0.210515196210197,0.6150336398595884,0.10818244272346766,0.25280726716029234,0.10233275348672932,0.36222637269929603,0.09897862062642003,0.37560258877895025
2024-01-02,MDLZ,top100,59.26396600501966,59.00494304749624,63.75850340136055,52.08805191500191,0,32,2,93,-0.04948639583862402,-0.17234418922350747,0.10818244272346766,0.25280726716029234,-0.15766883856209168,-0.4251514563837998,-0.16102297142240096,-0.4117752403041456
2024-01-02,TJX,top100,58.94191462957651,63.55039759295079,46.71201814058957,51.142326863930435,0,33,2,93,0.07247115580032437,0.31675034788509193,0.10818244272346766,0.25280726716029234,-0.03571128692314329,0.0639430807247996,-0.039065419783452585,0.07731929680445379
2024-01-02,ETN,top100,58.43200302966039,69.13819041478617,24.407596371882086,51.53750464933668,0,34,2,93,0.3102012851747,0.4067071109624183,0.10818244272346766,0.25280726716029234,0.20201884245123236,0.15389984380212596,0.19866470959092308,0.16727605988178015
2024-01-02,PG,top100,58.08693074265466,55.669460563077585,70.50736961451247,50.16834425597857,0,35,2,93,0.08642077956631611,0.143688075145612,0.10818244272346766,0.25280726716029234,-0.021761663157151556,-0.10911919201468034,-0.025115796017460848,-0.09574297593502615
2024-01-02,IBM,top100,57.831470421957825,59.62712228669676,53.052721088435376,54.81940603583022,1,36,2,93,0.18613370546867025,0.41108844213546236,0.10818244272346766,0.25280726716029234,0.07795126274520259,0.15828117497517002,0.0745971298848933,0.17165739105482422
2024-01-02,FISV,top100,57.556814917068785,54.13281753707285,71.32086167800453,53.99670305516886,0,37,2,93,0.19153892395551542,0.5477908025247968,0.10818244272346766,0.25280726716029234,0.08335648123204775,0.2949835353645045,0.08000234837173846,0.3083597514441587
2024-01-02,REGN,top100,57.0657235760315,67.88308618095853,33.205782312925166,29.064067867755078,2,38,3,93,0.07106077634496022,-0.2097348516451476,0.10818244272346766,0.25280726716029234,-0.037121666378507445,-0.46254211880543994,-0.04047579923881674,-0.4491659027257857
2024-01-02,NEE,top100,56.58650756407715,44.2789598108747,88.20309557047575,79.50616582369709,0,39,3,93,0.038818792797362445,0.19693303181446709,0.10818244272346766,0.25280726716029234,-0.06936364992610522,-0.05587423534582525,-0.07271778278641451,-0.042498019266171055
2024-01-02,SPGI,top100,56.26023088375769,61.957876638727704,38.296624818574855,52.303922729333266,3,40,3,93,-0.019274847765967218,0.14429332532412187,0.10818244272346766,0.25280726716029234,-0.12745729048943488,-0.10851394183617047,-0.13081142334974416,-0.09513772575651627
2024-01-02,CRM,top100,55.96515854704294,55.822050290135394,55.391305645065046,58.11462214935163,1,41,3,93,0.18164529963753218,0.29819576429991623,0.10818244272346766,0.25280726716029234,0.07346285691406451,0.045388497139623896,0.07010872405375522,0.05876471321927809
2024-01-02,GE,top100,55.743783436986895,58.944766817107244,45.3968253968254,54.030815856467456,0,42,3,93,0.3922981998703372,0.6882653277617439,0.10818244272346766,0.25280726716029234,0.28411575714686954,0.43545806060145154,0.28076162428656026,0.44883427668110576
2024-01-02,ADI,top100,55.340014150831344,57.13088330109606,47.70975056689343,58.06445726685408,0,43,3,93,0.0204899926078701,0.11031730124761041,0.10818244272346766,0.25280726716029234,-0.08769245011559756,-0.14248996591268193,-0.09104658297590686,-0.12911374983302773
2024-01-02,PGR,top100,55.24611720981764,63.01310982162046,28.80504352278546,53.759316301262295,0,44,3,93,0.3054863222398452,0.4983926222273325,0.10818244272346766,0.25280726716029234,0.1973038795163775,0.24558535506704016,0.19394974665606823,0.2589615711466944
2024-01-02,CMCSA,top100,53.830585112399596,44.09843111970771,86.82256235827664,55.97170856948871,0,45,3,93,-0.03183190943006187,-0.12320127909042466,0.10818244272346766,0.25280726716029234,-0.14001435215352953,-0.376008546250717,-0.1433684850138388,-0.3626323301710628
2024-01-02,ACN,top100,53.57955135270177,58.18826563507415,37.358276643990926,53.76110079351679,0,46,3,93,-0.018769142518265558,0.021640330765737126,0.10818244272346766,0.25280726716029234,-0.12695158524173322,-0.2311669363945552,-0.1303057181020425,-0.21779072031490102
2024-01-02,AMGN,top100,52.32111286051631,58.6728992048141,40.66609977324263,31.168634624979205,2,47,3,93,-0.040812974358843235,-0.10180466699931634,0.10818244272346766,0.25280726716029234,-0.1489954170823109,-0.3546119341596087,-0.15234954994262018,-0.34123571807995445
2024-01-02,TSLA,top100,52.30526576856461,54.41220717816462,34.08671107331821,73.99378529185742,1,48,3,93,-0.2946622655180742,0.5267691812253441,0.10818244272346766,0.25280726716029234,-0.40284470824154184,0.27396191406505177,-0.4061988411018511,0.287338130144706
2024-01-02,BX,top100,52.188140080116966,61.611863313990966,16.859989106416904,56.87837939039915,3,49,3,93,0.02930129511962476,0.3892457632738284,0.10818244272346766,0.25280726716029234,-0.0788811476038429,0.1364384961135361,-0.0822352804641522,0.14981471219319029
2024-01-02,WFC,top100,52.04620351993422,45.45669460563077,73.7962658181552,54.67264132361633,0,50,3,93,0.17605098129043695,0.46047394102316974,0.10818244272346766,0.25280726716029234,0.06786853856696928,0.2076666738628774,0.06451440570665999,0.2210428899425316
2024-01-02,BLK,top100,51.90035862537087,52.65635074145712,48.42129324848219,53.56654456654457,0,51,3,93,0.039485990439192875,0.3016304175618041,0.10818244272346766,0.25280726716029234,-0.06869645228427479,0.04882315040151175,-0.07205058514458408,0.062199366481165946
2024-01-02,ISRG,top100,51.77047390032122,59.28003438641737,23.806689342403626,55.13111961348339,1,52,3,93,0.19303281165025066,0.5832678711704633,0.10818244272346766,0.25280726716029234,0.08485036892678299,0.33046060401017097,0.0814962360664737,0.3438368200898252
2024-01-02,COST,top100,51.416849910049265,59.984955942402756,18.052721088435376,58.16836532680266,1,53,3,93,0.1101209405848258,0.4064757100391534,0.10818244272346766,0.25280726716029234,0.001938497861358135,0.15366844287886106,-0.0014156349989511569,0.16704465895851525
2024-01-02,LIN,top100,50.93631417903265,54.304749623898566,34.442576699553996,60.344741023928506,0,54,3,93,0.13474864647623486,0.023540159554691575,0.10818244272346766,0.25280726716029234,0.026566203752767192,-0.22926710760560076,0.0232120708924579,-0.21589089152594657
2024-01-02,SYK,top100,50.90015658604485,56.50548033526756,33.24546485260771,46.97227380836021,0,55,3,93,0.20001887472746605,0.2221213188663964,0.10818244272346766,0.25280726716029234,0.09183643200399838,-0.030685948293895926,0.08848229914368909,-0.01730973221424173
2024-01-02,LOW,top100,50.80583938355533,45.707070707070706,66.23015873015873,55.6485814257409,0,56,3,93,0.14581937280453583,0.1510677269909566,0.10818244272346766,0.25280726716029234,0.037636930081068165,-0.10173954016933573,0.03428279722075887,-0.08836332408968153
2024-01-02,GILD,top100,50.35284029772533,47.49194068343005,59.82262203126865,51.439574130705644,0,57,4,93,-0.1154912130493958,0.14890322513486853,0.10818244272346766,0.25280726716029234,-0.22367365577286347,-0.1039040420254238,-0.22702778863317274,-0.09052782594576961
2024-01-02,NFLX,top100,49.81606050989455,49.57446808510638,44.60317460317461,61.9329792968516,0,58,4,93,0.31122732123799346,0.8927001067235858,0.10818244272346766,0.25280726716029234,0.2030448785145258,0.6398928395632935,0.19969074565421652,0.6532690556429477
2024-01-02,ICE,top100,49.132320163051645,48.05071996561358,50.88590812669154,53.196345617838325,0,59,4,93,0.08722801627988885,0.19561303956482612,0.10818244272346766,0.25280726716029234,-0.02095442644357881,-0.05719422759546622,-0.024308559303888103,-0.04381801151581202
2024-01-02,BMY,top100,48.78807485828764,32.765957446808514,92.39344144938977,73.73216355643727,0,60,4,93,0.01601597275642419,0.13080935547161987,0.10818244272346766,0.25280726716029234,-0.09216646996704347,-0.12199791168867247,-0.09552060282735277,-0.10862169560901827
2024-01-02,HD,top100,48.75072421740602,45.07414571244359,58.721655328798185,54.54491152935874,1,61,4,93,0.07288502026406074,0.1532827902846916,0.10818244272346766,0.25280726716029234,-0.035297422459406924,-0.09952447687560073,-0.038651555319716216,-0.08614826079594654
2024-01-02,BAC,top100,47.82182714597658,39.00279389641092,84.22097871406628,36.756756756756765,0,62,4,93,0.1145799594346002,0.3397336519866039,0.10818244272346766,0.25280726716029234,0.006397516711132534,0.08692638482631154,0.003043383850823242,0.10030260090596574
2024-01-02,WMT,top100,47.812836662052945,45.34278959810875,49.59750566893424,61.53382809589969,0,63,4,93,0.13386133245548626,0.7153374708325668,0.10818244272346766,0.25280726716029234,0.025678889732018595,0.4625302036722745,0.022324756871709303,0.4759064197519287
2024-01-02,LMT,top100,47.78323687178207,40.934880722114755,65.41383219954649,60.46053926392444,0,64,4,93,-1.7213879385802322e-05,0.08496723703559073,0.10818244272346766,0.25280726716029234,-0.10819965660285347,-0.1678400301247016,-0.11155378946316276,-0.15446381404504742
2024-01-02,MRK,top100,47.71892075602232,56.20674833440792,26.51369250771981,30.71458420392814,3,65,4,93,0.16408460860354923,-0.10034545234008863,0.10818244272346766,0.25280726716029234,0.05590216588008157,-0.35315271950038096,0.052548033019772275,-0.33977650342072674
2024-01-02,BSX,top100,47.70012019773178,57.07715452396303,23.373515245635062,30.714089818306476,1,66,4,93,0.1773858921161824,0.5452973720608574,0.10818244272346766,0.25280726716029234,0.06920344939271472,0.29249010490056504,0.06584931653240543,0.30586632098021926
2024-01-02,KO,top100,47.68578839711589,42.38985600687729,62.109375950738084,55.910140021541764,0,67,4,93,0.02248945890861509,0.06534038828599886,0.10818244272346766,0.25280726716029234,-0.08569298381485257,-0.18746687887429347,-0.08904711667516187,-0.17409066279463928
2024-01-02,UBER,top100,46.98507569955075,50.35890823124866,26.062793266220655,65.21281284432553,2,68,4,93,0.30866735183281957,0.0820486467968482,0.10818244272346766,0.25280726716029234,0.2004849091093519,-0.17075862036344414,0.19713077624904263,-0.15738240428378994
2024-01-02,SCHW,top100,46.32159328021289,40.801633354824844,48.56676541584376,80.47096848666745,0,69,4,93,0.05153339048422634,0.0844231788407579,0.10818244272346766,0.25280726716029234,-0.056649052239241326,-0.16838408831953444,-0.06000318509955062,-0.15500787223988025
2024-01-02,VZ,top100,45.8129861515425,31.648398882441434,89.60600907029479,57.37905119774541,0,70,4,93,0.10578913005986834,0.10312523097390902,0.10818244272346766,0.25280726716029234,-0.002393312663599323,-0.14968203618638332,-0.005747445523908615,-0.13630582010672912
2024-01-02,JNJ,top100,45.22407945648994,32.58757790672684,80.47928388321071,63.169181451390045,0,71,4,93,-0.0062016414798847785,-0.07120373165524996,0.10818244272346766,0.25280726716029234,-0.11438408420335244,-0.3240109988155423,-0.11773821706366173,-0.31063478273588807
2024-01-02,CVX,top100,44.346406422300774,30.88115194498173,78.42120181405896,70.4535969800177,2,72,4,93,0.07583490447083707,0.023751696228069274,0.10818244272346766,0.25280726716029234,-0.03234753825263059,-0.22905557093222306,-0.035701671112939884,-0.21567935485256887
2024-01-02,UNP,top100,44.02859433708244,43.22265205243929,42.922335600907026,51.88270780193531,1,73,4,93,0.0046220751987327,-0.03795198994498983,0.10818244272346766,0.25280726716029234,-0.10356036752473496,-0.29075925710528217,-0.10691450038504426,-0.27738304102562794
2024-01-02,AMZN,top100,43.62573939657221,42.25660863958736,42.068033813636376,56.32506586133776,1,74,4,93,0.20702994730874402,0.4688187820983125,0.10818244272346766,0.25280726716029234,0.09884750458527636,0.21601151493802018,0.09549337172496707,0.22938773101767437
2024-01-02,PM,top100,43.29944853315022,37.62626262626263,55.28061224489796,59.04942245786783,1,75,5,93,-0.02983592440670746,0.33079125732645687,0.10818244272346766,0.25280726716029234,-0.13801836713017512,0.07798399016616453,-0.1413724999904844,0.09136020624581873
2024-01-02,SBUX,top100,39.98967948728543,27.77777777777778,69.90079365079364,65.6507631268226,0,76,5,93,-0.01696673402677984,0.009651769204788163,0.10818244272346766,0.25280726716029234,-0.1251491767502475,-0.24315549795550417,-0.12850330961055678,-0.22977928187584998
2024-01-02,QCOM,top100,39.190596132478376,32.660649043627764,52.606703971911344,58.06801007556675,2,77,5,93,0.23078003420507187,0.11723429719148437,0.10818244272346766,0.25280726716029234,0.1225975914816042,-0.13557296996880797,0.11924345862129491,-0.12219675388915377
2024-01-02,AMD,top100,37.80925996187946,41.65914463786804,10.483749055177626,65.51108904336311,2,78,5,93,0.3229903304950208,-0.12952807042863335,0.10818244272346766,0.25280726716029234,0.21480788777155313,-0.3823353375889257,0.21145375491124385,-0.36895912150927146
2024-01-02,ABBV,top100,36.69299307691962,39.831291639802274,29.124149659863942,29.862589970852426,3,79,5,93,0.1418281238941581,0.16380582118667886,0.10818244272346766,0.25280726716029234,0.033645681170690445,-0.08900144597361348,0.030291548310381153,-0.07562522989395928
2024-01-02,DHR,top100,36.48400946375729,28.955512572533856,55.892857142857146,50.3657923441216,0,80,5,93,0.05651656529705673,-0.016988685016215754,0.10818244272346766,0.25280726716029234,-0.05166587742641093,-0.2697959521765081,-0.055020010286720225,-0.25641973609685387
2024-01-02,MS,top100,34.858755546658124,30.687728347302812,49.86623143881208,34.040994157837396,1,81,5,93,0.005817554389635271,0.37726448073944296,0.10818244272346766,0.25280726716029234,-0.1023648883338324,0.12445721357915063,-0.10571902119414169,0.13783342965880482
2024-01-02,C,top100,33.04173567366172,22.340425531914896,76.66024743230625,20.713883148600416,0,82,5,93,0.20787463583022547,0.36771762459298674,0.10818244272346766,0.25280726716029234,0.09969219310675781,0.1149103574326944,0.09633806024644852,0.1282865735123486
2024-01-02,HON,top100,32.84039199781362,31.214270363206538,41.16780045351474,27.568426528660922,0,83,5,93,-0.028132387343728138,0.10208557017685349,0.10818244272346766,0.25280726716029234,-0.1363148300671958,-0.15072169698343885,-0.13966896292750508,-0.13734548090378465
2024-01-02,MDT,top100,32.20442293785276,18.93831936385128,64.76190476190476,59.952184307759154,0,84,5,93,0.05915441296872426,0.0014409693794006362,0.10818244272346766,0.25280726716029234,-0.04902802975474341,-0.2513662977808917,-0.0523821626150527,-0.2379900817012375
2024-01-02,GS,top100,31.9252163478339,26.997635933806144,50.4184953551313,29.4317212314334,2,85,5,93,0.07247050444351832,0.5166060488216251,0.10818244272346766,0.25280726716029234,-0.03571193827994934,0.26379878166133275,-0.03906607114025863,0.277174997740987
2024-01-02,PEP,top100,31.70151947977251,23.785729636793462,45.938208616780045,58.63867010661078,2,86,5,93,0.008039153858109493,-0.1034632513641105,0.10818244272346766,0.25280726716029234,-0.10014328886535817,-0.35627051852440283,-0.10349742172566746,-0.3428943024447486
2024-01-02,TXN,top100,31.54890085107314,25.84569095207393,37.25907029478458,60.05103125664472,1,87,5,93,0.031173927909813326,0.13598244951492489,0.10818244272346766,0.25280726716029234,-0.07700851481365434,-0.11682481764536745,-0.08036264767396363,-0.10344860156571326
2024-01-02,TMO,top100,29.61194670460808,26.15946701053084,35.728458049886626,41.54628187259165,1,88,5,93,0.06189450902932436,-0.03704505953461834,0.10818244272346766,0.25280726716029234,-0.0462879336941433,-0.2898523266949107,-0.049642066554452594,-0.27647611061525645
2024-01-02,PFE,top100,28.94709114145787,12.144852783150656,67.51615234764557,69.42463723723296,2,89,5,93,-0.053577034848618976,-0.05023224362638168,0.10818244272346766,0.25280726716029234,-0.16175947757208664,-0.303039510786674,-0.16511361043239592,-0.2896632947070198
2024-01-02,TMUS,top100,28.467667996976928,22.703632065334194,47.70691609977324,30.337423312883445,0,90,5,93,0.008696321428871778,0.37587951138651543,0.10818244272346766,0.25280726716029234,-0.09948612129459589,0.1230722442262231,-0.10284025415490518,0.1364484603058773
2024-01-02,RTX,top100,28.102940218236128,19.873200085966044,35.371567769021794,71.17386604255537,2,91,5,93,0.1547008673844168,0.39326373482324595,0.10818244272346766,0.25280726716029234,0.04651842466094913,0.1404564676629536,0.04316429180063984,0.1538326837426078
2024-01-02,DIS,top100,26.642666787661653,13.993122716526972,40.99320067348296,86.48840751396176,2,92,5,93,0.3397638370863496,0.23277086258736546,0.10818244272346766,0.25280726716029234,0.23158139436288194,-0.02003640457292688,0.22822726150257266,-0.006660188493272684
2024-01-02,ABT,top100,24.33231699442439,17.09004943047496,36.683673469387756,50.325476992143656,2,93,5,93,0.025321530239164947,0.05328931264900816,0.10818244272346766,0.25280726716029234,-0.08286091248430272,-0.19951795451128418,-0.08621504534461201,-0.18614173843162998
2024-04-01,ANET,top100,71.44562731617899,90.13969482054588,14.642857142857142,54.19269513225451,2,1,1,88,0.1899916597164304,0.0696914095079233,0.04776177056169195,0.09488453307471456,0.14222988915473844,-0.025193123566791265,0.16962250384173364,-0.06452349810788927
2024-04-01,MA,top100,70.69133084942969,86.13475177304964,25.117676102699143,53.73469387755103,0,2,1,88,-0.08399631962257681,0.15069011319685144,0.04776177056169195,0.09488453307471456,-0.13175809018426876,0.05580558012213688,-0.10436547549727357,0.016475205581038876
2024-04-01,NOW,top100,70.17794306520123,79.73995271867612,41.54140561071825,60.516950399843,2,3,1,88,0.02679698582714063,0.07243905930736494,0.04776177056169195,0.09488453307471456,-0.020964784734551323,-0.022445473767349622,0.006427829952443873,-0.06177584830844762
2024-04-01,CAT,top100,69.75337530677352,76.4581990113905,55.52437641723356,51.277607153534646,0,4,1,88,-0.09199007366941137,-0.06609034732786168,0.04776177056169195,0.09488453307471456,-0.13975184423110332,-0.16097488040257624,-0.11235922954410812,-0.20030525494367424
2024-04-01,MCD,top100,69.29202321868102,70.95959595959596,67.33276643990929,61.53752758981997,0,5,1,88,-0.10208759075925111,0.1389525224881203,0.04776177056169195,0.09488453307471456,-0.14984936132094306,0.04406798941340573,-0.12245674663394787,0.004737614872307727
2024-04-01,VRTX,top100,68.56651410957068,79.1124006017623,35.2125850340136,61.45316681534342,0,6,1,88,0.1207429604261796,0.14985254946727555,0.04776177056169195,0.09488453307471456,0.07298118986448765,0.05496801639256099,0.10037380455148284,0.01563764185146299
2024-04-01,AVGO,top100,68.19124056875228,83.85342789598108,16.85657596371882,61.22525848821765,2,7,1,88,0.21903204807968857,0.29007599497403747,0.04776177056169195,0.09488453307471456,0.17127027751799662,0.1951914618993229,0.1986628922049918,0.1558610873582249
2024-04-01,AAPL,top100,66.75193415203964,71.5892972275951,55.69160997732426,55.01104097258228,0,8,1,88,0.27650413445234245,0.322984915253834,0.04776177056169195,0.09488453307471456,0.2287423638906505,0.22810038217911943,0.2561349785776457,0.18877000763802143
2024-04-01,JPM,top100,66.6980254829835,72.67784225231034,53.622357545168605,50.990643973325376,0,9,1,88,0.03874707838097269,0.26389609949291515,0.04776177056169195,0.09488453307471456,-0.009014692180719264,0.1690115664182006,0.018377922506275932,0.1296811918771026
2024-04-01,MSFT,top100,66.50301910664926,82.57038469804426,17.568027210884352,51.90144375841419,1,10,1,88,0.07768758995371039,-0.09306466198054963,0.04776177056169195,0.09488453307471456,0.029925819392018438,-0.1879491950552642,0.05731843407901363,-0.2272795695963622
2024-04-01,ADBE,top100,66.29309497726241,69.38534278959813,52.04648526077097,73.14057972389529,0,11,1,88,0.11535780437770127,-0.2316516959110917,0.04776177056169195,0.09488453307471456,0.06759603381600932,-0.32653622898580625,0.09498864850300451,-0.36586660352690425
2024-04-01,CB,top100,66.18292747130317,68.0421233612723,67.0468509984639,51.44070918719779,0,12,1,88,-0.0065887842854593925,0.18692049631640795,0.04776177056169195,0.09488453307471456,-0.054350554847151344,0.09203596324169339,-0.02695794016015615,0.052705588700595385
2024-04-01,ADP,top100,65.7395327066332,70.42983021706426,57.70408163265306,48.978352281576065,0,13,1,88,-0.0337594266643898,0.27934153461558475,0.04776177056169195,0.09488453307471456,-0.08152119722608175,0.1844570015408702,-0.05412858253908656,0.1451266269997722
2024-04-01,CSCO,top100,64.76166137508514,60.45347087900279,81.28684807256236,61.868621452707075,0,14,1,88,-0.042601795105651985,0.27440141835508314,0.04776177056169195,0.09488453307471456,-0.09036356566734394,0.17951688528036858,-0.06297095098034874,0.14018651073927058
2024-04-01,KLAC,top100,64.61470882606531,78.31936385127874,21.950113378684804,54.01131454433248,1,15,1,88,0.16682721528422828,-0.026113519340374647,0.04776177056169195,0.09488453307471456,0.11906544472253633,-0.12099805241508921,0.14645805940953152,-0.1603284269561872
2024-04-01,MRSH,top100,63.8849251907383,69.57661723619171,48.86822470923853,54.07648183556406,0,16,1,88,0.034811453103703593,0.21260551813865303,0.04776177056169195,0.09488453307471456,-0.012950317457988358,0.11772098506393847,0.014442297229006838,0.07839061052284046
2024-04-01,AMAT,top100,63.22002886070847,72.70363206533419,34.243197278911566,54.78846959192221,1,17,1,88,0.13969435918586348,-0.2860502084403308,0.04776177056169195,0.09488453307471456,0.09193258862417153,-0.38093474151504536,0.11932520331116672,-0.42026511605614336
2024-04-01,WFC,top100,63.13939042415528,65.4889318719106,60.56543047326458,51.84052019164955,0,18,1,88,0.05777368634779223,0.2847800642011513,0.04776177056169195,0.09488453307471456,0.010011915786100278,0.18989553112643676,0.03740453047309547,0.15056515658533876
2024-04-01,AXP,top100,63.00633956972551,71.57532774554052,38.257077024358125,52.521947429755265,1,19,2,88,0.03042237543449411,0.22271295911183242,0.04776177056169195,0.09488453307471456,-0.017339395127197843,0.12782842603711786,0.010053219559797353,0.08849805149601986
2024-04-01,INTU,top100,62.53072644588113,73.53965183752419,26.119614512471653,58.290472571198634,1,20,2,88,0.018503241201541343,-0.023630783758262552,0.04776177056169195,0.09488453307471456,-0.02925852936015061,-0.11851531683297711,-0.0018659146731554131,-0.15784569137407511
2024-04-01,UNH,top100,61.970406252060386,59.952718676122934,72.07766439909297,55.879702989557366,0,21,2,88,0.014393349568375458,0.08549549667450518,0.04776177056169195,0.09488453307471456,-0.033368420993316494,-0.009389036400209383,-0.005975806306321298,-0.048719410941307384
2024-04-01,COP,top100,61.80261296361196,68.6180958521384,54.14808515998992,29.40328835117107,2,22,2,88,-0.10562982757651773,-0.15155602190500395,0.04776177056169195,0.09488453307471456,-0.15339159813820968,-0.2464405549797185,-0.1259989834512145,-0.2857709295208165
2024-04-01,GOOGL,top100,61.65681159439055,69.70341715022566,49.661573995989585,29.321047900346727,0,23,2,88,0.1782107250539524,0.014796356940848243,0.04776177056169195,0.09488453307471456,0.13044895449226046,-0.08008817613386632,0.15784156917925565,-0.11941855067496432
2024-04-01,MDLZ,top100,61.43720755749196,56.219643240919844,81.32936507936508,58.17584272975057,0,24,2,88,-0.05878830314532635,-0.025464797037091702,0.04776177056169195,0.09488453307471456,-0.1065500737070183,-0.12034933011180626,-0.07915745902002311,-0.15967970465290426
2024-04-01,CRM,top100,60.285832896292796,62.744465935955304,52.16210168277837,59.32286404568417,1,25,2,88,-0.1523523080739395,-0.09779508301967199,0.04776177056169195,0.09488453307471456,-0.20011407863563146,-0.19267961609438655,-0.17272146394863627,-0.23200999063548455
2024-04-01,TJX,top100,59.72712728532954,65.357833655706,42.32993197278911,55.10657331777518,0,26,2,88,0.11334300510408535,0.269907641837968,0.04776177056169195,0.09488453307471456,0.0655812345423934,0.17502310876325344,0.09297384922938859,0.13569273422215544
2024-04-01,ORCL,top100,59.480056068703846,68.76101439931227,26.746031746031747,59.98139639978912,2,27,2,88,0.14402138287272526,0.17497148513293825,0.04776177056169195,0.09488453307471456,0.0962596123110333,0.08008695205822369,0.1236522269980285,0.04075657751712569
2024-04-01,LRCX,top100,59.10917215866337,70.7049215559854,21.037414965986393,54.082440762763184,3,28,2,88,0.08232233632955932,-0.2402153794729286,0.04776177056169195,0.09488453307471456,0.03456056576786737,-0.33509991254764315,0.06195318045486256,-0.37443028708874115
2024-04-01,PGR,top100,58.02850931355139,69.3939393939394,32.71615097651964,29.095215424898853,0,29,2,88,-0.0018583999730591438,0.3671269923918028,0.04776177056169195,0.09488453307471456,-0.049620170534751096,0.27224245931708824,-0.0222275558477559,0.23291208477599024
2024-04-01,ETN,top100,56.50857366005555,68.52138405329895,16.643990929705218,52.1480663680525,1,30,2,88,0.004083278938063373,-0.07861459872146892,0.04776177056169195,0.09488453307471456,-0.04367849162362858,-0.17349913179618348,-0.016285876936633383,-0.21282950633728148
2024-04-01,PG,top100,56.44313994259453,58.25274016763378,52.26190476190476,52.13840872869924,0,31,2,88,0.019869444764248012,0.08159269667968583,0.04776177056169195,0.09488453307471456,-0.02789232579744394,-0.013291836395028733,-0.0004997111104487438,-0.052622210936126734
2024-04-01,QCOM,top100,56.21857204150815,60.52869116698905,41.43707482993197,55.610732586294276,3,32,2,88,0.16963476118434206,-0.08474652178340891,0.04776177056169195,0.09488453307471456,0.12187299062265011,-0.17963105485812347,0.1492656053096453,-0.21896142939922147
2024-04-01,NFLX,top100,55.55693754297763,60.42123361272297,38.64512471655329,55.330490707608895,0,33,2,88,0.09653106737640615,0.5228793280265667,0.04776177056169195,0.09488453307471456,0.0487692968147142,0.4279947949518521,0.0761619115017094,0.3886644204107541
2024-04-01,CMCSA,top100,55.04381079302845,44.73672899204814,90.29761904761905,56.685766890709374,0,34,2,88,-0.09053957874602425,-0.098426970040702,0.04776177056169195,0.09488453307471456,-0.1383013493077162,-0.19331150311541656,-0.11090873462072101,-0.23264187765651456
2024-04-01,ACN,top100,54.8152093262709,54.5411562432839,46.20748299319728,73.94903357332711,0,35,2,88,-0.104515538966376,-0.05178316514129977,0.04776177056169195,0.09488453307471456,-0.15227730952806795,-0.14666769821601433,-0.12488469484107276,-0.18599807275711233
2024-04-01,SYK,top100,54.77732356142784,63.2796045562003,26.043083900226755,52.7298359204228,0,36,3,88,-0.04899689257504902,0.07409711977687139,0.04776177056169195,0.09488453307471456,-0.09675866313674097,-0.02078741329784317,-0.06936604844974578,-0.06011778783894117
2024-04-01,AMGN,top100,54.389404457334784,53.96303460133248,44.418934240362816,77.31493388329491,2,37,3,88,0.10662426882948406,0.11298318331597401,0.04776177056169195,0.09488453307471456,0.05886249826779211,0.01809865024125945,0.0862551129547873,-0.02123172429983855
2024-04-01,NEE,top100,54.38142916354712,41.19492800343865,87.16836734693877,81.11306091752317,0,38,3,88,0.11001588585243605,0.1433676989927657,0.04776177056169195,0.09488453307471456,0.062254115290744094,0.04848316591805113,0.08964672997773929,0.009152791376953129
2024-04-01,BSX,top100,54.22254062182449,62.59617451106813,26.336307062113516,51.37957051654094,1,39,3,88,0.12202643171806171,0.46916299559471364,0.04776177056169195,0.09488453307471456,0.07426466115636976,0.3742784625199991,0.10165727584336495,0.3349480879789011
2024-04-01,UBER,top100,54.02895618899497,61.84397163120567,22.202811085523706,62.97613830046261,2,40,3,88,-0.06937172774869127,-0.02486910994764402,0.04776177056169195,0.09488453307471456,-0.11713349831038322,-0.11975364302235858,-0.08974088362338803,-0.15908401756345658
2024-04-01,BAC,top100,53.75709812900912,49.68837309262841,68.21190841928168,53.32855280312907,0,41,3,88,0.07284971871279344,0.14295709876369056,0.04776177056169195,0.09488453307471456,0.02508794815110149,0.048072565688976,0.052480562838096684,0.008742191147877998
2024-04-01,LLY,top100,53.52828074597644,66.46572104018912,5.487528344671203,59.04770348909814,3,42,3,88,0.20429761531726243,0.08281639953014897,0.04776177056169195,0.09488453307471456,0.15653584475557047,-0.012068133544565596,0.18392845944256567,-0.0513985080856636
2024-04-01,FISV,top100,53.31880703254785,55.781216419514294,55.97222222222222,30.775110944434054,0,43,3,88,-0.07208173046604027,0.42618401967585307,0.04776177056169195,0.09488453307471456,-0.11984350102773222,0.3312994866011385,-0.09245088634073703,0.2919691120600405
2024-04-01,PLD,top100,53.05033583270029,48.78358048570815,67.52834467120181,53.96160558464226,0,44,3,88,-0.11729680223716166,-0.09183973523437028,0.04776177056169195,0.09488453307471456,-0.1650585727988536,-0.18672426830908484,-0.13766595811185842,-0.22605464285018284
2024-04-01,COST,top100,53.03917013147241,62.72942187835805,12.777777777777779,65.7301926106622,1,45,3,88,0.17440440245515032,0.3454085438168155,0.04776177056169195,0.09488453307471456,0.12664263189345837,0.25052401074210096,0.15403524658045356,0.21119363620100295
2024-04-01,SPGI,top100,52.92829270463972,54.88716956802064,40.64848661592538,63.77576683840205,2,46,3,88,0.04723672111810684,0.21248104567770754,0.04776177056169195,0.09488453307471456,-0.0005250494435851127,0.11759651260299298,0.026867565243410083,0.07826613806189497
2024-04-01,BLK,top100,52.543679344355816,53.45368579411134,48.97309999268525,53.31479289940828,0,47,3,88,-0.04758493004169895,0.190267196878374,0.04776177056169195,0.09488453307471456,-0.0953467006033909,0.09538266380365945,-0.0679540859163957,0.05605228926256145
2024-04-01,ABBV,top100,52.25994391810218,59.99032882011605,25.66893424036281,51.32926895948384,4,48,3,88,-0.048677085019560695,0.17650280096789706,0.04776177056169195,0.09488453307471456,-0.09643885558125265,0.0816182678931825,-0.06904624089425745,0.042287893352084494
2024-04-01,ISRG,top100,51.863797322150084,62.33182892757361,14.45578231292517,53.403606102635216,2,49,3,88,0.10476865803935476,0.28409349912629467,0.04776177056169195,0.09488453307471456,0.057006887477662804,0.1892089660515801,0.084399502164658,0.1498785915104821
2024-04-01,LIN,top100,51.855551532122796,56.7612293144208,33.11791383219955,54.991082455883266,0,50,3,88,-0.07139146023518916,0.026432531070315735,0.04776177056169195,0.09488453307471456,-0.11915323079688112,-0.06845200200439883,-0.09176061610988592,-0.10778237654549683
2024-04-01,GE,top100,51.351529979809264,56.70105308403181,31.031746031746035,54.54443614637789,1,51,3,88,0.13790925047507163,0.4395085367799585,0.04776177056169195,0.09488453307471456,0.09014747991337968,0.34462400370524393,0.11754009460037487,0.30529362916414593
2024-04-01,ICE,top100,51.298286334720984,52.94218783580486,44.27263916319216,53.84227017019157,1,52,3,88,0.0025863626921869276,0.258594275507243,0.04776177056169195,0.09488453307471456,-0.045175407869505024,0.16370974243252845,-0.01778279318250983,0.12437936789143045
2024-04-01,TMUS,top100,50.368883448847605,47.360842467225446,58.04138321995465,56.08017077798861,0,53,3,88,0.10508733875047538,0.6492985136735492,0.04776177056169195,0.09488453307471456,0.05732556818878343,0.5544139805988346,0.08471818287577862,0.5150836060577366
2024-04-01,DE,top100,50.28789875305377,39.81732215774769,81.88775510204081,60.38222222222224,0,54,4,88,-0.10327142839288361,0.1824946353614425,0.04776177056169195,0.09488453307471456,-0.15103319895457556,0.08761010228672794,-0.12364058426758037,0.04827972774562994
2024-04-01,IBM,top100,50.23295095883287,49.35632924994627,49.2233560090703,58.38849282056431,1,55,4,88,-0.06843903027297138,0.36114795986250936,0.04776177056169195,0.09488453307471456,-0.11620080083466333,0.2662634267877948,-0.08880818614766814,0.2269330522466968
2024-04-01,BMY,top100,49.99576291048291,34.16935310552332,89.52073320795895,81.73069095024799,0,56,4,88,-0.21154189706507864,0.1809464057847725,0.04776177056169195,0.09488453307471456,-0.2593036676267706,0.08606187271005794,-0.2319110529397754,0.04673149816895994
2024-04-01,AMZN,top100,49.52863783653827,50.04083387062111,46.89098101803117,51.21857923497269,1,57,4,88,0.0896833729347406,0.08310769740841017,0.04776177056169195,0.09488453307471456,0.04192160237304865,-0.011776835666304386,0.06931421706004384,-0.05110721020740239
2024-04-01,BX,top100,49.480321335813386,59.50569525037611,12.737393578282177,52.78855944893681,2,58,4,88,-0.06084108073820049,0.15681309096675733,0.04776177056169195,0.09488453307471456,-0.10860285129989244,0.06192855789204277,-0.08121023661289725,0.022598183350944767
2024-04-01,LOW,top100,48.77241847121951,45.2020202020202,56.12244897959184,59.06514533887006,1,59,4,88,-0.13919752384178674,-0.038827330436167595,0.04776177056169195,0.09488453307471456,-0.1869592944034787,-0.13371186351088216,-0.1595666797164835,-0.17304223805198016
2024-04-01,GILD,top100,48.555959126811096,36.74188695465291,78.2218940207662,71.9225945440082,0,60,4,88,-0.0466276729707783,0.5929008132186275,0.04776177056169195,0.09488453307471456,-0.09438944353247025,0.49801628014391297,-0.06699682884547506,0.45868590560281497
2024-04-01,ADI,top100,48.30183692380094,50.65549108102299,41.18197278911565,46.06598609261726,0,61,4,88,0.149810618259842,0.03195414290375487,0.04776177056169195,0.09488453307471456,0.10204884769815004,-0.0629303901709597,0.12944146238514523,-0.1022607647120577
2024-04-01,KO,top100,48.08271823667867,42.815387921770906,63.92794395111734,53.263579012155716,0,62,4,88,0.050939784534203225,0.2106688790962319,0.04776177056169195,0.09488453307471456,0.0031780139725112733,0.11578434602151733,0.03057062865950647,0.07645397148041932
2024-04-01,WMT,top100,47.858354393675256,50.9886094992478,33.63945578231293,54.38436587739215,0,63,4,88,0.12856101089074579,0.5129375639363805,0.04776177056169195,0.09488453307471456,0.08079924032905383,0.4180530308616659,0.10819185501604903,0.3787226563205679
2024-04-01,GS,top100,47.67799317910462,46.189555125725335,50.86917562724014,51.71469465648855,1,64,4,88,0.12806453403600515,0.3917969110077497,0.04776177056169195,0.09488453307471456,0.0803027634743132,0.29691237793303515,0.10769537816130839,0.25758200339193715
2024-04-01,JNJ,top100,46.92407614788674,34.61852568235547,84.16950113378685,58.57207943480539,1,65,4,88,-0.0643693673490745,0.01625152729699364,0.04776177056169195,0.09488453307471456,-0.11213113791076645,-0.07863300577772092,-0.08473852322377126,-0.11796338031881892
2024-04-01,HD,top100,45.713406983472304,42.649903288201166,47.525510204081634,63.533726409151626,1,66,4,88,-0.0801644407701142,0.032829909512371636,0.04776177056169195,0.09488453307471456,-0.12792621133180615,-0.062054623562342925,-0.10053359664481096,-0.10138499810344093
2024-04-01,MRK,top100,45.013934840783826,55.375026864388566,15.171805948656834,32.17054845980464,3,67,4,88,-0.01774809551744083,-0.31928603953775536,0.04776177056169195,0.09488453307471456,-0.06550986607913278,-0.4141705726124699,-0.03811725139213759,-0.4535009471535679
2024-04-01,PM,top100,43.87872811080992,36.61616161616162,63.33900226757369,55.79614525982048,1,68,4,88,0.12169326687456916,0.7845752993865529,0.04776177056169195,0.09488453307471456,0.07393149631287721,0.6896907663118383,0.1013241109998724,0.6503603917707403
2024-04-01,DHR,top100,43.66943404542188,45.839243498817964,29.081632653061224,57.656370656370655,2,69,4,88,-0.01217765423971795,-0.16810645147696757,0.04776177056169195,0.09488453307471456,-0.0599394248014099,-0.2629909845516821,-0.03254681011441471,-0.30232135909278013
2024-04-01,UNP,top100,43.42788654015088,40.362131957876635,45.43367346938775,60.87659475759686,1,70,4,88,-0.07051997709803615,0.0021385881582252075,0.04776177056169195,0.09488453307471456,-0.1182817476597281,-0.09274594491648935,-0.0908891329727329,-0.13207631945758735
2024-04-01,SBUX,top100,42.410350071049024,27.777777777777775,79.14399092970521,71.37107440663542,0,71,5,88,-0.15093245251550214,0.1137682914898277,0.04776177056169195,0.09488453307471456,-0.1986942230771941,0.01888375841511314,-0.1713016083901989,-0.020446616125984862
2024-04-01,ABT,top100,42.117376868295814,39.12099720610359,41.31235827664399,64.70207168694509,0,72,5,88,-0.07474552853933858,0.20098593005441878,0.04776177056169195,0.09488453307471456,-0.12250729910103053,0.10610139697970422,-0.09511468441403534,0.06677102243860622
2024-04-01,C,top100,41.88082495772893,38.45905867182463,59.60884353741496,30.377151799687006,2,73,5,88,0.008210496801774214,0.1698463128771872,0.04776177056169195,0.09488453307471456,-0.03955127375991774,0.07496177980247265,-0.012158659072922542,0.03563140526137465
2024-04-01,T,top100,38.54252305933432,21.459273586933165,85.14892962834851,64.91245622811405,0,74,5,88,0.10233177364733859,0.7014903187446682,0.04776177056169195,0.09488453307471456,0.054570003085646634,0.6066057856699536,0.08196261777264183,0.5672754111288556
2024-04-01,LMT,top100,38.09308113459822,24.26606490436277,74.6485260770975,61.771304861247785,1,75,5,88,0.03709206825019784,0.026406309726410226,0.04776177056169195,0.09488453307471456,-0.010669702311494111,-0.06847822334830433,0.016722912375501085,-0.10780859788940234
2024-04-01,HON,top100,37.9098532382592,31.672039544379977,54.49546485260771,48.40332586671679,0,76,5,88,0.04978447344824577,0.09187984882058342,0.04776177056169195,0.09488453307471456,0.0020227028865538177,-0.0030046842541311403,0.029415317573549014,-0.04233505879522914
2024-04-01,XOM,top100,37.511038157691864,32.79604556200301,59.6952947845805,26.147473073736556,2,77,5,88,-0.0093698482968122,0.04859873673291726,0.04776177056169195,0.09488453307471456,-0.05713161885850415,-0.0462857963417973,-0.029739004171508956,-0.0856161708828953
2024-04-01,CVX,top100,36.04411290304592,24.341285192349023,67.0436507936508,55.96483109671448,2,78,5,88,-0.00615735366343706,0.09173103540652772,0.04776177056169195,0.09488453307471456,-0.05391912422512901,-0.0031534976681868443,-0.026526509538133815,-0.042483872209284845
2024-04-01,VZ,top100,34.66007538166032,25.925209542230817,65.90986394557824,33.30455912983105,2,79,5,88,0.0032139206768728723,0.1296457724688982,0.04776177056169195,0.09488453307471456,-0.04454784988481908,0.03476123939418363,-0.017155235197823884,-0.0045691351469143715
2024-04-01,PEP,top100,34.10230038830986,21.830002149151085,61.967120181405896,64.27874847622917,1,80,5,88,-0.05090536927315381,-0.10926041311081813,0.04776177056169195,0.09488453307471456,-0.09866713983484576,-0.2041449461855327,-0.07127452514785057,-0.2434753207266307
2024-04-01,MDT,top100,33.10621943827706,20.767246937459703,67.41213151927438,50.8672027820039,0,81,5,88,-0.1058770710373863,0.05565024018839071,0.04776177056169195,0.09488453307471456,-0.15363884159907826,-0.03923429288632385,-0.12624622691208306,-0.07856466742742185
2024-04-01,MS,top100,32.939644763877425,26.668815817751987,49.222807402530904,44.26912210944857,1,82,5,88,0.06999168649485421,0.3175426425479462,0.04776177056169195,0.09488453307471456,0.02222991593316226,0.2226581094732316,0.04962253062015745,0.1833277349321336
2024-04-01,TMO,top100,30.61789868059135,26.33999570169783,32.032312925170075,57.73439104368852,1,83,5,88,-0.06123632325556072,-0.15060576915023416,0.04776177056169195,0.09488453307471456,-0.10899809381725267,-0.24549030222494872,-0.08160547913025748,-0.2848206767660467
2024-04-01,SCHW,top100,30.071346840323407,27.328605200945628,39.42515178114256,30.56292843432957,2,84,5,88,0.017839856767152273,0.10126385283795791,0.04776177056169195,0.09488453307471456,-0.02992191379453968,0.006379319763243352,-0.0025292991075444825,-0.03295105477785465
2024-04-01,TXN,top100,28.116257858722253,22.995916612937894,32.14852607709751,55.894110142462274,2,85,5,88,0.13185046335820272,0.05778491271049102,0.04776177056169195,0.09488453307471456,0.08408869279651077,-0.03709962036422354,0.11148130748350596,-0.07642999490532154
2024-04-01,RTX,top100,25.772867976006918,21.298087255534064,37.50566893424036,33.63073110285005,2,86,5,88,0.024436269391208354,0.3918809940721939,0.04776177056169195,0.09488453307471456,-0.023325501170483598,0.29699646099747934,0.004067113516511598,0.25766608645638134
2024-04-01,DIS,top100,20.710263337523372,14.609929078014185,36.13056200524122,32.572005818652,2,87,5,88,-0.1932851161020176,-0.18730110392082222,0.04776177056169195,0.09488453307471456,-0.24104688666370955,-0.2821856369955368,-0.21365427197671435,-0.3215160115366348
2024-04-01,PFE,top100,17.14746909282097,5.104233827638083,30.005443465264896,75.7341672042133,4,88,5,88,0.033389329534097456,-0.053097156952389035,0.04776177056169195,0.09488453307471456,-0.014372441027594496,-0.1479816900271036,0.0130201736594007,-0.1873120645682016
2024-07-01,PANW,top100,73.8461745111065,92.99161831076724,13.272864701436133,60.97468753282219,2,1,1,87,-0.03405690818421814,0.18404224112642997,0.04588697619894555,0.16097974859614217,-0.07994388438316369,0.023062492530287804,-0.11971618355415167,-0.012409736823863288
2024-07-01,MA,top100,73.7565897924237,83.41285192349022,46.14613049520885,61.383673469387745,0,2,1,87,0.1359778475574367,0.3084464988218314,0.04588697619894555,0.16097974859614217,0.09009087135849114,0.14746675022568922,0.05031857218750316,0.11199452087153813
2024-07-01,META,top100,72.30957109872699,82.08037825059101,44.72222222222223,59.08861878868841,0,3,1,87,0.14333830625752642,0.4295633062425659,0.04588697619894555,0.16097974859614217,0.09745133005858087,0.2685835576464237,0.05767903088759288,0.23311132829227263
2024-07-01,CAT,top100,72.30226056413139,73.22587577906727,66.86507936507937,76.71131645768436,0,4,1,87,0.1972409897935825,0.22864614541674433,0.04588697619894555,0.16097974859614217,0.15135401359463696,0.06766639682060216,0.11158171442364898,0.03219416746645107
2024-07-01,VRTX,top100,69.92925082622135,82.17494089834516,34.41326530612245,55.24139136155253,0,5,1,87,-0.003161803713527922,-0.024679045092838137,0.04588697619894555,0.16097974859614217,-0.04904877991247347,-0.1856587936889803,-0.08882107908346146,-0.2211310230431314
2024-07-01,NOW,top100,69.57250553784144,80.58027079303676,42.59849351805293,46.46617279105135,2,6,1,87,0.0991431758264043,0.32413557087811795,0.04588697619894555,0.16097974859614217,0.053256199627458756,0.16315582228197578,0.013483900456470771,0.1276835929278247
2024-07-01,CB,top100,69.27064878155674,69.92477971201376,69.64038841342989,63.952253004611336,0,7,1,87,0.15000445978771393,0.1282842936676214,0.04588697619894555,0.16097974859614217,0.10411748358876838,-0.03269545492852077,0.0643451844177804,-0.06816768428267186
2024-07-01,ADP,top100,68.00906732848772,69.41972920696324,71.04308390022676,52.06640103568104,0,8,1,87,0.19444782016645945,0.33918839333289696,0.04588697619894555,0.16097974859614217,0.1485608439675139,0.1782086447367548,0.10878854479652592,0.1427364153826037
2024-07-01,ANET,top100,67.69801705516102,89.52288845905866,10.416666666666666,29.48661800486618,2,9,1,87,0.0705074292122232,0.1496495654611718,0.04588697619894555,0.16097974859614217,0.024620453013277643,-0.011330183134970362,-0.015151846157710341,-0.04680241248912145
2024-07-01,JPM,top100,66.89354040292585,73.53965183752419,51.78699436763953,50.58385243131007,0,10,1,87,0.013323180978308313,0.48125579803681484,0.04588697619894555,0.16097974859614217,-0.03256379522063724,0.32027604944067267,-0.07233609439162522,0.2848038200865216
2024-07-01,COP,top100,66.21597358052496,67.01267999140339,59.536407155454775,73.99816155451636,2,11,1,87,-0.0367156427394465,-0.1552701249082109,0.04588697619894555,0.16097974859614217,-0.08260261893839205,-0.3162498735043531,-0.12237491810938003,-0.35172210285850414
2024-07-01,MSFT,top100,66.03828030880689,82.74016763378465,15.960884353741497,49.2798609440934,1,12,1,87,-0.07724863268721449,0.10057277076268933,0.04588697619894555,0.16097974859614217,-0.12313560888616004,-0.060406977833452835,-0.16290790805714803,-0.09587920718760393
2024-07-01,PGR,top100,65.24024116100543,72.5316999785085,44.024303269694975,56.63190522110484,0,13,1,87,0.21450579476042364,0.27530873553386126,0.04588697619894555,0.16097974859614217,0.1686188185614781,0.11432898693771909,0.1288465193904901,0.078856757583568
2024-07-01,INTU,top100,64.50413166679829,73.80614657210403,35.87868480725624,56.64092104874228,1,14,1,87,-0.06707409320371449,0.20734589325890385,0.04588697619894555,0.16097974859614217,-0.11296106940266004,0.04636614466276168,-0.15273336857364803,0.010893915308610586
2024-07-01,MRSH,top100,64.12653938085268,69.77863743821192,48.84600614439324,55.122919452256895,0,15,1,87,0.06362911546295269,0.03792265011924845,0.04588697619894555,0.16097974859614217,0.01774213926400714,-0.12305709847689372,-0.022030159906980845,-0.15852932783104481
2024-07-01,GOOGL,top100,64.0958168812707,72.1384053298947,41.84994659020633,52.28943832303143,0,16,1,87,-0.08622540408170454,-0.014155809232437533,0.04588697619894555,0.16097974859614217,-0.1321123802806501,-0.1751355578285797,-0.17188467945163807,-0.2106077871827308
2024-07-01,ORCL,top100,64.06111859523757,78.36234687298517,20.00283446712018,52.069088907239184,1,17,1,87,0.1715141722211,0.6770600108008842,0.04588697619894555,0.16097974859614217,0.12562719602215444,0.516080262204742,0.08585489685116646,0.48060803285059095
2024-07-01,KLAC,top100,63.3946428202497,77.10724263915753,17.03514739229025,60.125434943813815,2,18,1,87,-0.0878489609183426,0.1273163732143474,0.04588697619894555,0.16097974859614217,-0.13373593711728815,-0.03366337538179476,-0.17350823628827614,-0.06913560473594585
2024-07-01,AXP,top100,62.70292745740599,69.38534278959811,41.82896276790285,57.67394951106746,0,19,2,87,0.15221830169569217,0.42286026831477797,0.04588697619894555,0.16097974859614217,0.10633132549674662,0.2618805197186358,0.06655902632575864,0.2264082903644847
2024-07-01,QCOM,top100,62.509386608382385,67.61014399312272,38.143424036281175,75.53601005940249,2,20,2,87,-0.16694142743771723,-0.17125035470627703,0.04588697619894555,0.16097974859614217,-0.21282840363666278,-0.3322301033024192,-0.2526007028076508,-0.36770233265657026
2024-07-01,BX,top100,62.21210237528441,72.89920481409844,27.43021626097989,56.966157532195254,0,21,2,87,0.24954576075619195,0.30318996434683654,0.04588697619894555,0.16097974859614217,0.2036587845572464,0.14221021575069437,0.1638864853862584,0.10673798639654328
2024-07-01,AAPL,top100,61.86064510337801,73.91790242854073,24.523809523809526,52.13351498637602,1,22,2,87,0.04485257336399906,-0.010155870843219006,0.04588697619894555,0.16097974859614217,-0.0010344028349464907,-0.17113561943936118,-0.040806702005934475,-0.20660784879351227
2024-07-01,ADBE,top100,61.820705443600914,69.01353965183753,45.29761904761905,44.51703877790834,1,23,2,87,-0.10215889001982104,-0.3226728094141176,0.04588697619894555,0.16097974859614217,-0.1480458662187666,-0.48365255801025975,-0.18781816538975457,-0.5191247873644108
2024-07-01,AMAT,top100,60.69259997933558,70.88545024715238,26.048752834467123,58.6303423943549,1,24,2,87,-0.16777775014599583,-0.18767091805452052,0.04588697619894555,0.16097974859614217,-0.21366472634494138,-0.3486506666506627,-0.2534370255159294,-0.38412289600481375
2024-07-01,TJX,top100,59.249206043667826,68.36664517515581,41.38038548752834,31.164773235530923,0,25,2,87,0.05844010893343454,0.15285001562569756,0.04588697619894555,0.16097974859614217,0.012553132734488992,-0.008129732970444614,-0.027219166436498993,-0.043601962324595706
2024-07-01,WFC,top100,59.01548156508429,60.04513217279175,57.28595201521469,55.26698641087129,0,26,2,87,-0.07883870766013112,0.41292999970469135,0.04588697619894555,0.16097974859614217,-0.12472568385907667,0.2519502511085492,-0.16449798303006466,0.2164780217543981
2024-07-01,NFLX,top100,58.9599262982417,66.11003653556845,36.55612244897959,53.71676233547862,0,27,2,87,0.04827719303454514,0.9257136918988729,0.04588697619894555,0.16097974859614217,0.00239021683559959,0.7647339433027307,-0.037382082335388395,0.7292617139485796
2024-07-01,FISV,top100,58.91772839748754,56.62153449387491,68.38151927437642,56.06350396899809,0,28,2,87,0.23222781024874273,0.19308141905668097,0.04588697619894555,0.16097974859614217,0.18634083404979718,0.0321016704605388,0.1465685348788092,-0.003370558893612291
2024-07-01,ETN,top100,58.83397526259708,68.19256393724478,21.488095238095237,68.01561458906689,1,29,2,87,0.05222127362781426,0.17511370795684256,0.04588697619894555,0.16097974859614217,0.006334297428868707,0.014133959360700388,-0.03343800174211928,-0.021338269993450704
2024-07-01,LRCX,top100,58.12640491710293,69.31227165269719,19.8015873015873,56.474972998974415,3,30,2,87,-0.2459156015675804,-0.057513432429270095,0.04588697619894555,0.16097974859614217,-0.29180257776652596,-0.21849318102541226,-0.331574876937514,-0.25396541037956333
2024-07-01,PG,top100,57.69817171443075,60.03868471953579,49.906462585034014,56.89799893748892,0,31,2,87,0.06981786813318758,0.012547340451910527,0.04588697619894555,0.16097974859614217,0.023930891934242027,-0.14843240814423164,-0.015841407236745958,-0.18390463749838273
2024-07-01,BLK,top100,57.65192272025213,56.35718891038041,63.58578377587594,54.84733727810652,0,32,2,87,0.20105255844327807,0.41350298805883323,0.04588697619894555,0.16097974859614217,0.15516558224433252,0.25252323946269106,0.11539328307334454,0.21705101010853997
2024-07-01,SYK,top100,57.04871243833225,62.12121212121211,40.926870748299315,53.78489803823913,0,33,2,87,0.06408671553462475,0.18528708739072797,0.04588697619894555,0.16097974859614217,0.0181997393356792,0.024307338794585798,-0.021572559835308786,-0.011164890559565294
2024-07-01,MCD,top100,55.995169508637645,43.43434343434343,99.92063492063492,56.07002120470257,0,34,2,87,0.2190212378497267,0.20399282386369388,0.04588697619894555,0.16097974859614217,0.17313426165078116,0.043013075267551715,0.13336196247979318,0.007540845913400623
2024-07-01,UNP,top100,55.336097360785445,54.53255963894262,55.75113378684807,60.13078856155988,0,35,2,87,0.09782254106980104,0.07478699787348408,0.04588697619894555,0.16097974859614217,0.05193556487085549,-0.08619275072265808,0.012163265699867504,-0.12166498007680918
2024-07-01,UBER,top100,55.27497333656213,60.51364710939178,31.136634305417857,66.88093498904311,1,36,3,87,0.04416315049226438,0.31687763713080175,0.04588697619894555,0.16097974859614217,-0.0017238257066811702,0.15589788853465958,-0.041496124877669155,0.12042565918050849
2024-07-01,AMGN,top100,54.99391803018349,62.893831936385126,29.166666666666664,51.34902341380568,3,37,3,87,0.037105978517844695,-0.0101258771077668,0.04588697619894555,0.16097974859614217,-0.008780997681100855,-0.17110562570390897,-0.04855329685208884,-0.20657785505806006
2024-07-01,ACN,top100,54.806654977261246,50.28798624543306,64.28287981859411,67.4848864173928,0,38,3,87,0.16848013614305501,0.025283562354734057,0.04588697619894555,0.16097974859614217,0.12259315994410946,-0.1356961862414081,0.08282086077312148,-0.1711684155955592
2024-07-01,HON,top100,54.54159174019373,54.29830217064259,54.77040816326531,55.78698588090853,0,39,3,87,-0.017788461538461586,0.16356040228039181,0.04588697619894555,0.16097974859614217,-0.06367543773740714,0.0025806536842496453,-0.10344773690839512,-0.032891575669901446
2024-07-01,XOM,top100,54.19702137528125,51.76445304104878,58.206490929705225,63.20606060606062,2,40,3,87,0.05163127569246351,0.010023157692009343,0.04588697619894555,0.16097974859614217,0.005744299493517957,-0.15095659090413283,-0.03402799967747003,-0.18642882025828392
2024-07-01,BSX,top100,54.05351107923331,62.22437137330754,25.95635483308294,53.051801513014475,1,41,3,87,0.10116476900929205,0.36526632639706835,0.04588697619894555,0.16097974859614217,0.055277792810346504,0.20428657780092618,0.01550549363935852,0.1688143484467751
2024-07-01,ICE,top100,53.76558600733302,55.781216419514294,51.10132762782532,44.98468988107954,0,42,3,87,0.18009666547492786,0.3522912051171967,0.04588697619894555,0.16097974859614217,0.1342096892759823,0.19131145652105452,0.09443739010499433,0.15583922716690343
2024-07-01,COST,top100,53.49989194271751,65.35568450462067,11.017573696145124,55.47398050254018,2,43,3,87,0.03897410553647229,0.17317990984610243,0.04588697619894555,0.16097974859614217,-0.006912870662473258,0.012200161249960262,-0.04668516983346124,-0.02327206810419083
2024-07-01,AMZN,top100,53.275668187823165,55.645819901139056,45.79691443965273,51.64211369095277,1,44,3,87,-0.061206896551724066,0.13291075050709944,0.04588697619894555,0.16097974859614217,-0.10709387275066962,-0.02806899808904273,-0.1468661719216576,-0.06354122744319382
2024-07-01,UNH,top100,53.07969314078486,56.847195357833655,38.57426303854875,55.71803782591549,2,45,3,87,0.18339917939173467,-0.36444735840277476,0.04588697619894555,0.16097974859614217,0.13751220319278912,-0.5254271069989169,0.09773990402180113,-0.560899336353068
2024-07-01,PLD,top100,53.00905315939743,44.96668815817752,74.25453514739229,66.81464419194708,0,46,3,87,0.12136828661589871,-0.001280967044211545,0.04588697619894555,0.16097974859614217,0.07548131041695316,-0.16226071564035371,0.03570901124596518,-0.1977329449945048
2024-07-01,ABBV,top100,52.78457853002432,59.246722544594874,29.71371882086168,53.6912898463557,3,47,3,87,0.16669239109395018,0.1513532524742891,0.04588697619894555,0.16097974859614217,0.12080541489500463,-0.009626496121853068,0.08103311572401664,-0.04509872547600416
2024-07-01,LIN,top100,52.719734773560546,54.80550182677841,41.5702947845805,60.41824537899562,0,48,3,87,0.1106840784615688,0.12265608760751356,0.04588697619894555,0.16097974859614217,0.06479710226262325,-0.038323660988628605,0.025024803091635267,-0.0737958903427797
2024-07-01,T,top100,52.12126581556689,48.36019772189985,75.08580268265499,32.519668737060044,0,49,3,87,0.18346563793487558,0.5721187106457326,0.04588697619894555,0.16097974859614217,0.13757866173593003,0.41113896204959044,0.09780636256494205,0.3756667326954394
2024-07-01,IBM,top100,52.04051374249735,48.399957016978306,58.71315192743764,64.17913445125012,1,50,3,87,0.263669128149026,0.7179378247789225,0.04588697619894555,0.16097974859614217,0.21778215195008044,0.5569580761827804,0.17800985277909245,0.5214858468286293
2024-07-01,NEE,top100,52.03058357746819,39.63249516441006,83.80385487528345,75.27065987324465,0,51,3,87,0.22778605946933372,0.08847392183576597,0.04588697619894555,0.16097974859614217,0.18189908327038817,-0.0725058267603762,0.1421267840994002,-0.1079780561145273
2024-07-01,LOW,top100,51.08238221525791,42.42424242424242,71.09126984126985,71.67158550034247,1,52,3,87,0.28283412196541424,0.08924032385881664,0.04588697619894555,0.16097974859614217,0.2369471457664687,-0.07173942473732553,0.1971748465954807,-0.10721165409147662
2024-07-01,MRK,top100,50.9719075020987,58.682570384698046,19.971655328798185,58.997771670504335,3,53,4,87,-0.09689083639115492,-0.34587617972891815,0.04588697619894555,0.16097974859614217,-0.14277781259010047,-0.5068559283250603,-0.18255011176108846,-0.5423281576792114
2024-07-01,WMT,top100,50.897250250965115,55.11497958306469,34.82426303854875,53.519119351100805,0,54,4,87,0.20778849340441652,0.472584860347961,0.04588697619894555,0.16097974859614217,0.16190151720547097,0.3116051117518188,0.12212921803448298,0.27613288239766776
2024-07-01,GS,top100,50.625363558134175,51.07027724049001,48.22224050910687,52.31721387969797,1,55,4,87,0.06342960734568548,0.5935381009921155,0.04588697619894555,0.16097974859614217,0.01754263114673993,0.4325583523959733,-0.022229668024248056,0.3970861230418222
2024-07-01,BAC,top100,50.33881073471394,47.06211046636578,61.658620437422286,50.63609320773428,1,56,4,87,-0.013353915579480402,0.25291706003476544,0.04588697619894555,0.16097974859614217,-0.05924089177842595,0.09193731143862327,-0.09901319094941394,0.05646508208447218
2024-07-01,TMUS,top100,50.25268737559554,48.424672254459495,55.311791383219955,52.9305852082991,0,57,4,87,0.15463358849048414,0.3631536286642456,0.04588697619894555,0.16097974859614217,0.10874661229153859,0.20217388006810344,0.0689743131205506,0.16670165071395235
2024-07-01,SPGI,top100,50.0796676498891,53.10122501611863,41.32606381545261,46.43597375515539,1,58,4,87,0.14973595295008235,0.19521954900450456,0.04588697619894555,0.16097974859614217,0.1038489767511368,0.034239800408362386,0.06407667758014882,-0.001232428945788705
2024-07-01,VZ,top100,49.91792107418757,46.36148721255104,63.45521541950113,47.73836941501611,2,59,4,87,0.10085864909207509,0.11368147533292428,0.04588697619894555,0.16097974859614217,0.05497167289312954,-0.047298273263217894,0.015199373722141557,-0.08277050261736899
2024-07-01,LLY,top100,49.903654832029346,65.64689447668171,4.985827664399093,29.53663165472335,3,60,4,87,-0.031337445931914454,-0.1403775743071789,0.04588697619894555,0.16097974859614217,-0.07722442213086,-0.30135732290332107,-0.11699672130184799,-0.33682955225747213
2024-07-01,ISRG,top100,49.7567320147528,59.7485493230174,12.517006802721088,54.29346128096408,2,61,4,87,0.11122317990097197,0.24809737759031725,0.04588697619894555,0.16097974859614217,0.06533620370202642,0.08711762899417508,0.025563904531038434,0.05164539964002399
2024-07-01,MS,top100,48.870035210697054,48.11519449817322,47.485736229975856,56.92251815980629,1,62,4,87,0.0625186874472865,0.5000584066452829,0.04588697619894555,0.16097974859614217,0.016631711248340952,0.3390786580491407,-0.023140587922647032,0.30360642869498966
2024-07-01,DE,top100,47.79461107244299,33.341929937674614,88.46371882086167,67.62516351898428,0,63,4,87,0.15767655745077014,0.46350723626069024,0.04588697619894555,0.16097974859614217,0.11178958125182459,0.30252748766454807,0.0720172820808366,0.267055258310397
2024-07-01,HD,top100,47.6248366898118,40.53406404470233,61.12528344671202,70.25935169177765,1,64,4,87,0.22411322851731597,0.13222626297756634,0.04588697619894555,0.16097974859614217,0.17822625231837042,-0.028753485618575825,0.13845395314738243,-0.06422571497272692
2024-07-01,JNJ,top100,47.614545374726696,33.810444874274665,87.89399092970523,63.684357767933804,1,65,4,87,0.11458269025029222,0.10006238964695013,0.04588697619894555,0.16097974859614217,0.06869571405134667,-0.060917358949192035,0.028923414880358683,-0.09638958830334313
2024-07-01,TMO,top100,47.28689205075256,45.38362346872985,47.307256235827666,60.56904375476137,0,66,4,87,0.132189160619685,-0.20488119142959693,0.04588697619894555,0.16097974859614217,0.08630218442073945,-0.3658609400257391,0.04652988524975146,-0.40133316937989016
2024-07-01,SCHW,top100,46.227355529185424,45.521169138190416,39.67650501060639,64.27236130330859,3,67,4,87,-0.12604836911009076,0.2634645030881213,0.04588697619894555,0.16097974859614217,-0.1719353453090363,0.10248475449197914,-0.2117076444800243,0.06701252513782804
2024-07-01,KO,top100,45.86824641141088,45.452396303460134,44.07978408754806,52.35612181479179,1,68,4,87,0.14098650748385588,0.1605035734177196,0.04588697619894555,0.16097974859614217,0.09509953128491033,-0.0004761751784225776,0.05532723211392235,-0.03594840453257367
2024-07-01,PM,top100,45.6955710290587,41.91919191919192,53.78117913832199,55.95900857959963,1,69,4,87,0.20437366188090222,0.8360403267749321,0.04588697619894555,0.16097974859614217,0.15848668568195667,0.67506057817879,0.11871438651096869,0.6395883488246389
2024-07-01,CSCO,top100,45.066115320832765,32.72297442510209,76.99263038548753,67.61507146163794,0,70,5,87,0.11935657624130824,0.5126890786228753,0.04588697619894555,0.16097974859614217,0.07346960004236269,0.3517093300267331,0.03369730087137471,0.31623710067258204
2024-07-01,MDLZ,top100,45.04149611006409,32.136256178809376,84.0844671201814,57.292233608612456,0,71,5,87,0.1259254183755707,0.08772590975682193,0.04588697619894555,0.16097974859614217,0.08003844217662515,-0.07325383883932024,0.04026614300563716,-0.10872606819347133
2024-07-01,GE,top100,44.88327643128082,49.179024285407266,20.863567649281933,62.85245901639345,1,72,5,87,0.1756417472070857,0.5633716005229206,0.04588697619894555,0.16097974859614217,0.12975477100814015,0.4023918519267784,0.08998247183715216,0.36691962257262734
2024-07-01,ADI,top100,44.878071682237945,50.027938964109175,17.888321995464853,62.80850008268561,4,73,5,87,-0.002799144828194211,0.10978286423780248,0.04588697619894555,0.16097974859614217,-0.04868612102713976,-0.05119688435833969,-0.08845842019812775,-0.08666911371249078
2024-07-01,ABT,top100,44.44550898823461,39.366000429830216,52.193877551020414,64.50533177149373,0,74,5,87,0.10622555089527785,0.3288285863173388,0.04588697619894555,0.16097974859614217,0.0603385746963323,0.16784883772119663,0.02056627552534432,0.13237660836704554
2024-07-01,RTX,top100,43.79672571656098,41.11755856436707,42.1966558900788,65.75103543488265,1,75,5,87,0.2562087581229249,0.49483352708477946,0.04588697619894555,0.16097974859614217,0.21032178192397932,0.3338537784886373,0.17054948275299134,0.2983815491344862
2024-07-01,AMD,top100,43.43968946457464,44.29615301955727,12.161911754422768,100.0,3,76,5,87,0.013063605808865564,-0.1254359819899804,0.04588697619894555,0.16097974859614217,-0.03282337039007999,-0.2864157305861226,-0.07259566956106797,-0.32188795994027364
2024-07-01,CMCSA,top100,43.046913255272244,25.375026864388566,95.72278911564626,61.398366270709886,0,77,5,87,0.10142699054175486,-0.01652594444886024,0.04588697619894555,0.16097974859614217,0.05554001434280931,-0.1775056930450024,0.015767715171821323,-0.2129779223991535
2024-07-01,DHR,top100,41.47949978450019,41.79883945841392,27.460317460317462,67.28248671546953,3,78,5,87,0.1239951194177098,-0.16456930849305795,0.04588697619894555,0.16097974859614217,0.07810814321876425,-0.3255490570892001,0.03833584404777626,-0.3610212864433512
2024-07-01,C,top100,40.86200387994121,34.42940038684719,56.921768707483,53.77069867651587,2,79,5,87,-0.016164970146153146,0.44602518311029504,0.04588697619894555,0.16097974859614217,-0.062051946345098696,0.2850454345141529,-0.10182424551608668,0.24957320516000178
2024-07-01,TXN,top100,40.84224351274253,43.37846550612508,22.352607709750565,60.06796116504856,3,80,5,87,0.042715557739407384,0.1426373435374355,0.04588697619894555,0.16097974859614217,-0.0031714184595381667,-0.018342405058706657,-0.04294371763052615,-0.05381463441285775
2024-07-01,DIS,top100,39.78421904801984,32.366215344938745,45.79645131505696,79.6857804355133,3,81,5,87,-0.03627191299186916,0.28169742192693814,0.04588697619894555,0.16097974859614217,-0.08215888919081471,0.12071767333079597,-0.1219311883618027,0.08524544397664488
2024-07-01,SBUX,top100,39.09749880477039,22.474747474747478,83.42687074829932,66.79801422787294,0,82,5,87,0.27082630321286816,0.25494577548058595,0.04588697619894555,0.16097974859614217,0.2249393270139226,0.09396602688444378,0.18516702784293462,0.058493797530292685
2024-07-01,LMT,top100,37.271856604016655,26.392649903288202,71.26133786848072,45.44734098018769,1,83,5,87,0.30614460661207055,0.01774789238804031,0.04588697619894555,0.16097974859614217,0.260257630413125,-0.14323185620810186,0.220485331242137,-0.17870408556225295
2024-07-01,CVX,top100,36.78831081142647,25.170857511283042,67.00255102040816,57.68200349446707,2,84,5,87,-0.032868588821141964,-0.009017381940808034,0.04588697619894555,0.16097974859614217,-0.07875556502008751,-0.1699971305369502,-0.1185278641910755,-0.2054693598911013
2024-07-01,GILD,top100,35.61057910281529,27.539222007307114,46.85403986155866,69.62315725388575,3,85,5,87,0.23433044476539644,0.6805663568245506,0.04588697619894555,0.16097974859614217,0.1884434685664509,0.5195866082284084,0.1486711693954629,0.48411437887425735
2024-07-01,PEP,top100,35.58735717934263,21.01117558564367,72.84580498866214,63.10373271659637,1,86,5,87,0.060132516564570526,-0.13861090925135688,0.04588697619894555,0.16097974859614217,0.014245540365624976,-0.29959065784749905,-0.02552675880536301,-0.3350628872016501
2024-07-01,MDT,top100,34.87275574551449,19.53363421448528,75.62074829931973,60.75062135510848,0,87,5,87,0.17621696243189144,0.18416520616881105,0.04588697619894555,0.16097974859614217,0.1303299862329459,0.023185457572668877,0.09055768706195791,-0.012286771781482214
2024-10-01,PANW,top100,74.53562457536682,91.76875134321942,17.951625094482242,67.07173616216782,2,1,1,80,0.09775577758207055,0.25840444592912015,0.03163411488479895,0.19121053430724855,0.0661216626972716,0.0671939116218716,0.09822897217898642,0.14311155027952743
2024-10-01,META,top100,71.36945592050152,86.96110036535569,36.856575963718825,31.25370472008779,0,2,1,80,0.040337434310764975,0.23648107209647073,0.03163411488479895,0.19121053430724855,0.008703319425966027,0.04527053778922219,0.04081062890768084,0.12118817644687803
2024-10-01,MA,top100,70.75462965418266,85.02901353965183,30.5914892838856,51.16022319649262,0,3,1,80,0.05381896872308767,0.17609593967744464,0.03163411488479895,0.19121053430724855,0.02218485383828872,-0.015114594629803912,0.054292163320003535,0.06080304402785193
2024-10-01,MSFT,top100,69.51560480476,80.10315925209542,37.04081632653061,60.35230062987084,0,4,1,80,-0.0030238004460727552,0.23899782613787313,0.03163411488479895,0.19121053430724855,-0.0346579153308717,0.04778729183062458,-0.002550605849156887,0.12370493048828042
2024-10-01,JPM,top100,69.00347496238842,72.35976789168278,59.080078267866284,65.35621784637218,0,5,1,80,0.1663003537641481,0.5310664713221538,0.03163411488479895,0.19121053430724855,0.13466623887934914,0.33985593701490524,0.16677354836106395,0.41577357567256107
2024-10-01,MRK,top100,67.3860825672705,70.98001289490651,60.17006802721089,56.660599353937826,0,6,1,80,-0.12877946365397874,-0.1938883005535491,0.03163411488479895,0.19121053430724855,-0.1604135785387777,-0.38509883486079766,-0.12830626905706288,-0.30918119620314183
2024-10-01,PGR,top100,66.79186295591661,75.19019987105094,43.917050691244235,53.75312907932117,0,7,1,80,-0.053192798786919404,-0.013584759221617948,0.03163411488479895,0.19121053430724855,-0.08482691367171835,-0.2047952935288665,-0.05271960419000354,-0.12887765487121067
2024-10-01,CB,top100,66.49885926083873,70.35031162690737,61.067954063345766,50.400503093344206,0,8,1,80,-0.0640026182999971,-0.018333664910467062,0.03163411488479895,0.19121053430724855,-0.09563673318479604,-0.2095441992177156,-0.06352942370308122,-0.13362656056005978
2024-10-01,NOW,top100,66.3709055776473,73.88996346443155,40.46008814484698,65.55913523575828,1,9,1,80,0.2158260107474803,0.05209991005327619,0.03163411488479895,0.19121053430724855,0.18419189586268137,-0.13911062425397236,0.21629920534439617,-0.06319298559631652
2024-10-01,COP,top100,65.90582340507835,65.20524392864819,67.23765432098766,68.14621790827084,1,10,1,80,-0.0785472076701329,-0.11130863659065393,0.03163411488479895,0.19121053430724855,-0.11018132255493185,-0.3025191708979025,-0.07807401307321703,-0.22660153224024665
2024-10-01,ADP,top100,65.2147673993512,73.6728992048141,43.200113378684804,50.03715280244372,0,11,1,80,0.03952748293392294,0.06179416207304045,0.03163411488479895,0.19121053430724855,0.007893368049123994,-0.1294163722342081,0.04000067753083881,-0.05349873357655226
2024-10-01,CAT,top100,64.46005179706553,71.62045991833226,55.91269841269841,31.431901716932707,0,12,1,80,-0.0798374105639249,0.28884753596446244,0.03163411488479895,0.19121053430724855,-0.11147152544872385,0.0976370016572139,-0.07936421596700903,0.17355464031486972
2024-10-01,GOOGL,top100,64.22688282935611,65.2482269503546,55.35297314518094,74.82529335071706,0,13,1,80,0.13567929197904305,0.47572871739948486,0.03163411488479895,0.19121053430724855,0.1040451770942441,0.2845181830922363,0.1361524865759589,0.36043582174989214
2024-10-01,ORCL,top100,64.13078828094977,78.96840747904578,15.839002267573694,56.85102592102995,1,14,1,80,-0.004526649087486456,0.7296849503590934,0.03163411488479895,0.19121053430724855,-0.036160763972285404,0.5384744160518449,-0.004053454490570587,0.6143920547095008
2024-10-01,PM,top100,64.11353918121752,70.45454545454547,43.52607709750567,60.90141943534549,1,15,1,80,0.015381830224086457,0.3184943150458108,0.03163411488479895,0.19121053430724855,-0.01625228466071249,0.12728378073856228,0.015855024821002324,0.2032014193962181
2024-10-01,AXP,top100,63.99188075607495,72.64990328820116,39.68848292004974,51.992518703241885,0,16,1,80,0.11396009878879876,0.24282866427061123,0.03163411488479895,0.19121053430724855,0.08232598390399981,0.05161812996336268,0.11443329338571463,0.1275357686210185
2024-10-01,AAPL,top100,62.74114055972634,73.51386202450033,27.26190476190476,58.290561901951676,1,17,2,80,0.07916654408126478,0.14593012008020212,0.03163411488479895,0.19121053430724855,0.04753242919646583,-0.04528041422704643,0.07963973867818065,0.030637224430609414
2024-10-01,TJX,top100,61.877665682564924,68.57941113260263,41.153628117913826,56.413522661603224,0,18,2,80,0.04189162589280704,0.22696364799505075,0.03163411488479895,0.19121053430724855,0.010257511008008091,0.03575311368780221,0.042364820489722906,0.11167075234545805
2024-10-01,MRSH,top100,61.87761505489145,66.51407693960886,47.98670543486212,57.20420110192836,0,19,2,80,-0.04789597451351402,-0.0793671903809069,0.03163411488479895,0.19121053430724855,-0.07953008939831296,-0.27057772468815544,-0.04742277991659815,-0.1946600860304996
2024-10-01,CRM,top100,61.16052593884766,59.41758005587792,62.830588375701154,70.02102224592889,0,20,2,80,0.22212592018713329,-0.10726592622948372,0.03163411488479895,0.19121053430724855,0.19049180530233434,-0.29847646053673227,0.22259911478404915,-0.22255882187907644
2024-10-01,REGN,top100,60.53164174768481,69.31871910595314,21.97845804988662,76.12846763540291,1,21,2,80,-0.31685627614625034,-0.42442790531382546,0.03163411488479895,0.19121053430724855,-0.3484903910310493,-0.615638439621074,-0.3163830815493345,-0.5397208009634181
2024-10-01,INTU,top100,60.50692083168271,66.52267354395015,43.29648526077098,52.81752298763415,1,22,2,80,0.028952852906541038,0.12873420239567102,0.03163411488479895,0.19121053430724855,-0.0026812619782579095,-0.06247633191157753,0.029426047503456905,0.01344130674607831
2024-10-01,BX,top100,59.73819444513911,71.52159896840747,18.035918471928312,60.65891472868216,1,23,2,80,0.15012570241326095,0.13936779991216297,0.03163411488479895,0.19121053430724855,0.118491587528462,-0.05184273439508558,0.1505988970101768,0.024074904262570265
2024-10-01,UBER,top100,59.47034622118824,66.53341929937673,34.867037724180584,59.23545166788412,1,24,2,80,-0.14911099137931028,0.3011853448275863,0.03163411488479895,0.19121053430724855,-0.18074510626410922,0.10997481052033775,-0.14863779678239442,0.18589244917799358
2024-10-01,NFLX,top100,59.03242449100261,65.94025359982807,37.23356009070295,54.275349529823785,0,25,2,80,0.25576027077167107,0.6332969849744381,0.03163411488479895,0.19121053430724855,0.22412615588687212,0.44208645066718955,0.25623346536858693,0.5180040893248454
2024-10-01,NEE,top100,58.81264809875318,57.70685579196218,67.02947845804988,50.1195335276968,0,26,2,80,-0.15456901130916922,-0.03187988968242017,0.03163411488479895,0.19121053430724855,-0.18620312619396817,-0.22309042398966872,-0.15409581671225336,-0.1471727853320129
2024-10-01,ETN,top100,58.153158088895395,68.83086180958522,24.7562358276644,50.203076566528594,0,27,2,80,0.016222599643062274,0.1548017769351122,0.03163411488479895,0.19121053430724855,-0.015411515241736673,-0.036408757372136336,0.01669579423997814,0.039508881285519507
2024-10-01,KO,top100,57.959959043084524,67.07930367504835,28.047052154195008,53.95036039711685,1,28,2,80,-0.13109717215812233,-0.042607460483361614,0.03163411488479895,0.19121053430724855,-0.16273128704292128,-0.23381799479061016,-0.13062397756120647,-0.15790035613295433
2024-10-01,FISV,top100,57.84676269035093,63.74597034171502,51.3095238095238,29.626786892456565,0,29,2,80,0.13606530252054494,-0.29645358777783903,0.03163411488479895,0.19121053430724855,0.10443118763574599,-0.4876641220850876,0.1365384971174608,-0.41174648342743175
2024-10-01,GS,top100,57.799240285458,58.790027938964116,53.49389218052812,59.474422920774856,1,30,2,80,0.17881250445762964,0.6445301488593564,0.03163411488479895,0.19121053430724855,0.1471783895728307,0.4533196145521079,0.1792856990545455,0.5292372532097638
2024-10-01,WFC,top100,56.99705638462548,53.187191059531486,67.86701777485189,61.9261908798307,0,31,2,80,0.2744981934208839,0.4887946836035033,0.03163411488479895,0.19121053430724855,0.24286407853608494,0.29758414929625476,0.27497138801779974,0.3735017879539106
2024-10-01,HON,top100,56.97205984792901,54.27681065978938,63.72448979591837,62.33394426892774,0,32,2,80,0.09977294023995587,0.035510531914567434,0.03163411488479895,0.19121053430724855,0.06813882535515692,-0.1557000023926811,0.10024613483687174,-0.07978236373502527
2024-10-01,LLY,top100,55.95623003256328,67.10401891252954,11.363378684807255,67.10741056831151,3,33,3,80,-0.11885123129283603,-0.04317466883099097,0.03163411488479895,0.19121053430724855,-0.15048534617763498,-0.23438520313823952,-0.11837803669592016,-0.1584675644805837
2024-10-01,UNP,top100,55.48115917596726,57.562862669245646,50.86734693877551,50.13685919740202,0,34,3,80,-0.06152690812429018,-0.012700535897649856,0.03163411488479895,0.19121053430724855,-0.09316102300908913,-0.2039110702048984,-0.06105371352737431,-0.12799343154724258
2024-10-01,TMUS,top100,55.374483136816764,56.58070062325381,53.35034013605442,50.979246733282096,0,35,3,80,0.06900362105821722,0.13318217952931266,0.03163411488479895,0.19121053430724855,0.037369506173418277,-0.05802835477793589,0.0694768156551331,0.017889283879719955
2024-10-01,AMGN,top100,55.26431507629507,62.03202235117128,27.060657596371883,64.29767911200807,4,36,3,80,-0.1840864034239873,-0.03892835933829353,0.03163411488479895,0.19121053430724855,-0.21572051830878625,-0.23013889364554208,-0.18361320882707144,-0.15422125498788625
2024-10-01,SYK,top100,55.14444974421105,60.49430474962391,34.85827664399093,58.26781090676134,0,37,3,80,0.006392254710925194,0.046446968198141425,0.03163411488479895,0.19121053430724855,-0.025241860173873754,-0.14476356610910712,0.006865449307841063,-0.06884592745145128
2024-10-01,SPGI,top100,54.86735528716308,58.80077369439071,41.041750882582804,54.98463524573019,1,38,3,80,-0.03094801248891288,-0.056549654751595235,0.03163411488479895,0.19121053430724855,-0.06258212737371183,-0.24776018905884378,-0.030474817891997012,-0.17184255040118795
2024-10-01,ICE,top100,54.73237237299744,61.59681925639372,32.00314534415917,52.13969824690004,1,39,3,80,-0.07054015546011838,0.02053216949513481,0.03163411488479895,0.19121053430724855,-0.10217427034491733,-0.17067836481211374,-0.07006696086320251,-0.0947607261544579
2024-10-01,COST,top100,54.63622649530231,65.97249086610789,12.749433106575964,59.05596267711593,2,40,3,80,0.03833990983562341,0.048664542151454215,0.03163411488479895,0.19121053430724855,0.006705794950824462,-0.14254599215579433,0.038813104432539276,-0.06662835349813849
2024-10-01,PG,top100,54.60558610311611,59.42187835804857,37.79761904761905,54.50747442958301,0,41,3,80,-0.035160440935814496,-0.09777964554108454,0.03163411488479895,0.19121053430724855,-0.06679455582061344,-0.2889901798483331,-0.03468724633889863,-0.21307254119067726
2024-10-01,BSX,top100,54.31744101983246,63.62776703202236,23.50652419776844,50.766992578631175,1,42,3,80,0.06227715711908721,0.15664368908961257,0.03163411488479895,0.19121053430724855,0.030643042234288265,-0.03456684521763598,0.06275035171600309,0.041350793440019865
2024-10-01,AMZN,top100,54.19447838647464,54.27466150870407,53.02399911711774,55.97415506958251,0,43,3,80,0.1895424836601307,0.1857073407875547,0.03163411488479895,0.19121053430724855,0.15790836877533176,-0.005503193519693861,0.19001567825704657,0.07041444513796198
2024-10-01,PLD,top100,53.679726692004095,50.82527401676338,61.12244897959183,58.77545084351368,0,44,3,80,-0.1560184440375656,-0.02623346842050145,0.03163411488479895,0.19121053430724855,-0.18765255892236454,-0.21744400272775,-0.15554524944064974,-0.14152636407009417
2024-10-01,IBM,top100,53.40971223733116,55.449172576832154,46.335034013605444,53.28284630827571,1,45,3,80,0.010592166712037221,0.3517996054209884,0.03163411488479895,0.19121053430724855,-0.021041948172761726,0.16058907111373988,0.01106536130895309,0.2365067097713957
2024-10-01,ABBV,top100,53.26346048429369,61.68171072426392,24.435941043083897,51.99074768692171,4,46,3,80,-0.08167699085055913,0.2300741443578449,0.03163411488479895,0.19121053430724855,-0.11331110573535808,0.03886361005059635,-0.08120379625364325,0.1147812487082522
2024-10-01,ADBE,top100,52.94786276728084,49.067268428970564,58.35034013605443,69.3070683979056,0,47,3,80,-0.12291169451073991,-0.310381861575179,0.03163411488479895,0.19121053430724855,-0.15454580939553886,-0.5015923958824275,-0.12243849991382404,-0.4256747572247717
2024-10-01,MCD,top100,52.78557980113883,43.43434343434343,96.11111111111111,31.593171748762032,0,48,3,80,-0.02874908581697211,0.01658434544495213,0.03163411488479895,0.19121053430724855,-0.060383200701771056,-0.17462618886229642,-0.02827589122005624,-0.09870855020464057
2024-10-01,LIN,top100,51.347799576440885,55.63507414571245,35.7908163265306,52.450844091360494,0,49,4,80,-0.12545533601074665,-0.004866714267684813,0.03163411488479895,0.19121053430724855,-0.1570894508955456,-0.19607724857493336,-0.12498214141383078,-0.12015960991727752
2024-10-01,BAC,top100,50.263557232770054,42.787448957661724,65.31554019457246,72.4923492349235,0,50,4,80,0.1355517944480722,0.32156402841264975,0.03163411488479895,0.19121053430724855,0.10391767956327325,0.1303534941054012,0.13602498904498805,0.20627113276305703
2024-10-01,XOM,top100,50.14515014451945,50.6254029658285,50.449971655328795,46.17373737373737,1,51,4,80,-0.09787624827865782,-0.021469548357157198,0.03163411488479895,0.19121053430724855,-0.12951036316345677,-0.21268008266440575,-0.09740305368174194,-0.13676244400674992
2024-10-01,LMT,top100,50.0643550303671,55.483558994197296,40.70861678004535,30.841403784199258,2,52,4,80,-0.19903133604565282,-0.14389318166348586,0.03163411488479895,0.19121053430724855,-0.23066545093045177,-0.3351037159707344,-0.19855814144873696,-0.2591860773130786
2024-10-01,UNH,top100,49.909556296017236,55.95314850633999,25.15873015873015,57.1060630983321,2,53,4,80,-0.1317589183014175,-0.3690866055158679,0.03163411488479895,0.19121053430724855,-0.16339303318621645,-0.5602971398231165,-0.13128572370450164,-0.48437950116546064
2024-10-01,ACN,top100,49.605234192065055,50.07522028798625,43.59410430839002,58.337591287966745,0,54,4,80,-0.004944181218725974,-0.29020037473367777,0.03163411488479895,0.19121053430724855,-0.03657829610352492,-0.4814109090409263,-0.004470986621810105,-0.4054932703832705
2024-10-01,VZ,top100,49.14186685204922,45.94670105308403,60.06519274376417,49.66137566137565,2,55,4,80,-0.0967096038814973,0.0308386374411167,0.03163411488479895,0.19121053430724855,-0.12834371876629624,-0.16037189686613185,-0.09623640928458142,-0.084454258208476
2024-10-01,MS,top100,49.126703422629376,47.92392005157963,49.10138248847926,57.596828888277884,1,56,4,80,0.20442886681123618,0.5542558878410409,0.03163411488479895,0.19121053430724855,0.17279475192643723,0.3630453535337923,0.20490206140815204,0.43896299219144813
2024-10-01,WMT,top100,49.04205311395995,58.29357403825488,16.278344671201815,49.80882352941176,1,57,4,80,0.10987405592057464,0.26818370896042265,0.03163411488479895,0.19121053430724855,0.0782399410357757,0.0769731746531741,0.11034725051749052,0.15289081331082993
2024-10-01,GE,top100,48.91967431639916,55.944551901998715,21.893026681077416,53.79882648784575,2,58,4,80,-0.09358765415231274,0.6040645355072158,0.03163411488479895,0.19121053430724855,-0.12522176903711169,0.4128540011999673,-0.09311445955539686,0.4887716398576231
2024-10-01,SCHW,top100,48.18674331070352,42.9056522673544,57.86866359447005,65.7905400466143,2,59,4,80,0.1593348035580724,0.4909732053146376,0.03163411488479895,0.19121053430724855,0.12770068867327344,0.29976267100738907,0.15980799815498825,0.3756803096650449
2024-10-01,ISRG,top100,47.94435167526014,58.153879217709004,9.322562358276645,53.72123751208508,2,60,4,80,0.08100915917154872,-0.06685782655334593,0.03163411488479895,0.19121053430724855,0.04937504428674977,-0.2580683608605945,0.08148235376846459,-0.18215072220293865
2024-10-01,T,top100,46.45714836162021,44.107027724049,62.47112686882662,30.880035810205925,0,61,4,80,0.04487786028861729,0.28017081229967444,0.03163411488479895,0.19121053430724855,0.013243745403818341,0.0889602779924259,0.045351054885533156,0.16487791665008172
2024-10-01,MDT,top100,46.2807796892816,40.75650118203309,62.62755102040816,52.25718657776805,0,62,4,80,-0.10095505333880561,0.12124038155092398,0.03163411488479895,0.19121053430724855,-0.13258916822360456,-0.06997015275632457,-0.10048185874188974,0.005947485901331276
2024-10-01,DIS,top100,45.39368570178431,33.6428110896196,71.85924070226893,74.71869798596799,0,63,4,80,0.18353068927510185,0.20627440654489826,0.03163411488479895,0.19121053430724855,0.1518965743903029,0.015063872237649711,0.18400388387201772,0.09098151089530555
2024-10-01,JNJ,top100,45.240153473503476,35.830646894476686,72.23072562358277,57.1255552265324,1,64,4,80,-0.10379892505630162,0.20215992263741756,0.03163411488479895,0.19121053430724855,-0.13543303994110056,0.010949388330169008,-0.10332573045938574,0.08686702698782485
2024-10-01,ABT,top100,43.905894052079816,43.19363851278745,41.70918367346939,53.28510358434725,0,65,5,80,0.003651002372784262,0.20796572318496698,0.03163411488479895,0.19121053430724855,-0.027983112512014685,0.01675518887771843,0.004124196969700131,0.09267282753537427
2024-10-01,ADI,top100,43.43464824211204,48.37954008166774,14.960317460317462,65.76906692881133,4,66,5,80,-0.05108043792178707,0.10051793239619244,0.03163411488479895,0.19121053430724855,-0.08271455280658602,-0.0906926019110561,-0.0506072433248712,-0.014774963253400261
2024-10-01,TMO,top100,43.35726406012934,44.58628841607565,33.85487528344672,53.75887112187041,1,67,5,80,-0.14680299826189847,-0.1104563702394088,0.03163411488479895,0.19121053430724855,-0.1784371131466974,-0.30166690454665734,-0.1463298036649826,-0.22574926588900152
2024-10-01,C,top100,43.31687063288891,35.43950139694821,59.19784580498866,66.69650494027431,2,68,5,80,0.14156615735135603,0.6298634844251001,0.03163411488479895,0.19121053430724855,0.10993204246655708,0.43865295011785155,0.14203935194827189,0.5145705887755074
2024-10-01,LOW,top100,42.6272003786969,44.19191919191919,43.40986394557823,30.108841552378202,0,69,5,80,-0.09027379258978874,-0.07894716759970932,0.03163411488479895,0.19121053430724855,-0.12190790747458768,-0.27015770190695787,-0.08980059799287286,-0.19424006324930204
2024-10-01,MDLZ,top100,40.56760967516594,30.89189770040834,69.26303854875285,50.90673575129535,0,70,5,80,-0.17833555988953187,-0.11536410714130474,0.03163411488479895,0.19121053430724855,-0.20996967477433082,-0.3065746414485533,-0.177862365292616,-0.23065700279089746
2024-10-01,DE,top100,39.69573767306196,31.076724693745973,74.25170068027211,30.91690251385357,0,71,5,80,0.008023999764130041,0.12713904531650777,0.03163411488479895,0.19121053430724855,-0.023610115120668906,-0.06407148899074078,0.00849719436104591,0.011846149666915065
2024-10-01,CMCSA,top100,39.52001094060988,21.919191919191924,89.39909297052154,62.96758003071224,0,72,5,80,-0.09591424947474458,-0.2252366771116372,0.03163411488479895,0.19121053430724855,-0.12754836435954353,-0.41644721141888574,-0.09544105487782871,-0.3405295727612299
2024-10-01,TXN,top100,39.16877466794716,42.88845905867183,15.150226757369616,61.16807975402962,3,73,5,80,-0.066563473172225,-0.07865944207369657,0.03163411488479895,0.19121053430724855,-0.09819758805702394,-0.2698699763809451,-0.06609027857530912,-0.1939523377232893
2024-10-01,RTX,top100,39.07814231466061,43.50956372232967,18.446712018140587,49.32105305401717,3,74,5,80,-0.0624011238077643,0.36600897614821215,0.03163411488479895,0.19121053430724855,-0.09403523869256325,0.1747984418409636,-0.061927929210848436,0.25071608049861943
2024-10-01,HD,top100,38.942486386262665,41.74618525682356,33.73299319727891,29.735580670303975,2,75,5,80,-0.04533534479475154,-0.011304691110966991,0.03163411488479895,0.19121053430724855,-0.07696945967955049,-0.20251522541821554,-0.044862150197835675,-0.1265975867605597
2024-10-01,DHR,top100,36.89405476385044,40.171932086825706,16.83390022675737,54.069222577209786,4,76,5,80,-0.16200981042416518,-0.21221601209795093,0.03163411488479895,0.19121053430724855,-0.19364392530896413,-0.4034265464051995,-0.16153661582724932,-0.32750890774754365
2024-10-01,CVX,top100,36.58533403746416,23.533204384268213,70.63208616780045,59.856737349163154,1,77,5,80,-0.009975627069485404,0.0722405531305208,0.03163411488479895,0.19121053430724855,-0.04160974195428435,-0.11896998117672775,-0.009502432472569535,-0.043052342519071904
2024-10-01,CSCO,top100,33.634322004497214,26.832151300236404,50.87018140589569,46.77779813152593,1,78,5,80,0.12915656709265488,0.331135453929041,0.03163411488479895,0.19121053430724855,0.09752245220785594,0.13992491962179243,0.12962976168957074,0.21584255827944826
2024-10-01,GILD,top100,31.871970715876067,29.017837954008165,33.324904523212794,48.945032434277934,3,79,5,80,0.10379218311487803,0.38250732872045856,0.03163411488479895,0.19121053430724855,0.07215806823007909,0.19129679441321001,0.10426537771179391,0.26721443307086584
2024-10-01,PEP,top100,31.716352180259552,17.566086395873633,70.54138321995464,53.118150591570796,1,80,5,80,-0.11606359095953989,-0.13952237412975477,0.03163411488479895,0.19121053430724855,-0.14769770584433883,-0.3307329084370033,-0.11559039636262401,-0.2548152697793475
2025-01-02,NVDA,top100,84.23423749606695,98.74314542662864,41.53391058210483,68.07253581005949,1,1,1,86,-0.20352677010101827,0.3541411272833386,-0.03760006750179834,0.19720528636507173,-0.16592670259921993,0.15693584091826684,-0.2175910172801588,0.18099482785820228
2025-01-02,META,top100,75.30350113907839,87.78783669110496,38.62599206349206,61.26817042606516,0,2,1,86,-0.02122464709439631,0.10590622791562398,-0.03760006750179834,0.19720528636507173,0.01637542040740203,-0.09129905844944775,-0.03528889427353685,-0.0672400715095123
2025-01-02,PANW,top100,73.370707042329,89.49171469022312,16.345427059712772,74.57421347230263,2,3,1,86,-0.05217439415735314,0.028327984950758056,-0.03760006750179834,0.19720528636507173,-0.014574326655554803,-0.16887730141431367,-0.06623864133649368,-0.14481831447437823
2025-01-02,PGR,top100,71.41115251441182,75.51784570867703,57.1687330846317,71.14913901411572,0,4,1,86,0.20408049956530894,-0.0423884811809877,-0.03760006750179834,0.19720528636507173,0.24168056706710728,-0.23959376754605943,0.1900162523861684,-0.215534780606124
2025-01-02,MA,top100,71.2349948983136,87.24115469235014,23.485480213590815,54.690905709503454,0,5,1,86,0.05152835133072342,0.11729384258063513,-0.03760006750179834,0.19720528636507173,0.08912841883252176,-0.0799114437844366,0.03746410415158288,-0.05585245684450116
2025-01-02,ANET,top100,70.12939077010172,88.90016639303764,10.592403628117912,57.80793569351803,2,6,1,86,-0.2978799534842116,0.1859737006887916,-0.03760006750179834,0.19720528636507173,-0.26027988598241325,-0.011231585676280131,-0.3119442006633521,0.012827401263655308
2025-01-02,MCD,top100,69.76741463588394,62.959491825471204,95.9920634920635,64.97357659641396,0,7,1,86,0.07839309371158798,0.059218312707733256,-0.03760006750179834,0.19720528636507173,0.11599316121338632,-0.13798697365733847,0.06432884653244744,-0.11392798671740303
2025-01-02,NOW,top100,69.22251417212097,79.1056651179485,35.79896541950114,66.88755505656795,1,8,1,86,-0.23026727621070997,-0.2942978545820134,-0.03760006750179834,0.19720528636507173,-0.19266720870891163,-0.49150314094708514,-0.2443315233898505,-0.46744415400714967
2025-01-02,CB,top100,68.51469209420125,66.86915214881874,74.25490088508522,68.55305413011092,0,9,1,86,0.10947256005003103,0.14234684227560845,-0.03760006750179834,0.19720528636507173,0.14707262755182937,-0.054858444089463276,0.0954083128708905,-0.030799457149527837
2025-01-02,JPM,top100,68.46234877467488,75.29601786675707,48.648690659059326,60.25398136133067,1,10,1,86,0.020493306555527946,0.43014410475449893,-0.03760006750179834,0.19720528636507173,0.058093374057326286,0.2329388183894272,0.006429059376387412,0.25699780532936267
2025-01-02,MSFT,top100,67.63957207410564,76.164806653949,42.54499716553288,58.15207983234766,0,11,1,86,-0.08510605833826201,0.15160740468409184,-0.03760006750179834,0.19720528636507173,-0.047505990836463674,-0.04559788168097989,-0.09917030551740255,-0.02153889474104445
2025-01-02,QCOM,top100,67.63753052315946,66.7707343228291,67.13931405895693,74.70153685387702,0,12,1,86,0.001531468087205834,0.21409937376066646,-0.03760006750179834,0.19720528636507173,0.039131535589004174,0.016894087395594726,-0.0125327790919347,0.040953074335530165
2025-01-02,KLAC,top100,67.56491924616452,74.78680199671645,40.025155895691604,72.09126669324694,0,13,1,86,0.07442784202667863,1.2099902844849106,-0.03760006750179834,0.19720528636507173,0.11202790952847697,1.012784998119839,0.06036359484753809,1.0368439850597744
2025-01-02,PM,top100,66.52750827469929,71.56617723628032,47.928004535147394,68.45583302273576,1,14,1,86,0.31697270726122007,0.3265231219880447,-0.03760006750179834,0.19720528636507173,0.3545727747630184,0.12931783562297294,0.30290846008207956,0.15337682256290838
2025-01-02,CAT,top100,66.2342600116121,65.08400521999995,64.91213151927437,76.93030053757255,0,15,1,86,-0.07779451390600034,0.7580660820313787,-0.03760006750179834,0.19720528636507173,-0.040194446404202,0.560860795666307,-0.09185876108514088,0.5849197826062424
2025-01-02,AXP,top100,64.9798070101543,74.96234554361335,34.98034159900519,55.100968098239214,1,16,1,86,-0.09152581958438843,0.3019911228692822,-0.03760006750179834,0.19720528636507173,-0.053925752082590095,0.10478583650421047,-0.10559006676352897,0.1288448234441459
2025-01-02,BX,top100,64.70637066705582,76.68997498565386,17.07693292370712,76.08001592356688,1,17,1,86,-0.17111932621715575,-0.03497362795932002,-0.03760006750179834,0.19720528636507173,-0.13351925871535741,-0.23217891432439175,-0.1851835733962963,-0.2081199273844563
2025-01-02,ORCL,top100,64.647986498455,76.07839748660105,16.18799603174603,81.55509051485049,1,18,1,86,-0.14299278424657746,0.1785648702312861,-0.03760006750179834,0.19720528636507173,-0.10539271674477912,-0.018640416133785642,-0.157057031425718,0.005418570806149797
2025-01-02,ADP,top100,64.20591879916326,70.66484099605398,42.749787414965986,61.90572618932275,0,19,2,86,0.06395096419937696,-0.07851693734899934,-0.03760006750179834,0.19720528636507173,0.1015510317011753,-0.27572222371407107,0.04988671702023642,-0.2516632367741356
2025-01-02,NFLX,top100,64.11275267672346,75.92312685973577,24.490504535147387,60.68462967878948,0,20,2,86,0.04697032918701294,0.022295399952634964,-0.03760006750179834,0.19720528636507173,0.08457039668881128,-0.17490988641243677,0.0329060820078724,-0.15085089947250133
2025-01-02,CRM,top100,63.770494228992305,66.4472981625866,51.39668367346939,69.78048780487805,1,21,2,86,-0.1828462528323198,-0.1997330903692861,-0.03760006750179834,0.19720528636507173,-0.14524618533052147,-0.39693837673435783,-0.19691050001146035,-0.37287938979442237
2025-01-02,AMAT,top100,63.654585658374685,64.52110488521983,60.659013605442176,63.58009517632377,0,22,2,86,-0.10907733483763504,0.8244531906720924,-0.03760006750179834,0.19720528636507173,-0.0714772673358367,0.6272479043070207,-0.12314158201677558,0.6513068912469562
2025-01-02,GS,top100,63.38723610403008,67.15299518545845,51.23811352497989,61.32516769213193,1,23,2,86,-0.041394176627206236,0.6956873735687632,-0.03760006750179834,0.19720528636507173,-0.0037941091254078962,0.49848208720369147,-0.055458423806346774,0.5225410741436269
2025-01-02,MRSH,top100,63.29803417946808,63.24809844441343,62.51810401579987,65.20744465218709,0,24,2,86,0.1588440195089169,-0.10804874689495447,-0.03760006750179834,0.19720528636507173,0.19644408701071525,-0.3052540332600262,0.14477977232977637,-0.28119504632009074
2025-01-02,GOOGL,top100,62.989250429819805,68.71405434028816,43.99432638069001,60.90547115480089,0,25,2,86,-0.1698736278353291,0.6658977818629206,-0.03760006750179834,0.19720528636507173,-0.13227356033353077,0.46869249549784886,-0.18393787501446965,0.4927514824377843
2025-01-02,INTU,top100,62.244953398559424,66.4411165836917,42.9202097505669,71.52129839861854,1,26,2,86,-0.012827216461072322,0.04606110123441409,-0.03760006750179834,0.19720528636507173,0.02477285104072602,-0.15114418513065764,-0.026891463640212856,-0.1270851981907222
2025-01-02,TMUS,top100,61.773571416471164,62.05115422706999,55.65547052154194,72.0666935321378,0,27,2,86,0.22733783189844625,-0.08122565921371472,-0.03760006750179834,0.19720528636507173,0.2649378994002446,-0.27843094557878645,0.21327358471930571,-0.254371958638851
2025-01-02,AAPL,top100,61.69618671327548,74.02236889624474,18.655045351473923,61.49519415609383,1,28,2,86,-0.08371779286563719,0.08077347103242527,-0.03760006750179834,0.19720528636507173,-0.046117725363838846,-0.11643181533264646,-0.09778204004477772,-0.09237282839271102
2025-01-02,TJX,top100,61.16100195234811,68.03824602684003,37.81958616780045,59.703124999999986,0,29,2,86,0.016021510454971688,0.28623985371811056,-0.03760006750179834,0.19720528636507173,0.05362157795677003,0.08903456735303883,0.001957263275831154,0.11309355429297427
2025-01-02,FISV,top100,60.87571026845424,67.41357421550447,36.20358560090703,64.45491197419702,0,30,2,86,0.07782308962035156,-0.6661811826390911,-0.03760006750179834,0.19720528636507173,0.1154231571221499,-0.8633864690041628,0.06375884244121102,-0.8393274820642274
2025-01-02,BLK,top100,60.382197013355494,67.00835953303599,36.87221125009143,61.01903090212019,1,31,2,86,-0.06700070048510576,0.11566808488021252,-0.03760006750179834,0.19720528636507173,-0.029400632983307418,-0.08153720148485921,-0.0810649476642463,-0.05747821454492377
2025-01-02,REGN,top100,59.95103711263564,60.294788197837114,58.7234268707483,60.0,1,32,2,86,-0.13618342309994014,0.09180329257138986,-0.03760006750179834,0.19720528636507173,-0.0985833555981418,-0.10540199379368187,-0.15024767027908068,-0.08134300685374643
2025-01-02,ETN,top100,59.723345075913116,66.69961293124268,28.028273809523807,74.27961262138479,0,33,2,86,-0.16341266278608624,0.01596116670938197,-0.03760006750179834,0.19720528636507173,-0.1258125952842879,-0.18124411965568976,-0.17747690996522678,-0.15718513271575432
2025-01-02,UNP,top100,59.08232719682642,58.03454594198179,64.64569160997732,55.29006715443702,0,34,2,86,0.04082548248256246,0.04397096394899003,-0.03760006750179834,0.19720528636507173,0.0784255499843608,-0.1532343224160817,0.026761235303421924,-0.12917533547614626
2025-01-02,AMGN,top100,58.944023796133365,59.635519485267224,55.6296060090703,60.732389546322516,3,35,2,86,0.19330332306124287,0.31486118047899114,-0.03760006750179834,0.19720528636507173,0.2309033905630412,0.11765589411391941,0.17923907588210233,0.14171488105385485
2025-01-02,NEE,top100,58.84766294832746,51.263700838168916,82.54535147392289,64.54002066824641,0,36,3,86,-0.0014743771786424054,0.16713139466958205,-0.03760006750179834,0.19720528636507173,0.036125690323155935,-0.030073891695489685,-0.01553862435778294,-0.006014904755554246
2025-01-02,SYK,top100,58.61920262131382,62.445778247489145,40.121173469387756,68.8292315419387,0,37,3,86,0.0430481147285946,0.030827369671597937,-0.03760006750179834,0.19720528636507173,0.08064818223039294,-0.1663779166934738,0.028983867549454066,-0.14231892975353835
2025-01-02,ICE,top100,58.25313382776057,60.6269538996014,43.46947918952527,71.20370260134533,0,38,3,86,0.15155079674211303,0.12421580500684648,-0.03760006750179834,0.19720528636507173,0.18915086424391137,-0.07298948135822525,0.1374865495629725,-0.04893049441828981
2025-01-02,SPGI,top100,57.72470860133246,60.93685262362603,43.758363843556666,63.17238996082901,0,39,3,86,0.032696316601023456,0.09715482497006334,-0.03760006750179834,0.19720528636507173,0.0702963841028218,-0.1000504613950084,0.018632069421882922,-0.07599147445507295
2025-01-02,LLY,top100,57.661032352452665,68.06446788570061,17.39902210884354,65.36100410693538,2,40,3,86,0.036690397376411665,0.3777380111949551,-0.03760006750179834,0.19720528636507173,0.07429046487821,0.18053272482988336,0.02262615019727113,0.2045917117698188
2025-01-02,LMT,top100,57.155234371737514,50.07000250365023,69.77147108843538,81.51938401495279,1,41,3,86,-0.06282706923794135,0.11441897463427142,-0.03760006750179834,0.19720528636507173,-0.025227001736143007,-0.08278631173080031,-0.07689131641708188,-0.05872732479086487
2025-01-02,HON,top100,57.04604008204545,58.65427692144078,48.334750566893426,63.21096123658225,0,42,3,86,-0.048455517826273,-0.014771873601896357,-0.03760006750179834,0.19720528636507173,-0.010855450324474658,-0.2119771599669681,-0.06251976500541354,-0.18791817302703265
2025-01-02,DE,top100,56.6457904229484,50.93694124841306,69.53975340136054,70.81980868787147,2,43,3,86,0.14812179692485294,0.17802992079845992,-0.03760006750179834,0.19720528636507173,0.18572186442665128,-0.019175365566611813,0.1340575497457124,0.004883621373323627
2025-01-02,WFC,top100,56.64474575188088,55.393505132482986,54.68391119888816,69.3250991936516,0,44,3,86,0.020972233319424882,0.403114023017078,-0.03760006750179834,0.19720528636507173,0.05857230082122322,0.20590873665200626,0.006907986140284348,0.2299677235919417
2025-01-02,JNJ,top100,56.490903824563475,50.69936035059966,77.0188492063492,55.9758173787387,1,45,3,86,0.07260581849963255,0.46548215193306497,-0.03760006750179834,0.19720528636507173,0.11020588600143089,0.26827686556799324,0.05854157132049201,0.2923358525079287
2025-01-02,MS,top100,56.47761515778231,58.676056462851804,44.11025162753273,65.82325308279509,1,46,3,86,-0.06627581061039367,0.5467800433955738,-0.03760006750179834,0.19720528636507173,-0.02867574310859533,0.3495747570305021,-0.08034005778953421,0.3736337439704376
2025-01-02,AMZN,top100,56.0327191898091,58.94128829421656,43.884108378515016,59.96995708154506,0,47,3,86,-0.12737262737262744,0.09404232131504853,-0.03760006750179834,0.19720528636507173,-0.0897725598708291,-0.1031629650500232,-0.14143687455176798,-0.07910397811008776
2025-01-02,GE,top100,55.395969405011215,59.0232440660166,32.443667331985665,75.90965092402465,2,48,3,86,0.21103943295500427,0.9538911070237615,-0.03760006750179834,0.19720528636507173,0.2486395004568026,0.7566858206586897,0.19697518577586373,0.7807448075986252
2025-01-02,BSX,top100,54.99702233578068,64.73300675099316,21.145738382201518,54.54769933645167,1,49,3,86,0.13269187737748944,0.0940926381740883,-0.03760006750179834,0.19720528636507173,0.17029194487928778,-0.10311264819098342,0.1186276301983489,-0.07905366125104799
2025-01-02,PEP,top100,53.94932449337091,47.15977498166575,77.93119331065759,53.51243344073363,0,50,3,86,0.005215055029174964,-0.03792650553502119,-0.03760006750179834,0.19720528636507173,0.042815122530973304,-0.23513179190009292,-0.00884919214996557,-0.21107280496015748
2025-01-02,ADBE,top100,53.68497470161292,47.78017064702741,64.56384637188208,73.2608597431732,0,51,3,86,-0.13106575963718825,-0.2381179138321995,-0.03760006750179834,0.19720528636507173,-0.09346569213538991,-0.4353232001972712,-0.1451300068163288,-0.41126421325733575
2025-01-02,MDT,top100,53.27486859376676,42.58642578449554,84.13229875283446,66.37910794052989,0,52,3,86,0.11183884365087149,0.2898773668203669,-0.03760006750179834,0.19720528636507173,0.14943891115266983,0.09267208045529518,0.09777459647173095,0.11673106739523062
2025-01-02,WMT,top100,53.034683646428356,60.18631145852028,23.59587585034014,61.85090455396134,0,53,4,86,-0.010289831185808507,0.2826051617360521,-0.03760006750179834,0.19720528636507173,0.027310236315989833,0.08539987537098037,-0.02435407836494904,0.10945886231091581
2025-01-02,LIN,top100,52.97152001090959,52.33993809558626,50.32950680272109,62.676619834549946,0,54,4,86,0.1315356775902894,0.06972106040635295,-0.03760006750179834,0.19720528636507173,0.16913574509208773,-0.12748422595871878,0.11747143041114885,-0.10342523901878334
2025-01-02,XOM,top100,52.92190028101447,50.31125025202674,61.083475056689345,54.87330093257891,0,55,4,86,0.11923197073573566,0.16944123348243356,-0.03760006750179834,0.19720528636507173,0.156832038237534,-0.02776405288263817,0.10516772355659512,-0.003705065942702729
2025-01-02,PG,top100,52.86317019321665,54.141613547184946,43.28762755102041,63.06515199983103,0,56,4,86,0.03385998949342772,-0.13479641461639957,-0.03760006750179834,0.19720528636507173,0.07146005699522606,-0.3320017009814713,0.019795742314287188,-0.30794271404153584
2025-01-02,COP,top100,52.617816441811584,44.14865921775331,73.92963435374149,69.2782811863597,0,57,4,86,0.06160344774758508,0.003890232473615196,-0.03760006750179834,0.19720528636507173,0.09920351524938342,-0.19331505389145653,0.047539200568444545,-0.1692560669515211
2025-01-02,ABBV,top100,52.25373718825029,56.35728861326581,26.0703656462585,75.89562029712522,3,58,4,86,0.16036067099163276,0.2915726927282476,-0.03760006750179834,0.19720528636507173,0.1979607384934311,0.09436740636317587,0.14629642381249222,0.1184263933031113
2025-01-02,GILD,top100,52.207255291924405,57.97279662162312,26.53340941639814,63.19615773508596,3,59,4,86,0.21964478652535435,0.35777983650485523,-0.03760006750179834,0.19720528636507173,0.2572448540271527,0.1605745501397835,0.20558053934621381,0.18463353707971894
2025-01-02,KO,top100,51.48528463992392,54.19582976064661,36.75453514739229,61.97296777992837,1,60,4,86,0.1707687402256266,0.12939034903475166,-0.03760006750179834,0.19720528636507173,0.20836880772742494,-0.06781493733032007,0.15670449304648607,-0.04375595039038463
2025-01-02,COST,top100,51.259202409400245,59.89630899918243,12.39547902494331,68.52690304983884,2,61,4,86,0.05016934669463202,-0.017663659264684717,-0.03760006750179834,0.19720528636507173,0.08776941419643036,-0.21486894562975645,0.036105099515491484,-0.190809958689821
2025-01-02,ACN,top100,51.00312330802845,48.983894660578144,53.587726757369616,59.96851694149828,0,62,4,86,-0.09720559510122972,-0.19766759989577587,-0.03760006750179834,0.19720528636507173,-0.059605527599431385,-0.3948728862608476,-0.11126984228037026,-0.37081389932091213
2025-01-02,IBM,top100,49.987727257536875,50.85812057845399,39.325751133786845,65.2189262586171,1,63,4,86,0.14580232923932557,0.4107712684317206,-0.03760006750179834,0.19720528636507173,0.1834023967411239,0.2135659820666489,0.13173808206018503,0.23762496900658434
2025-01-02,ISRG,top100,49.86324799971308,60.23481137321892,8.205428004535147,60.577944375528126,2,64,4,86,-0.052802320477835174,0.13132835906341245,-0.03760006750179834,0.19720528636507173,-0.015202252976036834,-0.06587692730165928,-0.06686656765697571,-0.04181794036172384
2025-01-02,UNH,top100,49.80533413643855,47.663075147172535,44.163123582766445,76.0855681686449,2,65,4,86,0.041318528950861744,-0.2912648558256491,-0.03760006750179834,0.19720528636507173,0.07891859645266008,-0.4884701421907208,0.02725428177172121,-0.46441115525078536
2025-01-02,SCHW,top100,49.5292779660628,46.24485699282804,49.87967229902714,71.81943611277742,0,66,4,86,0.05536303915935781,0.41980603761568847,-0.03760006750179834,0.19720528636507173,0.09296310666115615,0.22260075125061674,0.04129879198021727,0.24665973819055217
2025-01-02,VZ,top100,48.96345189920794,43.535043348598954,63.92361111111111,57.04199332966449,2,67,4,86,0.14857146047716618,0.07123992875448781,-0.03760006750179834,0.19720528636507173,0.18617152797896452,-0.12596535761058392,0.13450721329802565,-0.10190637067064848
2025-01-02,BAC,top100,48.88017593602962,44.04089147673267,57.87506400409626,64.76539101497502,1,68,4,86,-0.05730655663056694,0.3225550532576602,-0.03760006750179834,0.19720528636507173,-0.0197064891287686,0.12534976689258848,-0.07137080380970748,0.14940875383252392
2025-01-02,T,top100,47.89397573320718,45.35681447065523,51.227270215996,58.98751560549316,0,69,4,86,0.2633156013237372,0.11390208517054012,-0.03760006750179834,0.19720528636507173,0.30091566882553555,-0.0833032011945316,0.24925135414459668,-0.05924421425459617
2025-01-02,ABT,top100,47.48930885895568,46.814337718044676,46.855158730158735,53.48240710292667,0,70,5,86,0.16697011506031156,0.14775405492446425,-0.03760006750179834,0.19720528636507173,0.2045701825621099,-0.04945123144060748,0.15290586788117103,-0.02539224450067204
2025-01-02,CSCO,top100,46.32852941734611,48.247710710970196,36.399518140589564,52.75228291549061,2,71,5,86,0.05281027290032991,0.3127409251879414,-0.03760006750179834,0.19720528636507173,0.09041034040212825,0.11553563882286966,0.038746025721189375,0.1395946257628051
2025-01-02,TMO,top100,45.54857967721121,40.71599965436333,57.041879251700685,56.39004068816739,0,72,5,86,-0.07499769575632409,0.19202229468803989,-0.03760006750179834,0.19720528636507173,-0.03739762825452575,-0.005182991677031845,-0.08906194293546463,0.018875995262903594
2025-01-02,LOW,top100,45.20742885395755,38.4775590961158,52.91843820861678,76.89449844953138,0,73,5,86,-0.048374629072340136,0.018006689804863196,-0.03760006750179834,0.19720528636507173,-0.010774561570541796,-0.17919859656020853,-0.062438876251480674,-0.1551396096202731
2025-01-02,ADI,top100,44.07097006107023,48.92070518743035,19.119543650793652,60.025676997102586,4,74,5,86,-0.05348169139840253,0.40890002814468307,-0.03760006750179834,0.19720528636507173,-0.01588162389660419,0.21169474177961134,-0.06754593857754307,0.23575372871954678
2025-01-02,C,top100,43.204719186274694,37.92972497512967,54.08163265306123,58.3758517307168,2,75,5,86,0.015563958561743307,0.8000954661058031,-0.03760006750179834,0.19720528636507173,0.05316402606354165,0.6028901797407313,0.0014997113826027732,0.6269491666806668
2025-01-02,HD,top100,42.83036618627288,39.63051218480041,39.357993197278915,72.17409017456815,2,76,5,86,-0.05308241842520334,-0.07841661475140926,-0.03760006750179834,0.19720528636507173,-0.015482350923404997,-0.275621901116481,-0.06714666560434387,-0.2515629141765455
2025-01-02,CMCSA,top100,41.76705587877705,22.6120605041421,95.91305272108843,67.56002981659897,0,77,5,86,-0.010456095756470662,-0.1886057413359612,-0.03760006750179834,0.19720528636507173,0.027143971745327677,-0.3858110277010329,-0.024520342935611197,-0.36175204076109746
2025-01-02,DIS,top100,41.00523841816203,33.8924006460747,55.96154205195052,60.882495555196385,0,78,5,86,-0.11857109761120255,0.04527168157213457,-0.03760006750179834,0.19720528636507173,-0.08097103010940421,-0.15193360479293716,-0.13263534479034308,-0.12787461785300172
2025-01-02,TXN,top100,40.71713817573385,42.51224683775682,18.872590702947846,71.84047248714514,3,79,5,86,-0.040886544317950135,0.06090892805700032,-0.03760006750179834,0.19720528636507173,-0.0032864768161517954,-0.1362963583080714,-0.05495079149709067,-0.11223737136813597
2025-01-02,PLD,top100,40.07849178972717,26.365918451902225,75.82164115646259,64.5802064210309,0,80,5,86,0.07847952661958013,0.2660697302187478,-0.03760006750179834,0.19720528636507173,0.11607959412137847,0.06886444385367607,0.0644152794404396,0.09292343079361151
2025-01-02,AMD,top100,39.33092582175681,38.874930484932676,30.59237241151967,60.0,3,81,5,86,-0.14797314100969905,0.7769211638895797,-0.03760006750179834,0.19720528636507173,-0.11037307350790071,0.5797158775245079,-0.1620373881888396,0.6037748644644434
2025-01-02,MDLZ,top100,38.931524041281946,22.657724425655992,85.45634920634919,59.79847102052916,0,82,5,86,0.14491910241149752,-0.08578583079839541,-0.03760006750179834,0.19720528636507173,0.18251916991329586,-0.28299111716346714,0.130854855232357,-0.2589321302235317
2025-01-02,DHR,top100,38.009286661460294,38.15839908184721,27.633219954648528,57.717633132375425,3,83,5,86,-0.1266888519720092,0.03596991968086938,-0.03760006750179834,0.19720528636507173,-0.08908878447021085,-0.16123536668420235,-0.14075309915114972,-0.1371763797442669
2025-01-02,CVX,top100,35.27454536033545,21.97885855705553,71.85338718820861,55.18666932754853,1,84,5,86,0.16133192181311928,0.11646581340074214,-0.03760006750179834,0.19720528636507173,0.19893198931491762,-0.0807394729643296,0.14726767463397875,-0.056680486024394156
2025-01-02,SBUX,top100,28.43672743746808,12.962095178590022,61.524589002267575,70.58343012001546,0,85,5,86,0.07153297915166501,-0.0036332915648442654,-0.03760006750179834,0.19720528636507173,0.10913304665346335,-0.200838577929916,0.05746873197252447,-0.17677959098998056
2025-01-02,PFE,top100,22.385731426414917,9.291090328598553,48.48674387595414,61.84619421205103,3,86,5,86,-0.06254290872413826,0.024804420975903296,-0.03760006750179834,0.19720528636507173,-0.024942841222339918,-0.17240086538916843,-0.0766071559032788,-0.148341878449233
2025-04-01,META,top100,82.03605578759465,89.44981732215774,51.69784580498866,90.81614501086501,0,1,1,86,0.22828232984057717,-0.016634326331543714,0.10429420792607202,0.18250211953643158,0.12398812191450514,-0.1991364458679753,0.1604032045251072,-0.1667084724997532
2025-04-01,KLAC,top100,75.24465492532835,84.99677627337202,41.672335600907026,74.12444413786527,0,2,1,86,0.3202436591495017,1.2394560883708405,0.10429420792607202,0.18250211953643158,0.21594945122342968,1.056953968834409,0.25236453383403173,1.089381942202631
2025-04-01,UBER,top100,72.26803676938883,79.41328175370728,47.290249433106574,72.20689655172416,2,3,1,86,0.2622277024249897,-0.015755582956569314,0.10429420792607202,0.18250211953643158,0.1579334944989177,-0.1982577024930009,0.19434857710951975,-0.1658297291247788
2025-04-01,JPM,top100,71.11229261682134,75.80485708145281,52.68826347743399,75.11239964317573,0,4,1,86,0.19920696269333305,0.23385297560249518,0.10429420792607202,0.18250211953643158,0.09491275476726102,0.0513508560660636,0.13132783737786308,0.08377882943428569
2025-04-01,MA,top100,70.78586210698073,87.15559853857727,18.59318996415771,60.58305137145115,0,5,1,86,0.030984821932073414,-0.09520518771808295,0.10429420792607202,0.18250211953643158,-0.07330938599399861,-0.27770730725451453,-0.036894303383396554,-0.24527933388629244
2025-04-01,NOW,top100,70.7763098807098,75.772619815173,50.58673469387755,76.18129071313193,1,6,1,86,0.24684558134949963,-0.3715806594706491,0.10429420792607202,0.18250211953643158,0.1425513734234276,-0.5540827790070807,0.17896645603402966,-0.5216548056388586
2025-04-01,PANW,top100,70.37842216472396,78.5063399957017,39.39811242707543,75.4436168231768,3,7,1,86,0.1533477321814256,-0.047282703870176856,0.10429420792607202,0.18250211953643158,0.04905352425535359,-0.22978482340660844,0.08546860686595564,-0.19735685003838635
2025-04-01,GS,top100,70.00702131933028,70.78444014614227,59.3810803891449,85.81697139201714,0,8,1,86,0.29452328199213484,0.6061983249851834,0.10429420792607202,0.18250211953643158,0.19022907406606282,0.42369620544875186,0.22664415667666488,0.456124178816974
2025-04-01,GOOGL,top100,69.43555525297178,66.75908016333548,74.99100466632935,77.05998205371068,0,9,1,86,0.12085652896727694,0.889575669419119,0.10429420792607202,0.18250211953643158,0.01656232104120492,0.7070735498826874,0.052977403651806976,0.7395015232509096
2025-04-01,MSFT,top100,69.35339948732954,73.81904147861596,59.42460317460318,57.951498173777374,0,10,1,86,0.2898120609759489,-0.01536125880364414,0.10429420792607202,0.18250211953643158,0.1855178530498769,-0.19786337834007572,0.22193293566047895,-0.16543540497185363
2025-04-01,NFLX,top100,68.26273939697933,79.96561358263486,24.146825396825395,74.57444809769846,0,11,1,86,0.393394946035029,0.06271138973265256,0.10429420792607202,0.18250211953643158,0.289100738108957,-0.11979072980377903,0.32551582071955903,-0.08736275643555694
2025-04-01,PGR,top100,67.7805603086142,76.06275521169138,45.21377368151561,54.93876924127103,0,12,1,86,-0.0699851807643097,-0.26836050068247963,0.10429420792607202,0.18250211953643158,-0.17427938869038173,-0.4508626202189112,-0.13786430607977967,-0.4184346468506891
2025-04-01,MCD,top100,67.24378147389915,61.86868686868687,91.28968253968253,56.777641578818326,0,13,1,86,-0.046082242039767185,0.0019617980270880686,0.10429420792607202,0.18250211953643158,-0.1503764499658392,-0.18054032150934352,-0.11396136735523715,-0.14811234814112142
2025-04-01,BLK,top100,66.21729457098505,68.81796690307328,52.79816765415843,74.85084208002067,0,14,1,86,0.12263117326732131,0.04491119583663572,0.10429420792607202,0.18250211953643158,0.01833696534124929,-0.13759092369979586,0.054752047951851346,-0.10516295033157377
2025-04-01,AXP,top100,65.55976940766512,68.80077369439071,46.76569014702655,80.46089792186307,0,15,1,86,0.19639465053397687,0.12516077188546038,0.10429420792607202,0.18250211953643158,0.09210044260790484,-0.05734134765097121,0.1285155252185069,-0.024913374282749118
2025-04-01,BX,top100,65.27678615194336,72.44788308618095,32.54279131007241,80.54709729602214,0,16,1,86,0.07735912019892388,-0.1813807135980533,0.10429420792607202,0.18250211953643158,-0.026935087727148144,-0.3638828331344849,0.009479994883453913,-0.33145485976626277
2025-04-01,CRM,top100,65.24003883394262,63.86202450032236,63.365855113975414,78.6345066092189,0,17,1,86,0.009507709991257496,-0.3027314916216909,0.10429420792607202,0.18250211953643158,-0.09478649793481453,-0.48523361115812247,-0.05837141532421247,-0.45280563778990035
2025-04-01,ADP,top100,64.49205456367346,73.25811304534709,36.50793650793651,59.09788130343201,0,18,1,86,0.016766587323195692,-0.317738926733538,0.10429420792607202,0.18250211953643158,-0.08752762060287633,-0.5002410462699696,-0.051112537992274276,-0.46781307290174745
2025-04-01,PM,top100,63.63081788782102,76.26262626262626,25.84467120181406,50.78045263619835,1,19,2,86,0.13142250334489902,0.03549885553602272,0.10429420792607202,0.18250211953643158,0.027128295418826998,-0.14700326400040886,0.06354337802942905,-0.11457529063218677
2025-04-01,MS,top100,63.315813671366605,62.54459488502042,55.049466022968325,85.24704047258643,0,20,2,86,0.228632748843262,0.471053077653681,0.10429420792607202,0.18250211953643158,0.12433854091718999,0.2885509581172494,0.16075362352779204,0.3209789314854715
2025-04-01,AMGN,top100,63.30287042785854,67.31678486997636,49.393424036281175,63.02436211618854,3,21,2,86,-0.04506914473175616,0.16921566951382605,0.10429420792607202,0.18250211953643158,-0.14936335265782819,-0.013286450022605534,-0.11294827004722613,0.019141523345616557
2025-04-01,CAT,top100,63.00654432851317,59.87105093488073,72.93083900226758,65.10640873643143,0,22,2,86,0.18825749728576135,1.1995001552972364,0.10429420792607202,0.18250211953643158,0.08396328935968933,1.0169980357608048,0.12037837197029139,1.0494260091290268
2025-04-01,LLY,top100,61.19590012918024,71.58070062325382,24.109977324263035,62.674142280499645,2,23,2,86,-0.03444895514700563,0.1704820918470631,0.10429420792607202,0.18250211953643158,-0.13874316307307766,-0.012020027689368495,-0.1023280804624756,0.020407945678853595
2025-04-01,CB,top100,60.63702119264798,62.609069417580066,58.58733816107088,50.93204968127751,0,24,2,86,-0.03595126963669937,0.09624126178603865,0.10429420792607202,0.18250211953643158,-0.1402454775627714,-0.08626085775039294,-0.10383039495216934,-0.05383288438217085
2025-04-01,TJX,top100,60.319303653118254,69.17472598323663,35.35997732426304,48.25,0,25,2,86,0.023195910520216634,0.33032444224556134,0.10429420792607202,0.18250211953643158,-0.08109829740585539,0.14782232270912976,-0.044683214795253334,0.18025029607735185
2025-04-01,AAPL,top100,60.06234657750538,68.36771975069847,29.43310657596372,63.1832143682371,0,26,2,86,-0.06764413124544688,0.15164390403993044,0.10429420792607202,0.18250211953643158,-0.1719383391715189,-0.03085821549650114,-0.13552325656091685,0.0015697578717209504
2025-04-01,ISRG,top100,59.99147590108325,67.22329679776489,23.03571428571429,83.28025285504978,1,27,2,86,0.08387057780643081,-0.08922959142557829,0.10429420792607202,0.18250211953643158,-0.020423630119641212,-0.2717317109620099,0.015991452490960845,-0.23930373759378779
2025-04-01,ADBE,top100,59.50693868778974,51.96002578981302,85.67460317460316,60.0,1,28,2,86,0.0232254697286014,-0.3660751565762004,0.10429420792607202,0.18250211953643158,-0.08106873819747062,-0.548577276112632,-0.04465365558686857,-0.5161493027444098
2025-04-01,FISV,top100,59.18392483398221,65.9144637868042,33.769841269841265,62.89831929251017,0,29,2,86,-0.22219719832439977,-0.7470384216927166,0.10429420792607202,0.18250211953643158,-0.3264914062504718,-0.9295405412291482,-0.29007632363986974,-0.8971125678609261
2025-04-01,TMUS,top100,58.92677918644041,62.918547173866315,47.0436507936508,54.75066006003833,0,30,2,86,-0.09733581874329522,-0.2372044729719327,0.10429420792607202,0.18250211953643158,-0.20163002666936725,-0.4197065925083643,-0.1652149440587652,-0.38727861914014217
2025-04-01,QCOM,top100,57.99765201214133,50.69417580055878,72.57369614512471,79.96989722725243,0,31,2,86,0.04774571966108199,-0.15210082786059975,0.10429420792607202,0.18250211953643158,-0.05654848826499004,-0.33460294739703134,-0.02013340565438798,-0.3021749740288092
2025-04-01,LRCX,top100,57.83337232011065,55.78766387277026,54.96598639455783,77.88810330259899,0,32,2,86,0.332567467688313,2.021287374012795,0.10429420792607202,0.18250211953643158,0.228273259762241,1.8387852544763634,0.26468834237284306,1.8712132278445854
2025-04-01,MRK,top100,57.68271086101278,46.036965398667526,95.54421768707483,63.47991544530545,0,33,2,86,-0.051549133779023815,0.43779503031174394,0.10429420792607202,0.18250211953643158,-0.15584334170509584,0.25529291077531235,-0.11942825909449378,0.28772088414353447
2025-04-01,GILD,top100,57.129214510840015,64.89146787019126,26.790189760114572,63.471490496832274,3,34,2,86,0.011173739437273733,0.28886433280713164,0.10429420792607202,0.18250211953643158,-0.09312046848879829,0.10636221327070006,-0.056705385878196235,0.13879018663892215
2025-04-01,ACN,top100,56.991229954039596,49.479905437352244,74.92913832199547,73.69468483493935,0,35,2,86,-0.03016588475375004,-0.35155214535165047,0.10429420792607202,0.18250211953643158,-0.13446009267982206,-0.534054264888082,-0.09804501006922,-0.5016262915198599
2025-04-01,SPGI,top100,56.75677454847876,60.64044702342575,40.6963934413607,61.69182943808589,0,36,3,86,0.03822637914972771,-0.14919512494599318,0.10429420792607202,0.18250211953643158,-0.06606782877634432,-0.33169724448242477,-0.02965274616574226,-0.29926927111420265
2025-04-01,ICE,top100,56.69654919381099,63.44723834085536,33.558719186599376,55.71738517892362,0,37,3,86,0.06332026029228088,-0.03845996694532006,0.10429420792607202,0.18250211953643158,-0.04097394763379114,-0.22096208648175164,-0.004558865023189085,-0.18853411311352955
2025-04-01,BSX,top100,56.67566295396097,66.39157532774554,20.974536216471698,60.066529812447534,1,38,3,86,0.03496641643619136,-0.3794942710391149,0.10429420792607202,0.18250211953643158,-0.06932779148988066,-0.5619963905755465,-0.03291270887927861,-0.5295684172073244
2025-04-01,NEE,top100,56.63013077641984,50.04083387062111,76.2641723356009,63.48712599864888,0,39,3,86,0.038509770750964956,0.35251331035488875,0.10429420792607202,0.18250211953643158,-0.06578443717510707,0.17001119081845717,-0.029369354564505012,0.20243916418667926
2025-04-01,AMZN,top100,56.393773524704486,53.89211261551687,52.11826660780785,82.4564137228111,0,40,3,86,0.1472134047978353,0.09158557527189481,0.10429420792607202,0.18250211953643158,0.042919196871763265,-0.09091654426453677,0.07933427948236532,-0.05848857089631468
2025-04-01,VZ,top100,56.28217447354986,51.190629701268,73.56292517006803,57.36148648648647,0,41,3,86,-0.02199963054426657,0.16311227565286734,0.10429420792607202,0.18250211953643158,-0.1262938384703386,-0.01938984388356424,-0.08987875585973654,0.013038129484657851
2025-04-01,JNJ,top100,55.714429164942224,52.030947775628626,64.0986394557823,64.73037830845725,1,42,3,86,0.0261449959936495,0.6300918274517033,0.10429420792607202,0.18250211953643158,-0.07814921193242252,0.44758970791527175,-0.04173412932182047,0.48001768128349387
2025-04-01,HON,top100,55.5713900708782,53.80829572318934,57.636054421768705,63.78372180291926,0,43,3,86,0.12433831176123067,0.16498386364413098,0.10429420792607202,0.18250211953643158,0.020044103835158644,-0.017518255892300605,0.0564591864457607,0.014909717475921486
2025-04-01,MRSH,top100,54.97432637376388,66.31205673758865,27.47448979591837,30.609886982681516,0,44,3,86,-0.10425788646956657,-0.2719741998893245,0.10429420792607202,0.18250211953643158,-0.2085520943956386,-0.45447631942575606,-0.17213701178503654,-0.42204834605753394
2025-04-01,WFC,top100,54.58528386681712,50.95422308188266,57.583571062833734,74.00613496932516,0,45,3,86,0.14902611518506714,0.15481145474044222,0.10429420792607202,0.18250211953643158,0.04473190725899512,-0.02769066479598936,0.08114698986959717,0.004737308572232729
2025-04-01,SYK,top100,53.68272641494503,59.993552546744034,25.839002267573694,65.1943917870947,0,46,3,86,0.06506461851536871,-0.10329931921134383,0.10429420792607202,0.18250211953643158,-0.039229589410703314,-0.2858014387477754,-0.0028145068001012574,-0.2533734653795533
2025-04-01,INTU,top100,53.68127084508232,52.965828497743395,50.881519274376416,64.28887041786656,1,47,3,86,0.27239675529508856,-0.30700399927745603,0.10429420792607202,0.18250211953643158,0.16810254736901653,-0.4895061188138876,0.2045176299796186,-0.4570781454456655
2025-04-01,BAC,top100,53.20271070684056,47.433913604126374,69.01735425352936,61.955003332462255,0,48,3,86,0.16735926618479335,0.2169351164139861,0.10429420792607202,0.18250211953643158,0.06306505825872133,0.03443299687755452,0.09948014086932339,0.06686097024577661
2025-04-01,SCHW,top100,53.07822707171323,50.79518590156888,55.02514446638871,65.16568047337276,0,49,3,86,0.17757977893043897,0.2221413260500542,0.10429420792607202,0.18250211953643158,0.07328557100436695,0.03963920651362263,0.109700653614969,0.07206717988184472
2025-04-01,WMT,top100,52.937231343462344,57.13518160326671,24.57199546485261,80.28205128205127,0,50,3,86,0.1086070552325682,0.42864068090853213,0.10429420792607202,0.18250211953643158,0.00431284730649617,0.24613856137210055,0.04072792991709823,0.27856653474032267
2025-04-01,C,top100,52.59268019427635,45.338491295938105,63.021541950113374,82.51427897097,0,51,3,86,0.232773574568651,0.6762961037206112,0.10429420792607202,0.18250211953643158,0.12847936664257897,0.49379398418417964,0.16489444925318103,0.5262219575524018
2025-04-01,PG,top100,51.66421191326243,53.595529765742526,45.26643990929705,50.940530953832514,0,52,3,86,-0.048869134642959056,-0.1378543489200692,0.10429420792607202,0.18250211953643158,-0.15316334256903108,-0.3203564684565008,-0.11674825995842902,-0.28792849508827867
2025-04-01,GE,top100,51.4777702019546,58.317214700193425,23.914214142915643,58.728770832360794,2,53,4,86,0.22194447819520047,0.3869585102778461,0.10429420792607202,0.18250211953643158,0.11765027026912844,0.20445639074141453,0.1540653528797305,0.23688436410963662
2025-04-01,ABBV,top100,51.303832318197365,58.62024500322373,21.181972789115648,60.33266258117625,3,54,4,86,-0.07041326182746999,0.046424028412386686,0.10429420792607202,0.18250211953643158,-0.174707469753542,-0.1360780911240449,-0.13829238714293995,-0.10365011775582281
2025-04-01,COST,top100,50.89761583130416,58.826563507414576,12.610544217687076,71.96912532576539,2,55,4,86,0.03441390373913378,0.06928167177611844,0.10429420792607202,0.18250211953643158,-0.06988030418693825,-0.11322044776031315,-0.03346522157633619,-0.08079247439209106
2025-04-01,ABT,top100,49.6057380322799,54.14786159467011,27.256235827664398,62.50987750477944,1,56,4,86,0.03949544057220411,-0.20418992245327083,0.10429420792607202,0.18250211953643158,-0.06479876735386791,-0.3866920419897024,-0.028383684743265858,-0.3542640686214803
2025-04-01,HD,top100,49.5326527053211,46.499032882011605,53.24546485260771,63.34236717391434,1,57,4,86,0.02724631888444584,-0.09783360634596372,0.10429420792607202,0.18250211953643158,-0.07704788904162618,-0.2803357258823953,-0.04063280643102413,-0.2479077525141732
2025-04-01,CSCO,top100,49.350736078475634,50.84031807436063,37.244897959183675,63.13533834586467,2,58,4,86,0.12558793815191716,0.31680583154359265,0.10429420792607202,0.18250211953643158,0.02129373022584513,0.13430371200716107,0.05770881283644719,0.16673168537538316
2025-04-01,UNH,top100,49.23553427329233,46.67096496883731,49.909297052154194,65.83999384675377,2,59,4,86,-0.3721225869719962,-0.45504217270319425,0.10429420792607202,0.18250211953643158,-0.4764167948980682,-0.6375442922396258,-0.44000171228746615,-0.6051163188714037
2025-04-01,LIN,top100,49.192182857769495,52.3920051579626,38.40419501133787,48.36940244928102,0,60,4,86,0.023936653441441136,0.09053776177473094,0.10429420792607202,0.18250211953643158,-0.08035755448463089,-0.09196435776170064,-0.04394247187402883,-0.05953638439347855
2025-04-01,LMT,top100,48.601424167104305,40.49108102299592,66.17063492063492,70.23540466880176,1,61,4,86,0.04571480121715643,0.42609804182126343,0.10429420792607202,0.18250211953643158,-0.05857940670891559,0.24359592228483185,-0.022164324098313537,0.27602389565305396
2025-04-01,RTX,top100,48.32576280184591,52.2394154309048,31.852731191486498,53.87625761915251,0,62,4,86,0.09089247554790214,0.5018604647575922,0.10429420792607202,0.18250211953643158,-0.013401732378169884,0.3193583452211606,0.023013350232432173,0.3517863185893827
2025-04-01,DE,top100,47.9830753439997,45.248226950354606,49.94047619047619,63.21221240656246,2,63,4,86,0.06587809902222674,0.21905160010929037,0.10429420792607202,0.18250211953643158,-0.03841610890384528,0.036549480572858783,-0.0020010262932432243,0.06897745394108087
2025-04-01,XOM,top100,47.959959321513104,46.56350741457125,51.04946145124717,51.55611841063795,0,64,4,86,-0.0738731615575341,0.39626359461287053,0.10429420792607202,0.18250211953643158,-0.17816736948360612,0.21376147507643894,-0.14175228687300406,0.24618944844466104
2025-04-01,AMAT,top100,47.86997635933807,39.33806146572105,71.66666666666667,60.0,1,65,4,86,0.26515532314323154,1.4137544155873005,0.10429420792607202,0.18250211953643158,0.1608611152171595,1.231252296050869,0.19727619782776157,1.263680269419091
2025-04-01,MDT,top100,47.77027245972534,38.92757360842467,70.04251700680271,65.12467532467534,0,66,4,86,0.011269769745627434,0.010095614801882036,0.10429420792607202,0.18250211953643158,-0.09302443818044459,-0.17240650473454955,-0.056609355569842534,-0.13997853136632746
2025-04-01,KO,top100,47.102967942056004,55.362131957876635,19.489795918367346,44.51516387868895,1,67,4,86,0.004308531179932462,0.09842904324670165,0.10429420792607202,0.18250211953643158,-0.09998567674613956,-0.08407307628972993,-0.0635705941355375,-0.05164510292150784
2025-04-01,REGN,top100,46.92255709504949,37.60154738878143,73.00736961451247,60.0,1,68,4,86,-0.13176633021114603,0.24151106790247012,0.10429420792607202,0.18250211953643158,-0.23606053813721806,0.05900894836603854,-0.199645455526616,0.09143692173426063
2025-04-01,LOW,top100,46.50951027802076,39.39393939393939,62.70124716553289,63.93503269156609,0,69,4,86,-0.01779152704253051,0.007162977122283198,0.10429420792607202,0.18250211953643158,-0.12208573496860253,-0.17533914241414839,-0.08567065235800048,-0.1429111690459263
2025-04-01,IBM,top100,46.33030558570236,48.00451321727917,33.08956916099773,61.092325014073936,1,70,5,86,0.1709589082062719,0.015933968028224443,0.10429420792607202,0.18250211953643158,0.06666470028019988,-0.16656815150820714,0.10307978289080194,-0.13414017813998505
2025-04-01,SBUX,top100,46.323141438465804,40.90909090909091,47.56235827664399,81.7430614677337,0,71,5,86,-0.026894169490520925,-0.05463179127254414,0.10429420792607202,0.18250211953643158,-0.13118837741659295,-0.23713391080897572,-0.0947732948059909,-0.20470593744075363
2025-04-01,ADI,top100,45.317740339316565,48.34730281538792,23.494897959183675,67.75648776708292,4,72,5,86,0.21365388302677268,0.6226372242723395,0.10429420792607202,0.18250211953643158,0.10935967510070066,0.4401351047359079,0.14577475771130272,0.47256307810413
2025-04-01,T,top100,44.92320589294759,46.44530410487857,47.103078519543416,29.90877315623907,1,73,5,86,0.02480709760710953,0.03829900621490978,0.10429420792607202,0.18250211953643158,-0.0794871103189625,-0.1442031133215218,-0.04307202770836044,-0.11177513995329971
2025-04-01,DIS,top100,43.478653194291276,31.388351601117563,70.13756500604234,74.79294072300513,0,74,5,86,0.2696217754224426,-1.5645061532065796e-05,0.10429420792607202,0.18250211953643158,0.16532756749637056,-0.18251776459796365,0.20174265010697262,-0.15008979122974156
2025-04-01,CVX,top100,42.63195113998211,37.03632065334193,58.76629818594104,49.53267045454548,0,75,5,86,-0.1256122666064,0.23389704893650753,0.10429420792607202,0.18250211953643158,-0.22990647453247204,0.05139492940007595,-0.19349139192186998,0.08382290276829804
2025-04-01,UNP,top100,42.350320124103696,34.94734579840963,62.13151927437643,54.608742103416695,0,76,5,86,-0.000728285773933357,0.05612638264247871,0.10429420792607202,0.18250211953643158,-0.10502249370000538,-0.12637573689395287,-0.06860741108940333,-0.09394776352573078
2025-04-01,COP,top100,42.30656718891996,32.08252740167634,57.53464348702444,83.41869310341644,0,77,5,86,-0.1197178683073592,0.28086673785976823,0.10429420792607202,0.18250211953643158,-0.22401207623343122,0.09836461832333665,-0.18759699362282917,0.13079259169155874
2025-04-01,PLD,top100,41.24536760949728,28.379540081667745,76.39739229024943,61.00211094279973,0,78,5,86,-0.03456776269030781,0.24196779261586787,0.10429420792607202,0.18250211953643158,-0.13886197061637984,0.05946567307943629,-0.10244688800577778,0.09189364644765838
2025-04-01,CMCSA,top100,41.0872677032944,21.717171717171716,96.34637188208617,66.15973124856963,0,79,5,86,-0.0016504465823035108,-0.14516174066272247,0.10429420792607202,0.18250211953643158,-0.10594465450837554,-0.32766386019915406,-0.06952957189777348,-0.29523588683093194
2025-04-01,MDLZ,top100,39.87303697678525,24.704491725768317,81.84240362811792,62.11412043123848,0,80,5,86,0.026482660895950083,-0.12112036102917956,0.10429420792607202,0.18250211953643158,-0.07781154703012194,-0.30362248056561114,-0.041396464419519885,-0.271194507197389
2025-04-01,TXN,top100,39.829495255518275,41.63335482484418,23.387188208616777,60.08709236403995,3,81,5,86,0.19245726450688183,0.12940909208008677,0.10429420792607202,0.18250211953643158,0.0881630565808098,-0.05309302745634481,0.12457813919141186,-0.02066505408812272
2025-04-01,PFE,top100,37.19570675602921,22.77670320223512,74.86421505221807,62.791715040210136,0,82,5,86,0.0398403312719251,0.23779881378612,0.10429420792607202,0.18250211953643158,-0.06445387665414692,0.055296694249688416,-0.028038794043544868,0.0877246676179105
2025-04-01,TMO,top100,33.27404078415673,20.31162690737159,66.13945578231292,58.28010792534038,0,83,5,86,-0.12643267615595433,0.021322918346014186,0.10429420792607202,0.18250211953643158,-0.23072688408202635,-0.1611792011904174,-0.1943118014714243,-0.1287512278221953
2025-04-01,PEP,top100,30.151914241036167,11.931012250161189,78.18310657596372,61.63584350730586,1,84,5,86,-0.0863628008383126,0.09106251787588704,0.10429420792607202,0.18250211953643158,-0.19065700876438463,-0.09143960166054454,-0.15424192615378257,-0.059011628292322454
2025-04-01,AMD,top100,29.86902348626235,22.477971201375457,40.67221822649765,60.0,2,85,5,86,0.32428488032691205,1.1161704611792178,0.10429420792607202,0.18250211953643158,0.21999067240084003,0.9336683416427862,0.2564057550114421,0.9660963150110083
2025-04-01,DHR,top100,29.310844474944254,17.077154523963035,55.719954648526084,62.12845378464911,0,86,5,86,0.005139811637584701,-0.03968752281521504,0.10429420792607202,0.18250211953643158,-0.09915439628848732,-0.22218964235164662,-0.06273931367788527,-0.18976166898342453
2025-07-01,MA,top100,69.4133668901805,84.73135611433483,20.945797673908274,59.12258075364465,0,1,1,70,0.008801917069744425,-0.039025068385195594,0.08156233978063154,0.21918959038189412,-0.07276042271088712,-0.2582146587670897,-0.012771994648021614,-0.14431211434118946
2025-07-01,UBER,top100,69.28924799576913,81.07242639157532,35.8087679516251,53.76795931341385,2,2,1,70,0.06338868989471402,-0.19211983067404748,0.08156233978063154,0.21918959038189412,-0.01817364988591752,-0.4113094210559416,0.04181477817694798,-0.29740687663004134
2025-07-01,PGR,top100,68.45852040344585,72.38340855362132,59.158529002999046,59.58428615311104,0,3,1,70,-0.0652822986179834,-0.06392910337210445,0.08156233978063154,0.21918959038189412,-0.14684463839861495,-0.28311869375399856,-0.08685621033574945,-0.1692161493280983
2025-07-01,GOOGL,top100,67.91783462989486,68.1839673329035,65.87163377747794,70.1473074136682,0,4,1,70,0.3837429348868211,1.0526425121214058,0.08156233978063154,0.21918959038189412,0.30218059510618955,0.8334529217395117,0.3621690231690551,0.947355466165412
2025-07-01,PANW,top100,65.5046911347632,76.98474102729422,32.889473048102495,50.374778060367554,3,5,1,70,0.03056989573843505,0.7616155481324021,0.08156233978063154,0.21918959038189412,-0.050992444042196494,0.542425957750508,0.00899598402066901,0.6563285021764083
2025-07-01,JPM,top100,65.406235005335,75.9638942617666,45.89212566747129,30.53083888604131,1,6,1,70,0.09138682538277654,0.174115094098112,0.08156233978063154,0.21918959038189412,0.009824485602144994,-0.04507449628378213,0.0698129136650105,0.06882804814211814
2025-07-01,GILD,top100,65.20170628654286,70.98001289490651,50.717866093805945,53.721240413471136,0,7,1,70,0.0003654953977885178,0.20549198160033733,0.08156233978063154,0.21918959038189412,-0.08119684438284303,-0.013697608781556792,-0.02120841631997752,0.10020493564434348
2025-07-01,NFLX,top100,64.36207653451324,80.17837954008166,13.140589569160998,56.09092942623868,2,8,1,70,-0.07319109461966622,-0.39973716759431044,0.08156233978063154,0.21918959038189412,-0.15475343440029776,-0.6189267579762046,-0.09476500633743226,-0.5050242135503042
2025-07-01,INTU,top100,64.27491928700368,75.177304964539,32.363945578231295,51.780166961801164,1,9,1,70,-0.12285102375311929,-0.6439367440729553,0.08156233978063154,0.21918959038189412,-0.20441336353375084,-0.8631263344548494,-0.14442493547088534,-0.7492237900289491
2025-07-01,CRM,top100,62.54387909331321,60.1826778422523,64.17642983119174,75.80718637498254,0,10,1,70,-0.1268700308833025,-0.38392874031211155,0.08156233978063154,0.21918959038189412,-0.20843237066393405,-0.6031183306940057,-0.14844394260106855,-0.4892157862681054
2025-07-01,GS,top100,62.364527711573125,70.34816247582205,50.00649184404945,31.195156096878037,0,11,1,70,0.13327446803570808,0.47432742648851334,0.08156233978063154,0.21918959038189412,0.05171212825507654,0.2551378361066192,0.11170055631794204,0.3690403805325195
2025-07-01,JNJ,top100,61.98736735294875,56.95465291209972,82.3185941043084,56.55391493617273,1,12,1,70,0.19792815872885838,0.7291709331807736,0.08156233978063154,0.21918959038189412,0.11636581894822684,0.5099813427988795,0.17635424701109234,0.6238838872247798
2025-07-01,ADP,top100,61.94525475297127,68.79217709004942,38.452380952380956,61.00254599460493,0,13,1,70,-0.04870708539606006,-0.19710245021783313,0.08156233978063154,0.21918959038189412,-0.1302694251766916,-0.41629204059972724,-0.0702809971138261,-0.302389496173827
2025-07-01,ADBE,top100,61.69768755184751,53.01310982162046,84.36791383219955,77.14927910273282,0,14,1,70,-0.10035705177250709,-0.43963274674827857,0.08156233978063154,0.21918959038189412,-0.18191939155313863,-0.6588223371301727,-0.12193096349027313,-0.5449197927042724
2025-07-01,ISRG,top100,60.506795155199406,71.47646679561574,19.702380952380956,65.32792207792207,1,15,2,70,-0.16870202048365213,-0.20814513280916003,0.08156233978063154,0.21918959038189412,-0.25026436026428367,-0.42733472319105414,-0.19027593220141817,-0.3134321787651539
2025-07-01,TMUS,top100,60.45371266442878,59.069417580055884,62.874149659863946,65.3029042641687,0,16,2,70,-0.005326222086446619,-0.2511072075627008,0.08156233978063154,0.21918959038189412,-0.08688856186707816,-0.4702967979445949,-0.026900133804212658,-0.35639425351869464
2025-07-01,MCD,top100,60.1794623865789,51.515151515151516,93.11507936507937,54.95840452956971,0,17,2,70,0.027312738975196593,-0.033785505815156935,0.08156233978063154,0.21918959038189412,-0.05424960080543495,-0.25297509619705105,0.0057388272574305545,-0.1390725517711508
2025-07-01,MS,top100,59.51545964842127,67.20180528691166,47.195066198522426,30.351827078786187,1,18,2,70,0.13464514508961156,0.5530837017268264,0.08156233978063154,0.21918959038189412,0.05308280530898002,0.3338941113449323,0.11307123337184552,0.44779665577083255
2025-07-01,PM,top100,59.31034115865387,69.6969696969697,23.205782312925173,58.81305908190046,1,19,2,70,-0.0863515699967079,0.06388318822916905,0.08156233978063154,0.21918959038189412,-0.16791390977733944,-0.15530640215272506,-0.10792548171447394,-0.0414038577268248
2025-07-01,MRSH,top100,59.296862393086165,58.37954008166774,58.59565869358495,67.12052597201759,0,20,2,70,-0.07084311612784844,-0.16466807507540004,0.08156233978063154,0.21918959038189412,-0.15240545590847998,-0.38385766545729416,-0.09241702784561448,-0.2699551210313939
2025-07-01,ACN,top100,58.86289331046915,50.67053513862025,83.78117913832199,66.37282885770577,0,21,2,70,-0.18104126162915235,-0.539992285645335,0.08156233978063154,0.21918959038189412,-0.2626036014097839,-0.7591818760272291,-0.2026151733469184,-0.6452793316013288
2025-07-01,BLK,top100,58.296075053991856,68.19041478615947,40.05156901470266,25.524709007397036,1,22,2,70,0.11107593674113914,-0.03573698773194589,0.08156233978063154,0.21918959038189412,0.029513596960507593,-0.25492657811384,0.0895020250233731,-0.14102403368793975
2025-07-01,AXP,top100,58.24430857778254,70.22566086395874,34.285439982444586,22.29257976522512,1,23,2,70,0.03245767530700916,0.10570413398133272,0.08156233978063154,0.21918959038189412,-0.049104664473622384,-0.1134854564005614,0.01088376358924312,0.0004170880253388659
2025-07-01,SCHW,top100,58.16504768804765,63.73522458628842,42.695669665715755,50.11256544502618,0,24,2,70,0.05011908713970281,0.07744340297350227,0.08156233978063154,0.21918959038189412,-0.03144325264092873,-0.14174618740839184,0.028545175421936773,-0.027843642982491576
2025-07-01,ICE,top100,57.13480347266534,65.62647754137114,30.447388632872503,51.067914671310376,1,25,2,70,-0.07098388491724705,-0.2593755899684068,0.08156233978063154,0.21918959038189412,-0.1525462246978786,-0.47856518035030093,-0.0925577966350131,-0.3646626359244007
2025-07-01,BSX,top100,56.59330861904972,66.39157532774554,23.538603613488405,54.114851669301586,1,26,2,70,-0.06823821339950376,-0.5691925940064898,0.08156233978063154,0.21918959038189412,-0.1498005531801353,-0.7883821843883839,-0.0898121251172698,-0.6744796399624836
2025-07-01,TJX,top100,56.15177394194352,61.28519234902215,33.89172335600907,64.73794626426206,0,27,2,70,0.15851354256669858,0.24756955853301355,0.08156233978063154,0.21918959038189412,0.07695120278606704,0.028379968151119428,0.13693963084893254,0.14228251257701968
2025-07-01,AMZN,top100,55.323705055447725,58.50633999570171,42.75017827430473,58.1923140359558,0,28,2,70,-0.0040370135171914345,0.10074389912002157,0.08156233978063154,0.21918959038189412,-0.08559935329782298,-0.11844569126187254,-0.025610925234957473,-0.004543146835972275
2025-07-01,VZ,top100,55.20212727431572,49.74425102084676,74.13548752834467,55.54054054054055,0,29,3,70,0.022449765759944285,0.04001590595603499,0.08156233978063154,0.21918959038189412,-0.05911257402068726,-0.17917368442585913,0.0008758540421782458,-0.06527113999995886
2025-07-01,CAT,top100,54.83863409398755,59.4455190199871,49.5436507936508,33.18040621266428,0,30,3,70,0.22505352076481322,1.4914509256553576,0.08156233978063154,0.21918959038189412,0.14349118098418168,1.2722613352734635,0.20347960904704718,1.3861638796993638
2025-07-01,CB,top100,54.64468792775306,53.421448527831515,60.60502157852388,51.28669642566227,0,31,3,70,-0.025346069597813936,0.25476176827711283,0.08156233978063154,0.21918959038189412,-0.10690840937844548,0.035572177895218715,-0.04691998131557998,0.14947472232111897
2025-07-01,MRK,top100,53.11994526865584,38.136686009026434,94.69954648526077,74.84355765285189,0,32,3,70,0.03604822430567656,0.6366149003200976,0.08156233978063154,0.21918959038189412,-0.045514115474954986,0.4174253099382035,0.014474312587910518,0.5313278543641038
2025-07-01,BAC,top100,52.90128891287857,54.68514936600043,58.05080096554751,30.115241635687745,0,33,3,70,0.07740330984999244,0.24629993409307582,0.08156233978063154,0.21918959038189412,-0.004159029930639102,0.027110343711181706,0.0558293981322264,0.14101288813708196
2025-07-01,BMY,top100,52.47192525073097,41.44530410487857,84.44444444444444,65.71323488427073,1,34,3,70,-0.038206325331497704,0.29917150717751495,0.08156233978063154,0.21918959038189412,-0.11976866511212925,0.07998191679562083,-0.059780237049263746,0.1938844612215211
2025-07-01,GE,top100,52.120773057938294,60.57167418869547,19.677751359443455,57.850508539627725,1,35,3,70,0.21125785922017126,0.5240470411337084,0.08156233978063154,0.21918959038189412,0.12969551943953972,0.30485745075181425,0.18968394750240522,0.4187599951777145
2025-07-01,WFC,top100,50.96651472045396,53.35697399527187,53.55862775217614,29.04907373328429,0,36,3,70,0.03463576384465683,0.0723565966366948,0.08156233978063154,0.21918959038189412,-0.04692657593597471,-0.14683299374519931,0.013061852126890792,-0.032930449319299046
2025-07-01,SYK,top100,50.78753399347184,61.15194498173222,17.57936507936508,44.65299490386273,2,37,3,70,-0.06611018499964227,-0.1685621043674297,0.08156233978063154,0.21918959038189412,-0.14767252478027382,-0.3877516947493238,-0.08768409671740832,-0.27384915032342355
2025-07-01,DE,top100,49.68675386900839,50.65978938319363,41.86224489795919,58.5245232118101,3,38,3,70,-0.0973780794704493,0.23741487507043324,0.08156233978063154,0.21918959038189412,-0.17894041925108084,0.018225284688539123,-0.11895199118821534,0.13212782911443938
2025-07-01,HON,top100,49.65720342236568,56.27552116913819,39.674036281179134,23.295313477331227,0,39,3,70,-0.11380923348427774,-0.00482535447595922,0.08156233978063154,0.21918959038189412,-0.19537157326490928,-0.22401494485785334,-0.13538314520204378,-0.11011240043195307
2025-07-01,HD,top100,48.92842146143541,46.90307328605202,49.005102040816325,62.952497530357306,1,40,3,70,0.09199457371967634,-0.015393952662771104,0.08156233978063154,0.21918959038189412,0.0104322339390448,-0.23458354304466522,0.0704206620019103,-0.12068099861876495
2025-07-01,AMGN,top100,48.86750797214517,41.72469374597034,63.31349206349206,69.97523937267513,1,41,3,70,-0.020758285286535005,0.32657379342711956,0.08156233978063154,0.21918959038189412,-0.10232062506716655,0.10738420304522545,-0.04233219700430105,0.2212867474711257
2025-07-01,ABBV,top100,48.86630965174654,53.77176015473887,23.018707482993197,66.22336046830696,4,42,3,70,0.22922142538892598,0.41889122550430935,0.08156233978063154,0.21918959038189412,0.14765908560829444,0.19970163512241523,0.20764751367115994,0.3136041795483155
2025-07-01,COST,top100,48.57579307473538,57.178164624973135,14.197845804988663,57.11508676256457,2,43,4,70,-0.059888468977854936,-0.029344929933518116,0.08156233978063154,0.21918959038189412,-0.14145080875848648,-0.24853452031541223,-0.08146238069562098,-0.13463197588951198
2025-07-01,MSFT,top100,48.32514418229556,54.39286481839673,25.011337868480723,52.47871235721702,0,44,4,70,0.05436755593210307,-0.20006276250242183,0.08156233978063154,0.21918959038189412,-0.02719478384852847,-0.41925235288431595,0.03279364421433703,-0.3053498084584157
2025-07-01,C,top100,48.176394798100894,48.74059746400172,55.54705215419501,29.485661424606867,0,45,4,70,0.18427680899026333,0.6592478565675532,0.08156233978063154,0.21918959038189412,0.10271446920963179,0.44005826618565913,0.1627028972724973,0.5539608106115594
2025-07-01,CSCO,top100,47.98692862924073,55.465291209972065,30.331632653061227,30.948982516480392,1,46,4,70,-0.00388596224003801,0.6683632148721645,0.08156233978063154,0.21918959038189412,-0.08544830202066955,0.44917362449027043,-0.02545987395780405,0.5630761689161707
2025-07-01,MDT,top100,47.862317267332465,38.93831936385128,75.23526077097506,55.58441558441559,0,47,4,70,0.08126791630989172,-0.0321702468262538,0.08156233978063154,0.21918959038189412,-0.0002944234707398241,-0.2513598372081479,0.05969400459212568,-0.13745729278224766
2025-07-01,WMT,top100,47.72378110650653,55.49752847625187,17.672902494331066,53.40930674264007,1,48,4,70,0.05151307504259561,0.1479543752212098,0.08156233978063154,0.21918959038189412,-0.03004926473803593,-0.07123521516068432,0.029939163324829574,0.04266732926521595
2025-07-01,ABT,top100,46.931589203440375,52.70148291424887,26.683673469387756,47.03816469588614,1,49,4,70,-0.012613652219494509,-0.2855652724824925,0.08156233978063154,0.21918959038189412,-0.09417599200012605,-0.5047548628643866,-0.03418756393726055,-0.3908523184384864
2025-07-01,LOW,top100,46.34966446923583,39.141414141414145,61.6921768707483,66.12239196096272,0,50,4,70,0.1049973928908936,0.0145854517029671,0.08156233978063154,0.21918959038189412,0.02343505311026206,-0.20460413867892702,0.08342348117312756,-0.09070159425302675
2025-07-01,LIN,top100,46.15636629686168,49.12744465935956,36.63265306122449,44.40624423065088,0,51,4,70,-0.0004928832647256298,0.16203105441827947,0.08156233978063154,0.21918959038189412,-0.08205522304535717,-0.05715853596361464,-0.02206679498249167,0.056744008462285625
2025-07-01,RTX,top100,45.92080633569526,49.58091553836235,28.17406995801621,55.793514672383765,0,52,4,70,0.16559391084709896,0.4038807251051726,0.08156233978063154,0.21918959038189412,0.08403157106646741,0.18469113472327847,0.14401999912933292,0.2985936791491787
2025-07-01,UNP,top100,43.96113028053851,35.96819256393725,65.19841269841271,57.43712946099896,0,53,4,70,0.009662162338982094,0.22536351416067446,0.08156233978063154,0.21918959038189412,-0.07190017744164945,0.006173923778780344,-0.011911749378783944,0.12007646820468061
2025-07-01,SBUX,top100,43.822218639533624,38.38383838383838,46.28684807256236,76.96162156334287,0,54,4,70,-0.10284248292302567,0.12749248787129708,0.08156233978063154,0.21918959038189412,-0.1844048227036572,-0.09169710251059704,-0.12441639464079171,0.02220544191530323
2025-07-01,T,top100,43.437146134915274,39.95916612937889,51.76664168492256,51.124015073655386,0,55,4,70,-0.012388946262075873,-0.25629335032556233,0.08156233978063154,0.21918959038189412,-0.09395128604270742,-0.47548294070745645,-0.033962857979841915,-0.3615803962815562
2025-07-01,DIS,top100,42.597115543038875,39.29937674618525,59.97537238448274,30.924773438126557,0,56,4,70,-0.07279955047097042,-0.18259980908160367,0.08156233978063154,0.21918959038189412,-0.15436189025160196,-0.4017893994634978,-0.09437346218873646,-0.28788685503759753
2025-07-01,PLD,top100,42.47150626647444,28.347302815387923,79.05895691609977,68.16602912482941,0,57,5,70,0.08407952295525956,0.35059998682624993,0.08156233978063154,0.21918959038189412,0.0025171831746280127,0.13141039644435581,0.06250561123749351,0.24531294087025607
2025-07-01,IBM,top100,41.7579927592098,44.28218353750269,27.627551020408163,52.34954078876286,2,58,5,70,-0.024492800147561944,0.019659791675165073,0.08156233978063154,0.21918959038189412,-0.10605513992819349,-0.19952979870672904,-0.046066711865327986,-0.08562725428082878
2025-07-01,CMCSA,top100,41.567017183440726,21.87620889748549,94.91780045351474,72.7011086449794,0,59,5,70,-0.12722300772206774,-0.2607324311306537,0.08156233978063154,0.21918959038189412,-0.20878534750269928,-0.4799220215125478,-0.14879691943983378,-0.36601947708664756
2025-07-01,ETN,top100,41.01526419021898,43.535353535353536,26.13662131519274,53.131924524329584,0,60,5,70,0.05717646332992099,0.13549140602149756,0.08156233978063154,0.21918959038189412,-0.024385876450710553,-0.08369818436039655,0.03560255161215495,0.030204360065503713
2025-07-01,NEE,top100,40.95166437133789,28.923275306254034,68.843537414966,69.36664173966868,1,61,5,70,0.04125067400743543,0.2441552913131082,0.08156233978063154,0.21918959038189412,-0.040311665773196115,0.024965700931214085,0.01967676228966939,0.13886824535711434
2025-07-01,PFE,top100,40.08139925450299,26.17880937029873,71.0970785027626,75.36816994741363,0,62,5,70,0.03512722751400954,0.039118167471665855,0.08156233978063154,0.21918959038189412,-0.046435112266622,-0.18007142291022826,0.013553315796243501,-0.066168878484328
2025-07-01,PG,top100,37.42098555158498,28.300021491510854,61.1281179138322,53.8534692476094,0,63,5,70,-0.040436976497052024,-0.03383205604346373,0.08156233978063154,0.21918959038189412,-0.12199931627768357,-0.25302164642535785,-0.062010888214818066,-0.1391191019994576
2025-07-01,DHR,top100,34.495467989662494,23.10552331828928,52.84580498866213,77.52440669127574,0,64,5,70,-0.012381072127910286,-0.008502344118264338,0.08156233978063154,0.21918959038189412,-0.09394341190854183,-0.22769193450015845,-0.03395498384567633,-0.11378939007425819
2025-07-01,TMO,top100,34.49119528743677,18.706211046636582,74.33956916099773,65.28933722591614,0,65,5,70,0.1518146321692837,0.24646645192124295,0.08156233978063154,0.21918959038189412,0.07025229238865216,0.02727686153934883,0.13024072045151766,0.14117940596524908
2025-07-01,XOM,top100,32.95684559429726,21.28949065119278,58.97746598639456,62.58708941183407,0,66,5,70,0.04173531601199043,0.29494610887746564,0.08156233978063154,0.21918959038189412,-0.03982702376864111,0.07575651849557152,0.020161404294224392,0.18965906292147178
2025-07-01,LMT,top100,31.8197360205301,16.43993122716527,63.140589569160994,76.83666247682211,1,67,5,70,0.07922042784211625,0.20323188013678872,0.08156233978063154,0.21918959038189412,-0.0023419119385152953,-0.015957710245105394,0.057646516124350206,0.09794483418079487
2025-07-01,MDLZ,top100,30.804671108269414,19.1424887169568,57.689909297052154,58.669471469892216,0,68,5,70,-0.08682134716985102,-0.08605159584604383,0.08156233978063154,0.21918959038189412,-0.16838368695048256,-0.30524118622793794,-0.10839525888761706,-0.1913386418020377
2025-07-01,CVX,top100,30.211270692494523,14.53685794111326,69.11989795918367,62.11490541878503,0,69,5,70,0.07864736978140119,0.21100878351938568,0.08156233978063154,0.21918959038189412,-0.0029149699992303546,-0.008180806862508438,0.057073458063635146,0.10572173756339183
2025-07-01,PEP,top100,29.13865939791448,8.464431549537931,81.12244897959184,69.89067517319563,1,70,5,70,0.04845362586554858,0.10845825558868194,0.08156233978063154,0.21918959038189412,-0.033108713915082966,-0.11073133479321218,0.02687971414778254,0.0031712096326880906
