version,ticker,entry_date,exit_date,entry,init_stop,shares,risk_dollars,pnl,R,days_held,partial_taken,exit_reason
B,INTU,2011-01-03,2011-01-05,49.68,48.81114,24,20.85263999999995,-20.85263999999995,-1.0,2,False,stop
B,SBUX,2011-01-03,2011-01-06,16.245,15.959025,37,10.58107500000002,-10.58107500000002,-1.0,3,False,stop
B,TMUS,2011-01-03,2011-01-19,25.52,24.6753,47,39.700899999999976,45.57620000000001,1.147989088408576,11,True,close_below_ema20
B,UNP,2011-01-07,2011-01-20,46.73,45.94401,25,19.649749999999955,18.863759999999957,0.96,8,True,breakeven_stop
B,BKNG,2011-01-05,2011-01-21,16.7048,15.9512328,73,55.010405599999935,22.454800000000056,0.40819186397709606,11,False,close_below_ema20
B,UNP,2011-01-21,2011-01-24,47.745,46.51344,25,30.788999999999866,-15.249999999999986,-0.4953067654032301,1,False,close_below_ema20
B,C,2011-01-21,2011-01-26,48.5,47.152800000000006,13,17.51359999999992,-1.3000000000000185,-0.07422802850356434,3,False,close_below_ema20
B,REGN,2011-01-26,2011-01-31,33.75,32.907059999999994,18,15.172920000000104,-6.300000000000026,-0.41521341969772346,3,False,close_below_ema20
B,AAPL,2011-02-01,2011-02-22,12.1893,11.736840875164535,102,46.15083073321732,3.0906000000000446,0.06696737525410497,14,False,time_stop_10d
B,MRSH,2011-01-24,2011-03-10,27.6,27.12285,44,20.994600000000077,64.55460000000001,3.074819239232935,32,True,close_below_ema20
B,COP,2011-01-21,2011-03-11,51.746,50.6585907,23,25.010413900000103,77.62060460000004,3.1035313893785546,34,True,close_below_ema20
B,ICE,2011-02-24,2011-03-14,24.636,24.13584,52,26.00831999999987,36.66831999999987,1.4098688419705716,12,True,close_below_ema20
B,CMCSA,2011-03-11,2011-03-14,11.7104,11.4177708,110,32.18921200000004,-32.18921200000004,-1.0,1,False,stop
B,DIS,2011-03-11,2011-03-14,42.83,42.117839999999994,29,20.652640000000126,-20.652640000000126,-1.0,1,False,stop
B,AAPL,2011-03-14,2011-03-15,12.6136,12.3055821,102,31.41782579999994,-40.361399999999975,-1.2846655989798013,1,False,stop_gap
B,PFE,2011-03-14,2011-03-15,18.5484,18.2928888,35,8.942892000000029,-8.942892000000029,-1.0,1,False,stop
B,CVX,2011-03-14,2011-03-17,100.75,97.5024,12,38.97120000000007,1.5599999999999454,0.04002956029067472,3,False,close_below_ema20
B,CAT,2011-03-16,2011-03-17,101.7,96.91299000000001,6,28.72205999999997,1.1399999999999864,0.03969074641582072,1,False,close_below_ema20
B,PM,2011-03-17,2011-03-18,62.64,61.38855,19,23.77754999999997,-17.859999999999957,-0.7511286907187654,1,False,close_below_ema20
B,COP,2011-03-18,2011-03-21,59.3616,56.08742701570171,11,36.01590282728126,-5.954299999999996,-0.16532419105400697,1,False,close_below_ema20
B,LOW,2011-03-21,2011-04-01,26.49,25.944029999999998,26,14.195220000000013,-0.5199999999999889,-0.03663204938000175,9,False,close_below_ema20
B,CAT,2011-03-18,2011-04-08,104.99,99.45088649565595,11,60.93024854778449,61.050000000000125,1.001965385913726,15,False,time_stop_10d
B,DHR,2011-04-01,2011-04-11,35.1317,34.176689100000004,37,35.33540329999992,-19.646999999999956,-0.5560145962731944,6,False,close_below_ema20
B,VZ,2011-04-11,2011-04-18,37.9,37.222739999999995,34,23.026840000000135,-23.026840000000135,-1.0,5,False,stop
B,VRTX,2011-04-08,2011-04-19,47.25,46.10385,26,29.799899999999965,-6.5,-0.21812153732059528,7,False,close_below_ema20
B,ISRG,2011-04-19,2011-04-25,39.7778,38.8555056,33,30.435715199999947,-30.435715199999947,-1.0,3,False,stop
B,REGN,2011-03-16,2011-05-05,38.7,37.6623,32,33.20640000000003,175.76639999999998,5.2931483087597515,35,True,close_below_ema20
B,SBUX,2011-05-05,2011-05-10,18.325,17.882099999999998,72,31.888800000000117,-10.799999999999898,-0.3386769022352631,3,False,close_below_ema20
B,CAT,2011-05-10,2011-05-12,112.76,108.28161,11,49.26229000000005,-39.160000000000025,-0.7949285345849734,2,False,close_below_ema20
B,ORCL,2011-05-12,2011-05-16,35.7,34.53543,36,41.92452000000017,-41.92452000000017,-1.0,2,False,stop
B,ADP,2011-04-19,2011-05-24,45.5575,45.0645903,26,12.81565219999996,30.96365219999997,2.4160808764769746,24,True,close_below_ema20
B,MDT,2011-04-26,2011-05-24,40.86,40.089870000000005,32,24.64415999999983,18.72415999999987,0.759780816225832,20,True,close_below_ema20
B,MRSH,2011-05-17,2011-05-24,30.23,29.480490000000003,42,31.479419999999884,-6.3000000000000895,-0.20013075209136993,5,False,close_below_ema20
B,QCOM,2011-05-24,2011-05-25,56.7,55.60433999999999,22,24.104520000000207,-7.9199999999999875,-0.32856908164941345,1,False,close_below_ema20
B,VRTX,2011-05-24,2011-05-26,55.83,53.496449999999996,22,51.338100000000054,-51.338100000000054,-1.0,2,False,stop
B,TJX,2011-05-24,2011-05-26,13.3225,12.8296575,54,26.613495000000004,-9.990000000000027,-0.37537347124081316,2,False,close_below_ema20
B,TMUS,2011-05-25,2011-06-06,35.8,34.80516,34,33.82455999999988,-51.0,-1.507780145551049,7,False,close_below_ema20
B,ACN,2011-05-26,2011-06-06,56.82,55.77417,22,23.00826000000005,-27.5,-1.1952229329814572,6,False,close_below_ema20
B,PFE,2011-05-26,2011-06-06,19.7913,19.288092600000002,33,16.60584419999991,-1.2540000000000084,-0.07551558264047878,6,False,close_below_ema20
B,MRSH,2011-06-06,2011-06-07,30.37,29.7702,40,23.992000000000075,-9.60000000000008,-0.4001333777925996,1,False,close_below_ema20
B,PFE,2011-06-07,2011-06-08,19.8861,19.5818985,61,18.556291499999865,-5.203300000000009,-0.2804062438876888,1,False,close_below_ema20
B,REGN,2011-06-07,2011-06-09,58.36,56.143800000000006,20,44.32399999999987,-44.32399999999987,-1.0,2,False,stop
B,PFE,2011-06-09,2011-06-10,19.8008,19.4965839,60,18.252965999999873,-13.66199999999992,-0.7484810961681524,1,False,close_below_ema20
B,TMO,2011-06-09,2011-06-13,62.73,62.027910000000006,19,13.339709999999833,3.800000000000054,0.2848637639049201,2,False,close_below_ema20
B,FISV,2011-06-09,2011-06-13,15.8325,15.499485,38,12.654569999999985,-6.269999999999968,-0.4954731768839222,2,False,close_below_ema20
B,UNP,2011-06-14,2011-06-15,50.91,49.66029,23,28.743329999999844,-28.743329999999844,-1.0,1,False,stop
B,UNH,2011-06-17,2011-07-12,50.1,48.31164,23,41.1322800000001,14.720000000000013,0.35786978013375326,16,False,close_below_ema20
B,TMO,2011-06-28,2011-07-12,63.49,62.01792,18,26.497440000000097,-20.340000000000046,-0.767621324927992,9,False,close_below_ema20
B,MRSH,2011-06-29,2011-07-12,30.59,29.656496307345773,21,19.603577545738773,-4.619999999999976,-0.2356712691456782,8,False,close_below_ema20
B,VZ,2011-07-12,2011-07-13,37.18,36.972989999999996,31,6.417310000000121,-6.417310000000121,-1.0,1,False,stop
B,MRSH,2011-07-13,2011-07-14,30.8,30.33963,38,17.49406000000004,-17.49406000000004,-1.0,1,False,stop
B,VZ,2011-07-14,2011-07-15,37.27,36.82314,31,13.852660000000029,-13.852660000000029,-1.0,1,False,stop
B,COP,2011-07-13,2011-07-18,57.3338,56.3473962,10,9.86403799999998,18.677000000000028,1.8934436383963715,3,True,breakeven_stop
B,UNH,2011-07-13,2011-07-19,52.03,50.679269999999995,22,29.716060000000127,-29.716060000000127,-1.0,4,False,stop
B,TMO,2011-07-18,2011-07-19,63.36,61.86807,9,13.427369999999968,-4.859999999999992,-0.3619472763467458,1,False,close_below_ema20
B,ACN,2011-07-19,2011-07-28,60.69,59.210730000000005,19,28.106129999999858,-20.330000000000005,-0.7233297504850403,7,False,close_below_ema20
B,BKNG,2011-07-19,2011-07-28,20.8792,20.385993600000003,55,27.126351999999905,-11.616000000000088,-0.42821828751614405,7,False,close_below_ema20
B,TJX,2011-07-29,2011-08-01,13.9575,13.696290000000001,83,21.680429999999866,-21.680429999999866,-1.0,1,False,stop
B,MA,2011-08-01,2011-08-02,30.824,29.93004,37,33.076519999999995,-19.684,-0.5951049263949171,1,False,close_below_ema20
B,UNP,2011-08-01,2011-08-02,51.735,50.244705,21,31.29619499999992,-31.815000000000012,-1.0165772548388101,1,False,close_below_ema20
B,ISRG,2011-07-18,2011-08-03,40.1044,39.319541099999995,29,22.760908100000094,63.727049200000096,2.7998465140325326,12,True,close_below_ema20
B,MA,2011-12-08,2011-12-14,37.498,36.599364,30,26.959079999999886,-26.959079999999886,-1.0,4,False,stop
B,BMY,2012-01-06,2012-01-09,34.25,33.72624,33,17.284080000000095,-4.949999999999953,-0.28639071330379895,1,False,close_below_ema20
B,V,2011-12-08,2012-01-11,24.3625,23.7387375,46,28.69307500000007,37.49057500000008,1.3066070820224038,22,True,close_below_ema20
B,BMY,2012-01-10,2012-01-12,34.29,33.61635,33,22.23045000000007,-2.6399999999999437,-0.11875603057967497,2,False,close_below_ema20
B,ISRG,2012-01-11,2012-01-20,50.7156,49.5670833,22,25.26736740000004,-27.966400000000007,-1.1068189082492212,6,False,stop_gap
B,MCD,2012-01-12,2012-01-24,100.37,98.58132,11,19.675479999999993,-19.675479999999993,-1.0,7,False,stop
B,PFE,2012-01-25,2012-01-26,20.5598,20.3970825,52,8.461309999999969,-8.461309999999969,-1.0,1,False,stop
B,SPGI,2012-01-20,2012-01-31,44.1438,42.615841499999995,26,39.726921000000104,-39.726921000000104,-1.0,7,False,stop
B,CSCO,2012-01-31,2012-02-15,19.69,19.25073,57,25.038390000000028,22.79999999999992,0.9106016800600955,11,False,time_stop_10d
B,INTU,2012-02-15,2012-02-16,57.05,56.273669999999996,20,15.52660000000003,-4.399999999999977,-0.28338464312856443,1,False,close_below_ema20
B,CSCO,2012-02-16,2012-03-01,20.21,19.71027,57,28.484609999999975,-17.10000000000004,-0.6003241750545314,9,False,close_below_ema20
B,INTU,2012-03-01,2012-03-02,58.23,57.40254,20,16.5491999999999,-16.5491999999999,-1.0,1,False,stop
B,SPGI,2012-03-05,2012-03-06,44.0114,43.5136428,26,12.941687200000061,-12.941687200000061,-1.0,1,False,stop
B,QCOM,2012-03-06,2012-03-07,62.32,61.44849,19,16.558690000000013,-9.689999999999962,-0.5851912198368322,1,False,close_below_ema20
B,V,2012-03-07,2012-03-22,28.93,28.356615,40,22.93539999999993,4.300000000000068,0.1874831047202177,11,False,time_stop_10d
B,HON,2012-03-22,2012-03-29,56.3636,55.7517924,21,12.847959599999975,12.236151999999976,0.9523809523809523,5,True,breakeven_stop
B,INTU,2012-03-29,2012-04-10,59.54,57.49259589041514,20,40.94808219169721,-13.999999999999915,-0.34189635388683987,7,False,close_below_ema20
B,TJX,2012-01-05,2012-04-11,16.1325,15.8416425,71,20.650882499999966,140.51002499999993,6.804068784953871,66,True,close_below_ema20
B,ISRG,2012-01-26,2012-04-11,50.7733,48.004841104001244,20,55.3691779199751,146.16917791997508,2.6399015374805264,52,True,close_below_ema20
B,AXP,2012-04-10,2012-04-11,57.37,56.76318,21,12.74321999999998,-11.970000000000006,-0.9393230282456102,1,False,close_below_ema20
B,UNH,2012-04-11,2012-04-18,58.33,57.16278,20,23.344400000000007,-23.344400000000007,-1.0,5,False,stop
B,AAPL,2012-04-18,2012-04-20,21.9186,20.747547917188427,51,59.72365622339028,-40.69290000000011,-0.6813531282778877,2,False,close_below_ema20
B,MA,2012-04-20,2012-04-23,44.079,42.858099,25,30.522524999999945,-30.522524999999945,-1.0,1,False,stop
B,LOW,2012-04-12,2012-04-24,31.23,30.29967,38,35.352540000000054,-1.1400000000000432,-0.03224662216632925,8,False,close_below_ema20
B,SBUX,2012-04-24,2012-04-27,29.485,28.846125,38,24.277249999999952,-24.277249999999952,-1.0,3,False,stop
B,LOW,2012-04-27,2012-05-07,31.77,30.889080000000003,37,32.59403999999986,-15.90999999999999,-0.4881260500385978,6,False,close_below_ema20
B,HD,2012-04-24,2012-05-08,51.26,50.609339999999996,22,14.314520000000044,13.874520000000054,0.9692619801432399,10,True,close_below_ema20
B,BKNG,2012-05-07,2012-05-08,29.88,29.3430276,38,20.404951199999992,-20.404951199999992,-1.0,1,False,stop
B,PFE,2012-05-09,2012-05-10,21.3662,21.0794994,54,15.48183239999998,9.223199999999991,0.595743434091174,1,False,close_below_ema20
B,TJX,2012-04-12,2012-05-14,19.845,19.260720000000003,31,18.11267999999988,17.528399999999884,0.967741935483871,22,True,breakeven_stop
B,UNP,2012-05-15,2012-05-17,55.925,55.079865,11,9.29648499999999,-9.29648499999999,-1.0,2,False,stop
B,AMGN,2012-05-08,2012-05-18,70.0,69.20073,16,12.788320000000112,-12.788320000000112,-1.0,8,False,stop
B,ABT,2012-05-10,2012-05-21,29.8292,29.315255399999998,38,19.52989480000008,-10.392999999999944,-0.5321585244790925,7,False,close_below_ema20
B,GILD,2012-05-22,2012-05-23,25.465,24.830145,44,27.93361999999992,-15.620000000000019,-0.5591828055225232,1,False,close_below_ema20
B,TJX,2012-05-24,2012-05-25,20.53,19.71027,29,23.772169999999996,-1.0150000000000041,-0.04269698559281733,1,False,close_below_ema20
B,GILD,2012-05-24,2012-05-29,25.205,24.830145,44,16.49361999999985,9.680000000000106,0.5868935988582369,2,False,close_below_ema20
B,AMGN,2012-05-25,2012-05-29,69.14,67.92201,8,9.743920000000003,1.0399999999999636,0.10673322441070568,1,False,close_below_ema20
B,AMGN,2012-05-30,2012-06-01,69.38,67.92201,8,11.663919999999962,-11.663919999999962,-1.0,2,False,stop
B,DIS,2012-05-22,2012-06-04,44.49,43.46649,25,25.587750000000042,-0.5000000000000782,-0.019540600482655855,8,False,close_below_ema20
B,TJX,2012-05-29,2012-06-04,20.61,19.71027,54,48.5854199999999,-6.209999999999916,-0.12781612261456068,4,False,close_below_ema20
B,REGN,2012-06-06,2012-06-08,130.5,120.88899,5,48.055049999999966,-14.249999999999972,-0.29653491152334627,2,False,close_below_ema20
B,REGN,2012-06-11,2012-06-12,131.2,120.88899,5,51.55504999999991,-18.199999999999932,-0.3530207031124975,1,False,close_below_ema20
B,TJX,2012-06-11,2012-06-12,20.905,20.304675,48,28.815600000000074,-12.720000000000027,-0.4414275600716277,1,False,close_below_ema20
B,TJX,2012-06-13,2012-06-28,20.91,20.304675,53,32.08222500000003,3.710000000000015,0.11564035848511167,11,False,time_stop_10d
B,AMGN,2012-06-15,2012-07-02,70.77,68.43833456658686,15,34.974981501197036,33.90000000000008,0.9692642724868871,11,False,time_stop_10d
B,DIS,2012-06-06,2012-07-11,45.02,44.09586,25,23.103500000000032,53.76936000000003,2.327325297032915,24,True,close_below_ema20
B,UNP,2012-06-28,2012-07-17,57.71,56.383559999999996,19,25.2023600000001,28.974999999999973,1.1496939175537473,12,False,time_stop_10d
B,AXP,2012-07-17,2012-07-19,59.22,56.982699299948564,19,42.50871330097726,-42.50871330097726,-1.0,2,False,stop
B,PM,2012-07-19,2012-07-20,90.0,88.83108,13,15.19596,-15.210000000000022,-1.0009239297813382,1,False,stop_gap
B,AAPL,2012-07-02,2012-07-23,20.8832,20.180199599999998,54,37.96202160000003,18.65160000000008,0.49132262229153956,14,False,time_stop_10d
B,DIS,2012-07-12,2012-07-23,47.59,46.92303,13,8.670610000000082,8.003640000000075,0.9230769230769231,7,True,breakeven_stop
B,CMCSA,2012-07-25,2012-07-26,14.7844,14.535549900000001,42,10.451704199999938,7.282800000000037,0.6968050243901928,1,False,close_below_ema20
B,TJX,2012-07-24,2012-08-02,22.15,21.74823,51,20.490269999999953,-4.844999999999942,-0.2364536924110787,7,False,close_below_ema20
B,V,2012-08-03,2012-08-20,32.59,31.5159525,35,37.59166250000008,-15.3125,-0.4073376643025555,11,False,time_stop_10d
B,ABT,2012-07-26,2012-08-21,31.0814,30.4416279,36,23.03179559999994,31.23799559999987,1.3562987507582758,18,True,close_below_ema20
B,TMO,2012-08-21,2012-08-23,56.86,56.11383,20,14.923399999999987,-14.923399999999987,-1.0,2,False,stop
B,DIS,2012-07-24,2012-08-24,48.06,47.37258,23,15.81066000000007,27.36324000000002,1.730682969591396,23,True,close_below_ema20
B,UNP,2012-08-27,2012-08-29,62.215,61.398540000000004,18,14.696279999999987,-14.696279999999987,-1.0,2,False,stop
B,WFC,2012-08-27,2012-08-31,34.21,33.72624,18,8.707680000000067,-3.600000000000051,-0.4134281461881952,4,False,close_below_ema20
B,TJX,2012-08-29,2012-09-12,23.05,22.632345,48,20.047439999999995,-11.760000000000048,-0.5866085644850441,9,False,close_below_ema20
B,AMGN,2012-08-31,2012-09-13,83.81,82.50741000000001,7,9.118129999999965,-6.30000000000004,-0.6909311448729141,8,False,close_below_ema20
B,PFE,2012-09-13,2012-09-14,22.9696,22.8044727,50,8.25636499999991,-8.25636499999991,-1.0,1,False,stop
B,REGN,2012-09-14,2012-09-20,147.94,141.69816,7,43.692879999999974,-14.0,-0.32041833818233106,4,False,close_below_ema20
B,TMO,2012-08-24,2012-09-27,56.68,55.944,20,14.719999999999942,36.41999999999996,2.4741847826087024,23,True,close_below_ema20
B,WMT,2012-09-13,2012-09-28,24.7833,24.4755,46,14.158800000000014,-7.51179999999998,-0.5305393112410637,11,False,close_below_ema20
B,ETN,2012-09-28,2012-10-03,47.14,45.71424,24,34.218240000000094,-4.800000000000068,-0.14027606329256137,3,False,close_below_ema20
B,T,2012-09-20,2012-10-05,28.6707,27.9554166,39,27.896052600000022,7.070700000000009,0.2534659688733166,11,False,time_stop_10d
B,DIS,2012-10-05,2012-10-09,53.08,51.63496090628784,21,30.345820967955383,-30.345820967955383,-1.0,2,False,stop
B,FISV,2012-09-27,2012-10-10,18.325,18.1543275,33,5.632192499999949,6.1200000000000045,1.0866105872624312,9,True,breakeven_stop
B,VRTX,2012-10-03,2012-10-11,57.89,54.493711212508266,16,54.34062059986775,-8.639999999999986,-0.15899707998588838,6,False,close_below_ema20
B,AMGN,2012-10-11,2012-10-12,85.43,84.23567999999999,13,15.526160000000246,-7.28000000000003,-0.4688860606872475,1,False,close_below_ema20
B,REGN,2012-10-11,2012-10-15,154.21,149.85998999999998,7,30.45007000000018,-18.130000000000024,-0.5954009301128016,2,False,close_below_ema20
B,GOOGL,2012-10-11,2012-10-15,18.8413,18.4572243,33,12.674498100000012,-12.674498100000012,-1.0,2,False,stop
B,MDT,2012-10-12,2012-10-15,43.25,42.31764,25,23.30900000000007,-6.00000000000005,-0.257411300356087,1,False,close_below_ema20
B,MRK,2012-10-15,2012-10-23,43.8931,43.2296271,25,16.586822499999876,15.92334959999988,0.96,6,True,breakeven_stop
B,PFE,2012-10-24,2012-10-31,24.0607,23.7143619,47,16.277890700000025,-16.277890700000025,-1.0,3,False,stop
B,AMGN,2012-10-15,2012-11-01,85.21,83.89602000000001,13,17.081739999999826,28.087759999999875,1.6443149234211598,11,True,close_below_ema20
B,WMT,2012-10-31,2012-11-01,25.14,24.8118633,45,14.766151500000078,-4.35150000000009,-0.2946942539496542,1,False,close_below_ema20
B,SPGI,2012-11-01,2012-11-05,52.9896,51.269527092343964,21,36.121531060776825,-32.58360000000001,-0.9020547868022534,2,False,close_below_ema20
B,LMT,2012-11-06,2012-11-07,94.4,91.99791,11,26.422990000000013,-26.422990000000013,-1.0,1,False,stop
B,CMCSA,2012-10-15,2012-11-08,16.8088,16.356627,34,15.373882000000066,19.754782000000063,1.2849573061637898,16,True,close_below_ema20
B,V,2012-11-01,2012-11-15,35.205,34.151615382076386,32,33.70830777355559,-6.559999999999945,-0.1946107779740374,10,False,close_below_ema20
B,HD,2012-12-07,2012-12-10,64.6,63.38655,9,10.921049999999951,-10.921049999999951,-1.0,1,False,stop
B,AMGN,2012-11-29,2012-12-14,87.45,85.37454,12,24.90552000000008,19.199999999999932,0.7709134360575435,11,False,time_stop_10d
B,CMCSA,2012-11-30,2012-12-17,17.2915,16.8060771,64,31.067065599999978,-5.401599999999917,-0.17386901194813587,11,False,close_below_ema20
B,GILD,2012-12-18,2012-12-21,37.885,36.69327,29,34.56016999999999,-42.049999999999876,-1.2167185520210082,3,False,close_below_ema20
B,SPGI,2012-12-21,2012-12-24,51.9678,50.167382399999994,21,37.80876960000006,-15.695399999999978,-0.4151259130104025,1,False,close_below_ema20
B,AMZN,2012-12-17,2012-12-26,12.595,12.3201675,87,23.91042750000004,23.63559500000004,0.9885057471264369,6,True,breakeven_stop
B,LOW,2012-12-26,2012-12-27,35.35,34.68528,31,20.606320000000082,-20.606320000000082,-1.0,1,False,stop
B,TMO,2012-12-26,2012-12-27,64.16,63.64629,17,8.733069999999934,-13.769999999999918,-1.5767651009324353,1,False,close_below_ema20
B,DIS,2012-12-27,2012-12-28,49.98,49.40055,21,12.16844999999988,-13.229999999999905,-1.0872378980067334,1,False,close_below_ema20
B,MA,2012-12-11,2012-12-31,48.046,47.338614,12,8.488631999999996,10.234632000000019,1.2056868527225617,13,True,close_below_ema20
B,LOW,2012-12-28,2013-01-07,35.38,34.50546,30,26.236200000000096,-26.236200000000096,-1.0,5,False,stop
B,REGN,2013-01-09,2013-01-16,177.5,169.80003,6,46.199820000000045,-21.0,-0.4545472255086704,5,False,close_below_ema20
B,BAC,2013-01-16,2013-01-17,11.62,11.2887,93,30.81089999999989,-30.81089999999989,-1.0,1,False,stop
B,CRM,2012-12-31,2013-01-23,41.4375,40.624335,13,10.571144999999973,12.330479999999973,1.166428045400948,15,True,close_below_ema20
B,FISV,2013-01-17,2013-01-25,20.2525,19.7377425,53,27.282147500000093,-1.325000000000113,-0.04856655803946916,5,False,close_below_ema20
B,CRM,2013-01-25,2013-02-07,43.3725,41.48847,24,45.216720000000066,-10.38000000000011,-0.22956110040710812,9,False,close_below_ema20
B,C,2013-01-23,2013-02-08,41.85,40.779180000000004,24,25.699679999999944,26.400000000000034,1.0272501447488875,12,False,time_stop_10d
B,HD,2013-02-08,2013-02-21,66.7,65.76417,16,14.973280000000159,-13.440000000000055,-0.8975989228812866,8,False,close_below_ema20
B,BLK,2013-02-22,2013-02-26,238.5,235.06470000000002,4,13.741199999999935,-1.6399999999999864,-0.11934911070357714,2,False,close_below_ema20
B,ETN,2012-12-31,2013-03-20,53.59,52.81713,20,15.457400000000092,103.29999999999991,6.68288327920603,54,True,close_below_ema20
B,ACN,2013-02-07,2013-03-20,72.98,71.928,14,14.728000000000094,38.24800000000009,2.5969581749049326,28,True,close_below_ema20
B,TXN,2013-03-20,2013-03-22,34.92,34.17579,32,23.81472000000008,-13.759999999999991,-0.5777939022587687,2,False,close_below_ema20
B,BX,2013-02-27,2013-03-26,18.4004,17.7839982,59,36.367706200000114,66.95730440000008,1.8411198119500831,19,True,close_below_ema20
B,BLK,2013-03-26,2013-04-03,257.33,251.18856,2,12.282879999999977,-12.282879999999977,-1.0,5,False,stop
B,ADBE,2013-03-20,2013-04-08,42.7,41.295719610438255,26,36.51129012860545,14.820000000000007,0.4059018442733417,12,False,time_stop_10d
B,V,2013-04-08,2013-04-15,41.41,40.8566025,27,14.94173249999988,-14.94173249999988,-1.0,5,False,stop
B,RTX,2013-04-03,2013-04-16,58.8672,57.473763999298335,19,26.47528401333158,10.282800000000066,0.3883924340461156,9,False,close_below_ema20
B,MDT,2013-04-17,2013-04-18,46.68,45.98397,25,17.40075000000001,-8.499999999999908,-0.4884846917517867,1,False,close_below_ema20
B,BX,2013-04-18,2013-04-19,20.3925,19.5780024,57,46.426363199999955,-15.657899999999959,-0.33726311777959755,1,False,close_below_ema20
B,FISV,2013-04-18,2013-04-19,21.7675,21.363615000000003,52,21.00201999999976,-19.369999999999933,-0.9222922366515295,1,False,close_below_ema20
B,RTX,2013-04-22,2013-04-23,58.7099,57.3686739,19,25.4832959,-25.4832959,-1.0,1,False,stop
B,GILD,2013-03-22,2013-05-02,45.13,43.73622,24,33.45071999999999,124.89071999999996,3.733573447746416,28,True,close_below_ema20
B,ADBE,2013-04-23,2013-05-08,45.2,44.26569,24,22.423440000000085,22.423440000000085,1.0,11,True,breakeven_stop
B,FISV,2013-05-08,2013-05-23,22.0325,21.5409375,54,26.54437500000003,12.960000000000107,0.4882390336935826,11,False,time_stop_10d
B,DIS,2013-05-24,2013-05-31,65.44,64.17576,18,22.756320000000017,-15.660000000000082,-0.6881604758590172,4,False,close_below_ema20
B,RTX,2013-05-31,2013-06-03,60.7363,59.2170237,20,30.385526000000027,-16.992000000000047,-0.5592136203269948,1,False,close_below_ema20
B,BLK,2013-06-04,2013-06-05,279.95,272.75696999999997,4,28.772120000000086,-16.200000000000045,-0.5630450588972935,1,False,close_below_ema20
B,SBUX,2013-04-19,2013-06-06,29.24,28.72125,39,20.23124999999989,58.41249999999994,2.887241272783454,33,True,close_below_ema20
B,C,2013-05-02,2013-06-06,46.58,45.59436,24,23.655359999999916,63.01535999999993,2.6638935108153143,24,True,close_below_ema20
B,WFC,2013-06-06,2013-06-17,40.55,39.62034,29,26.960139999999953,1.1600000000001813,0.0430264828001703,7,False,close_below_ema20
B,VRTX,2013-06-07,2013-06-18,79.15,76.08384,8,24.529280000000085,-0.5600000000000591,-0.022829858846246495,7,False,close_below_ema20
B,BRK-B,2013-06-06,2013-06-20,113.16,110.93894999999999,10,22.210500000000053,-22.210500000000053,-1.0,10,False,stop
B,MSFT,2013-06-17,2013-06-20,34.69,34.21575,34,16.124499999999927,-14.61999999999999,-0.9066947812335302,3,False,close_below_ema20
B,SPGI,2013-06-18,2013-06-20,52.176,51.1881606,12,11.854072799999983,-11.854072799999983,-1.0,2,False,stop
B,MDT,2013-06-21,2013-06-25,51.98,51.00894,22,21.363319999999874,0.4400000000000688,0.020596049677675164,2,False,close_below_ema20
B,ICE,2013-06-25,2013-07-03,34.792,33.70626,33,35.82942000000004,2.7060000000000244,0.07552452705067571,6,False,close_below_ema20
B,V,2013-06-25,2013-07-25,44.95,43.87608,14,15.034880000000015,35.47249999999997,2.3593470649582793,21,True,close_below_ema20
B,VRTX,2013-07-25,2013-07-26,87.48,84.4155,14,42.903000000000134,-101.64000000000007,-2.3690651003426275,1,False,stop_gap
B,TMUS,2013-07-05,2013-07-30,23.36,22.71726,51,32.77973999999999,51.63699999999999,1.5752717989831526,17,True,close_below_ema20
B,BKNG,2013-06-25,2013-08-01,32.5472,31.614354000000002,35,32.6496099999998,93.34960000000018,2.8591336925617417,26,True,close_below_ema20
B,AMAT,2013-07-30,2013-08-06,16.21,15.90408,70,21.41440000000003,-5.600000000000129,-0.2615062761506333,5,False,close_below_ema20
B,ADBE,2013-08-06,2013-08-07,47.84,47.062889999999996,23,17.873530000000173,-17.873530000000173,-1.0,1,False,stop
B,GILD,2013-08-08,2013-08-09,60.5,59.12082,18,24.825239999999965,-30.239999999999995,-1.218115111878074,1,False,close_below_ema20
B,SBUX,2013-07-26,2013-08-12,36.3,35.0790064127568,34,41.513781966268795,-5.439999999999884,-0.1310408192734656,11,False,time_stop_10d
B,JNJ,2013-08-13,2013-08-14,92.77,91.65825,12,13.341000000000008,-13.341000000000008,-1.0,1,False,stop
B,BRK-B,2013-08-13,2013-08-15,117.35,115.98389999999999,10,13.66100000000003,-13.499999999999943,-0.9882146255764522,2,False,close_below_ema20
B,SCHW,2013-08-14,2013-08-15,22.38,21.628349999999998,50,37.582500000000074,-26.999999999999957,-0.7184194771502669,1,False,close_below_ema20
B,MU,2013-08-01,2013-08-16,13.38,12.382224958336396,48,47.893201999853034,37.91999999999996,0.7917616366539101,11,False,time_stop_10d
B,AMGN,2013-08-15,2013-08-16,108.22,103.20669000000001,11,55.14640999999989,-27.05999999999993,-0.49069377317580576,1,False,close_below_ema20
B,UNH,2013-08-19,2013-08-20,71.98,70.929,16,16.81600000000003,-2.0800000000001546,-0.12369172216937148,1,False,close_below_ema20
B,MA,2013-08-19,2013-08-20,62.423,61.501437,18,16.588133999999982,-5.543999999999997,-0.3342148068010545,1,False,close_below_ema20
B,ADP,2013-08-20,2013-08-22,63.4241,62.5800573,18,15.19276860000005,-3.636000000000095,-0.23932438489190727,2,False,close_below_ema20
B,FISV,2013-08-22,2013-08-27,24.81,24.4879875,46,14.812574999999981,-17.824999999999967,-1.2033694344163652,3,False,stop_gap
B,LOW,2013-08-21,2013-09-06,45.61,43.906114545493054,13,22.15051090859029,5.980000000000011,0.26997119952122095,11,False,time_stop_10d
B,GILD,2013-09-09,2013-09-24,61.48,59.36058,10,21.19419999999998,11.500000000000057,0.5426012777080553,11,False,time_stop_10d
B,LMT,2013-09-03,2013-10-03,123.35,121.59828,9,15.765479999999926,21.813759999999945,1.383640713761969,22,True,close_below_ema20
B,BKNG,2013-08-21,2013-10-09,37.686,37.114848,30,17.134559999999937,52.967999999999975,3.09129618735469,34,True,close_below_ema20
B,TMUS,2013-09-24,2013-10-09,25.14,24.4755,47,31.231500000000015,30.567000000000014,0.9787234042553191,11,True,breakeven_stop
B,NOW,2013-10-11,2013-10-16,10.364,9.607777023647069,79,59.74161513188163,-27.018000000000043,-0.45224756545930167,3,False,close_below_ema20
B,META,2013-10-11,2013-10-28,49.68,46.171325851853084,17,59.647460518497574,31.61999999999999,0.5301147731208801,11,False,time_stop_10d
B,BKNG,2013-10-11,2013-10-29,40.6596,38.857104,29,52.27238399999994,56.77039999999998,1.0860495668228953,12,False,time_stop_10d
B,REGN,2013-10-28,2013-10-29,306.81,293.61609000000004,4,52.77563999999984,-52.77563999999984,-1.0,1,False,stop
B,BX,2013-10-29,2013-10-31,26.1923,25.568106299999997,48,29.961297600000137,-23.07839999999993,-0.7702737147138723,2,False,close_below_ema20
B,RTX,2013-10-31,2013-11-01,67.4827,66.0571767,18,25.659419399999905,-8.836199999999934,-0.3443647676611095,1,False,close_below_ema20
B,TXN,2013-10-29,2013-11-13,41.41,40.08745425321477,30,39.67637240355671,7.20000000000006,0.18146820295886298,11,False,time_stop_10d
B,SPGI,2013-11-01,2013-11-18,66.878,64.9019331,18,35.569204200000115,30.481199999999944,0.8569547923706385,11,False,time_stop_10d
B,SBUX,2013-11-13,2013-11-20,40.525,39.4605,30,31.93499999999986,-13.800000000000026,-0.43212775951151045,5,False,close_below_ema20
B,BSX,2013-11-20,2013-11-26,12.15,11.59387576402966,104,57.83692054091543,-29.12000000000012,-0.503484620682732,4,False,close_below_ema20
B,RTX,2013-11-18,2013-12-04,68.5966,66.78420523537771,18,32.623105763201096,3.8519999999999754,0.11807582110545209,11,False,time_stop_10d
B,SPGI,2013-12-04,2013-12-11,70.3027,69.1928379,18,19.977517800000015,-19.977517800000015,-1.0,5,False,stop
B,AAPL,2013-11-26,2013-12-20,18.7811,18.3270546,67,30.421041799999884,53.71599639999998,1.7657513754180563,17,True,close_below_ema20
B,MU,2013-12-20,2013-12-24,22.28,20.789189999999998,43,64.10483000000013,-27.95000000000009,-0.43600458810982,2,False,close_below_ema20
B,SCHW,2013-12-11,2013-12-27,24.97,24.16581,52,41.81787999999992,42.12000000000012,1.0072246608388613,11,False,time_stop_10d
B,AAPL,2013-12-31,2014-01-03,20.0032,19.7059743,64,19.022444799999903,-16.524799999999914,-0.8687001157706079,2,False,close_below_ema20
B,MS,2013-12-26,2014-01-13,31.17,30.409560000000003,41,31.178039999999964,5.329999999999959,0.17095365840828883,11,False,time_stop_10d
B,BLK,2014-01-03,2014-01-13,315.38,310.15953,4,20.88187999999991,-20.88187999999991,-1.0,6,False,stop
B,AMZN,2013-10-16,2014-01-14,15.5395,14.867568247797344,61,40.98783688436204,197.79199999999997,4.825626698916208,61,True,close_below_ema20
B,AMAT,2014-01-14,2014-01-24,17.5,17.16282,73,24.614140000000003,-24.614140000000003,-1.0,7,False,stop
B,AMZN,2014-01-15,2014-01-24,19.947,19.4030775,64,34.81104000000005,-34.81104000000005,-1.0,6,False,stop
B,SCHW,2014-01-15,2014-01-27,25.66,24.74523,25,22.86925000000002,-8.499999999999996,-0.37167812674224077,7,False,close_below_ema20
B,BMY,2014-01-24,2014-01-27,54.6,52.65729,23,44.68232999999996,-80.96000000000006,-1.8119019308079982,1,False,close_below_ema20
B,NOW,2014-01-28,2014-01-30,11.834,11.202786,56,35.347984,103.93599999999999,2.9403657079849306,2,False,close_below_ema20
B,CMCSA,2014-01-27,2014-02-03,24.7798,24.4272483,49,17.275033300000143,16.92248160000014,0.9795918367346939,5,True,breakeven_stop
B,LMT,2014-02-03,2014-02-04,151.99,145.96497185029503,8,48.20022519763984,-33.600000000000136,-0.6970921787652848,1,False,close_below_ema20
B,TMO,2014-01-30,2014-02-05,115.92,112.38485034524031,6,21.210897928558154,-21.210897928558154,-1.0,4,False,stop
B,GILD,2014-02-04,2014-02-05,81.86,77.51241,14,60.866259999999954,-60.866259999999954,-1.0,1,False,stop
B,CRM,2014-01-28,2014-03-03,58.67,56.89305,20,35.53899999999999,55.338999999999956,1.5571344157123153,23,True,close_below_ema20
B,MU,2014-03-03,2014-03-10,24.36,23.876099999999997,53,25.646700000000106,-2.119999999999955,-0.08266170696424671,5,False,close_below_ema20
B,GOOGL,2014-02-06,2014-03-12,28.8071,28.2004713,43,26.08503409999992,50.40000539999999,1.9321425920620185,23,True,close_below_ema20
B,NOW,2014-03-11,2014-03-12,13.444,13.068918,97,36.382954000000076,-15.132000000000057,-0.415909054553405,1,False,close_below_ema20
B,MSFT,2014-03-12,2014-03-13,38.23,37.65231,34,19.641459999999896,-19.641459999999896,-1.0,1,False,stop
B,REGN,2014-03-12,2014-03-14,337.0,311.03664757480465,2,51.926704850390706,-20.059999999999945,-0.3863137485383691,2,False,close_below_ema20
B,ADBE,2014-03-13,2014-03-14,68.48,66.68325,18,32.34150000000005,-14.04000000000002,-0.4341171559760678,1,False,close_below_ema20
B,LMT,2014-02-05,2014-03-17,148.97,144.54531,8,35.397519999999986,93.27751999999998,2.635142800964588,27,True,close_below_ema20
B,SPGI,2014-03-17,2014-03-18,76.1211,75.099825,16,16.340400000000045,-16.340400000000045,-1.0,1,False,stop
B,BMY,2014-03-17,2014-03-20,54.48,53.82612,23,15.039239999999857,-15.039239999999857,-1.0,3,False,stop
B,META,2014-03-18,2014-03-20,68.95,66.55338,18,43.139159999999976,-16.91999999999996,-0.3922190418172252,2,False,close_below_ema20
B,DIS,2014-03-17,2014-03-24,80.5,79.49042999999999,8,8.076560000000086,1.67999999999995,0.20800935051555763,5,False,close_below_ema20
B,TJX,2014-03-24,2014-03-25,30.96,30.074895,22,19.472309999999986,-10.890000000000022,-0.5592556815293116,1,False,close_below_ema20
B,TXN,2014-03-20,2014-04-07,46.01,44.39380122681212,27,43.63736687607263,45.941168102884774,1.0527942309936984,12,True,close_below_ema20
B,WFC,2014-03-20,2014-04-07,48.41,47.222730000000006,25,29.681749999999774,29.250000000000043,0.9854540247795452,12,False,time_stop_10d
B,TMUS,2014-03-27,2014-04-07,32.83,31.94802,20,17.639599999999973,-17.639599999999973,-1.0,7,False,stop
B,MSFT,2014-04-09,2014-04-10,39.93,39.1608,31,23.845199999999934,-23.845199999999934,-1.0,1,False,stop
B,TXN,2014-04-09,2014-04-10,46.95,45.973980000000005,15,14.640299999999975,-14.640299999999975,-1.0,1,False,stop
B,ORCL,2014-04-08,2014-04-11,39.92,39.00096,31,28.490240000000078,-28.490240000000078,-1.0,3,False,stop
B,DIS,2014-04-10,2014-04-11,80.92,78.04188,15,43.171799999999934,-51.14999999999995,-1.1848011896654767,1,False,close_below_ema20
B,WFC,2014-04-10,2014-04-11,49.22,48.39156,14,11.598160000000007,-24.779999999999944,-2.1365457969195054,1,False,close_below_ema20
B,QCOM,2014-04-14,2014-04-24,78.92,77.40252000000001,15,22.76219999999988,-22.76219999999988,-1.0,7,False,stop
B,BSX,2014-04-15,2014-04-28,13.32,12.515072858218005,48,38.63650280553577,8.159999999999997,0.21119923925492673,8,False,close_below_ema20
B,WFC,2014-04-15,2014-05-01,48.68,46.9552333353585,25,43.1191666160375,26.500000000000057,0.6145758853823441,11,False,time_stop_10d
B,RTX,2014-04-30,2014-05-02,74.4808,73.17405269999999,8,10.453978400000096,-11.680000000000064,-1.1172779924626548,2,False,close_below_ema20
B,UNP,2014-04-30,2014-05-05,95.04,93.26664,12,21.28032000000013,-14.04000000000002,-0.659764514819323,3,False,close_below_ema20
B,NEE,2014-05-06,2014-05-09,24.56,24.330645,49,11.238394999999912,-11.238394999999912,-1.0,3,False,stop
B,WFC,2014-05-08,2014-05-12,49.43,48.82113,12,7.306440000000038,-0.5999999999999659,-0.0821193358188068,2,False,close_below_ema20
B,QCOM,2014-05-01,2014-05-16,78.86,76.69323,15,32.501549999999995,12.600000000000051,0.38767381863326683,11,False,time_stop_10d
B,LMT,2014-05-12,2014-05-16,165.5,162.40743,7,21.647989999999965,-21.647989999999965,-1.0,4,False,stop
B,ORCL,2014-05-12,2014-05-28,41.26,40.449510000000004,16,12.96783999999991,11.680000000000064,0.9006897062271083,11,False,time_stop_10d
B,LMT,2014-05-28,2014-05-29,163.43,159.73011,7,25.899230000000074,-16.170000000000016,-0.6243428858695788,1,False,close_below_ema20
B,GILD,2014-06-03,2014-06-09,81.8,80.38953,15,21.157050000000055,-21.157050000000055,-1.0,4,False,stop
B,DIS,2014-05-19,2014-06-13,80.43,79.13078999999999,14,18.18894000000023,34.42894000000018,1.892850270549012,18,True,close_below_ema20
B,GOOGL,2014-06-09,2014-06-17,28.44,27.400572,44,45.73483200000004,-36.16800000000012,-0.7908195661459976,6,False,close_below_ema20
B,ORCL,2014-06-17,2014-06-20,42.23,41.66829,29,16.28958999999994,-57.12999999999997,-3.5071478164889465,3,False,stop_gap
B,MSFT,2014-06-13,2014-07-01,41.1,40.24971,29,24.658410000000032,22.039999999999942,0.8938126991967411,12,False,time_stop_10d
B,CAT,2014-06-20,2014-07-08,108.05,105.62427000000001,10,24.257299999999873,21.599999999999966,0.8904535954125182,11,False,time_stop_10d
B,WFC,2014-07-01,2014-07-09,52.76,51.948,23,18.675999999999945,-18.675999999999945,-1.0,5,False,stop
B,FISV,2014-07-08,2014-07-10,30.475,30.19977,39,10.73397000000002,-10.73397000000002,-1.0,2,False,stop
B,BSX,2014-07-09,2014-07-10,13.06,12.90708,92,14.068639999999995,-14.068639999999995,-1.0,1,False,stop
B,META,2014-07-10,2014-07-11,65.12,62.14779,17,50.52757000000007,2.719999999999942,0.05383199706615494,1,False,close_below_ema20
B,CAT,2014-07-11,2014-07-18,109.57,107.6922,10,18.777999999999935,-1.3999999999998636,-0.07455533070613848,5,False,close_below_ema20
B,MU,2014-05-19,2014-07-29,26.37,25.22475,45,51.53625000000004,183.101,3.5528584248950956,49,True,close_below_ema20
B,CMCSA,2014-07-29,2014-07-31,25.9091,25.185177201440304,47,34.02437153230565,-34.02437153230565,-1.0,2,False,stop
B,MSFT,2014-07-10,2014-08-01,41.99,41.468489999999996,29,15.123790000000184,32.90228000000016,2.1755313978837156,16,True,close_below_ema20
B,SCHW,2014-07-18,2014-08-04,27.4,26.41356,46,45.37623999999992,18.400000000000098,0.4054985604801132,11,False,close_below_ema20
B,PANW,2014-08-05,2014-08-06,13.4167,12.79719,94,58.233940000000004,-26.949799999999975,-0.46278510435666853,1,False,close_below_ema20
B,SCHW,2014-08-06,2014-08-07,27.8,27.19278,45,27.324900000000074,-1.3500000000000512,-0.0494054873027915,1,False,close_below_ema20
B,AAPL,2014-08-07,2014-08-08,23.87,23.56641,53,16.09026999999999,-16.164999999999985,-1.004644421753022,1,False,close_below_ema20
B,INTU,2014-08-07,2014-08-08,81.15,79.59033000000001,15,23.395049999999955,-3.299999999999983,-0.14105547968480467,1,False,close_below_ema20
B,INTU,2014-08-11,2014-08-25,81.7,79.59033000000001,15,31.645049999999912,29.53537999999992,0.9333333333333333,10,True,breakeven_stop
B,AAPL,2014-08-11,2014-09-04,23.8175,23.29668,53,27.603460000000027,51.24764000000002,1.8565658073299496,17,True,close_below_ema20
B,INTC,2014-09-04,2014-09-15,34.88,34.39557,37,17.92391000000012,-6.290000000000063,-0.3509278946390615,7,False,close_below_ema20
B,TSLA,2014-08-01,2014-09-16,15.4267,14.721264000000001,80,56.43487999999991,119.76687999999996,2.1222137798467924,31,True,close_below_ema20
B,CMCSA,2014-08-25,2014-09-23,25.5811,25.2418329,51,17.302622100000036,34.0193550000001,1.9661387044915017,20,True,close_below_ema20
B,DIS,2014-09-15,2014-09-23,90.2,88.66125,14,21.542500000000103,-15.119999999999976,-0.7018683996750564,6,False,close_below_ema20
B,INTC,2014-09-16,2014-09-23,34.77,34.195769999999996,38,21.82074000000027,-2.2800000000000864,-0.10448774881145452,5,False,close_below_ema20
B,MS,2014-09-25,2014-09-26,35.1,34.495470000000005,21,12.695129999999935,-14.910000000000018,-1.174466114171347,1,False,close_below_ema20
B,UNP,2014-09-26,2014-10-01,108.63,106.86303,6,10.601820000000004,-10.601820000000004,-1.0,3,False,stop
B,META,2014-09-23,2014-10-02,77.53,74.17452892673346,16,53.68753717226468,-15.360000000000127,-0.2860999183239718,7,False,close_below_ema20
B,ABBV,2014-09-24,2014-10-02,58.27,56.5434,22,37.985200000000106,-16.060000000000088,-0.4227962469593432,6,False,close_below_ema20
B,REGN,2014-10-01,2014-10-03,363.95,351.12852000000004,2,25.642959999999903,-16.819999999999936,-0.6559305166018276,2,False,close_below_ema20
B,FISV,2014-10-02,2014-10-03,32.35,31.69827,39,25.417470000000023,-2.3400000000000887,-0.09206266398662363,1,False,close_below_ema20
B,GILD,2014-10-03,2014-10-07,105.91,103.50639,11,26.439710000000005,-11.660000000000025,-0.44100332416656696,2,False,close_below_ema20
B,VRTX,2014-10-03,2014-10-08,107.37,101.41848,10,59.51520000000002,-38.900000000000006,-0.6536145388068929,3,False,close_below_ema20
B,META,2014-10-07,2014-10-08,77.89,75.56436,15,34.884600000000106,-25.649999999999906,-0.7352814709069282,1,False,close_below_ema20
B,PANW,2014-10-03,2014-10-10,17.0033,15.863917606266602,56,63.80541404907025,-63.80541404907025,-1.0,5,False,stop
B,META,2014-10-09,2014-10-10,77.71,75.02489999999999,14,37.59140000000008,-29.679999999999865,-0.7895422889277814,1,False,close_below_ema20
B,VRTX,2014-10-09,2014-10-15,107.67,101.41848,10,62.51519999999999,-56.70000000000002,-0.906979422604423,4,False,close_below_ema20
B,PANW,2014-10-30,2014-11-06,17.5533,16.6666167,67,59.40778110000009,-14.739999999999924,-0.24811564625159685,5,False,close_below_ema20
B,GILD,2014-11-07,2014-11-10,108.9,105.64425,11,35.81325000000007,1.8699999999998624,0.05221531137218373,1,False,close_below_ema20
B,LMT,2014-11-11,2014-11-18,187.26,184.72509,6,15.209459999999979,-15.209459999999979,-1.0,5,False,stop
B,VRTX,2014-11-18,2014-11-19,112.28,109.93995,11,25.740550000000056,-13.75,-0.5341766201576877,1,False,close_below_ema20
B,ISRG,2014-10-28,2014-12-08,53.3311,52.142205600000004,22,26.155676799999895,52.33567679999992,2.0009299396144904,28,True,close_below_ema20
B,ADBE,2014-12-10,2014-12-11,71.66,70.60932000000001,17,17.861559999999756,-26.52000000000004,-1.4847527315643427,1,False,close_below_ema20
B,VRTX,2014-12-11,2014-12-15,121.65,116.61327,10,50.36730000000006,-50.36730000000006,-1.0,2,False,stop
B,REGN,2014-11-07,2014-12-16,378.24,364.88475,3,40.06575000000004,59.710500000000025,1.4903127983377316,26,True,close_below_ema20
B,HD,2014-11-20,2014-12-16,97.31,95.88402,12,17.111759999999947,17.111759999999947,1.0,17,True,breakeven_stop
B,DIS,2014-12-15,2014-12-16,92.61,90.56934,13,26.528580000000034,-27.429999999999993,-1.0339792028069335,1,False,close_below_ema20
B,AMGN,2014-12-18,2014-12-23,166.1,157.96655631844948,7,56.93410577085362,-8.329999999999984,-0.14630949036990717,3,False,close_below_ema20
B,REGN,2014-12-18,2014-12-23,415.49,390.67643698235304,1,24.81356301764697,-5.110000000000014,-0.20593576167863806,3,False,close_below_ema20
B,LLY,2014-12-23,2014-12-24,71.67,68.96097,16,43.344479999999976,-26.079999999999927,-0.6016913803095559,1,False,close_below_ema20
B,MDT,2014-12-31,2015-01-02,73.63,72.58734,16,16.682559999999967,-24.0,-1.438628124220746,1,False,close_below_ema20
B,UNP,2015-01-02,2015-01-05,120.77,118.90097999999999,9,16.821180000000055,-22.139999999999944,-1.3161977934960492,1,False,stop_gap
B,AMAT,2014-12-16,2015-01-06,24.05,23.24673,49,39.36023000000006,40.55696000000002,1.0304045479409027,13,True,close_below_ema20
B,VRTX,2014-12-26,2015-01-07,117.29,109.23066,7,56.41538000000004,10.709999999999908,0.18984184809177745,7,False,close_below_ema20
B,V,2015-01-08,2015-01-12,65.8,63.72227826987954,9,18.699495571084128,-4.859999999999928,-0.25990005888261314,2,False,close_below_ema20
B,PANW,2015-01-05,2015-01-16,20.4933,19.5804,58,52.94820000000003,-12.469999999999992,-0.23551319969328485,9,False,close_below_ema20
B,LOW,2015-01-07,2015-01-16,66.86,65.29464,17,26.61111999999997,-14.61999999999999,-0.5493943885112692,7,False,close_below_ema20
B,LOW,2015-01-20,2015-01-21,68.11,65.8341,17,38.69029999999988,-14.109999999999971,-0.3646908915154448,1,False,close_below_ema20
B,PANW,2015-01-20,2015-01-22,20.8633,20.1964833,55,36.674918499999904,-36.674918499999904,-1.0,2,False,stop
B,VRTX,2015-01-21,2015-01-29,125.26,117.03285000000001,6,49.36289999999997,-77.16,-1.56311723987043,6,False,close_below_ema20
B,AVGO,2015-01-20,2015-02-02,10.391,9.990998999999999,57,22.80005700000008,-3.7620000000000413,-0.16499958750103247,9,False,close_below_ema20
B,LOW,2015-01-22,2015-02-02,67.87,65.8341,17,34.61029999999997,-4.930000000000106,-0.1424431455376033,7,False,close_below_ema20
B,LLY,2015-01-30,2015-02-02,73.02,70.34958,14,37.3858799999999,-37.3858799999999,-1.0,1,False,stop
B,AVGO,2015-02-03,2015-02-04,10.349,9.906084,105,46.50618000000003,-5.8800000000000985,-0.12643480930921644,1,False,close_below_ema20
B,UNH,2015-02-03,2015-02-10,107.35,104.96493,5,11.925349999999995,-0.449999999999946,-0.0377347415379797,5,False,close_below_ema20
B,HD,2015-02-04,2015-02-20,107.32,102.57615895098243,10,47.43841049017561,34.90000000000009,0.7356907543777801,11,False,time_stop_10d
B,LOW,2015-02-03,2015-03-11,69.08,66.10383,15,44.64254999999994,78.43000000000004,1.756844087087322,25,True,close_below_ema20
B,PANW,2015-02-10,2015-03-11,21.06,20.1980817,29,24.995630699999978,54.60921239999999,2.1847503291845336,20,True,close_below_ema20
B,BX,2015-03-11,2015-03-26,37.6251,37.0188441,31,18.793932900000023,-18.556600000000145,-0.9873718342370011,11,False,close_below_ema20
B,PANW,2015-03-27,2015-04-02,23.6317,22.3659117,46,58.22626179999986,2.4518000000000058,0.04210814715225307,4,False,close_below_ema20
B,LOW,2015-04-02,2015-04-08,74.85,72.40752,15,36.63719999999984,-9.899999999999949,-0.2702171563329073,3,False,close_below_ema20
B,UNH,2015-02-20,2015-04-16,110.36,108.41148,10,19.48520000000002,77.33520000000006,3.968920000821135,38,True,close_below_ema20
B,CRM,2015-04-16,2015-04-17,67.51,66.2337,17,21.697100000000106,-21.697100000000106,-1.0,1,False,stop
B,PANW,2015-04-08,2015-04-20,24.465,23.233443299999998,48,59.11472160000011,-23.91840000000002,-0.4046098730168083,8,False,close_below_ema20
B,BSX,2015-03-11,2015-04-28,16.6,16.383599999999998,70,15.148000000000259,61.24999999999988,4.043438077633934,33,True,close_below_ema20
B,REGN,2015-04-20,2015-04-30,455.78,442.1574,2,27.245199999999954,27.245199999999954,1.0,8,True,breakeven_stop
B,ADI,2015-04-28,2015-04-30,63.27,61.78815,19,28.155150000000027,-13.680000000000113,-0.4858791375645344,2,False,close_below_ema20
B,SBUX,2015-04-20,2015-05-07,48.0,47.34261,24,15.777359999999987,24.65736000000001,1.5628318045604608,13,True,close_below_ema20
B,DIS,2015-05-01,2015-05-12,110.19,107.57232,10,26.17679999999993,-15.900000000000034,-0.6074080865499251,7,False,close_below_ema20
B,BX,2015-05-01,2015-06-05,40.9715,39.852207899999996,29,32.45947090000008,49.74067880000009,1.5323933946193797,24,True,close_below_ema20
B,REGN,2015-05-07,2015-06-05,480.01,453.5761519388519,1,26.43384806114807,52.86769612229614,2.0,20,False,target_2R_all
B,SBUX,2015-06-05,2015-06-08,52.18,51.51843,24,15.877679999999941,-15.877679999999941,-1.0,1,False,stop
B,CRM,2015-06-05,2015-06-08,73.48,71.58834,17,32.15822000000003,-32.15822000000003,-1.0,1,False,stop
B,AMZN,2015-06-09,2015-06-10,21.34,21.0504285,59,17.084718500000058,-1.0029999999999681,-0.05870743495129666,1,False,close_below_ema20
B,AVGO,2015-06-10,2015-06-25,14.073,13.637349,89,38.772939,-5.340000000000044,-0.13772492201326406,11,False,close_below_ema20
B,CRM,2015-06-25,2015-06-26,74.55,72.91700999999999,17,27.760830000000112,-27.760830000000112,-1.0,1,False,stop
B,TMUS,2015-05-12,2015-06-30,34.33,32.87338650754204,34,49.52485874357069,130.10485874357073,2.627061682643586,34,True,close_below_ema20
B,ADBE,2015-06-30,2015-07-01,82.19,81.06885000000001,15,16.817249999999788,-16.817249999999788,-1.0,1,False,stop
B,PANW,2015-07-01,2015-07-06,29.4317,28.053671335082097,42,57.87720392655191,-20.7227999999999,-0.35804770434829264,2,False,close_below_ema20
B,AMZN,2015-07-01,2015-07-07,21.9675,21.428549999999998,57,30.720150000000192,-30.720150000000192,-1.0,3,False,stop
B,SBUX,2015-06-10,2015-07-09,51.8,51.0489,24,18.026399999999853,45.26639999999989,2.511117028358422,20,True,close_below_ema20
B,BMY,2015-07-06,2015-07-21,68.08,65.87414970439048,18,39.705305320971405,36.54000000000002,0.9202800407808589,11,False,time_stop_10d
B,GILD,2015-07-21,2015-07-22,118.95,117.09279,10,18.57210000000009,-21.300000000000097,-1.1468816127416928,1,False,stop_gap
B,FISV,2015-07-07,2015-07-28,42.19,41.2587,29,27.007700000000007,33.801400000000015,1.251546781103167,15,True,close_below_ema20
B,MDLZ,2015-07-13,2015-07-28,41.71,40.94901,15,11.414849999999994,9.299999999999962,0.8147281830247411,11,False,time_stop_10d
B,HD,2015-07-22,2015-07-28,113.97,112.05783,11,21.033870000000036,-2.309999999999931,-0.10982287139741413,4,False,close_below_ema20
B,ABBV,2015-07-28,2015-08-07,70.96,68.27179840450486,17,45.69942712341721,-31.959999999999923,-0.699352311653444,8,False,close_below_ema20
B,SCHW,2015-07-29,2015-08-12,34.61,33.806160000000006,24,19.292159999999853,-19.292159999999853,-1.0,10,False,stop
B,MA,2015-08-10,2015-08-12,98.37,96.01389,13,30.629430000000013,-30.629430000000013,-1.0,2,False,stop
B,AMGN,2015-08-12,2015-08-17,169.73,166.2336,7,24.47479999999996,-18.75999999999985,-0.7665026884795741,3,False,close_below_ema20
B,REGN,2015-07-28,2015-08-20,553.3,529.81965,2,46.96069999999986,46.96069999999986,1.0,17,True,breakeven_stop
B,SBUX,2015-08-17,2015-08-21,57.12,55.102956385529616,22,44.37495951834839,-52.79999999999997,-1.1898602403945393,4,False,close_below_ema20
B,TJX,2015-08-12,2015-08-24,35.1,34.410555,36,24.82001999999997,17.639999999999944,0.7107165908810695,8,True,stop_gap
B,TMUS,2015-10-26,2015-10-27,41.5,39.800160000000005,29,49.295359999999846,-49.295359999999846,-1.0,1,False,stop
B,MDLZ,2015-10-30,2015-11-02,46.44,45.37458,26,27.700919999999897,-27.700919999999897,-1.0,1,False,stop
B,MDLZ,2015-11-04,2015-11-06,46.73,45.03492,25,42.37699999999993,-42.37699999999993,-1.0,2,False,stop
B,PEP,2015-11-04,2015-11-06,101.21,99.73017,6,8.878979999999956,-8.878979999999956,-1.0,2,False,stop
B,CRM,2015-11-06,2015-11-09,79.48,77.4225,15,30.862500000000068,-30.862500000000068,-1.0,1,False,stop
B,SBUX,2015-11-10,2015-11-12,61.97,60.79914,18,21.075479999999956,-21.075479999999956,-1.0,2,False,stop
B,NFLX,2015-11-11,2015-11-13,11.308,10.790199,54,27.96125400000002,-27.96125400000002,-1.0,2,False,stop
B,CRM,2015-11-12,2015-11-13,79.0,77.2227,13,23.104899999999958,-23.104899999999958,-1.0,1,False,stop
B,V,2015-11-04,2015-11-19,78.58,75.120173127664,15,51.897403085039926,30.29999999999994,0.5838442426560317,11,False,time_stop_10d
B,MA,2015-11-19,2015-11-25,99.22,96.4035,11,30.981500000000054,-7.479999999999919,-0.24143440440262434,4,False,close_below_ema20
B,REGN,2015-11-25,2015-11-27,569.93,559.96947,2,19.921059999999898,-11.699999999999818,-0.5873181447171927,1,False,close_below_ema20
B,MDT,2015-11-24,2015-11-30,76.75,75.60432,14,16.039519999999982,-16.039519999999982,-1.0,3,False,stop
B,FISV,2015-11-27,2015-12-03,47.875,47.24271,23,14.542669999999944,-14.542669999999944,-1.0,4,False,stop
B,ACN,2015-11-27,2015-12-03,107.74,106.60328999999999,6,6.820260000000047,-6.820260000000047,-1.0,4,False,stop
B,BLK,2015-11-30,2015-12-03,360.0,354.91472999999996,3,15.25581000000011,-15.25581000000011,-1.0,3,False,stop
B,GE,2015-12-03,2015-12-04,144.8754,143.0069499,7,13.079150700000127,-5.367600000000124,-0.41039361982426514,1,False,close_below_ema20
B,COST,2015-12-03,2015-12-09,164.51,160.46937,6,24.24377999999996,-24.24377999999996,-1.0,4,False,stop
B,AMZN,2015-12-08,2015-12-09,33.773,32.991975,20,15.620500000000135,-15.620500000000135,-1.0,1,False,stop
B,SBUX,2015-12-07,2015-12-10,61.87,59.42525303341978,18,44.00544539844394,-13.319999999999908,-0.3026898121219996,3,False,close_below_ema20
B,FISV,2015-12-09,2015-12-10,47.43,46.518435,23,20.96599500000007,-15.985000000000007,-0.7624250601986671,1,False,close_below_ema20
B,COST,2015-12-17,2015-12-18,163.25,158.06178,6,31.129320000000007,-20.760000000000048,-0.6668953899410601,1,False,close_below_ema20
B,V,2015-12-17,2015-12-18,79.98,76.75056558209347,12,38.75321301487838,-38.75321301487838,-1.0,1,False,stop
B,NFLX,2015-12-17,2015-12-21,12.397,11.454533999999999,57,53.72056200000008,-25.421999999999983,-0.4732266203767553,2,False,close_below_ema20
B,SCHW,2015-12-30,2016-01-04,33.62,32.069665495884465,31,48.060369627581515,-51.76999999999994,-1.0771868880985362,2,False,close_below_ema20
B,PEP,2016-03-23,2016-03-24,101.51,100.21968,5,6.451600000000042,-6.451600000000042,-1.0,1,False,stop
B,COST,2016-03-24,2016-03-28,153.93,151.48836,3,7.32492000000002,-6.389999999999986,-0.8723644763355735,1,False,close_below_ema20
B,GE,2016-03-17,2016-04-07,145.2588,142.62393329999998,7,18.444066900000223,23.66880020000019,1.2832744713152122,14,True,close_below_ema20
B,META,2016-04-07,2016-04-08,113.81,111.49839,9,20.804490000000015,-20.804490000000015,-1.0,1,False,stop
B,MSFT,2016-04-08,2016-04-12,54.91,54.15579,19,14.329989999999874,-14.329989999999874,-1.0,2,False,stop
B,PEP,2016-03-28,2016-04-21,100.96,100.04985,9,8.191349999999886,14.181199999999947,1.7312408821500906,18,True,close_below_ema20
B,AMAT,2016-04-22,2016-04-28,21.24,20.829150000000002,50,20.54249999999982,-20.54249999999982,-1.0,4,False,stop
B,GE,2016-04-28,2016-04-29,148.6135,145.11354120000001,7,24.499711599999813,-8.72269999999989,-0.3560327624428018,1,False,close_below_ema20
B,ISRG,2016-03-21,2016-05-04,64.8356,62.2732644,16,40.997369599999956,69.53896959999997,1.6961812496380266,31,True,close_below_ema20
B,BKNG,2016-04-29,2016-05-04,54.2364,52.353594,19,35.77331400000004,-74.41160000000005,-2.080086849096507,3,False,stop_gap
B,CVX,2016-05-05,2016-05-09,102.3,100.28961,10,20.10390000000001,-20.10390000000001,-1.0,2,False,stop
B,JNJ,2016-04-12,2016-05-20,109.62,107.77212,9,16.63092000000003,27.68304000000002,1.6645525322712134,28,True,close_below_ema20
B,SPGI,2016-05-09,2016-05-24,98.8552,94.45487464880246,10,44.00325351197537,41.817000000000064,0.9503160939819978,11,False,time_stop_10d
B,ISRG,2016-05-20,2016-06-07,69.5167,68.05188000000001,14,20.507479999999845,14.560000000000088,0.7099848445542893,11,False,time_stop_10d
B,XOM,2016-06-07,2016-06-22,89.75,87.52239,11,24.503709999999984,22.990000000000038,0.9382252728260354,11,False,time_stop_10d
B,MDT,2016-05-05,2016-06-27,79.42,78.55136999999999,12,10.423560000000123,21.52356000000009,2.064895294889638,36,True,close_below_ema20
B,ISRG,2016-06-22,2016-06-27,72.3333,70.5272022,15,27.091466999999838,-27.091466999999838,-1.0,3,False,stop
B,NEE,2016-06-27,2016-07-21,31.2725,30.41514605570809,34,29.15003410592501,37.267534105924994,1.2784730875615007,17,True,close_below_ema20
B,SYK,2016-06-29,2016-07-22,117.02,114.1857,9,25.50869999999999,22.67439999999999,0.8888888888888888,16,True,breakeven_stop
B,CVX,2016-07-22,2016-07-25,105.85,104.76513,10,10.848699999999951,-10.848699999999951,-1.0,1,False,stop
B,ETN,2016-07-25,2016-08-03,63.44,62.567370000000004,17,14.834709999999895,13.9620799999999,0.9411764705882353,7,True,breakeven_stop
B,NEE,2016-08-03,2016-08-05,32.08,31.3561125,34,24.612175,-13.089999999999932,-0.5318505983319204,2,False,close_below_ema20
B,BSX,2016-08-05,2016-08-09,24.2,23.71626,45,21.768300000000043,-9.899999999999949,-0.4547897630958747,2,False,close_below_ema20
B,UNH,2016-05-24,2016-08-10,131.2,128.40147,7,19.589709999999997,59.47118000000006,3.035837692339502,54,True,close_below_ema20
B,LOW,2016-08-09,2016-08-11,81.88,80.43947999999999,13,18.726760000000084,-4.03000000000003,-0.21520006664260188,2,False,close_below_ema20
B,TMO,2016-08-10,2016-08-11,157.25,155.51433,7,12.149689999999993,-7.069999999999936,-0.5819078511468145,1,False,close_below_ema20
B,JNJ,2016-08-11,2016-08-12,123.85,123.10677,8,5.945839999999976,-5.945839999999976,-1.0,1,False,stop
B,UNH,2016-08-11,2016-08-16,142.34,140.78907,7,10.856509999999957,-8.329999999999984,-0.7672815665439462,3,False,close_below_ema20
B,LOW,2016-08-12,2016-08-17,82.09,80.43947999999999,13,21.456760000000187,-57.46000000000002,-2.677943920703756,3,False,stop_gap
B,TMUS,2016-08-17,2016-08-18,46.95,46.193760000000005,23,17.39351999999996,-17.39351999999996,-1.0,1,False,stop
B,IBM,2016-08-18,2016-08-19,154.0727,152.6578893,6,8.488864200000023,-8.488864200000023,-1.0,1,False,stop
B,ABBV,2016-07-21,2016-08-24,63.9,62.87706,17,17.389979999999973,38.05703999999995,2.188446450197183,24,True,close_below_ema20
B,ISRG,2016-08-19,2016-08-25,76.3778,75.3801444,13,12.969522799999837,-3.467100000000002,-0.26732672076416303,4,False,close_below_ema20
B,CAT,2016-08-26,2016-08-29,83.21,82.42749,12,9.390119999999854,-8.399999999999864,-0.8945572580542096,1,False,close_below_ema20
B,BSX,2016-08-29,2016-09-01,24.04,23.48649,41,22.69390999999997,1.2300000000000466,0.05419956279019562,3,False,close_below_ema20
B,DHR,2016-08-26,2016-09-06,71.5957,70.7271021,9,7.817381099999977,-7.817381099999977,-1.0,6,False,stop
B,ADBE,2016-08-18,2016-09-09,100.81,99.35055,10,14.594500000000039,14.594500000000039,1.0,15,True,breakeven_stop
B,ISRG,2016-09-01,2016-09-09,76.6144,75.63429,12,11.761320000000126,-11.761320000000126,-1.0,5,False,stop
B,MRK,2016-09-06,2016-09-12,60.3721,59.2727679,17,18.688645700000087,-20.600600000000064,-1.1023056635933746,4,False,close_below_ema20
B,AMAT,2016-09-12,2016-09-26,29.65,28.64133,35,35.303449999999955,-5.600000000000005,-0.15862472364598962,10,False,close_below_ema20
B,META,2016-09-14,2016-09-27,128.35,125.62425,8,21.805999999999926,-5.919999999999959,-0.2714849124094276,9,False,close_below_ema20
B,TMUS,2016-09-27,2016-10-06,47.12,44.97826999339536,22,47.11806014530207,-26.839999999999975,-0.5696329585138082,7,False,close_below_ema20
B,INTC,2016-09-27,2016-10-11,36.94,36.5634,28,10.544799999999896,10.544799999999896,1.0,10,True,breakeven_stop
B,ISRG,2016-10-07,2016-10-11,79.9989,79.14077999999999,13,11.155560000000179,-11.155560000000179,-1.0,2,False,stop
B,AMZN,2016-09-15,2016-10-18,38.375,37.7622,14,8.5792,28.48300000000002,3.3200065274151456,23,True,close_below_ema20
B,INTC,2016-10-14,2016-10-19,37.19,36.42354,28,21.46087999999986,-31.35999999999993,-1.4612634710226295,3,False,stop_gap
B,ISRG,2016-10-18,2016-10-19,79.8756,78.4082133,7,10.27170690000004,-10.27170690000004,-1.0,1,False,stop
B,UNP,2016-10-13,2016-10-20,96.8,95.47443,10,13.25569999999999,-23.999999999999915,-1.810541880096859,5,False,stop_gap
B,CVX,2016-10-19,2016-10-24,102.47,99.51039,5,14.79804999999999,-4.549999999999983,-0.30747294407033265,3,False,close_below_ema20
B,META,2016-10-19,2016-10-28,129.39,126.62325,8,22.1339999999999,8.88000000000011,0.4011927351585863,7,False,close_below_ema20
B,JPM,2016-10-20,2016-11-04,68.5,66.67326,14,25.574360000000013,-0.14000000000007162,-0.005474232786277801,11,False,time_stop_10d
B,MS,2016-11-03,2016-11-04,33.17,32.697269999999996,30,14.18190000000017,-10.500000000000043,-0.7403803439595482,1,False,close_below_ema20
B,QCOM,2016-11-07,2016-11-10,67.72,65.67425999999999,14,28.64036000000013,-28.64036000000013,-1.0,3,False,stop
B,COP,2016-11-15,2016-11-18,44.26,43.34661,24,21.921359999999993,-13.199999999999932,-0.6021524212001416,3,False,close_below_ema20
B,BKNG,2016-11-21,2016-12-01,61.16,59.2299108,17,32.81151639999996,-18.570799999999963,-0.5659842042533574,7,False,close_below_ema20
B,ADI,2016-12-05,2016-12-20,70.84,68.35158,15,37.326300000000074,31.199999999999974,0.8358717579829748,11,False,time_stop_10d
B,BAC,2016-11-04,2016-12-30,16.67,16.263720000000003,61,24.78307999999993,195.5499999999999,7.890463977842965,38,True,close_below_ema20
B,UNP,2016-12-20,2017-01-03,103.89,102.40749000000001,10,14.825099999999907,-14.825099999999907,-1.0,8,False,stop
B,AVGO,2016-12-30,2017-01-03,18.067,17.845137,61,13.533642999999941,-14.517999999999972,-1.0727340746316447,1,False,close_below_ema20
B,TMUS,2016-10-24,2017-01-09,48.32,46.5819303265076,11,19.11876640841637,66.88069673492397,3.4981700861977205,52,True,close_below_ema20
B,C,2017-01-03,2017-01-13,60.68,58.62132,18,37.056240000000045,-22.139999999999944,-0.5974702236384457,8,False,close_below_ema20
B,MS,2017-01-13,2017-01-17,44.02,42.63732,25,34.567000000000014,-34.567000000000014,-1.0,1,False,stop
B,SCHW,2017-01-03,2017-01-18,40.05,39.2607,27,21.311099999999925,20.80179999999997,0.9761016559445568,10,True,close_below_ema20
B,TMUS,2017-01-17,2017-01-18,57.85,55.244699999999995,19,49.50070000000013,-5.890000000000043,-0.1189882163282545,1,False,close_below_ema20
B,IBM,2017-01-18,2017-01-19,160.7839,157.91073120000001,6,17.23901279999984,-6.99779999999987,-0.4059281167190696,1,False,close_below_ema20
B,DE,2017-01-19,2017-02-24,105.65,103.88601,10,17.63990000000007,25.73990000000002,1.4591862765661892,25,True,close_below_ema20
B,UNH,2017-02-24,2017-03-22,162.67,157.6340821574912,6,30.215507055052683,32.76000000000005,1.0842114924734274,18,False,time_stop_10d
B,AMAT,2017-01-09,2017-04-06,32.27,31.62834,17,10.908220000000028,64.98656000000001,5.957576946559553,61,True,close_below_ema20
B,TMUS,2017-03-23,2017-04-06,63.58,62.277660000000004,18,23.44211999999989,-23.44211999999989,-1.0,10,False,stop
B,AVGO,2017-04-07,2017-04-10,21.847,21.537441,51,15.787509000000007,-7.140000000000029,-0.45225627424820636,1,False,close_below_ema20
B,NFLX,2017-04-10,2017-04-11,14.389,14.256729,77,10.18486699999995,3.003000000000114,0.294849211089367,1,False,close_below_ema20
B,NFLX,2017-04-12,2017-04-13,14.485,14.106879000000001,77,29.115316999999877,-4.6199999999999015,-0.15867936454203543,1,False,close_below_ema20
B,AAPL,2017-04-13,2017-04-17,35.5375,34.979985,31,17.28296500000007,-5.192500000000123,-0.300440346896502,1,False,close_below_ema20
B,TMUS,2017-04-07,2017-05-04,63.33,62.157779999999995,18,21.099960000000053,40.449960000000104,1.9170633498831278,18,True,close_below_ema20
B,PGR,2017-05-04,2017-05-15,40.18,39.25071,30,27.87870000000005,-0.9000000000000341,-0.03228271045637108,7,False,close_below_ema20
B,LOW,2017-05-15,2017-05-17,85.19,84.09582,14,15.318519999999921,-15.318519999999921,-1.0,2,False,stop
B,ADBE,2017-01-18,2017-05-18,108.5,106.95294,9,13.923540000000017,133.72648000000007,9.604344872065575,84,True,close_below_ema20
B,NFLX,2017-05-19,2017-06-09,15.689,15.2847,78,31.53539999999994,31.53539999999994,1.0,14,True,breakeven_stop
B,ADI,2017-06-09,2017-06-12,82.93,78.91069287309037,15,60.28960690364457,-73.80000000000003,-1.2240915771427718,1,False,close_below_ema20
B,LRCX,2017-04-17,2017-06-13,12.728,12.478508999999999,86,21.45622600000007,154.62800000000001,7.2066727857918496,40,True,close_below_ema20
B,AVGO,2017-06-13,2017-06-15,24.496,23.551425,50,47.22875000000002,-48.09999999999999,-1.0184474499113352,2,False,close_below_ema20
B,CMCSA,2017-06-12,2017-06-20,38.4817,37.9001619,32,18.60921919999987,-18.60921919999987,-1.0,6,False,stop
B,CAT,2017-06-15,2017-06-22,105.99,102.48389718418109,11,38.567130974007966,-26.62000000000002,-0.690225052466059,5,False,close_below_ema20
B,META,2017-06-22,2017-06-28,154.08,148.88048790903753,7,36.3965846367374,-22.120000000000175,-0.6077493319983943,4,False,close_below_ema20
B,MU,2017-06-20,2017-07-03,31.4,29.180790000000002,28,62.13787999999991,-36.679999999999964,-0.5903001518558408,9,False,close_below_ema20
B,TSLA,2017-07-03,2017-07-05,24.6827,23.5830933,47,51.681514899999954,-72.19200000000006,-1.3968630784079459,1,False,close_below_ema20
B,VRTX,2017-07-05,2017-07-06,129.89,126.19367999999999,8,29.57056,-29.57056,-1.0,1,False,stop
B,NOW,2017-07-06,2017-07-07,21.128,20.623355999999998,51,25.73684400000013,-11.322000000000067,-0.43991407804313576,1,False,close_below_ema20
B,SPGI,2017-06-28,2017-07-14,139.5932,136.741122,8,22.816624000000047,12.639200000000073,0.553946981814665,11,False,time_stop_10d
B,MCD,2017-07-07,2017-07-18,153.46,151.83801,7,11.353930000000076,9.731940000000066,0.8571428571428571,7,True,breakeven_stop
B,UNH,2017-07-17,2017-07-18,187.13,184.58523000000002,6,15.268619999999828,-15.268619999999828,-1.0,1,False,stop
B,VRTX,2017-07-19,2017-07-27,161.8,154.86793619346525,6,41.59238283920854,-41.59238283920854,-1.0,6,False,stop
B,ABBV,2017-07-27,2017-07-28,72.78,71.87805,14,12.627299999999991,-15.960000000000008,-1.2639281556627322,1,False,close_below_ema20
B,SYK,2017-07-28,2017-08-10,145.99,142.82703,6,18.97782000000001,-7.0200000000000955,-0.3699055002102503,9,False,close_below_ema20
B,DE,2017-07-18,2017-08-11,126.02,123.12675,9,26.039249999999953,32.695999999999955,1.2556429236633164,18,True,close_below_ema20
B,UNH,2017-08-11,2017-08-18,194.39,192.2076,5,10.911999999999864,-10.911999999999864,-1.0,5,False,stop
B,SYK,2017-08-14,2017-08-18,144.98,143.39646,7,11.084779999999995,-0.4200000000000159,-0.03788979122725179,4,False,close_below_ema20
B,PGR,2017-05-17,2017-08-29,40.32,39.87009,30,13.497300000000081,118.49999999999997,8.779533684514625,72,True,close_below_ema20
B,LMT,2017-08-21,2017-09-07,301.26,298.52118,3,8.216459999999927,5.857639999999947,0.7129152944211983,12,True,close_below_ema20
B,AMAT,2017-09-07,2017-09-11,44.96,43.82613,26,29.480620000000044,-1.8200000000000074,-0.06173547232046017,2,False,close_below_ema20
B,LRCX,2017-08-29,2017-09-27,16.104,15.636348,69,32.26798799999995,81.01033600000002,2.5105481011087565,20,True,close_below_ema20
B,NFLX,2017-09-27,2017-10-03,18.101,17.637345,67,31.06488499999995,-22.5119999999999,-0.7246767531893306,4,False,close_below_ema20
B,ANET,2017-09-11,2017-11-03,10.9031,10.5899994,107,33.50176420000003,125.61506359999997,3.7495059319890935,39,True,close_below_ema20
B,NFLX,2017-10-04,2017-11-10,18.141,17.637345,68,34.24853999999989,68.92854,2.0125979092831465,27,True,close_below_ema20
B,CAT,2017-08-18,2017-11-16,114.37,112.63725,10,17.3275000000001,123.39999999999996,7.121627470783394,63,True,close_below_ema20
B,NOW,2017-11-03,2017-11-16,25.0,23.788786359901355,51,61.771895645030895,-14.58600000000007,-0.2361267992133152,9,False,close_below_ema20
B,ABBV,2017-11-16,2017-12-04,94.7,92.62728,13,26.94536000000005,21.710000000000022,0.8057045814195832,11,False,time_stop_10d
B,ANET,2017-12-04,2017-12-05,14.5763,13.887998099999999,93,64.01207670000008,-144.27089999999995,-2.253807522542067,1,False,close_below_ema20
B,QCOM,2017-12-06,2017-12-11,65.03,63.7362,19,24.582200000000086,-18.42999999999998,-0.7497294790539462,3,False,close_below_ema20
B,UNH,2017-11-16,2017-12-26,211.98,208.92087,3,9.177389999999946,20.33825999999999,2.2161268072948968,26,True,close_below_ema20
B,ABBV,2017-12-11,2017-12-27,96.54,92.8071,13,48.52770000000001,15.46999999999997,0.31878700206273874,11,False,time_stop_10d
B,DE,2017-11-13,2018-02-05,132.54,130.63923,9,17.10692999999995,168.00615999999997,9.820941571632108,56,True,close_below_ema20
B,V,2017-12-26,2018-02-05,113.11,111.87800999999999,10,12.319900000000104,40.26990000000012,3.2686872458380165,27,True,close_below_ema20
B,MSFT,2017-12-27,2018-02-06,85.65,84.62528999999999,15,15.370650000000197,24.265940000000143,1.5787191823377562,27,True,close_below_ema20
B,PANW,2018-02-05,2018-02-06,26.4933,25.64433,51,43.29747000000007,-78.3666,-1.809957949044133,1,False,close_below_ema20
B,LOW,2018-02-07,2018-02-08,100.92,95.5818017968848,12,64.05837843738237,-12.0,-0.18732912528733622,1,False,close_below_ema20
B,ANET,2018-02-07,2018-02-09,17.3744,16.09045760297502,51,65.48106224827396,-26.841300000000135,-0.4099093551388998,2,False,close_below_ema20
B,ABBV,2018-02-07,2018-02-09,113.52,104.645440326036,7,62.121917717748005,-27.65000000000002,-0.4450925054443468,2,False,close_below_ema20
B,PANW,2018-02-08,2018-02-09,26.2067,24.9317433,50,63.74783500000003,-21.920000000000073,-0.34385481483410474,1,False,close_below_ema20
B,MA,2018-02-12,2018-02-28,166.8,157.5996920900326,6,55.201847459804526,56.939999999999884,1.0314872168265927,11,False,time_stop_10d
B,LMT,2018-02-12,2018-02-28,344.88,327.18304475147175,3,53.09086574558472,37.440000000000055,0.7052060552075992,11,False,time_stop_10d
B,ABBV,2018-03-05,2018-03-07,115.47,111.69819,11,41.48991000000002,-31.790000000000006,-0.7662103870555513,2,False,close_below_ema20
B,MS,2018-03-07,2018-03-22,56.71,53.84778605127834,24,68.69313476931984,-9.599999999999966,-0.13975195676013286,11,False,time_stop_10d
B,NOW,2018-02-12,2018-03-26,29.394,27.49248,33,62.75015999999993,134.22063999999997,2.138968888684907,29,True,close_below_ema20
B,INTC,2018-03-05,2018-03-26,49.05,46.91304,27,57.69791999999986,79.22095999999993,1.3730297383337238,15,True,close_below_ema20
B,NOW,2018-03-27,2018-03-28,34.642,32.871096,39,69.06525600000006,-79.63800000000006,-1.1530833969543237,1,False,close_below_ema20
B,INTU,2018-03-27,2018-03-28,176.12,169.67016,4,25.79935999999998,-10.720000000000027,-0.41551418329757156,1,False,close_below_ema20
B,PGR,2018-03-27,2018-04-02,61.09,59.450489999999995,22,36.069220000000186,-36.069220000000186,-1.0,3,False,stop
B,UNP,2018-04-02,2018-04-03,135.68,129.67020000000002,9,54.08819999999986,-13.950000000000102,-0.25791207694099894,1,False,close_below_ema20
B,INTC,2018-04-05,2018-04-09,50.16,47.24271,22,64.18037999999987,-22.0,-0.342783885043997,2,False,close_below_ema20
B,PGR,2018-04-16,2018-04-25,60.98,59.6403,21,28.133699999999862,-3.779999999999994,-0.13435843845637127,7,False,close_below_ema20
B,INTC,2018-04-24,2018-04-25,51.89,50.799150000000004,14,15.271899999999945,-15.271899999999945,-1.0,1,False,stop
B,PANW,2018-04-12,2018-04-27,31.4017,30.409560000000003,41,40.677739999999964,40.31529999999985,0.9910899671417313,11,False,time_stop_10d
B,TMO,2018-04-25,2018-04-30,217.85,210.27951000000002,6,45.42293999999987,-28.559999999999945,-0.6287571874475767,3,False,close_below_ema20
B,INTC,2018-04-26,2018-04-30,52.26,50.5494,13,22.237799999999993,20.527199999999993,0.9230769230769231,2,True,breakeven_stop
B,PGR,2018-04-30,2018-05-01,61.1,59.900040000000004,21,25.199159999999942,-16.380000000000024,-0.6500216673889154,1,False,close_below_ema20
B,UNP,2018-04-30,2018-05-01,135.53,127.98512866081455,8,60.358970713483586,-10.960000000000036,-0.18158029983688379,1,False,close_below_ema20
B,ADBE,2018-05-01,2018-05-03,224.14,213.03675,5,55.51624999999987,-20.649999999999977,-0.37196316393848694,2,False,close_below_ema20
B,NFLX,2018-04-27,2018-05-04,31.663,29.232738,27,65.61707399999997,-21.384000000000043,-0.3258907887297756,5,False,close_below_ema20
B,PANW,2018-05-01,2018-05-17,32.3617,31.0971717,40,50.58113199999994,30.93199999999996,0.6115323793069716,12,False,time_stop_10d
B,CSCO,2018-05-04,2018-05-17,44.81,43.39656,28,39.57632000000004,-47.03999999999999,-1.188589540412043,9,False,stop_gap
B,NOW,2018-05-18,2018-05-22,34.388,33.724242000000004,37,24.55904599999979,1.9980000000000757,0.08135495165407047,2,False,close_below_ema20
B,SCHW,2018-05-04,2018-05-29,55.27,54.00594,12,15.168720000000008,22.48872,1.4825720298087108,16,True,close_below_ema20
B,COST,2018-05-30,2018-06-01,198.84,195.804,6,18.216000000000008,-20.34000000000009,-1.1166007905138384,2,False,stop_gap
B,PANW,2018-05-18,2018-06-04,33.4683,32.8588083,38,23.160684599999982,23.402300000000068,1.0104321354991417,10,True,breakeven_stop
B,COP,2018-06-01,2018-06-06,68.34,64.86152765328544,18,62.61250224086223,-11.340000000000174,-0.18111398832738956,3,False,close_below_ema20
B,PGR,2018-05-22,2018-06-07,61.92,60.1398,21,37.384200000000014,14.910000000000018,0.39883159195596035,11,False,time_stop_10d
B,SPGI,2018-06-04,2018-06-19,190.6812,184.66854659999998,3,18.037960200000015,12.942299999999989,0.7175035234859859,11,False,time_stop_10d
B,DHR,2018-06-07,2018-06-19,91.3387,88.5980830840131,14,38.36863682381667,-32.14540000000014,-0.8378040676192705,8,False,close_below_ema20
B,UNP,2018-06-08,2018-06-19,142.69,140.01984,9,24.03144000000009,21.36128000000008,0.8888888888888888,7,True,breakeven_stop
B,PANW,2018-06-20,2018-06-22,35.4567,34.620345,36,30.10877999999991,-30.10877999999991,-1.0,2,False,stop
B,ADBE,2018-06-20,2018-06-22,253.65,247.27248,5,31.88760000000002,-27.69999999999996,-0.8686762252411577,2,False,close_below_ema20
B,UNH,2018-06-22,2018-06-25,253.65,250.66907999999998,5,14.90460000000013,-14.90460000000013,-1.0,1,False,stop
B,UNP,2018-06-22,2018-06-25,144.0,141.50835,8,19.933199999999943,-19.933199999999943,-1.0,1,False,stop
B,SPGI,2018-06-26,2018-06-27,194.7682,190.7835255,6,23.908047000000067,-7.83359999999999,-0.32765537059551403,1,False,close_below_ema20
B,AMD,2018-06-27,2018-06-28,15.65,14.525459999999999,55,61.84970000000008,-44.00000000000004,-0.7114019954825971,1,False,close_below_ema20
B,AMZN,2018-06-27,2018-06-28,85.4055,82.4776479616519,14,40.98992853687349,-24.899000000000115,-0.6074418982604863,1,False,close_below_ema20
B,AMD,2018-06-29,2018-07-02,15.41,14.525459999999999,69,61.033260000000084,-42.08999999999996,-0.689623985348315,1,False,close_below_ema20
B,NFLX,2018-06-29,2018-07-16,39.919,37.837125,29,60.3743749999999,-0.608999999999817,-0.010087060942656849,10,False,close_below_ema20
B,ANET,2018-07-18,2018-07-23,17.1725,16.3061775,72,62.37521999999993,-23.716799999999978,-0.38022791743259593,3,False,close_below_ema20
B,CRM,2018-07-02,2018-07-30,137.71,131.68156439694067,8,48.227484824474686,46.63999999999987,0.9670834000518064,19,False,close_below_ema20
B,BSX,2018-06-20,2018-07-31,32.1,31.51845,22,12.7941,23.574099999999966,1.8425758748172958,28,True,close_below_ema20
B,HD,2018-07-31,2018-08-01,197.69,196.2036,3,4.45920000000001,-2.4899999999999523,-0.5583961248654348,1,False,close_below_ema20
B,LOW,2018-07-30,2018-08-02,99.4,97.44246000000001,12,23.490479999999934,-20.400000000000034,-0.8684369157207554,3,False,close_below_ema20
B,TJX,2018-08-01,2018-08-02,48.835,48.116835,14,10.054309999999987,-10.054309999999987,-1.0,1,False,stop
B,COP,2018-07-23,2018-08-07,70.5,68.74119,17,29.899769999999947,34.84999999999995,1.165560805317232,11,False,time_stop_10d
B,ADBE,2018-08-07,2018-08-16,254.88,243.2834850744837,4,46.386059702065154,-8.360000000000014,-0.18022656060238326,7,False,close_below_ema20
B,MSFT,2018-08-02,2018-08-21,106.45,104.65524,6,10.76855999999998,12.178559999999976,1.1309367269161337,13,True,close_below_ema20
B,PANW,2018-08-21,2018-09-06,35.6783,33.9826833,35,59.34658450000008,52.09399999999995,0.8777927228482691,11,False,time_stop_10d
B,AMZN,2018-08-02,2018-09-18,89.922,86.87903399999999,13,39.55855800000009,78.58909200000014,1.9866520918179058,32,True,close_below_ema20
B,COST,2018-08-16,2018-09-18,223.45,217.07101028732137,5,31.894948563393086,51.10595885071447,1.6023214067625278,22,True,close_below_ema20
B,FISV,2018-09-06,2018-09-20,80.38,78.30988112039336,16,33.121902073706224,-13.11999999999989,-0.39611251705303435,10,False,close_below_ema20
B,COST,2018-09-20,2018-09-21,234.74,231.27848999999998,5,17.307550000000163,-1.8500000000000227,-0.106889767760313,1,False,close_below_ema20
B,UNH,2018-09-19,2018-09-26,264.47,258.0378182789601,2,12.86436344207982,0.05999999999994543,0.004664047332780039,5,False,close_below_ema20
B,INTU,2018-09-26,2018-10-08,222.65,217.47231,5,25.888450000000063,-1.150000000000091,-0.044421353924243755,8,False,close_below_ema20
B,FISV,2018-10-08,2018-10-09,81.29,79.74018,16,24.797120000000177,-9.920000000000073,-0.4000464570079107,1,False,close_below_ema20
B,TJX,2018-09-18,2018-10-10,54.25,53.606339999999996,24,15.447840000000099,16.5,1.0681104931174776,16,True,breakeven_stop
B,AAPL,2018-10-09,2018-10-10,56.2,54.994949999999996,24,28.92120000000017,-28.92120000000017,-1.0,1,False,stop
B,BSX,2018-10-10,2018-10-11,37.58,36.74322,36,30.124079999999907,-52.91999999999996,-1.7567341475656724,1,False,close_below_ema20
B,REGN,2018-10-10,2018-10-11,396.64,386.04357,3,31.789289999999994,-41.97000000000003,-1.3202559730022292,1,False,close_below_ema20
B,LLY,2018-09-21,2018-10-12,106.23,104.11578,12,25.370640000000037,60.95999999999998,2.4027773836213786,15,True,close_below_ema20
B,LLY,2018-10-17,2018-10-24,111.22,106.88702574136295,11,47.662716845007566,-11.0,-0.23078835467500622,5,False,close_below_ema20
B,PFE,2018-10-17,2018-10-24,41.7268,40.22149463836175,18,27.0954965094885,-27.0954965094885,-1.0,5,False,stop
B,MRK,2018-10-17,2018-10-25,68.0439,65.59074330226083,18,44.15682055930489,-75.05819999999984,-1.6998098832589816,6,False,close_below_ema20
B,REGN,2019-02-13,2019-03-01,418.1,398.89071,2,38.41858000000002,33.39999999999998,0.8693710178772864,11,False,time_stop_10d
B,AVGO,2019-02-28,2019-03-04,27.51,26.931041999999998,46,26.632068000000167,-0.4600000000000719,-0.017272410088471878,2,False,close_below_ema20
B,SBUX,2019-03-01,2019-03-08,70.63,69.71022,18,16.556039999999797,-16.556039999999797,-1.0,5,False,stop
B,LLY,2019-02-13,2019-03-12,119.9,116.74314,10,31.56860000000009,49.56860000000006,1.57018683121836,18,True,close_below_ema20
B,SBUX,2019-03-12,2019-03-13,70.01,68.96097,18,18.882540000000034,1.4399999999999693,0.0762609267609107,1,False,close_below_ema20
B,LLY,2019-03-13,2019-03-15,124.6,122.38749,10,22.125099999999946,-15.0,-0.6779630374551996,2,False,close_below_ema20
B,BSX,2019-03-12,2019-03-18,39.99,38.951010000000004,17,17.66282999999997,-17.66282999999997,-1.0,4,False,stop
B,LLY,2019-03-19,2019-04-04,125.35,121.83803999999999,10,35.11960000000002,19.90000000000009,0.5666351552978987,12,False,close_below_ema20
B,SYK,2019-04-05,2019-04-08,195.45,193.12668,6,13.939919999999972,-13.939919999999972,-1.0,1,False,stop
B,LLY,2019-04-08,2019-04-09,127.01,124.48539,10,25.246100000000098,-2.5,-0.09902519597086244,1,False,close_below_ema20
B,ABT,2019-04-09,2019-04-10,78.91,77.87205,16,16.60719999999992,-3.0399999999999636,-0.1830531335806143,1,False,close_below_ema20
B,PLD,2019-04-10,2019-04-16,72.93,72.14778,17,13.29774000000016,12.719999999999914,0.9565535196206092,4,True,breakeven_stop
B,PG,2019-03-04,2019-04-24,98.78,97.73217,12,12.573960000000056,39.81396000000001,3.166381951270708,36,True,close_below_ema20
B,ANET,2019-04-24,2019-04-25,20.3756,19.7077725,61,40.73747749999987,-40.73747749999987,-1.0,1,False,stop
B,KLAC,2019-04-16,2019-05-07,12.359,12.108879,106,26.512826000000004,5.1008260000000085,0.19239088281271893,14,True,close_below_ema20
B,PANW,2019-04-25,2019-05-08,40.735,38.850583490531776,30,56.53249528404672,-30.99899999999991,-0.5483394965010102,9,False,close_below_ema20
B,ADP,2019-05-07,2019-05-08,160.69,155.33749360275937,8,42.82005117792505,-21.519999999999982,-0.5025682923773372,1,False,close_below_ema20
B,CMCSA,2019-05-09,2019-05-10,40.2624,39.6603999,30,18.060002999999938,-18.060002999999938,-1.0,1,False,stop
B,SBUX,2019-03-15,2019-05-14,70.89,68.96097,17,32.793509999999955,83.70000000000003,2.552334288095423,41,True,close_below_ema20
B,AMD,2019-05-10,2019-05-14,27.38,26.003970000000002,44,60.54531999999985,-37.399999999999906,-0.6177190904268076,2,False,close_below_ema20
B,PLD,2019-05-14,2019-05-28,75.23,73.45647,8,14.188240000000064,4.240000000000009,0.29883903852768134,9,False,close_below_ema20
B,BX,2019-05-08,2019-05-29,39.42,38.10186,32,42.18047999999999,43.14047999999991,1.0227593427101807,14,True,close_below_ema20
B,MDLZ,2019-05-14,2019-05-29,51.66,50.509440000000005,23,26.462879999999807,-15.869999999999948,-0.5997079682937029,10,False,close_below_ema20
B,NOW,2019-05-28,2019-05-29,53.888,52.655291999999996,23,28.352284000000054,-28.352284000000054,-1.0,1,False,stop
B,MSFT,2019-05-30,2019-05-31,125.39,123.91596000000001,6,8.844239999999928,-6.9599999999999795,-0.7869528642370669,1,False,close_below_ema20
B,SPGI,2019-05-29,2019-06-03,205.5818,200.2631364,6,31.911981599999876,-16.517999999999915,-0.5176112285048441,3,False,close_below_ema20
B,MA,2019-05-30,2019-06-03,254.27,248.08167,4,24.75332000000003,-24.75332000000003,-1.0,2,False,stop
B,MCD,2019-05-31,2019-06-18,199.42,194.65515,4,19.059399999999982,22.32000000000005,1.171075689685933,12,False,time_stop_10d
B,MA,2019-06-05,2019-06-20,251.47,240.64734953860398,4,43.29060184558409,48.08000000000004,1.110633669901369,11,False,time_stop_10d
B,AMD,2019-06-20,2019-06-21,31.24,29.15082,30,62.67539999999997,-62.67539999999997,-1.0,1,False,stop
B,INTU,2019-06-18,2019-06-25,257.31,253.09664999999998,3,12.640050000000059,8.490000000000009,0.6716745582493716,5,True,breakeven_stop
B,NOW,2019-06-26,2019-07-01,56.63,54.557388,22,45.59746399999999,-5.103999999999985,-0.11193604977680308,3,False,close_below_ema20
B,DHR,2019-06-05,2019-07-15,118.5372,114.48315504569958,10,40.54044954300423,70.10644954300425,1.72929630364945,27,True,close_below_ema20
B,PLD,2019-07-01,2019-07-15,80.91,78.11681243668252,15,41.89781344976211,-6.599999999999966,-0.15752612025717633,9,False,close_below_ema20
B,TMO,2019-07-15,2019-07-16,291.49,288.0117,4,13.91319999999996,-23.720000000000027,-1.7048558203720277,1,False,close_below_ema20
B,BX,2019-07-16,2019-07-17,46.14,45.37458,27,20.66633999999997,-20.66633999999997,-1.0,1,False,stop
B,DIS,2019-06-26,2019-07-18,140.41,137.6622,9,24.730199999999854,18.450000000000102,0.746051386563805,15,False,time_stop_10d
B,PLD,2019-07-18,2019-07-22,82.11,79.09083,15,45.28755000000004,-18.000000000000043,-0.3974602291358227,2,False,close_below_ema20
B,META,2019-07-22,2019-07-24,202.33,197.87193,6,26.748420000000124,-28.200000000000102,-1.0542678782522472,2,False,stop_gap
B,NOW,2019-07-24,2019-07-25,59.004,57.470472,21,32.204087999999935,-32.204087999999935,-1.0,1,False,stop
B,MSFT,2019-07-19,2019-07-31,140.22,136.40613758624988,8,30.510899310000923,-30.510899310000923,-1.0,8,False,stop
B,DIS,2019-07-25,2019-08-01,141.59,139.60026000000002,8,15.917919999999867,16.0,1.005156452601856,5,True,breakeven_stop
B,META,2019-07-31,2019-08-01,198.71,193.3065,6,32.42100000000005,-27.240000000000123,-0.8401961691496278,1,False,close_below_ema20
B,COST,2019-08-01,2019-08-02,279.72,273.4570560222491,4,25.051775911003688,-21.680000000000064,-0.8654077090988742,1,False,close_below_ema20
B,INTU,2019-08-01,2019-08-02,281.34,274.87485,4,25.860599999999977,-25.860599999999977,-1.0,1,False,stop
B,SYK,2019-07-17,2019-08-05,206.91,204.83496,6,12.450240000000008,12.450240000000008,1.0,13,True,breakeven_stop
B,MCD,2019-08-02,2019-08-06,213.13,209.16063,5,19.84684999999999,-13.149999999999977,-0.662573657784484,2,False,close_below_ema20
B,SYK,2019-08-07,2019-08-15,211.33,204.04575,3,21.852750000000043,3.599999999999966,0.16473899166008665,6,False,close_below_ema20
B,SBUX,2019-08-06,2019-08-21,95.52,92.93697,12,30.996359999999925,9.0,0.29035667413851246,11,False,time_stop_10d
B,MCD,2019-08-16,2019-08-23,219.18,215.45433,5,18.62835000000004,-18.62835000000004,-1.0,5,False,stop
B,SBUX,2019-08-23,2019-08-26,96.85,95.49441,12,16.267079999999908,-17.639999999999986,-1.0843986751156376,1,False,close_below_ema20
B,INTU,2019-08-23,2019-08-26,290.37,278.9477889756099,3,34.26663307317028,-34.26663307317028,-1.0,1,False,stop
B,SBUX,2019-08-27,2019-09-04,96.7,94.29561,12,28.852680000000078,-28.852680000000078,-1.0,5,False,stop
B,FISV,2019-08-27,2019-09-10,107.19,104.23566000000001,9,26.58905999999989,-26.58905999999989,-1.0,9,False,stop
B,SPGI,2019-08-07,2019-09-11,233.7275,228.9477231,5,23.89888450000001,36.0067076,1.5066271231194905,24,True,close_below_ema20
B,PG,2019-09-11,2019-09-16,121.18,119.46042,6,10.317480000000046,-10.317480000000046,-1.0,3,False,stop
B,QCOM,2019-09-04,2019-09-19,76.99,72.44748,12,54.51023999999995,27.0,0.4953197784489671,11,False,time_stop_10d
B,FISV,2019-09-19,2019-09-23,105.0,101.23866000000001,9,33.85205999999991,-14.580000000000041,-0.43069757054666924,2,False,close_below_ema20
B,TXN,2019-09-24,2019-09-25,128.77,126.09378,7,18.733540000000104,-24.29000000000009,-1.2966049128995352,1,False,close_below_ema20
B,LMT,2019-09-11,2019-09-26,381.32,370.08954,3,33.69137999999998,29.79000000000002,0.884202428039458,11,False,time_stop_10d
B,MSFT,2019-09-26,2019-09-30,139.96,135.89397,8,32.528240000000096,-15.279999999999973,-0.4697456732980305,2,False,close_below_ema20
B,PLD,2019-09-16,2019-10-01,85.14,82.04803936813309,9,27.8276456868022,0.9899999999999949,0.03557613213645025,11,False,time_stop_10d
B,C,2019-09-25,2019-10-02,69.57,67.49244,13,27.008279999999885,-23.529999999999845,-0.8712143090933575,5,False,close_below_ema20
B,MDT,2019-09-30,2019-10-02,108.52,106.17372,10,23.46279999999993,-3.9999999999999147,-0.1704826363434853,2,False,close_below_ema20
B,AMAT,2019-10-01,2019-10-02,50.41,49.10085,17,22.25554999999992,-17.679999999999986,-0.7944085857235632,1,False,close_below_ema20
B,KLAC,2019-10-03,2019-10-09,15.75,15.347636999999999,71,28.56777300000008,-2.3429999999999627,-0.08201549347231078,4,False,close_below_ema20
B,LRCX,2019-10-04,2019-10-09,23.017,22.494483,49,25.603333000000028,8.966999999999992,0.3502278394769924,3,False,close_below_ema20
B,ICE,2019-10-09,2019-10-22,94.29,90.89585949694643,11,37.335545533589354,-11.220000000000113,-0.30051790698775005,9,False,close_below_ema20
B,HD,2019-10-09,2019-10-24,228.78,221.89788000000001,4,27.528479999999945,24.120000000000005,0.8761835015954406,11,False,time_stop_10d
B,WMT,2019-10-04,2019-10-25,38.9333,38.1551067,14,10.894706200000073,10.267599999999945,0.9424393656434605,15,False,time_stop_10d
B,NEE,2019-10-22,2019-11-05,58.4475,56.981058708766135,19,27.862384533443404,-30.30499999999998,-1.087667136444287,10,False,close_below_ema20
B,TMUS,2019-11-06,2019-11-11,81.85,80.36955,14,20.726299999999867,-17.639999999999873,-0.8510925732040927,3,False,close_below_ema20
B,KLAC,2019-10-24,2019-11-21,16.4,15.811173,69,40.62906299999989,40.040235999999894,0.9855072463768116,20,True,breakeven_stop
B,BX,2019-11-11,2019-11-21,51.91,51.1488,22,16.746399999999895,-7.699999999999875,-0.45980031529164017,8,False,close_below_ema20
B,BMY,2019-11-21,2019-11-25,57.13,55.244699999999995,20,37.70600000000016,-4.200000000000017,-0.11138810799342277,2,False,close_below_ema20
B,DE,2019-11-22,2019-11-27,176.3,170.02823376284428,6,37.630597422934386,-46.80000000000007,-1.243668801587436,3,False,stop_gap
B,LRCX,2019-11-27,2019-12-02,27.141,25.985988,42,48.51050399999997,-20.70599999999994,-0.42683539218640054,2,False,close_below_ema20
B,LIN,2019-10-25,2019-12-03,194.64,191.20860000000002,3,10.294199999999904,18.80279999999999,1.8265431019409148,26,True,close_below_ema20
B,TSLA,2019-12-02,2019-12-06,22.084,21.7848933,50,14.95533499999997,12.465000000000082,0.8334818310656436,4,False,close_below_ema20
B,ETN,2019-11-25,2019-12-11,91.37,89.06085,12,27.70980000000003,20.639999999999986,0.7448628283134474,11,False,time_stop_10d
B,ISRG,2019-12-11,2020-01-07,192.6733,190.66584329999998,5,10.037283500000171,8.029826800000137,0.8,17,True,breakeven_stop
B,BAC,2019-12-06,2020-01-08,33.68,32.77015622531022,33,30.024844564762837,44.245000790073064,1.4736129838953107,21,True,close_below_ema20
B,KLAC,2020-01-08,2020-01-10,17.777,17.391591,66,25.436994000000183,-25.436994000000183,-1.0,2,False,stop
B,INTC,2020-01-10,2020-01-13,59.57,58.46148,19,21.061879999999974,-7.599999999999973,-0.3608414823368086,1,False,close_below_ema20
B,GE,2020-01-13,2020-01-22,59.361,57.7083339,19,31.400655899999954,-18.939200000000007,-0.6031466368191384,6,False,close_below_ema20
B,MU,2020-01-07,2020-01-27,55.38,52.60733999999999,21,58.22586000000019,-4.830000000000084,-0.08295283229822742,13,False,time_stop_10d
B,T,2020-01-22,2020-01-27,29.2145,28.583546080696404,40,25.238156772143867,-19.939999999999998,-0.7900735453869749,3,False,close_below_ema20
B,MS,2020-01-28,2020-01-30,53.8,52.80714,21,20.850060000000006,-24.989999999999952,-1.1985577019922218,2,False,stop_gap
B,VRTX,2020-01-28,2020-01-31,228.79,225.84393,4,11.784279999999967,-11.784279999999967,-1.0,3,False,stop
B,LRCX,2020-01-30,2020-01-31,31.84,30.329620298945756,35,52.86328953689855,-52.86328953689855,-1.0,1,False,stop
B,ACN,2020-01-31,2020-02-03,208.93,204.64515,5,21.42425000000003,-17.950000000000017,-0.8378356301854204,1,False,close_below_ema20
B,PG,2020-01-31,2020-02-03,126.06,123.52635000000001,8,20.269199999999955,-11.200000000000045,-0.5525625086337926,1,False,close_below_ema20
B,GOOGL,2020-02-03,2020-02-04,73.4835,71.240622990173,14,31.40027813757817,-31.40027813757817,-1.0,1,False,stop
B,SPGI,2019-12-04,2020-02-24,249.7919,245.2133412,2,9.157117599999992,28.816517599999997,3.146898277248293,54,True,close_below_ema20
B,AMD,2020-02-04,2020-02-24,49.21,46.0539,17,53.653700000000036,41.227600000000024,0.7684018063991858,13,True,stop_gap
B,MA,2020-02-03,2020-02-25,324.46,313.0518659123252,3,34.22440226302439,-9.360000000000014,-0.2734890715713811,15,False,close_below_ema20
B,NFLX,2020-02-27,2020-02-28,38.2,35.843384304747595,22,51.84554529555298,-51.84554529555298,-1.0,1,False,stop
B,NOW,2020-03-03,2020-03-04,68.896,64.10878716900618,11,52.65934114093206,-17.02800000000002,-0.32336143276893703,1,False,close_below_ema20
B,NFLX,2020-03-03,2020-03-04,38.136,35.64432,21,52.32528000000005,-7.539000000000037,-0.14407949656456745,1,False,close_below_ema20
B,ADBE,2020-03-03,2020-03-04,361.76,340.03987183140214,2,43.440256337195706,-14.759999999999991,-0.3397770005183359,1,False,close_below_ema20
B,COST,2020-03-05,2020-03-09,320.97,302.2347535185537,2,37.47049296289265,-50.24000000000001,-1.3407883384334738,2,False,stop_gap
B,TMUS,2020-05-28,2020-06-12,98.17,92.907,9,47.36700000000005,54.719999999999985,1.1552346570397096,11,False,time_stop_10d
B,TMO,2020-05-28,2020-06-12,340.94,324.02565000000004,2,33.82869999999991,3.159999999999968,0.09341180713417827,11,False,close_below_ema20
B,PLD,2020-06-15,2020-06-22,95.12,90.7092,11,48.5188000000001,-36.300000000000125,-0.7481635984401933,5,False,close_below_ema20
B,SPGI,2020-06-15,2020-06-25,301.0596,289.6816284,3,34.1339147999999,0.4542000000000712,0.013306413948161391,8,False,close_below_ema20
B,INTU,2020-06-22,2020-06-25,291.99,274.1066170520385,3,53.65014884388461,-17.220000000000027,-0.3209683546285795,3,False,close_below_ema20
B,LOW,2020-06-26,2020-06-29,132.12,128.84103,8,26.231760000000122,-14.0,-0.5337041814960161,1,False,close_below_ema20
B,REGN,2020-06-30,2020-07-14,621.93,598.11129,1,23.818709999999896,-6.349999999999909,-0.26659714149086733,9,False,close_below_ema20
B,UNP,2020-07-14,2020-07-29,170.96,164.50533,6,38.72802000000013,20.87999999999994,0.539144526366178,11,False,time_stop_10d
B,SPGI,2020-07-29,2020-08-04,337.3415,324.7648101,3,37.73006970000006,-37.73006970000006,-1.0,4,False,stop
B,MU,2020-08-04,2020-08-06,50.62,49.06089,22,34.30041999999993,-34.30041999999993,-1.0,2,False,stop
B,SPGI,2020-08-06,2020-08-07,331.0785,323.3565198,3,23.165940600000056,-23.165940600000056,-1.0,1,False,stop
B,AMZN,2020-05-28,2020-08-12,120.679,116.3835,8,34.36400000000003,173.24800000000005,5.041555115818877,53,True,close_below_ema20
B,AMAT,2020-08-07,2020-08-20,64.17,62.5374,17,27.75420000000006,26.121600000000058,0.9411764705882353,9,True,breakeven_stop
B,TMO,2020-08-12,2020-08-27,410.16,400.81878,2,18.682440000000042,17.82244000000003,0.9539674689173356,11,True,stop_gap
B,AMAT,2020-08-27,2020-08-28,64.29,61.85808,17,41.34264000000009,-37.91000000000007,-0.9169709529918744,1,False,close_below_ema20
B,DHR,2020-06-26,2020-09-04,152.8812,149.30974080000001,6,21.428755199999955,97.3596551999999,4.543411611702023,49,True,close_below_ema20
B,V,2020-08-20,2020-09-04,202.84,195.57423,5,36.32885000000002,28.25000000000003,0.7776188896703313,11,False,time_stop_10d
B,TMO,2020-08-28,2020-09-04,423.82,405.65194836180933,2,36.33610327638132,-8.379999999999995,-0.2306246197138878,5,False,close_below_ema20
B,WMT,2020-09-09,2020-09-10,47.3,46.0406133,23,28.965894100000007,-28.965894100000007,-1.0,1,False,stop
B,ETN,2020-09-09,2020-09-11,102.18,99.77013000000001,10,24.09869999999998,-5.200000000000102,-0.21577927440069825,2,False,close_below_ema20
B,AMZN,2020-09-10,2020-09-11,165.361,155.4009435,5,49.800282499999895,-24.63249999999988,-0.4946257081975375,1,False,close_below_ema20
B,LOW,2020-09-10,2020-09-11,161.19,151.93478028331964,5,46.27609858340179,-4.200000000000017,-0.09075959574315678,1,False,close_below_ema20
B,UNP,2020-09-11,2020-09-22,194.64,188.3115,5,31.642499999999956,-1.4999999999999147,-0.04740459824602724,7,False,close_below_ema20
B,SBUX,2020-09-22,2020-09-23,84.05,81.66825,11,26.199249999999964,3.6299999999999812,0.1385535845491755,1,False,close_below_ema20
B,TMO,2020-09-11,2020-09-24,429.34,406.7388593969497,2,45.202281206100565,-19.699999999999932,-0.43581871255960397,9,False,close_below_ema20
B,LOW,2020-09-23,2020-09-24,162.44,155.04479999999998,6,44.3712000000001,-22.019999999999925,-0.49626784941583446,1,False,close_below_ema20
B,ORCL,2020-09-11,2020-09-28,60.71,58.11448015651995,14,36.33727780872067,-9.519999999999996,-0.2619899060714798,11,False,time_stop_10d
B,LOW,2020-09-28,2020-10-27,161.59,155.04479999999998,5,32.72600000000011,48.560800000000114,1.483859927886083,21,True,close_below_ema20
B,DE,2020-09-25,2020-10-28,219.38,209.96982,4,37.64071999999999,48.88072,1.2986127789266522,23,True,close_below_ema20
B,COST,2020-10-27,2020-10-28,372.63,365.75388,3,20.628360000000043,-20.628360000000043,-1.0,1,False,stop
B,TMO,2020-11-02,2020-11-10,478.8,465.0345,2,27.531000000000063,27.531000000000063,1.0,6,True,breakeven_stop
B,DHR,2020-09-25,2020-11-11,183.0762,178.5092121,5,22.834939499999933,75.69190000000003,3.314740553615229,33,True,close_below_ema20
B,META,2020-11-12,2020-11-13,278.4,263.736,3,43.99199999999996,-2.03999999999985,-0.046372067648660024,1,False,close_below_ema20
B,TMO,2020-11-12,2020-11-17,488.55,461.538,2,54.024,-18.899999999999977,-0.3498445135495331,3,False,close_below_ema20
B,GOOGL,2020-10-30,2020-11-18,83.372,78.6513899908738,11,51.92671010038825,49.05999999999993,0.9447931499059694,13,False,time_stop_10d
B,NVDA,2020-11-18,2020-11-23,13.5962,12.6156717,58,56.870641399999975,-24.64419999999995,-0.4333378241097165,3,False,close_below_ema20
B,CRM,2020-11-17,2020-11-27,253.74,242.6571,4,44.33159999999998,-10.960000000000036,-0.2472277111586327,7,False,close_below_ema20
B,UNP,2020-12-01,2020-12-02,206.75,202.68711,5,20.31445000000005,-24.24999999999997,-1.1937315556168102,1,False,stop_gap
B,CAT,2020-12-03,2020-12-23,174.42,172.10772,6,13.873679999999922,22.963679999999925,1.6551974674347436,14,True,close_below_ema20
B,AMD,2020-11-13,2020-12-24,83.0,77.55237,10,54.47630000000004,98.47630000000002,1.8076906838386593,28,True,close_below_ema20
B,AMD,2020-12-28,2020-12-29,92.93,90.43947,8,19.924240000000054,-10.160000000000082,-0.509931620980276,1,False,close_below_ema20
B,INTU,2020-12-03,2021-01-05,356.15,337.38228000000004,3,56.30315999999982,42.87000000000006,0.7614137465819005,21,False,close_below_ema20
B,HON,2020-12-23,2021-01-05,208.7749,202.2858117,5,32.44544149999996,-20.90599999999995,-0.6443432122814533,7,False,close_below_ema20
B,NFLX,2020-12-29,2021-01-06,52.366,50.662287,15,25.555695000000007,-25.555695000000007,-1.0,5,False,stop
B,TJX,2021-01-06,2021-01-15,67.16,66.10383,9,9.50552999999995,11.920000000000016,1.2540068781014924,7,True,breakeven_stop
B,IBM,2021-01-05,2021-01-22,120.3824,117.51147089999999,9,25.83836190000011,-1.984567199999944,-0.07680700532334968,12,True,stop_gap
B,ETN,2021-01-19,2021-01-26,124.5,120.879,9,32.588999999999956,-17.72999999999999,-0.5440486053576364,5,False,close_below_ema20
B,AMD,2021-01-22,2021-01-27,94.42,87.92604020350177,9,58.44563816848408,-58.44563816848408,-1.0,3,False,stop
B,ABBV,2021-01-26,2021-01-27,111.3,109.10078999999999,10,21.99210000000008,-50.19999999999996,-2.2826378563211236,1,False,close_below_ema20
B,CSCO,2021-01-27,2021-02-01,45.35,44.18577,26,30.26998000000009,-11.179999999999993,-0.3693428274481833,3,False,close_below_ema20
B,ANET,2021-01-06,2021-02-18,18.2181,17.5093731,64,45.358521599999904,78.73772159999987,1.7358970006641494,29,True,close_below_ema20
B,DE,2021-02-01,2021-02-19,292.95,278.67105,3,42.83685000000003,82.65790000000004,1.9295979979853792,13,True,close_below_ema20
B,LOW,2021-02-18,2021-02-22,177.47,173.3265,6,24.860999999999933,-24.860999999999933,-1.0,2,False,stop
B,UBER,2021-02-19,2021-02-22,60.29,58.171769999999995,20,42.36460000000008,-50.60000000000002,-1.1943934322523977,1,False,stop_gap
B,GOOGL,2021-01-28,2021-02-26,94.0235,89.774136,11,46.743004,91.12900000000005,1.9495751706501372,20,True,close_below_ema20
B,TJX,2021-02-22,2021-02-26,68.72,66.03389999999999,17,45.663700000000176,-6.969999999999942,-0.15263765310300995,4,False,close_below_ema20
B,DIS,2021-02-22,2021-03-04,184.78,181.97784,6,16.81296000000009,26.430000000000007,1.5720015987666578,8,True,breakeven_stop
B,LLY,2021-02-26,2021-03-04,206.7,197.76204,5,44.68979999999988,-14.549999999999983,-0.32557764859095417,4,False,close_below_ema20
B,ABBV,2021-03-04,2021-03-05,107.14,105.25464,6,11.312160000000034,-6.779999999999973,-0.5993550303390291,1,False,close_below_ema20
B,CMCSA,2021-02-26,2021-03-29,50.0562,48.4706808,23,36.466941600000006,53.10102240000005,1.4561413727111143,21,True,close_below_ema20
B,FISV,2021-03-04,2021-03-31,116.34,114.16572000000001,10,21.74279999999996,41.54279999999993,1.9106462829074455,19,True,close_below_ema20
B,ADP,2021-03-05,2021-04-08,175.87,169.76007,3,18.329789999999974,34.11985999999996,1.8614430389000642,23,True,close_below_ema20
B,C,2021-03-31,2021-04-14,73.22,69.08085000000001,14,57.94809999999981,-20.720000000000056,-0.35756133505671667,9,False,close_below_ema20
B,SCHW,2021-04-14,2021-04-15,67.67,66.01392,18,29.809440000000052,-29.809440000000052,-1.0,1,False,stop
B,C,2021-04-15,2021-04-20,74.45,70.99892999999999,16,55.21712000000025,-46.40000000000009,-0.8403190894418231,3,False,close_below_ema20
B,ANET,2021-04-21,2021-05-04,19.595,19.2413394,63,22.28061779999986,-22.28061779999986,-1.0,9,False,stop
B,BX,2021-03-29,2021-05-13,74.32,71.26866,16,48.82143999999994,132.34144000000003,2.710723813144393,32,True,close_below_ema20
B,UNP,2021-05-04,2021-05-13,225.66,220.03974,5,28.10130000000001,-18.299999999999983,-0.6512154241974563,7,False,close_below_ema20
B,XOM,2021-05-14,2021-05-19,60.45,58.69125,20,35.175000000000125,-35.175000000000125,-1.0,3,False,stop
B,UNH,2021-04-08,2021-06-02,365.88,360.18945,2,11.381099999999947,54.64109999999994,4.801038563934962,38,True,close_below_ema20
B,GS,2021-05-14,2021-06-11,362.0,352.89675,3,27.309750000000008,45.60649999999998,1.6699713472294682,19,True,close_below_ema20
B,ETN,2021-06-11,2021-06-14,147.73,145.18467,9,22.907969999999807,-22.907969999999807,-1.0,1,False,stop
B,WFC,2021-06-14,2021-06-15,45.69,44.96499,29,21.025289999999927,-14.209999999999852,-0.6758527468586593,1,False,close_below_ema20
B,ETN,2021-06-15,2021-06-17,146.69,144.73512,8,15.639040000000023,-15.639040000000023,-1.0,2,False,stop
B,MS,2021-05-20,2021-06-18,86.18,83.27664,14,40.64704000000009,44.93999999999991,1.1056155626584325,20,True,close_below_ema20
B,AVGO,2021-06-17,2021-06-21,47.112,45.974979,27,30.699567000000116,-26.865000000000123,-0.8750937757526034,2,False,close_below_ema20
B,PLD,2021-06-18,2021-06-21,122.84,120.9789,10,18.611000000000075,-28.800000000000097,-1.5474719252055225,1,False,close_below_ema20
B,COP,2021-06-22,2021-06-30,60.53,57.42252,20,62.14960000000005,-1.0000000000000853,-0.016090208142933896,6,False,close_below_ema20
B,COP,2021-07-01,2021-07-07,62.69,59.439121228527064,19,61.76669665798574,-61.76669665798574,-1.0,3,False,stop
B,GOOGL,2021-06-21,2021-07-20,121.603,119.35052999999999,10,22.524700000000024,42.14720000000007,1.8711547767561842,20,True,close_below_ema20
B,SPGI,2021-07-20,2021-07-29,392.5923,383.8163994,3,26.3277018,13.708500000000015,0.5206873013124151,7,False,close_below_ema20
B,AXP,2021-07-29,2021-08-02,173.45,169.54029,7,27.36796999999993,-27.36796999999993,-1.0,2,False,stop
B,MA,2021-08-02,2021-08-03,389.3,381.94766999999996,3,22.056990000000155,-37.91999999999996,-1.719182898482508,1,False,close_below_ema20
B,BX,2021-07-07,2021-08-19,97.94,96.44346,13,19.455019999999948,98.87847999999997,5.082414718669024,31,True,close_below_ema20
B,ORCL,2021-08-03,2021-08-20,87.93,86.58333,15,20.200050000000047,25.813379999999967,1.2778869359234213,13,True,close_below_ema20
B,LLY,2021-06-02,2021-08-27,200.89,195.3045,6,33.51299999999998,218.40299999999996,6.51696356637723,61,True,close_below_ema20
B,ORCL,2021-08-27,2021-09-08,89.18,87.96195,15,18.270750000000078,-15.600000000000094,-0.8538237346578562,7,False,close_below_ema20
B,ADBE,2021-08-19,2021-09-14,637.14,625.42395,2,23.43209999999999,32.292100000000005,1.37811378408252,17,True,close_below_ema20
B,MS,2021-09-09,2021-09-14,104.57,102.96692999999999,13,20.83991000000003,-20.83991000000003,-1.0,3,False,stop
B,GOOGL,2021-09-14,2021-09-17,142.9955,140.597262,9,21.58414199999993,-21.58414199999993,-1.0,3,False,stop
B,LIN,2021-09-14,2021-09-17,315.62,309.79989,4,23.28044,-25.079999999999927,-1.07729922630328,3,False,stop_gap
B,META,2021-08-20,2021-09-20,357.57,350.649,3,20.762999999999977,17.30200000000002,0.8333092520348716,20,True,close_below_ema20
B,SPGI,2021-09-21,2021-09-22,423.0274,415.1945898,2,15.665620399999966,3.4815999999999576,0.22224462939239642,1,False,close_below_ema20
B,DHR,2021-09-17,2021-09-27,289.6365,280.1716479,4,37.85940840000012,-37.85940840000012,-1.0,6,False,stop
B,TMO,2021-09-17,2021-09-28,597.06,577.4848025066549,2,39.15039498669012,-39.15039498669012,-1.0,7,False,stop
B,INTU,2021-09-22,2021-09-28,560.6,546.96249,1,13.63751000000002,-13.63751000000002,-1.0,4,False,stop
B,MS,2021-09-27,2021-09-29,104.13,99.67782992505235,12,53.42604089937174,-36.599999999999966,-0.6850591843205504,2,False,close_below_ema20
B,TMO,2021-09-30,2021-10-01,585.94,569.58984,2,32.70032000000015,-30.74000000000001,-0.940051962794244,1,False,close_below_ema20
B,NOW,2021-10-04,2021-10-05,127.082,121.314564,5,28.837179999999947,-12.93999999999997,-0.4487262624153954,1,False,close_below_ema20
B,AXP,2021-10-01,2021-10-13,172.36,167.24259,7,35.82187000000005,-35.82187000000005,-1.0,8,False,stop
B,BKNG,2021-10-01,2021-10-20,96.6736,94.1058,13,33.381399999999886,25.0484,0.7503699665082977,13,False,time_stop_10d
B,ORCL,2021-10-05,2021-11-02,90.43,87.03288,7,23.779840000000007,33.582719999999995,1.4122349014963929,20,True,close_below_ema20
B,JPM,2021-10-20,2021-11-04,168.65,162.00216617089367,7,46.53483680374433,9.44999999999996,0.2030736680103622,11,False,time_stop_10d
B,COP,2021-11-04,2021-11-11,74.0,72.17775,18,32.80049999999994,-12.600000000000051,-0.38414048566333053,5,False,close_below_ema20
B,BAC,2021-10-14,2021-11-18,44.37,42.383930701340695,28,55.60994036246046,88.36994036246051,1.5891033111431767,25,True,close_below_ema20
B,WFC,2021-11-11,2021-11-18,50.77,49.16079,26,41.839460000000116,-29.640000000000015,-0.7084221450276827,5,False,close_below_ema20
B,GOOGL,2021-11-18,2021-11-23,148.5595,144.39296249999998,8,33.33230000000026,-19.25200000000018,-0.5775779049150532,3,False,close_below_ema20
B,ADI,2021-11-02,2021-11-24,175.25,169.83,7,37.93999999999991,57.31999999999988,1.5108065366367953,16,True,close_below_ema20
B,CB,2021-11-23,2021-11-26,192.75,187.4124,6,32.025600000000054,-42.18000000000001,-1.3170713429256575,2,False,close_below_ema20
B,CVX,2021-11-23,2021-12-01,115.19,111.14763811060308,11,44.465980783366064,-2.6399999999999437,-0.059371230623738336,5,False,close_below_ema20
B,TMO,2021-11-26,2021-12-01,652.71,628.0098621549588,2,49.40027569008248,-49.40027569008248,-1.0,3,False,stop
B,MSFT,2021-12-01,2021-12-02,337.78,327.79188,3,29.964359999999942,-22.439999999999884,-0.7488896809409554,1,False,close_below_ema20
B,KLAC,2021-12-01,2021-12-03,41.843,39.664296,29,63.182416000000096,-31.34900000000009,-0.49616652835814384,2,False,close_below_ema20
B,DHR,2021-11-26,2021-12-06,284.3085,272.7057213,2,23.205557399999975,-16.701999999999998,-0.719741384018641,6,False,close_below_ema20
B,BX,2021-12-03,2021-12-06,142.61,135.53432999999998,8,56.605360000000246,-60.88000000000011,-1.0755165235235646,1,False,close_below_ema20
B,TMO,2021-12-03,2021-12-06,634.15,618.2910899999999,1,15.858910000000037,-15.858910000000037,-1.0,1,False,stop
B,COST,2021-12-07,2021-12-10,538.25,515.7054572531317,1,22.544542746868274,-3.5399999999999636,-0.15702247944202438,3,False,close_below_ema20
B,DHR,2021-12-10,2021-12-14,285.3723,270.90104254019735,2,28.942514919605287,-28.942514919605287,-1.0,2,False,stop
B,ADP,2021-12-06,2021-12-15,233.15,224.32545000000002,5,44.12274999999994,-18.500000000000085,-0.4192848360539656,7,False,close_below_ema20
B,LRCX,2021-12-15,2021-12-16,68.339,66.747186,14,22.28539599999999,-22.28539599999999,-1.0,1,False,stop
B,HD,2021-12-15,2021-12-17,405.68,397.68192,2,15.996160000000032,-17.41999999999996,-1.0890113627270497,2,False,close_below_ema20
B,GOOGL,2021-12-16,2021-12-17,147.1705,141.07378500000002,6,36.580289999999934,-28.023000000000025,-0.7660682843137677,1,False,close_below_ema20
B,MRSH,2021-12-06,2021-12-20,169.92,163.70459765479907,7,43.5078164164064,-22.539999999999992,-0.5180678291062285,10,False,close_below_ema20
B,MRSH,2021-12-21,2021-12-22,169.63,164.80503,6,28.949820000000045,-4.260000000000048,-0.1471511739969382,1,False,close_below_ema20
B,AAPL,2021-12-21,2022-01-07,171.56,167.29254,6,25.60476,29.59475999999995,1.155830400284945,12,True,close_below_ema20
B,QCOM,2021-12-22,2022-01-07,180.15,173.28654,6,41.18076000000002,38.69999999999993,0.939759246793889,11,False,time_stop_10d
B,ADP,2021-12-21,2022-01-10,231.23,224.92485,3,18.915449999999993,22.830300000000022,1.2069657343600089,13,True,close_below_ema20
B,KLAC,2022-01-07,2022-01-10,43.505,41.718239999999994,27,48.24252000000022,-67.06800000000004,-1.3902258837224866,1,False,close_below_ema20
B,LIN,2022-01-11,2022-01-12,335.55,330.31935,3,15.691950000000077,8.279999999999973,0.5276590863468168,1,False,close_below_ema20
B,CSCO,2022-01-07,2022-01-18,61.13,59.850089999999994,19,24.318290000000154,-24.318290000000154,-1.0,6,False,stop
B,BKNG,2022-01-11,2022-01-19,97.3496,94.4019036,7,20.633874799999987,-17.242400000000004,-0.8356355830946505,5,False,close_below_ema20
B,QCOM,2022-01-12,2022-01-19,186.6,174.53888197628496,4,48.24447209486016,-24.120000000000005,-0.4999536517380545,4,False,close_below_ema20
B,PG,2022-02-01,2022-02-02,160.79,156.22361999999998,7,31.964660000000066,-4.55000000000004,-0.1423447019301951,1,False,close_below_ema20
B,PEP,2022-02-02,2022-02-07,173.43,166.7849647215767,6,39.870211670539845,-4.139999999999986,-0.10383692051123566,3,False,close_below_ema20
B,PG,2022-02-03,2022-02-08,162.84,156.62768299982648,7,43.48621900121469,-12.039999999999992,-0.27686932266205255,3,False,close_below_ema20
B,COP,2022-02-16,2022-02-22,89.92,87.64227000000001,12,27.332759999999894,-27.332759999999894,-1.0,3,False,stop
B,XOM,2022-02-16,2022-02-22,78.79,76.34358,14,34.24988000000005,-34.24988000000005,-1.0,3,False,stop
B,COP,2022-04-04,2022-04-06,101.66,97.74216,11,43.09623999999998,-21.009999999999962,-0.4875135278622908,2,False,close_below_ema20
B,BRK-B,2022-04-08,2022-04-14,348.93,340.20945,3,26.16165000000001,-8.309999999999945,-0.31764051579315306,4,False,close_below_ema20
B,LMT,2022-03-31,2022-04-20,447.06,428.89068,2,36.338640000000055,25.639999999999986,0.7055850191421569,13,False,time_stop_10d
B,PLD,2022-03-28,2022-05-02,157.53,153.95589,7,25.018769999999932,35.12465999999989,1.403932327608431,24,True,close_below_ema20
B,GILD,2023-01-17,2023-01-18,86.3,84.77514,12,18.298320000000047,-15.360000000000014,-0.8394213239248179,1,False,close_below_ema20
B,MRK,2023-01-17,2023-01-18,112.44,108.64125,9,34.188749999999985,-22.679999999999964,-0.6633761105626843,1,False,close_below_ema20
B,BSX,2023-01-25,2023-01-30,45.95,44.74521,24,28.914960000000065,-2.6399999999999864,-0.09130221864391237,3,False,close_below_ema20
B,TJX,2023-02-01,2023-02-02,82.0,81.13878,13,11.195860000000039,-11.195860000000039,-1.0,1,False,stop
B,XOM,2023-02-01,2023-02-02,116.4,110.31957000000001,5,30.402149999999963,-30.402149999999963,-1.0,1,False,stop
B,TMUS,2023-01-26,2023-02-06,148.54,142.65154990559856,7,41.219150660810044,-49.48999999999995,-1.2006555013044844,7,False,close_below_ema20
B,KLAC,2023-02-02,2023-02-07,41.401,38.67328800000001,20,54.554239999999936,-14.16000000000011,-0.2595581938269166,3,False,close_below_ema20
B,TJX,2023-02-06,2023-02-07,81.08,79.73019000000001,13,17.54752999999988,-23.399999999999963,-1.3335210140686535,1,False,close_below_ema20
B,MA,2023-02-02,2023-02-09,379.52,366.633,2,25.774,-12.43999999999994,-0.48265694110343527,5,False,close_below_ema20
B,CAT,2023-02-09,2023-02-10,251.56,241.5582,4,40.00720000000001,-21.120000000000005,-0.5279049771041212,1,False,close_below_ema20
B,SBUX,2023-02-09,2023-02-10,106.54,102.93696,5,18.015200000000036,-5.100000000000051,-0.28309427594476005,1,False,close_below_ema20
B,REGN,2023-02-10,2023-02-16,757.52,742.9662900000001,1,14.55370999999991,-20.519999999999982,-1.4099497653862905,4,False,stop_gap
B,XOM,2023-02-07,2023-02-21,113.09,109.72017,9,30.328470000000067,-20.52000000000001,-0.6765919942549019,9,False,close_below_ema20
B,SBUX,2023-02-13,2023-02-22,107.45,103.14106767292098,7,30.162526289553142,-14.280000000000044,-0.4734351447526447,6,False,close_below_ema20
B,GE,2023-02-22,2023-02-24,66.5443,65.22600870000001,15,19.774369499999978,-19.774369499999978,-1.0,2,False,stop
B,BKNG,2023-02-23,2023-02-24,97.9868,96.50579760000001,5,7.405011999999971,-7.405011999999971,-1.0,1,False,stop
B,UBER,2023-02-22,2023-02-27,34.39,32.691275999999995,29,49.262996000000165,-20.7350000000001,-0.42090416100555533,3,False,close_below_ema20
B,MS,2023-02-27,2023-02-28,98.41,96.51339,6,11.379659999999973,-7.739999999999952,-0.6801609186917685,1,False,close_below_ema20
B,ADI,2023-02-27,2023-03-02,185.58,181.42839,5,20.758050000000026,-22.250000000000085,-1.071873321434338,3,False,stop_gap
B,ORCL,2023-03-03,2023-03-09,87.32,85.78413,11,16.894569999999874,15.358699999999885,0.9090909090909091,4,True,breakeven_stop
B,BKNG,2023-02-27,2023-03-10,99.5684,95.206698,9,39.255317999999946,7.084799999999987,0.18048000528234154,9,False,close_below_ema20
B,SYK,2023-03-09,2023-03-10,266.93,262.57716,3,13.058520000000044,-13.058520000000044,-1.0,1,False,stop
B,REGN,2023-03-17,2023-03-20,753.08,724.93434,1,28.14566000000002,-4.420000000000073,-0.15704019731639157,1,False,close_below_ema20
B,ADI,2023-03-17,2023-03-28,187.39,178.90092,5,42.445399999999864,-18.349999999999937,-0.43232011007082033,7,False,close_below_ema20
B,AVGO,2023-03-29,2023-04-10,63.278,61.824114,8,11.631087999999977,-11.783999999999992,-1.0131468354465218,7,False,close_below_ema20
B,CSCO,2023-03-27,2023-04-12,50.7,49.360589999999995,19,25.44879000000015,2.2799999999999514,0.08959168589154683,11,False,close_below_ema20
B,LRCX,2023-04-12,2023-04-13,51.334,47.996955,14,46.71863000000005,-19.39000000000007,-0.415037855348071,1,False,close_below_ema20
B,PANW,2023-04-10,2023-04-20,96.155,94.26564,5,9.446799999999982,7.5574399999999855,0.8,8,True,breakeven_stop
B,NVDA,2023-04-24,2023-04-25,27.183,26.695278000000002,37,18.045713999999926,-18.045713999999926,-1.0,1,False,stop
B,BKNG,2023-04-13,2023-04-26,103.5168,101.27941919999999,9,20.1364272000001,17.89904640000009,0.8888888888888888,9,True,breakeven_stop
B,AAPL,2023-04-25,2023-04-26,165.6,163.72610999999998,6,11.243340000000103,-15.239999999999952,-1.3554691043764409,1,False,stop_gap
B,META,2023-04-27,2023-05-12,239.89,229.28151229412623,4,42.433950823495024,-12.599999999999909,-0.2969320498204349,11,False,time_stop_10d
B,NVDA,2023-04-27,2023-05-15,27.363,26.198775,35,40.74787499999994,40.07499999999999,0.983486868947155,12,False,time_stop_10d
B,GE,2023-05-12,2023-05-15,79.7925,77.6636586,12,25.546096799999987,-8.04480000000001,-0.3149130790109593,1,False,close_below_ema20
B,ETN,2023-05-15,2023-05-16,170.29,166.54329,5,18.733549999999894,-18.733549999999894,-1.0,1,False,stop
B,PANW,2023-05-17,2023-05-18,96.4,94.33557,10,20.644300000000015,-20.644300000000015,-1.0,1,False,stop
B,BSX,2023-03-28,2023-05-24,48.61,47.472480000000004,20,22.7503999999999,52.19999999999999,2.294465152261069,40,True,close_below_ema20
B,NFLX,2023-05-18,2023-07-21,34.725,32.929038000000006,28,50.28693599999988,176.4549359999999,3.508961770906072,43,True,close_below_ema20
B,AMZN,2023-07-24,2023-07-25,131.37,128.29157999999998,9,27.705780000000203,-18.54000000000002,-0.6691744466317096,1,False,close_below_ema20
B,PLTR,2023-07-25,2023-07-28,16.69,15.984,71,50.12600000000009,36.91999999999997,0.73654390934844,3,False,close_below_ema20
B,LLY,2023-07-28,2023-08-02,458.68,446.11344,2,25.133119999999963,-6.899999999999977,-0.27453813931577087,3,False,close_below_ema20
B,NVDA,2023-05-16,2023-08-03,28.969,28.017954,34,32.335564000000055,284.462564,8.79720434132522,54,True,close_below_ema20
B,AAPL,2023-05-25,2023-08-04,172.42,170.34948,5,10.352599999999939,48.38000000000011,4.673222185731159,48,True,close_below_ema20
B,MDLZ,2023-08-03,2023-08-08,75.61,73.63628999999999,15,29.605650000000168,-29.605650000000168,-1.0,3,False,stop
B,ADBE,2023-08-04,2023-08-08,530.91,521.6977800000001,1,9.212219999999888,-9.212219999999888,-1.0,2,False,stop
B,ICE,2023-08-08,2023-08-10,116.19,111.95138216941213,10,42.3861783058787,-15.39999999999992,-0.3633259853923663,2,False,close_below_ema20
B,MA,2023-08-09,2023-08-10,396.38,386.03358000000003,1,10.346419999999966,0.07999999999998408,0.007732143098770816,1,False,close_below_ema20
B,MDLZ,2023-08-10,2023-08-11,74.12,73.14677999999999,9,8.758980000000108,-1.9799999999999898,-0.22605371858366674,1,False,close_below_ema20
B,CSCO,2023-08-02,2023-08-17,52.78,51.68826,23,25.110020000000034,38.17999999999992,1.5205085459907985,11,False,time_stop_10d
B,INTU,2023-08-10,2023-08-17,504.0,490.46904,2,27.061919999999986,-27.061919999999986,-1.0,5,False,stop
B,GE,2023-08-21,2023-08-22,89.4174,87.7174947,13,22.098768899999968,1.1414000000000186,0.05164993602879029,1,False,close_below_ema20
B,MA,2023-08-21,2023-08-22,393.84,388.44117,2,10.79765999999995,2.32000000000005,0.21486136811124454,1,False,close_below_ema20
B,BKNG,2023-08-22,2023-08-25,122.9724,120.65002919999999,9,20.901337200000015,-17.251199999999955,-0.8253634604775403,3,False,close_below_ema20
B,TJX,2023-08-16,2023-09-07,88.75,86.37263272771779,7,16.6415709059755,14.980000000000004,0.900155405077842,15,False,time_stop_10d
B,AMAT,2023-08-28,2023-09-07,145.31,140.81904,8,35.92768000000001,36.75999999999999,1.0231665390027962,7,True,breakeven_stop
B,V,2023-08-22,2023-09-15,240.53,235.06470000000002,4,21.86119999999994,5.480000000000018,0.2506724242036134,17,False,close_below_ema20
B,AMZN,2023-09-08,2023-09-20,138.03,133.02684,6,30.01896000000005,3.1200000000000614,0.10393431351386112,8,False,close_below_ema20
B,LIN,2023-09-15,2023-09-20,390.93,384.00561,2,13.848780000000033,-13.848780000000033,-1.0,3,False,stop
B,ADBE,2023-09-20,2023-09-21,542.4,521.6578199999999,2,41.48436000000015,-45.83999999999992,-1.1049947498286041,1,False,close_below_ema20
B,INTU,2023-09-20,2023-09-21,531.1,525.60387,1,5.496129999999994,-11.519999999999982,-2.096020290640868,1,False,close_below_ema20
B,MRSH,2023-09-07,2023-09-22,194.45,191.57823000000002,6,17.230619999999817,4.92000000000013,0.28553818725038227,11,False,close_below_ema20
B,BSX,2023-09-26,2023-09-27,53.83,53.36658,21,9.731819999999985,-22.04999999999994,-2.2657632385309197,1,False,close_below_ema20
B,GOOGL,2023-09-29,2023-10-02,133.3,127.65212353060474,8,45.18301175516217,-16.720000000000027,-0.3700505865036711,1,False,close_below_ema20
B,BX,2023-09-29,2023-10-02,109.34,104.96493,6,26.250420000000048,-16.319999999999993,-0.6217043384448692,1,False,close_below_ema20
B,XOM,2023-09-26,2023-10-03,116.65,114.4854,9,19.481400000000065,-10.890000000000072,-0.5589947334380504,5,False,close_below_ema20
B,MU,2023-10-02,2023-10-03,68.73,64.5738620961545,13,54.02979274999156,-20.28000000000003,-0.3753484692018035,1,False,close_below_ema20
B,MU,2023-10-12,2023-10-17,70.39,67.932,16,39.327999999999975,-39.327999999999975,-1.0,3,False,stop
B,TSLA,2023-10-17,2023-10-18,255.4,248.23152,4,28.673920000000066,-10.800000000000068,-0.37664888511930156,1,False,close_below_ema20
B,MU,2023-10-19,2023-10-20,69.68,67.55238,16,34.04192000000012,-33.92000000000007,-0.9964185333847196,1,False,close_below_ema20
B,ANET,2023-10-06,2023-10-23,47.2375,45.74421,23,34.34566999999988,-24.37999999999989,-0.7098420266659516,11,False,close_below_ema20
B,LLY,2023-10-25,2023-10-26,596.94,575.56386,1,21.376140000000078,-21.376140000000078,-1.0,1,False,stop
B,PANW,2023-10-25,2023-10-26,126.095,119.29059,7,47.63087000000003,-25.90000000000002,-0.5437649994635833,1,False,close_below_ema20
B,MSFT,2023-10-25,2023-10-26,345.02,331.9761123157223,3,39.13166305283312,-39.13166305283312,-1.0,1,False,stop
B,VRTX,2023-11-13,2023-11-15,375.88,366.65297999999996,2,18.454040000000077,-11.919999999999959,-0.6459290215042294,2,False,close_below_ema20
B,LLY,2023-11-17,2023-11-28,595.09,577.5718499999999,1,17.518150000000105,-3.090000000000032,-0.17638848851048844,6,False,close_below_ema20
B,PLTR,2023-11-28,2023-12-04,19.5,18.601380000000002,50,44.93099999999988,-44.93099999999988,-1.0,4,False,stop
B,PGR,2023-11-21,2023-12-07,160.58,156.07377,6,27.0373800000001,10.61999999999989,0.3927895380395531,11,False,time_stop_10d
B,ADBE,2023-12-07,2023-12-14,608.53,590.5788299999999,1,17.951170000000047,-17.951170000000047,-1.0,5,False,stop
B,PANW,2023-11-21,2024-01-03,130.725,121.64529059535373,5,45.39854702323133,71.16383761858509,1.5675355773427981,28,True,close_below_ema20
B,AMZN,2023-12-05,2024-01-03,145.35,142.66719,6,16.096859999999936,27.64685999999992,1.7175312452242257,19,True,close_below_ema20
B,GE,2023-12-14,2024-01-03,97.6536,94.57458224082875,11,33.86919535088376,24.22970000000008,0.7153904823832151,12,False,time_stop_10d
B,GOOGL,2024-01-03,2024-01-05,139.45,136.34351999999998,7,21.745360000000034,-18.89999999999992,-0.869150936107744,2,False,close_below_ema20
B,MU,2024-01-04,2024-01-16,83.47,80.49942,12,35.64695999999998,-11.159999999999911,-0.3130701748480072,7,False,close_below_ema20
B,INTC,2024-01-05,2024-01-17,47.16,45.19476,20,39.30479999999989,-14.799999999999898,-0.3765443406403274,7,False,close_below_ema20
B,GOOGL,2024-01-18,2024-01-31,142.05,138.7611,7,23.022300000000087,19.733400000000074,0.8571428571428571,9,True,breakeven_stop
B,QCOM,2024-01-31,2024-02-01,148.8,145.42443,7,23.628990000000073,-55.51000000000005,-2.349232870300418,1,False,stop_gap
B,VZ,2024-01-17,2024-02-08,39.35,37.82846707883467,27,41.08138887146394,52.85985595029855,1.28671053736005,16,True,close_below_ema20
B,BX,2024-02-08,2024-02-26,126.58,120.08993020065604,8,51.92055839475165,-11.67999999999995,-0.22495905978508532,11,False,close_below_ema20
B,ANET,2024-02-26,2024-03-11,68.436,63.92072650040668,12,54.18328199511993,-13.272000000000105,-0.2449464024935858,10,False,close_below_ema20
B,AVGO,2024-02-01,2024-03-12,119.722,117.313569,9,21.675878999999938,74.15744799999992,3.421196805905778,27,True,close_below_ema20
B,REGN,2024-03-11,2024-03-12,976.0,952.3367099999999,1,23.663290000000075,-11.559999999999945,-0.4885204043900873,1,False,close_below_ema20
B,CRM,2024-03-12,2024-03-15,307.61,295.84386,3,35.29842000000002,-35.29842000000002,-1.0,3,False,stop
B,META,2024-01-04,2024-03-18,347.95,339.66999,2,16.56002000000001,160.52002000000005,9.693226215910364,50,True,close_below_ema20
B,KLAC,2024-03-18,2024-03-19,69.633,67.443489,9,19.705598999999964,-19.705598999999964,-1.0,1,False,stop
B,IBM,2024-03-19,2024-03-21,193.23,190.12967999999998,3,9.300960000000032,-9.300960000000032,-1.0,2,False,stop
B,NOW,2024-03-21,2024-03-28,156.0,147.0528,6,53.683200000000056,-24.41999999999996,-0.45489091559370404,5,False,close_below_ema20
B,HD,2024-03-28,2024-04-01,387.13,379.0206,3,24.32819999999998,-24.32819999999998,-1.0,1,False,stop
B,ANET,2024-04-01,2024-04-05,73.235,70.9464825,16,36.61627999999996,-7.680000000000064,-0.2097427701557906,4,False,close_below_ema20
B,NVDA,2024-04-08,2024-04-09,88.7,85.79411999999999,13,37.776440000000136,-16.354000000000127,-0.4329153302958158,1,False,close_below_ema20
B,GS,2024-04-09,2024-04-10,412.53,401.06853,2,22.922939999999926,-22.922939999999926,-1.0,1,False,stop
B,ISRG,2024-04-10,2024-04-11,391.18,378.24138,3,38.81586000000004,-10.800000000000068,-0.2782367825935083,1,False,close_below_ema20
B,AVGO,2024-04-11,2024-04-15,133.575,130.733136,9,25.57677599999988,-25.57677599999988,-1.0,2,False,stop
B,QCOM,2024-04-15,2024-04-16,174.27,169.89992999999998,6,26.22042000000016,-28.62000000000006,-1.0915156965449022,1,False,close_below_ema20
B,AMZN,2024-03-12,2024-04-18,174.47,171.29853,6,19.028819999999996,40.028819999999996,2.1035891873484536,26,True,close_below_ema20
B,MU,2024-03-15,2024-04-18,93.45,90.2097,12,38.88360000000006,254.82,6.553405548868922,23,True,close_below_ema20
B,NFLX,2024-04-18,2024-04-19,62.097,60.326613,18,31.86696599999999,-95.56200000000008,-2.9987793629302555,1,False,close_below_ema20
B,COP,2024-04-19,2024-04-22,129.22,127.12275,8,16.77800000000002,-16.77800000000002,-1.0,1,False,stop
B,GOOGL,2024-04-22,2024-04-25,156.36,152.14770000000001,4,16.849199999999996,-20.120000000000005,-1.194121976117561,3,False,stop_gap
B,PGR,2024-04-16,2024-04-29,208.78,201.88791,5,34.46044999999998,-3.9000000000000057,-0.11317321741300557,9,False,close_below_ema20
B,COP,2024-04-25,2024-04-30,129.7,126.81306,8,23.095519999999965,-23.095519999999965,-1.0,3,False,stop
B,PGR,2024-04-30,2024-05-01,208.03,205.03476,5,14.976199999999977,5.649999999999977,0.37726526088059625,1,False,close_below_ema20
B,WFC,2024-05-01,2024-05-03,59.99,59.2407,18,13.487400000000093,-13.487400000000093,-1.0,2,False,stop
B,MS,2024-05-01,2024-05-30,91.83,90.45945,12,16.446599999999933,51.60659999999993,3.13782787931853,20,True,close_below_ema20
B,BAC,2024-05-03,2024-05-31,37.49,36.61335,30,26.29950000000015,44.449500000000164,1.6901271887298204,19,True,close_below_ema20
B,AXP,2024-05-31,2024-06-03,238.0,234.43533,4,14.258680000000027,-14.258680000000027,-1.0,1,False,stop
B,GE,2024-06-03,2024-06-04,166.12,159.90993,7,43.47049000000001,-35.84000000000003,-0.8244673570507262,1,False,close_below_ema20
B,JPM,2024-05-30,2024-06-06,198.99,195.2046,5,18.92700000000005,-8.650000000000091,-0.45701907328155905,5,False,close_below_ema20
B,GE,2024-06-06,2024-06-07,162.94,158.19164999999998,7,33.238450000000114,-15.680000000000064,-0.4717428159255323,1,False,close_below_ema20
B,TXN,2024-06-10,2024-06-17,197.39,190.06974,5,36.60129999999995,-21.099999999999994,-0.5764822560947295,5,False,close_below_ema20
B,SYK,2024-06-17,2024-06-21,345.07,340.66899,3,13.203029999999956,-5.370000000000061,-0.4067248199845096,3,False,close_below_ema20
B,BSX,2024-04-22,2024-07-02,68.08,66.84308999999999,16,19.79056000000014,106.96000000000004,5.404596939146708,49,True,close_below_ema20
B,BKNG,2024-06-04,2024-07-02,151.3772,148.03461719999999,7,23.398079600000017,34.836296800000014,1.4888528202117917,19,True,close_below_ema20
B,NFLX,2024-07-02,2024-07-11,67.502,66.16377,17,22.74990999999993,-22.74990999999993,-1.0,6,False,stop
B,INTU,2024-07-11,2024-07-12,638.59,622.02735,1,16.562650000000076,-6.9500000000000455,-0.4196188411878542,1,False,close_below_ema20
B,GOOGL,2024-06-21,2024-07-17,177.29,173.92589999999998,6,20.184600000000046,37.224600000000066,1.8442079605243593,17,True,close_below_ema20
B,KLAC,2024-07-02,2024-07-17,82.894,79.06285799999999,14,53.6359880000002,-53.6359880000002,-1.0,10,False,stop
B,PGR,2024-07-12,2024-07-17,212.43,207.2925,5,25.687500000000085,27.660000000000082,1.0767883211678828,3,True,close_below_ema20
B,COST,2024-07-18,2024-07-19,849.95,837.54162,1,12.40838000000008,-13.440000000000055,-1.083138975434341,1,False,close_below_ema20
B,AAPL,2024-07-22,2024-07-24,227.01,222.04773,5,24.811349999999948,-24.811349999999948,-1.0,2,False,stop
B,TJX,2024-07-22,2024-07-24,113.52,111.47841,5,10.207949999999997,-10.207949999999997,-1.0,2,False,stop
B,BSX,2024-07-22,2024-07-25,77.69,75.19169657086066,14,34.97624800795077,-34.97624800795077,-1.0,3,False,stop
B,PGR,2024-07-24,2024-07-25,216.55,212.95683,5,17.965850000000074,-17.965850000000074,-1.0,1,False,stop
B,MS,2024-07-25,2024-08-01,104.0,101.62827,10,23.717299999999994,-23.717299999999994,-1.0,5,False,stop
B,AXP,2024-07-26,2024-08-02,244.96,237.41235,2,15.095300000000009,-15.095300000000009,-1.0,5,False,stop
B,ISRG,2024-08-01,2024-08-05,447.31,431.12844,2,32.36311999999998,-32.36311999999998,-1.0,2,False,stop
B,T,2024-07-25,2024-08-06,19.23,18.44696821476984,58,45.41584354334935,-19.71999999999999,-0.43420970439924306,8,False,close_below_ema20
B,LOW,2024-08-06,2024-08-07,240.99,232.50726,4,33.93096000000003,-33.93096000000003,-1.0,1,False,stop
B,NOW,2024-08-06,2024-08-08,158.19,149.07077999999998,5,45.596100000000064,1.0500000000000398,0.02302828531387637,2,False,close_below_ema20
B,FISV,2024-08-07,2024-08-08,159.39,154.01583,6,32.245019999999954,-15.0,-0.4651881127690422,1,False,close_below_ema20
B,BLK,2024-08-06,2024-08-13,848.92,814.0891176781486,1,34.83088232185139,-4.439999999999941,-0.1274730843443055,5,False,close_below_ema20
B,CB,2024-08-08,2024-08-23,269.85,262.09764,3,23.25708000000003,10.439999999999884,0.4488955621255923,11,False,time_stop_10d
B,GS,2024-08-09,2024-08-26,487.73,457.64221902904654,1,30.087780970953474,24.610000000000014,0.8179400143785389,11,False,time_stop_10d
B,NOW,2024-08-26,2024-08-28,166.9,162.837,4,16.252000000000066,-16.252000000000066,-1.0,2,False,stop
B,BLK,2024-08-23,2024-08-30,869.5,852.90624,1,16.593759999999975,33.18751999999995,2.0,5,False,target_2R_all
B,GE,2024-08-28,2024-09-03,171.5,168.60123000000002,4,11.595079999999939,-11.595079999999939,-1.0,3,False,stop
B,MS,2024-08-30,2024-09-03,102.92,101.17872,9,15.67152000000003,-15.67152000000003,-1.0,1,False,stop
B,META,2024-09-03,2024-09-04,523.54,511.93755000000004,2,23.20489999999984,-34.93999999999994,-1.505716465056957,1,False,close_below_ema20
B,TJX,2024-09-05,2024-09-06,117.82,116.13375,9,15.176249999999882,-15.176249999999882,-1.0,1,False,stop
B,JPM,2024-08-13,2024-09-09,207.73,197.95065318827042,5,48.89673405864784,37.30000000000004,0.7628321342538253,18,False,close_below_ema20
B,AXP,2024-09-06,2024-09-09,253.17,248.12163,4,20.19347999999991,-19.67999999999995,-0.9745719905632927,1,False,close_below_ema20
B,RTX,2024-09-09,2024-09-11,120.77,117.95192999999999,8,22.544560000000047,-22.544560000000047,-1.0,2,False,stop
B,PLD,2024-09-03,2024-09-18,127.97,124.51536,4,13.81855999999999,3.3999999999999773,0.2460458976912196,11,False,time_stop_10d
B,COST,2024-09-09,2024-09-24,893.2,867.8313,1,25.36869999999999,18.809999999999945,0.741464876008623,11,False,time_stop_10d
B,AMGN,2024-09-11,2024-09-25,329.23,318.681,3,31.647000000000105,-0.6900000000000546,-0.021803014503746082,10,False,close_below_ema20
B,SPGI,2024-09-25,2024-09-26,491.4948,484.8599547,2,13.26969059999999,-11.86379999999997,-0.8940524958434206,1,False,close_below_ema20
B,ISRG,2024-09-19,2024-09-27,492.0,479.10042,1,12.899580000000014,-12.899580000000014,-1.0,6,False,stop
B,AAPL,2024-09-26,2024-10-01,227.3,223.79598000000001,4,14.016079999999988,-14.016079999999988,-1.0,3,False,stop
B,NOW,2024-10-01,2024-10-02,179.718,174.111714,5,28.031429999999915,-29.58999999999989,-1.0556008023850363,1,False,close_below_ema20
B,NEE,2024-09-27,2024-10-07,84.6,81.51036527618406,7,21.627443066711535,-21.627443066711535,-1.0,6,False,stop
B,AVGO,2024-10-02,2024-10-24,172.25,165.63420000000002,5,33.078999999999894,32.49319999999989,0.9822908794098972,16,True,close_below_ema20
B,UBER,2024-10-07,2024-10-25,74.32,71.8281,8,19.935199999999895,46.480000000000075,2.331554235723761,14,True,close_below_ema20
B,ANET,2024-10-25,2024-10-28,99.975,95.4819225,10,44.93077499999998,-0.09999999999990905,-0.0022256460076619886,1,False,close_below_ema20
B,ICE,2024-10-24,2024-10-31,166.03,163.15668,6,17.23992000000004,-40.26000000000005,-2.335277657900962,5,False,stop_gap
B,AAPL,2024-10-28,2024-10-31,233.32,227.53224,4,23.151039999999966,-15.919999999999959,-0.6876580922498506,3,False,close_below_ema20
B,SBUX,2024-10-31,2024-11-05,98.15,96.25365,9,17.06715000000011,-17.06715000000011,-1.0,3,False,stop
B,SYK,2024-11-05,2024-12-06,369.69,355.20444,2,28.97112000000004,26.799999999999955,0.925059162365829,22,False,close_below_ema20
B,TMUS,2024-09-24,2024-12-10,202.88,195.27453,5,38.027349999999984,126.30188000000001,3.3213431911505813,54,True,close_below_ema20
B,BMY,2024-12-06,2024-12-11,59.23,57.532410000000006,18,30.55661999999984,-30.55661999999984,-1.0,3,False,stop
B,CSCO,2024-12-11,2024-12-12,58.88,58.071870000000004,18,14.546339999999972,-3.420000000000087,-0.23511068763689652,1,False,close_below_ema20
B,GILD,2024-12-10,2024-12-13,92.15,89.77014,11,26.178460000000086,-26.178460000000086,-1.0,3,False,stop
B,T,2024-12-12,2024-12-16,23.58,23.08689,45,22.189949999999907,-22.189949999999907,-1.0,2,False,stop
B,ISRG,2024-12-16,2024-12-17,547.1,531.60786,1,15.492140000000063,-15.492140000000063,-1.0,1,False,stop
B,PANW,2024-12-16,2024-12-18,201.25,193.67113500000002,5,37.894324999999895,-37.894324999999895,-1.0,2,False,stop
B,GILD,2024-12-17,2024-12-19,93.26,89.11490305417882,10,41.4509694582118,-28.599999999999994,-0.6899717997870393,2,False,close_below_ema20
B,ISRG,2024-12-18,2024-12-19,546.01,530.8885799999999,1,15.121420000000057,-13.269999999999982,-0.8775630860064684,1,False,close_below_ema20
B,WMT,2024-10-31,2024-12-23,81.83,81.2187,13,7.946899999999999,75.02560000000001,9.440863733027975,36,True,close_below_ema20
B,AMZN,2024-12-23,2024-12-30,226.21,218.51127,2,15.397460000000024,-15.397460000000024,-1.0,4,False,stop
B,NFLX,2024-12-20,2024-12-31,91.262,88.567344,11,29.641215999999943,-11.90199999999993,-0.40153548356450536,6,False,close_below_ema20
B,GILD,2024-12-20,2024-12-31,91.48,89.06085,10,24.19150000000002,11.099999999999994,0.4588388483558269,6,False,close_below_ema20
B,TSLA,2024-12-31,2025-01-02,427.0,414.99459,2,24.010819999999967,-73.79999999999995,-3.0736143122142456,1,False,close_below_ema20
B,DIS,2025-01-02,2025-01-03,111.7,109.72017,9,17.81847000000006,-2.9699999999999847,-0.1666809776596966,1,False,close_below_ema20
B,CSCO,2025-01-02,2025-01-06,59.38,58.351589999999995,16,16.45456000000013,-7.5200000000000955,-0.45701617059344257,2,False,close_below_ema20
B,PLTR,2025-01-03,2025-01-07,76.53,72.34758000000001,11,46.00661999999993,-46.00661999999993,-1.0,2,False,stop
B,AXP,2025-01-03,2025-01-10,300.68,293.83587,2,13.688260000000014,-13.688260000000014,-1.0,4,False,stop
B,TJX,2025-01-10,2025-01-13,122.01,119.39049,7,18.336570000000037,-13.65000000000002,-0.7444140316318697,1,False,close_below_ema20
B,ANET,2025-01-14,2025-01-27,114.61,108.982908,8,45.01673600000004,26.32000000000005,0.5846714430828577,8,True,stop_gap
B,AXP,2025-01-14,2025-02-11,299.6,290.86884000000003,3,26.193479999999965,35.32231999999988,1.3485157375041392,19,True,close_below_ema20
B,JPM,2025-01-14,2025-02-21,244.54,238.50126,2,12.07747999999998,35.85748000000001,2.968953788373077,26,True,close_below_ema20
B,SCHW,2025-02-21,2025-02-24,82.17,79.86006,13,30.029219999999967,-15.46999999999997,-0.5151648960579058,1,False,close_below_ema20
B,COST,2025-02-24,2025-02-27,1036.21,1023.6554199000001,1,12.554580099999953,-12.554580099999953,-1.0,3,False,stop
B,IBM,2025-01-28,2025-02-28,224.32,219.62016,4,18.79935999999998,104.44000000000005,5.555508272622056,22,True,close_below_ema20
B,ORCL,2025-02-27,2025-02-28,173.87,164.27555999999998,5,47.9722000000001,-53.799999999999955,-1.121482858822398,1,False,close_below_ema20
B,GE,2025-02-28,2025-03-04,205.47,195.68124840644853,5,48.943757967757335,-37.349999999999994,-0.7631208054069948,2,False,close_below_ema20
B,C,2025-03-03,2025-03-04,80.0,76.38354,13,47.013980000000046,-70.97999999999992,-1.5097636915657822,1,False,close_below_ema20
B,UBER,2025-03-05,2025-03-07,76.68,71.52839999999999,9,46.364400000000145,-24.210000000000107,-0.5221678701762567,2,False,close_below_ema20
B,TMUS,2025-03-07,2025-03-11,263.97,257.22252000000003,3,20.242439999999988,-20.242439999999988,-1.0,2,False,stop
B,GILD,2025-02-11,2025-03-19,96.17,94.46544,10,17.045600000000007,95.44999999999995,5.5996855493499735,25,True,close_below_ema20
B,PGR,2025-03-26,2025-03-27,276.25,267.12261,3,27.382169999999974,-7.769999999999925,-0.2837612943020927,1,False,close_below_ema20
B,RTX,2025-03-07,2025-04-04,128.86,125.83403999999999,7,21.181720000000183,6.7157600000001025,0.3170545168192217,20,True,close_below_ema20
B,PM,2025-03-26,2025-04-04,152.38,149.94989999999999,6,14.58060000000006,14.58060000000006,1.0,7,True,breakeven_stop
B,WMT,2025-05-14,2025-05-15,97.32,95.13477,10,21.8522999999999,-30.19999999999996,-1.3820055554792905,1,False,stop_gap
B,BSX,2025-05-15,2025-06-02,103.48,101.71817999999999,9,15.85638000000013,14.094560000000115,0.8888888888888888,11,True,breakeven_stop
B,T,2025-06-02,2025-06-05,27.8,27.13284,36,24.017759999999967,-13.320000000000036,-0.5545896036932693,3,False,close_below_ema20
B,ICE,2025-05-15,2025-06-10,174.0,170.40942,5,17.952899999999943,10.0,0.5570130730968273,17,False,close_below_ema20
B,WMT,2025-06-10,2025-06-11,97.85,96.67322999999999,10,11.767700000000048,-5.599999999999881,-0.4758788888227825,1,False,close_below_ema20
B,PM,2025-05-16,2025-06-26,169.6,162.20763,3,22.17711,37.28474,1.6812262733963081,27,True,close_below_ema20
B,PLTR,2025-06-09,2025-06-30,128.13,118.81107,5,46.59464999999997,66.25571999999997,1.4219598172751595,14,True,close_below_ema20
B,PM,2025-06-30,2025-07-01,181.3,178.02179999999998,5,16.391000000000133,-16.391000000000133,-1.0,1,False,stop
B,ABT,2025-07-01,2025-07-03,136.26,132.24761999999998,7,28.08666000000005,-11.130000000000024,-0.39627353341408356,2,False,close_below_ema20
B,PANW,2025-07-03,2025-07-10,197.92,194.71509,5,16.02454999999992,12.819639999999936,0.8,4,True,breakeven_stop
B,NFLX,2025-06-11,2025-07-11,122.752,117.94293900000001,8,38.472487999999885,51.38048799999996,1.3355124836220655,20,True,close_below_ema20
B,META,2025-07-14,2025-07-16,725.16,708.9903,1,16.16969999999992,-11.789999999999964,-0.7291415425147048,2,False,close_below_ema20
B,GE,2025-07-10,2025-08-14,251.72,243.09666,4,34.49335999999994,78.70000000000005,2.281598545343225,25,True,close_below_ema20
B,SCHW,2025-07-17,2025-08-14,91.99,89.86005,11,23.42944999999993,53.519499999999965,2.2842832418174615,20,True,close_below_ema20
B,RTX,2025-06-26,2025-08-18,142.42,140.32953,7,14.633289999999874,60.58281999999997,4.14006829632984,36,True,close_below_ema20
B,WMT,2025-08-18,2025-08-21,100.77,99.44046,11,14.624939999999938,-14.959999999999994,-1.0229101794605693,3,False,stop_gap
B,LRCX,2025-08-20,2025-08-21,100.99,98.1018,6,17.329199999999986,-13.379999999999939,-0.7721071947926015,1,False,close_below_ema20
B,GE,2025-08-21,2025-08-25,268.94,263.5362,4,21.61519999999996,-7.759999999999991,-0.35900662496761565,2,False,close_below_ema20
B,UBER,2025-08-14,2025-09-02,92.2,88.82109,11,37.16801000000005,0.660000000000025,0.01775720572610759,12,False,time_stop_10d
B,NVDA,2025-08-25,2025-09-02,178.59,169.26842270928887,5,46.607886453555665,-42.95000000000002,-0.921517864638623,5,False,close_below_ema20
B,UBER,2025-09-03,2025-09-04,93.537,91.51839,11,22.204710000000105,-4.697000000000074,-0.21153169755425996,1,False,close_below_ema20
B,TMUS,2025-09-02,2025-09-08,253.15,248.61114,4,18.15544,-48.08000000000004,-2.6482420695945703,4,False,stop_gap
B,C,2025-09-04,2025-10-02,95.3,92.86703999999999,11,26.762560000000093,47.00960000000009,1.7565434696830171,20,True,close_below_ema20
B,BAC,2025-09-09,2025-10-02,49.91,48.831120000000006,21,22.65647999999981,29.71759999999984,1.3116600636992193,17,True,close_below_ema20
B,QCOM,2025-10-02,2025-10-08,167.75,164.32551,6,20.54693999999995,-9.059999999999945,-0.440941570861645,4,False,close_below_ema20
B,GS,2025-10-03,2025-10-09,791.0,771.6675600000001,1,19.332439999999906,-12.149999999999977,-0.6284773158483894,4,False,close_below_ema20
B,TSLA,2025-10-10,2025-10-13,436.54,416.16342,2,40.75316000000009,-26.020000000000095,-0.6384780959317029,1,False,close_below_ema20
B,ETN,2025-10-10,2025-10-13,381.87,367.12251000000003,2,29.49497999999994,-14.279999999999973,-0.48415018420083694,1,False,close_below_ema20
B,ANET,2025-08-21,2025-10-15,132.119,127.45242,4,18.666319999999985,35.26831999999996,1.8894093747455305,38,True,close_below_ema20
B,PLTR,2025-10-14,2025-10-22,179.22,170.59923,6,51.72461999999996,-51.72461999999996,-1.0,6,False,stop
B,NVDA,2025-10-22,2025-10-23,182.79,177.11271,5,28.386449999999996,-11.850000000000023,-0.41745269309829247,1,False,close_below_ema20
B,TSLA,2025-10-15,2025-10-31,434.9,411.03855,2,47.72289999999998,23.700000000000045,0.49661692814141756,12,False,time_stop_10d
B,JNJ,2025-10-31,2025-11-04,189.38,184.47534,5,24.523300000000035,-12.749999999999915,-0.5199137147121267,2,False,close_below_ema20
B,ANET,2025-10-23,2025-11-06,147.49,136.65321,4,43.34716000000003,-27.360000000000014,-0.631183219385076,10,False,close_below_ema20
B,MS,2025-11-04,2025-11-07,164.66,161.40842999999998,6,19.50942000000009,-19.50942000000009,-1.0,3,False,stop
B,INTC,2025-11-06,2025-11-07,38.69,36.59337,25,52.41574999999994,-35.74999999999999,-0.6820469038409264,1,False,close_below_ema20
B,RTX,2025-11-07,2025-11-13,175.39,173.4264,6,11.781599999999912,11.781599999999912,1.0,4,True,breakeven_stop
B,LRCX,2025-10-15,2025-11-14,144.0,133.15147509174994,4,43.39409963300022,50.414099633000205,1.161773145643548,22,True,close_below_ema20
B,GE,2025-11-07,2025-11-14,308.03,301.13856,3,20.674319999999966,-21.179999999999836,-1.0244593292548374,5,False,close_below_ema20
B,PLD,2025-11-19,2025-11-20,124.25,122.18769,8,16.498479999999972,-4.7999999999999545,-0.2909358922761347,1,False,close_below_ema20
B,C,2025-11-20,2025-11-21,101.07,96.28362,10,47.86379999999994,-29.399999999999977,-0.6142429142692393,1,False,close_below_ema20
B,MS,2025-11-20,2025-11-21,164.2,157.63221,6,39.40674000000001,-26.519999999999925,-0.6729813224844257,1,False,close_below_ema20
B,ABBV,2025-11-21,2025-11-26,234.95,227.772,4,28.71199999999999,-28.71199999999999,-1.0,3,False,stop
B,TMO,2025-11-20,2025-12-05,574.62,555.90354,1,18.716459999999984,3.3799999999999955,0.18058970553192208,10,False,close_below_ema20
B,PLD,2025-11-21,2025-12-09,125.55,121.27860000000001,8,34.171199999999885,14.800000000000068,0.4331132649716755,11,False,time_stop_10d
B,JNJ,2025-12-09,2025-12-10,203.26,200.60919,4,10.603239999999914,-10.67999999999995,-1.0072392966678143,1,False,close_below_ema20
B,GS,2025-11-26,2025-12-11,805.84,758.996798979688,1,46.843201020311994,93.68640204062399,2.0,10,False,target_2R_all
B,AAPL,2025-12-09,2025-12-11,279.67,275.87385,3,11.388450000000034,-11.388450000000034,-1.0,2,False,stop
B,AAPL,2025-12-15,2025-12-16,280.15,273.53619,2,13.227620000000002,-14.659999999999968,-1.1082870539068983,1,False,close_below_ema20
B,PLD,2025-12-10,2025-12-17,128.23,126.48339,6,10.479659999999939,-4.2599999999999625,-0.40650173765179287,5,False,close_below_ema20
B,PLD,2025-12-18,2025-12-19,129.03,126.96291000000001,8,16.536719999999946,-6.0,-0.36282890440184146,1,False,close_below_ema20
B,BAC,2025-12-11,2025-12-30,54.55,53.216730000000005,19,25.332129999999843,17.860000000000092,0.7050334890907398,12,False,time_stop_10d
B,AMAT,2025-12-19,2026-01-02,260.82,246.67308,3,42.44075999999998,18.779999999999973,0.44249914469015117,8,False,close_below_ema20
B,BAC,2026-01-02,2026-01-12,55.42,54.87507,18,9.808740000000014,8.638739999999991,0.8807186244104726,6,True,stop_gap
B,JPM,2026-01-05,2026-01-13,325.73,320.41926,3,15.93222000000003,-15.93222000000003,-1.0,6,False,stop
B,MS,2025-12-19,2026-01-15,177.07,172.40742,4,18.650319999999965,26.51031999999998,1.421440490029127,17,True,close_below_ema20
B,GE,2026-01-12,2026-01-20,322.3,309.95973,3,37.0208100000001,-37.0208100000001,-1.0,5,False,stop
B,PLD,2026-01-13,2026-01-23,130.05,125.90547143643074,8,33.156228508554136,-24.960000000000036,-0.7527997339492484,7,False,close_below_ema20
B,SCHW,2026-01-15,2026-02-02,102.2,99.5004,6,16.197600000000023,9.180000000000007,0.5667506297229216,11,False,time_stop_10d
B,AMD,2026-02-02,2026-02-04,245.24,234.31545,4,43.69820000000004,-120.96000000000004,-2.768077403645915,2,False,stop_gap
B,GOOGL,2026-01-21,2026-02-05,327.73,320.10957,2,15.240859999999998,-0.26913999999999305,-0.017659108475505524,11,True,stop_gap
B,AMZN,2026-01-23,2026-02-05,235.72,226.65312,4,36.26751999999999,-43.24000000000001,-1.1922513587915584,9,False,close_below_ema20
B,MU,2026-02-06,2026-02-11,390.93,363.5361,1,27.39390000000003,4.4599999999999795,0.1628099686426531,3,False,close_below_ema20
B,MS,2026-02-10,2026-02-11,183.82,174.2517864875228,5,47.841067562386,-20.249999999999915,-0.42327650764886016,1,False,close_below_ema20
B,NVDA,2026-02-09,2026-02-17,187.0,174.06988924614825,3,38.79033226155525,-15.75,-0.40602900469635017,5,False,close_below_ema20
B,LOW,2026-02-20,2026-02-23,282.11,276.45327000000003,3,16.970189999999945,-16.970189999999945,-1.0,1,False,stop
B,CSCO,2026-02-23,2026-02-24,79.33,74.5523515607066,10,47.77648439293401,-15.900000000000034,-0.3327997068438881,1,False,close_below_ema20
B,RTX,2026-02-11,2026-02-25,196.41,192.88692,4,14.092319999999972,18.192319999999995,1.2909386105339669,9,True,close_below_ema20
B,REGN,2026-02-12,2026-02-25,784.8,744.32493,1,40.47506999999996,-10.669999999999959,-0.26361906230180626,8,False,close_below_ema20
B,WMT,2026-02-24,2026-02-27,126.8,120.92895,7,41.09734999999998,-8.960000000000008,-0.21801892336123893,3,False,close_below_ema20
B,LMT,2026-02-27,2026-03-02,648.09,633.4059599999999,1,14.684040000000095,37.40999999999997,2.5476639943775505,1,False,target_2R_all
B,REGN,2026-02-27,2026-03-04,784.5,753.03621,1,31.463790000000017,-17.450000000000045,-0.554605786524765,3,False,close_below_ema20
B,WMT,2026-03-02,2026-03-05,128.6,121.72065366603202,6,41.27607800380784,-41.27607800380784,-1.0,3,False,stop
B,ADI,2026-03-04,2026-03-05,344.04,334.74492,2,18.590160000000083,-18.590160000000083,-1.0,1,False,stop
B,GE,2026-03-05,2026-03-06,340.25,328.75092,2,22.998159999999984,-33.15999999999997,-1.4418544787930856,1,False,close_below_ema20
B,LMT,2026-03-06,2026-03-10,663.0,646.58277,1,16.417230000000018,-16.417230000000018,-1.0,2,False,stop
B,XOM,2026-03-06,2026-03-10,153.15,147.71214,6,32.62716,-32.62716,-1.0,2,False,stop
B,RTX,2026-02-27,2026-03-13,198.68,192.42738,4,25.01048000000003,36.57048000000003,1.462206243142874,10,True,close_below_ema20
B,AMGN,2026-03-10,2026-03-13,378.82,361.0386,2,35.56280000000004,-16.279999999999973,-0.45778172697312797,3,False,close_below_ema20
B,JNJ,2026-03-10,2026-03-16,244.09,235.3030055854686,3,26.360983243594177,-0.5100000000000477,-0.01934677456023875,4,False,close_below_ema20
B,WMT,2026-03-13,2026-03-18,125.39,121.49838,7,27.241340000000022,-7.420000000000016,-0.27238013989032883,3,False,close_below_ema20
B,RTX,2026-03-16,2026-03-18,206.29,199.8999,4,25.56039999999996,-7.919999999999959,-0.3098543058794061,2,False,close_below_ema20
B,CSCO,2026-03-17,2026-03-19,79.18,75.1503828697809,6,24.17770278131465,-9.780000000000058,-0.40450493119463665,2,False,close_below_ema20
B,PFE,2026-04-09,2026-04-10,27.49,26.753220000000002,25,18.4194999999999,-4.249999999999954,-0.23073373327180308,1,False,close_below_ema20
B,JNJ,2026-04-09,2026-04-13,241.33,233.6661,3,22.991700000000037,-10.860000000000014,-0.47234436775010097,2,False,close_below_ema20
B,TJX,2026-04-09,2026-04-14,161.89,157.27257,5,23.087149999999923,-16.999999999999886,-0.7363403451703628,3,False,close_below_ema20
B,TJX,2026-04-15,2026-04-16,160.37,157.17267,5,15.986649999999969,-15.986649999999969,-1.0,1,False,stop
B,TJX,2026-04-20,2026-04-22,161.4,156.26358,5,25.682100000000077,-10.0,-0.3893762581720331,2,False,close_below_ema20
B,SBUX,2026-04-23,2026-04-28,99.97,96.75314999999999,8,25.734800000000064,-25.734800000000064,-1.0,3,False,stop
B,JPM,2026-04-28,2026-04-30,315.2,306.57312,2,17.253759999999943,-17.253759999999943,-1.0,2,False,stop
B,LIN,2026-04-24,2026-05-01,508.26,488.9885148754101,1,19.2714851245899,-4.899999999999977,-0.2542616704587914,5,False,close_below_ema20
B,WMT,2026-04-30,2026-05-11,128.08,125.78408999999999,6,13.775460000000123,13.775460000000123,1.0,7,True,breakeven_stop
B,AMAT,2026-05-01,2026-05-19,396.01,376.69293,2,38.63414,46.994140000000016,1.2163889244072732,12,True,close_below_ema20
B,WMT,2026-05-12,2026-05-21,130.6,126.25362,7,30.424659999999975,-43.329999999999984,-1.4241736801660239,7,False,stop_gap
B,AMAT,2026-05-21,2026-06-02,427.5,396.97263,1,30.52737000000002,61.05474000000004,2.0,7,False,target_2R_all
B,TXN,2026-06-03,2026-06-05,308.64,289.64007,2,37.99986000000001,-37.99986000000001,-1.0,2,False,stop
B,LRCX,2026-05-20,2026-06-08,279.58,263.44629,2,32.267420000000016,74.16000000000003,2.29829344893394,12,True,close_below_ema20
B,LIN,2026-06-05,2026-06-09,512.29,492.9894641303777,1,19.30053586962225,-4.339999999999975,-0.2248642229064139,2,False,close_below_ema20
B,MRK,2026-06-11,2026-06-15,120.04,117.14274,8,23.178080000000023,-23.178080000000023,-1.0,2,False,stop
B,CSCO,2026-04-15,2026-06-18,82.65,81.16875,10,14.812500000000028,194.56249999999997,13.135021097046387,45,True,close_below_ema20
B,AAPL,2026-06-16,2026-06-18,297.78,287.09262,3,32.062139999999886,0.9900000000001228,0.030877539677642424,2,False,close_below_ema20
B,AAPL,2026-06-22,2026-06-23,300.57,287.09262,2,26.954759999999965,-6.059999999999945,-0.224821144762556,1,False,close_below_ema20
B,LIN,2026-06-23,2026-06-30,523.88,506.61288,1,17.267119999999977,-11.519999999999982,-0.6671639509078524,5,False,close_below_ema20
B,ETN,2026-06-30,2026-07-02,411.74,397.72188,2,28.03624000000002,-28.03624000000002,-1.0,2,False,stop
B,C,2026-07-02,2026-07-08,141.88,138.12174,7,26.30782000000005,-26.30782000000005,-1.0,3,False,stop
B,AMD,2026-07-09,2026-07-16,537.27,497.65184999999997,1,39.618150000000014,-39.618150000000014,-1.0,5,False,stop
B,PANW,2026-06-10,2026-07-24,266.44,250.89885,3,46.62344999999996,154.38229999999993,3.311258604843701,30,True,close_below_ema20
B,UNH,2026-06-22,2026-07-27,406.2,398.19140999999996,2,16.017180000000053,32.327180000000055,2.018281620110403,24,True,close_below_ema20
B,SBUX,2026-07-27,2026-07-28,105.16,101.82807000000001,9,29.98736999999987,6.030000000000015,0.201084656640447,1,False,close_below_ema20
B,UNH,2026-07-28,2026-07-30,422.88,412.12746000000004,2,21.505079999999907,-15.379999999999995,-0.7151798551784072,2,False,close_below_ema20
B,ABBV,2026-07-16,2026-07-31,247.75,242.82693,4,19.692279999999982,19.692279999999982,1.0,11,True,breakeven_stop
B,PLD,2026-07-24,2026-08-03,145.79,142.17767999999998,6,21.673920000000066,-6.119999999999891,-0.2823670106745744,6,False,close_below_ema20
B,SBUX,2026-07-30,2026-08-04,107.22,101.92678536413149,9,47.63893172281658,-37.43999999999997,-0.7859118298000823,3,False,close_below_ema20
B,GE,2026-08-03,2026-08-14,363.79,347.31234,2,32.95532000000003,-2.580000000000041,-0.07828781513880122,9,False,close_below_ema20
B,UNP,2026-07-31,2026-08-17,293.87,284.50521000000003,2,18.72957999999994,2.9600000000000364,0.1580387814355712,11,False,time_stop_10d
B,DE,2026-08-04,2026-08-17,616.23,589.46994,1,26.760060000000067,-9.860000000000014,-0.3684595624972436,9,False,close_below_ema20
B,GE,2026-08-17,2026-08-19,368.69,359.19045,2,18.9991,-18.9991,-1.0,2,False,stop
B,SBUX,2026-08-24,2026-08-26,107.41,102.86703,8,36.343759999999975,-10.240000000000009,-0.28175400674008455,2,False,close_below_ema20
B,PM,2026-08-26,2026-08-31,195.0,187.80201,4,28.791960000000017,-28.791960000000017,-1.0,3,False,stop
B,COP,2026-08-28,2026-09-04,130.2,127.872,7,16.29599999999992,30.640000000000043,1.8802160039273559,5,True,end_of_test
B,AAPL,2026-08-28,2026-09-04,316.85,306.70299,2,20.294020000000046,6.240000000000009,0.3074797403373011,5,False,end_of_test
B,DE,2026-08-31,2026-09-04,648.0,616.59279,1,31.407209999999964,45.52999999999997,1.4496671305728852,4,False,end_of_test
