version,ticker,entry_date,exit_date,entry,init_stop,shares,risk_dollars,pnl,R,days_held,partial_taken,exit_reason
B_nofilter,INTU,2011-01-03,2011-01-05,49.68,48.81114,24,20.85263999999995,-20.85263999999995,-1.0,2,False,stop
B_nofilter,SBUX,2011-01-03,2011-01-06,16.245,15.959025,37,10.58107500000002,-10.58107500000002,-1.0,3,False,stop
B_nofilter,TMUS,2011-01-03,2011-01-19,25.52,24.6753,47,39.700899999999976,45.57620000000001,1.147989088408576,11,True,close_below_ema20
B_nofilter,UNP,2011-01-07,2011-01-20,46.73,45.94401,25,19.649749999999955,18.863759999999957,0.96,8,True,breakeven_stop
B_nofilter,BKNG,2011-01-05,2011-01-21,16.7048,15.9512328,73,55.010405599999935,22.454800000000056,0.40819186397709606,11,False,close_below_ema20
B_nofilter,UNP,2011-01-21,2011-01-24,47.745,46.51344,25,30.788999999999866,-15.249999999999986,-0.4953067654032301,1,False,close_below_ema20
B_nofilter,C,2011-01-21,2011-01-26,48.5,47.152800000000006,13,17.51359999999992,-1.3000000000000185,-0.07422802850356434,3,False,close_below_ema20
B_nofilter,REGN,2011-01-26,2011-01-31,33.75,32.907059999999994,18,15.172920000000104,-6.300000000000026,-0.41521341969772346,3,False,close_below_ema20
B_nofilter,AAPL,2011-02-01,2011-02-22,12.1893,11.736840875164535,102,46.15083073321732,3.0906000000000446,0.06696737525410497,14,False,time_stop_10d
B_nofilter,MRSH,2011-01-24,2011-03-10,27.6,27.12285,44,20.994600000000077,64.55460000000001,3.074819239232935,32,True,close_below_ema20
B_nofilter,COP,2011-01-21,2011-03-11,51.746,50.6585907,23,25.010413900000103,77.62060460000004,3.1035313893785546,34,True,close_below_ema20
B_nofilter,ICE,2011-02-24,2011-03-14,24.636,24.13584,52,26.00831999999987,36.66831999999987,1.4098688419705716,12,True,close_below_ema20
B_nofilter,CMCSA,2011-03-11,2011-03-14,11.7104,11.4177708,110,32.18921200000004,-32.18921200000004,-1.0,1,False,stop
B_nofilter,DIS,2011-03-11,2011-03-14,42.83,42.117839999999994,29,20.652640000000126,-20.652640000000126,-1.0,1,False,stop
B_nofilter,AAPL,2011-03-14,2011-03-15,12.6136,12.3055821,102,31.41782579999994,-40.361399999999975,-1.2846655989798013,1,False,stop_gap
B_nofilter,PFE,2011-03-14,2011-03-15,18.5484,18.2928888,35,8.942892000000029,-8.942892000000029,-1.0,1,False,stop
B_nofilter,CVX,2011-03-14,2011-03-17,100.75,97.5024,12,38.97120000000007,1.5599999999999454,0.04002956029067472,3,False,close_below_ema20
B_nofilter,CAT,2011-03-16,2011-03-17,101.7,96.91299000000001,6,28.72205999999997,1.1399999999999864,0.03969074641582072,1,False,close_below_ema20
B_nofilter,PM,2011-03-17,2011-03-18,62.64,61.38855,19,23.77754999999997,-17.859999999999957,-0.7511286907187654,1,False,close_below_ema20
B_nofilter,COP,2011-03-18,2011-03-21,59.3616,56.08742701570171,11,36.01590282728126,-5.954299999999996,-0.16532419105400697,1,False,close_below_ema20
B_nofilter,LOW,2011-03-21,2011-04-01,26.49,25.944029999999998,26,14.195220000000013,-0.5199999999999889,-0.03663204938000175,9,False,close_below_ema20
B_nofilter,CAT,2011-03-18,2011-04-08,104.99,99.45088649565595,11,60.93024854778449,61.050000000000125,1.001965385913726,15,False,time_stop_10d
B_nofilter,DHR,2011-04-01,2011-04-11,35.1317,34.176689100000004,37,35.33540329999992,-19.646999999999956,-0.5560145962731944,6,False,close_below_ema20
B_nofilter,VZ,2011-04-11,2011-04-18,37.9,37.222739999999995,34,23.026840000000135,-23.026840000000135,-1.0,5,False,stop
B_nofilter,VRTX,2011-04-08,2011-04-19,47.25,46.10385,26,29.799899999999965,-6.5,-0.21812153732059528,7,False,close_below_ema20
B_nofilter,ISRG,2011-04-19,2011-04-25,39.7778,38.8555056,33,30.435715199999947,-30.435715199999947,-1.0,3,False,stop
B_nofilter,REGN,2011-03-16,2011-05-05,38.7,37.6623,32,33.20640000000003,175.76639999999998,5.2931483087597515,35,True,close_below_ema20
B_nofilter,SBUX,2011-05-05,2011-05-10,18.325,17.882099999999998,72,31.888800000000117,-10.799999999999898,-0.3386769022352631,3,False,close_below_ema20
B_nofilter,CAT,2011-05-10,2011-05-12,112.76,108.28161,11,49.26229000000005,-39.160000000000025,-0.7949285345849734,2,False,close_below_ema20
B_nofilter,ORCL,2011-05-12,2011-05-16,35.7,34.53543,36,41.92452000000017,-41.92452000000017,-1.0,2,False,stop
B_nofilter,ADP,2011-04-19,2011-05-24,45.5575,45.0645903,26,12.81565219999996,30.96365219999997,2.4160808764769746,24,True,close_below_ema20
B_nofilter,MDT,2011-04-26,2011-05-24,40.86,40.089870000000005,32,24.64415999999983,18.72415999999987,0.759780816225832,20,True,close_below_ema20
B_nofilter,MRSH,2011-05-17,2011-05-24,30.23,29.480490000000003,42,31.479419999999884,-6.3000000000000895,-0.20013075209136993,5,False,close_below_ema20
B_nofilter,QCOM,2011-05-24,2011-05-25,56.7,55.60433999999999,22,24.104520000000207,-7.9199999999999875,-0.32856908164941345,1,False,close_below_ema20
B_nofilter,VRTX,2011-05-24,2011-05-26,55.83,53.496449999999996,22,51.338100000000054,-51.338100000000054,-1.0,2,False,stop
B_nofilter,TJX,2011-05-24,2011-05-26,13.3225,12.8296575,54,26.613495000000004,-9.990000000000027,-0.37537347124081316,2,False,close_below_ema20
B_nofilter,TMUS,2011-05-25,2011-06-06,35.8,34.80516,34,33.82455999999988,-51.0,-1.507780145551049,7,False,close_below_ema20
B_nofilter,ACN,2011-05-26,2011-06-06,56.82,55.77417,22,23.00826000000005,-27.5,-1.1952229329814572,6,False,close_below_ema20
B_nofilter,PFE,2011-05-26,2011-06-06,19.7913,19.288092600000002,33,16.60584419999991,-1.2540000000000084,-0.07551558264047878,6,False,close_below_ema20
B_nofilter,MRSH,2011-06-06,2011-06-07,30.37,29.7702,40,23.992000000000075,-9.60000000000008,-0.4001333777925996,1,False,close_below_ema20
B_nofilter,PFE,2011-06-07,2011-06-08,19.8861,19.5818985,61,18.556291499999865,-5.203300000000009,-0.2804062438876888,1,False,close_below_ema20
B_nofilter,REGN,2011-06-07,2011-06-09,58.36,56.143800000000006,20,44.32399999999987,-44.32399999999987,-1.0,2,False,stop
B_nofilter,PFE,2011-06-09,2011-06-10,19.8008,19.4965839,60,18.252965999999873,-13.66199999999992,-0.7484810961681524,1,False,close_below_ema20
B_nofilter,TMO,2011-06-09,2011-06-13,62.73,62.027910000000006,19,13.339709999999833,3.800000000000054,0.2848637639049201,2,False,close_below_ema20
B_nofilter,FISV,2011-06-09,2011-06-13,15.8325,15.499485,38,12.654569999999985,-6.269999999999968,-0.4954731768839222,2,False,close_below_ema20
B_nofilter,UNP,2011-06-14,2011-06-15,50.91,49.66029,23,28.743329999999844,-28.743329999999844,-1.0,1,False,stop
B_nofilter,UNH,2011-06-17,2011-07-12,50.1,48.31164,23,41.1322800000001,14.720000000000013,0.35786978013375326,16,False,close_below_ema20
B_nofilter,TMO,2011-06-28,2011-07-12,63.49,62.01792,18,26.497440000000097,-20.340000000000046,-0.767621324927992,9,False,close_below_ema20
B_nofilter,MRSH,2011-06-29,2011-07-12,30.59,29.656496307345773,21,19.603577545738773,-4.619999999999976,-0.2356712691456782,8,False,close_below_ema20
B_nofilter,VZ,2011-07-12,2011-07-13,37.18,36.972989999999996,31,6.417310000000121,-6.417310000000121,-1.0,1,False,stop
B_nofilter,MRSH,2011-07-13,2011-07-14,30.8,30.33963,38,17.49406000000004,-17.49406000000004,-1.0,1,False,stop
B_nofilter,VZ,2011-07-14,2011-07-15,37.27,36.82314,31,13.852660000000029,-13.852660000000029,-1.0,1,False,stop
B_nofilter,COP,2011-07-13,2011-07-18,57.3338,56.3473962,10,9.86403799999998,18.677000000000028,1.8934436383963715,3,True,breakeven_stop
B_nofilter,UNH,2011-07-13,2011-07-19,52.03,50.679269999999995,22,29.716060000000127,-29.716060000000127,-1.0,4,False,stop
B_nofilter,TMO,2011-07-18,2011-07-19,63.36,61.86807,9,13.427369999999968,-4.859999999999992,-0.3619472763467458,1,False,close_below_ema20
B_nofilter,ACN,2011-07-19,2011-07-28,60.69,59.210730000000005,19,28.106129999999858,-20.330000000000005,-0.7233297504850403,7,False,close_below_ema20
B_nofilter,BKNG,2011-07-19,2011-07-28,20.8792,20.385993600000003,55,27.126351999999905,-11.616000000000088,-0.42821828751614405,7,False,close_below_ema20
B_nofilter,TJX,2011-07-29,2011-08-01,13.9575,13.696290000000001,83,21.680429999999866,-21.680429999999866,-1.0,1,False,stop
B_nofilter,MA,2011-08-01,2011-08-02,30.824,29.93004,37,33.076519999999995,-19.684,-0.5951049263949171,1,False,close_below_ema20
B_nofilter,UNP,2011-08-01,2011-08-02,51.735,50.244705,21,31.29619499999992,-31.815000000000012,-1.0165772548388101,1,False,close_below_ema20
B_nofilter,ISRG,2011-07-18,2011-08-03,40.1044,39.319541099999995,29,22.760908100000094,63.727049200000096,2.7998465140325326,12,True,close_below_ema20
B_nofilter,TJX,2011-08-24,2011-08-26,13.8075,13.044442499999999,74,56.46625500000003,-27.75,-0.4914439606451674,2,False,close_below_ema20
B_nofilter,TJX,2011-08-31,2011-09-02,13.8575,13.0993875,48,36.389399999999966,-41.27999999999997,-1.1343962802354535,2,False,close_below_ema20
B_nofilter,AAPL,2011-08-26,2011-09-06,13.4089,12.669118200000002,76,56.22341679999982,-21.92599999999993,-0.38997985622246994,6,False,close_below_ema20
B_nofilter,PM,2011-08-29,2011-09-06,69.89,67.57236,16,37.082239999999956,-47.83999999999992,-1.290105452097823,5,False,close_below_ema20
B_nofilter,AAPL,2011-09-07,2011-09-12,13.77,13.0755114,77,53.475622199999975,-34.54219999999992,-0.6459429283648417,3,False,close_below_ema20
B_nofilter,MA,2011-09-14,2011-09-22,33.003,31.43853,32,50.06304,50.06304,1.0,6,True,breakeven_stop
B_nofilter,ISRG,2011-09-14,2011-09-23,42.4656,39.41561757062079,12,36.59978915255056,-22.25400000000002,-0.6080362896967451,7,False,close_below_ema20
B_nofilter,MA,2011-09-26,2011-09-29,33.984,32.290677,32,54.18633599999998,-11.072000000000116,-0.20433195556902242,3,False,close_below_ema20
B_nofilter,AMZN,2011-09-26,2011-09-29,11.374,10.93905,97,42.19015000000006,-42.19015000000006,-1.0,3,False,stop
B_nofilter,AAPL,2011-09-13,2011-09-30,13.6479,13.0755114,78,44.6463108,53.051699999999954,1.1882661534488972,13,True,close_below_ema20
B_nofilter,SBUX,2011-09-29,2011-09-30,20.205,18.856125,40,53.954999999999984,-55.39999999999992,-1.0267815772402917,1,False,close_below_ema20
B_nofilter,AMZN,2011-10-21,2011-10-25,11.8455,11.4510375,89,35.10716249999996,-35.10716249999996,-1.0,2,False,stop
B_nofilter,V,2011-10-21,2011-10-26,23.1225,22.44753,45,30.373649999999923,-30.373649999999923,-1.0,3,False,stop
B_nofilter,MA,2011-10-24,2011-10-26,33.361,32.216751,16,18.30798399999992,-1.6159999999999854,-0.088267501216955,2,False,close_below_ema20
B_nofilter,AAPL,2011-10-25,2011-10-26,14.5179,13.941444599999999,70,40.35187800000003,-11.850999999999985,-0.2936914113390206,1,False,close_below_ema20
B_nofilter,MA,2011-10-27,2011-11-02,33.601,32.216751,30,41.52746999999991,75.11999999999993,1.8089231055973336,4,False,close_below_ema20
B_nofilter,V,2011-10-27,2011-11-02,23.1825,22.377599999999997,44,35.415600000000154,3.410000000000025,0.09628525282643835,4,False,close_below_ema20
B_nofilter,AAPL,2011-10-27,2011-11-02,14.5557,13.941444599999999,36,22.11319440000004,-9.604799999999997,-0.4343470159155287,4,False,close_below_ema20
B_nofilter,SBUX,2011-11-02,2011-11-03,20.935,20.43954,47,23.286619999999896,-8.224999999999866,-0.35320712065554827,1,False,close_below_ema20
B_nofilter,TJX,2011-11-02,2011-11-10,15.035,14.2857,66,49.45379999999999,-13.199999999999953,-0.2669157880688634,6,False,close_below_ema20
B_nofilter,COST,2011-11-02,2011-11-10,84.24,81.90800999999999,7,16.323930000000033,-1.539999999999992,-0.09434002718707989,6,False,close_below_ema20
B_nofilter,ACN,2011-11-03,2011-11-10,59.32,56.603339999999996,17,46.18322000000008,-30.090000000000053,-0.6515353411910214,5,False,close_below_ema20
B_nofilter,SBUX,2011-11-11,2011-11-17,21.945,21.30867,46,29.271180000000044,-29.271180000000044,-1.0,4,False,stop
B_nofilter,V,2011-11-10,2011-11-18,23.5875,22.4775,43,47.729999999999976,-30.42249999999998,-0.6373873873873873,6,False,close_below_ema20
B_nofilter,MA,2011-11-22,2011-11-23,35.681,34.846119,28,23.37666799999988,-9.715999999999838,-0.41562809550103064,1,False,close_below_ema20
B_nofilter,TJX,2011-11-22,2011-11-23,14.8425,14.5079775,67,22.4130074999999,-10.21749999999999,-0.45587367067985124,1,False,close_below_ema20
B_nofilter,MA,2011-11-29,2011-12-14,36.005,34.4655,27,41.566500000000104,16.199999999999847,0.38973692757388295,11,False,time_stop_10d
B_nofilter,IBM,2011-12-15,2011-12-16,182.1033,179.5525677,5,12.753661499999964,-11.807000000000016,-0.925773355361521,1,False,close_below_ema20
B_nofilter,TJX,2011-12-16,2011-12-19,15.825,15.4845,64,21.791999999999916,-21.791999999999916,-1.0,1,False,stop
B_nofilter,V,2011-12-08,2012-01-11,24.3625,23.7387375,42,26.198025000000065,34.23052500000007,1.3066070820224038,22,True,close_below_ema20
B_nofilter,ISRG,2012-01-11,2012-01-20,50.7156,49.5670833,21,24.11885070000004,-26.695200000000007,-1.1068189082492212,6,False,stop_gap
B_nofilter,SPGI,2012-01-20,2012-01-31,44.1438,42.615841499999995,25,38.1989625000001,-38.1989625000001,-1.0,7,False,stop
B_nofilter,CSCO,2012-01-31,2012-02-15,19.69,19.25073,54,23.720580000000027,21.599999999999923,0.9106016800600955,11,False,time_stop_10d
B_nofilter,INTU,2012-02-15,2012-02-16,57.05,56.273669999999996,18,13.973940000000027,-3.9599999999999795,-0.28338464312856443,1,False,close_below_ema20
B_nofilter,SBUX,2011-12-20,2012-02-22,22.065,21.313665,45,33.81007500000004,80.89874,2.392740625390506,42,True,close_below_ema20
B_nofilter,CSCO,2012-02-16,2012-03-01,20.21,19.71027,53,26.485689999999977,-15.900000000000038,-0.6003241750545314,9,False,close_below_ema20
B_nofilter,INTU,2012-03-01,2012-03-02,58.23,57.40254,18,14.89427999999991,-14.89427999999991,-1.0,1,False,stop
B_nofilter,SPGI,2012-03-05,2012-03-06,44.0114,43.5136428,25,12.443930000000059,-12.443930000000059,-1.0,1,False,stop
B_nofilter,HD,2011-11-29,2012-03-07,37.72,36.37359,26,35.00665999999997,147.97665999999992,4.227100214644872,67,True,close_below_ema20
B_nofilter,QCOM,2012-03-06,2012-03-07,62.32,61.44849,17,14.815670000000011,-8.669999999999966,-0.5851912198368322,1,False,close_below_ema20
B_nofilter,V,2012-03-07,2012-03-22,28.93,28.356615,37,21.215244999999936,3.977500000000063,0.1874831047202177,11,False,time_stop_10d
B_nofilter,HON,2012-03-22,2012-03-29,56.3636,55.7517924,19,11.624344399999977,11.012536799999978,0.9473684210526315,5,True,breakeven_stop
B_nofilter,INTU,2012-03-29,2012-04-10,59.54,57.49259589041514,18,36.85327397252749,-12.599999999999923,-0.34189635388683987,7,False,close_below_ema20
B_nofilter,MA,2012-03-07,2012-04-11,41.213,40.587372,16,10.010047999999983,23.96204799999998,2.393799510252101,24,True,close_below_ema20
B_nofilter,AXP,2012-04-10,2012-04-11,57.37,56.76318,19,11.529579999999982,-10.830000000000005,-0.9393230282456102,1,False,close_below_ema20
B_nofilter,UNH,2012-04-11,2012-04-18,58.33,57.16278,19,22.177180000000007,-22.177180000000007,-1.0,5,False,stop
B_nofilter,AAPL,2012-04-18,2012-04-20,21.9186,20.747547917188427,48,56.21049997495555,-38.2992000000001,-0.6813531282778877,2,False,close_below_ema20
B_nofilter,MA,2012-04-20,2012-04-23,44.079,42.858099,23,28.08072299999995,-28.08072299999995,-1.0,1,False,stop
B_nofilter,LOW,2012-04-12,2012-04-24,31.23,30.29967,35,32.561550000000054,-1.0500000000000398,-0.032246622166329245,8,False,close_below_ema20
B_nofilter,SBUX,2012-04-24,2012-04-27,29.485,28.846125,35,22.360624999999956,-22.360624999999956,-1.0,3,False,stop
B_nofilter,LOW,2012-04-27,2012-05-07,31.77,30.889080000000003,32,28.189439999999877,-13.759999999999991,-0.4881260500385978,6,False,close_below_ema20
B_nofilter,HD,2012-04-24,2012-05-08,51.26,50.609339999999996,21,13.663860000000042,12.57320000000005,0.920179217292918,10,True,close_below_ema20
B_nofilter,BKNG,2012-05-07,2012-05-08,29.88,29.3430276,36,19.331006399999993,-19.331006399999993,-1.0,1,False,stop
B_nofilter,TJX,2012-05-09,2012-05-14,20.755,20.234745,49,25.49249499999994,-25.49249499999994,-1.0,3,False,stop
B_nofilter,REGN,2012-02-23,2012-05-18,100.07,94.12577999999999,9,53.49798000000001,179.40376000000003,3.3534679253310125,60,True,close_below_ema20
B_nofilter,AMGN,2012-05-08,2012-05-18,70.0,69.20073,15,11.989050000000105,-11.989050000000105,-1.0,8,False,stop
B_nofilter,ABT,2012-05-15,2012-05-21,29.7668,29.315255399999998,33,14.900971800000061,-6.9662999999999435,-0.4675064212925975,4,False,close_below_ema20
B_nofilter,GILD,2012-05-22,2012-05-23,25.465,24.830145,41,26.029054999999925,-14.555000000000017,-0.5591828055225232,1,False,close_below_ema20
B_nofilter,TJX,2012-05-24,2012-05-25,20.53,19.71027,28,22.952439999999996,-0.980000000000004,-0.04269698559281733,1,False,close_below_ema20
B_nofilter,GILD,2012-05-24,2012-05-29,25.205,24.830145,41,15.369054999999861,9.020000000000099,0.5868935988582369,2,False,close_below_ema20
B_nofilter,AMGN,2012-05-25,2012-05-29,69.14,67.92201,8,9.743920000000003,1.0399999999999636,0.10673322441070568,1,False,close_below_ema20
B_nofilter,AMGN,2012-05-30,2012-06-01,69.38,67.92201,8,11.663919999999962,-11.663919999999962,-1.0,2,False,stop
B_nofilter,DIS,2012-05-22,2012-06-04,44.49,43.46649,23,23.54073000000004,-0.4600000000000719,-0.019540600482655855,8,False,close_below_ema20
B_nofilter,TJX,2012-05-29,2012-06-04,20.61,19.71027,51,45.886229999999905,-5.86499999999992,-0.12781612261456068,4,False,close_below_ema20
B_nofilter,REGN,2012-06-06,2012-06-08,130.5,120.88899,5,48.055049999999966,-14.249999999999972,-0.29653491152334627,2,False,close_below_ema20
B_nofilter,REGN,2012-06-11,2012-06-12,131.2,120.88899,5,51.55504999999991,-18.199999999999932,-0.3530207031124975,1,False,close_below_ema20
B_nofilter,TJX,2012-06-11,2012-06-12,20.905,20.304675,44,26.41430000000007,-11.660000000000025,-0.4414275600716277,1,False,close_below_ema20
B_nofilter,TJX,2012-06-13,2012-06-28,20.91,20.304675,50,30.266250000000028,3.500000000000014,0.11564035848511167,11,False,time_stop_10d
B_nofilter,AMGN,2012-06-15,2012-07-02,70.77,68.43833456658686,14,32.6433160677839,31.64000000000007,0.9692642724868871,11,False,time_stop_10d
B_nofilter,DIS,2012-06-06,2012-07-11,45.02,44.09586,23,21.25522000000003,49.491080000000025,2.3284200304678078,24,True,close_below_ema20
B_nofilter,UNP,2012-06-28,2012-07-17,57.71,56.383559999999996,18,23.875920000000093,27.449999999999974,1.1496939175537473,12,False,time_stop_10d
B_nofilter,AXP,2012-07-17,2012-07-19,59.22,56.982699299948564,18,40.27141260092583,-40.27141260092583,-1.0,2,False,stop
B_nofilter,PM,2012-07-19,2012-07-20,90.0,88.83108,12,14.02704,-14.04000000000002,-1.0009239297813382,1,False,stop_gap
B_nofilter,AAPL,2012-07-02,2012-07-23,20.8832,20.180199599999998,51,35.85302040000003,17.615400000000076,0.49132262229153956,14,False,time_stop_10d
B_nofilter,DIS,2012-07-12,2012-07-23,47.59,46.92303,12,8.003640000000075,8.003640000000075,1.0,7,True,breakeven_stop
B_nofilter,CMCSA,2012-07-25,2012-07-26,14.7844,14.535549900000001,37,9.207453699999945,6.415800000000033,0.6968050243901928,1,False,close_below_ema20
B_nofilter,TJX,2012-07-24,2012-08-02,22.15,21.74823,48,19.284959999999955,-4.559999999999945,-0.2364536924110787,7,False,close_below_ema20
B_nofilter,V,2012-08-03,2012-08-20,32.59,31.5159525,33,35.443567500000086,-14.4375,-0.40733766430255547,11,False,time_stop_10d
B_nofilter,ABT,2012-07-26,2012-08-21,31.0814,30.4416279,34,21.752251399999942,29.502551399999877,1.3562987507582758,18,True,close_below_ema20
B_nofilter,TMO,2012-08-21,2012-08-23,56.86,56.11383,19,14.177229999999987,-14.177229999999987,-1.0,2,False,stop
B_nofilter,DIS,2012-07-24,2012-08-24,48.06,47.37258,22,15.123240000000067,26.343240000000023,1.7419045125250876,23,True,close_below_ema20
B_nofilter,UNP,2012-08-27,2012-08-29,62.215,61.398540000000004,17,13.879819999999988,-13.879819999999988,-1.0,2,False,stop
B_nofilter,WFC,2012-08-27,2012-08-31,34.21,33.72624,16,7.74016000000006,-3.2000000000000455,-0.4134281461881952,4,False,close_below_ema20
B_nofilter,TJX,2012-08-29,2012-09-12,23.05,22.632345,46,19.212129999999995,-11.270000000000046,-0.5866085644850441,9,False,close_below_ema20
B_nofilter,AMGN,2012-08-31,2012-09-13,83.81,82.50741000000001,6,7.81553999999997,-5.400000000000034,-0.6909311448729141,8,False,close_below_ema20
B_nofilter,PFE,2012-09-13,2012-09-14,22.9696,22.8044727,45,7.430728499999919,-7.430728499999919,-1.0,1,False,stop
B_nofilter,REGN,2012-09-14,2012-09-20,147.94,141.69816,7,43.692879999999974,-14.0,-0.32041833818233106,4,False,close_below_ema20
B_nofilter,TMO,2012-08-24,2012-09-27,56.68,55.944,19,13.983999999999945,34.947999999999965,2.499141876430213,23,True,close_below_ema20
B_nofilter,WMT,2012-09-13,2012-09-28,24.7833,24.4755,43,13.235400000000013,-7.021899999999981,-0.5305393112410637,11,False,close_below_ema20
B_nofilter,ETN,2012-09-28,2012-10-03,47.14,45.71424,22,31.366720000000086,-4.4000000000000625,-0.14027606329256137,3,False,close_below_ema20
B_nofilter,T,2012-09-20,2012-10-05,28.6707,27.9554166,36,25.75020240000002,6.526800000000009,0.2534659688733166,11,False,time_stop_10d
B_nofilter,DIS,2012-10-05,2012-10-09,53.08,51.63496090628784,20,28.900781874243222,-28.900781874243222,-1.0,2,False,stop
B_nofilter,FISV,2012-09-27,2012-10-10,18.325,18.1543275,32,5.46151999999995,6.1200000000000045,1.120567168114382,9,True,breakeven_stop
B_nofilter,VRTX,2012-10-03,2012-10-11,57.89,54.493711212508266,15,50.944331812376014,-8.099999999999987,-0.15899707998588838,6,False,close_below_ema20
B_nofilter,AMGN,2012-10-11,2012-10-12,85.43,84.23567999999999,12,14.331840000000227,-6.720000000000027,-0.4688860606872475,1,False,close_below_ema20
B_nofilter,REGN,2012-10-11,2012-10-15,154.21,149.85998999999998,6,26.100060000000155,-15.54000000000002,-0.5954009301128016,2,False,close_below_ema20
B_nofilter,GOOGL,2012-10-11,2012-10-15,18.8413,18.4572243,37,14.210800900000013,-14.210800900000013,-1.0,2,False,stop
B_nofilter,MDT,2012-10-12,2012-10-15,43.25,42.31764,23,21.444280000000063,-5.520000000000046,-0.257411300356087,1,False,close_below_ema20
B_nofilter,MRK,2012-10-15,2012-10-23,43.8931,43.2296271,23,15.259876699999886,14.59640379999989,0.9565217391304348,6,True,breakeven_stop
B_nofilter,PFE,2012-10-24,2012-10-31,24.0607,23.7143619,44,15.238876400000024,-15.238876400000024,-1.0,3,False,stop
B_nofilter,AMGN,2012-10-15,2012-11-01,85.21,83.89602000000001,12,15.76775999999984,26.32775999999987,1.6697210003196483,11,True,close_below_ema20
B_nofilter,WMT,2012-10-31,2012-11-01,25.14,24.8118633,42,13.781741400000072,-4.061400000000084,-0.2946942539496542,1,False,close_below_ema20
B_nofilter,SPGI,2012-11-01,2012-11-05,52.9896,51.269527092343964,20,34.401458153120785,-31.03200000000001,-0.9020547868022534,2,False,close_below_ema20
B_nofilter,LMT,2012-11-06,2012-11-07,94.4,91.99791,11,26.422990000000013,-26.422990000000013,-1.0,1,False,stop
B_nofilter,CMCSA,2012-10-15,2012-11-08,16.8088,16.356627,34,15.373882000000066,19.754782000000063,1.2849573061637898,16,True,close_below_ema20
B_nofilter,HD,2012-11-12,2012-11-13,61.35,60.24969,17,18.705270000000006,17.0,0.9088347829248118,1,False,close_below_ema20
B_nofilter,C,2012-11-13,2012-11-14,36.74,35.364599999999996,28,38.51120000000017,-12.60000000000008,-0.32717754834957163,1,False,close_below_ema20
B_nofilter,V,2012-11-01,2012-11-15,35.205,34.151615382076386,30,31.601538537708365,-6.149999999999949,-0.1946107779740374,10,False,close_below_ema20
B_nofilter,MA,2012-11-13,2012-11-15,47.097,45.802152,11,14.24332800000002,-8.844000000000023,-0.6209223013048644,2,False,close_below_ema20
B_nofilter,TMO,2012-11-14,2012-11-16,61.92,59.55039,16,37.913760000000025,-25.120000000000005,-0.6625562856335006,2,False,close_below_ema20
B_nofilter,HD,2012-11-19,2012-12-11,62.49,60.96897,16,24.33648000000005,30.576480000000004,1.2564051991084964,15,True,close_below_ema20
B_nofilter,AMGN,2012-11-29,2012-12-14,87.45,85.37454,11,22.830060000000074,17.599999999999937,0.7709134360575435,11,False,time_stop_10d
B_nofilter,CMCSA,2012-11-30,2012-12-17,17.2915,16.8060771,34,16.50437859999999,-2.8695999999999557,-0.17386901194813587,11,False,close_below_ema20
B_nofilter,GILD,2012-12-18,2012-12-21,37.885,36.69327,27,32.17670999999999,-39.149999999999885,-1.2167185520210082,3,False,close_below_ema20
B_nofilter,SPGI,2012-12-21,2012-12-24,51.9678,50.167382399999994,20,36.00835200000006,-14.947999999999979,-0.4151259130104025,1,False,close_below_ema20
B_nofilter,AMZN,2012-12-17,2012-12-26,12.595,12.3201675,82,22.53626500000004,22.53626500000004,1.0,6,True,breakeven_stop
B_nofilter,LOW,2012-12-26,2012-12-27,35.35,34.68528,29,19.276880000000077,-19.276880000000077,-1.0,1,False,stop
B_nofilter,TMO,2012-12-26,2012-12-27,64.16,63.64629,16,8.219359999999938,-12.959999999999923,-1.5767651009324353,1,False,close_below_ema20
B_nofilter,DIS,2012-12-27,2012-12-28,49.98,49.40055,20,11.588999999999885,-12.599999999999909,-1.0872378980067334,1,False,close_below_ema20
B_nofilter,MA,2012-12-11,2012-12-31,48.046,47.338614,21,14.855105999999992,17.348720000000036,1.1678624171379217,13,True,close_below_ema20
B_nofilter,LOW,2012-12-28,2013-01-07,35.38,34.50546,28,24.48712000000009,-24.48712000000009,-1.0,5,False,stop
B_nofilter,REGN,2013-01-09,2013-01-16,177.5,169.80003,5,38.49985000000004,-17.5,-0.4545472255086704,5,False,close_below_ema20
B_nofilter,BAC,2013-01-16,2013-01-17,11.62,11.2887,88,29.154399999999896,-29.154399999999896,-1.0,1,False,stop
B_nofilter,CRM,2012-12-31,2013-01-23,41.4375,40.624335,14,11.38430999999997,13.956809999999969,1.2259688993008804,15,True,close_below_ema20
B_nofilter,FISV,2013-01-17,2013-01-25,20.2525,19.7377425,50,25.737875000000088,-1.2500000000001066,-0.04856655803946916,5,False,close_below_ema20
B_nofilter,CRM,2013-01-25,2013-02-07,43.3725,41.48847,23,43.33269000000006,-9.947500000000105,-0.22956110040710812,9,False,close_below_ema20
B_nofilter,C,2013-01-23,2013-02-08,41.85,40.779180000000004,24,25.699679999999944,26.400000000000034,1.0272501447488875,12,False,time_stop_10d
B_nofilter,HD,2013-02-08,2013-02-21,66.7,65.76417,15,14.037450000000149,-12.600000000000051,-0.8975989228812866,8,False,close_below_ema20
B_nofilter,BLK,2013-02-22,2013-02-26,238.5,235.06470000000002,4,13.741199999999935,-1.6399999999999864,-0.11934911070357714,2,False,close_below_ema20
B_nofilter,ETN,2012-12-31,2013-03-20,53.59,52.81713,18,13.911660000000083,92.96999999999993,6.682883279206031,54,True,close_below_ema20
B_nofilter,ACN,2013-02-07,2013-03-20,72.98,71.928,13,13.676000000000087,36.14400000000008,2.642878034513004,28,True,close_below_ema20
B_nofilter,TXN,2013-03-20,2013-03-22,34.92,34.17579,30,22.326300000000074,-12.899999999999991,-0.5777939022587687,2,False,close_below_ema20
B_nofilter,BX,2013-02-27,2013-03-26,18.4004,17.7839982,56,34.51850080000011,63.644100800000075,1.843767815084248,19,True,close_below_ema20
B_nofilter,BLK,2013-03-26,2013-04-03,257.33,251.18856,2,12.282879999999977,-12.282879999999977,-1.0,5,False,stop
B_nofilter,ADBE,2013-03-20,2013-04-08,42.7,41.295719610438255,25,35.107009739043704,14.250000000000007,0.4059018442733417,12,False,time_stop_10d
B_nofilter,V,2013-04-08,2013-04-15,41.41,40.8566025,26,14.388334999999884,-14.388334999999884,-1.0,5,False,stop
B_nofilter,RTX,2013-04-03,2013-04-16,58.8672,57.473763999298335,18,25.08184801262992,9.741600000000062,0.3883924340461156,9,False,close_below_ema20
B_nofilter,MDT,2013-04-17,2013-04-18,46.68,45.98397,23,16.00869000000001,-7.819999999999915,-0.4884846917517867,1,False,close_below_ema20
B_nofilter,BX,2013-04-18,2013-04-19,20.3925,19.5780024,54,43.98287039999996,-14.833799999999961,-0.33726311777959755,1,False,close_below_ema20
B_nofilter,FISV,2013-04-18,2013-04-19,21.7675,21.363615000000003,47,18.982594999999783,-17.50749999999994,-0.9222922366515295,1,False,close_below_ema20
B_nofilter,RTX,2013-04-22,2013-04-23,58.7099,57.3686739,18,24.1420698,-24.1420698,-1.0,1,False,stop
B_nofilter,GILD,2013-03-22,2013-05-02,45.13,43.73622,23,32.05693999999999,122.10315999999996,3.8089462063440864,28,True,close_below_ema20
B_nofilter,ADBE,2013-04-23,2013-05-08,45.2,44.26569,22,20.554820000000078,20.554820000000078,1.0,11,True,breakeven_stop
B_nofilter,FISV,2013-05-08,2013-05-23,22.0325,21.5409375,51,25.06968750000003,12.240000000000101,0.4882390336935826,11,False,time_stop_10d
B_nofilter,DIS,2013-05-24,2013-05-31,65.44,64.17576,17,21.492080000000016,-14.790000000000077,-0.6881604758590172,4,False,close_below_ema20
B_nofilter,RTX,2013-05-31,2013-06-03,60.7363,59.2170237,19,28.866249700000026,-16.142400000000045,-0.5592136203269948,1,False,close_below_ema20
B_nofilter,BLK,2013-06-04,2013-06-05,279.95,272.75696999999997,4,28.772120000000086,-16.200000000000045,-0.5630450588972935,1,False,close_below_ema20
B_nofilter,SBUX,2013-04-19,2013-06-06,29.24,28.72125,36,18.674999999999898,53.50499999999994,2.8650602409638677,33,True,close_below_ema20
B_nofilter,C,2013-05-02,2013-06-06,46.58,45.59436,23,22.66971999999992,61.04407999999994,2.692758446068154,24,True,close_below_ema20
B_nofilter,WFC,2013-06-06,2013-06-17,40.55,39.62034,27,25.100819999999956,1.0800000000001688,0.0430264828001703,7,False,close_below_ema20
B_nofilter,VRTX,2013-06-07,2013-06-18,79.15,76.08384,8,24.529280000000085,-0.5600000000000591,-0.022829858846246495,7,False,close_below_ema20
B_nofilter,BRK-B,2013-06-06,2013-06-20,113.16,110.93894999999999,9,19.989450000000048,-19.989450000000048,-1.0,10,False,stop
B_nofilter,MSFT,2013-06-17,2013-06-20,34.69,34.21575,32,15.17599999999993,-13.759999999999991,-0.9066947812335302,3,False,close_below_ema20
B_nofilter,SPGI,2013-06-18,2013-06-20,52.176,51.1881606,13,12.841912199999982,-12.841912199999982,-1.0,2,False,stop
B_nofilter,MDT,2013-06-21,2013-06-25,51.98,51.00894,21,20.39225999999988,0.42000000000006565,0.020596049677675164,2,False,close_below_ema20
B_nofilter,ICE,2013-06-25,2013-07-03,34.792,33.70626,31,33.65794000000004,2.542000000000023,0.07552452705067571,6,False,close_below_ema20
B_nofilter,V,2013-06-25,2013-07-25,44.95,43.87608,13,13.960960000000014,33.20499999999997,2.3784181030530807,21,True,close_below_ema20
B_nofilter,VRTX,2013-07-25,2013-07-26,87.48,84.4155,13,39.838500000000124,-94.38000000000007,-2.3690651003426275,1,False,stop_gap
B_nofilter,TMUS,2013-07-05,2013-07-30,23.36,22.71726,48,30.851519999999994,48.851519999999994,1.5834396490027072,17,True,close_below_ema20
B_nofilter,BKNG,2013-06-25,2013-08-01,32.5472,31.614354000000002,34,31.716763999999806,90.46720000000019,2.852346475195286,26,True,close_below_ema20
B_nofilter,AMAT,2013-07-30,2013-08-06,16.21,15.90408,67,20.496640000000028,-5.360000000000124,-0.2615062761506333,5,False,close_below_ema20
B_nofilter,ADBE,2013-08-06,2013-08-07,47.84,47.062889999999996,22,17.096420000000165,-17.096420000000165,-1.0,1,False,stop
B_nofilter,GILD,2013-08-08,2013-08-09,60.5,59.12082,17,23.446059999999967,-28.559999999999995,-1.218115111878074,1,False,close_below_ema20
B_nofilter,SBUX,2013-07-26,2013-08-12,36.3,35.0790064127568,32,39.071794791782395,-5.119999999999891,-0.1310408192734656,11,False,time_stop_10d
B_nofilter,JNJ,2013-08-13,2013-08-14,92.77,91.65825,12,13.341000000000008,-13.341000000000008,-1.0,1,False,stop
B_nofilter,BRK-B,2013-08-13,2013-08-15,117.35,115.98389999999999,9,12.294900000000027,-12.149999999999949,-0.9882146255764522,2,False,close_below_ema20
B_nofilter,SCHW,2013-08-14,2013-08-15,22.38,21.628349999999998,50,37.582500000000074,-26.999999999999957,-0.7184194771502669,1,False,close_below_ema20
B_nofilter,MU,2013-08-01,2013-08-16,13.38,12.382224958336396,45,44.899876874862215,35.54999999999996,0.7917616366539102,11,False,time_stop_10d
B_nofilter,AMGN,2013-08-15,2013-08-16,108.22,103.20669000000001,10,50.1330999999999,-24.599999999999937,-0.49069377317580576,1,False,close_below_ema20
B_nofilter,UNH,2013-08-19,2013-08-20,71.98,70.929,15,15.765000000000029,-1.950000000000145,-0.12369172216937148,1,False,close_below_ema20
B_nofilter,MA,2013-08-19,2013-08-20,62.423,61.501437,17,15.666570999999983,-5.235999999999997,-0.3342148068010545,1,False,close_below_ema20
B_nofilter,ADP,2013-08-20,2013-08-22,63.4241,62.5800573,17,14.348725900000048,-3.43400000000009,-0.23932438489190727,2,False,close_below_ema20
B_nofilter,FISV,2013-08-22,2013-08-27,24.81,24.4879875,44,14.168549999999982,-17.04999999999997,-1.2033694344163652,3,False,stop_gap
B_nofilter,LOW,2013-08-21,2013-09-06,45.61,43.906114545493054,12,20.446625454083346,5.52000000000001,0.26997119952122095,11,False,time_stop_10d
B_nofilter,GILD,2013-09-09,2013-09-24,61.48,59.36058,10,21.19419999999998,11.500000000000057,0.5426012777080553,11,False,time_stop_10d
B_nofilter,LMT,2013-09-03,2013-10-03,123.35,121.59828,8,14.013759999999934,20.253759999999943,1.4452766423857721,22,True,close_below_ema20
B_nofilter,BKNG,2013-08-21,2013-10-09,37.686,37.114848,29,16.56340799999994,51.82399999999998,3.128824695980451,34,True,close_below_ema20
B_nofilter,TMUS,2013-09-24,2013-10-09,25.14,24.4755,45,29.902500000000014,29.238000000000014,0.9777777777777777,11,True,breakeven_stop
B_nofilter,NOW,2013-10-11,2013-10-16,10.364,9.607777023647069,75,56.7167232264699,-25.65000000000004,-0.45224756545930167,3,False,close_below_ema20
B_nofilter,META,2013-10-11,2013-10-28,49.68,46.171325851853084,16,56.13878637035066,29.75999999999999,0.5301147731208801,11,False,time_stop_10d
B_nofilter,BKNG,2013-10-11,2013-10-29,40.6596,38.857104,28,50.46988799999994,54.81279999999998,1.0860495668228953,12,False,time_stop_10d
B_nofilter,REGN,2013-10-28,2013-10-29,306.81,293.61609000000004,3,39.58172999999988,-39.58172999999988,-1.0,1,False,stop
B_nofilter,BX,2013-10-29,2013-10-31,26.1923,25.568106299999997,46,28.71291020000013,-22.116799999999934,-0.7702737147138723,2,False,close_below_ema20
B_nofilter,RTX,2013-10-31,2013-11-01,67.4827,66.0571767,17,24.23389609999991,-8.345299999999938,-0.3443647676611095,1,False,close_below_ema20
B_nofilter,TXN,2013-10-29,2013-11-13,41.41,40.08745425321477,29,38.35382665677149,6.960000000000058,0.18146820295886298,11,False,time_stop_10d
B_nofilter,SPGI,2013-11-01,2013-11-18,66.878,64.9019331,17,33.59313730000011,28.787799999999947,0.8569547923706385,11,False,time_stop_10d
B_nofilter,SBUX,2013-11-13,2013-11-20,40.525,39.4605,29,30.870499999999865,-13.340000000000025,-0.43212775951151045,5,False,close_below_ema20
B_nofilter,BSX,2013-11-20,2013-11-26,12.15,11.59387576402966,98,54.500175125093385,-27.44000000000011,-0.503484620682732,4,False,close_below_ema20
B_nofilter,RTX,2013-11-18,2013-12-04,68.5966,66.78420523537771,17,30.810710998578813,3.637999999999977,0.11807582110545209,11,False,time_stop_10d
B_nofilter,SPGI,2013-12-04,2013-12-11,70.3027,69.1928379,17,18.867655700000014,-18.867655700000014,-1.0,5,False,stop
B_nofilter,AAPL,2013-11-26,2013-12-20,18.7811,18.3270546,64,29.05890559999989,51.41090559999998,1.7691962081324968,17,True,close_below_ema20
B_nofilter,MU,2013-12-20,2013-12-24,22.28,20.789189999999998,41,61.123210000000135,-26.650000000000087,-0.43600458810981996,2,False,close_below_ema20
B_nofilter,SCHW,2013-12-11,2013-12-27,24.97,24.16581,49,39.40530999999992,39.69000000000011,1.0072246608388613,11,False,time_stop_10d
B_nofilter,AAPL,2013-12-31,2014-01-03,20.0032,19.7059743,61,18.130767699999907,-15.750199999999918,-0.8687001157706079,2,False,close_below_ema20
B_nofilter,MS,2013-12-26,2014-01-13,31.17,30.409560000000003,39,29.657159999999966,5.069999999999961,0.17095365840828883,11,False,time_stop_10d
B_nofilter,BLK,2014-01-03,2014-01-13,315.38,310.15953,3,15.661409999999933,-15.661409999999933,-1.0,6,False,stop
B_nofilter,AMZN,2013-10-16,2014-01-14,15.5395,14.867568247797344,57,38.30010987555141,184.877,4.827061870076118,61,True,close_below_ema20
B_nofilter,AMAT,2014-01-14,2014-01-24,17.5,17.16282,69,23.265420000000002,-23.265420000000002,-1.0,7,False,stop
B_nofilter,AMZN,2014-01-15,2014-01-24,19.947,19.4030775,61,33.179272500000046,-33.179272500000046,-1.0,6,False,stop
B_nofilter,SCHW,2014-01-15,2014-01-27,25.66,24.74523,24,21.954480000000018,-8.159999999999997,-0.37167812674224077,7,False,close_below_ema20
B_nofilter,BMY,2014-01-24,2014-01-27,54.6,52.65729,22,42.73961999999996,-77.44000000000007,-1.8119019308079984,1,False,close_below_ema20
B_nofilter,NOW,2014-01-28,2014-01-30,11.834,11.202786,54,34.085556,100.22399999999999,2.9403657079849306,2,False,close_below_ema20
B_nofilter,CMCSA,2014-01-27,2014-02-03,24.7798,24.4272483,46,16.217378200000134,16.217378200000134,1.0,5,True,breakeven_stop
B_nofilter,LMT,2014-02-03,2014-02-04,151.99,145.96497185029503,7,42.17519704793486,-29.40000000000012,-0.6970921787652848,1,False,close_below_ema20
B_nofilter,TMO,2014-01-30,2014-02-05,115.92,112.38485034524031,6,21.210897928558154,-21.210897928558154,-1.0,4,False,stop
B_nofilter,GILD,2014-02-04,2014-02-05,81.86,77.51241,13,56.51866999999996,-56.51866999999996,-1.0,1,False,stop
B_nofilter,CRM,2014-01-28,2014-03-03,58.67,56.89305,19,33.76204999999999,51.78509999999996,1.5338257007498057,23,True,close_below_ema20
B_nofilter,MU,2014-03-03,2014-03-10,24.36,23.876099999999997,51,24.6789000000001,-2.0399999999999565,-0.08266170696424671,5,False,close_below_ema20
B_nofilter,GOOGL,2014-02-06,2014-03-12,28.8071,28.2004713,40,24.265147999999925,46.92114799999999,1.933684805878791,23,True,close_below_ema20
B_nofilter,NOW,2014-03-11,2014-03-12,13.444,13.068918,92,34.507544000000074,-14.352000000000054,-0.415909054553405,1,False,close_below_ema20
B_nofilter,MSFT,2014-03-12,2014-03-13,38.23,37.65231,32,18.4860799999999,-18.4860799999999,-1.0,1,False,stop
B_nofilter,REGN,2014-03-12,2014-03-14,337.0,311.03664757480465,2,51.926704850390706,-20.059999999999945,-0.3863137485383691,2,False,close_below_ema20
B_nofilter,ADBE,2014-03-13,2014-03-14,68.48,66.68325,18,32.34150000000005,-14.04000000000002,-0.4341171559760678,1,False,close_below_ema20
B_nofilter,LMT,2014-02-05,2014-03-17,148.97,144.54531,8,35.397519999999986,93.27751999999998,2.635142800964588,27,True,close_below_ema20
B_nofilter,SPGI,2014-03-17,2014-03-18,76.1211,75.099825,15,15.319125000000042,-15.319125000000042,-1.0,1,False,stop
B_nofilter,BMY,2014-03-17,2014-03-20,54.48,53.82612,22,14.385359999999864,-14.385359999999864,-1.0,3,False,stop
B_nofilter,META,2014-03-18,2014-03-20,68.95,66.55338,17,40.74253999999998,-15.979999999999961,-0.3922190418172252,2,False,close_below_ema20
B_nofilter,DIS,2014-03-17,2014-03-24,80.5,79.49042999999999,8,8.076560000000086,1.67999999999995,0.20800935051555763,5,False,close_below_ema20
B_nofilter,TJX,2014-03-24,2014-03-25,30.96,30.074895,21,18.587204999999987,-10.395000000000021,-0.5592556815293116,1,False,close_below_ema20
B_nofilter,TXN,2014-03-20,2014-04-07,46.01,44.39380122681212,26,42.02116810288476,45.66116810288477,1.0866230084582091,12,True,close_below_ema20
B_nofilter,WFC,2014-03-20,2014-04-07,48.41,47.222730000000006,23,27.30720999999979,26.91000000000004,0.9854540247795452,12,False,time_stop_10d
B_nofilter,TMUS,2014-03-27,2014-04-07,32.83,31.94802,20,17.639599999999973,-17.639599999999973,-1.0,7,False,stop
B_nofilter,MSFT,2014-04-09,2014-04-10,39.93,39.1608,30,23.075999999999937,-23.075999999999937,-1.0,1,False,stop
B_nofilter,TXN,2014-04-09,2014-04-10,46.95,45.973980000000005,13,12.688259999999978,-12.688259999999978,-1.0,1,False,stop
B_nofilter,ORCL,2014-04-08,2014-04-11,39.92,39.00096,30,27.571200000000076,-27.571200000000076,-1.0,3,False,stop
B_nofilter,DIS,2014-04-10,2014-04-11,80.92,78.04188,15,43.171799999999934,-51.14999999999995,-1.1848011896654767,1,False,close_below_ema20
B_nofilter,QCOM,2014-04-14,2014-04-24,78.92,77.40252000000001,14,21.244719999999887,-21.244719999999887,-1.0,7,False,stop
B_nofilter,BSX,2014-04-15,2014-04-28,13.32,12.515072858218005,48,38.63650280553577,8.159999999999997,0.21119923925492673,8,False,close_below_ema20
B_nofilter,WFC,2014-04-15,2014-05-01,48.68,46.9552333353585,24,41.394399951396,25.440000000000055,0.6145758853823441,11,False,time_stop_10d
B_nofilter,RTX,2014-04-30,2014-05-02,74.4808,73.17405269999999,8,10.453978400000096,-11.680000000000064,-1.1172779924626548,2,False,close_below_ema20
B_nofilter,UNP,2014-04-30,2014-05-05,95.04,93.26664,12,21.28032000000013,-14.04000000000002,-0.659764514819323,3,False,close_below_ema20
B_nofilter,NEE,2014-05-06,2014-05-09,24.56,24.330645,47,10.779684999999915,-10.779684999999915,-1.0,3,False,stop
B_nofilter,WFC,2014-05-08,2014-05-12,49.43,48.82113,13,7.915310000000041,-0.649999999999963,-0.0821193358188068,2,False,close_below_ema20
B_nofilter,QCOM,2014-05-01,2014-05-16,78.86,76.69323,14,30.334779999999995,11.760000000000048,0.38767381863326683,11,False,time_stop_10d
B_nofilter,LMT,2014-05-12,2014-05-16,165.5,162.40743,7,21.647989999999965,-21.647989999999965,-1.0,4,False,stop
B_nofilter,ORCL,2014-05-12,2014-05-28,41.26,40.449510000000004,15,12.157349999999916,10.95000000000006,0.9006897062271083,11,False,time_stop_10d
B_nofilter,LMT,2014-05-28,2014-05-29,163.43,159.73011,7,25.899230000000074,-16.170000000000016,-0.6243428858695788,1,False,close_below_ema20
B_nofilter,GILD,2014-06-03,2014-06-09,81.8,80.38953,14,19.74658000000005,-19.74658000000005,-1.0,4,False,stop
B_nofilter,DIS,2014-05-19,2014-06-13,80.43,79.13078999999999,14,18.18894000000023,34.42894000000018,1.892850270549012,18,True,close_below_ema20
B_nofilter,GOOGL,2014-06-09,2014-06-17,28.44,27.400572,42,43.65597600000004,-34.524000000000115,-0.7908195661459976,6,False,close_below_ema20
B_nofilter,ORCL,2014-06-17,2014-06-20,42.23,41.66829,27,15.166169999999944,-53.18999999999997,-3.5071478164889465,3,False,stop_gap
B_nofilter,MSFT,2014-06-13,2014-07-01,41.1,40.24971,28,23.80812000000003,21.279999999999944,0.8938126991967411,12,False,time_stop_10d
B_nofilter,CAT,2014-06-20,2014-07-08,108.05,105.62427000000001,10,24.257299999999873,21.599999999999966,0.8904535954125182,11,False,time_stop_10d
B_nofilter,WFC,2014-07-01,2014-07-09,52.76,51.948,22,17.863999999999947,-17.863999999999947,-1.0,5,False,stop
B_nofilter,FISV,2014-07-08,2014-07-10,30.475,30.19977,37,10.18351000000002,-10.18351000000002,-1.0,2,False,stop
B_nofilter,BSX,2014-07-09,2014-07-10,13.06,12.90708,89,13.609879999999995,-13.609879999999995,-1.0,1,False,stop
B_nofilter,META,2014-07-10,2014-07-11,65.12,62.14779,16,47.555360000000064,2.5599999999999454,0.05383199706615494,1,False,close_below_ema20
B_nofilter,CAT,2014-07-11,2014-07-18,109.57,107.6922,10,18.777999999999935,-1.3999999999998636,-0.07455533070613848,5,False,close_below_ema20
B_nofilter,MU,2014-05-19,2014-07-29,26.37,25.22475,43,49.24575000000003,175.04050000000004,3.554428554748378,49,True,close_below_ema20
B_nofilter,CMCSA,2014-07-29,2014-07-31,25.9091,25.185177201440304,46,33.30044873374596,-33.30044873374596,-1.0,2,False,stop
B_nofilter,MSFT,2014-07-10,2014-08-01,41.99,41.468489999999996,28,14.602280000000178,31.682280000000162,2.169680351287592,16,True,close_below_ema20
B_nofilter,SCHW,2014-07-18,2014-08-04,27.4,26.41356,44,43.40335999999992,17.600000000000094,0.4054985604801132,11,False,close_below_ema20
B_nofilter,PANW,2014-08-05,2014-08-06,13.4167,12.79719,90,55.7559,-25.802999999999976,-0.4627851043566686,1,False,close_below_ema20
B_nofilter,INTU,2014-08-05,2014-08-06,81.16,79.59033000000001,7,10.987689999999915,-5.389999999999972,-0.4905489688915517,1,False,close_below_ema20
B_nofilter,SCHW,2014-08-06,2014-08-07,27.8,27.19278,43,26.11046000000007,-1.2900000000000489,-0.0494054873027915,1,False,close_below_ema20
B_nofilter,AAPL,2014-08-07,2014-08-08,23.87,23.56641,51,15.48308999999999,-15.554999999999986,-1.004644421753022,1,False,close_below_ema20
B_nofilter,INTU,2014-08-07,2014-08-08,81.15,79.59033000000001,14,21.835379999999958,-3.079999999999984,-0.14105547968480467,1,False,close_below_ema20
B_nofilter,INTU,2014-08-11,2014-08-25,81.7,79.59033000000001,14,29.53537999999992,29.53537999999992,1.0,10,True,breakeven_stop
B_nofilter,AAPL,2014-08-11,2014-09-04,23.8175,23.29668,51,26.561820000000026,49.311000000000014,1.85646164306512,17,True,close_below_ema20
B_nofilter,INTC,2014-09-04,2014-09-15,34.88,34.39557,35,16.955050000000114,-5.95000000000006,-0.3509278946390615,7,False,close_below_ema20
B_nofilter,TSLA,2014-08-01,2014-09-16,15.4267,14.721264000000001,77,54.31857199999991,115.36183599999995,2.1238009717928548,31,True,close_below_ema20
B_nofilter,CMCSA,2014-08-25,2014-09-23,25.5811,25.2418329,49,16.624087900000035,32.6848208000001,1.966112125766613,20,True,close_below_ema20
B_nofilter,DIS,2014-09-15,2014-09-23,90.2,88.66125,14,21.542500000000103,-15.119999999999976,-0.7018683996750564,6,False,close_below_ema20
B_nofilter,INTC,2014-09-16,2014-09-23,34.77,34.195769999999996,35,20.09805000000025,-2.1000000000000796,-0.10448774881145452,5,False,close_below_ema20
B_nofilter,MS,2014-09-25,2014-09-26,35.1,34.495470000000005,19,11.486069999999941,-13.490000000000016,-1.174466114171347,1,False,close_below_ema20
B_nofilter,UNP,2014-09-26,2014-10-01,108.63,106.86303,6,10.601820000000004,-10.601820000000004,-1.0,3,False,stop
B_nofilter,META,2014-09-23,2014-10-02,77.53,74.17452892673346,16,53.68753717226468,-15.360000000000127,-0.2860999183239718,7,False,close_below_ema20
B_nofilter,ABBV,2014-09-24,2014-10-02,58.27,56.5434,21,36.2586000000001,-15.330000000000084,-0.4227962469593432,6,False,close_below_ema20
B_nofilter,MSFT,2014-10-01,2014-10-02,46.48,45.71424,14,10.720640000000003,-9.09999999999998,-0.848829920601753,1,False,close_below_ema20
B_nofilter,FISV,2014-10-02,2014-10-03,32.35,31.69827,38,24.765740000000022,-2.2800000000000864,-0.09206266398662363,1,False,close_below_ema20
B_nofilter,GILD,2014-10-03,2014-10-07,105.91,103.50639,10,24.036100000000005,-10.600000000000023,-0.44100332416656696,2,False,close_below_ema20
B_nofilter,VRTX,2014-10-03,2014-10-08,107.37,101.41848,10,59.51520000000002,-38.900000000000006,-0.6536145388068929,3,False,close_below_ema20
B_nofilter,META,2014-10-07,2014-10-08,77.89,75.56436,13,30.23332000000009,-22.22999999999992,-0.7352814709069282,1,False,close_below_ema20
B_nofilter,PANW,2014-10-03,2014-10-10,17.0033,15.863917606266602,54,61.52664926160345,-61.52664926160345,-1.0,5,False,stop
B_nofilter,META,2014-10-09,2014-10-10,77.71,75.02489999999999,14,37.59140000000008,-29.679999999999865,-0.7895422889277814,1,False,close_below_ema20
B_nofilter,VRTX,2014-10-09,2014-10-15,107.67,101.41848,9,56.263679999999994,-51.030000000000015,-0.906979422604423,4,False,close_below_ema20
B_nofilter,PANW,2014-10-30,2014-11-06,17.5533,16.6666167,65,57.63441450000009,-14.299999999999926,-0.24811564625159685,5,False,close_below_ema20
B_nofilter,GILD,2014-11-07,2014-11-10,108.9,105.64425,10,32.55750000000006,1.699999999999875,0.05221531137218373,1,False,close_below_ema20
B_nofilter,LMT,2014-11-11,2014-11-18,187.26,184.72509,6,15.209459999999979,-15.209459999999979,-1.0,5,False,stop
B_nofilter,VRTX,2014-11-18,2014-11-19,112.28,109.93995,10,23.40050000000005,-12.5,-0.5341766201576877,1,False,close_below_ema20
B_nofilter,ISRG,2014-10-28,2014-12-08,53.3311,52.142205600000004,21,24.9667823999999,49.95788799999993,2.000974222453276,28,True,close_below_ema20
B_nofilter,ADBE,2014-12-10,2014-12-11,71.66,70.60932000000001,17,17.861559999999756,-26.52000000000004,-1.4847527315643427,1,False,close_below_ema20
B_nofilter,VRTX,2014-12-11,2014-12-15,121.65,116.61327,9,45.33057000000005,-45.33057000000005,-1.0,2,False,stop
B_nofilter,REGN,2014-11-07,2014-12-16,378.24,364.88475,3,40.06575000000004,59.710500000000025,1.4903127983377316,26,True,close_below_ema20
B_nofilter,HD,2014-11-20,2014-12-16,97.31,95.88402,12,17.111759999999947,17.111759999999947,1.0,17,True,breakeven_stop
B_nofilter,DIS,2014-12-15,2014-12-16,92.61,90.56934,12,24.48792000000003,-25.319999999999993,-1.0339792028069335,1,False,close_below_ema20
B_nofilter,AMGN,2014-12-18,2014-12-23,166.1,157.96655631844948,6,48.8006620893031,-7.139999999999986,-0.14630949036990717,3,False,close_below_ema20
B_nofilter,REGN,2014-12-18,2014-12-23,415.49,390.67643698235304,1,24.81356301764697,-5.110000000000014,-0.20593576167863806,3,False,close_below_ema20
B_nofilter,LLY,2014-12-23,2014-12-24,71.67,68.96097,16,43.344479999999976,-26.079999999999927,-0.6016913803095559,1,False,close_below_ema20
B_nofilter,MDT,2014-12-31,2015-01-02,73.63,72.58734,15,15.639899999999969,-22.5,-1.438628124220746,1,False,close_below_ema20
B_nofilter,UNP,2015-01-02,2015-01-05,120.77,118.90097999999999,9,16.821180000000055,-22.139999999999944,-1.3161977934960492,1,False,stop_gap
B_nofilter,AMAT,2014-12-16,2015-01-06,24.05,23.24673,48,38.55696000000006,40.47696000000002,1.0497964569820846,13,True,close_below_ema20
B_nofilter,VRTX,2014-12-26,2015-01-07,117.29,109.23066,7,56.41538000000004,10.709999999999908,0.18984184809177745,7,False,close_below_ema20
B_nofilter,HD,2015-01-07,2015-01-14,102.29,100.23966,5,10.251700000000028,8.201360000000022,0.8,5,True,breakeven_stop
B_nofilter,PANW,2015-01-05,2015-01-16,20.4933,19.5804,56,51.12240000000003,-12.039999999999992,-0.23551319969328485,9,False,close_below_ema20
B_nofilter,LOW,2015-01-07,2015-01-16,66.86,65.29464,16,25.045759999999973,-13.759999999999991,-0.5493943885112692,7,False,close_below_ema20
B_nofilter,VRTX,2015-01-15,2015-01-16,121.22,117.61227000000001,5,18.038649999999947,-19.099999999999966,-1.0588375515906137,1,False,close_below_ema20
B_nofilter,LOW,2015-01-20,2015-01-21,68.11,65.8341,16,36.41439999999989,-13.279999999999973,-0.3646908915154448,1,False,close_below_ema20
B_nofilter,PANW,2015-01-20,2015-01-22,20.8633,20.1964833,53,35.34128509999991,-35.34128509999991,-1.0,2,False,stop
B_nofilter,VRTX,2015-01-21,2015-01-29,125.26,117.03285000000001,6,49.36289999999997,-77.16,-1.56311723987043,6,False,close_below_ema20
B_nofilter,AVGO,2015-01-20,2015-02-02,10.391,9.990998999999999,57,22.80005700000008,-3.7620000000000413,-0.16499958750103247,9,False,close_below_ema20
B_nofilter,LOW,2015-01-22,2015-02-02,67.87,65.8341,16,32.57439999999997,-4.6400000000001,-0.1424431455376033,7,False,close_below_ema20
B_nofilter,LLY,2015-01-30,2015-02-02,73.02,70.34958,13,34.71545999999991,-34.71545999999991,-1.0,1,False,stop
B_nofilter,AVGO,2015-02-03,2015-02-04,10.349,9.906084,101,44.73451600000003,-5.656000000000095,-0.12643480930921644,1,False,close_below_ema20
B_nofilter,UNH,2015-02-03,2015-02-10,107.35,104.96493,5,11.925349999999995,-0.449999999999946,-0.0377347415379797,5,False,close_below_ema20
B_nofilter,HD,2015-02-04,2015-02-20,107.32,102.57615895098243,9,42.69456944115805,31.410000000000082,0.7356907543777801,11,False,time_stop_10d
B_nofilter,LOW,2015-02-03,2015-03-11,69.08,66.10383,15,44.64254999999994,78.43000000000004,1.756844087087322,25,True,close_below_ema20
B_nofilter,PANW,2015-02-10,2015-03-11,21.06,20.1980817,29,24.995630699999978,54.60921239999999,2.1847503291845336,20,True,close_below_ema20
B_nofilter,BX,2015-03-11,2015-03-26,37.6251,37.0188441,29,17.58142110000002,-17.359400000000136,-0.9873718342370011,11,False,close_below_ema20
B_nofilter,PANW,2015-03-27,2015-04-02,23.6317,22.3659117,45,56.960473499999864,2.3985000000000056,0.04210814715225307,4,False,close_below_ema20
B_nofilter,LOW,2015-04-02,2015-04-08,74.85,72.40752,15,36.63719999999984,-9.899999999999949,-0.2702171563329073,3,False,close_below_ema20
B_nofilter,UNH,2015-02-20,2015-04-16,110.36,108.41148,9,17.53668000000002,73.43816000000005,4.187688889801261,38,True,close_below_ema20
B_nofilter,CRM,2015-04-16,2015-04-17,67.51,66.2337,16,20.4208000000001,-20.4208000000001,-1.0,1,False,stop
B_nofilter,PANW,2015-04-08,2015-04-20,24.465,23.233443299999998,46,56.651608200000105,-22.92180000000002,-0.4046098730168083,8,False,close_below_ema20
B_nofilter,BSX,2015-03-11,2015-04-28,16.6,16.383599999999998,67,14.498800000000248,58.98999999999988,4.068612574833701,33,True,close_below_ema20
B_nofilter,REGN,2015-04-20,2015-04-30,455.78,442.1574,2,27.245199999999954,27.245199999999954,1.0,8,True,breakeven_stop
B_nofilter,ADI,2015-04-28,2015-04-30,63.27,61.78815,18,26.673300000000026,-12.960000000000107,-0.4858791375645344,2,False,close_below_ema20
B_nofilter,SBUX,2015-04-20,2015-05-07,48.0,47.34261,23,15.119969999999988,23.342580000000012,1.5438244917152635,13,True,close_below_ema20
B_nofilter,DIS,2015-05-01,2015-05-12,110.19,107.57232,10,26.17679999999993,-15.900000000000034,-0.6074080865499251,7,False,close_below_ema20
B_nofilter,BX,2015-05-01,2015-06-05,40.9715,39.852207899999996,28,31.340178800000075,48.51397880000009,1.5479802814654005,24,True,close_below_ema20
B_nofilter,REGN,2015-05-07,2015-06-05,480.01,453.5761519388519,1,26.43384806114807,52.86769612229614,2.0,20,False,target_2R_all
B_nofilter,SBUX,2015-06-05,2015-06-08,52.18,51.51843,23,15.216109999999944,-15.216109999999944,-1.0,1,False,stop
B_nofilter,CRM,2015-06-05,2015-06-08,73.48,71.58834,16,30.266560000000027,-30.266560000000027,-1.0,1,False,stop
B_nofilter,AMZN,2015-06-09,2015-06-10,21.34,21.0504285,57,16.505575500000056,-0.9689999999999692,-0.05870743495129666,1,False,close_below_ema20
B_nofilter,AVGO,2015-06-10,2015-06-25,14.073,13.637349,86,37.465986,-5.160000000000043,-0.13772492201326406,11,False,close_below_ema20
B_nofilter,CRM,2015-06-25,2015-06-26,74.55,72.91700999999999,16,26.127840000000106,-26.127840000000106,-1.0,1,False,stop
B_nofilter,TMUS,2015-05-12,2015-06-30,34.33,32.87338650754204,33,48.06824525111273,127.19163175865481,2.6460635518146036,34,True,close_below_ema20
B_nofilter,ADBE,2015-06-30,2015-07-01,82.19,81.06885000000001,14,15.696099999999802,-15.696099999999802,-1.0,1,False,stop
B_nofilter,PANW,2015-07-01,2015-07-06,29.4317,28.053671335082097,41,56.49917526163401,-20.229399999999902,-0.35804770434829264,2,False,close_below_ema20
B_nofilter,AMZN,2015-07-01,2015-07-07,21.9675,21.428549999999998,55,29.642250000000185,-29.642250000000185,-1.0,3,False,stop
B_nofilter,SBUX,2015-06-10,2015-07-09,51.8,51.0489,22,16.524199999999865,41.4941999999999,2.511117028358422,20,True,close_below_ema20
B_nofilter,BMY,2015-07-06,2015-07-21,68.08,65.87414970439048,17,37.49945502536188,34.51000000000002,0.9202800407808589,11,False,time_stop_10d
B_nofilter,GILD,2015-07-21,2015-07-22,118.95,117.09279,10,18.57210000000009,-21.300000000000097,-1.1468816127416928,1,False,stop_gap
B_nofilter,FISV,2015-07-07,2015-07-28,42.19,41.2587,28,26.076400000000007,33.286400000000015,1.2764952217330616,15,True,close_below_ema20
B_nofilter,HD,2015-07-22,2015-07-28,113.97,112.05783,10,19.121700000000033,-2.0999999999999375,-0.10982287139741413,4,False,close_below_ema20
B_nofilter,META,2015-07-09,2015-08-12,86.75,85.14477000000001,7,11.236609999999942,33.43137999999996,2.975219394461509,24,True,close_below_ema20
B_nofilter,AMGN,2015-08-12,2015-08-17,169.73,166.2336,7,24.47479999999996,-18.75999999999985,-0.7665026884795741,3,False,close_below_ema20
B_nofilter,REGN,2015-07-28,2015-08-20,553.3,529.81965,2,46.96069999999986,46.96069999999986,1.0,17,True,breakeven_stop
B_nofilter,MDLZ,2015-07-28,2015-08-21,42.33,41.23876463376631,28,30.554590254543314,48.33459025454336,1.5819092925769558,18,True,close_below_ema20
B_nofilter,SBUX,2015-08-17,2015-08-21,57.12,55.102956385529616,22,44.37495951834839,-52.79999999999997,-1.1898602403945393,4,False,close_below_ema20
B_nofilter,TMUS,2015-08-28,2015-08-31,39.95,37.451729148947074,24,59.9585004252703,-0.7200000000000273,-0.01200830565963544,1,False,close_below_ema20
B_nofilter,HD,2015-08-27,2015-09-01,117.5,109.71450091055574,7,54.498493626109806,-24.570000000000036,-0.4508381491892968,3,False,close_below_ema20
B_nofilter,FISV,2015-08-28,2015-09-01,43.39,41.14127403185174,27,60.71560114000313,-45.22499999999992,-0.744866214792411,2,False,close_below_ema20
B_nofilter,AMZN,2015-09-25,2015-09-28,27.1285,26.1173565,45,45.50145749999997,-50.7374999999999,-1.1150741709757304,1,False,close_below_ema20
B_nofilter,TSLA,2015-09-25,2015-09-28,17.774,17.0362467,69,50.904977700000096,-50.904977700000096,-1.0,1,False,stop
B_nofilter,TMUS,2015-09-15,2015-09-29,40.1,39.19076999999999,30,27.27690000000024,34.77690000000024,1.2749579314364878,10,True,close_below_ema20
B_nofilter,ADBE,2015-10-01,2015-10-08,82.42,79.01091000000001,14,47.72725999999989,-27.579999999999984,-0.5778668207644866,5,False,close_below_ema20
B_nofilter,SBUX,2015-10-01,2015-11-10,56.99,54.75519,20,44.69620000000006,90.19620000000003,2.0179836317181308,28,True,close_below_ema20
B_nofilter,NFLX,2015-11-11,2015-11-13,11.308,10.790199,114,59.02931400000004,-59.02931400000004,-1.0,2,False,stop
B_nofilter,REGN,2015-11-16,2015-11-27,557.25,544.57488,2,25.350239999999985,32.180240000000026,1.2694254571159895,8,True,close_below_ema20
B_nofilter,FISV,2015-11-27,2015-12-03,47.875,47.24271,26,16.439539999999937,-16.439539999999937,-1.0,4,False,stop
B_nofilter,ADBE,2015-10-09,2015-12-04,82.48,78.94098,14,49.54628000000011,103.09628000000005,2.0808076812224816,39,True,close_below_ema20
B_nofilter,COST,2015-12-03,2015-12-09,164.51,160.46937,7,28.28440999999995,-28.28440999999995,-1.0,4,False,stop
B_nofilter,FISV,2015-12-09,2015-12-10,47.43,46.518435,27,24.612255000000083,-18.765000000000008,-0.7624250601986671,1,False,close_below_ema20
B_nofilter,HD,2015-12-04,2015-12-11,134.12,130.66920000000002,9,31.05719999999988,-31.05719999999988,-1.0,5,False,stop
B_nofilter,NOW,2015-12-10,2015-12-11,17.532,17.112869999999997,71,29.75823000000019,-29.75823000000019,-1.0,1,False,stop
B_nofilter,AMZN,2015-10-12,2015-12-14,27.0895,25.9685055,23,25.782873500000044,101.71549999999996,3.945080054789075,44,True,close_below_ema20
B_nofilter,AMZN,2015-12-15,2015-12-16,33.2515,31.7317365,36,54.711485999999994,-2.6460000000001003,-0.04836278802590192,1,False,close_below_ema20
B_nofilter,GOOGL,2015-12-15,2015-12-16,38.3895,36.802438465958176,17,26.980046078710984,-1.036999999999999,-0.038435812784554865,1,False,close_below_ema20
B_nofilter,MSFT,2015-12-14,2015-12-21,55.1,53.95599,22,25.168220000000034,-4.839999999999975,-0.19230601131108868,5,False,close_below_ema20
B_nofilter,V,2015-12-16,2015-12-21,79.45,76.25368601148527,15,47.94470982772097,-38.24999999999996,-0.7977939617831274,3,False,close_below_ema20
B_nofilter,GE,2015-12-16,2015-12-21,146.6965,142.52822909999998,4,16.67308360000004,-3.6423999999999523,-0.2184598894472012,3,False,close_below_ema20
B_nofilter,INTC,2015-12-22,2016-01-04,34.36,33.78618,35,20.083699999999922,10.86987999999998,0.5412289568157274,7,True,close_below_ema20
B_nofilter,BSX,2015-12-22,2016-01-04,18.37,18.10188,35,9.38419999999999,-7.35000000000003,-0.7832313889303338,7,False,close_below_ema20
B_nofilter,GE,2015-12-22,2016-01-06,146.6486,144.34750799999998,8,18.40873600000009,-18.40873600000009,-1.0,9,False,stop
B_nofilter,MSFT,2016-01-05,2016-01-06,54.93,53.33661,22,35.05457999999999,-13.419999999999987,-0.38283157293569037,1,False,close_below_ema20
B_nofilter,MCD,2016-01-05,2016-01-07,117.73,115.75413,5,9.879350000000002,-9.879350000000002,-1.0,2,False,stop
B_nofilter,MCD,2016-01-12,2016-01-13,117.06,115.14474,10,19.152600000000035,-19.152600000000035,-1.0,1,False,stop
B_nofilter,PEP,2016-03-09,2016-03-24,100.12,97.44246000000001,11,29.452939999999927,6.379999999999981,0.2166167452213598,11,False,time_stop_10d
B_nofilter,COST,2016-03-24,2016-03-28,153.93,151.48836,7,17.091480000000047,-14.909999999999968,-0.8723644763355735,1,False,close_below_ema20
B_nofilter,GE,2016-03-11,2016-04-07,145.1629,142.62393329999998,4,10.155866800000126,14.277466800000127,1.4058343892418863,18,True,close_below_ema20
B_nofilter,META,2016-03-09,2016-04-11,107.37,104.29560000000001,11,33.81839999999997,50.72399999999996,1.4998935490738772,22,True,close_below_ema20
B_nofilter,GOOGL,2016-04-07,2016-04-12,38.421,37.72224,30,20.9628,-20.9628,-1.0,3,False,stop
B_nofilter,FISV,2016-04-11,2016-04-12,50.565,49.87008,13,9.03395999999995,-8.320000000000007,-0.9209693202095264,1,False,close_below_ema20
B_nofilter,MSFT,2016-04-13,2016-04-22,55.12,53.70624,11,15.55135999999996,-35.31000000000001,-2.2705409687641533,7,False,stop_gap
B_nofilter,AMAT,2016-04-22,2016-04-28,21.24,20.829150000000002,59,24.240149999999787,-24.240149999999787,-1.0,4,False,stop
B_nofilter,GE,2016-04-28,2016-04-29,148.6135,145.11354120000001,8,27.999670399999786,-9.968799999999874,-0.3560327624428018,1,False,close_below_ema20
B_nofilter,ISRG,2016-03-28,2016-05-04,65.0778,62.2732644,18,50.481640799999894,89.19900000000014,1.7669592070787115,27,True,close_below_ema20
B_nofilter,BKNG,2016-04-29,2016-05-04,54.2364,52.353594,22,41.42173200000005,-86.16080000000007,-2.0800868490965074,3,False,stop_gap
B_nofilter,CVX,2016-05-05,2016-05-09,102.3,100.28961,11,22.11429000000001,-22.11429000000001,-1.0,2,False,stop
B_nofilter,JNJ,2016-04-12,2016-05-20,109.62,107.77212,11,20.32668000000004,33.958800000000025,1.6706515771390094,28,True,close_below_ema20
B_nofilter,SPGI,2016-05-09,2016-05-24,98.8552,94.45487464880246,11,48.40357886317291,45.99870000000007,0.9503160939819978,11,False,time_stop_10d
B_nofilter,ISRG,2016-05-20,2016-06-07,69.5167,68.05188000000001,17,24.90193999999981,17.680000000000106,0.7099848445542893,11,False,time_stop_10d
B_nofilter,XOM,2016-06-07,2016-06-22,89.75,87.52239,13,28.95892999999998,27.170000000000044,0.9382252728260354,11,False,time_stop_10d
B_nofilter,MDT,2016-05-05,2016-06-27,79.42,78.55136999999999,14,12.160820000000143,25.110820000000103,2.064895294889638,36,True,close_below_ema20
B_nofilter,ISRG,2016-06-22,2016-06-27,72.3333,70.5272022,17,30.703662599999817,-30.703662599999817,-1.0,3,False,stop
B_nofilter,NEE,2016-06-27,2016-07-21,31.2725,30.41514605570809,39,33.436803827384566,42.12944988309264,1.2599723974989752,17,True,close_below_ema20
B_nofilter,JNJ,2016-06-28,2016-08-09,117.17,114.885,9,20.56499999999997,51.97999999999995,2.527595429127159,29,True,close_below_ema20
B_nofilter,UNH,2016-05-24,2016-08-10,131.2,128.40147,9,25.186769999999996,75.73824000000008,3.0070644231078494,54,True,close_below_ema20
B_nofilter,BSX,2016-08-09,2016-08-11,24.18,23.71626,53,24.578220000000073,-14.84000000000006,-0.6037866045629023,2,False,close_below_ema20
B_nofilter,TMO,2016-08-10,2016-08-11,157.25,155.51433,8,13.885359999999991,-8.079999999999927,-0.5819078511468145,1,False,close_below_ema20
B_nofilter,JNJ,2016-08-11,2016-08-12,123.85,123.10677,10,7.4322999999999695,-7.4322999999999695,-1.0,1,False,stop
B_nofilter,UNH,2016-08-11,2016-08-16,142.34,140.78907,9,13.958369999999945,-10.70999999999998,-0.7672815665439462,3,False,close_below_ema20
B_nofilter,LOW,2016-08-12,2016-08-17,82.09,80.43947999999999,15,24.757800000000216,-66.30000000000003,-2.677943920703756,3,False,stop_gap
B_nofilter,TMUS,2016-08-17,2016-08-18,46.95,46.193760000000005,27,20.418479999999953,-20.418479999999953,-1.0,1,False,stop
B_nofilter,IBM,2016-08-18,2016-08-19,154.0727,152.6578893,8,11.318485600000031,-11.318485600000031,-1.0,1,False,stop
B_nofilter,ABBV,2016-07-21,2016-08-24,63.9,62.87706,20,20.458799999999968,44.558799999999934,2.177977202964006,24,True,close_below_ema20
B_nofilter,ISRG,2016-08-19,2016-08-25,76.3778,75.3801444,16,15.962489599999799,-4.2672000000000025,-0.26732672076416303,4,False,close_below_ema20
B_nofilter,CAT,2016-08-26,2016-08-29,83.21,82.42749,14,10.95513999999983,-9.79999999999984,-0.8945572580542096,1,False,close_below_ema20
B_nofilter,BSX,2016-08-29,2016-09-01,24.04,23.48649,48,26.568479999999965,1.4400000000000546,0.05419956279019562,3,False,close_below_ema20
B_nofilter,DHR,2016-08-26,2016-09-06,71.5957,70.7271021,10,8.685978999999975,-8.685978999999975,-1.0,6,False,stop
B_nofilter,ADBE,2016-08-18,2016-09-09,100.81,99.35055,12,17.513400000000047,17.513400000000047,1.0,15,True,breakeven_stop
B_nofilter,ISRG,2016-09-01,2016-09-09,76.6144,75.63429,15,14.701650000000157,-14.701650000000157,-1.0,5,False,stop
B_nofilter,MRK,2016-09-06,2016-09-12,60.3721,59.2727679,20,21.986642000000103,-24.236000000000075,-1.1023056635933746,4,False,close_below_ema20
B_nofilter,AMAT,2016-09-12,2016-09-26,29.65,28.64133,41,41.35546999999994,-6.560000000000006,-0.15862472364598965,10,False,close_below_ema20
B_nofilter,META,2016-09-14,2016-09-27,128.35,125.62425,9,24.531749999999917,-6.659999999999954,-0.2714849124094276,9,False,close_below_ema20
B_nofilter,TMUS,2016-09-27,2016-10-06,47.12,44.97826999339536,26,55.684980171720625,-31.71999999999997,-0.5696329585138082,7,False,close_below_ema20
B_nofilter,INTC,2016-09-27,2016-10-11,36.94,36.5634,33,12.427799999999877,12.05119999999988,0.9696969696969697,10,True,breakeven_stop
B_nofilter,ISRG,2016-10-07,2016-10-11,79.9989,79.14077999999999,15,12.871800000000206,-12.871800000000206,-1.0,2,False,stop
B_nofilter,AMZN,2016-09-15,2016-10-18,38.375,37.7622,17,10.4176,35.28250000000002,3.386816541237907,23,True,close_below_ema20
B_nofilter,INTC,2016-10-14,2016-10-19,37.19,36.42354,32,24.52671999999984,-35.83999999999992,-1.4612634710226295,3,False,stop_gap
B_nofilter,ISRG,2016-10-18,2016-10-19,79.8756,78.4082133,8,11.739093600000047,-11.739093600000047,-1.0,1,False,stop
B_nofilter,UNP,2016-10-13,2016-10-20,96.8,95.47443,12,15.906839999999988,-28.799999999999898,-1.810541880096859,5,False,stop_gap
B_nofilter,CVX,2016-10-19,2016-10-24,102.47,99.51039,6,17.757659999999987,-5.4599999999999795,-0.30747294407033265,3,False,close_below_ema20
B_nofilter,META,2016-10-19,2016-10-28,129.39,126.62325,9,24.90074999999989,9.990000000000123,0.4011927351585863,7,False,close_below_ema20
B_nofilter,JPM,2016-10-20,2016-11-04,68.5,66.67326,17,31.054580000000016,-0.17000000000008697,-0.005474232786277801,11,False,time_stop_10d
B_nofilter,MS,2016-11-03,2016-11-04,33.17,32.697269999999996,35,16.545550000000198,-12.25000000000005,-0.7403803439595482,1,False,close_below_ema20
B_nofilter,QCOM,2016-11-07,2016-11-10,67.72,65.67425999999999,16,32.73184000000015,-32.73184000000015,-1.0,3,False,stop
B_nofilter,COP,2016-11-15,2016-11-18,44.26,43.34661,28,25.57491999999999,-15.39999999999992,-0.6021524212001416,3,False,close_below_ema20
B_nofilter,BKNG,2016-11-21,2016-12-01,61.16,59.2299108,20,38.60178399999995,-21.847999999999956,-0.5659842042533574,7,False,close_below_ema20
B_nofilter,ADI,2016-12-05,2016-12-20,70.84,68.35158,17,42.303140000000084,35.35999999999997,0.8358717579829748,11,False,time_stop_10d
B_nofilter,BAC,2016-11-04,2016-12-30,16.67,16.263720000000003,71,28.84587999999992,227.24999999999986,7.878074789190016,38,True,close_below_ema20
B_nofilter,UNP,2016-12-20,2017-01-03,103.89,102.40749000000001,12,17.790119999999888,-17.790119999999888,-1.0,8,False,stop
B_nofilter,AVGO,2016-12-30,2017-01-03,18.067,17.845137,71,15.752272999999931,-16.897999999999968,-1.0727340746316447,1,False,close_below_ema20
B_nofilter,TMUS,2016-10-24,2017-01-09,48.32,46.5819303265076,13,22.594905755401165,78.60683608190877,3.4789627774003136,52,True,close_below_ema20
B_nofilter,C,2017-01-03,2017-01-13,60.68,58.62132,21,43.23228000000005,-25.829999999999934,-0.5974702236384457,8,False,close_below_ema20
B_nofilter,MS,2017-01-13,2017-01-17,44.02,42.63732,29,40.09772000000002,-40.09772000000002,-1.0,1,False,stop
B_nofilter,SCHW,2017-01-03,2017-01-18,40.05,39.2607,32,25.25759999999991,25.57759999999996,1.0126694539465368,10,True,close_below_ema20
B_nofilter,TMUS,2017-01-17,2017-01-18,57.85,55.244699999999995,22,57.31660000000015,-6.82000000000005,-0.1189882163282545,1,False,close_below_ema20
B_nofilter,IBM,2017-01-18,2017-01-19,160.7839,157.91073120000001,7,20.112181599999815,-8.164099999999848,-0.4059281167190696,1,False,close_below_ema20
B_nofilter,SYK,2017-01-09,2017-01-27,118.38,116.3835,5,9.982499999999987,15.936000000000007,1.5963936889556751,13,True,close_below_ema20
B_nofilter,INTU,2017-01-31,2017-02-02,118.55,117.19269,10,13.573099999999982,-13.573099999999982,-1.0,2,False,stop
B_nofilter,BAC,2017-02-03,2017-02-08,23.15,22.4775,55,36.98749999999997,-36.98749999999997,-1.0,3,False,stop
B_nofilter,TMUS,2017-02-08,2017-02-13,62.05,60.35958,20,33.80839999999992,-33.80839999999992,-1.0,3,False,stop
B_nofilter,BX,2017-02-13,2017-02-21,30.58,29.800169999999998,42,32.75286000000002,-8.819999999999887,-0.26928946052344377,5,False,close_below_ema20
B_nofilter,DE,2017-01-19,2017-02-24,105.65,103.88601,11,19.403890000000075,27.35990000000001,1.410021392617661,25,True,close_below_ema20
B_nofilter,NFLX,2017-02-21,2017-03-02,14.299,13.990995000000002,89,27.41244499999981,-27.41244499999981,-1.0,7,False,stop
B_nofilter,TMUS,2017-03-03,2017-03-08,62.86,59.84107060627718,20,60.37858787445643,-28.799999999999955,-0.47699028768084173,3,False,close_below_ema20
B_nofilter,GS,2017-03-08,2017-03-09,253.62,250.05969,4,14.241240000000062,-14.241240000000062,-1.0,1,False,stop
B_nofilter,SCHW,2017-03-10,2017-03-21,42.54,41.358599999999996,29,34.2606000000001,-34.2606000000001,-1.0,7,False,stop
B_nofilter,UNH,2017-02-24,2017-03-22,162.67,157.6340821574912,7,35.25142489756146,38.220000000000056,1.0842114924734274,18,False,time_stop_10d
B_nofilter,MSFT,2017-03-21,2017-03-22,65.19,64.08585000000001,18,19.87469999999982,-19.259999999999877,-0.9690712312638707,1,False,close_below_ema20
B_nofilter,AVGO,2017-03-23,2017-03-24,21.837,21.517461,53,16.935566999999942,-1.9080000000000723,-0.11266230413189465,1,False,close_below_ema20
B_nofilter,AMD,2017-03-24,2017-03-27,14.16,13.346639999999999,76,61.81536000000009,-61.56000000000004,-0.9958689879020352,1,False,close_below_ema20
B_nofilter,TMUS,2017-03-23,2017-04-06,63.58,62.277660000000004,19,24.744459999999883,-24.744459999999883,-1.0,10,False,stop
B_nofilter,NFLX,2017-03-27,2017-04-06,14.28,14.061924000000001,77,16.791851999999857,21.2537759999999,1.2657195882860377,8,True,close_below_ema20
B_nofilter,AVGO,2017-04-07,2017-04-10,21.847,21.537441,50,15.477950000000007,-7.000000000000028,-0.45225627424820636,1,False,close_below_ema20
B_nofilter,NFLX,2017-04-10,2017-04-11,14.389,14.256729,76,10.052595999999951,2.9640000000001123,0.294849211089367,1,False,close_below_ema20
B_nofilter,NFLX,2017-04-12,2017-04-13,14.485,14.106879000000001,75,28.359074999999876,-4.499999999999904,-0.15867936454203543,1,False,close_below_ema20
B_nofilter,AAPL,2017-04-13,2017-04-17,35.5375,34.979985,30,16.725450000000066,-5.025000000000119,-0.300440346896502,1,False,close_below_ema20
B_nofilter,TMUS,2017-04-07,2017-05-04,63.33,62.157779999999995,19,22.272180000000056,42.59996000000011,1.9126982630348714,18,True,close_below_ema20
B_nofilter,PGR,2017-05-04,2017-05-15,40.18,39.25071,32,29.737280000000055,-0.9600000000000364,-0.03228271045637108,7,False,close_below_ema20
B_nofilter,LOW,2017-05-15,2017-05-17,85.19,84.09582,15,16.412699999999916,-16.412699999999916,-1.0,2,False,stop
B_nofilter,ADBE,2017-01-18,2017-05-18,108.5,106.95294,11,17.01766000000002,161.09060000000008,9.466084056209837,84,True,close_below_ema20
B_nofilter,NFLX,2017-05-19,2017-06-09,15.689,15.2847,83,33.556899999999935,33.152599999999936,0.9879518072289156,14,True,breakeven_stop
B_nofilter,ADI,2017-06-09,2017-06-12,82.93,78.91069287309037,16,64.3089140305542,-78.72000000000003,-1.2240915771427718,1,False,close_below_ema20
B_nofilter,LRCX,2017-04-17,2017-06-13,12.728,12.478508999999999,85,21.206735000000066,153.97,7.260429292863778,40,True,close_below_ema20
B_nofilter,AVGO,2017-06-13,2017-06-15,24.496,23.551425,52,49.11790000000002,-50.02399999999999,-1.0184474499113352,2,False,close_below_ema20
B_nofilter,CMCSA,2017-06-12,2017-06-20,38.4817,37.9001619,34,19.772295399999862,-19.772295399999862,-1.0,6,False,stop
B_nofilter,CAT,2017-06-15,2017-06-22,105.99,102.48389718418109,11,38.567130974007966,-26.62000000000002,-0.690225052466059,5,False,close_below_ema20
B_nofilter,META,2017-06-22,2017-06-28,154.08,148.88048790903753,8,41.59609672769989,-25.2800000000002,-0.6077493319983943,4,False,close_below_ema20
B_nofilter,MU,2017-06-20,2017-07-03,31.4,29.180790000000002,29,64.35708999999991,-37.98999999999997,-0.5903001518558408,9,False,close_below_ema20
B_nofilter,TSLA,2017-07-03,2017-07-05,24.6827,23.5830933,47,51.681514899999954,-72.19200000000006,-1.3968630784079459,1,False,close_below_ema20
B_nofilter,VRTX,2017-07-05,2017-07-06,129.89,126.19367999999999,8,29.57056,-29.57056,-1.0,1,False,stop
B_nofilter,NOW,2017-07-06,2017-07-07,21.128,20.623355999999998,50,25.232200000000127,-11.100000000000065,-0.43991407804313576,1,False,close_below_ema20
B_nofilter,SPGI,2017-06-28,2017-07-14,139.5932,136.741122,9,25.668702000000053,14.219100000000083,0.553946981814665,11,False,time_stop_10d
B_nofilter,MCD,2017-07-07,2017-07-18,153.46,151.83801,6,9.731940000000066,9.731940000000066,1.0,7,True,breakeven_stop
B_nofilter,UNH,2017-07-17,2017-07-18,187.13,184.58523000000002,6,15.268619999999828,-15.268619999999828,-1.0,1,False,stop
B_nofilter,VRTX,2017-07-19,2017-07-27,161.8,154.86793619346525,7,48.524446645743296,-48.524446645743296,-1.0,6,False,stop
B_nofilter,ABBV,2017-07-27,2017-07-28,72.78,71.87805,15,13.52924999999999,-17.10000000000001,-1.2639281556627322,1,False,close_below_ema20
B_nofilter,SYK,2017-07-28,2017-08-10,145.99,142.82703,7,22.14079000000001,-8.190000000000111,-0.3699055002102503,9,False,close_below_ema20
B_nofilter,DE,2017-07-18,2017-08-11,126.02,123.12675,9,26.039249999999953,32.695999999999955,1.2556429236633164,18,True,close_below_ema20
B_nofilter,UNH,2017-08-11,2017-08-18,194.39,192.2076,6,13.094399999999837,-13.094399999999837,-1.0,5,False,stop
B_nofilter,SYK,2017-08-14,2017-08-18,144.98,143.39646,7,11.084779999999995,-0.4200000000000159,-0.03788979122725179,4,False,close_below_ema20
B_nofilter,PGR,2017-05-17,2017-08-29,40.32,39.87009,32,14.397120000000086,126.39999999999998,8.779533684514627,72,True,close_below_ema20
B_nofilter,LMT,2017-08-21,2017-09-07,301.26,298.52118,3,8.216459999999927,5.857639999999947,0.7129152944211983,12,True,close_below_ema20
B_nofilter,AMAT,2017-09-07,2017-09-11,44.96,43.82613,27,30.614490000000046,-1.8900000000000077,-0.06173547232046017,2,False,close_below_ema20
B_nofilter,LRCX,2017-08-29,2017-09-27,16.104,15.636348,75,35.073899999999945,88.03424800000005,2.5099646175646333,20,True,close_below_ema20
B_nofilter,NFLX,2017-09-27,2017-10-03,18.101,17.637345,71,32.919504999999944,-23.855999999999895,-0.7246767531893307,4,False,close_below_ema20
B_nofilter,ANET,2017-09-11,2017-11-03,10.9031,10.5899994,113,35.38036780000003,132.6284672,3.748645801245737,39,True,close_below_ema20
B_nofilter,NFLX,2017-10-04,2017-11-10,18.141,17.637345,71,35.75950499999989,71.97585000000001,2.0127753446251626,27,True,close_below_ema20
B_nofilter,CAT,2017-08-18,2017-11-16,114.37,112.63725,10,17.3275000000001,123.39999999999996,7.121627470783394,63,True,close_below_ema20
B_nofilter,NOW,2017-11-03,2017-11-16,25.0,23.788786359901355,54,65.40553656532683,-15.444000000000074,-0.2361267992133152,9,False,close_below_ema20
B_nofilter,ABBV,2017-11-16,2017-12-04,94.7,92.62728,14,29.018080000000054,23.380000000000024,0.8057045814195832,11,False,time_stop_10d
B_nofilter,ANET,2017-12-04,2017-12-05,14.5763,13.887998099999999,98,67.45358620000007,-152.02739999999994,-2.253807522542067,1,False,close_below_ema20
B_nofilter,QCOM,2017-12-06,2017-12-11,65.03,63.7362,21,27.169800000000095,-20.369999999999976,-0.7497294790539462,3,False,close_below_ema20
B_nofilter,UNH,2017-11-16,2017-12-26,211.98,208.92087,3,9.177389999999946,20.33825999999999,2.2161268072948968,26,True,close_below_ema20
B_nofilter,ABBV,2017-12-11,2017-12-27,96.54,92.8071,14,52.26060000000001,16.659999999999968,0.31878700206273874,11,False,time_stop_10d
B_nofilter,DE,2017-11-13,2018-02-05,132.54,130.63923,10,19.007699999999943,171.80769999999995,9.038847414468897,56,True,close_below_ema20
B_nofilter,V,2017-12-26,2018-02-05,113.11,111.87800999999999,11,13.551890000000114,45.859900000000124,3.384022450005109,27,True,close_below_ema20
B_nofilter,MSFT,2017-12-27,2018-02-06,85.65,84.62528999999999,16,16.39536000000021,26.31536000000017,1.6050492334416464,27,True,close_below_ema20
B_nofilter,PANW,2018-02-05,2018-02-06,26.4933,25.64433,54,45.84438000000007,-82.9764,-1.8099579490441329,1,False,close_below_ema20
B_nofilter,LOW,2018-02-07,2018-02-08,100.92,95.5818017968848,12,64.05837843738237,-12.0,-0.18732912528733622,1,False,close_below_ema20
B_nofilter,ANET,2018-02-07,2018-02-09,17.3744,16.09045760297502,53,68.04894704232393,-27.89390000000014,-0.40990935513889976,2,False,close_below_ema20
B_nofilter,ABBV,2018-02-07,2018-02-09,113.52,104.645440326036,7,62.121917717748005,-27.65000000000002,-0.4450925054443468,2,False,close_below_ema20
B_nofilter,PANW,2018-02-08,2018-02-09,26.2067,24.9317433,52,66.29774840000003,-22.796800000000076,-0.34385481483410474,1,False,close_below_ema20
B_nofilter,MA,2018-02-12,2018-02-28,166.8,157.5996920900326,7,64.40215536977195,66.42999999999986,1.0314872168265927,11,False,time_stop_10d
B_nofilter,LMT,2018-02-12,2018-02-28,344.88,327.18304475147175,3,53.09086574558472,37.440000000000055,0.7052060552075992,11,False,time_stop_10d
B_nofilter,ABBV,2018-03-05,2018-03-07,115.47,111.69819,12,45.261720000000025,-34.68000000000001,-0.7662103870555513,2,False,close_below_ema20
B_nofilter,MS,2018-03-07,2018-03-22,56.71,53.84778605127834,25,71.5553487180415,-9.999999999999964,-0.13975195676013286,11,False,time_stop_10d
B_nofilter,NOW,2018-02-12,2018-03-26,29.394,27.49248,35,66.55319999999992,142.33968,2.138735327527454,29,True,close_below_ema20
B_nofilter,INTC,2018-03-05,2018-03-26,49.05,46.91304,29,61.97183999999985,85.18487999999994,1.374574000061966,15,True,close_below_ema20
B_nofilter,ADBE,2018-03-26,2018-03-27,222.46,214.56522,6,47.36867999999998,-47.36867999999998,-1.0,1,False,stop
B_nofilter,NOW,2018-03-27,2018-03-28,34.642,32.871096,41,72.60706400000007,-83.72200000000007,-1.1530833969543237,1,False,close_below_ema20
B_nofilter,INTU,2018-03-27,2018-03-28,176.12,169.67016,4,25.79935999999998,-10.720000000000027,-0.41551418329757156,1,False,close_below_ema20
B_nofilter,PGR,2018-03-27,2018-04-02,61.09,59.450489999999995,24,39.3482400000002,-39.3482400000002,-1.0,3,False,stop
B_nofilter,UNP,2018-04-02,2018-04-03,135.68,129.67020000000002,10,60.09799999999984,-15.500000000000114,-0.25791207694099894,1,False,close_below_ema20
B_nofilter,INTC,2018-04-05,2018-04-09,50.16,47.24271,23,67.09766999999987,-23.0,-0.342783885043997,2,False,close_below_ema20
B_nofilter,PGR,2018-04-16,2018-04-25,60.98,59.6403,23,30.81309999999985,-4.1399999999999935,-0.13435843845637127,7,False,close_below_ema20
B_nofilter,PANW,2018-04-12,2018-04-27,31.4017,30.409560000000003,44,43.65415999999996,43.26519999999984,0.9910899671417311,11,False,time_stop_10d
B_nofilter,TMO,2018-04-25,2018-04-30,217.85,210.27951000000002,6,45.42293999999987,-28.559999999999945,-0.6287571874475767,3,False,close_below_ema20
B_nofilter,PGR,2018-04-30,2018-05-01,61.1,59.900040000000004,23,27.599079999999937,-17.940000000000026,-0.6500216673889154,1,False,close_below_ema20
B_nofilter,NFLX,2018-04-27,2018-05-04,31.663,29.232738,29,70.47759799999997,-22.968000000000046,-0.3258907887297756,5,False,close_below_ema20
B_nofilter,PANW,2018-05-01,2018-05-17,32.3617,31.0971717,43,54.37471689999994,33.25189999999996,0.6115323793069715,12,False,time_stop_10d
B_nofilter,CSCO,2018-05-04,2018-05-17,44.81,43.39656,30,42.40320000000004,-50.39999999999999,-1.188589540412043,9,False,stop_gap
B_nofilter,NOW,2018-05-18,2018-05-22,34.388,33.724242000000004,38,25.222803999999783,2.0520000000000778,0.08135495165407047,2,False,close_below_ema20
B_nofilter,COP,2018-04-03,2018-05-29,59.3,56.51343,23,64.09110999999994,127.30453999999995,1.9863057450557504,39,True,close_below_ema20
B_nofilter,COST,2018-05-30,2018-06-01,198.84,195.804,7,21.25200000000001,-23.730000000000103,-1.1166007905138384,2,False,stop_gap
B_nofilter,PANW,2018-05-18,2018-06-04,33.4683,32.8588083,42,25.59865139999998,25.865700000000075,1.0104321354991417,10,True,breakeven_stop
B_nofilter,COP,2018-06-01,2018-06-06,68.34,64.86152765328544,20,69.56944693429136,-12.600000000000193,-0.18111398832738956,3,False,close_below_ema20
B_nofilter,PGR,2018-05-22,2018-06-07,61.92,60.1398,21,37.384200000000014,14.910000000000018,0.39883159195596035,11,False,time_stop_10d
B_nofilter,SPGI,2018-06-04,2018-06-19,190.6812,184.66854659999998,4,24.05061360000002,17.256399999999985,0.7175035234859859,11,False,time_stop_10d
B_nofilter,DHR,2018-06-07,2018-06-19,91.3387,88.5980830840131,15,41.10925373980358,-34.44150000000015,-0.8378040676192705,8,False,close_below_ema20
B_nofilter,UNP,2018-06-08,2018-06-19,142.69,140.01984,9,24.03144000000009,21.36128000000008,0.8888888888888888,7,True,breakeven_stop
B_nofilter,PANW,2018-06-20,2018-06-22,35.4567,34.620345,39,32.6178449999999,-32.6178449999999,-1.0,2,False,stop
B_nofilter,ADBE,2018-06-20,2018-06-22,253.65,247.27248,5,31.88760000000002,-27.69999999999996,-0.8686762252411577,2,False,close_below_ema20
B_nofilter,UNH,2018-06-22,2018-06-25,253.65,250.66907999999998,5,14.90460000000013,-14.90460000000013,-1.0,1,False,stop
B_nofilter,UNP,2018-06-22,2018-06-25,144.0,141.50835,9,22.424849999999935,-22.424849999999935,-1.0,1,False,stop
B_nofilter,SPGI,2018-06-26,2018-06-27,194.7682,190.7835255,7,27.89272150000008,-9.139199999999988,-0.32765537059551403,1,False,close_below_ema20
B_nofilter,AMD,2018-06-27,2018-06-28,15.65,14.525459999999999,60,67.47240000000008,-48.00000000000004,-0.7114019954825971,1,False,close_below_ema20
B_nofilter,AMZN,2018-06-27,2018-06-28,85.4055,82.4776479616519,15,43.9177805752216,-26.677500000000123,-0.6074418982604863,1,False,close_below_ema20
B_nofilter,AMD,2018-06-29,2018-07-02,15.41,14.525459999999999,75,66.34050000000009,-45.74999999999996,-0.689623985348315,1,False,close_below_ema20
B_nofilter,NFLX,2018-06-29,2018-07-16,39.919,37.837125,32,66.61999999999989,-0.6719999999997981,-0.010087060942656849,10,False,close_below_ema20
B_nofilter,ANET,2018-07-18,2018-07-23,17.1725,16.3061775,78,67.57315499999993,-25.693199999999976,-0.3802279174325959,3,False,close_below_ema20
B_nofilter,CRM,2018-07-02,2018-07-30,137.71,131.68156439694067,8,48.227484824474686,46.63999999999987,0.9670834000518064,19,False,close_below_ema20
B_nofilter,BSX,2018-06-20,2018-07-31,32.1,31.51845,27,15.70185,28.840299999999957,1.8367453516623808,28,True,close_below_ema20
B_nofilter,HD,2018-07-31,2018-08-01,197.69,196.2036,3,4.45920000000001,-2.4899999999999523,-0.5583961248654348,1,False,close_below_ema20
B_nofilter,LOW,2018-07-30,2018-08-02,99.4,97.44246000000001,13,25.44801999999993,-22.100000000000037,-0.8684369157207554,3,False,close_below_ema20
B_nofilter,TJX,2018-08-01,2018-08-02,48.835,48.116835,14,10.054309999999987,-10.054309999999987,-1.0,1,False,stop
B_nofilter,COP,2018-07-23,2018-08-07,70.5,68.74119,19,33.41738999999994,38.949999999999946,1.165560805317232,11,False,time_stop_10d
B_nofilter,ADBE,2018-08-07,2018-08-16,254.88,243.2834850744837,5,57.98257462758144,-10.450000000000017,-0.18022656060238326,7,False,close_below_ema20
B_nofilter,ISRG,2018-08-02,2018-08-17,172.76,166.05378,4,26.824880000000007,6.29320000000007,0.23460309980883673,11,False,time_stop_10d
B_nofilter,AMZN,2018-08-02,2018-09-18,89.922,86.87903399999999,14,42.6015240000001,84.67502400000015,1.9876055138309126,32,True,close_below_ema20
B_nofilter,COST,2018-08-16,2018-09-18,223.45,217.07101028732137,6,38.2739382760717,63.86393827607171,1.6686011723021064,22,True,close_below_ema20
B_nofilter,UNH,2018-09-19,2018-09-26,264.47,258.0378182789601,5,32.16090860519955,0.14999999999986358,0.004664047332780039,5,False,close_below_ema20
B_nofilter,TMO,2018-08-17,2018-10-08,231.8,227.54223000000002,5,21.288849999999968,39.50107999999992,1.8554820950873334,35,True,close_below_ema20
B_nofilter,INTU,2018-09-26,2018-10-08,222.65,217.47231,6,31.066140000000075,-1.3800000000001091,-0.044421353924243755,8,False,close_below_ema20
B_nofilter,FISV,2018-10-08,2018-10-09,81.29,79.74018,17,26.34694000000019,-10.540000000000077,-0.4000464570079107,1,False,close_below_ema20
B_nofilter,TJX,2018-09-18,2018-10-10,54.25,53.606339999999996,26,16.735160000000107,17.875,1.0681104931174776,16,True,breakeven_stop
B_nofilter,AAPL,2018-10-09,2018-10-10,56.2,54.994949999999996,25,30.126250000000176,-30.126250000000176,-1.0,1,False,stop
B_nofilter,ADP,2018-10-09,2018-10-10,151.31,147.90195,9,30.672450000000026,-30.672450000000026,-1.0,1,False,stop
B_nofilter,BSX,2018-10-10,2018-10-11,37.58,36.74322,37,30.960859999999904,-54.38999999999996,-1.7567341475656724,1,False,close_below_ema20
B_nofilter,REGN,2018-10-10,2018-10-11,396.64,386.04357,3,31.789289999999994,-41.97000000000003,-1.3202559730022292,1,False,close_below_ema20
B_nofilter,TMO,2018-10-10,2018-10-11,241.27,235.65410999999997,3,16.847670000000107,-30.960000000000065,-1.8376428313232551,1,False,close_below_ema20
B_nofilter,LLY,2018-10-15,2018-10-24,111.02,106.49004168820791,12,54.35949974150503,-9.599999999999966,-0.17660206671604248,7,False,close_below_ema20
B_nofilter,PFE,2018-10-17,2018-10-24,41.7268,40.22149463836175,17,25.59019114785025,-25.59019114785025,-1.0,5,False,stop
B_nofilter,MRK,2018-10-17,2018-10-25,68.0439,65.59074330226083,19,46.60997725704405,-79.22809999999984,-1.6998098832589816,6,False,close_below_ema20
B_nofilter,PGR,2018-10-31,2018-11-02,70.16,67.41252,18,49.45463999999993,-9.719999999999857,-0.1965437419016673,2,False,close_below_ema20
B_nofilter,MRK,2018-10-29,2018-11-15,68.1011,65.077637985984,19,57.44577826630409,38.61749999999998,0.6722426114757993,13,False,time_stop_10d
B_nofilter,COST,2018-11-14,2018-11-15,237.12,232.53723000000002,5,22.91384999999991,-24.000000000000057,-1.0474014624342984,1,False,stop_gap
B_nofilter,UNH,2018-11-19,2018-11-20,271.8,260.58915,2,22.421699999999987,-12.360000000000014,-0.5512516892117912,1,False,close_below_ema20
B_nofilter,ABT,2018-11-16,2018-11-21,70.75,67.87206,18,51.802919999999915,-25.200000000000102,-0.48645906446972764,3,False,close_below_ema20
B_nofilter,LLY,2018-11-16,2018-12-10,112.23,108.43146,11,41.78394000000003,46.20539999999997,1.105817211110296,14,True,close_below_ema20
B_nofilter,TSLA,2018-11-27,2018-12-13,23.0813,21.645033299999998,32,45.96053440000003,51.05280000000005,1.110796483689276,11,False,time_stop_10d
B_nofilter,MRK,2018-11-26,2018-12-17,71.8511,70.5495798,17,22.12584339999998,26.578923199999934,1.2012614714610137,14,True,close_below_ema20
B_nofilter,LLY,2018-12-11,2018-12-17,114.84,110.90898,11,43.24122000000004,-39.930000000000106,-0.9234244547216769,4,False,close_below_ema20
B_nofilter,PFE,2018-12-13,2018-12-17,42.5522,40.8225366,31,53.61956539999999,-39.70790000000008,-0.7405487102288242,2,False,close_below_ema20
B_nofilter,PG,2018-12-28,2018-12-31,92.56,88.04167484226804,14,63.25655220824751,-13.020000000000095,-0.2058284801412639,1,False,close_below_ema20
B_nofilter,LLY,2019-01-07,2019-01-23,114.84,110.9889,11,42.36210000000003,24.969999999999956,0.5894419776167834,11,False,time_stop_10d
B_nofilter,NOW,2019-01-23,2019-01-24,37.936,36.919044,34,34.576504000000014,-36.92399999999995,-1.0678928095217473,1,False,close_below_ema20
B_nofilter,NOW,2019-01-25,2019-01-30,37.522,36.455507999999995,34,36.26072800000013,-2.8559999999998666,-0.0787628974244493,3,False,close_below_ema20
B_nofilter,CRM,2019-01-30,2019-03-05,148.0,144.49535999999998,4,14.018560000000093,37.85856000000007,2.7006026296566708,23,True,close_below_ema20
B_nofilter,AVGO,2019-03-05,2019-03-07,27.658,26.836137,49,40.27128700000002,-31.360000000000028,-0.7787185942182581,2,False,close_below_ema20
B_nofilter,BSX,2019-01-30,2019-03-08,37.15,36.55341000000001,34,20.284059999999727,57.34405999999972,2.8270504031244483,26,True,close_below_ema20
B_nofilter,LLY,2019-01-29,2019-03-12,115.11,113.42646,11,18.51893999999993,67.17539999999994,3.627389040625446,29,True,close_below_ema20
B_nofilter,SBUX,2019-03-12,2019-03-13,70.01,68.96097,10,10.490300000000019,0.799999999999983,0.0762609267609107,1,False,close_below_ema20
B_nofilter,LLY,2019-03-13,2019-03-15,124.6,122.38749,6,13.275059999999968,-9.0,-0.6779630374551996,2,False,close_below_ema20
B_nofilter,PG,2019-03-07,2019-03-22,99.1,97.73217,13,17.781789999999972,16.413959999999975,0.9230769230769231,11,True,breakeven_stop
B_nofilter,NOW,2019-03-11,2019-03-26,47.102,45.296658,28,50.54957599999989,53.368000000000166,1.055755640759485,11,False,time_stop_10d
B_nofilter,TMUS,2019-03-26,2019-03-28,72.58,71.56836,18,18.209519999999998,-18.209519999999998,-1.0,2,False,stop
B_nofilter,ADI,2019-03-27,2019-03-28,107.14,103.896,7,22.708,-14.559999999999988,-0.64118372379778,1,False,close_below_ema20
B_nofilter,NOW,2019-03-28,2019-04-04,48.964,47.07288,28,52.95136000000002,-52.95136000000002,-1.0,5,False,stop
B_nofilter,SYK,2019-04-05,2019-04-08,195.45,193.12668,6,13.939919999999972,-13.939919999999972,-1.0,1,False,stop
B_nofilter,LLY,2019-04-08,2019-04-09,127.01,124.48539,10,25.246100000000098,-2.5,-0.09902519597086244,1,False,close_below_ema20
B_nofilter,ABT,2019-04-09,2019-04-10,78.91,77.87205,16,16.60719999999992,-3.0399999999999636,-0.1830531335806143,1,False,close_below_ema20
B_nofilter,KLAC,2019-04-01,2019-04-16,11.988,11.631357000000001,111,39.58737299999981,32.41199999999998,0.8187459167851359,11,False,time_stop_10d
B_nofilter,PLD,2019-04-10,2019-04-16,72.93,72.14778,17,13.29774000000016,12.719999999999914,0.9565535196206092,4,True,breakeven_stop
B_nofilter,INTU,2019-04-16,2019-04-17,261.8,257.36238000000003,5,22.188099999999906,-10.39999999999992,-0.46871971912872057,1,False,close_below_ema20
B_nofilter,AMD,2019-04-16,2019-05-01,27.84,26.933040000000002,49,44.4410399999999,-44.4410399999999,-1.0,10,False,stop
B_nofilter,AAPL,2019-05-01,2019-05-07,52.47,50.86328403201553,25,40.16789919961177,-40.16789919961177,-1.0,4,False,stop
B_nofilter,PANW,2019-04-23,2019-05-08,39.9483,38.5181433,32,45.765014400000155,-7.891200000000026,-0.17242865764290025,11,False,close_below_ema20
B_nofilter,ADP,2019-05-07,2019-05-08,160.69,155.33749360275937,8,42.82005117792505,-21.519999999999982,-0.5025682923773372,1,False,close_below_ema20
B_nofilter,CMCSA,2019-05-09,2019-05-10,40.2624,39.6603999,31,18.662003099999936,-18.662003099999936,-1.0,1,False,stop
B_nofilter,SBUX,2019-03-15,2019-05-14,70.89,68.96097,19,36.65156999999995,93.43000000000004,2.549140459740201,41,True,close_below_ema20
B_nofilter,AMD,2019-05-10,2019-05-14,27.38,26.003970000000002,45,61.92134999999985,-38.2499999999999,-0.6177190904268075,2,False,close_below_ema20
B_nofilter,SBUX,2019-05-16,2019-05-21,77.94,76.00392,8,15.488640000000032,-7.1200000000000045,-0.45969174827486403,3,False,close_below_ema20
B_nofilter,NOW,2019-05-22,2019-05-24,54.6,52.655291999999996,24,46.672992000000136,-30.0,-0.6427700199721482,2,False,close_below_ema20
B_nofilter,BX,2019-05-08,2019-05-29,39.42,38.10186,33,43.49861999999999,43.20047999999991,0.993145989458974,14,True,close_below_ema20
B_nofilter,MDLZ,2019-05-14,2019-05-29,51.66,50.509440000000005,25,28.76399999999979,-17.249999999999943,-0.5997079682937029,10,False,close_below_ema20
B_nofilter,MSFT,2019-05-24,2019-05-29,126.91,124.61525999999999,10,22.947400000000044,-22.947400000000044,-1.0,2,False,stop
B_nofilter,MSFT,2019-05-30,2019-05-31,125.39,123.91596000000001,5,7.37019999999994,-5.799999999999983,-0.7869528642370669,1,False,close_below_ema20
B_nofilter,SPGI,2019-05-29,2019-06-03,205.5818,200.2631364,6,31.911981599999876,-16.517999999999915,-0.5176112285048441,3,False,close_below_ema20
B_nofilter,MA,2019-05-30,2019-06-03,254.27,248.08167,5,30.94165000000004,-30.94165000000004,-1.0,2,False,stop
B_nofilter,MCD,2019-05-31,2019-06-18,199.42,194.65515,3,14.294549999999987,16.740000000000038,1.171075689685933,12,False,time_stop_10d
B_nofilter,AMD,2019-06-03,2019-06-18,28.75,27.03294,37,63.531220000000005,81.00416000000003,1.2750291903728594,11,True,close_below_ema20
B_nofilter,INTU,2019-06-18,2019-06-25,257.31,253.09664999999998,5,21.0667500000001,16.980000000000018,0.8060094698992459,5,True,breakeven_stop
B_nofilter,NOW,2019-06-26,2019-07-01,56.63,54.557388,23,47.67007599999999,-5.335999999999984,-0.11193604977680308,3,False,close_below_ema20
B_nofilter,DHR,2019-06-03,2019-07-15,117.7571,114.3889965,10,33.681034999999895,67.28750000000005,1.9977859944030896,29,True,close_below_ema20
B_nofilter,PLD,2019-07-01,2019-07-15,80.91,78.11681243668252,16,44.691001013079585,-7.039999999999964,-0.15752612025717633,9,False,close_below_ema20
B_nofilter,TMO,2019-07-15,2019-07-16,291.49,288.0117,4,13.91319999999996,-23.720000000000027,-1.7048558203720277,1,False,close_below_ema20
B_nofilter,BX,2019-07-16,2019-07-17,46.14,45.37458,29,22.197179999999967,-22.197179999999967,-1.0,1,False,stop
B_nofilter,DHR,2019-07-16,2019-07-17,125.3989,123.5554209,9,16.591311899999965,-8.457300000000018,-0.5097426924992011,1,False,close_below_ema20
B_nofilter,MDLZ,2019-07-17,2019-07-23,54.94,54.12582,23,18.726140000000008,-0.6900000000000261,-0.03684688889434907,4,False,close_below_ema20
B_nofilter,NOW,2019-07-23,2019-07-25,59.004,57.634308,22,30.133224000000013,-30.133224000000013,-1.0,2,False,stop
B_nofilter,MA,2019-06-18,2019-08-01,261.71,257.79195,5,19.59024999999997,53.22000000000014,2.7166575209606934,31,True,close_below_ema20
B_nofilter,DIS,2019-07-25,2019-08-01,141.59,139.60026000000002,9,17.90765999999985,16.0,0.8934724023127608,5,True,breakeven_stop
B_nofilter,COST,2019-08-01,2019-08-02,279.72,273.4570560222491,4,25.051775911003688,-21.680000000000064,-0.8654077090988742,1,False,close_below_ema20
B_nofilter,INTU,2019-08-01,2019-08-02,281.34,274.87485,4,25.860599999999977,-25.860599999999977,-1.0,1,False,stop
B_nofilter,SYK,2019-07-17,2019-08-05,206.91,204.83496,6,12.450240000000008,12.450240000000008,1.0,13,True,breakeven_stop
B_nofilter,MCD,2019-08-02,2019-08-06,213.13,209.16063,6,23.816219999999987,-15.779999999999973,-0.662573657784484,2,False,close_below_ema20
B_nofilter,SBUX,2019-08-06,2019-08-21,95.52,92.93697,13,33.57938999999992,9.75,0.29035667413851246,11,False,time_stop_10d
B_nofilter,LMT,2019-08-07,2019-08-26,366.89,354.9960347867226,2,23.787930426554794,26.220000000000027,1.1022396454771148,13,False,time_stop_10d
B_nofilter,SBUX,2019-08-23,2019-08-26,96.85,95.49441,14,18.978259999999892,-20.579999999999984,-1.0843986751156376,1,False,close_below_ema20
B_nofilter,SBUX,2019-08-27,2019-09-04,96.7,94.29561,13,31.257070000000084,-31.257070000000084,-1.0,5,False,stop
B_nofilter,FISV,2019-08-27,2019-09-10,107.19,104.23566000000001,12,35.45207999999985,-35.45207999999985,-1.0,9,False,stop
B_nofilter,SPGI,2019-08-07,2019-09-11,233.7275,228.9477231,5,23.89888450000001,36.0067076,1.5066271231194905,24,True,close_below_ema20
B_nofilter,PG,2019-09-11,2019-09-16,121.18,119.46042,8,13.756640000000061,-13.756640000000061,-1.0,3,False,stop
B_nofilter,QCOM,2019-09-04,2019-09-19,76.99,72.44748,14,63.595279999999946,31.5,0.4953197784489671,11,False,time_stop_10d
B_nofilter,FISV,2019-09-19,2019-09-23,105.0,101.23866000000001,10,37.6133999999999,-16.200000000000045,-0.43069757054666924,2,False,close_below_ema20
B_nofilter,TXN,2019-09-24,2019-09-25,128.77,126.09378,8,21.40976000000012,-27.760000000000105,-1.2966049128995352,1,False,close_below_ema20
B_nofilter,LMT,2019-09-11,2019-09-26,381.32,370.08954,3,33.69137999999998,29.79000000000002,0.884202428039458,11,False,time_stop_10d
B_nofilter,MSFT,2019-09-26,2019-09-30,139.96,135.89397,8,32.528240000000096,-15.279999999999973,-0.4697456732980305,2,False,close_below_ema20
B_nofilter,PLD,2019-09-16,2019-10-01,85.14,82.04803936813309,12,37.10352758240293,1.3199999999999932,0.03557613213645025,11,False,time_stop_10d
B_nofilter,C,2019-09-25,2019-10-02,69.57,67.49244,15,31.163399999999868,-27.14999999999982,-0.8712143090933575,5,False,close_below_ema20
B_nofilter,MDT,2019-09-30,2019-10-02,108.52,106.17372,10,23.46279999999993,-3.9999999999999147,-0.1704826363434853,2,False,close_below_ema20
B_nofilter,AMAT,2019-10-01,2019-10-02,50.41,49.10085,22,28.801299999999898,-22.87999999999998,-0.7944085857235632,1,False,close_below_ema20
B_nofilter,KLAC,2019-10-03,2019-10-09,15.75,15.347636999999999,81,32.59140300000009,-2.6729999999999574,-0.08201549347231078,4,False,close_below_ema20
B_nofilter,LRCX,2019-10-04,2019-10-09,23.017,22.494483,55,28.73843500000003,10.06499999999999,0.3502278394769924,3,False,close_below_ema20
B_nofilter,ICE,2019-10-09,2019-10-22,94.29,90.89585949694643,13,44.12382653969651,-13.260000000000133,-0.30051790698775005,9,False,close_below_ema20
B_nofilter,HD,2019-10-09,2019-10-24,228.78,221.89788000000001,5,34.41059999999993,30.150000000000006,0.8761835015954406,11,False,time_stop_10d
B_nofilter,WMT,2019-10-04,2019-10-25,38.9333,38.1551067,17,13.229286100000088,12.467799999999933,0.9424393656434605,15,False,time_stop_10d
B_nofilter,NEE,2019-10-22,2019-11-05,58.4475,56.981058708766135,22,32.261708407144994,-35.089999999999975,-1.087667136444287,10,False,close_below_ema20
B_nofilter,TMUS,2019-11-06,2019-11-11,81.85,80.36955,16,23.687199999999848,-20.159999999999854,-0.8510925732040927,3,False,close_below_ema20
B_nofilter,KLAC,2019-10-24,2019-11-21,16.4,15.811173,78,45.92850599999988,45.92850599999988,1.0,20,True,breakeven_stop
B_nofilter,BX,2019-11-11,2019-11-21,51.91,51.1488,25,19.02999999999988,-8.749999999999858,-0.45980031529164017,8,False,close_below_ema20
B_nofilter,BMY,2019-11-21,2019-11-25,57.13,55.244699999999995,23,43.36190000000018,-4.83000000000002,-0.11138810799342277,2,False,close_below_ema20
B_nofilter,DE,2019-11-22,2019-11-27,176.3,170.02823376284428,7,43.90236366009012,-54.60000000000008,-1.243668801587436,3,False,stop_gap
B_nofilter,LRCX,2019-11-27,2019-12-02,27.141,25.985988,48,55.440575999999965,-23.66399999999993,-0.42683539218640054,2,False,close_below_ema20
B_nofilter,LIN,2019-10-25,2019-12-03,194.64,191.20860000000002,3,10.294199999999904,18.80279999999999,1.8265431019409148,26,True,close_below_ema20
B_nofilter,TSLA,2019-12-02,2019-12-06,22.084,21.7848933,57,17.049081899999965,14.210100000000093,0.8334818310656436,4,False,close_below_ema20
B_nofilter,ETN,2019-11-25,2019-12-11,91.37,89.06085,14,32.328100000000035,24.079999999999984,0.7448628283134474,11,False,time_stop_10d
B_nofilter,ISRG,2019-12-11,2020-01-07,192.6733,190.66584329999998,6,12.044740200000206,12.044740200000206,1.0,17,True,breakeven_stop
B_nofilter,BAC,2019-12-06,2020-01-08,33.68,32.77015622531022,37,33.66421966352197,49.6643758888322,1.4752867104965974,21,True,close_below_ema20
B_nofilter,KLAC,2020-01-08,2020-01-10,17.777,17.391591,75,28.90567500000021,-28.90567500000021,-1.0,2,False,stop
B_nofilter,INTC,2020-01-10,2020-01-13,59.57,58.46148,22,24.38743999999997,-8.799999999999969,-0.3608414823368086,1,False,close_below_ema20
B_nofilter,GE,2020-01-13,2020-01-22,59.361,57.7083339,22,36.35865419999995,-21.929600000000008,-0.6031466368191384,6,False,close_below_ema20
B_nofilter,MU,2020-01-07,2020-01-27,55.38,52.60733999999999,23,63.77118000000021,-5.2900000000000915,-0.08295283229822742,13,False,time_stop_10d
B_nofilter,T,2020-01-22,2020-01-27,29.2145,28.583546080696404,45,28.39292636866185,-22.432499999999997,-0.7900735453869749,3,False,close_below_ema20
B_nofilter,MS,2020-01-28,2020-01-30,53.8,52.80714,23,22.835780000000007,-27.369999999999948,-1.1985577019922218,2,False,stop_gap
B_nofilter,VRTX,2020-01-28,2020-01-31,228.79,225.84393,5,14.730349999999959,-14.730349999999959,-1.0,3,False,stop
B_nofilter,LRCX,2020-01-30,2020-01-31,31.84,30.329620298945756,40,60.415188042169774,-60.415188042169774,-1.0,1,False,stop
B_nofilter,ACN,2020-01-31,2020-02-03,208.93,204.64515,6,25.709100000000035,-21.54000000000002,-0.8378356301854204,1,False,close_below_ema20
B_nofilter,PG,2020-01-31,2020-02-03,126.06,123.52635000000001,10,25.336499999999944,-14.000000000000057,-0.5525625086337926,1,False,close_below_ema20
B_nofilter,GOOGL,2020-02-03,2020-02-04,73.4835,71.240622990173,16,35.886032157232194,-35.886032157232194,-1.0,1,False,stop
B_nofilter,MSFT,2019-12-04,2020-02-24,150.14,146.50335,4,14.546599999999899,49.806599999999946,3.423934115188449,54,True,close_below_ema20
B_nofilter,AMD,2020-02-04,2020-02-24,49.21,46.0539,19,59.96590000000004,46.50980000000003,0.7756041350167344,13,True,stop_gap
B_nofilter,MA,2020-02-03,2020-02-25,324.46,313.0518659123252,3,34.22440226302439,-9.360000000000014,-0.2734890715713811,15,False,close_below_ema20
B_nofilter,NFLX,2020-02-27,2020-02-28,38.2,35.843384304747595,26,61.272008076562614,-61.272008076562614,-1.0,1,False,stop
B_nofilter,NFLX,2020-03-02,2020-03-04,37.677,35.64432,29,58.947719999999975,2.900000000000041,0.04919613515162321,2,False,close_below_ema20
B_nofilter,NOW,2020-03-03,2020-03-04,68.896,64.10878716900618,12,57.44655397192588,-18.576000000000022,-0.32336143276893703,1,False,close_below_ema20
B_nofilter,ADBE,2020-03-03,2020-03-04,361.76,340.03987183140214,2,43.440256337195706,-14.759999999999991,-0.3397770005183359,1,False,close_below_ema20
B_nofilter,COST,2020-03-05,2020-03-09,320.97,302.2347535185537,3,56.205739444338974,-75.36000000000001,-1.3407883384334738,2,False,stop_gap
B_nofilter,REGN,2020-03-27,2020-03-30,452.7,423.58599,2,58.228020000000015,20.779999999999973,0.3568728594927316,1,False,close_below_ema20
B_nofilter,COST,2020-04-24,2020-04-29,309.64,299.05065,3,31.768049999999903,-14.069999999999993,-0.44289781714647375,3,False,close_below_ema20
B_nofilter,PLD,2020-04-22,2020-05-07,89.67,83.62629,9,54.39339000000004,-13.860000000000056,-0.2548103730986439,11,False,time_stop_10d
B_nofilter,GILD,2020-04-27,2020-05-07,80.15,74.32560000000001,10,58.24399999999997,-22.5,-0.38630588558478146,8,False,close_below_ema20
B_nofilter,BLK,2020-05-07,2020-05-12,494.87,472.63689,2,44.46622000000002,-44.46622000000002,-1.0,3,False,stop
B_nofilter,PLD,2020-05-08,2020-05-12,90.29,85.16475,11,56.37775000000009,-56.37775000000009,-1.0,2,False,stop
B_nofilter,MSFT,2020-04-29,2020-05-14,175.67,165.94389,5,48.630549999999886,9.350000000000023,0.19226597272702128,11,False,time_stop_10d
B_nofilter,TMUS,2020-05-14,2020-05-21,94.53,91.4085,11,34.33649999999997,31.214999999999975,0.9090909090909091,5,True,breakeven_stop
B_nofilter,ABT,2020-05-22,2020-05-27,90.61,87.94197,12,32.01636000000002,-15.95999999999998,-0.4984951443574463,2,False,close_below_ema20
B_nofilter,MSFT,2020-05-15,2020-06-02,180.69,175.50432,6,31.114079999999944,21.360000000000014,0.6865059162925612,11,False,time_stop_10d
B_nofilter,NFLX,2020-06-02,2020-06-03,42.672,39.74787445770023,19,55.55838530369562,0.43700000000006156,0.007865599362028134,1,False,close_below_ema20
B_nofilter,INTC,2020-06-03,2020-06-11,62.45,60.769169999999995,18,30.254940000000133,-30.254940000000133,-1.0,6,False,stop
B_nofilter,GOOGL,2020-05-15,2020-06-12,67.8685,66.09883500000001,9,15.926984999999902,34.04050000000005,2.1372846147591815,19,True,close_below_ema20
B_nofilter,PLD,2020-06-15,2020-06-22,95.12,90.7092,12,52.92960000000011,-39.600000000000136,-0.7481635984401933,5,False,close_below_ema20
B_nofilter,SPGI,2020-06-15,2020-06-25,301.0596,289.6816284,3,34.1339147999999,0.4542000000000712,0.013306413948161391,8,False,close_below_ema20
B_nofilter,INTU,2020-06-22,2020-06-25,291.99,274.1066170520385,3,53.65014884388461,-17.220000000000027,-0.3209683546285795,3,False,close_below_ema20
B_nofilter,LOW,2020-06-26,2020-06-29,132.12,128.84103,8,26.231760000000122,-14.0,-0.5337041814960161,1,False,close_below_ema20
B_nofilter,TMUS,2020-05-27,2020-07-01,97.24,92.907,11,47.66299999999998,93.97000000000006,1.9715502591108427,25,True,close_below_ema20
B_nofilter,REGN,2020-06-29,2020-07-07,616.35,598.11129,1,18.23870999999997,36.47741999999994,2.0,5,False,target_2R_all
B_nofilter,NOW,2020-07-01,2020-07-14,81.234,77.02289999999999,13,54.744300000000024,-16.04199999999993,-0.29303507397117,8,False,close_below_ema20
B_nofilter,META,2020-07-07,2020-07-22,240.4,223.5673548859083,3,50.497935342275156,-0.42000000000004434,-0.008317171725007826,11,False,time_stop_10d
B_nofilter,ABBV,2020-07-23,2020-07-24,98.28,96.83307,12,17.363159999999937,-17.363159999999937,-1.0,1,False,stop
B_nofilter,UNP,2020-07-14,2020-07-29,170.96,164.50533,6,38.72802000000013,20.87999999999994,0.539144526366178,11,False,time_stop_10d
B_nofilter,SPGI,2020-07-29,2020-08-04,337.3415,324.7648101,3,37.73006970000006,-37.73006970000006,-1.0,4,False,stop
B_nofilter,MU,2020-08-04,2020-08-06,50.62,49.06089,22,34.30041999999993,-34.30041999999993,-1.0,2,False,stop
B_nofilter,SPGI,2020-08-06,2020-08-07,331.0785,323.3565198,3,23.165940600000056,-23.165940600000056,-1.0,1,False,stop
B_nofilter,NOW,2020-07-27,2020-08-11,86.062,82.83708,13,41.923959999999965,10.50400000000009,0.25054885082420886,11,False,time_stop_10d
B_nofilter,AMAT,2020-08-07,2020-08-20,64.17,62.5374,16,26.121600000000058,26.121600000000058,1.0,9,True,breakeven_stop
B_nofilter,DHR,2020-06-26,2020-09-04,152.8812,149.30974080000001,7,25.000214399999948,122.66995519999989,4.906756127659455,49,True,close_below_ema20
B_nofilter,AMZN,2020-08-12,2020-09-04,157.961,153.49635,7,31.252550000000042,26.787900000000036,0.8571428571428571,17,True,breakeven_stop
B_nofilter,V,2020-08-20,2020-09-04,202.84,195.57423,5,36.32885000000002,28.25000000000003,0.7776188896703313,11,False,time_stop_10d
B_nofilter,WMT,2020-09-09,2020-09-10,47.3,46.0406133,25,31.484667500000008,-31.484667500000008,-1.0,1,False,stop
B_nofilter,ETN,2020-09-09,2020-09-11,102.18,99.77013000000001,11,26.508569999999978,-5.7200000000001125,-0.21577927440069825,2,False,close_below_ema20
B_nofilter,AMZN,2020-09-10,2020-09-11,165.361,155.4009435,6,59.760338999999874,-29.558999999999855,-0.4946257081975375,1,False,close_below_ema20
B_nofilter,LOW,2020-09-10,2020-09-11,161.19,151.93478028331964,5,46.27609858340179,-4.200000000000017,-0.09075959574315678,1,False,close_below_ema20
B_nofilter,UNP,2020-09-11,2020-09-22,194.64,188.3115,5,31.642499999999956,-1.4999999999999147,-0.04740459824602724,7,False,close_below_ema20
B_nofilter,SBUX,2020-09-22,2020-09-23,84.05,81.66825,11,26.199249999999964,3.6299999999999812,0.1385535845491755,1,False,close_below_ema20
B_nofilter,TMO,2020-09-11,2020-09-24,429.34,406.7388593969497,2,45.202281206100565,-19.699999999999932,-0.43581871255960397,9,False,close_below_ema20
B_nofilter,LOW,2020-09-23,2020-09-24,162.44,155.04479999999998,6,44.3712000000001,-22.019999999999925,-0.49626784941583446,1,False,close_below_ema20
B_nofilter,ORCL,2020-09-11,2020-09-28,60.71,58.11448015651995,18,46.71935718264086,-12.239999999999995,-0.2619899060714798,11,False,time_stop_10d
B_nofilter,LOW,2020-09-28,2020-10-27,161.59,155.04479999999998,7,45.81640000000016,69.11120000000017,1.508438026558174,21,True,close_below_ema20
B_nofilter,DE,2020-09-25,2020-10-28,219.38,209.96982,5,47.050899999999984,54.50072,1.1583353347119825,23,True,close_below_ema20
B_nofilter,COST,2020-10-27,2020-10-28,372.63,365.75388,3,20.628360000000043,-20.628360000000043,-1.0,1,False,stop
B_nofilter,TMO,2020-11-02,2020-11-10,478.8,465.0345,2,27.531000000000063,27.531000000000063,1.0,6,True,breakeven_stop
B_nofilter,DHR,2020-09-25,2020-11-11,183.0762,178.5092121,3,13.70096369999996,47.35840000000002,3.456574372210048,33,True,close_below_ema20
B_nofilter,META,2020-11-12,2020-11-13,278.4,263.736,3,43.99199999999996,-2.03999999999985,-0.046372067648660024,1,False,close_below_ema20
B_nofilter,TMO,2020-11-12,2020-11-17,488.55,461.538,2,54.024,-18.899999999999977,-0.3498445135495331,3,False,close_below_ema20
B_nofilter,GOOGL,2020-10-30,2020-11-18,83.372,78.6513899908738,12,56.64732010951445,53.519999999999925,0.9447931499059694,13,False,time_stop_10d
B_nofilter,NVDA,2020-11-18,2020-11-23,13.5962,12.6156717,63,61.77328289999997,-26.768699999999946,-0.4333378241097165,3,False,close_below_ema20
B_nofilter,CRM,2020-11-17,2020-11-27,253.74,242.6571,4,44.33159999999998,-10.960000000000036,-0.2472277111586327,7,False,close_below_ema20
B_nofilter,UNP,2020-12-01,2020-12-02,206.75,202.68711,6,24.37734000000006,-29.099999999999966,-1.1937315556168102,1,False,stop_gap
B_nofilter,CAT,2020-12-03,2020-12-23,174.42,172.10772,7,16.18595999999991,25.993679999999927,1.6059399627825641,14,True,close_below_ema20
B_nofilter,AMD,2020-11-13,2020-12-24,83.0,77.55237,11,59.92393000000004,107.27630000000002,1.7902080187330829,28,True,close_below_ema20
B_nofilter,AMD,2020-12-28,2020-12-29,92.93,90.43947,9,22.41477000000006,-11.430000000000092,-0.509931620980276,1,False,close_below_ema20
B_nofilter,INTU,2020-12-03,2021-01-05,356.15,337.38228000000004,3,56.30315999999982,42.87000000000006,0.7614137465819005,21,False,close_below_ema20
B_nofilter,HON,2020-12-23,2021-01-05,208.7749,202.2858117,6,38.93452979999995,-25.08719999999994,-0.6443432122814533,7,False,close_below_ema20
B_nofilter,NFLX,2020-12-29,2021-01-06,52.366,50.662287,15,25.555695000000007,-25.555695000000007,-1.0,5,False,stop
B_nofilter,TJX,2021-01-06,2021-01-15,67.16,66.10383,10,10.561699999999945,14.90000000000002,1.410757737864179,7,True,breakeven_stop
B_nofilter,IBM,2021-01-05,2021-01-22,120.3824,117.51147089999999,10,28.70929100000012,3.7572910000000803,0.13087369520898529,12,True,stop_gap
B_nofilter,ETN,2021-01-19,2021-01-26,124.5,120.879,10,36.20999999999995,-19.69999999999999,-0.5440486053576364,5,False,close_below_ema20
B_nofilter,AMD,2021-01-22,2021-01-27,94.42,87.92604020350177,10,64.93959796498231,-64.93959796498231,-1.0,3,False,stop
B_nofilter,ABBV,2021-01-26,2021-01-27,111.3,109.10078999999999,11,24.191310000000087,-55.219999999999956,-2.2826378563211236,1,False,close_below_ema20
B_nofilter,CSCO,2021-01-27,2021-02-01,45.35,44.18577,28,32.598440000000096,-12.039999999999992,-0.3693428274481833,3,False,close_below_ema20
B_nofilter,ANET,2021-01-06,2021-02-18,18.2181,17.5093731,69,48.9021560999999,84.70192919999987,1.7320694209636298,29,True,close_below_ema20
B_nofilter,DE,2021-02-01,2021-02-19,292.95,278.67105,4,57.115800000000036,111.21580000000006,1.9471984984890343,13,True,close_below_ema20
B_nofilter,LOW,2021-02-18,2021-02-22,177.47,173.3265,7,29.004499999999922,-29.004499999999922,-1.0,2,False,stop
B_nofilter,UBER,2021-02-19,2021-02-22,60.29,58.171769999999995,21,44.482830000000085,-53.130000000000024,-1.1943934322523977,1,False,stop_gap
B_nofilter,GOOGL,2021-01-28,2021-02-26,94.0235,89.774136,12,50.992368,100.38600000000005,1.9686475434912152,20,True,close_below_ema20
B_nofilter,TJX,2021-02-22,2021-02-26,68.72,66.03389999999999,19,51.0359000000002,-7.789999999999935,-0.15263765310300995,4,False,close_below_ema20
B_nofilter,DIS,2021-02-22,2021-03-04,184.78,181.97784,7,19.615120000000104,26.430000000000007,1.3474299417999924,8,True,breakeven_stop
B_nofilter,LLY,2021-02-26,2021-03-04,206.7,197.76204,6,53.62775999999985,-17.45999999999998,-0.32557764859095417,4,False,close_below_ema20
B_nofilter,ABBV,2021-03-04,2021-03-05,107.14,105.25464,6,11.312160000000034,-6.779999999999973,-0.5993550303390291,1,False,close_below_ema20
B_nofilter,CAT,2021-03-05,2021-03-23,216.67,208.26153,3,25.225409999999982,16.81693999999999,0.6666666666666666,12,True,breakeven_stop
B_nofilter,CMCSA,2021-02-26,2021-03-29,50.0562,48.4706808,25,39.637980000000006,57.79036080000005,1.4579542348020773,21,True,close_below_ema20
B_nofilter,FISV,2021-03-04,2021-03-31,116.34,114.16572000000001,11,23.917079999999956,45.50279999999992,1.9025232177172133,19,True,close_below_ema20
B_nofilter,BX,2021-03-23,2021-04-08,74.11,71.26866,18,51.14412000000004,27.720000000000113,0.5419977897752486,11,False,time_stop_10d
B_nofilter,BKNG,2021-03-29,2021-04-14,93.1732,86.83308,10,63.40119999999999,33.50800000000007,0.5285073468640984,11,False,time_stop_10d
B_nofilter,C,2021-03-31,2021-04-14,73.22,69.08085000000001,14,57.94809999999981,-20.720000000000056,-0.35756133505671667,9,False,close_below_ema20
B_nofilter,SCHW,2021-04-14,2021-04-15,67.67,66.01392,20,33.12160000000006,-33.12160000000006,-1.0,1,False,stop
B_nofilter,CAT,2021-04-14,2021-04-20,233.5,226.94283,5,32.78585000000007,-32.78585000000007,-1.0,4,False,stop
B_nofilter,C,2021-04-15,2021-04-20,74.45,70.99892999999999,18,62.11926000000028,-52.2000000000001,-0.8403190894418231,3,False,close_below_ema20
B_nofilter,ANET,2021-04-21,2021-05-04,19.595,19.2413394,67,23.69526019999985,-23.69526019999985,-1.0,9,False,stop
B_nofilter,UNP,2021-05-04,2021-05-13,225.66,220.03974,6,33.72156000000001,-21.95999999999998,-0.6512154241974563,7,False,close_below_ema20
B_nofilter,UNH,2021-04-08,2021-06-02,365.88,360.18945,3,17.07164999999992,97.90109999999993,5.734718085246616,38,True,close_below_ema20
B_nofilter,GS,2021-05-14,2021-06-11,362.0,352.89675,3,27.309750000000008,45.60649999999998,1.6699713472294682,19,True,close_below_ema20
B_nofilter,ETN,2021-06-11,2021-06-14,147.73,145.18467,9,22.907969999999807,-22.907969999999807,-1.0,1,False,stop
B_nofilter,WFC,2021-06-14,2021-06-15,45.69,44.96499,31,22.475309999999922,-15.189999999999841,-0.6758527468586593,1,False,close_below_ema20
B_nofilter,ETN,2021-06-15,2021-06-17,146.69,144.73512,9,17.593920000000026,-17.593920000000026,-1.0,2,False,stop
B_nofilter,RTX,2021-04-21,2021-06-18,77.91,75.99392999999999,15,28.741050000000072,90.74498000000014,3.157330020997838,41,True,close_below_ema20
B_nofilter,MS,2021-06-17,2021-06-18,91.74,89.36055,15,35.69174999999987,-80.24999999999991,-2.2484187522326646,1,False,close_below_ema20
B_nofilter,PLD,2021-06-18,2021-06-21,122.84,120.9789,11,20.472100000000083,-31.680000000000106,-1.5474719252055225,1,False,close_below_ema20
B_nofilter,COP,2021-06-22,2021-06-30,60.53,57.42252,21,65.25708000000006,-1.0500000000000895,-0.016090208142933896,6,False,close_below_ema20
B_nofilter,COP,2021-07-01,2021-07-07,62.69,59.439121228527064,20,65.01757542945867,-65.01757542945867,-1.0,3,False,stop
B_nofilter,GOOGL,2021-06-21,2021-07-20,121.603,119.35052999999999,11,24.777170000000027,46.07170000000008,1.85944157464311,20,True,close_below_ema20
B_nofilter,SPGI,2021-07-20,2021-07-29,392.5923,383.8163994,3,26.3277018,13.708500000000015,0.5206873013124151,7,False,close_below_ema20
B_nofilter,AXP,2021-07-29,2021-08-02,173.45,169.54029,8,31.27767999999992,-31.27767999999992,-1.0,2,False,stop
B_nofilter,MA,2021-08-02,2021-08-03,389.3,381.94766999999996,3,22.056990000000155,-37.91999999999996,-1.719182898482508,1,False,close_below_ema20
B_nofilter,BX,2021-07-07,2021-08-19,97.94,96.44346,13,19.455019999999948,98.87847999999997,5.082414718669024,31,True,close_below_ema20
B_nofilter,ORCL,2021-08-03,2021-08-20,87.93,86.58333,15,20.200050000000047,25.813379999999967,1.2778869359234213,13,True,close_below_ema20
B_nofilter,LLY,2021-06-02,2021-08-27,200.89,195.3045,6,33.51299999999998,218.40299999999996,6.51696356637723,61,True,close_below_ema20
B_nofilter,ORCL,2021-08-27,2021-09-08,89.18,87.96195,16,19.488800000000083,-16.6400000000001,-0.8538237346578562,7,False,close_below_ema20
B_nofilter,ADBE,2021-08-19,2021-09-14,637.14,625.42395,2,23.43209999999999,32.292100000000005,1.37811378408252,17,True,close_below_ema20
B_nofilter,MS,2021-09-09,2021-09-14,104.57,102.96692999999999,13,20.83991000000003,-20.83991000000003,-1.0,3,False,stop
B_nofilter,GOOGL,2021-09-14,2021-09-17,142.9955,140.597262,10,23.98237999999992,-23.98237999999992,-1.0,3,False,stop
B_nofilter,LIN,2021-09-14,2021-09-17,315.62,309.79989,4,23.28044,-25.079999999999927,-1.07729922630328,3,False,stop_gap
B_nofilter,META,2021-08-20,2021-09-20,357.57,350.649,3,20.762999999999977,17.30200000000002,0.8333092520348716,20,True,close_below_ema20
B_nofilter,SPGI,2021-09-21,2021-09-22,423.0274,415.1945898,2,15.665620399999966,3.4815999999999576,0.22224462939239642,1,False,close_below_ema20
B_nofilter,DHR,2021-09-17,2021-09-27,289.6365,280.1716479,4,37.85940840000012,-37.85940840000012,-1.0,6,False,stop
B_nofilter,TMO,2021-09-17,2021-09-28,597.06,577.4848025066549,2,39.15039498669012,-39.15039498669012,-1.0,7,False,stop
B_nofilter,INTU,2021-09-22,2021-09-28,560.6,546.96249,2,27.27502000000004,-27.27502000000004,-1.0,4,False,stop
B_nofilter,MS,2021-09-27,2021-09-29,104.13,99.67782992505235,11,48.9738708244241,-33.54999999999997,-0.6850591843205504,2,False,close_below_ema20
B_nofilter,TMO,2021-09-30,2021-10-01,585.94,569.58984,2,32.70032000000015,-30.74000000000001,-0.940051962794244,1,False,close_below_ema20
B_nofilter,NOW,2021-10-04,2021-10-05,127.082,121.314564,6,34.604615999999936,-15.527999999999963,-0.4487262624153954,1,False,close_below_ema20
B_nofilter,AXP,2021-10-01,2021-10-13,172.36,167.24259,7,35.82187000000005,-35.82187000000005,-1.0,8,False,stop
B_nofilter,BKNG,2021-10-01,2021-10-20,96.6736,94.1058,13,33.381399999999886,25.0484,0.7503699665082977,13,False,time_stop_10d
B_nofilter,ORCL,2021-10-05,2021-11-02,90.43,87.03288,9,30.57408000000001,43.676959999999994,1.4285617097881598,20,True,close_below_ema20
B_nofilter,JPM,2021-10-20,2021-11-04,168.65,162.00216617089367,8,53.18267063285066,10.799999999999955,0.2030736680103622,11,False,time_stop_10d
B_nofilter,COP,2021-11-04,2021-11-11,74.0,72.17775,19,34.62274999999994,-13.300000000000054,-0.38414048566333053,5,False,close_below_ema20
B_nofilter,BAC,2021-10-14,2021-11-18,44.37,42.383930701340695,30,59.58207895977907,94.68207895977912,1.5891033111431767,25,True,close_below_ema20
B_nofilter,WFC,2021-11-11,2021-11-18,50.77,49.16079,27,43.44867000000012,-30.780000000000015,-0.7084221450276827,5,False,close_below_ema20
B_nofilter,GOOGL,2021-11-18,2021-11-23,148.5595,144.39296249999998,9,37.49883750000029,-21.658500000000203,-0.5775779049150532,3,False,close_below_ema20
B_nofilter,ADI,2021-11-02,2021-11-24,175.25,169.83,7,37.93999999999991,57.31999999999988,1.5108065366367953,16,True,close_below_ema20
B_nofilter,CB,2021-11-23,2021-11-26,192.75,187.4124,7,37.36320000000006,-49.21000000000001,-1.3170713429256575,2,False,close_below_ema20
B_nofilter,NFLX,2021-11-26,2021-11-30,67.5,64.540395,12,35.515259999999955,-8.160000000000082,-0.22976039032235981,2,False,close_below_ema20
B_nofilter,CVX,2021-11-23,2021-12-01,115.19,111.14763811060308,11,44.465980783366064,-2.6399999999999437,-0.059371230623738336,5,False,close_below_ema20
B_nofilter,TMO,2021-11-26,2021-12-01,652.71,628.0098621549588,2,49.40027569008248,-49.40027569008248,-1.0,3,False,stop
B_nofilter,ADI,2021-11-30,2021-12-01,183.69,176.60322,4,28.347120000000018,-5.639999999999986,-0.1989620109556097,1,False,close_below_ema20
B_nofilter,MSFT,2021-12-01,2021-12-02,337.78,327.79188,3,29.964359999999942,-22.439999999999884,-0.7488896809409554,1,False,close_below_ema20
B_nofilter,KLAC,2021-12-01,2021-12-03,41.843,39.664296,30,65.3611200000001,-32.43000000000009,-0.49616652835814384,2,False,close_below_ema20
B_nofilter,AVGO,2021-12-01,2021-12-03,56.499,54.277668,19,42.20530800000007,-0.0950000000000486,-0.0022509017112266644,2,False,close_below_ema20
B_nofilter,BX,2021-12-03,2021-12-06,142.61,135.53432999999998,9,63.68103000000028,-68.49000000000012,-1.0755165235235646,1,False,close_below_ema20
B_nofilter,TMO,2021-12-03,2021-12-06,634.15,618.2910899999999,2,31.717820000000074,-31.717820000000074,-1.0,1,False,stop
B_nofilter,COST,2021-12-03,2021-12-10,530.91,513.5259599999999,1,17.384040000000027,3.800000000000068,0.21859130558834783,5,False,close_below_ema20
B_nofilter,DHR,2021-12-10,2021-12-14,285.3723,270.90104254019735,2,28.942514919605287,-28.942514919605287,-1.0,2,False,stop
B_nofilter,ADP,2021-12-06,2021-12-15,233.15,224.32545000000002,5,44.12274999999994,-18.500000000000085,-0.4192848360539656,7,False,close_below_ema20
B_nofilter,LRCX,2021-12-15,2021-12-16,68.339,66.747186,10,15.918139999999994,-15.918139999999994,-1.0,1,False,stop
B_nofilter,HD,2021-12-15,2021-12-17,405.68,397.68192,3,23.994240000000048,-26.12999999999994,-1.0890113627270497,2,False,close_below_ema20
B_nofilter,GOOGL,2021-12-16,2021-12-17,147.1705,141.07378500000002,4,24.386859999999956,-18.682000000000016,-0.7660682843137677,1,False,close_below_ema20
B_nofilter,MRSH,2021-12-06,2021-12-20,169.92,163.70459765479907,7,43.5078164164064,-22.539999999999992,-0.5180678291062285,10,False,close_below_ema20
B_nofilter,MRSH,2021-12-21,2021-12-22,169.63,164.80503,7,33.77479000000005,-4.970000000000056,-0.1471511739969382,1,False,close_below_ema20
B_nofilter,TMO,2021-12-22,2022-01-04,650.0,635.0543100000001,1,14.9456899999999,-12.700000000000045,-0.8497433039224105,8,False,close_below_ema20
B_nofilter,AMD,2022-01-04,2022-01-05,151.65,143.40645,7,57.70484999999999,-61.81000000000009,-1.0711404673957232,1,False,close_below_ema20
B_nofilter,AAPL,2021-12-21,2022-01-07,171.56,167.29254,7,29.87222,30.924759999999935,1.0352347431827944,12,True,close_below_ema20
B_nofilter,QCOM,2021-12-22,2022-01-07,180.15,173.28654,6,41.18076000000002,38.69999999999993,0.939759246793889,11,False,time_stop_10d
B_nofilter,KLAC,2022-01-07,2022-01-10,43.505,41.718239999999994,27,48.24252000000022,-67.06800000000004,-1.3902258837224866,1,False,close_below_ema20
B_nofilter,ETN,2022-01-07,2022-01-10,170.74,167.75207999999998,4,11.951680000000124,-16.920000000000073,-1.4157005542316978,1,False,close_below_ema20
B_nofilter,LIN,2022-01-11,2022-01-12,335.55,330.31935,3,15.691950000000077,8.279999999999973,0.5276590863468168,1,False,close_below_ema20
B_nofilter,CSCO,2022-01-07,2022-01-18,61.13,59.850089999999994,19,24.318290000000154,-24.318290000000154,-1.0,6,False,stop
B_nofilter,BKNG,2022-01-11,2022-01-19,97.3496,94.4019036,8,23.581571199999985,-19.705600000000004,-0.8356355830946505,5,False,close_below_ema20
B_nofilter,QCOM,2022-01-12,2022-01-19,186.6,174.53888197628496,4,48.24447209486016,-24.120000000000005,-0.4999536517380545,4,False,close_below_ema20
B_nofilter,SCHW,2022-01-25,2022-01-26,89.06,85.09482000000001,13,51.54733999999986,12.089999999999904,0.23454168537115466,1,False,close_below_ema20
B_nofilter,BRK-B,2022-01-26,2022-01-28,310.4,298.13321814102744,3,36.80034557691761,-8.159999999999911,-0.22173704817375772,2,False,close_below_ema20
B_nofilter,PEP,2022-01-31,2022-02-02,172.73,166.28355,6,38.67869999999999,0.18000000000000682,0.004653724142745409,2,False,close_below_ema20
B_nofilter,PG,2022-02-02,2022-02-08,161.3,156.22361999999998,7,35.5346600000002,-1.2600000000000477,-0.035458338422262675,4,False,close_below_ema20
B_nofilter,WFC,2022-01-25,2022-02-18,53.49,51.12882,21,49.584780000000094,76.48360000000005,1.5424813823919337,18,True,close_below_ema20
B_nofilter,COP,2022-02-16,2022-02-22,89.92,87.64227000000001,13,29.610489999999885,-29.610489999999885,-1.0,3,False,stop
B_nofilter,BRK-B,2022-02-18,2022-02-22,315.44,311.85783000000004,3,10.746509999999887,-6.0,-0.5583207943788321,1,False,close_below_ema20
B_nofilter,CVX,2022-02-22,2022-02-23,137.0,131.91795000000002,8,40.65639999999985,-32.559999999999945,-0.8008579215080545,1,False,close_below_ema20
B_nofilter,RTX,2022-01-25,2022-02-24,88.3,84.7152,7,25.09360000000001,41.99000000000002,1.6733350336340744,21,True,close_below_ema20
B_nofilter,CB,2022-02-22,2022-02-24,205.56,199.34045999999998,5,31.097700000000117,-44.15000000000006,-1.419719143216376,2,False,close_below_ema20
B_nofilter,BRK-B,2022-02-23,2022-02-24,316.08,310.23945000000003,3,17.521649999999852,-42.900000000000034,-2.4483995514121326,1,False,close_below_ema20
B_nofilter,AXP,2022-02-25,2022-03-01,189.66,179.210588092072,5,52.24705953964005,-52.24705953964005,-1.0,2,False,stop
B_nofilter,ABBV,2022-03-09,2022-04-14,149.89,146.21364000000003,8,29.41087999999968,61.25087999999971,2.0825925643843495,26,True,close_below_ema20
B_nofilter,ANET,2022-04-14,2022-04-18,32.99,31.703265,38,48.89593000000014,-55.86000000000009,-1.142426373728855,1,False,close_below_ema20
B_nofilter,CVX,2022-02-24,2022-04-22,137.93,131.13986249292014,8,54.3211000566389,160.12110005663885,2.947677787999242,40,True,close_below_ema20
B_nofilter,COST,2022-04-19,2022-04-22,592.11,578.18124,2,27.857520000000022,-27.857520000000022,-1.0,3,False,stop
B_nofilter,VRTX,2022-03-10,2022-04-25,240.74,232.73703,4,32.01188000000002,90.53188,2.8280713285192856,31,True,close_below_ema20
B_nofilter,PLD,2022-04-27,2022-04-29,169.42,163.24659,7,43.21386999999993,-43.21386999999993,-1.0,2,False,stop
B_nofilter,BMY,2022-04-28,2022-04-29,76.77,74.63529,15,32.020649999999975,-44.84999999999992,-1.4006586374730043,1,False,stop_gap
B_nofilter,BMY,2022-05-03,2022-05-04,75.97,73.27664999999999,15,40.40025000000014,-14.399999999999906,-0.3564334379118905,1,False,close_below_ema20
B_nofilter,XOM,2022-04-28,2022-05-10,85.48,80.1394730606175,8,42.724215515059996,1.2799999999999727,0.02995959047039217,8,False,close_below_ema20
B_nofilter,CVX,2022-05-23,2022-06-10,171.04,162.66717,7,58.60980999999995,37.31000000000009,0.6365828519150654,13,False,time_stop_10d
B_nofilter,XOM,2022-05-13,2022-06-14,87.36,83.31660000000001,13,52.564199999999886,118.87079999999987,2.261440295866771,21,True,close_below_ema20
B_nofilter,COP,2022-05-23,2022-06-14,107.55,101.72816999999999,5,29.109150000000028,42.69732000000002,1.466800645157965,15,True,close_below_ema20
B_nofilter,UNH,2022-07-06,2022-07-14,511.0,491.75775,2,38.484500000000025,-32.0,-0.8315035923553633,6,False,close_below_ema20
B_nofilter,ABBV,2022-07-08,2022-07-14,152.58,149.51033999999999,6,18.417960000000164,-22.140000000000157,-1.2020875276089187,4,False,stop_gap
B_nofilter,LLY,2022-07-14,2022-07-18,324.68,320.50917,2,8.341660000000047,8.341660000000047,1.0,2,True,breakeven_stop
B_nofilter,TMUS,2022-07-14,2022-07-19,136.32,132.33753,9,35.84223000000006,-1.8899999999998158,-0.052731094019535414,3,False,close_below_ema20
B_nofilter,MRK,2022-07-05,2022-07-20,92.49,90.29961,13,28.475069999999917,-1.6899999999999409,-0.0593501613867831,11,False,time_stop_10d
B_nofilter,VRTX,2022-07-20,2022-07-21,290.13,281.96775,4,32.64899999999989,-32.64899999999989,-1.0,1,False,stop
B_nofilter,VRTX,2022-07-22,2022-07-25,286.96,280.77894,4,24.72424000000001,-19.839999999999918,-0.8024513594755556,1,False,close_below_ema20
B_nofilter,LLY,2022-07-21,2022-08-02,327.82,319.39029,3,25.28913,-1.8899999999999864,-0.07473566706327922,8,False,close_below_ema20
B_nofilter,KLAC,2022-08-11,2022-08-22,37.55,35.532432,30,60.527039999999914,-35.39999999999999,-0.5848625672096313,7,False,close_below_ema20
B_nofilter,UNH,2022-08-08,2022-08-23,539.91,527.03244,2,25.755120000000034,6.759999999999991,0.2624720832207337,11,False,time_stop_10d
B_nofilter,VRTX,2022-08-19,2022-08-23,299.89,291.15855,2,17.46289999999999,-17.46289999999999,-1.0,2,False,stop
B_nofilter,VRTX,2022-08-25,2022-08-26,293.0,282.38733,3,31.83800999999994,-2.4899999999999523,-0.07820840561328918,1,False,close_below_ema20
B_nofilter,NEE,2022-08-24,2022-08-29,88.65,87.54236999999999,13,14.39919000000019,-21.710000000000022,-1.5077236983469027,3,False,stop_gap
B_nofilter,LMT,2022-08-24,2022-08-29,434.73,429.8697,2,9.72059999999999,-14.139999999999986,-1.4546427175277246,3,False,stop_gap
B_nofilter,UNH,2022-08-26,2022-08-29,542.26,530.71875,1,11.541249999999991,-16.25999999999999,-1.4088595256146434,1,False,close_below_ema20
B_nofilter,TMUS,2022-09-02,2022-09-06,144.8,142.16769,8,21.058480000000145,-20.080000000000155,-0.9535351079470131,1,False,close_below_ema20
B_nofilter,COP,2022-09-02,2022-09-07,109.64,105.64425,5,19.978750000000005,-19.978750000000005,-1.0,2,False,stop
B_nofilter,CVX,2022-09-06,2022-09-07,159.89,153.07676999999998,7,47.69261000000003,-40.80999999999989,-0.8556881244284987,1,False,close_below_ema20
B_nofilter,XOM,2022-09-02,2022-09-08,96.35,92.19771,12,49.82747999999992,-20.279999999999973,-0.40700432773240797,3,False,close_below_ema20
B_nofilter,TMUS,2022-09-08,2022-09-13,145.95,140.79906,7,36.05657999999994,-36.05657999999994,-1.0,3,False,stop
B_nofilter,XOM,2022-09-09,2022-09-16,96.52,92.19771,7,30.256029999999967,-10.15000000000002,-0.33547031781763936,5,False,close_below_ema20
B_nofilter,PGR,2022-09-19,2022-09-20,127.02,124.51536,8,20.03711999999996,-20.03711999999996,-1.0,1,False,stop
B_nofilter,COP,2022-09-08,2022-09-23,107.51,104.65524,10,28.54759999999999,16.44759999999998,0.5761465061861588,11,True,close_below_ema20
B_nofilter,VRTX,2022-10-11,2022-10-12,296.58,291.2085,3,16.114499999999907,-16.114499999999907,-1.0,1,False,stop
B_nofilter,LLY,2022-10-04,2022-10-19,329.35,316.73295,3,37.85115000000002,17.699999999999932,0.4676211951288118,11,False,time_stop_10d
B_nofilter,VRTX,2022-10-13,2022-10-19,295.64,289.62009,3,18.059729999999945,-18.059729999999945,-1.0,4,False,stop
B_nofilter,REGN,2022-10-24,2022-11-01,718.18,696.78252,1,21.397479999999973,42.794959999999946,2.0,6,False,target_2R_all
B_nofilter,VRTX,2022-11-08,2022-11-11,308.8,298.23146999999994,3,31.7055900000002,-31.7055900000002,-1.0,3,False,stop
B_nofilter,REGN,2022-11-07,2022-11-14,741.06,701.36793,1,39.692069999999944,-3.17999999999995,-0.08011675883872911,5,False,close_below_ema20
B_nofilter,PGR,2022-11-08,2022-11-14,127.56,124.71516,8,22.75872000000004,-22.75872000000004,-1.0,4,False,stop
B_nofilter,TMUS,2022-11-15,2022-11-16,147.59,144.51534,7,21.52261999999996,-15.960000000000008,-0.7415454066465903,1,False,close_below_ema20
B_nofilter,COP,2022-11-11,2022-11-21,131.2,124.76511,7,45.04422999999987,-45.04422999999987,-1.0,6,False,stop
B_nofilter,VRTX,2022-11-14,2022-11-30,309.8,288.54116999999997,2,42.51766000000009,19.43999999999994,0.45722177561041455,11,False,time_stop_10d
B_nofilter,BMY,2022-11-21,2022-12-07,78.14,74.57440624022534,13,46.352718877070544,8.06000000000006,0.17388408264411706,11,False,time_stop_10d
B_nofilter,VRTX,2022-12-07,2022-12-12,317.28,309.72996,3,22.6501199999999,-6.179999999999836,-0.27284623657622403,3,False,close_below_ema20
B_nofilter,PGR,2022-12-07,2022-12-12,131.66,128.90097,8,22.072239999999965,-17.279999999999973,-0.7828838396102978,3,False,close_below_ema20
B_nofilter,ADP,2022-12-12,2022-12-14,260.38,256.69304999999997,4,14.747800000000097,27.019999999999982,1.832137674771817,2,True,breakeven_stop
B_nofilter,ORCL,2022-12-12,2022-12-15,80.36,77.98194000000001,13,30.91477999999988,28.53671999999989,0.9230769230769231,3,True,breakeven_stop
B_nofilter,REGN,2022-12-14,2022-12-16,753.94,727.272,1,26.668000000000006,-32.1400000000001,-1.205189740512978,2,False,close_below_ema20
B_nofilter,KLAC,2022-12-20,2022-12-22,38.582,37.904058,29,19.660318000000046,-19.660318000000046,-1.0,2,False,stop
B_nofilter,ORCL,2022-12-19,2022-12-29,80.46,79.38054,13,14.032979999999966,6.6300000000000665,0.47245845144795207,7,False,close_below_ema20
B_nofilter,LMT,2022-12-29,2023-01-04,489.0,473.47605,2,31.047900000000027,-31.5,-1.0145613713004735,3,False,close_below_ema20
B_nofilter,BSX,2022-12-23,2023-01-06,46.16,45.24471,24,21.966959999999972,-0.23999999999995225,-0.010925499022165677,8,False,close_below_ema20
B_nofilter,MRK,2022-11-16,2023-01-10,100.74,97.23267,10,35.07329999999996,84.1733,2.3999252993017506,36,True,close_below_ema20
B_nofilter,PGR,2023-01-06,2023-01-18,133.13,128.39144212932987,8,37.90846296536097,-25.75999999999999,-0.6795316397696818,7,False,close_below_ema20
B_nofilter,MRK,2023-01-12,2023-01-18,111.31,108.64125,10,26.68750000000003,-13.900000000000006,-0.5208430913348943,3,False,close_below_ema20
B_nofilter,CAT,2023-01-04,2023-01-20,240.68,235.9638,4,18.86480000000006,31.244800000000055,1.6562486747805414,11,True,close_below_ema20
B_nofilter,T,2023-01-20,2023-01-24,19.02,18.77121,51,12.68828999999998,-12.68828999999998,-1.0,2,False,stop
B_nofilter,MA,2023-01-20,2023-01-30,370.8,363.2364,2,15.127200000000016,17.859999999999957,1.1806547146861242,6,True,stop_gap
B_nofilter,BSX,2023-01-25,2023-01-30,45.95,44.74521,24,28.914960000000065,-2.6399999999999864,-0.09130221864391237,3,False,close_below_ema20
B_nofilter,TJX,2023-02-01,2023-02-02,82.0,81.13878,13,11.195860000000039,-11.195860000000039,-1.0,1,False,stop
B_nofilter,XOM,2023-02-01,2023-02-02,116.4,110.31957000000001,9,54.723869999999934,-54.723869999999934,-1.0,1,False,stop
B_nofilter,ORCL,2023-01-20,2023-02-07,86.99,85.17474,12,21.78311999999994,21.78311999999994,1.0,12,True,breakeven_stop
B_nofilter,KLAC,2023-02-02,2023-02-07,41.401,38.67328800000001,20,54.554239999999936,-14.16000000000011,-0.2595581938269166,3,False,close_below_ema20
B_nofilter,MA,2023-02-02,2023-02-09,379.52,366.633,2,25.774,-12.43999999999994,-0.48265694110343527,5,False,close_below_ema20
B_nofilter,CAT,2023-02-09,2023-02-10,251.56,241.5582,4,40.00720000000001,-21.120000000000005,-0.5279049771041212,1,False,close_below_ema20
B_nofilter,SBUX,2023-02-09,2023-02-10,106.54,102.93696,6,21.618240000000043,-6.120000000000061,-0.28309427594476005,1,False,close_below_ema20
B_nofilter,REGN,2023-02-10,2023-02-16,757.52,742.9662900000001,1,14.55370999999991,-20.519999999999982,-1.4099497653862905,4,False,stop_gap
B_nofilter,XOM,2023-02-07,2023-02-21,113.09,109.72017,9,30.328470000000067,-20.52000000000001,-0.6765919942549019,9,False,close_below_ema20
B_nofilter,SBUX,2023-02-13,2023-02-22,107.45,103.14106767292098,8,34.47145861663216,-16.32000000000005,-0.4734351447526447,6,False,close_below_ema20
B_nofilter,GE,2023-02-22,2023-02-24,66.5443,65.22600870000001,15,19.774369499999978,-19.774369499999978,-1.0,2,False,stop
B_nofilter,BKNG,2023-02-23,2023-02-24,97.9868,96.50579760000001,5,7.405011999999971,-7.405011999999971,-1.0,1,False,stop
B_nofilter,UBER,2023-02-22,2023-02-27,34.39,32.691275999999995,30,50.96172000000017,-21.450000000000102,-0.42090416100555533,3,False,close_below_ema20
B_nofilter,MS,2023-02-27,2023-02-28,98.41,96.51339,6,11.379659999999973,-7.739999999999952,-0.6801609186917685,1,False,close_below_ema20
B_nofilter,ADI,2023-02-27,2023-03-02,185.58,181.42839,5,20.758050000000026,-22.250000000000085,-1.071873321434338,3,False,stop_gap
B_nofilter,ORCL,2023-03-03,2023-03-09,87.32,85.78413,11,16.894569999999874,15.358699999999885,0.9090909090909091,4,True,breakeven_stop
B_nofilter,BKNG,2023-02-27,2023-03-10,99.5684,95.206698,10,43.61701999999994,7.871999999999986,0.18048000528234154,9,False,close_below_ema20
B_nofilter,SYK,2023-03-09,2023-03-10,266.93,262.57716,3,13.058520000000044,-13.058520000000044,-1.0,1,False,stop
B_nofilter,AMAT,2023-03-14,2023-03-28,118.78,111.80808,7,48.80343999999998,0.769999999999996,0.015777576334782883,10,False,close_below_ema20
B_nofilter,AVGO,2023-03-14,2023-03-29,62.439,60.627312,16,28.987007999999946,13.423999999999978,0.4631040223261402,11,False,time_stop_10d
B_nofilter,BSX,2023-03-14,2023-03-29,48.05,46.34957534858169,14,23.805945119856332,13.30000000000004,0.5586839729755835,11,False,time_stop_10d
B_nofilter,AMAT,2023-03-30,2023-04-06,122.0,115.46442,5,32.67789999999998,-39.099999999999966,-1.196527316626833,5,False,close_below_ema20
B_nofilter,ADI,2023-03-29,2023-04-10,186.04,180.69912,5,26.704399999999993,20.133520000000004,0.7539401746528666,7,True,close_below_ema20
B_nofilter,BKNG,2023-03-29,2023-04-13,103.2572,98.5421592,9,42.43536719999997,-4.474799999999931,-0.10544977680786827,10,False,close_below_ema20
B_nofilter,LRCX,2023-04-11,2023-04-13,51.144,47.996955,12,37.76453999999998,-14.340000000000003,-0.3797212941028809,2,False,close_below_ema20
B_nofilter,PANW,2023-04-10,2023-04-20,96.155,94.26564,10,18.893599999999964,18.893599999999964,1.0,8,True,breakeven_stop
B_nofilter,MSFT,2023-04-13,2023-04-24,287.01,281.35836,2,11.303279999999972,-11.303279999999972,-1.0,7,False,stop
B_nofilter,NVDA,2023-04-24,2023-04-25,27.183,26.695278000000002,37,18.045713999999926,-18.045713999999926,-1.0,1,False,stop
B_nofilter,META,2023-04-24,2023-04-25,213.68,209.37042000000002,2,8.619159999999965,-8.619159999999965,-1.0,1,False,stop
B_nofilter,CRM,2023-04-13,2023-04-26,191.89,187.12269,5,23.836549999999903,3.650000000000091,0.15312618646574716,9,False,close_below_ema20
B_nofilter,AAPL,2023-04-25,2023-04-26,165.6,163.72610999999998,6,11.243340000000103,-15.239999999999952,-1.3554691043764409,1,False,stop_gap
B_nofilter,META,2023-04-27,2023-05-12,239.89,229.28151229412623,4,42.433950823495024,-12.599999999999909,-0.2969320498204349,11,False,time_stop_10d
B_nofilter,NVDA,2023-04-27,2023-05-15,27.363,26.198775,36,41.91209999999994,41.219999999999985,0.9834868689471548,12,False,time_stop_10d
B_nofilter,GE,2023-05-12,2023-05-15,79.7925,77.6636586,12,25.546096799999987,-8.04480000000001,-0.3149130790109593,1,False,close_below_ema20
B_nofilter,ETN,2023-05-15,2023-05-16,170.29,166.54329,5,18.733549999999894,-18.733549999999894,-1.0,1,False,stop
B_nofilter,PANW,2023-05-17,2023-05-18,96.4,94.33557,10,20.644300000000015,-20.644300000000015,-1.0,1,False,stop
B_nofilter,ORCL,2023-04-27,2023-07-07,94.81,93.24666,5,7.816699999999983,66.34335999999999,8.487387260608713,48,True,close_below_ema20
B_nofilter,UBER,2023-07-07,2023-07-11,43.0,41.828129999999994,27,31.64049000000015,-31.64049000000015,-1.0,2,False,stop
B_nofilter,NFLX,2023-05-18,2023-07-21,34.725,32.929038000000006,28,50.28693599999988,176.4549359999999,3.508961770906072,43,True,close_below_ema20
B_nofilter,AMZN,2023-07-24,2023-07-25,131.37,128.29157999999998,9,27.705780000000203,-18.54000000000002,-0.6691744466317096,1,False,close_below_ema20
B_nofilter,PLTR,2023-07-25,2023-07-28,16.69,15.984,72,50.83200000000009,37.43999999999997,0.7365439093484399,3,False,close_below_ema20
B_nofilter,LLY,2023-07-28,2023-08-02,458.68,446.11344,2,25.133119999999963,-6.899999999999977,-0.27453813931577087,3,False,close_below_ema20
B_nofilter,NVDA,2023-05-16,2023-08-03,28.969,28.017954,34,32.335564000000055,284.462564,8.79720434132522,54,True,close_below_ema20
B_nofilter,BKNG,2023-07-11,2023-08-04,109.5968,104.87502,10,47.217799999999954,130.23379999999997,2.7581505279788576,18,True,close_below_ema20
B_nofilter,MDLZ,2023-08-03,2023-08-08,75.61,73.63628999999999,16,31.57936000000018,-31.57936000000018,-1.0,3,False,stop
B_nofilter,GE,2023-08-04,2023-08-10,90.3192,88.9372737,7,9.673484099999925,-4.022199999999927,-0.4157964140345212,4,False,close_below_ema20
B_nofilter,ICE,2023-08-08,2023-08-10,116.19,111.95138216941213,10,42.3861783058787,-15.39999999999992,-0.3633259853923663,2,False,close_below_ema20
B_nofilter,MDLZ,2023-08-10,2023-08-11,74.12,73.14677999999999,11,10.705420000000132,-2.4199999999999875,-0.22605371858366674,1,False,close_below_ema20
B_nofilter,LIN,2023-08-14,2023-08-16,383.25,377.15247,2,12.195060000000012,-8.980000000000018,-0.7363637407278036,2,False,close_below_ema20
B_nofilter,CSCO,2023-08-02,2023-08-17,52.78,51.68826,23,25.110020000000034,38.17999999999992,1.5205085459907985,11,False,time_stop_10d
B_nofilter,INTU,2023-08-10,2023-08-17,504.0,490.46904,2,27.061919999999986,-27.061919999999986,-1.0,5,False,stop
B_nofilter,BRK-B,2023-08-16,2023-08-17,357.92,352.8468,2,10.146400000000085,-10.146400000000085,-1.0,1,False,stop
B_nofilter,GE,2023-08-21,2023-08-22,89.4174,87.7174947,13,22.098768899999968,1.1414000000000186,0.05164993602879029,1,False,close_below_ema20
B_nofilter,MA,2023-08-21,2023-08-22,393.84,388.44117,3,16.196489999999926,3.480000000000075,0.21486136811124454,1,False,close_below_ema20
B_nofilter,XOM,2023-08-21,2023-08-23,110.36,106.17372,6,25.11767999999998,-25.11767999999998,-1.0,2,False,stop
B_nofilter,BKNG,2023-08-22,2023-08-25,122.9724,120.65002919999999,9,20.901337200000015,-17.251199999999955,-0.8253634604775403,3,False,close_below_ema20
B_nofilter,AMAT,2023-08-28,2023-09-07,145.31,140.81904,7,31.436720000000008,27.569999999999993,0.8769998905738253,7,True,breakeven_stop
B_nofilter,V,2023-08-22,2023-09-15,240.53,235.06470000000002,5,27.326499999999925,6.850000000000023,0.2506724242036134,17,False,close_below_ema20
B_nofilter,LIN,2023-09-15,2023-09-20,390.93,384.00561,3,20.77317000000005,-20.77317000000005,-1.0,3,False,stop
B_nofilter,GOOGL,2023-08-23,2023-09-21,130.28,126.25362,5,20.131900000000016,19.585520000000002,0.9728599883766553,20,True,close_below_ema20
B_nofilter,ADBE,2023-09-20,2023-09-21,542.4,521.6578199999999,2,41.48436000000015,-45.83999999999992,-1.1049947498286041,1,False,close_below_ema20
B_nofilter,MRSH,2023-09-07,2023-09-22,194.45,191.57823000000002,6,17.230619999999817,4.92000000000013,0.28553818725038227,11,False,close_below_ema20
B_nofilter,BSX,2023-09-26,2023-09-27,53.83,53.36658,22,10.195239999999984,-23.099999999999937,-2.2657632385309197,1,False,close_below_ema20
B_nofilter,GOOGL,2023-09-29,2023-10-02,133.3,127.65212353060474,9,50.83088822455744,-18.81000000000003,-0.3700505865036711,1,False,close_below_ema20
B_nofilter,CAT,2023-09-29,2023-10-02,279.08,268.88084999999995,2,20.398300000000063,-12.879999999999995,-0.6314251677835876,1,False,close_below_ema20
B_nofilter,XOM,2023-09-26,2023-10-03,116.65,114.4854,10,21.646000000000072,-12.10000000000008,-0.5589947334380504,5,False,close_below_ema20
B_nofilter,MU,2023-10-02,2023-10-03,68.73,64.5738620961545,14,58.18593065383706,-21.840000000000032,-0.3753484692018035,1,False,close_below_ema20
B_nofilter,MU,2023-10-12,2023-10-17,70.39,67.932,16,39.327999999999975,-39.327999999999975,-1.0,3,False,stop
B_nofilter,TSLA,2023-10-17,2023-10-18,255.4,248.23152,4,28.673920000000066,-10.800000000000068,-0.37664888511930156,1,False,close_below_ema20
B_nofilter,MU,2023-10-19,2023-10-20,69.68,67.55238,16,34.04192000000012,-33.92000000000007,-0.9964185333847196,1,False,close_below_ema20
B_nofilter,ANET,2023-10-06,2023-10-23,47.2375,45.74421,24,35.83895999999987,-25.439999999999884,-0.7098420266659516,11,False,close_below_ema20
B_nofilter,META,2023-10-24,2023-10-25,317.36,306.16353000000004,3,33.58940999999993,-22.08000000000004,-0.657350039789329,1,False,close_below_ema20
B_nofilter,LLY,2023-10-24,2023-10-26,588.34,575.56386,1,12.776140000000055,-12.776140000000055,-1.0,2,False,stop
B_nofilter,AVGO,2023-10-24,2023-10-26,87.36,84.197718,12,37.947384000000056,-30.82800000000003,-0.8123880159960429,2,False,close_below_ema20
B_nofilter,PANW,2023-10-25,2023-10-26,126.095,119.29059,8,54.435280000000034,-29.600000000000023,-0.5437649994635833,1,False,close_below_ema20
B_nofilter,VRTX,2023-11-13,2023-11-15,375.88,366.65297999999996,2,18.454040000000077,-11.919999999999959,-0.6459290215042294,2,False,close_below_ema20
B_nofilter,LLY,2023-11-17,2023-11-28,595.09,577.5718499999999,1,17.518150000000105,-3.090000000000032,-0.17638848851048844,6,False,close_below_ema20
B_nofilter,PLTR,2023-11-28,2023-12-04,19.5,18.601380000000002,56,50.32271999999986,-50.32271999999986,-1.0,4,False,stop
B_nofilter,PGR,2023-10-30,2023-12-11,153.63,151.39845000000003,7,15.620849999999791,50.34929999999986,3.223211284917308,29,True,close_below_ema20
B_nofilter,PANW,2023-11-21,2024-01-03,130.725,121.64529059535373,6,54.4782564278776,89.32325642787762,1.6396129811189983,28,True,close_below_ema20
B_nofilter,AMZN,2023-12-05,2024-01-03,145.35,142.66719,7,18.779669999999925,31.496859999999913,1.6771785659705436,19,True,close_below_ema20
B_nofilter,GOOGL,2024-01-03,2024-01-05,139.45,136.34351999999998,8,24.85184000000004,-21.59999999999991,-0.869150936107744,2,False,close_below_ema20
B_nofilter,BKNG,2024-01-05,2024-01-08,137.9468,135.228636,8,21.745312000000013,-11.852799999999888,-0.5450738071727773,1,False,close_below_ema20
B_nofilter,MU,2024-01-04,2024-01-16,83.47,80.49942,13,38.61753999999998,-12.089999999999904,-0.3130701748480072,7,False,close_below_ema20
B_nofilter,INTC,2023-12-11,2024-01-17,43.16,41.12883,26,52.810419999999894,95.19041999999996,1.8024931443453802,24,True,close_below_ema20
B_nofilter,GOOGL,2024-01-18,2024-01-31,142.05,138.7611,8,26.3112000000001,26.3112000000001,1.0,9,True,breakeven_stop
B_nofilter,QCOM,2024-01-31,2024-02-01,148.8,145.42443,8,27.004560000000083,-63.440000000000055,-2.349232870300418,1,False,stop_gap
B_nofilter,VZ,2024-01-17,2024-02-08,39.35,37.82846707883467,30,45.64598763495994,59.89598763495987,1.3121851610257627,16,True,close_below_ema20
B_nofilter,ANET,2024-01-08,2024-02-14,58.75,56.59335,19,40.97634999999998,126.31969999999998,3.082746511097256,26,True,close_below_ema20
B_nofilter,BX,2024-02-08,2024-02-26,126.58,120.08993020065604,9,58.41062819409561,-13.139999999999944,-0.22495905978508532,11,False,close_below_ema20
B_nofilter,REGN,2024-02-14,2024-02-28,947.46,922.1069699999999,1,25.353030000000103,50.70606000000021,2.0,9,False,target_2R_all
B_nofilter,ANET,2024-02-26,2024-03-11,68.436,63.92072650040668,13,58.698555494713254,-14.378000000000114,-0.2449464024935858,10,False,close_below_ema20
B_nofilter,AVGO,2024-02-01,2024-03-12,119.722,117.313569,10,24.08430999999993,78.9743099999999,3.2790771253152,27,True,close_below_ema20
B_nofilter,REGN,2024-03-11,2024-03-12,976.0,952.3367099999999,1,23.663290000000075,-11.559999999999945,-0.4885204043900873,1,False,close_below_ema20
B_nofilter,CRM,2024-03-12,2024-03-15,307.61,295.84386,4,47.06456000000003,-47.06456000000003,-1.0,3,False,stop
B_nofilter,IBM,2024-02-28,2024-03-25,185.13,178.57125,6,39.35250000000002,54.74250000000001,1.3910806174957113,18,True,close_below_ema20
B_nofilter,ABBV,2024-03-25,2024-04-04,179.0,175.55427,7,24.120109999999983,-9.44999999999996,-0.3917892580091868,7,False,close_below_ema20
B_nofilter,NVDA,2024-04-04,2024-04-05,90.406,87.53238,15,43.10430000000004,-53.100000000000094,-1.231895657741804,1,False,close_below_ema20
B_nofilter,NVDA,2024-04-08,2024-04-09,88.7,85.79411999999999,15,43.58820000000016,-18.870000000000147,-0.4329153302958158,1,False,close_below_ema20
B_nofilter,GS,2024-04-09,2024-04-10,412.53,401.06853,3,34.38440999999989,-34.38440999999989,-1.0,1,False,stop
B_nofilter,ISRG,2024-04-10,2024-04-11,391.18,378.24138,3,38.81586000000004,-10.800000000000068,-0.2782367825935083,1,False,close_below_ema20
B_nofilter,AVGO,2024-04-11,2024-04-15,133.575,130.733136,10,28.41863999999987,-28.41863999999987,-1.0,2,False,stop
B_nofilter,QCOM,2024-04-15,2024-04-16,174.27,169.89992999999998,7,30.590490000000187,-33.39000000000007,-1.0915156965449022,1,False,close_below_ema20
B_nofilter,AMZN,2024-03-12,2024-04-18,174.47,171.29853,7,22.200289999999995,47.028819999999996,2.118387642683947,26,True,close_below_ema20
B_nofilter,MU,2024-03-15,2024-04-18,93.45,90.2097,13,42.12390000000006,277.37,6.584622981252913,23,True,close_below_ema20
B_nofilter,NFLX,2024-04-18,2024-04-19,62.097,60.326613,20,35.40773999999999,-106.18000000000009,-2.9987793629302555,1,False,close_below_ema20
B_nofilter,COP,2024-04-19,2024-04-22,129.22,127.12275,10,20.972500000000025,-20.972500000000025,-1.0,1,False,stop
B_nofilter,GOOGL,2024-04-22,2024-04-25,156.36,152.14770000000001,4,16.849199999999996,-20.120000000000005,-1.194121976117561,3,False,stop_gap
B_nofilter,PGR,2024-04-16,2024-04-29,208.78,201.88791,6,41.352539999999976,-4.680000000000007,-0.11317321741300557,9,False,close_below_ema20
B_nofilter,COP,2024-04-25,2024-04-30,129.7,126.81306,9,25.98245999999996,-25.98245999999996,-1.0,3,False,stop
B_nofilter,PGR,2024-04-30,2024-05-01,208.03,205.03476,6,17.971439999999973,6.779999999999973,0.37726526088059625,1,False,close_below_ema20
B_nofilter,WFC,2024-05-01,2024-05-03,59.99,59.2407,21,15.735300000000109,-15.735300000000109,-1.0,2,False,stop
B_nofilter,MS,2024-05-01,2024-05-30,91.83,90.45945,13,17.817149999999927,57.46659999999993,3.225353100804571,20,True,close_below_ema20
B_nofilter,BAC,2024-05-03,2024-05-31,37.49,36.61335,33,28.929450000000166,48.622800000000176,1.6807371035398149,19,True,close_below_ema20
B_nofilter,AXP,2024-05-31,2024-06-03,238.0,234.43533,5,17.823350000000033,-17.823350000000033,-1.0,1,False,stop
B_nofilter,GE,2024-06-03,2024-06-04,166.12,159.90993,7,43.47049000000001,-35.84000000000003,-0.8244673570507262,1,False,close_below_ema20
B_nofilter,JPM,2024-05-30,2024-06-06,198.99,195.2046,6,22.71240000000006,-10.38000000000011,-0.45701907328155905,5,False,close_below_ema20
B_nofilter,GE,2024-06-06,2024-06-07,162.94,158.19164999999998,7,33.238450000000114,-15.680000000000064,-0.4717428159255323,1,False,close_below_ema20
B_nofilter,TXN,2024-06-10,2024-06-17,197.39,190.06974,6,43.92155999999994,-25.319999999999993,-0.5764822560947295,5,False,close_below_ema20
B_nofilter,SYK,2024-06-17,2024-06-21,345.07,340.66899,3,13.203029999999956,-5.370000000000061,-0.4067248199845096,3,False,close_below_ema20
B_nofilter,BSX,2024-04-22,2024-07-02,68.08,66.84308999999999,18,22.26438000000016,120.33000000000004,5.404596939146708,49,True,close_below_ema20
B_nofilter,BKNG,2024-06-04,2024-07-02,151.3772,148.03461719999999,8,26.74066240000002,41.52146240000002,1.5527462176853177,19,True,close_below_ema20
B_nofilter,NFLX,2024-07-02,2024-07-11,67.502,66.16377,19,25.42636999999992,-25.42636999999992,-1.0,6,False,stop
B_nofilter,INTU,2024-07-11,2024-07-12,638.59,622.02735,1,16.562650000000076,-6.9500000000000455,-0.4196188411878542,1,False,close_below_ema20
B_nofilter,GOOGL,2024-06-21,2024-07-17,177.29,173.92589999999998,7,23.548700000000053,42.90460000000007,1.821951954884982,17,True,close_below_ema20
B_nofilter,KLAC,2024-07-02,2024-07-17,82.894,79.06285799999999,15,57.46713000000021,-57.46713000000021,-1.0,10,False,stop
B_nofilter,PGR,2024-07-12,2024-07-17,212.43,207.2925,5,25.687500000000085,27.660000000000082,1.0767883211678828,3,True,close_below_ema20
B_nofilter,COST,2024-07-18,2024-07-19,849.95,837.54162,1,12.40838000000008,-13.440000000000055,-1.083138975434341,1,False,close_below_ema20
B_nofilter,AAPL,2024-07-22,2024-07-24,227.01,222.04773,5,24.811349999999948,-24.811349999999948,-1.0,2,False,stop
B_nofilter,TJX,2024-07-22,2024-07-24,113.52,111.47841,7,14.291129999999995,-14.291129999999995,-1.0,2,False,stop
B_nofilter,BSX,2024-07-22,2024-07-25,77.69,75.19169657086066,16,39.972854866229454,-39.972854866229454,-1.0,3,False,stop
B_nofilter,PGR,2024-07-24,2024-07-25,216.55,212.95683,5,17.965850000000074,-17.965850000000074,-1.0,1,False,stop
B_nofilter,PLTR,2024-07-29,2024-07-30,27.56,25.39458,21,45.47381999999995,-6.509999999999973,-0.14315929473266115,1,False,close_below_ema20
B_nofilter,MS,2024-07-25,2024-08-01,104.0,101.62827,12,28.460759999999993,-28.460759999999993,-1.0,5,False,stop
B_nofilter,C,2024-07-30,2024-08-01,65.34,63.27666000000001,9,18.57005999999997,-18.57005999999997,-1.0,2,False,stop
B_nofilter,ISRG,2024-08-01,2024-08-05,447.31,431.12844,2,32.36311999999998,-32.36311999999998,-1.0,2,False,stop
B_nofilter,T,2024-07-25,2024-08-06,19.23,18.44696821476984,65,50.89706603996048,-22.09999999999999,-0.43420970439924306,8,False,close_below_ema20
B_nofilter,LOW,2024-08-06,2024-08-07,240.99,232.50726,4,33.93096000000003,-33.93096000000003,-1.0,1,False,stop
B_nofilter,NOW,2024-08-06,2024-08-08,158.19,149.07077999999998,6,54.71532000000008,1.2600000000000477,0.02302828531387637,2,False,close_below_ema20
B_nofilter,FISV,2024-08-07,2024-08-08,159.39,154.01583,7,37.619189999999946,-17.5,-0.4651881127690422,1,False,close_below_ema20
B_nofilter,BLK,2024-08-06,2024-08-13,848.92,814.0891176781486,1,34.83088232185139,-4.439999999999941,-0.1274730843443055,5,False,close_below_ema20
B_nofilter,CB,2024-08-08,2024-08-23,269.85,262.09764,4,31.00944000000004,13.919999999999845,0.4488955621255923,11,False,time_stop_10d
B_nofilter,GS,2024-08-09,2024-08-26,487.73,457.64221902904654,1,30.087780970953474,24.610000000000014,0.8179400143785389,11,False,time_stop_10d
B_nofilter,NOW,2024-08-26,2024-08-28,166.9,162.837,6,24.3780000000001,-24.3780000000001,-1.0,2,False,stop
B_nofilter,BLK,2024-08-23,2024-08-30,869.5,852.90624,1,16.593759999999975,33.18751999999995,2.0,5,False,target_2R_all
B_nofilter,GE,2024-08-28,2024-09-03,171.5,168.60123000000002,6,17.39261999999991,-17.39261999999991,-1.0,3,False,stop
B_nofilter,MS,2024-08-30,2024-09-03,102.92,101.17872,8,13.930240000000026,-13.930240000000026,-1.0,1,False,stop
B_nofilter,META,2024-09-03,2024-09-04,523.54,511.93755000000004,2,23.20489999999984,-34.93999999999994,-1.505716465056957,1,False,close_below_ema20
B_nofilter,TJX,2024-09-05,2024-09-06,117.82,116.13375,9,15.176249999999882,-15.176249999999882,-1.0,1,False,stop
B_nofilter,JPM,2024-08-13,2024-09-09,207.73,197.95065318827042,5,48.89673405864784,37.30000000000004,0.7628321342538253,18,False,close_below_ema20
B_nofilter,AXP,2024-09-06,2024-09-09,253.17,248.12163,4,20.19347999999991,-19.67999999999995,-0.9745719905632927,1,False,close_below_ema20
B_nofilter,RTX,2024-09-09,2024-09-11,120.77,117.95192999999999,9,25.362630000000053,-25.362630000000053,-1.0,2,False,stop
B_nofilter,PLD,2024-09-03,2024-09-18,127.97,124.51536,6,20.727839999999986,5.099999999999966,0.2460458976912196,11,False,time_stop_10d
B_nofilter,COST,2024-09-09,2024-09-24,893.2,867.8313,1,25.36869999999999,18.809999999999945,0.741464876008623,11,False,time_stop_10d
B_nofilter,AMGN,2024-09-11,2024-09-25,329.23,318.681,3,31.647000000000105,-0.6900000000000546,-0.021803014503746082,10,False,close_below_ema20
B_nofilter,SPGI,2024-09-25,2024-09-26,491.4948,484.8599547,2,13.26969059999999,-11.86379999999997,-0.8940524958434206,1,False,close_below_ema20
B_nofilter,ISRG,2024-09-19,2024-09-27,492.0,479.10042,2,25.79916000000003,-25.79916000000003,-1.0,6,False,stop
B_nofilter,AAPL,2024-09-26,2024-10-01,227.3,223.79598000000001,4,14.016079999999988,-14.016079999999988,-1.0,3,False,stop
B_nofilter,NOW,2024-10-01,2024-10-02,179.718,174.111714,5,28.031429999999915,-29.58999999999989,-1.0556008023850363,1,False,close_below_ema20
B_nofilter,NEE,2024-09-27,2024-10-07,84.6,81.51036527618406,13,40.16525140960714,-40.16525140960714,-1.0,6,False,stop
B_nofilter,AVGO,2024-10-02,2024-10-24,172.25,165.63420000000002,5,33.078999999999894,32.49319999999989,0.9822908794098972,16,True,close_below_ema20
B_nofilter,UBER,2024-10-07,2024-10-25,74.32,71.8281,15,37.3784999999998,85.28000000000014,2.281525475875185,14,True,close_below_ema20
B_nofilter,ANET,2024-10-25,2024-10-28,99.975,95.4819225,12,53.91692999999998,-0.11999999999989086,-0.0022256460076619886,1,False,close_below_ema20
B_nofilter,ICE,2024-10-24,2024-10-31,166.03,163.15668,7,20.113240000000047,-46.970000000000056,-2.335277657900962,5,False,stop_gap
B_nofilter,AAPL,2024-10-28,2024-10-31,233.32,227.53224,5,28.938799999999958,-19.89999999999995,-0.6876580922498506,3,False,close_below_ema20
B_nofilter,SBUX,2024-10-31,2024-11-05,98.15,96.25365,12,22.75620000000015,-22.75620000000015,-1.0,3,False,stop
B_nofilter,SYK,2024-11-05,2024-12-06,369.69,355.20444,3,43.45668000000006,40.19999999999993,0.925059162365829,22,False,close_below_ema20
B_nofilter,TMUS,2024-09-24,2024-12-10,202.88,195.27453,4,30.421879999999987,94.34188,3.101119325958818,54,True,close_below_ema20
B_nofilter,BMY,2024-12-06,2024-12-11,59.23,57.532410000000006,20,33.95179999999982,-33.95179999999982,-1.0,3,False,stop
B_nofilter,CSCO,2024-12-11,2024-12-12,58.88,58.071870000000004,19,15.35446999999997,-3.610000000000092,-0.23511068763689652,1,False,close_below_ema20
B_nofilter,GILD,2024-12-10,2024-12-13,92.15,89.77014,13,30.938180000000102,-30.938180000000102,-1.0,3,False,stop
B_nofilter,T,2024-12-12,2024-12-16,23.58,23.08689,48,23.6692799999999,-23.6692799999999,-1.0,2,False,stop
B_nofilter,ISRG,2024-12-16,2024-12-17,547.1,531.60786,2,30.984280000000126,-30.984280000000126,-1.0,1,False,stop
B_nofilter,PANW,2024-12-16,2024-12-18,201.25,193.67113500000002,5,37.894324999999895,-37.894324999999895,-1.0,2,False,stop
B_nofilter,GILD,2024-12-17,2024-12-19,93.26,89.11490305417882,12,49.74116334985416,-34.31999999999999,-0.6899717997870393,2,False,close_below_ema20
B_nofilter,BLK,2024-12-18,2024-12-19,1059.75,1037.23173,1,22.51827000000003,-19.230000000000018,-0.8539732403954652,1,False,close_below_ema20
B_nofilter,WMT,2024-10-31,2024-12-23,81.83,81.2187,14,8.5582,76.24820000000001,8.90937346638312,36,True,close_below_ema20
B_nofilter,AMZN,2024-12-23,2024-12-30,226.21,218.51127,3,23.096190000000036,-23.096190000000036,-1.0,4,False,stop
B_nofilter,NFLX,2024-12-20,2024-12-31,91.262,88.567344,12,32.33587199999994,-12.983999999999924,-0.40153548356450536,6,False,close_below_ema20
B_nofilter,GILD,2024-12-20,2024-12-31,91.48,89.06085,11,26.61065000000002,12.209999999999994,0.4588388483558269,6,False,close_below_ema20
B_nofilter,TSLA,2024-12-31,2025-01-02,427.0,414.99459,2,24.010819999999967,-73.79999999999995,-3.0736143122142456,1,False,close_below_ema20
B_nofilter,DIS,2025-01-02,2025-01-03,111.7,109.72017,9,17.81847000000006,-2.9699999999999847,-0.1666809776596966,1,False,close_below_ema20
B_nofilter,CSCO,2025-01-02,2025-01-06,59.38,58.351589999999995,18,18.511380000000145,-8.460000000000107,-0.45701617059344257,2,False,close_below_ema20
B_nofilter,PLTR,2025-01-03,2025-01-07,76.53,72.34758000000001,12,50.18903999999992,-50.18903999999992,-1.0,2,False,stop
B_nofilter,AXP,2025-01-03,2025-01-10,300.68,293.83587,2,13.688260000000014,-13.688260000000014,-1.0,4,False,stop
B_nofilter,TJX,2025-01-10,2025-01-13,122.01,119.39049,8,20.956080000000043,-15.600000000000023,-0.7444140316318697,1,False,close_below_ema20
B_nofilter,ANET,2025-01-14,2025-01-27,114.61,108.982908,9,50.64382800000004,21.330000000000055,0.42117669304145094,8,True,stop_gap
B_nofilter,AXP,2025-01-14,2025-02-11,299.6,290.86884000000003,3,26.193479999999965,35.32231999999988,1.3485157375041392,19,True,close_below_ema20
B_nofilter,JPM,2025-01-14,2025-02-21,244.54,238.50126,2,12.07747999999998,35.85748000000001,2.968953788373077,26,True,close_below_ema20
B_nofilter,SCHW,2025-02-21,2025-02-24,82.17,79.86006,14,32.339159999999964,-16.659999999999968,-0.5151648960579058,1,False,close_below_ema20
B_nofilter,COST,2025-02-24,2025-02-27,1036.21,1023.6554199000001,1,12.554580099999953,-12.554580099999953,-1.0,3,False,stop
B_nofilter,IBM,2025-01-28,2025-02-28,224.32,219.62016,4,18.79935999999998,104.44000000000005,5.555508272622056,22,True,close_below_ema20
B_nofilter,ORCL,2025-02-27,2025-02-28,173.87,164.27555999999998,6,57.56664000000012,-64.55999999999995,-1.121482858822398,1,False,close_below_ema20
B_nofilter,GE,2025-02-28,2025-03-04,205.47,195.68124840644853,5,48.943757967757335,-37.349999999999994,-0.7631208054069948,2,False,close_below_ema20
B_nofilter,C,2025-03-03,2025-03-04,80.0,76.38354,14,50.63044000000005,-76.43999999999991,-1.5097636915657822,1,False,close_below_ema20
B_nofilter,UBER,2025-03-05,2025-03-07,76.68,71.52839999999999,10,51.51600000000016,-26.90000000000012,-0.5221678701762567,2,False,close_below_ema20
B_nofilter,TMUS,2025-03-07,2025-03-11,263.97,257.22252000000003,4,26.989919999999984,-26.989919999999984,-1.0,2,False,stop
B_nofilter,GILD,2025-02-11,2025-03-19,96.17,94.46544,11,18.750160000000008,108.96999999999994,5.811683740298744,25,True,close_below_ema20
B_nofilter,PM,2025-03-11,2025-03-20,151.66,149.50035,7,15.117549999999994,12.957899999999995,0.8571428571428571,7,True,breakeven_stop
B_nofilter,BMY,2025-03-19,2025-03-26,60.26,58.30164,18,35.25047999999998,-16.91999999999996,-0.4799934639187883,5,False,close_below_ema20
B_nofilter,PGR,2025-03-26,2025-03-27,276.25,267.12261,3,27.382169999999974,-7.769999999999925,-0.2837612943020927,1,False,close_below_ema20
B_nofilter,RTX,2025-03-07,2025-04-04,128.86,125.83403999999999,7,21.181720000000183,6.7157600000001025,0.3170545168192217,20,True,close_below_ema20
B_nofilter,PM,2025-03-26,2025-04-04,152.38,149.94989999999999,7,17.01070000000007,14.58060000000006,0.8571428571428571,7,True,breakeven_stop
B_nofilter,PGR,2025-03-28,2025-04-04,275.22,267.12261,3,24.292170000000056,-24.292170000000056,-1.0,5,False,stop
B_nofilter,PM,2025-04-10,2025-04-11,152.94,144.93492,6,48.030479999999955,-6.360000000000014,-0.1324159158934081,1,False,close_below_ema20
B_nofilter,BRK-B,2025-04-11,2025-04-17,521.41,486.7521026670912,1,34.65789733290876,-2.509999999999991,-0.07242216617730779,4,False,close_below_ema20
B_nofilter,PGR,2025-04-10,2025-04-21,272.85,253.31988134235718,2,39.06023731528569,-17.340000000000032,-0.4439297145082695,6,False,close_below_ema20
B_nofilter,VRTX,2025-04-25,2025-05-06,494.1,472.4271,1,21.672900000000027,-28.54000000000002,-1.316851921062709,7,False,stop_gap
B_nofilter,TJX,2025-04-23,2025-05-08,127.19,122.12775,8,40.497999999999934,15.039999999999964,0.37137636426490167,11,False,time_stop_10d
B_nofilter,MCD,2025-05-08,2025-05-09,319.24,310.36932,3,26.61203999999998,-19.020000000000095,-0.7147140918170914,1,False,close_below_ema20
B_nofilter,T,2025-05-06,2025-05-12,27.69,27.13284,39,21.729239999999987,-23.400000000000055,-1.0768899418479463,4,False,stop_gap
B_nofilter,PM,2025-04-14,2025-05-13,155.44,146.619459123351,6,52.92324525989403,81.51324525989403,1.540216304945039,20,True,close_below_ema20
B_nofilter,WMT,2025-05-12,2025-05-13,97.67,96.19371000000001,11,16.23918999999991,-16.23918999999991,-1.0,1,False,stop
B_nofilter,WMT,2025-05-14,2025-05-15,97.32,95.13477,10,21.8522999999999,-30.19999999999996,-1.3820055554792905,1,False,stop_gap
B_nofilter,BSX,2025-05-15,2025-06-02,103.48,101.71817999999999,10,17.618200000000144,17.618200000000144,1.0,11,True,breakeven_stop
B_nofilter,T,2025-06-02,2025-06-05,27.8,27.13284,38,25.352079999999965,-14.060000000000038,-0.5545896036932693,3,False,close_below_ema20
B_nofilter,ICE,2025-05-15,2025-06-10,174.0,170.40942,6,21.54347999999993,12.0,0.5570130730968273,17,False,close_below_ema20
B_nofilter,WMT,2025-06-10,2025-06-11,97.85,96.67322999999999,10,11.767700000000048,-5.599999999999881,-0.4758788888227825,1,False,close_below_ema20
B_nofilter,PM,2025-05-16,2025-06-26,169.6,162.20763,3,22.17711,37.28474,1.6812262733963081,27,True,close_below_ema20
B_nofilter,PLTR,2025-06-09,2025-06-30,128.13,118.81107,5,46.59464999999997,66.25571999999997,1.4219598172751595,14,True,close_below_ema20
B_nofilter,PM,2025-06-30,2025-07-01,181.3,178.02179999999998,6,19.66920000000016,-19.66920000000016,-1.0,1,False,stop
B_nofilter,ABT,2025-07-01,2025-07-03,136.26,132.24761999999998,8,32.09904000000006,-12.720000000000027,-0.39627353341408356,2,False,close_below_ema20
B_nofilter,PANW,2025-07-03,2025-07-10,197.92,194.71509,5,16.02454999999992,12.819639999999936,0.8,4,True,breakeven_stop
B_nofilter,NFLX,2025-06-11,2025-07-11,122.752,117.94293900000001,8,38.472487999999885,51.38048799999996,1.3355124836220655,20,True,close_below_ema20
B_nofilter,META,2025-07-14,2025-07-16,725.16,708.9903,1,16.16969999999992,-11.789999999999964,-0.7291415425147048,2,False,close_below_ema20
B_nofilter,GE,2025-07-10,2025-08-14,251.72,243.09666,4,34.49335999999994,78.70000000000005,2.281598545343225,25,True,close_below_ema20
B_nofilter,SCHW,2025-07-17,2025-08-14,91.99,89.86005,12,25.559399999999926,57.77939999999995,2.2605929716660063,20,True,close_below_ema20
B_nofilter,RTX,2025-06-26,2025-08-18,142.42,140.32953,7,14.633289999999874,60.58281999999997,4.14006829632984,36,True,close_below_ema20
B_nofilter,WMT,2025-08-18,2025-08-21,100.77,99.44046,11,14.624939999999938,-14.959999999999994,-1.0229101794605693,3,False,stop_gap
B_nofilter,LRCX,2025-08-20,2025-08-21,100.99,98.1018,7,20.217399999999984,-15.609999999999928,-0.7721071947926015,1,False,close_below_ema20
B_nofilter,GE,2025-08-21,2025-08-25,268.94,263.5362,4,21.61519999999996,-7.759999999999991,-0.35900662496761565,2,False,close_below_ema20
B_nofilter,UBER,2025-08-14,2025-09-02,92.2,88.82109,12,40.54692000000006,0.7200000000000273,0.01775720572610759,12,False,time_stop_10d
B_nofilter,NVDA,2025-08-25,2025-09-02,178.59,169.26842270928887,6,55.9294637442668,-51.54000000000002,-0.921517864638623,5,False,close_below_ema20
B_nofilter,UBER,2025-09-03,2025-09-04,93.537,91.51839,12,24.223320000000115,-5.1240000000000805,-0.21153169755425996,1,False,close_below_ema20
B_nofilter,TMUS,2025-09-02,2025-09-08,253.15,248.61114,4,18.15544,-48.08000000000004,-2.6482420695945703,4,False,stop_gap
B_nofilter,C,2025-09-04,2025-10-02,95.3,92.86703999999999,12,29.1955200000001,51.87552000000011,1.776831513876099,20,True,close_below_ema20
B_nofilter,BAC,2025-09-09,2025-10-02,49.91,48.831120000000006,22,23.7353599999998,31.875359999999823,1.342948242621982,17,True,close_below_ema20
B_nofilter,QCOM,2025-10-02,2025-10-08,167.75,164.32551,7,23.97142999999994,-10.569999999999936,-0.440941570861645,4,False,close_below_ema20
B_nofilter,GS,2025-10-03,2025-10-09,791.0,771.6675600000001,1,19.332439999999906,-12.149999999999977,-0.6284773158483894,4,False,close_below_ema20
B_nofilter,TSLA,2025-10-10,2025-10-13,436.54,416.16342,2,40.75316000000009,-26.020000000000095,-0.6384780959317029,1,False,close_below_ema20
B_nofilter,ETN,2025-10-10,2025-10-13,381.87,367.12251000000003,3,44.24246999999991,-21.41999999999996,-0.48415018420083694,1,False,close_below_ema20
B_nofilter,ANET,2025-08-21,2025-10-15,132.119,127.45242,5,23.33289999999998,43.56931999999995,1.8672912496946366,38,True,close_below_ema20
B_nofilter,PLTR,2025-10-14,2025-10-22,179.22,170.59923,6,51.72461999999996,-51.72461999999996,-1.0,6,False,stop
B_nofilter,NVDA,2025-10-22,2025-10-23,182.79,177.11271,6,34.063739999999996,-14.220000000000027,-0.41745269309829247,1,False,close_below_ema20
B_nofilter,TSLA,2025-10-15,2025-10-31,434.9,411.03855,2,47.72289999999998,23.700000000000045,0.49661692814141756,12,False,time_stop_10d
B_nofilter,JNJ,2025-10-31,2025-11-04,189.38,184.47534,6,29.42796000000004,-15.299999999999898,-0.5199137147121267,2,False,close_below_ema20
B_nofilter,ANET,2025-10-23,2025-11-06,147.49,136.65321,5,54.18395000000004,-34.20000000000002,-0.631183219385076,10,False,close_below_ema20
B_nofilter,MS,2025-11-04,2025-11-07,164.66,161.40842999999998,7,22.760990000000106,-22.760990000000106,-1.0,3,False,stop
B_nofilter,INTC,2025-11-06,2025-11-07,38.69,36.59337,27,56.609009999999934,-38.60999999999999,-0.6820469038409264,1,False,close_below_ema20
B_nofilter,RTX,2025-11-07,2025-11-13,175.39,173.4264,6,11.781599999999912,11.781599999999912,1.0,4,True,breakeven_stop
B_nofilter,LRCX,2025-10-15,2025-11-14,144.0,133.15147509174994,5,54.24262454125028,53.924099633000196,0.9941277747722577,22,True,close_below_ema20
B_nofilter,GE,2025-11-07,2025-11-14,308.03,301.13856,3,20.674319999999966,-21.179999999999836,-1.0244593292548374,5,False,close_below_ema20
B_nofilter,PLD,2025-11-19,2025-11-20,124.25,122.18769,8,16.498479999999972,-4.7999999999999545,-0.2909358922761347,1,False,close_below_ema20
B_nofilter,C,2025-11-20,2025-11-21,101.07,96.28362,10,47.86379999999994,-29.399999999999977,-0.6142429142692393,1,False,close_below_ema20
B_nofilter,MS,2025-11-20,2025-11-21,164.2,157.63221,6,39.40674000000001,-26.519999999999925,-0.6729813224844257,1,False,close_below_ema20
B_nofilter,ABBV,2025-11-21,2025-11-26,234.95,227.772,4,28.71199999999999,-28.71199999999999,-1.0,3,False,stop
B_nofilter,TMO,2025-11-20,2025-12-05,574.62,555.90354,1,18.716459999999984,3.3799999999999955,0.18058970553192208,10,False,close_below_ema20
B_nofilter,REGN,2025-12-05,2025-12-08,735.0,719.3499300000001,1,15.650069999999914,-15.650069999999914,-1.0,1,False,stop
B_nofilter,PLD,2025-11-21,2025-12-09,125.55,121.27860000000001,8,34.171199999999885,14.800000000000068,0.4331132649716755,11,False,time_stop_10d
B_nofilter,JNJ,2025-12-09,2025-12-10,203.26,200.60919,4,10.603239999999914,-10.67999999999995,-1.0072392966678143,1,False,close_below_ema20
B_nofilter,GS,2025-11-26,2025-12-11,805.84,758.996798979688,1,46.843201020311994,93.68640204062399,2.0,10,False,target_2R_all
B_nofilter,AAPL,2025-12-09,2025-12-11,279.67,275.87385,3,11.388450000000034,-11.388450000000034,-1.0,2,False,stop
B_nofilter,AAPL,2025-12-15,2025-12-16,280.15,273.53619,2,13.227620000000002,-14.659999999999968,-1.1082870539068983,1,False,close_below_ema20
B_nofilter,PLD,2025-12-10,2025-12-17,128.23,126.48339,7,12.226269999999928,-4.969999999999956,-0.40650173765179287,5,False,close_below_ema20
B_nofilter,PLD,2025-12-18,2025-12-19,129.03,126.96291000000001,8,16.536719999999946,-6.0,-0.36282890440184146,1,False,close_below_ema20
B_nofilter,BAC,2025-12-11,2025-12-30,54.55,53.216730000000005,20,26.665399999999835,18.800000000000097,0.7050334890907398,12,False,time_stop_10d
B_nofilter,AMAT,2025-12-19,2026-01-02,260.82,246.67308,3,42.44075999999998,18.779999999999973,0.44249914469015117,8,False,close_below_ema20
B_nofilter,BAC,2026-01-02,2026-01-12,55.42,54.87507,19,10.353670000000015,8.508739999999989,0.8218090783268133,6,True,stop_gap
B_nofilter,JPM,2026-01-05,2026-01-13,325.73,320.41926,3,15.93222000000003,-15.93222000000003,-1.0,6,False,stop
B_nofilter,MS,2025-12-19,2026-01-15,177.07,172.40742,4,18.650319999999965,26.51031999999998,1.421440490029127,17,True,close_below_ema20
B_nofilter,GE,2026-01-12,2026-01-20,322.3,309.95973,3,37.0208100000001,-37.0208100000001,-1.0,5,False,stop
B_nofilter,PLD,2026-01-13,2026-01-23,130.05,125.90547143643074,8,33.156228508554136,-24.960000000000036,-0.7527997339492484,7,False,close_below_ema20
B_nofilter,SCHW,2026-01-15,2026-02-02,102.2,99.5004,7,18.897200000000026,10.710000000000008,0.5667506297229216,11,False,time_stop_10d
B_nofilter,AMD,2026-02-02,2026-02-04,245.24,234.31545,4,43.69820000000004,-120.96000000000004,-2.768077403645915,2,False,stop_gap
B_nofilter,GOOGL,2026-01-21,2026-02-05,327.73,320.10957,2,15.240859999999998,-0.26913999999999305,-0.017659108475505524,11,True,stop_gap
B_nofilter,AMZN,2026-01-23,2026-02-05,235.72,226.65312,4,36.26751999999999,-43.24000000000001,-1.1922513587915584,9,False,close_below_ema20
B_nofilter,MU,2026-02-06,2026-02-11,390.93,363.5361,1,27.39390000000003,4.4599999999999795,0.1628099686426531,3,False,close_below_ema20
B_nofilter,MS,2026-02-10,2026-02-11,183.82,174.2517864875228,5,47.841067562386,-20.249999999999915,-0.42327650764886016,1,False,close_below_ema20
B_nofilter,NVDA,2026-02-09,2026-02-17,187.0,174.06988924614825,3,38.79033226155525,-15.75,-0.40602900469635017,5,False,close_below_ema20
B_nofilter,LOW,2026-02-20,2026-02-23,282.11,276.45327000000003,3,16.970189999999945,-16.970189999999945,-1.0,1,False,stop
B_nofilter,CSCO,2026-02-23,2026-02-24,79.33,74.5523515607066,10,47.77648439293401,-15.900000000000034,-0.3327997068438881,1,False,close_below_ema20
B_nofilter,RTX,2026-02-11,2026-02-25,196.41,192.88692,5,17.615399999999966,20.242320000000007,1.1491263326407601,9,True,close_below_ema20
B_nofilter,REGN,2026-02-12,2026-02-25,784.8,744.32493,1,40.47506999999996,-10.669999999999959,-0.26361906230180626,8,False,close_below_ema20
B_nofilter,WMT,2026-02-24,2026-02-27,126.8,120.92895,7,41.09734999999998,-8.960000000000008,-0.21801892336123893,3,False,close_below_ema20
B_nofilter,LMT,2026-02-27,2026-03-02,648.09,633.4059599999999,1,14.684040000000095,37.40999999999997,2.5476639943775505,1,False,target_2R_all
B_nofilter,REGN,2026-02-27,2026-03-04,784.5,753.03621,1,31.463790000000017,-17.450000000000045,-0.554605786524765,3,False,close_below_ema20
B_nofilter,WMT,2026-03-02,2026-03-05,128.6,121.72065366603202,7,48.15542433777581,-48.15542433777581,-1.0,3,False,stop
B_nofilter,ADI,2026-03-04,2026-03-05,344.04,334.74492,2,18.590160000000083,-18.590160000000083,-1.0,1,False,stop
B_nofilter,GE,2026-03-05,2026-03-06,340.25,328.75092,2,22.998159999999984,-33.15999999999997,-1.4418544787930856,1,False,close_below_ema20
B_nofilter,LMT,2026-03-06,2026-03-10,663.0,646.58277,1,16.417230000000018,-16.417230000000018,-1.0,2,False,stop
B_nofilter,XOM,2026-03-06,2026-03-10,153.15,147.71214,6,32.62716,-32.62716,-1.0,2,False,stop
B_nofilter,RTX,2026-02-27,2026-03-13,198.68,192.42738,4,25.01048000000003,36.57048000000003,1.462206243142874,10,True,close_below_ema20
B_nofilter,AMGN,2026-03-10,2026-03-13,378.82,361.0386,2,35.56280000000004,-16.279999999999973,-0.45778172697312797,3,False,close_below_ema20
B_nofilter,JNJ,2026-03-10,2026-03-16,244.09,235.3030055854686,3,26.360983243594177,-0.5100000000000477,-0.01934677456023875,4,False,close_below_ema20
B_nofilter,WMT,2026-03-13,2026-03-18,125.39,121.49838,7,27.241340000000022,-7.420000000000016,-0.27238013989032883,3,False,close_below_ema20
B_nofilter,RTX,2026-03-16,2026-03-18,206.29,199.8999,4,25.56039999999996,-7.919999999999959,-0.3098543058794061,2,False,close_below_ema20
B_nofilter,CSCO,2026-03-17,2026-03-19,79.18,75.1503828697809,8,32.23693704175287,-13.040000000000077,-0.40450493119463665,2,False,close_below_ema20
B_nofilter,NEE,2026-03-20,2026-03-23,92.74,90.2097,10,25.30299999999997,-16.999999999999886,-0.6718570920444179,1,False,close_below_ema20
B_nofilter,NEE,2026-03-25,2026-03-26,92.5,89.08083,10,34.19169999999994,-7.999999999999972,-0.23397491204005608,1,False,close_below_ema20
B_nofilter,JNJ,2026-03-26,2026-03-27,241.46,232.8725201151799,3,25.762439654460337,-0.8100000000000307,-0.03144112168195968,1,False,close_below_ema20
B_nofilter,PFE,2026-03-26,2026-03-30,27.53,26.41356,24,26.79456000000002,-2.6399999999999864,-0.09852746229085249,2,False,close_below_ema20
B_nofilter,NEE,2026-03-27,2026-03-30,92.0,89.08083,8,23.353359999999952,5.67999999999995,0.2432198193322058,1,False,close_below_ema20
B_nofilter,VZ,2026-03-23,2026-04-02,50.46,48.86109,18,28.780380000000065,-11.699999999999974,-0.40652694648228926,8,False,close_below_ema20
B_nofilter,XOM,2026-04-07,2026-04-08,164.22,159.37047,5,24.247649999999936,-53.49999999999994,-2.2063993830329984,1,False,stop_gap
B_nofilter,CVX,2026-04-07,2026-04-08,199.97,194.71509,4,21.01963999999998,-34.24000000000001,-1.6289527318260464,1,False,stop_gap
B_nofilter,JNJ,2026-04-09,2026-04-13,241.33,233.6661,2,15.327800000000025,-7.240000000000009,-0.47234436775010097,2,False,close_below_ema20
B_nofilter,TJX,2026-04-08,2026-04-14,161.46,157.27257,5,20.93715000000003,-14.849999999999994,-0.7092655877232561,4,False,close_below_ema20
B_nofilter,MRK,2026-04-08,2026-04-16,119.6,116.3835,7,22.515499999999975,-17.289999999999992,-0.7679154360329556,6,False,close_below_ema20
B_nofilter,TJX,2026-04-15,2026-04-16,160.37,157.17267,3,9.591989999999981,-9.591989999999981,-1.0,1,False,stop
B_nofilter,TJX,2026-04-20,2026-04-22,161.4,156.26358,5,25.682100000000077,-10.0,-0.3893762581720331,2,False,close_below_ema20
B_nofilter,SBUX,2026-04-23,2026-04-28,99.97,96.75314999999999,8,25.734800000000064,-25.734800000000064,-1.0,3,False,stop
B_nofilter,JPM,2026-04-28,2026-04-30,315.2,306.57312,2,17.253759999999943,-17.253759999999943,-1.0,2,False,stop
B_nofilter,LIN,2026-04-24,2026-05-01,508.26,488.9885148754101,1,19.2714851245899,-4.899999999999977,-0.2542616704587914,5,False,close_below_ema20
B_nofilter,WMT,2026-04-30,2026-05-11,128.08,125.78408999999999,6,13.775460000000123,13.775460000000123,1.0,7,True,breakeven_stop
B_nofilter,AMAT,2026-05-01,2026-05-19,396.01,376.69293,2,38.63414,46.994140000000016,1.2163889244072732,12,True,close_below_ema20
B_nofilter,WMT,2026-05-12,2026-05-21,130.6,126.25362,7,30.424659999999975,-43.329999999999984,-1.4241736801660239,7,False,stop_gap
B_nofilter,AMAT,2026-05-21,2026-06-02,427.5,396.97263,1,30.52737000000002,61.05474000000004,2.0,7,False,target_2R_all
B_nofilter,TXN,2026-06-03,2026-06-05,308.64,289.64007,2,37.99986000000001,-37.99986000000001,-1.0,2,False,stop
B_nofilter,LRCX,2026-05-20,2026-06-08,279.58,263.44629,2,32.267420000000016,74.16000000000003,2.29829344893394,12,True,close_below_ema20
B_nofilter,LIN,2026-06-05,2026-06-09,512.29,492.9894641303777,1,19.30053586962225,-4.339999999999975,-0.2248642229064139,2,False,close_below_ema20
B_nofilter,MRK,2026-06-11,2026-06-15,120.04,117.14274,8,23.178080000000023,-23.178080000000023,-1.0,2,False,stop
B_nofilter,CSCO,2026-04-15,2026-06-18,82.65,81.16875,10,14.812500000000028,194.56249999999997,13.135021097046387,45,True,close_below_ema20
B_nofilter,AAPL,2026-06-16,2026-06-18,297.78,287.09262,3,32.062139999999886,0.9900000000001228,0.030877539677642424,2,False,close_below_ema20
B_nofilter,AAPL,2026-06-22,2026-06-23,300.57,287.09262,2,26.954759999999965,-6.059999999999945,-0.224821144762556,1,False,close_below_ema20
B_nofilter,LIN,2026-06-23,2026-06-30,523.88,506.61288,1,17.267119999999977,-11.519999999999982,-0.6671639509078524,5,False,close_below_ema20
B_nofilter,ETN,2026-06-30,2026-07-02,411.74,397.72188,2,28.03624000000002,-28.03624000000002,-1.0,2,False,stop
B_nofilter,C,2026-07-02,2026-07-08,141.88,138.12174,7,26.30782000000005,-26.30782000000005,-1.0,3,False,stop
B_nofilter,AMD,2026-07-09,2026-07-16,537.27,497.65184999999997,1,39.618150000000014,-39.618150000000014,-1.0,5,False,stop
B_nofilter,PANW,2026-06-10,2026-07-24,266.44,250.89885,3,46.62344999999996,154.38229999999993,3.311258604843701,30,True,close_below_ema20
B_nofilter,UNH,2026-06-22,2026-07-27,406.2,398.19140999999996,2,16.017180000000053,32.327180000000055,2.018281620110403,24,True,close_below_ema20
B_nofilter,SBUX,2026-07-27,2026-07-28,105.16,101.82807000000001,9,29.98736999999987,6.030000000000015,0.201084656640447,1,False,close_below_ema20
B_nofilter,UNH,2026-07-28,2026-07-30,422.88,412.12746000000004,2,21.505079999999907,-15.379999999999995,-0.7151798551784072,2,False,close_below_ema20
B_nofilter,ABBV,2026-07-16,2026-07-31,247.75,242.82693,4,19.692279999999982,19.692279999999982,1.0,11,True,breakeven_stop
B_nofilter,PLD,2026-07-24,2026-08-03,145.79,142.17767999999998,6,21.673920000000066,-6.119999999999891,-0.2823670106745744,6,False,close_below_ema20
B_nofilter,SBUX,2026-07-30,2026-08-04,107.22,101.92678536413149,9,47.63893172281658,-37.43999999999997,-0.7859118298000823,3,False,close_below_ema20
B_nofilter,GE,2026-08-03,2026-08-14,363.79,347.31234,2,32.95532000000003,-2.580000000000041,-0.07828781513880122,9,False,close_below_ema20
B_nofilter,UNP,2026-07-31,2026-08-17,293.87,284.50521000000003,2,18.72957999999994,2.9600000000000364,0.1580387814355712,11,False,time_stop_10d
B_nofilter,DE,2026-08-04,2026-08-17,616.23,589.46994,1,26.760060000000067,-9.860000000000014,-0.3684595624972436,9,False,close_below_ema20
B_nofilter,GE,2026-08-17,2026-08-19,368.69,359.19045,2,18.9991,-18.9991,-1.0,2,False,stop
B_nofilter,SBUX,2026-08-24,2026-08-26,107.41,102.86703,8,36.343759999999975,-10.240000000000009,-0.28175400674008455,2,False,close_below_ema20
B_nofilter,PM,2026-08-26,2026-08-31,195.0,187.80201,4,28.791960000000017,-28.791960000000017,-1.0,3,False,stop
B_nofilter,COP,2026-08-28,2026-09-04,130.2,127.872,7,16.29599999999992,30.640000000000043,1.8802160039273559,5,True,end_of_test
B_nofilter,AAPL,2026-08-28,2026-09-04,316.85,306.70299,2,20.294020000000046,6.240000000000009,0.3074797403373011,5,False,end_of_test
B_nofilter,DE,2026-08-31,2026-09-04,648.0,616.59279,1,31.407209999999964,45.52999999999997,1.4496671305728852,4,False,end_of_test
