version,ticker,entry_date,exit_date,entry,init_stop,shares,risk_dollars,pnl,R,days_held,partial_taken,exit_reason
A_nofilter,INTU,2011-01-03,2011-01-05,49.68,48.81114,115,99.91889999999977,-99.91889999999977,-1.0,2,False,stop
A_nofilter,SBUX,2011-01-10,2011-01-12,16.43,15.879105,186,102.4664700000001,-26.040000000000106,-0.2541319126149274,2,False,close_below_ema20
A_nofilter,TMUS,2011-01-03,2011-01-19,25.52,24.6753,118,99.67459999999994,116.19460000000001,1.1657393157333973,11,True,close_below_ema20
A_nofilter,UNP,2011-01-07,2011-01-20,46.73,45.94401,129,101.39270999999977,100.60671999999977,0.9922480620155039,8,True,breakeven_stop
A_nofilter,BKNG,2011-01-05,2011-01-21,16.7048,15.9512328,135,101.73157199999989,41.5260000000001,0.408191863977096,11,False,close_below_ema20
A_nofilter,UNP,2011-01-21,2011-01-24,47.745,46.51344,82,100.98791999999956,-50.01999999999995,-0.4953067654032301,1,False,close_below_ema20
A_nofilter,C,2011-01-24,2011-01-26,49.1,47.152800000000006,52,101.25439999999975,-36.40000000000015,-0.3594905505341026,2,False,close_below_ema20
A_nofilter,ADI,2011-01-12,2011-01-28,38.11,36.863099999999996,82,102.2458000000003,97.57999999999981,0.954366829737745,11,False,time_stop_10d
A_nofilter,REGN,2011-01-26,2011-01-31,33.75,32.907059999999994,114,96.09516000000066,-39.90000000000016,-0.41521341969772346,3,False,close_below_ema20
A_nofilter,GOOGL,2011-01-28,2011-01-31,15.508,15.0307542,216,103.0850927999997,-87.02639999999977,-0.8442190586066972,1,False,close_below_ema20
A_nofilter,FISV,2011-02-01,2011-02-04,15.54,15.239745000000001,338,101.48618999999938,-163.9299999999998,-1.6152936670496825,3,False,stop_gap
A_nofilter,TMUS,2011-02-04,2011-02-07,25.9,25.2747,163,101.92389999999989,22.820000000000093,0.22389253158484043,1,False,close_below_ema20
A_nofilter,TMUS,2011-02-09,2011-02-11,26.0,25.2747,121,87.76130000000009,-36.30000000000008,-0.41362194953812265,2,False,close_below_ema20
A_nofilter,TMO,2011-02-11,2011-02-17,57.14,55.339671498643895,54,97.2177390732297,-103.68000000000009,-1.0664720347168604,4,False,stop_gap
A_nofilter,AAPL,2011-02-01,2011-02-22,12.1893,11.736840875164535,224,101.35084396314392,6.787200000000098,0.06696737525410497,14,False,time_stop_10d
A_nofilter,BKNG,2011-02-07,2011-02-22,17.6,17.2603224,295,100.2048920000005,99.8652144000005,0.9966101694915255,10,True,breakeven_stop
A_nofilter,CB,2011-02-17,2011-02-24,63.1,61.938,47,54.613999999999955,53.45200000000012,0.9787234042553221,4,True,breakeven_stop
A_nofilter,CAT,2011-02-25,2011-03-02,101.91,97.94196000000001,14,55.55255999999983,-28.840000000000032,-0.5191479924597556,3,False,close_below_ema20
A_nofilter,TXN,2011-02-28,2011-03-02,35.8,34.85511,73,68.97696999999954,-32.119999999999834,-0.4656626697287522,2,False,close_below_ema20
A_nofilter,COP,2011-01-21,2011-03-11,51.746,50.6585907,59,64.15714870000026,197.31373940000012,3.075475506597744,34,True,close_below_ema20
A_nofilter,ICE,2011-02-24,2011-03-14,24.636,24.13584,204,102.03263999999949,143.8526399999995,1.4098688419705716,12,True,close_below_ema20
A_nofilter,AAPL,2011-03-14,2011-03-15,12.6136,12.3055821,337,103.8020322999998,-133.3508999999999,-1.2846655989798013,1,False,stop_gap
A_nofilter,REGN,2011-02-25,2011-03-16,36.64,34.73523,53,100.95280999999996,98.57999999999997,0.976495849892638,13,False,time_stop_10d
A_nofilter,BKNG,2011-03-02,2011-03-17,18.0896,17.6147676,216,102.56379840000008,88.64639999999983,0.8643049631827965,11,False,close_below_ema20
A_nofilter,CAT,2011-03-16,2011-03-17,101.7,96.91299000000001,21,100.5272099999999,3.9899999999999523,0.03969074641582072,1,False,close_below_ema20
A_nofilter,DHR,2011-03-16,2011-03-17,34.1033,33.176190600000005,110,101.98203399999912,-50.27000000000008,-0.4929299605850234,1,False,close_below_ema20
A_nofilter,PM,2011-03-17,2011-03-18,62.64,61.38855,80,100.11599999999987,-75.19999999999982,-0.7511286907187654,1,False,close_below_ema20
A_nofilter,COP,2011-03-18,2011-03-21,59.3616,56.08742701570171,30,98.22518952894889,-16.23899999999999,-0.16532419105400697,1,False,close_below_ema20
A_nofilter,ICE,2011-03-18,2011-03-21,25.396,24.217758,85,100.15057000000007,-20.570000000000075,-0.20539074315802755,1,False,close_below_ema20
A_nofilter,LOW,2011-03-21,2011-04-01,26.49,25.944029999999998,183,99.9125100000001,-3.659999999999922,-0.036632049380001745,9,False,close_below_ema20
A_nofilter,CAT,2011-03-18,2011-04-08,104.99,99.45088649565595,18,99.7040430781928,99.9000000000002,1.001965385913726,15,False,time_stop_10d
A_nofilter,DHR,2011-03-18,2011-04-11,33.9286,32.8739931,95,100.18765550000029,63.849500000000035,0.637299073237619,16,False,close_below_ema20
A_nofilter,MU,2011-04-07,2011-04-11,11.26,10.93905,192,61.62239999999997,-32.639999999999986,-0.529677519862907,2,False,close_below_ema20
A_nofilter,BX,2011-04-04,2011-04-12,17.949,17.2839987,155,103.07520150000002,-56.280500000000444,-0.5460139701982579,6,False,close_below_ema20
A_nofilter,VZ,2011-04-11,2011-04-18,37.9,37.222739999999995,135,91.43010000000054,-91.43010000000054,-1.0,5,False,stop
A_nofilter,VRTX,2011-04-11,2011-04-19,48.28,46.10385,47,102.27904999999998,-60.16000000000005,-0.5881947476047154,6,False,close_below_ema20
A_nofilter,ISRG,2011-04-19,2011-04-25,39.7778,38.8555056,107,98.68550079999983,-98.68550079999983,-1.0,3,False,stop
A_nofilter,FISV,2011-04-12,2011-04-28,15.71,15.329655,175,66.56037500000002,-66.56037500000002,-1.0,11,False,stop
A_nofilter,LOW,2011-04-28,2011-04-29,26.79,25.88409,101,91.49690999999987,-17.169999999999813,-0.187656610480068,1,False,close_below_ema20
A_nofilter,TMUS,2011-04-20,2011-05-03,33.02,31.728240000000003,77,99.46552,95.4799999999996,0.9599306372700772,8,False,close_below_ema20
A_nofilter,CRM,2011-04-29,2011-05-03,34.75,33.411555,74,99.04493000000001,-99.04493000000001,-1.0,2,False,stop
A_nofilter,BLK,2011-05-03,2011-05-04,197.61,194.68511999999998,33,96.521040000001,-18.150000000000375,-0.18804190257378275,1,False,close_below_ema20
A_nofilter,GE,2011-05-04,2011-05-05,98.9638,96.4710324,39,97.2179364000003,-78.4992000000005,-0.8074559377296169,1,False,close_below_ema20
A_nofilter,SBUX,2011-05-04,2011-05-10,18.285,17.882099999999998,203,81.7887000000005,-22.329999999999885,-0.27302060064531836,4,False,close_below_ema20
A_nofilter,CAT,2011-05-10,2011-05-12,112.76,108.28161,21,94.0461900000001,-74.76000000000005,-0.7949285345849734,2,False,close_below_ema20
A_nofilter,BLK,2011-05-10,2011-05-12,197.32,190.54926,7,47.395179999999925,-22.119999999999976,-0.466714125782411,2,False,close_below_ema20
A_nofilter,ORCL,2011-05-12,2011-05-16,35.7,34.53543,83,96.6593100000004,-96.6593100000004,-1.0,2,False,stop
A_nofilter,CB,2011-05-05,2011-05-20,67.77,66.18375,55,87.2437499999996,76.45000000000003,0.8762805358550084,11,False,time_stop_10d
A_nofilter,MDT,2011-04-26,2011-05-24,40.86,40.089870000000005,112,86.2545599999994,65.53455999999954,0.759780816225832,20,True,close_below_ema20
A_nofilter,MRSH,2011-05-17,2011-05-24,30.23,29.480490000000003,117,87.69266999999968,-17.55000000000025,-0.20013075209136993,5,False,close_below_ema20
A_nofilter,QCOM,2011-05-24,2011-05-25,56.7,55.60433999999999,88,96.41808000000083,-31.67999999999995,-0.32856908164941345,1,False,close_below_ema20
A_nofilter,VRTX,2011-05-23,2011-05-26,55.61,54.09585,64,96.90560000000005,-96.90560000000005,-1.0,3,False,stop
A_nofilter,TMUS,2011-05-25,2011-06-06,35.8,34.80516,96,95.50463999999965,-144.0,-1.507780145551049,7,False,close_below_ema20
A_nofilter,ACN,2011-05-26,2011-06-06,56.82,55.77417,91,95.17053000000021,-113.75,-1.195222932981457,6,False,close_below_ema20
A_nofilter,MRSH,2011-06-06,2011-06-07,30.37,29.7702,155,92.96900000000029,-37.20000000000031,-0.4001333777925996,1,False,close_below_ema20
A_nofilter,PFE,2011-06-07,2011-06-08,19.8861,19.5818985,301,91.56465149999934,-25.675300000000046,-0.2804062438876888,1,False,close_below_ema20
A_nofilter,REGN,2011-06-07,2011-06-09,58.36,56.143800000000006,41,90.86419999999973,-90.86419999999973,-1.0,2,False,stop
A_nofilter,PFE,2011-06-09,2011-06-10,19.8008,19.4965839,299,90.96061389999937,-68.0822999999996,-0.7484810961681524,1,False,close_below_ema20
A_nofilter,FISV,2011-06-09,2011-06-13,15.8325,15.499485,199,66.26998499999992,-32.83499999999983,-0.4954731768839222,2,False,close_below_ema20
A_nofilter,UNP,2011-06-14,2011-06-15,50.91,49.66029,71,88.72940999999952,-88.72940999999952,-1.0,1,False,stop
A_nofilter,UNH,2011-06-17,2011-07-12,50.1,48.31164,49,87.62964000000022,31.360000000000028,0.35786978013375326,16,False,close_below_ema20
A_nofilter,TMO,2011-06-28,2011-07-12,63.49,62.01792,60,88.32480000000032,-67.80000000000015,-0.767621324927992,9,False,close_below_ema20
A_nofilter,MRSH,2011-06-29,2011-07-12,30.59,29.656496307345773,85,79.34781387560932,-18.699999999999903,-0.2356712691456782,8,False,close_below_ema20
A_nofilter,VZ,2011-07-12,2011-07-13,37.18,36.972989999999996,237,49.06137000000093,-49.06137000000093,-1.0,1,False,stop
A_nofilter,MRSH,2011-07-13,2011-07-14,30.8,30.33963,175,80.56475000000019,-80.56475000000019,-1.0,1,False,stop
A_nofilter,COP,2011-07-14,2011-07-15,61.0692,58.918731774824295,40,86.0187290070283,-106.7240000000001,-1.2407065441676086,1,False,stop_gap
A_nofilter,UNH,2011-07-13,2011-07-19,52.03,50.679269999999995,65,87.79745000000037,-87.79745000000037,-1.0,4,False,stop
A_nofilter,ACN,2011-07-19,2011-07-28,60.69,59.210730000000005,58,85.79765999999957,-62.06000000000002,-0.7233297504850403,7,False,close_below_ema20
A_nofilter,BKNG,2011-07-19,2011-07-28,20.8792,20.385993600000003,137,67.56927679999976,-28.93440000000022,-0.4282182875161441,7,False,close_below_ema20
A_nofilter,TJX,2011-07-29,2011-08-01,13.9575,13.696290000000001,332,86.72171999999946,-86.72171999999946,-1.0,1,False,stop
A_nofilter,MA,2011-08-01,2011-08-02,30.824,29.93004,97,86.71411999999998,-51.604,-0.5951049263949171,1,False,close_below_ema20
A_nofilter,UNP,2011-08-01,2011-08-02,51.735,50.244705,58,86.43710999999978,-87.87000000000003,-1.0165772548388101,1,False,close_below_ema20
A_nofilter,ISRG,2011-07-18,2011-08-03,40.1044,39.319541099999995,109,85.54962010000035,237.85176120000037,2.7802784035974857,12,True,close_below_ema20
A_nofilter,TJX,2011-08-24,2011-08-26,13.8075,13.044442499999999,110,83.93632500000004,-41.25,-0.4914439606451674,2,False,close_below_ema20
A_nofilter,TJX,2011-08-31,2011-09-02,13.8575,13.0993875,111,84.15048749999993,-95.45999999999994,-1.1343962802354535,2,False,close_below_ema20
A_nofilter,AAPL,2011-08-26,2011-09-06,13.4089,12.669118200000002,113,83.59534339999973,-32.6004999999999,-0.38997985622246994,6,False,close_below_ema20
A_nofilter,PM,2011-08-29,2011-09-06,69.89,67.57236,36,83.4350399999999,-107.63999999999982,-1.290105452097823,5,False,close_below_ema20
A_nofilter,AAPL,2011-09-07,2011-09-12,13.77,13.0755114,117,81.25516619999996,-52.48619999999988,-0.6459429283648417,3,False,close_below_ema20
A_nofilter,MA,2011-09-14,2011-09-22,33.003,31.43853,51,79.78797,78.2235,0.9803921568627451,6,True,breakeven_stop
A_nofilter,BKNG,2011-09-14,2011-09-22,21.228,20.305274400000002,87,80.27712719999997,-80.27712719999997,-1.0,6,False,stop
A_nofilter,ISRG,2011-09-14,2011-09-23,42.4656,39.41561757062079,26,79.29954316385954,-48.21700000000004,-0.6080362896967451,7,False,close_below_ema20
A_nofilter,MA,2011-09-26,2011-09-29,33.984,32.290677,48,81.27950399999997,-16.608000000000175,-0.20433195556902242,3,False,close_below_ema20
A_nofilter,AMZN,2011-09-26,2011-09-29,11.374,10.93905,188,81.77060000000012,-81.77060000000012,-1.0,3,False,stop
A_nofilter,V,2011-09-26,2011-09-29,22.7475,21.5259525,67,81.84368249999999,-33.83499999999994,-0.41341003931488474,3,False,close_below_ema20
A_nofilter,TJX,2011-09-26,2011-09-29,14.225,13.706280000000001,131,67.95231999999977,-67.95231999999977,-1.0,3,False,stop
A_nofilter,AAPL,2011-09-13,2011-09-30,13.6479,13.0755114,141,80.7067926,95.39879999999991,1.1820417702982773,13,True,close_below_ema20
A_nofilter,SBUX,2011-09-29,2011-09-30,20.205,18.856125,60,80.93249999999998,-83.09999999999988,-1.0267815772402917,1,False,close_below_ema20
A_nofilter,AMZN,2011-10-21,2011-10-25,11.8455,11.4510375,199,78.4980374999999,-78.4980374999999,-1.0,2,False,stop
A_nofilter,V,2011-10-21,2011-10-26,23.1225,22.44753,116,78.2965199999998,-78.2965199999998,-1.0,3,False,stop
A_nofilter,MA,2011-10-24,2011-10-26,33.361,32.216751,68,77.80893199999966,-6.867999999999938,-0.088267501216955,2,False,close_below_ema20
A_nofilter,AAPL,2011-10-25,2011-10-26,14.5179,13.941444599999999,138,79.55084520000005,-23.36339999999997,-0.2936914113390206,1,False,close_below_ema20
A_nofilter,COST,2011-10-27,2011-11-01,85.0,82.02789,21,62.414310000000015,-55.229999999999905,-0.8848932240058393,3,False,close_below_ema20
A_nofilter,MA,2011-10-27,2011-11-02,33.601,32.216751,55,76.13369499999983,137.71999999999989,1.8089231055973336,4,False,close_below_ema20
A_nofilter,V,2011-10-27,2011-11-02,23.1825,22.377599999999997,95,76.46550000000033,7.362500000000054,0.09628525282643835,4,False,close_below_ema20
A_nofilter,AAPL,2011-10-27,2011-11-02,14.5557,13.941444599999999,124,76.16766960000014,-33.08319999999999,-0.4343470159155287,4,False,close_below_ema20
A_nofilter,SBUX,2011-11-02,2011-11-03,20.935,20.43954,151,74.81445999999967,-26.42499999999957,-0.3532071206555482,1,False,close_below_ema20
A_nofilter,TJX,2011-11-02,2011-11-10,15.035,14.2857,100,74.92999999999998,-19.99999999999993,-0.2669157880688634,6,False,close_below_ema20
A_nofilter,COST,2011-11-02,2011-11-10,84.24,81.90800999999999,32,74.62368000000015,-7.039999999999964,-0.09434002718707989,6,False,close_below_ema20
A_nofilter,ACN,2011-11-03,2011-11-10,59.32,56.603339999999996,28,76.06648000000013,-49.56000000000009,-0.6515353411910214,5,False,close_below_ema20
A_nofilter,CVX,2011-11-03,2011-11-16,105.84,100.68921,14,72.11106000000001,-46.619999999999976,-0.6465027694780796,9,False,close_below_ema20
A_nofilter,SBUX,2011-11-11,2011-11-17,21.945,21.30867,119,75.72327000000011,-75.72327000000011,-1.0,4,False,stop
A_nofilter,V,2011-11-10,2011-11-18,23.5875,22.4775,68,75.47999999999996,-48.10999999999997,-0.6373873873873873,6,False,close_below_ema20
A_nofilter,MA,2011-11-22,2011-11-23,35.681,34.846119,89,74.30440899999962,-30.882999999999484,-0.41562809550103064,1,False,close_below_ema20
A_nofilter,TJX,2011-11-22,2011-11-23,14.8425,14.5079775,222,74.26399499999967,-33.85499999999997,-0.45587367067985124,1,False,close_below_ema20
A_nofilter,MA,2011-11-29,2011-12-14,36.005,34.4655,48,73.89600000000019,28.799999999999727,0.38973692757388295,11,False,time_stop_10d
A_nofilter,ISRG,2011-12-09,2011-12-14,48.9522,47.6267256,35,46.39160399999991,-46.39160399999991,-1.0,3,False,stop
A_nofilter,IBM,2011-12-15,2011-12-16,182.1033,179.5525677,18,45.91318139999987,-42.50520000000006,-0.925773355361521,1,False,close_below_ema20
A_nofilter,TJX,2011-12-16,2011-12-19,15.825,15.4845,215,73.20749999999973,-73.20749999999973,-1.0,1,False,stop
A_nofilter,MA,2012-01-03,2012-01-04,37.837,37.101861,72,52.93000800000027,-96.48000000000025,-1.82278453462542,1,False,close_below_ema20
A_nofilter,V,2011-12-08,2012-01-11,24.3625,23.7387375,122,76.09902500000018,99.43152500000019,1.3066070820224038,22,True,close_below_ema20
A_nofilter,BMY,2012-01-10,2012-01-12,34.29,33.61635,73,49.17645000000015,-5.8399999999998755,-0.11875603057967497,2,False,close_below_ema20
A_nofilter,ISRG,2012-01-12,2012-01-20,50.8622,49.5171333,57,76.66880190000022,-80.81459999999998,-1.0540741213799998,5,False,stop_gap
A_nofilter,SPGI,2012-01-20,2012-01-31,44.1438,42.615841499999995,51,77.9258835000002,-77.9258835000002,-1.0,7,False,stop
A_nofilter,CSCO,2012-01-31,2012-02-15,19.69,19.25073,110,48.319700000000054,43.999999999999844,0.9106016800600955,11,False,time_stop_10d
A_nofilter,INTU,2012-02-15,2012-02-16,57.05,56.273669999999996,54,41.92182000000008,-11.879999999999939,-0.28338464312856443,1,False,close_below_ema20
A_nofilter,SBUX,2011-12-20,2012-02-22,22.065,21.313665,98,73.63083000000009,175.55083000000002,2.3842027857081036,42,True,close_below_ema20
A_nofilter,CSCO,2012-02-16,2012-03-01,20.21,19.71027,153,76.45868999999993,-45.900000000000105,-0.6003241750545314,9,False,close_below_ema20
A_nofilter,INTU,2012-03-01,2012-03-02,58.23,57.40254,53,43.855379999999734,-43.855379999999734,-1.0,1,False,stop
A_nofilter,HD,2011-11-29,2012-03-07,37.72,36.37359,54,72.70613999999993,307.3361399999999,4.227100214644873,67,True,close_below_ema20
A_nofilter,QCOM,2012-03-06,2012-03-07,62.32,61.44849,49,42.70399000000003,-24.989999999999903,-0.5851912198368322,1,False,close_below_ema20
A_nofilter,V,2012-03-07,2012-03-22,28.93,28.356615,138,79.12712999999977,14.835000000000235,0.1874831047202177,11,False,time_stop_10d
A_nofilter,BLK,2012-03-26,2012-03-28,201.52,197.95185,12,42.817800000000034,43.019999999999925,1.0047223351036225,2,True,breakeven_stop
A_nofilter,HON,2012-03-22,2012-03-29,56.3636,55.7517924,86,52.615453599999896,52.615453599999896,1.0,5,True,breakeven_stop
A_nofilter,INTU,2012-03-29,2012-04-10,59.54,57.49259589041514,41,83.94356849297928,-28.699999999999825,-0.34189635388683987,7,False,close_below_ema20
A_nofilter,TJX,2012-01-05,2012-04-11,16.1325,15.8416425,163,47.409772499999924,320.79391499999986,6.766409077369025,66,True,close_below_ema20
A_nofilter,PGR,2012-04-10,2012-04-11,22.97,22.61736,164,57.832959999999574,-57.39999999999965,-0.9925136116152463,1,False,close_below_ema20
A_nofilter,AAPL,2012-01-25,2012-04-16,16.23,15.79481535455839,104,45.25920312592753,337.89080000000007,7.4656815998254595,56,True,close_below_ema20
A_nofilter,UNH,2012-03-28,2012-04-19,55.57,53.69625523469035,45,84.31851443893436,121.77476967362472,1.4442233770830621,15,True,close_below_ema20
A_nofilter,AAPL,2012-04-18,2012-04-20,21.9186,20.747547917188427,52,60.89470830620185,-41.49080000000011,-0.6813531282778877,2,False,close_below_ema20
A_nofilter,MA,2012-04-20,2012-04-23,44.079,42.858099,54,65.92865399999988,-65.92865399999988,-1.0,1,False,stop
A_nofilter,LOW,2012-04-12,2012-04-24,31.23,30.29967,91,84.66003000000013,-2.7300000000001035,-0.03224662216632925,8,False,close_below_ema20
A_nofilter,CRM,2012-04-27,2012-05-07,39.1175,36.838125,33,75.21937500000006,-38.610000000000056,-0.5132986015903486,6,False,close_below_ema20
A_nofilter,SPGI,2012-05-01,2012-05-07,46.6036,45.06972477173631,56,85.89701278276658,-31.259199999999964,-0.36391486720329186,4,False,close_below_ema20
A_nofilter,HD,2012-04-24,2012-05-08,51.26,50.609339999999996,101,65.7166600000002,63.026000000000245,0.959056653213965,10,True,close_below_ema20
A_nofilter,BKNG,2012-05-07,2012-05-08,29.88,29.3430276,129,69.26943959999997,-69.26943959999997,-1.0,1,False,stop
A_nofilter,TJX,2012-04-12,2012-05-14,19.845,19.260720000000003,124,72.45071999999952,72.45071999999952,1.0,22,True,breakeven_stop
A_nofilter,REGN,2012-02-23,2012-05-18,100.07,94.12577999999999,11,65.38642000000002,217.66220000000004,3.3288594175977213,60,True,close_below_ema20
A_nofilter,AMGN,2012-05-08,2012-05-18,70.0,69.20073,91,72.73357000000064,-72.73357000000064,-1.0,8,False,stop
A_nofilter,TJX,2012-05-16,2012-05-18,21.35,20.329627592967643,59,60.20197201490913,-54.575000000000045,-0.9065317658777763,2,False,close_below_ema20
A_nofilter,GILD,2012-05-22,2012-05-23,25.465,24.830145,130,82.53114999999977,-46.150000000000055,-0.5591828055225231,1,False,close_below_ema20
A_nofilter,GILD,2012-05-24,2012-05-29,25.205,24.830145,185,69.34817499999937,40.70000000000044,0.5868935988582369,2,False,close_below_ema20
A_nofilter,AMGN,2012-05-29,2012-05-30,69.27,67.92201,40,53.91959999999983,-13.599999999999568,-0.25222739041090086,1,False,close_below_ema20
A_nofilter,DIS,2012-05-22,2012-06-04,44.49,43.46649,80,81.88080000000014,-1.6000000000002501,-0.019540600482655855,8,False,close_below_ema20
A_nofilter,TJX,2012-05-29,2012-06-04,20.61,19.71027,91,81.87542999999982,-10.464999999999858,-0.12781612261456068,4,False,close_below_ema20
A_nofilter,REGN,2012-06-06,2012-06-08,130.5,120.88899,8,76.88807999999995,-22.799999999999955,-0.29653491152334627,2,False,close_below_ema20
A_nofilter,REGN,2012-06-11,2012-06-12,131.2,120.88899,8,82.48807999999985,-29.11999999999989,-0.3530207031124975,1,False,close_below_ema20
A_nofilter,TJX,2012-06-11,2012-06-12,20.905,20.304675,138,82.8448500000002,-36.57000000000008,-0.4414275600716277,1,False,close_below_ema20
A_nofilter,TJX,2012-06-13,2012-06-28,20.91,20.304675,136,82.32420000000008,9.520000000000039,0.11564035848511167,11,False,time_stop_10d
A_nofilter,AMGN,2012-06-15,2012-07-02,70.77,68.43833456658686,35,81.60829016945975,79.10000000000018,0.9692642724868871,11,False,time_stop_10d
A_nofilter,DIS,2012-06-06,2012-07-11,45.02,44.09586,89,82.24846000000011,190.6743200000001,2.3182722205376227,24,True,close_below_ema20
A_nofilter,UNP,2012-06-28,2012-07-17,57.71,56.383559999999996,63,83.56572000000033,96.0749999999999,1.1496939175537473,12,False,time_stop_10d
A_nofilter,AXP,2012-07-17,2012-07-19,59.22,56.982699299948564,38,85.01742660195453,-85.01742660195453,-1.0,2,False,stop
A_nofilter,AAPL,2012-07-02,2012-07-23,20.8832,20.180199599999998,122,85.76604880000006,42.13880000000018,0.49132262229153956,14,False,time_stop_10d
A_nofilter,ICE,2012-07-12,2012-07-23,26.898,25.848125999999997,81,85.03979400000021,-88.77600000000001,-1.0439347959850396,7,False,close_below_ema20
A_nofilter,GILD,2012-07-17,2012-07-25,26.245,25.287388294028517,59,56.49909065231755,-37.76000000000003,-0.6683293405971154,6,False,close_below_ema20
A_nofilter,TJX,2012-07-24,2012-08-02,22.15,21.74823,208,83.5681599999998,-19.759999999999764,-0.2364536924110787,7,False,close_below_ema20
A_nofilter,DIS,2012-07-25,2012-08-02,48.33,47.37258,77,73.72133999999993,72.76391999999993,0.987012987012987,6,True,breakeven_stop
A_nofilter,V,2012-07-27,2012-08-13,32.0475,30.497302198600607,54,83.71068127556717,6.0749999999998465,0.07257138405075877,11,False,time_stop_10d
A_nofilter,DIS,2012-08-03,2012-08-20,49.81,48.146088790380084,50,83.19556048099592,25.4999999999999,0.3065067396934573,11,False,time_stop_10d
A_nofilter,WFC,2012-08-13,2012-08-24,33.95,32.80716,51,58.28483999999998,-7.65000000000029,-0.1312519687795367,9,False,close_below_ema20
A_nofilter,TJX,2012-09-06,2012-09-12,23.075,22.6773,146,58.064200000000056,-39.41999999999994,-0.6789036962534557,4,False,close_below_ema20
A_nofilter,REGN,2012-08-14,2012-09-20,136.99,132.14772,16,77.47648000000027,149.07648000000017,1.9241514327961164,26,True,close_below_ema20
A_nofilter,ADI,2012-09-13,2012-09-24,40.47,39.21850735210064,71,88.85597800085466,9.230000000000182,0.10387595981343431,7,False,close_below_ema20
A_nofilter,AMZN,2012-09-25,2012-09-26,12.8165,12.63735,352,63.06079999999997,-69.16800000000012,-1.096846218252863,1,False,close_below_ema20
A_nofilter,TMO,2012-08-24,2012-09-27,56.68,55.944,74,54.463999999999785,134.75399999999985,2.4741847826087024,23,True,close_below_ema20
A_nofilter,DHR,2012-09-27,2012-10-10,37.2287,36.3856779,59,49.73830390000035,-1.9824000000004105,-0.0398566063689276,9,False,close_below_ema20
A_nofilter,HD,2012-08-03,2012-10-11,52.2,51.15879,80,83.29679999999996,393.29679999999996,4.7216315632773425,48,True,close_below_ema20
A_nofilter,LMT,2012-09-26,2012-10-11,91.89,90.29961,48,76.33871999999997,62.399999999999864,0.8174095662070295,11,False,close_below_ema20
A_nofilter,AMGN,2012-10-11,2012-10-12,85.43,84.23567999999999,75,89.57400000000142,-42.00000000000017,-0.4688860606872475,1,False,close_below_ema20
A_nofilter,REGN,2012-10-11,2012-10-15,154.21,149.85998999999998,17,73.95017000000044,-44.03000000000006,-0.5954009301128016,2,False,close_below_ema20
A_nofilter,MDT,2012-10-12,2012-10-15,43.25,42.31764,96,89.50656000000026,-23.04000000000019,-0.257411300356087,1,False,close_below_ema20
A_nofilter,TMO,2012-10-12,2012-10-15,59.5,58.0419,38,55.407800000000066,-21.280000000000086,-0.3840614498319742,1,False,close_below_ema20
A_nofilter,GOOGL,2012-10-17,2012-10-18,18.6934,18.267514199999997,176,74.95590080000056,-74.95590080000056,-1.0,1,False,stop
A_nofilter,MRK,2012-10-15,2012-10-23,43.8931,43.2296271,71,47.10657589999965,46.44310299999965,0.9859154929577465,6,True,breakeven_stop
A_nofilter,REGN,2012-10-16,2012-10-23,155.18,149.85998999999998,17,90.44017000000042,85.1201600000004,0.9411764705882353,5,True,breakeven_stop
A_nofilter,DIS,2012-10-18,2012-10-23,52.4,50.90452738579932,61,91.22382946624143,-91.22382946624143,-1.0,3,False,stop
A_nofilter,REGN,2012-10-25,2012-10-26,164.14,153.35339174860047,6,64.71964950839708,-46.31999999999999,-0.7157022689684094,1,False,close_below_ema20
A_nofilter,AMGN,2012-10-15,2012-11-01,85.21,83.89602000000001,68,89.35063999999909,149.19063999999926,1.6697210003196483,11,True,close_below_ema20
A_nofilter,MS,2012-11-02,2012-11-07,17.76,16.84314,51,46.759860000000174,-46.759860000000174,-1.0,3,False,stop
A_nofilter,CMCSA,2012-10-24,2012-11-08,17.1931,16.8855975,295,90.71323750000053,-37.34699999999995,-0.4117039698864207,9,False,close_below_ema20
A_nofilter,HD,2012-11-12,2012-11-13,61.35,60.24969,81,89.12511000000003,81.0,0.9088347829248118,1,False,close_below_ema20
A_nofilter,C,2012-11-13,2012-11-14,36.74,35.364599999999996,65,89.40100000000041,-29.250000000000185,-0.3271775483495716,1,False,close_below_ema20
A_nofilter,V,2012-11-01,2012-11-15,35.205,34.151615382076386,86,90.59107714143065,-17.629999999999853,-0.1946107779740374,10,False,close_below_ema20
A_nofilter,TMO,2012-11-13,2012-11-16,60.81,59.55039,59,74.31699000000012,-27.14000000000005,-0.3651924008224769,3,False,close_below_ema20
A_nofilter,HD,2012-11-19,2012-12-11,62.49,60.96897,58,88.21974000000019,110.83974,1.2564051991084964,15,True,close_below_ema20
A_nofilter,AMGN,2012-11-29,2012-12-14,87.45,85.37454,43,89.24478000000029,68.79999999999976,0.7709134360575435,11,False,time_stop_10d
A_nofilter,CMCSA,2012-12-07,2012-12-14,17.4555,17.1806022,198,54.4297644000003,-54.4297644000003,-1.0,5,False,stop
A_nofilter,GILD,2012-12-18,2012-12-21,37.885,36.69327,76,90.57147999999998,-110.19999999999968,-1.2167185520210082,3,False,close_below_ema20
A_nofilter,SPGI,2012-12-21,2012-12-24,51.9678,50.167382399999994,50,90.02088000000015,-37.36999999999995,-0.4151259130104025,1,False,close_below_ema20
A_nofilter,AMZN,2012-12-12,2012-12-27,12.674,12.3201675,144,50.9518799999999,-37.43999999999997,-0.7348109628143268,10,False,close_below_ema20
A_nofilter,CMCSA,2012-12-18,2012-12-27,17.671,17.11544168160791,163,90.55600589791082,-90.55600589791082,-1.0,6,False,stop
A_nofilter,LOW,2012-12-26,2012-12-27,35.35,34.68528,119,79.10168000000031,-79.10168000000031,-1.0,1,False,stop
A_nofilter,DIS,2012-12-27,2012-12-28,49.98,49.40055,152,88.07639999999913,-95.75999999999931,-1.0872378980067334,1,False,close_below_ema20
A_nofilter,LOW,2012-12-28,2013-01-07,35.38,34.50546,98,85.70492000000031,-85.70492000000031,-1.0,5,False,stop
A_nofilter,REGN,2013-01-09,2013-01-16,177.5,169.80003,11,84.69967000000008,-38.5,-0.4545472255086704,5,False,close_below_ema20
A_nofilter,CMCSA,2013-01-02,2013-01-17,17.8304,17.231757450542403,145,86.80316967135164,87.65249999999972,1.0097845543182784,11,False,time_stop_10d
A_nofilter,BAC,2013-01-16,2013-01-17,11.62,11.2887,166,54.995799999999804,-54.995799999999804,-1.0,1,False,stop
A_nofilter,FISV,2013-01-17,2013-01-25,20.2525,19.7377425,170,87.5087750000003,-4.250000000000362,-0.04856655803946916,5,False,close_below_ema20
A_nofilter,REGN,2013-01-23,2013-01-25,175.24,163.836,6,68.42399999999998,-2.2799999999999727,-0.03332164152928758,2,False,close_below_ema20
A_nofilter,CRM,2013-01-25,2013-02-07,43.3725,41.48847,47,88.54941000000014,-20.327500000000214,-0.22956110040710812,9,False,close_below_ema20
A_nofilter,LLY,2013-01-29,2013-02-13,53.25,52.147800000000004,62,68.33639999999977,9.299999999999912,0.13609145345672208,11,False,time_stop_10d
A_nofilter,ORCL,2013-02-13,2013-02-15,35.25,34.41555,94,78.4382999999997,-42.30000000000027,-0.539277368326448,2,False,close_below_ema20
A_nofilter,MA,2013-02-08,2013-02-21,52.33,51.157791,38,44.54394199999982,-35.33999999999999,-0.7933738778664927,8,False,close_below_ema20
A_nofilter,V,2013-02-15,2013-02-21,39.1625,38.49646499999999,84,55.946940000000666,-32.130000000000024,-0.5742941437011504,3,False,close_below_ema20
A_nofilter,LOW,2013-01-11,2013-02-22,35.6,34.39557,42,50.58606000000009,100.56606,1.9880192290128904,28,True,close_below_ema20
A_nofilter,BLK,2013-02-22,2013-02-26,238.5,235.06470000000002,25,85.8824999999996,-10.249999999999915,-0.11934911070357714,2,False,close_below_ema20
A_nofilter,BLK,2013-02-27,2013-03-01,239.21,234.10566,14,71.4607600000001,-71.4607600000001,-1.0,2,False,stop
A_nofilter,ETN,2012-12-31,2013-03-20,53.59,52.81713,96,74.19552000000044,495.8399999999996,6.68288327920603,54,True,close_below_ema20
A_nofilter,DIS,2013-03-01,2013-03-20,55.04,53.55181202552486,60,89.29127846850832,93.00000000000026,1.0415350927336082,13,False,time_stop_10d
A_nofilter,TXN,2013-03-20,2013-03-22,34.92,34.17579,122,90.7936200000003,-52.459999999999965,-0.5777939022587687,2,False,close_below_ema20
A_nofilter,BX,2013-02-27,2013-03-26,18.4004,17.7839982,143,88.14545740000028,162.42345560000018,1.8426752823225994,19,True,close_below_ema20
A_nofilter,ETN,2013-03-22,2013-03-26,63.27,60.852468601023254,31,74.94347336827921,-32.55000000000013,-0.43432734749357554,2,False,close_below_ema20
A_nofilter,BX,2013-03-28,2013-04-01,19.7743,19.0682127,78,55.07480940000001,-55.07480940000001,-1.0,1,False,stop
A_nofilter,BLK,2013-03-26,2013-04-03,257.33,251.18856,13,79.83871999999985,-79.83871999999985,-1.0,5,False,stop
A_nofilter,ADBE,2013-03-20,2013-04-08,42.7,41.295719610438255,65,91.27822532151363,37.05000000000002,0.4059018442733417,12,False,time_stop_10d
A_nofilter,UNP,2013-04-08,2013-04-15,69.395,67.932,41,59.98299999999975,-59.98299999999975,-1.0,5,False,stop
A_nofilter,RTX,2013-04-03,2013-04-16,58.8672,57.473763999298335,56,78.03241603929308,30.307200000000194,0.3883924340461156,9,False,close_below_ema20
A_nofilter,MDT,2013-04-17,2013-04-18,46.68,45.98397,136,94.66008000000005,-46.2399999999995,-0.4884846917517867,1,False,close_below_ema20
A_nofilter,BX,2013-04-18,2013-04-19,20.3925,19.5780024,115,93.66722399999992,-31.590499999999917,-0.33726311777959755,1,False,close_below_ema20
A_nofilter,FISV,2013-04-18,2013-04-19,21.7675,21.363615000000003,207,83.60419499999904,-77.10749999999973,-0.9222922366515295,1,False,close_below_ema20
A_nofilter,PFE,2013-04-29,2013-04-30,28.6243,27.580183515996346,91,95.01460004433267,-95.01460004433267,-1.0,1,False,stop
A_nofilter,TMUS,2013-04-22,2013-05-01,22.54,21.73824,69,55.32143999999987,-434.00999999999993,-7.845240470963897,7,False,stop_gap
A_nofilter,GILD,2013-03-22,2013-05-02,45.13,43.73622,65,90.59569999999997,340.6619199999999,3.760243808480977,28,True,close_below_ema20
A_nofilter,WMT,2013-05-01,2013-05-17,26.1,25.76421,142,47.682180000000415,0.0,0.0,12,False,time_stop_10d
A_nofilter,TXN,2013-05-20,2013-05-22,36.83,36.42354,125,50.80749999999945,-50.80749999999945,-1.0,2,False,stop
A_nofilter,CMCSA,2013-05-22,2013-05-23,19.8735,19.338642,176,94.13500799999997,-67.63679999999994,-0.7185084639287432,1,False,close_below_ema20
A_nofilter,REGN,2013-04-01,2013-05-28,180.0,171.0721027023852,8,71.42317838091844,368.14317838091847,5.154393667802276,40,True,close_below_ema20
A_nofilter,DIS,2013-05-24,2013-05-31,65.44,64.17576,68,85.96832000000006,-59.16000000000031,-0.6881604758590172,4,False,close_below_ema20
A_nofilter,BX,2013-05-28,2013-06-03,22.63,21.166906498124114,46,67.30230108629073,-46.496799999999986,-0.6908649370009615,4,False,close_below_ema20
A_nofilter,RTX,2013-05-31,2013-06-03,60.7363,59.2170237,60,91.15657800000008,-50.97600000000014,-0.5592136203269948,1,False,close_below_ema20
A_nofilter,BLK,2013-06-04,2013-06-05,279.95,272.75696999999997,12,86.31636000000026,-48.600000000000136,-0.5630450588972935,1,False,close_below_ema20
A_nofilter,ETN,2013-06-04,2013-06-05,66.81,64.90503,29,55.24413000000017,-43.79000000000015,-0.7926634015233839,1,False,close_below_ema20
A_nofilter,SBUX,2013-04-19,2013-06-06,29.24,28.72125,177,91.8187499999995,263.5149999999997,2.869947586958014,33,True,close_below_ema20
A_nofilter,V,2013-05-02,2013-06-06,42.5,41.15877473932064,41,54.990235687853705,88.77151042717433,1.6143140562458484,24,True,close_below_ema20
A_nofilter,WFC,2013-06-06,2013-06-17,40.55,39.62034,96,89.24735999999984,3.8400000000006003,0.0430264828001703,7,False,close_below_ema20
A_nofilter,BRK-B,2013-06-06,2013-06-20,113.16,110.93894999999999,40,88.84200000000021,-88.84200000000021,-1.0,10,False,stop
A_nofilter,MSFT,2013-06-17,2013-06-20,34.69,34.21575,128,60.70399999999972,-55.039999999999964,-0.9066947812335302,3,False,close_below_ema20
A_nofilter,MDT,2013-06-21,2013-06-25,51.98,51.00894,90,87.39539999999948,1.8000000000002814,0.020596049677675164,2,False,close_below_ema20
A_nofilter,ICE,2013-06-25,2013-07-03,34.792,33.70626,80,86.8592000000001,6.560000000000059,0.07552452705067571,6,False,close_below_ema20
A_nofilter,V,2013-06-25,2013-07-25,44.95,43.87608,66,70.87872000000007,167.22749999999985,2.3593470649582793,21,True,close_below_ema20
A_nofilter,VRTX,2013-07-11,2013-07-26,82.05,78.74118,21,69.48521999999994,46.04639999999996,0.662679056064009,11,True,stop_gap
A_nofilter,TMUS,2013-07-05,2013-07-30,23.36,22.71726,141,90.62633999999998,143.23359999999997,1.5804853202722298,17,True,close_below_ema20
A_nofilter,BKNG,2013-06-25,2013-08-01,32.5472,31.614354000000002,94,87.68752399999946,250.1152000000005,2.852346475195286,26,True,close_below_ema20
A_nofilter,AMAT,2013-07-30,2013-08-06,16.21,15.90408,220,67.30240000000009,-17.600000000000406,-0.2615062761506333,5,False,close_below_ema20
A_nofilter,ADBE,2013-08-06,2013-08-07,47.84,47.062889999999996,82,63.723020000000616,-63.723020000000616,-1.0,1,False,stop
A_nofilter,GILD,2013-08-08,2013-08-09,60.5,59.12082,64,88.26751999999988,-107.51999999999998,-1.218115111878074,1,False,close_below_ema20
A_nofilter,SBUX,2013-07-26,2013-08-12,36.3,35.0790064127568,79,96.45849339221279,-12.63999999999973,-0.1310408192734656,11,False,time_stop_10d
A_nofilter,JNJ,2013-08-13,2013-08-14,92.77,91.65825,71,78.93425000000005,-78.93425000000005,-1.0,1,False,stop
A_nofilter,SCHW,2013-08-14,2013-08-15,22.38,21.628349999999998,127,95.45955000000019,-68.5799999999999,-0.7184194771502669,1,False,close_below_ema20
A_nofilter,WFC,2013-08-14,2013-08-15,43.45,42.80715,85,54.64225000000024,-46.75000000000036,-0.8555650618340233,1,False,close_below_ema20
A_nofilter,MU,2013-08-01,2013-08-16,13.38,12.382224958336396,95,94.78862895804247,75.04999999999993,0.7917616366539102,11,False,time_stop_10d
A_nofilter,AMGN,2013-08-15,2013-08-16,108.22,103.20669000000001,18,90.23957999999982,-44.27999999999989,-0.49069377317580576,1,False,close_below_ema20
A_nofilter,TMO,2013-07-08,2013-08-19,86.01,84.32558999999999,31,52.21671000000043,123.49230000000023,2.3649958030676235,30,True,close_below_ema20
A_nofilter,UNH,2013-08-19,2013-08-20,71.98,70.929,87,91.43700000000017,-11.31000000000084,-0.12369172216937148,1,False,close_below_ema20
A_nofilter,ADP,2013-08-20,2013-08-22,63.4241,62.5800573,108,91.1566116000003,-21.81600000000057,-0.23932438489190727,2,False,close_below_ema20
A_nofilter,TMO,2013-08-26,2013-08-27,91.05,89.45046,34,54.384359999999674,-56.439999999999884,-1.0377983670305253,1,False,close_below_ema20
A_nofilter,LOW,2013-08-21,2013-09-06,45.61,43.906114545493054,51,86.89815817985422,23.460000000000043,0.26997119952122095,11,False,time_stop_10d
A_nofilter,BKNG,2013-08-22,2013-09-09,38.04,37.114848,98,90.66489599999971,41.16000000000017,0.4539794541869909,11,False,time_stop_10d
A_nofilter,GILD,2013-09-09,2013-09-24,61.48,59.36058,43,91.13505999999992,49.450000000000244,0.5426012777080553,11,False,time_stop_10d
A_nofilter,TMO,2013-09-09,2013-09-24,91.19,88.95756503333986,38,84.83252873308518,82.84000000000026,0.9765122086675718,11,False,time_stop_10d
A_nofilter,AMGN,2013-09-03,2013-09-26,110.53,107.91198,27,70.68654000000004,117.23999999999982,1.6585901644075345,17,True,close_below_ema20
A_nofilter,DHR,2013-09-25,2013-10-02,46.8131,46.2559977,131,72.98040129999958,-72.98040129999958,-1.0,5,False,stop
A_nofilter,GOOGL,2013-10-02,2013-10-04,22.214,21.707770500000002,189,95.6773754999993,-59.931899999999985,-0.6263957355310235,2,False,close_below_ema20
A_nofilter,LOW,2013-10-02,2013-10-08,48.38,46.97298,68,95.67736000000019,-76.84000000000017,-0.8031158050347545,4,False,close_below_ema20
A_nofilter,TMUS,2013-09-24,2013-10-09,25.14,24.4755,142,94.35900000000004,94.35900000000004,1.0,11,True,breakeven_stop
A_nofilter,NOW,2013-10-11,2013-10-16,10.364,9.607777023647069,123,93.01542609141063,-42.06600000000007,-0.45224756545930167,3,False,close_below_ema20
A_nofilter,META,2013-10-11,2013-10-28,49.68,46.171325851853084,26,91.22552785181982,48.359999999999985,0.5301147731208801,11,False,time_stop_10d
A_nofilter,BKNG,2013-10-11,2013-10-29,40.6596,38.857104,51,91.9272959999999,99.83759999999997,1.0860495668228953,12,False,time_stop_10d
A_nofilter,TMUS,2013-10-11,2013-10-29,26.29,25.10487,78,92.44014000000007,94.38000000000007,1.020985039615907,12,False,time_stop_10d
A_nofilter,REGN,2013-10-28,2013-10-29,306.81,293.61609000000004,7,92.35736999999972,-92.35736999999972,-1.0,1,False,stop
A_nofilter,BX,2013-10-29,2013-10-31,26.1923,25.568106299999997,158,98.62260460000044,-75.96639999999977,-0.7702737147138723,2,False,close_below_ema20
A_nofilter,RTX,2013-10-31,2013-11-01,67.4827,66.0571767,60,85.53139799999968,-29.45399999999978,-0.3443647676611095,1,False,close_below_ema20
A_nofilter,TXN,2013-10-29,2013-11-13,41.41,40.08745425321477,74,97.86838526210656,17.760000000000147,0.18146820295886298,11,False,time_stop_10d
A_nofilter,SPGI,2013-11-01,2013-11-18,66.878,64.9019331,49,96.82727810000031,82.97659999999985,0.8569547923706385,11,False,time_stop_10d
A_nofilter,SBUX,2013-11-13,2013-11-20,40.525,39.4605,92,97.93399999999957,-42.32000000000008,-0.43212775951151045,5,False,close_below_ema20
A_nofilter,CRM,2013-11-22,2013-11-25,54.65,52.49745,28,60.27139999999994,-24.639999999999873,-0.4088174490720291,1,False,close_below_ema20
A_nofilter,BSX,2013-11-20,2013-11-26,12.15,11.59387576402966,178,98.99011400272065,-49.8400000000002,-0.503484620682732,4,False,close_below_ema20
A_nofilter,RTX,2013-11-18,2013-12-04,68.5966,66.78420523537771,51,92.43213299573644,10.91399999999993,0.11807582110545209,11,False,time_stop_10d
A_nofilter,TJX,2013-10-14,2013-12-06,27.8,27.287685,94,48.15761000000009,215.47761000000003,4.4744249143593215,38,True,close_below_ema20
A_nofilter,NOW,2013-12-06,2013-12-09,10.828,10.293696,141,75.33686399999982,-32.711999999999904,-0.4342097382763368,1,False,close_below_ema20
A_nofilter,SPGI,2013-12-04,2013-12-11,70.3027,69.1928379,65,72.14103650000006,-72.14103650000006,-1.0,5,False,stop
A_nofilter,PGR,2013-12-11,2013-12-12,27.85,27.12139896643292,103,75.04590645740933,-96.82000000000014,-1.290143654337072,1,False,close_below_ema20
A_nofilter,MS,2013-12-13,2013-12-18,30.64,30.00996,90,56.703600000000094,3.5999999999999233,0.06348803250587118,3,False,close_below_ema20
A_nofilter,AAPL,2013-11-26,2013-12-20,18.7811,18.3270546,112,50.853084799999806,89.96908479999996,1.7691962081324968,17,True,close_below_ema20
A_nofilter,TXN,2013-12-18,2013-12-20,42.61,41.868089999999995,84,62.32044000000036,12.59999999999988,0.20218085751640727,2,False,close_below_ema20
A_nofilter,MU,2013-12-20,2013-12-24,22.28,20.789189999999998,67,99.88427000000021,-43.55000000000014,-0.43600458810981996,2,False,close_below_ema20
A_nofilter,SCHW,2013-12-11,2013-12-27,24.97,24.16581,125,100.52374999999981,101.25000000000028,1.0072246608388613,11,False,time_stop_10d
A_nofilter,MDLZ,2013-12-20,2014-01-07,34.63,33.4665,86,100.06099999999992,-9.459999999999951,-0.09454232917920027,10,False,close_below_ema20
A_nofilter,BLK,2014-01-07,2014-01-13,317.65,310.10958,12,90.4850399999998,-90.4850399999998,-1.0,4,False,stop
A_nofilter,AMZN,2013-10-16,2014-01-14,15.5395,14.867568247797344,137,92.05465005176393,443.17699999999996,4.814281513761595,61,True,close_below_ema20
A_nofilter,MS,2013-12-30,2014-01-14,31.22,30.409560000000003,125,101.30499999999954,-57.49999999999966,-0.5675929124919789,10,False,close_below_ema20
A_nofilter,AMAT,2014-01-14,2014-01-24,17.5,17.16282,295,99.4681,-99.4681,-1.0,7,False,stop
A_nofilter,AMZN,2014-01-15,2014-01-24,19.947,19.4030775,183,99.53781750000013,-99.53781750000013,-1.0,6,False,stop
A_nofilter,BX,2013-11-25,2014-01-27,26.9578,25.6367376,56,73.97949439999994,175.92189439999999,2.377981842492832,41,True,close_below_ema20
A_nofilter,BMY,2014-01-24,2014-01-27,54.6,52.65729,51,99.0782099999999,-179.52000000000015,-1.8119019308079984,1,False,close_below_ema20
A_nofilter,CMCSA,2014-01-27,2014-02-03,24.7798,24.4272483,271,95.54151070000079,95.18895900000078,0.9963099630996309,5,True,breakeven_stop
A_nofilter,LMT,2014-02-03,2014-02-04,151.99,145.96497185029503,16,96.40045039527968,-67.20000000000027,-0.6970921787652848,1,False,close_below_ema20
A_nofilter,GOOGL,2014-01-31,2014-02-05,29.3131,28.25880341866954,93,98.04958206373263,-98.04958206373263,-1.0,3,False,stop
A_nofilter,GILD,2014-02-04,2014-02-05,81.86,77.51241,21,91.29938999999993,-91.29938999999993,-1.0,1,False,stop
A_nofilter,BX,2014-02-14,2014-02-18,31.2071,29.9209491,77,99.03361929999993,-16.6243000000001,-0.16786521705967897,1,False,close_below_ema20
A_nofilter,VRTX,2014-02-20,2014-02-28,84.41,80.96894999999999,29,99.79045000000012,-99.79045000000012,-1.0,6,False,stop
A_nofilter,BSX,2014-02-26,2014-02-28,13.45,12.987,140,64.81999999999988,-64.81999999999988,-1.0,2,False,stop
A_nofilter,CRM,2014-01-28,2014-03-03,58.67,56.89305,48,85.29359999999997,132.8135999999999,1.5571344157123153,23,True,close_below_ema20
A_nofilter,MU,2014-02-28,2014-03-03,24.34,23.876099999999997,171,79.32690000000042,-82.08000000000007,-1.0347057555507606,1,False,close_below_ema20
A_nofilter,MU,2014-03-04,2014-03-10,24.87,23.68629,82,97.06422000000012,-45.10000000000006,-0.4646408326363721,4,False,close_below_ema20
A_nofilter,GOOGL,2014-02-06,2014-03-12,28.8071,28.2004713,157,95.24070589999971,184.12527719999997,1.9332624161073184,23,True,close_below_ema20
A_nofilter,NOW,2014-03-11,2014-03-12,13.444,13.068918,189,70.89049800000015,-29.48400000000011,-0.415909054553405,1,False,close_below_ema20
A_nofilter,MSFT,2014-03-12,2014-03-13,38.23,37.65231,127,73.36662999999962,-73.36662999999962,-1.0,1,False,stop
A_nofilter,ADBE,2014-03-13,2014-03-14,68.48,66.68325,54,97.02450000000016,-42.12000000000006,-0.4341171559760678,1,False,close_below_ema20
A_nofilter,REGN,2014-03-13,2014-03-14,340.09,313.6883156051757,3,79.20505318447277,-39.35999999999984,-0.49693799091742685,1,False,close_below_ema20
A_nofilter,LMT,2014-02-05,2014-03-17,148.97,144.54531,21,92.91848999999996,247.66379999999995,2.665387696248616,27,True,close_below_ema20
A_nofilter,META,2014-03-04,2014-03-17,68.66,66.44349000000001,43,95.30992999999937,-20.63999999999956,-0.21655665889167788,9,False,close_below_ema20
A_nofilter,SPGI,2014-03-17,2014-03-18,76.1211,75.099825,92,93.95730000000026,-93.95730000000026,-1.0,1,False,stop
A_nofilter,REGN,2014-03-17,2014-03-18,336.06,310.12201702691175,3,77.81394891926476,-19.680000000000007,-0.25291095328446617,1,False,close_below_ema20
A_nofilter,LMT,2014-03-18,2014-03-19,164.85,161.838,17,51.20400000000001,-51.20400000000001,-1.0,1,False,stop
A_nofilter,META,2014-03-18,2014-03-20,68.95,66.55338,39,93.46817999999995,-36.65999999999991,-0.3922190418172252,2,False,close_below_ema20
A_nofilter,TMO,2014-03-19,2014-03-20,123.98,121.69818,23,52.48186000000024,-31.740000000000222,-0.6047803945972966,1,False,close_below_ema20
A_nofilter,AMGN,2014-03-17,2014-03-24,124.91,120.13974,11,52.472859999999926,-18.040000000000006,-0.34379677418002436,5,False,close_below_ema20
A_nofilter,BX,2014-03-18,2014-03-25,33.1207,31.803264900000002,71,93.53789209999981,-25.780100000000203,-0.27561129956231134,5,False,close_below_ema20
A_nofilter,TXN,2014-03-20,2014-04-07,46.01,44.39380122681212,57,92.12333007170889,98.62713129852105,1.070598850711862,12,True,close_below_ema20
A_nofilter,WFC,2014-03-20,2014-04-07,48.41,47.222730000000006,59,70.04892999999947,69.0300000000001,0.9854540247795451,12,False,time_stop_10d
A_nofilter,TMUS,2014-03-27,2014-04-07,32.83,31.94802,104,91.72591999999986,-91.72591999999986,-1.0,7,False,stop
A_nofilter,AMGN,2014-04-01,2014-04-07,124.53,118.44144,13,79.15128000000001,-82.42000000000004,-1.0412971211583695,4,False,close_below_ema20
A_nofilter,MSFT,2014-04-09,2014-04-10,39.93,39.1608,119,91.53479999999975,-91.53479999999975,-1.0,1,False,stop
A_nofilter,ORCL,2014-04-08,2014-04-11,39.92,39.00096,99,90.98496000000026,-90.98496000000026,-1.0,3,False,stop
A_nofilter,DIS,2014-04-10,2014-04-11,80.92,78.04188,32,92.09983999999986,-109.11999999999989,-1.1848011896654767,1,False,close_below_ema20
A_nofilter,ETN,2014-04-10,2014-04-11,74.86,72.70722,33,71.04173999999976,-74.90999999999987,-1.05445052443817,1,False,close_below_ema20
A_nofilter,QCOM,2014-04-14,2014-04-24,78.92,77.40252000000001,58,88.01383999999953,-88.01383999999953,-1.0,7,False,stop
A_nofilter,BSX,2014-04-15,2014-04-28,13.32,12.515072858218005,109,87.73705845423748,18.529999999999994,0.21119923925492673,8,False,close_below_ema20
A_nofilter,WFC,2014-04-15,2014-05-01,48.68,46.9552333353585,51,87.9630998967165,54.060000000000116,0.614575885382344,11,False,time_stop_10d
A_nofilter,UNP,2014-04-30,2014-05-05,95.04,93.26664,49,86.89464000000054,-57.330000000000084,-0.659764514819323,3,False,close_below_ema20
A_nofilter,NEE,2014-05-06,2014-05-09,24.56,24.330645,227,52.06358499999959,-52.06358499999959,-1.0,3,False,stop
A_nofilter,QCOM,2014-05-01,2014-05-16,78.86,76.69323,40,86.67079999999999,33.600000000000136,0.38767381863326683,11,False,time_stop_10d
A_nofilter,LMT,2014-05-12,2014-05-16,165.5,162.40743,28,86.59195999999986,-86.59195999999986,-1.0,4,False,stop
A_nofilter,LMT,2014-05-23,2014-05-27,162.67,159.73011,16,47.03823999999986,7.360000000000127,0.15646843929535095,1,False,close_below_ema20
A_nofilter,QCOM,2014-05-27,2014-06-05,79.99,78.68124,34,44.49783999999974,-5.439999999999884,-0.12225312509550836,7,False,close_below_ema20
A_nofilter,DIS,2014-05-19,2014-06-13,80.43,79.13078999999999,66,85.74786000000108,162.30786000000086,1.892850270549012,18,True,close_below_ema20
A_nofilter,ORCL,2014-06-05,2014-06-20,41.85,41.288669999999996,90,50.51970000000047,-21.030299999999684,-0.41627919405696173,11,True,stop_gap
A_nofilter,DIS,2014-06-19,2014-06-23,83.75,81.7182,23,46.73140000000009,-20.70000000000013,-0.4429569839551156,2,False,close_below_ema20
A_nofilter,MSFT,2014-06-13,2014-07-01,41.1,40.24971,84,71.42436000000009,63.83999999999983,0.8938126991967411,12,False,time_stop_10d
A_nofilter,META,2014-06-23,2014-07-08,64.81,63.28665,57,86.83095000000003,96.56999999999994,1.1121610439595548,10,True,close_below_ema20
A_nofilter,SPGI,2014-05-20,2014-07-09,74.3803,71.9430849,18,43.869871800000055,74.69307179999997,1.7026051988599582,34,True,close_below_ema20
A_nofilter,AXP,2014-07-09,2014-07-10,95.44,93.47643,27,53.016390000000115,-53.016390000000115,-1.0,1,False,stop
A_nofilter,SCHW,2014-06-27,2014-07-11,26.98,25.736780139547253,72,89.5118299525978,-17.280000000000143,-0.19304710907095746,9,False,close_below_ema20
A_nofilter,META,2014-07-10,2014-07-11,65.12,62.14779,31,92.13851000000012,4.959999999999894,0.05383199706615494,1,False,close_below_ema20
A_nofilter,CAT,2014-07-01,2014-07-18,109.08,106.893,32,69.98399999999992,11.200000000000273,0.16003657978967029,12,False,close_below_ema20
A_nofilter,ADBE,2014-07-11,2014-07-18,72.08,70.23969,50,92.01550000000012,-8.99999999999963,-0.09780960816383782,5,False,close_below_ema20
A_nofilter,TXN,2014-07-21,2014-07-24,48.97,48.01194,93,89.09957999999963,-43.709999999999894,-0.4905747030457391,3,False,close_below_ema20
A_nofilter,MU,2014-05-19,2014-07-29,26.37,25.22475,75,85.89375000000005,304.0085,3.539355308156878,49,True,close_below_ema20
A_nofilter,BX,2014-07-30,2014-07-31,33.9156,32.8914756,48,49.157971199999906,-44.7503999999999,-0.9103386268308807,1,False,close_below_ema20
A_nofilter,DIS,2014-07-24,2014-08-01,86.53,84.78513000000001,53,92.47810999999956,-60.42000000000003,-0.6533438021170666,6,False,close_below_ema20
A_nofilter,SCHW,2014-07-18,2014-08-04,27.4,26.41356,93,91.73891999999984,37.2000000000002,0.40549856048011323,11,False,close_below_ema20
A_nofilter,PANW,2014-08-05,2014-08-06,13.4167,12.79719,149,92.30699,-42.71829999999996,-0.46278510435666853,1,False,close_below_ema20
A_nofilter,INTU,2014-08-05,2014-08-06,81.16,79.59033000000001,57,89.47118999999931,-43.88999999999977,-0.4905489688915517,1,False,close_below_ema20
A_nofilter,SCHW,2014-08-06,2014-08-07,27.8,27.19278,151,91.69022000000025,-4.530000000000172,-0.0494054873027915,1,False,close_below_ema20
A_nofilter,AAPL,2014-08-07,2014-08-08,23.87,23.56641,304,92.29135999999994,-92.71999999999991,-1.004644421753022,1,False,close_below_ema20
A_nofilter,INTU,2014-08-11,2014-08-25,81.7,79.59033000000001,41,86.49646999999976,84.38679999999977,0.975609756097561,10,True,breakeven_stop
A_nofilter,AAPL,2014-08-11,2014-09-04,23.8175,23.29668,176,91.66432000000009,170.42432000000005,1.8592219960830985,17,True,close_below_ema20
A_nofilter,META,2014-07-14,2014-09-16,67.13,63.61566798673297,13,45.686316172471294,97.71,2.1387147878400414,45,True,close_below_ema20
A_nofilter,TSLA,2014-08-01,2014-09-16,15.4267,14.721264000000001,130,91.70667999999985,194.62117999999992,2.1222137798467924,31,True,close_below_ema20
A_nofilter,ISRG,2014-09-09,2014-09-22,52.7511,50.788309697158354,49,96.1767248392407,-96.1767248392407,-1.0,9,False,stop
A_nofilter,CMCSA,2014-08-25,2014-09-23,25.5811,25.2418329,222,75.31729620000016,148.13329620000042,1.9667898832512805,20,True,close_below_ema20
A_nofilter,INTC,2014-09-17,2014-09-23,35.08,34.195769999999996,88,77.8122400000002,-32.559999999999775,-0.4184431652398092,4,False,close_below_ema20
A_nofilter,MS,2014-09-25,2014-09-26,35.1,34.495470000000005,87,52.59410999999973,-61.770000000000074,-1.174466114171347,1,False,close_below_ema20
A_nofilter,SCHW,2014-09-08,2014-10-01,28.66,28.01196,76,49.25104000000013,69.7710400000001,1.4166409480896223,17,True,close_below_ema20
A_nofilter,UNP,2014-09-26,2014-10-01,108.63,106.86303,27,47.708190000000016,-47.708190000000016,-1.0,3,False,stop
A_nofilter,META,2014-09-23,2014-10-02,77.53,74.17452892673346,28,93.9531900514632,-26.880000000000223,-0.2860999183239718,7,False,close_below_ema20
A_nofilter,ABBV,2014-09-24,2014-10-02,58.27,56.5434,55,94.96300000000026,-40.15000000000022,-0.4227962469593432,6,False,close_below_ema20
A_nofilter,REGN,2014-10-01,2014-10-03,363.95,351.12852000000004,7,89.75035999999966,-58.86999999999978,-0.6559305166018276,2,False,close_below_ema20
A_nofilter,FISV,2014-10-02,2014-10-03,32.35,31.69827,142,92.54566000000008,-8.520000000000323,-0.09206266398662363,1,False,close_below_ema20
A_nofilter,MU,2014-10-03,2014-10-06,34.08,32.91705,67,77.91764999999967,-77.91764999999967,-1.0,1,False,stop
A_nofilter,GILD,2014-10-03,2014-10-07,105.91,103.50639,38,91.33718000000002,-40.280000000000086,-0.44100332416656696,2,False,close_below_ema20
A_nofilter,LMT,2014-10-06,2014-10-07,179.62,175.61420999999999,12,48.069480000000226,-38.639999999999986,-0.803836446743335,1,False,close_below_ema20
A_nofilter,VRTX,2014-10-03,2014-10-08,107.37,101.41848,15,89.27280000000003,-58.35000000000001,-0.6536145388068929,3,False,close_below_ema20
A_nofilter,META,2014-10-07,2014-10-08,77.89,75.56436,39,90.69996000000027,-66.68999999999976,-0.7352814709069282,1,False,close_below_ema20
A_nofilter,PANW,2014-10-03,2014-10-10,17.0033,15.863917606266602,81,92.28997389240519,-92.28997389240519,-1.0,5,False,stop
A_nofilter,META,2014-10-09,2014-10-10,77.71,75.02489999999999,33,88.60830000000018,-69.95999999999968,-0.7895422889277814,1,False,close_below_ema20
A_nofilter,LMT,2014-10-09,2014-10-10,176.55,171.65817,18,88.05293999999998,-33.66000000000008,-0.3822700298252403,1,False,close_below_ema20
A_nofilter,VRTX,2014-10-09,2014-10-15,107.67,101.41848,14,87.52127999999999,-79.38000000000002,-0.906979422604423,4,False,close_below_ema20
A_nofilter,PANW,2014-10-30,2014-11-06,17.5533,16.6666167,99,87.78164670000014,-21.779999999999887,-0.24811564625159685,5,False,close_below_ema20
A_nofilter,GILD,2014-11-07,2014-11-10,108.9,105.64425,27,87.90525000000017,4.589999999999662,0.05221531137218373,1,False,close_below_ema20
A_nofilter,LMT,2014-11-11,2014-11-18,187.26,184.72509,24,60.837839999999915,-60.837839999999915,-1.0,5,False,stop
A_nofilter,VRTX,2014-11-18,2014-11-19,112.28,109.93995,38,88.92190000000019,-47.5,-0.5341766201576877,1,False,close_below_ema20
A_nofilter,ISRG,2014-10-28,2014-12-08,53.3311,52.142205600000004,73,86.78929119999965,173.66039679999975,2.000942678513319,28,True,close_below_ema20
A_nofilter,ADBE,2014-12-10,2014-12-11,71.66,70.60932000000001,70,73.547599999999,-109.20000000000016,-1.4847527315643427,1,False,close_below_ema20
A_nofilter,INTC,2014-12-11,2014-12-12,37.02,36.2637,76,57.478800000000234,-57.478800000000234,-1.0,1,False,stop
A_nofilter,VRTX,2014-12-11,2014-12-15,121.65,116.61327,17,85.6244100000001,-85.6244100000001,-1.0,2,False,stop
A_nofilter,REGN,2014-11-07,2014-12-16,378.24,364.88475,6,80.13150000000007,129.63150000000007,1.6177345987532987,26,True,close_below_ema20
A_nofilter,HD,2014-11-20,2014-12-16,97.31,95.88402,58,82.70683999999974,82.70683999999974,1.0,17,True,breakeven_stop
A_nofilter,DIS,2014-12-15,2014-12-16,92.61,90.56934,43,87.74838000000011,-90.72999999999998,-1.0339792028069335,1,False,close_below_ema20
A_nofilter,AMGN,2014-12-18,2014-12-23,166.1,157.96655631844948,10,81.33443681550517,-11.899999999999977,-0.14630949036990717,3,False,close_below_ema20
A_nofilter,REGN,2014-12-18,2014-12-23,415.49,390.67643698235304,3,74.44068905294091,-15.330000000000041,-0.20593576167863806,3,False,close_below_ema20
A_nofilter,LLY,2014-12-23,2014-12-24,71.67,68.96097,32,86.68895999999995,-52.159999999999854,-0.6016913803095559,1,False,close_below_ema20
A_nofilter,MDT,2014-12-31,2015-01-02,73.63,72.58734,48,50.0476799999999,-72.0,-1.438628124220746,1,False,close_below_ema20
A_nofilter,UNP,2015-01-02,2015-01-05,120.77,118.90097999999999,29,54.20158000000018,-71.33999999999982,-1.3161977934960492,1,False,stop_gap
A_nofilter,AMAT,2014-12-16,2015-01-06,24.05,23.24673,109,87.55643000000013,91.15316000000004,1.0410789932846725,13,True,close_below_ema20
A_nofilter,V,2014-12-18,2015-01-06,65.46,63.28221053371728,40,87.11157865130843,-20.499999999999545,-0.23533036959480738,11,False,close_below_ema20
A_nofilter,VRTX,2014-12-26,2015-01-07,117.29,109.23066,10,80.59340000000006,15.29999999999987,0.18984184809177745,7,False,close_below_ema20
A_nofilter,REGN,2015-01-05,2015-01-07,419.15,393.2615842122979,3,77.66524736310618,-49.07999999999987,-0.6319428787825462,2,False,close_below_ema20
A_nofilter,V,2015-01-08,2015-01-12,65.8,63.72227826987954,23,47.78759979277055,-12.419999999999817,-0.25990005888261314,2,False,close_below_ema20
A_nofilter,HD,2015-01-07,2015-01-14,102.29,100.23966,29,59.45986000000016,57.40952000000016,0.9655172413793104,5,True,breakeven_stop
A_nofilter,PANW,2015-01-05,2015-01-16,20.4933,19.5804,95,86.72550000000004,-20.424999999999986,-0.23551319969328488,9,False,close_below_ema20
A_nofilter,LOW,2015-01-07,2015-01-16,66.86,65.29464,53,82.96407999999991,-45.57999999999997,-0.5493943885112692,7,False,close_below_ema20
A_nofilter,HD,2015-01-15,2015-01-16,103.41,101.77812,29,47.324519999999865,-73.94999999999992,-1.5626148981542787,1,False,close_below_ema20
A_nofilter,LOW,2015-01-20,2015-01-21,68.11,65.8341,36,81.93239999999975,-29.87999999999994,-0.3646908915154448,1,False,close_below_ema20
A_nofilter,PANW,2015-01-20,2015-01-22,20.8633,20.1964833,126,84.01890419999978,-84.01890419999978,-1.0,2,False,stop
A_nofilter,VRTX,2015-01-21,2015-01-29,125.26,117.03285000000001,10,82.27149999999995,-128.6,-1.56311723987043,6,False,close_below_ema20
A_nofilter,AVGO,2015-01-20,2015-02-02,10.391,9.990998999999999,210,84.0002100000003,-13.860000000000152,-0.16499958750103247,9,False,close_below_ema20
A_nofilter,LOW,2015-01-22,2015-02-02,67.87,65.8341,41,83.47189999999992,-11.890000000000256,-0.1424431455376033,7,False,close_below_ema20
A_nofilter,HD,2015-01-20,2015-02-04,104.84,100.61166167028823,10,42.28338329711775,22.5,0.5321239277826123,11,False,time_stop_10d
A_nofilter,AVGO,2015-02-03,2015-02-04,10.349,9.906084,185,81.93946000000005,-10.360000000000174,-0.1264348093092164,1,False,close_below_ema20
A_nofilter,UNH,2015-02-03,2015-02-10,107.35,104.96493,21,50.08646999999998,-1.8899999999997732,-0.0377347415379797,5,False,close_below_ema20
A_nofilter,MDT,2015-02-04,2015-02-10,74.81,71.6024212487887,25,80.18946878028252,-21.250000000000213,-0.2649973908447351,4,False,close_below_ema20
A_nofilter,TJX,2015-02-10,2015-02-19,34.06,32.765034085523084,63,81.58285261204587,-12.285000000000018,-0.15058311405730515,6,False,close_below_ema20
A_nofilter,NOW,2015-01-23,2015-03-04,13.318,12.497489999999999,76,62.35876000000004,126.84400000000004,2.034100742221301,27,True,close_below_ema20
A_nofilter,TXN,2015-02-04,2015-03-09,54.48,52.357589999999995,21,44.570610000000045,78.52820000000006,1.7618829986845586,22,True,close_below_ema20
A_nofilter,META,2015-03-04,2015-03-10,79.7,78.44148,50,62.926000000000215,-62.926000000000215,-1.0,4,False,stop
A_nofilter,LOW,2015-02-03,2015-03-11,69.08,66.10383,27,80.3565899999999,142.15000000000006,1.768989948428626,25,True,close_below_ema20
A_nofilter,PANW,2015-02-10,2015-03-11,21.06,20.1980817,95,81.88223849999993,178.54192019999996,2.1804719005086812,20,True,close_below_ema20
A_nofilter,VRTX,2015-03-16,2015-03-23,125.69,120.94892999999999,16,75.85712000000012,59.29712000000018,0.7816948494749086,5,True,stop_gap
A_nofilter,PANW,2015-03-16,2015-03-24,23.8283,22.483332438669528,64,86.07792392515012,-16.211199999999963,-0.18833167972425272,6,False,close_below_ema20
A_nofilter,PANW,2015-03-27,2015-04-02,23.6317,22.3659117,71,89.87096929999979,3.784300000000009,0.04210814715225307,4,False,close_below_ema20
A_nofilter,NOW,2015-03-27,2015-04-02,15.536,14.985,122,67.22200000000002,-47.091999999999906,-0.7005444646097987,4,False,close_below_ema20
A_nofilter,LOW,2015-04-02,2015-04-08,74.85,72.40752,37,90.3717599999996,-24.419999999999874,-0.2702171563329073,3,False,close_below_ema20
A_nofilter,UNH,2015-02-20,2015-04-16,110.36,108.41148,33,64.30116000000007,259.0426400000002,4.02858424327026,38,True,close_below_ema20
A_nofilter,CRM,2015-04-16,2015-04-17,67.51,66.2337,56,71.47280000000035,-71.47280000000035,-1.0,1,False,stop
A_nofilter,PANW,2015-04-08,2015-04-20,24.465,23.233443299999998,73,89.90363910000016,-36.37590000000003,-0.40460987301680834,8,False,close_below_ema20
A_nofilter,BSX,2015-03-11,2015-04-28,16.6,16.383599999999998,400,86.56000000000148,349.9999999999993,4.043438077633934,33,True,close_below_ema20
A_nofilter,REGN,2015-04-20,2015-04-30,455.78,442.1574,6,81.73559999999986,81.73559999999986,1.0,8,True,breakeven_stop
A_nofilter,ADI,2015-04-28,2015-04-30,63.27,61.78815,56,82.98360000000008,-40.320000000000334,-0.4858791375645344,2,False,close_below_ema20
A_nofilter,SPGI,2015-04-24,2015-05-01,99.9054,96.88641817921223,29,87.55047280284539,-17.011400000000123,-0.19430391927531945,5,False,close_below_ema20
A_nofilter,SBUX,2015-04-21,2015-05-07,48.35,47.34261,56,56.41384000000005,94.07999999999998,1.6676758752816667,12,True,close_below_ema20
A_nofilter,DIS,2015-05-01,2015-05-12,110.19,107.57232,35,91.61879999999975,-55.65000000000012,-0.6074080865499251,7,False,close_below_ema20
A_nofilter,DIS,2015-05-18,2015-05-27,110.69,107.56233,18,56.29805999999991,-21.239999999999867,-0.3772776539724442,6,False,close_below_ema20
A_nofilter,UNH,2015-05-27,2015-06-02,119.59,117.5823,26,52.200199999999995,-52.200199999999995,-1.0,4,False,stop
A_nofilter,BX,2015-05-01,2015-06-05,40.9715,39.852207899999996,81,90.66266010000021,139.83806800000025,1.5423997911131213,24,True,close_below_ema20
A_nofilter,SBUX,2015-06-05,2015-06-08,52.18,51.51843,74,48.95617999999982,-48.95617999999982,-1.0,1,False,stop
A_nofilter,AMZN,2015-06-09,2015-06-10,21.34,21.0504285,228,66.02230200000022,-3.875999999999877,-0.05870743495129666,1,False,close_below_ema20
A_nofilter,REGN,2015-05-07,2015-06-12,480.01,453.5761519388519,3,79.30154418344421,91.72769612229615,1.1566949555245376,25,True,close_below_ema20
A_nofilter,AVGO,2015-06-10,2015-06-25,14.073,13.637349,225,98.02147500000001,-13.500000000000112,-0.13772492201326403,11,False,close_below_ema20
A_nofilter,CRM,2015-06-25,2015-06-26,74.55,72.91700999999999,43,70.21857000000028,-70.21857000000028,-1.0,1,False,stop
A_nofilter,TMUS,2015-05-12,2015-06-30,34.33,32.87338650754204,63,91.76665002485157,241.99003653239367,2.6370150426855474,34,True,close_below_ema20
A_nofilter,GILD,2015-05-12,2015-06-30,105.36,100.43706360699566,18,88.61285507407803,195.9828550740781,2.2116752124761305,34,True,close_below_ema20
A_nofilter,SCHW,2015-06-02,2015-06-30,31.83,31.14882,97,66.07445999999977,118.90000000000003,1.799485005250144,20,True,close_below_ema20
A_nofilter,ADBE,2015-06-30,2015-07-01,82.19,81.06885000000001,85,95.2977499999988,-95.2977499999988,-1.0,1,False,stop
A_nofilter,PANW,2015-07-01,2015-07-06,29.4317,28.053671335082097,70,96.46200654425317,-34.53799999999983,-0.3580477043482927,2,False,close_below_ema20
A_nofilter,AMZN,2015-07-01,2015-07-07,21.9675,21.428549999999998,179,96.4720500000006,-96.4720500000006,-1.0,3,False,stop
A_nofilter,SBUX,2015-07-02,2015-07-09,54.21,53.08686,43,48.29501999999997,-6.020000000000024,-0.12465053332621102,4,False,close_below_ema20
A_nofilter,BMY,2015-07-06,2015-07-21,68.08,65.87414970439048,29,63.96965857267615,58.87000000000003,0.9202800407808589,11,False,time_stop_10d
A_nofilter,GILD,2015-07-21,2015-07-22,118.95,117.09279,34,63.14514000000031,-72.42000000000033,-1.1468816127416928,1,False,stop_gap
A_nofilter,FISV,2015-07-07,2015-07-28,42.19,41.2587,92,85.67960000000002,109.36960000000005,1.2764952217330616,15,True,close_below_ema20
A_nofilter,HD,2015-07-22,2015-07-28,113.97,112.05783,35,66.92595000000011,-7.349999999999781,-0.10982287139741413,4,False,close_below_ema20
A_nofilter,TSLA,2015-07-29,2015-07-30,17.6933,16.702580700000002,71,70.3410702999999,-12.822600000000133,-0.18229179546618515,1,False,close_below_ema20
A_nofilter,DIS,2015-06-16,2015-08-05,110.41,107.78631715870121,24,62.9683881911709,62.9683881911709,1.0,35,True,breakeven_stop
A_nofilter,PANW,2015-08-05,2015-08-06,31.2867,30.1365333,91,104.66516969999998,-104.66516969999998,-1.0,1,False,stop
A_nofilter,SBUX,2015-07-10,2015-08-11,54.54,53.08686,42,61.0318799999999,122.42999999999996,2.0060007982713324,22,True,close_below_ema20
A_nofilter,MA,2015-08-10,2015-08-12,98.37,96.01389,43,101.31273000000004,-101.31273000000004,-1.0,2,False,stop
A_nofilter,AMGN,2015-08-12,2015-08-17,169.73,166.2336,29,101.39559999999983,-77.71999999999937,-0.7665026884795741,3,False,close_below_ema20
A_nofilter,REGN,2015-07-28,2015-08-20,553.3,529.81965,4,93.92139999999972,93.92139999999972,1.0,17,True,breakeven_stop
A_nofilter,MDLZ,2015-07-28,2015-08-21,42.33,41.23876463376631,89,97.11994759479839,153.17871222856485,1.577211644178944,18,True,close_below_ema20
A_nofilter,NFLX,2015-07-30,2015-08-21,10.775,10.377612,249,98.9496120000003,79.17722400000015,0.8001772053436643,16,True,close_below_ema20
A_nofilter,SBUX,2015-08-17,2015-08-21,57.12,55.102956385529616,50,100.85218072351907,-119.99999999999993,-1.1898602403945393,4,False,close_below_ema20
A_nofilter,VRTX,2015-08-17,2015-08-21,137.62,131.99787,18,101.19833999999997,-113.21999999999986,-1.1187930553011036,4,False,close_below_ema20
A_nofilter,TMUS,2015-08-28,2015-08-31,39.95,37.451729148947074,38,94.93429234001131,-1.1400000000000432,-0.01200830565963544,1,False,close_below_ema20
A_nofilter,HD,2015-08-27,2015-09-01,117.5,109.71450091055574,12,93.4259890733311,-42.12000000000006,-0.4508381491892968,3,False,close_below_ema20
A_nofilter,FISV,2015-08-28,2015-09-01,43.39,41.14127403185174,42,94.44649066222709,-70.34999999999988,-0.744866214792411,2,False,close_below_ema20
A_nofilter,AMZN,2015-09-25,2015-09-28,27.1285,26.1173565,95,96.05863249999993,-107.11249999999978,-1.1150741709757306,1,False,close_below_ema20
A_nofilter,TSLA,2015-09-25,2015-09-28,17.774,17.0362467,130,95.90792900000018,-95.90792900000018,-1.0,1,False,stop
A_nofilter,TMUS,2015-09-15,2015-09-29,40.1,39.19076999999999,103,93.65069000000082,118.74146000000081,1.267918688052376,10,True,close_below_ema20
A_nofilter,ADBE,2015-10-01,2015-10-08,82.42,79.01091000000001,27,92.04542999999978,-53.18999999999997,-0.5778668207644866,5,False,close_below_ema20
A_nofilter,GOOGL,2015-10-23,2015-11-09,37.503,35.96054037510248,63,97.17495636854362,26.649000000000115,0.2742373240583891,11,False,time_stop_10d
A_nofilter,SBUX,2015-10-01,2015-11-10,56.99,54.75519,41,91.62721000000013,184.94240000000008,2.0184222568819874,28,True,close_below_ema20
A_nofilter,ACN,2015-10-15,2015-11-10,103.05,101.0988,24,46.8288,69.36000000000001,1.4811398113981142,18,True,close_below_ema20
A_nofilter,SBUX,2015-11-11,2015-11-12,62.55,60.79914,58,101.54987999999976,-101.54987999999976,-1.0,1,False,stop
A_nofilter,NFLX,2015-11-11,2015-11-13,11.308,10.790199,196,101.48899600000007,-101.48899600000007,-1.0,2,False,stop
A_nofilter,REGN,2015-11-11,2015-11-13,567.5,548.9505,3,55.6484999999999,-55.6484999999999,-1.0,2,False,stop
A_nofilter,CRM,2015-11-12,2015-11-13,79.0,77.2227,45,79.97849999999985,-79.97849999999985,-1.0,1,False,stop
A_nofilter,REGN,2015-11-16,2015-11-27,557.25,544.57488,7,88.72583999999995,103.37072000000012,1.1650576652754168,8,True,close_below_ema20
A_nofilter,FISV,2015-11-30,2015-12-03,48.16,47.24271,82,75.21777999999952,-75.21777999999952,-1.0,3,False,stop
A_nofilter,ADBE,2015-10-09,2015-12-04,82.48,78.94098,26,92.0145200000002,191.4645200000001,2.080807681222482,39,True,close_below_ema20
A_nofilter,GOOGL,2015-11-18,2015-12-04,37.7475,36.679783500000006,46,49.114958999999814,33.94799999999998,0.6911947132033666,11,False,time_stop_10d
A_nofilter,COST,2015-12-03,2015-12-09,164.51,160.46937,23,92.93448999999984,-92.93448999999984,-1.0,4,False,stop
A_nofilter,FISV,2015-12-09,2015-12-10,47.43,46.518435,80,72.92520000000025,-55.60000000000002,-0.7624250601986671,1,False,close_below_ema20
A_nofilter,HD,2015-12-04,2015-12-11,134.12,130.66920000000002,22,75.91759999999971,-75.91759999999971,-1.0,5,False,stop
A_nofilter,NOW,2015-12-10,2015-12-11,17.532,17.112869999999997,213,89.27469000000056,-89.27469000000056,-1.0,1,False,stop
A_nofilter,AMZN,2015-10-12,2015-12-14,27.0895,25.9685055,84,94.16353800000016,369.28499999999985,3.921740918443392,44,True,close_below_ema20
A_nofilter,MSFT,2015-11-16,2015-12-14,53.29,52.477470000000004,63,51.189389999999705,83.65685999999968,1.6342617093112493,19,True,close_below_ema20
A_nofilter,AMZN,2015-12-15,2015-12-16,33.2515,31.7317365,63,95.74510049999999,-4.6305000000001755,-0.048362788025901916,1,False,close_below_ema20
A_nofilter,GOOGL,2015-12-15,2015-12-16,38.3895,36.802438465958176,60,95.22369204250936,-3.6599999999999966,-0.038435812784554865,1,False,close_below_ema20
A_nofilter,META,2015-12-15,2015-12-16,105.3,101.35853999999999,24,94.59504000000015,1.6800000000001774,0.01775991637616702,1,False,close_below_ema20
A_nofilter,NFLX,2015-12-15,2015-12-16,12.193,11.454533999999999,130,96.0005800000001,-27.689999999999895,-0.2884357573672978,1,False,close_below_ema20
A_nofilter,ACN,2015-12-16,2015-12-17,107.99,104.91498,27,83.02553999999986,-83.02553999999986,-1.0,1,False,stop
A_nofilter,COST,2015-12-17,2015-12-18,163.25,158.06178,9,46.69398000000001,-31.14000000000007,-0.6668953899410601,1,False,close_below_ema20
A_nofilter,PANW,2015-12-15,2015-12-21,31.0,29.3689017,35,57.08844050000005,-12.89050000000005,-0.22579877619883554,4,False,close_below_ema20
A_nofilter,V,2015-12-16,2015-12-21,79.45,76.25368601148527,29,92.69310566692721,-73.94999999999992,-0.7977939617831274,3,False,close_below_ema20
A_nofilter,GE,2015-12-16,2015-12-21,146.6965,142.52822909999998,22,91.70195980000022,-20.033199999999738,-0.2184598894472012,3,False,close_below_ema20
A_nofilter,NFLX,2015-12-17,2015-12-21,12.397,11.454533999999999,102,96.13153200000013,-45.491999999999976,-0.4732266203767554,2,False,close_below_ema20
A_nofilter,INTC,2015-12-22,2016-01-04,34.36,33.78618,100,57.38199999999978,33.381999999999934,0.5817503746819571,7,True,close_below_ema20
A_nofilter,AMZN,2015-12-29,2016-01-04,33.899,32.7986685,52,57.21723800000015,-57.21723800000015,-1.0,3,False,stop
A_nofilter,GE,2015-12-22,2016-01-06,146.6486,144.34750799999998,40,92.04368000000045,-92.04368000000045,-1.0,9,False,stop
A_nofilter,MSFT,2016-01-05,2016-01-06,54.93,53.33661,58,92.41661999999997,-35.37999999999997,-0.38283157293569037,1,False,close_below_ema20
A_nofilter,MCD,2016-01-12,2016-01-13,117.06,115.14474,47,90.01722000000017,-90.01722000000017,-1.0,1,False,stop
A_nofilter,PEP,2016-03-09,2016-03-24,100.12,97.44246000000001,33,88.35881999999978,19.139999999999944,0.2166167452213598,11,False,time_stop_10d
A_nofilter,COST,2016-03-24,2016-03-28,153.93,151.48836,21,51.27444000000014,-44.729999999999905,-0.8723644763355735,1,False,close_below_ema20
A_nofilter,GE,2016-03-11,2016-04-07,145.1629,142.62393329999998,18,45.70140060000057,64.24860060000057,1.4058343892418863,18,True,close_below_ema20
A_nofilter,META,2016-03-09,2016-04-11,107.37,104.29560000000001,29,89.15759999999992,136.0331999999999,1.5257611241217803,22,True,close_below_ema20
A_nofilter,GOOGL,2016-04-11,2016-04-12,38.3565,37.72224,93,58.98617999999978,-58.98617999999978,-1.0,1,False,stop
A_nofilter,MSFT,2016-03-29,2016-04-13,54.29,52.877069999999996,65,91.84045000000019,53.94999999999989,0.5874317906761103,11,False,time_stop_10d
A_nofilter,AVGO,2016-04-19,2016-04-20,15.645,15.365619,235,65.65453499999977,-117.26499999999972,-1.7860913949051673,1,False,close_below_ema20
A_nofilter,ADBE,2016-04-13,2016-04-22,93.82,92.12778,38,64.30435999999969,64.30435999999969,1.0,7,True,breakeven_stop
A_nofilter,SBUX,2016-04-20,2016-04-22,61.25,59.167810312407674,45,93.69853594165465,-100.8000000000001,-1.0757905551775906,2,False,stop_gap
A_nofilter,AMAT,2016-04-22,2016-04-28,21.24,20.829150000000002,232,95.31719999999916,-95.31719999999916,-1.0,4,False,stop
A_nofilter,GE,2016-04-28,2016-04-29,148.6135,145.11354120000001,26,90.9989287999993,-32.39859999999959,-0.3560327624428018,1,False,close_below_ema20
A_nofilter,V,2016-04-28,2016-04-29,79.0,77.20272,30,53.91840000000002,-44.40000000000012,-0.8234665717083612,1,False,close_below_ema20
A_nofilter,ISRG,2016-03-28,2016-05-04,65.0778,62.2732644,33,92.5496747999998,161.90150000000025,1.7493470436267875,27,True,close_below_ema20
A_nofilter,BKNG,2016-04-29,2016-05-04,54.2364,52.353594,49,92.25749400000011,-191.90360000000015,-2.0800868490965074,3,False,stop_gap
A_nofilter,CVX,2016-05-05,2016-05-09,102.3,100.28961,36,72.37404000000004,-72.37404000000004,-1.0,2,False,stop
A_nofilter,MCD,2016-05-02,2016-05-17,127.93,124.88499,27,82.21527000000013,45.08999999999966,0.5484382645705547,11,False,time_stop_10d
A_nofilter,JNJ,2016-04-12,2016-05-20,109.62,107.77212,32,59.13216000000011,100.41216000000009,1.698097279044092,28,True,close_below_ema20
A_nofilter,SPGI,2016-05-09,2016-05-24,98.8552,94.45487464880246,20,88.00650702395075,83.63400000000013,0.9503160939819978,11,False,time_stop_10d
A_nofilter,ISRG,2016-05-20,2016-06-07,69.5167,68.05188000000001,62,90.81883999999931,64.48000000000039,0.7099848445542893,11,False,time_stop_10d
A_nofilter,CRM,2016-05-13,2016-06-15,76.79,73.86389070718148,21,61.44829514918899,113.96218585637038,1.854602891417639,22,True,close_below_ema20
A_nofilter,HON,2016-06-06,2016-06-21,108.3546,105.8738202,19,47.134816200000145,44.763999999999896,0.9497013801869828,11,False,time_stop_10d
A_nofilter,XOM,2016-06-07,2016-06-22,89.75,87.52239,42,93.55961999999994,87.78000000000014,0.9382252728260354,11,False,time_stop_10d
A_nofilter,BSX,2016-06-21,2016-06-23,22.97,22.29768,141,94.79711999999988,-8.45999999999982,-0.08924321751546703,2,False,close_below_ema20
A_nofilter,LMT,2016-06-23,2016-06-24,239.79,236.42334,15,50.49989999999994,-74.09999999999997,-1.4673296382765124,1,False,stop_gap
A_nofilter,ISRG,2016-06-22,2016-06-27,72.3333,70.5272022,52,93.91708559999944,-93.91708559999944,-1.0,3,False,stop
A_nofilter,NEE,2016-06-27,2016-07-21,31.2725,30.41514605570809,109,93.45157992781841,118.85672598352645,1.2718535746033492,17,True,close_below_ema20
A_nofilter,UNP,2016-07-22,2016-08-03,92.3,90.62928,31,51.79232000000009,-23.559999999999718,-0.4548936985251805,8,False,close_below_ema20
A_nofilter,NEE,2016-08-03,2016-08-05,32.08,31.3561125,116,83.97095,-44.65999999999977,-0.5318505983319204,2,False,close_below_ema20
A_nofilter,JNJ,2016-06-28,2016-08-09,117.17,114.885,33,75.40499999999989,187.69999999999982,2.489224852463366,29,True,close_below_ema20
A_nofilter,BSX,2016-08-05,2016-08-09,24.2,23.71626,153,74.01222000000014,-33.659999999999826,-0.4547897630958747,2,False,close_below_ema20
A_nofilter,UNH,2016-05-24,2016-08-10,131.2,128.40147,30,83.95589999999999,244.00590000000022,2.9063579807970643,54,True,close_below_ema20
A_nofilter,LOW,2016-08-09,2016-08-11,81.88,80.43947999999999,69,99.39588000000045,-21.390000000000157,-0.21520006664260188,2,False,close_below_ema20
A_nofilter,UNH,2016-08-11,2016-08-16,142.34,140.78907,55,85.30114999999967,-65.44999999999987,-0.7672815665439462,3,False,close_below_ema20
A_nofilter,TMUS,2016-08-17,2016-08-18,46.95,46.193760000000005,131,99.06743999999978,-99.06743999999978,-1.0,1,False,stop
A_nofilter,TXN,2016-07-07,2016-08-31,61.35,59.14494011767778,26,57.33155694037784,161.4615569403779,2.8162772050354477,39,True,close_below_ema20
A_nofilter,ADBE,2016-08-18,2016-09-09,100.81,99.35055,67,97.78315000000026,96.32370000000026,0.9850746268656716,15,True,breakeven_stop
A_nofilter,BSX,2016-09-02,2016-09-09,24.4,23.79618,167,100.83793999999982,-100.83793999999982,-1.0,4,False,stop
A_nofilter,AMAT,2016-07-06,2016-09-12,23.87,22.786461300879253,89,96.43494422174656,311.8899999999999,3.2342010722049768,47,True,close_below_ema20
A_nofilter,AMAT,2016-09-15,2016-09-26,29.58,28.50147,91,98.14622999999973,-8.189999999999987,-0.08344691385496936,7,False,close_below_ema20
A_nofilter,META,2016-09-14,2016-09-27,128.35,125.62425,36,98.12699999999967,-26.639999999999816,-0.2714849124094276,9,False,close_below_ema20
A_nofilter,QCOM,2016-09-15,2016-09-27,61.95,59.91200176684868,41,83.55792755920413,23.77999999999993,0.284592984706937,8,False,close_below_ema20
A_nofilter,AMAT,2016-09-30,2016-10-05,29.82,29.19078,131,82.42782000000001,-10.480000000000242,-0.12714154031976388,3,False,close_below_ema20
A_nofilter,TMUS,2016-09-27,2016-10-06,47.12,44.97826999339536,46,98.51958030381341,-56.11999999999995,-0.5696329585138082,7,False,close_below_ema20
A_nofilter,INTC,2016-09-27,2016-10-11,36.94,36.5634,209,78.70939999999922,78.33279999999922,0.9952153110047847,10,True,breakeven_stop
A_nofilter,MRK,2016-10-05,2016-10-12,60.0668,58.6817595,65,90.02763250000015,-34.11199999999994,-0.37890588758956734,5,False,close_below_ema20
A_nofilter,INTC,2016-10-14,2016-10-19,37.19,36.42354,72,55.18511999999964,-80.63999999999982,-1.4612634710226295,3,False,stop_gap
A_nofilter,UNP,2016-10-13,2016-10-20,96.8,95.47443,74,98.09217999999993,-177.59999999999937,-1.810541880096859,5,False,stop_gap
A_nofilter,META,2016-10-19,2016-10-28,129.39,126.62325,20,55.33499999999975,22.200000000000273,0.4011927351585863,7,False,close_below_ema20
A_nofilter,JPM,2016-10-20,2016-11-04,68.5,66.67326,53,96.81722000000005,-0.5300000000002711,-0.005474232786277801,11,False,time_stop_10d
A_nofilter,AVGO,2016-11-03,2016-11-10,17.415,16.667011746938496,129,96.49048464493397,-96.49048464493397,-1.0,5,False,stop
A_nofilter,COP,2016-11-15,2016-11-18,44.26,43.34661,112,102.29967999999997,-61.59999999999968,-0.6021524212001416,3,False,close_below_ema20
A_nofilter,COP,2016-11-21,2016-11-30,45.64,43.34661,44,100.9091600000001,29.03999999999985,0.28778358674276766,6,False,close_below_ema20
A_nofilter,BKNG,2016-11-21,2016-12-01,61.16,59.2299108,53,102.29472759999987,-57.897199999999884,-0.5659842042533574,7,False,close_below_ema20
A_nofilter,IBM,2016-12-05,2016-12-06,153.7763,151.18706160000002,22,56.96324479999936,-15.142599999999959,-0.2658310644550945,1,False,close_below_ema20
A_nofilter,TXN,2016-12-08,2016-12-13,72.43,69.85008,32,82.55744000000004,-15.360000000000127,-0.1860522806908756,3,False,close_below_ema20
A_nofilter,ADI,2016-12-05,2016-12-20,70.84,68.35158,41,102.0252200000002,85.27999999999993,0.8358717579829748,11,False,time_stop_10d
A_nofilter,BAC,2016-11-04,2016-12-30,16.67,16.263720000000003,238,96.69463999999974,754.4599999999996,7.802500738407027,38,True,close_below_ema20
A_nofilter,UNP,2016-12-20,2017-01-03,103.89,102.40749000000001,51,75.60800999999952,-75.60800999999952,-1.0,8,False,stop
A_nofilter,TMUS,2016-10-24,2017-01-09,48.32,46.5819303265076,55,95.59383204208186,324.85576236858947,3.3982920804512053,52,True,close_below_ema20
A_nofilter,C,2017-01-03,2017-01-13,60.68,58.62132,39,80.28852000000009,-47.96999999999988,-0.5974702236384457,8,False,close_below_ema20
A_nofilter,MS,2017-01-13,2017-01-17,44.02,42.63732,79,109.23172000000005,-109.23172000000005,-1.0,1,False,stop
A_nofilter,TMUS,2017-01-13,2017-01-17,57.5,55.244699999999995,29,65.40370000000016,-7.25,-0.11084999778299978,1,False,close_below_ema20
A_nofilter,MU,2016-12-06,2017-01-18,19.0,18.16182,124,103.93432000000016,274.65999999999997,2.642630461237439,28,True,close_below_ema20
A_nofilter,SCHW,2017-01-03,2017-01-18,40.05,39.2607,137,108.13409999999962,108.72479999999985,1.0054626616395774,10,True,close_below_ema20
A_nofilter,AMAT,2017-01-10,2017-01-26,33.07,31.64797174433612,47,66.8353280162023,63.45000000000007,0.9493482247086218,11,False,time_stop_10d
A_nofilter,GS,2017-01-26,2017-01-30,237.47,230.30946,9,64.44485999999998,-17.009999999999877,-0.263946573861746,2,False,close_below_ema20
A_nofilter,MS,2017-01-26,2017-02-01,43.94,41.95476669413163,56,111.1730651286287,-35.84000000000003,-0.3223802452377532,4,False,close_below_ema20
A_nofilter,BAC,2017-02-01,2017-02-03,23.03,22.4775,203,112.1575000000004,24.35999999999948,0.2171945701357412,2,False,close_below_ema20
A_nofilter,BX,2017-01-23,2017-02-10,29.65,28.95102,118,82.47963999999986,114.46000000000028,1.3877364159203467,14,True,close_below_ema20
A_nofilter,TMUS,2017-01-18,2017-02-14,58.14,55.52530323910813,41,107.20256719656655,169.6878704356747,1.5828713329647708,19,True,close_below_ema20
A_nofilter,MS,2017-02-10,2017-02-28,45.13,43.57638,39,60.59118000000009,18.329999999999956,0.3025192775582177,11,False,time_stop_10d
A_nofilter,NFLX,2017-02-17,2017-03-02,14.244,13.990995000000002,260,65.78129999999952,-65.78129999999952,-1.0,8,False,stop
A_nofilter,TMUS,2017-02-28,2017-03-08,62.25,59.83011,28,67.75692000000006,-23.239999999999952,-0.3429907971023466,6,False,close_below_ema20
A_nofilter,UNP,2017-03-06,2017-03-08,109.28,105.73926054709558,32,113.30366249294138,-29.440000000000055,-0.2598327304894854,2,False,close_below_ema20
A_nofilter,AXP,2017-02-03,2017-03-09,77.14,75.89403,61,76.00416999999999,143.05000000000007,1.8821335724079362,23,True,close_below_ema20
A_nofilter,GS,2017-03-08,2017-03-09,253.62,250.05969,21,74.76651000000032,-74.76651000000032,-1.0,1,False,stop
A_nofilter,SCHW,2017-03-10,2017-03-21,42.54,41.358599999999996,97,114.59580000000034,-114.59580000000034,-1.0,7,False,stop
A_nofilter,MSFT,2017-03-21,2017-03-22,65.19,64.08585000000001,62,68.45729999999938,-66.33999999999958,-0.9690712312638707,1,False,close_below_ema20
A_nofilter,AVGO,2017-03-23,2017-03-24,21.837,21.517461,182,58.1560979999998,-6.552000000000248,-0.11266230413189465,1,False,close_below_ema20
A_nofilter,AMD,2017-03-24,2017-03-27,14.16,13.346639999999999,143,116.31048000000017,-115.83000000000007,-0.9958689879020352,1,False,close_below_ema20
A_nofilter,TMUS,2017-03-16,2017-03-31,63.09,60.769169999999995,29,67.30407000000022,53.93999999999998,0.801437416786233,11,False,time_stop_10d
A_nofilter,NFLX,2017-03-28,2017-04-06,14.439,13.986,205,92.86499999999988,-7.994999999999939,-0.08609271523178753,7,False,close_below_ema20
A_nofilter,LRCX,2017-03-10,2017-04-13,11.837,11.62836,306,63.84383999999971,177.52283999999975,2.78057898773007,24,True,close_below_ema20
A_nofilter,TMUS,2017-04-07,2017-05-04,63.33,62.157779999999995,76,89.08872000000022,170.78872000000044,1.9170633498831278,18,True,close_below_ema20
A_nofilter,TSLA,2017-03-24,2017-05-05,17.178,16.6660173,114,58.36602780000009,226.7859,3.885580508872657,29,True,close_below_ema20
A_nofilter,MU,2017-05-05,2017-05-08,28.17,27.422549999999998,130,97.16850000000053,-97.16850000000053,-1.0,1,False,stop
A_nofilter,DE,2017-05-01,2017-05-16,112.25,109.73016,31,78.11504000000006,57.349999999999824,0.7341735983237002,11,False,time_stop_10d
A_nofilter,LOW,2017-05-16,2017-05-17,86.06,84.09582,58,113.92243999999994,-113.92243999999994,-1.0,1,False,stop
A_nofilter,ADBE,2017-01-18,2017-05-18,108.5,106.95294,62,95.91772000000012,848.2877200000005,8.843910384859017,84,True,close_below_ema20
A_nofilter,TSLA,2017-05-08,2017-05-18,20.7267,19.470630037256367,98,123.09485634887616,-25.480000000000153,-0.20699483923019973,8,False,close_below_ema20
A_nofilter,C,2017-05-23,2017-06-01,61.55,59.263648143114224,53,121.17664841494596,-34.97999999999982,-0.2886694792895871,6,False,close_below_ema20
A_nofilter,TMUS,2017-06-01,2017-06-06,67.56,66.71322,75,63.50849999999966,-63.50849999999966,-1.0,3,False,stop
A_nofilter,NFLX,2017-05-19,2017-06-09,15.689,15.2847,301,121.69429999999977,121.28999999999976,0.9966777408637874,14,True,breakeven_stop
A_nofilter,TXN,2017-06-06,2017-06-09,82.38,80.77914,61,97.65245999999983,-97.65245999999983,-1.0,3,False,stop
A_nofilter,AMAT,2017-04-19,2017-06-12,39.2,37.91398521855242,49,63.0147242909316,185.22870950948396,2.9394512408608615,37,True,close_below_ema20
A_nofilter,ADI,2017-06-09,2017-06-12,82.93,78.91069287309037,32,128.6178280611084,-157.44000000000005,-1.2240915771427718,1,False,close_below_ema20
A_nofilter,UNP,2017-06-09,2017-06-15,110.02,108.37152,42,69.23615999999967,-41.579999999999785,-0.6005532369212848,4,False,close_below_ema20
A_nofilter,MU,2017-05-22,2017-06-19,28.2,26.933040000000002,96,121.62815999999975,232.50815999999986,1.9116309907179418,19,True,close_below_ema20
A_nofilter,CMCSA,2017-06-12,2017-06-20,38.4817,37.9001619,128,74.43687679999948,-74.43687679999948,-1.0,6,False,stop
A_nofilter,AMAT,2017-06-20,2017-06-21,44.39,42.277680000000004,58,122.51455999999982,-56.84000000000023,-0.4639448568398753,1,False,close_below_ema20
A_nofilter,CAT,2017-06-15,2017-06-22,105.99,102.48389718418109,35,122.71359855366171,-84.70000000000006,-0.690225052466059,5,False,close_below_ema20
A_nofilter,AMZN,2017-06-19,2017-06-27,50.85,48.82020883460172,46,93.37039360832085,-93.37039360832085,-1.0,6,False,stop
A_nofilter,META,2017-06-22,2017-06-28,154.08,148.88048790903753,23,119.58877809213718,-72.68000000000058,-0.6077493319983943,4,False,close_below_ema20
A_nofilter,MU,2017-06-20,2017-07-03,31.4,29.180790000000002,55,122.05654999999982,-72.04999999999993,-0.5903001518558408,9,False,close_below_ema20
A_nofilter,NOW,2017-06-21,2017-07-05,21.06,20.024709107473075,116,120.0937435331231,-22.27200000000002,-0.18545512317931176,9,False,close_below_ema20
A_nofilter,TSLA,2017-07-03,2017-07-05,24.6827,23.5830933,95,104.4626364999999,-145.92000000000013,-1.396863078407946,1,False,close_below_ema20
A_nofilter,VRTX,2017-07-05,2017-07-06,129.89,126.19367999999999,31,114.58592,-114.58592,-1.0,1,False,stop
A_nofilter,NOW,2017-07-06,2017-07-07,21.128,20.623355999999998,214,107.99381600000055,-47.50800000000028,-0.4399140780431357,1,False,close_below_ema20
A_nofilter,SPGI,2017-06-28,2017-07-14,139.5932,136.741122,41,116.93519800000024,64.77590000000038,0.553946981814665,11,False,time_stop_10d
A_nofilter,UNH,2017-07-17,2017-07-18,187.13,184.58523000000002,31,78.88786999999911,-78.88786999999911,-1.0,1,False,stop
A_nofilter,C,2017-06-05,2017-07-24,61.6,59.81013,40,71.59480000000002,157.99480000000017,2.206791554693918,34,True,close_below_ema20
A_nofilter,VRTX,2017-07-19,2017-07-27,161.8,154.86793619346525,16,110.9130209045561,-110.9130209045561,-1.0,6,False,stop
A_nofilter,BKNG,2017-07-07,2017-08-09,75.092,73.3697568,59,101.61234879999965,99.89010559999966,0.9830508474576272,23,True,breakeven_stop
A_nofilter,LRCX,2017-08-08,2017-08-09,15.59,14.811174000000001,152,118.3815519999998,-6.688000000000073,-0.05649528906328315,1,False,close_below_ema20
A_nofilter,SYK,2017-07-28,2017-08-10,145.99,142.82703,28,88.56316000000004,-32.760000000000446,-0.3699055002102503,9,False,close_below_ema20
A_nofilter,DE,2017-07-18,2017-08-11,126.02,123.12675,40,115.72999999999979,153.92999999999972,1.3300786312969843,18,True,close_below_ema20
A_nofilter,UNH,2017-08-11,2017-08-18,194.39,192.2076,53,115.66719999999856,-115.66719999999856,-1.0,5,False,stop
A_nofilter,CMCSA,2017-08-21,2017-08-25,38.2099,37.4975649,103,73.37051529999971,-43.4350999999994,-0.5919966599989188,4,False,close_below_ema20
A_nofilter,LMT,2017-08-25,2017-09-07,304.05,297.6170819055769,12,77.19501713307704,-31.200000000000273,-0.40417116491099897,8,False,close_below_ema20
A_nofilter,AMAT,2017-09-07,2017-09-11,44.96,43.82613,80,90.70960000000014,-5.600000000000023,-0.06173547232046017,2,False,close_below_ema20
A_nofilter,PLD,2017-08-31,2017-09-25,62.74,61.77816000000001,66,63.48143999999968,84.60143999999994,1.3326956666389478,16,True,close_below_ema20
A_nofilter,ADI,2017-09-15,2017-10-02,83.14,80.04204429195302,20,61.959114160939635,69.00000000000006,1.1136376130357775,11,False,time_stop_10d
A_nofilter,ANET,2017-09-11,2017-11-03,10.9031,10.5899994,373,116.78652380000011,436.54262319999987,3.737953738117852,39,True,close_below_ema20
A_nofilter,NFLX,2017-10-04,2017-11-10,18.141,17.637345,140,70.51169999999978,141.9117,2.0125979092831465,27,True,close_below_ema20
A_nofilter,ADI,2017-11-13,2017-11-14,90.03,87.89202,42,89.79515999999995,-10.079999999999785,-0.11225549350321098,1,False,close_below_ema20
A_nofilter,CAT,2017-08-18,2017-11-16,114.37,112.63725,66,114.36150000000066,814.4399999999998,7.121627470783394,63,True,close_below_ema20
A_nofilter,NOW,2017-11-03,2017-11-16,25.0,23.788786359901355,110,133.23350041085095,-31.46000000000015,-0.2361267992133152,9,False,close_below_ema20
A_nofilter,LRCX,2017-09-27,2017-11-30,17.51,16.735248,157,121.63606400000047,300.26899999999983,2.4685853037796313,45,True,close_below_ema20
A_nofilter,MU,2017-09-27,2017-11-30,36.26,34.40490067675036,41,76.05907225323523,240.10397292998556,3.1568091197664137,45,True,close_below_ema20
A_nofilter,MCD,2017-11-14,2017-11-30,167.95,163.59674655618122,22,95.771575764013,50.38000000000045,0.5260433442605126,11,False,time_stop_10d
A_nofilter,ABBV,2017-11-16,2017-12-04,94.7,92.62728,65,134.72680000000025,108.55000000000011,0.8057045814195832,11,False,time_stop_10d
A_nofilter,ANET,2017-12-04,2017-12-05,14.5763,13.887998099999999,197,135.59547430000015,-305.6060999999999,-2.2538075225420675,1,False,close_below_ema20
A_nofilter,LIN,2017-12-04,2017-12-06,153.87,151.37847,41,102.15273000000047,-102.15273000000047,-1.0,2,False,stop
A_nofilter,QCOM,2017-12-06,2017-12-11,65.03,63.7362,102,131.96760000000046,-98.93999999999988,-0.7497294790539462,3,False,close_below_ema20
A_nofilter,INTU,2017-11-30,2017-12-15,155.96,151.26322945343168,28,131.50957530391327,28.840000000000032,0.21929962083256652,11,False,time_stop_10d
A_nofilter,MA,2017-12-07,2017-12-22,148.07,141.9268064367315,14,86.00470988575876,40.180000000000064,0.46718371648915175,11,False,close_below_ema20
A_nofilter,ABBV,2017-12-11,2017-12-27,96.54,92.8071,35,130.65150000000003,41.64999999999992,0.31878700206273874,11,False,time_stop_10d
A_nofilter,MSFT,2017-12-11,2017-12-27,84.58,81.86015826808269,38,103.3539858128579,40.66000000000028,0.3934052439315012,11,False,time_stop_10d
A_nofilter,AXP,2017-12-15,2018-01-03,98.65,97.05285,45,71.87174999999996,26.549999999999514,0.3694080080142689,11,False,time_stop_10d
A_nofilter,MCD,2018-01-17,2018-01-30,174.41,171.9279,30,74.46300000000008,-74.46300000000008,-1.0,9,False,stop
A_nofilter,QCOM,2018-01-03,2018-02-02,65.33,63.936,68,94.79199999999989,123.69200000000018,1.3048780487804912,21,True,close_below_ema20
A_nofilter,ISRG,2018-01-31,2018-02-02,144.6467,138.861,24,138.85680000000048,-138.85680000000048,-1.0,2,False,stop
A_nofilter,ICE,2018-02-02,2018-02-05,74.82,73.29663000000001,94,143.19677999999865,-121.25999999999925,-0.846806750822193,1,False,close_below_ema20
A_nofilter,MA,2017-12-27,2018-02-06,151.56,149.74011,58,105.55362000000088,364.8136200000008,3.456192407233383,27,True,close_below_ema20
A_nofilter,ANET,2018-01-04,2018-02-06,14.7656,14.158327499999999,221,134.2072225000001,252.0924500000002,1.8783821414678334,22,True,close_below_ema20
A_nofilter,PANW,2018-02-05,2018-02-06,26.4933,25.64433,166,140.9290200000002,-255.0756,-1.8099579490441333,1,False,close_below_ema20
A_nofilter,LOW,2018-02-07,2018-02-08,100.92,95.5818017968848,25,133.45495507787996,-25.0,-0.1873291252873362,1,False,close_below_ema20
A_nofilter,MSFT,2018-02-07,2018-02-08,91.48,87.09136361349627,30,131.65909159511202,-53.10000000000031,-0.40331434279751405,1,False,close_below_ema20
A_nofilter,CRM,2018-02-07,2018-02-08,109.62,105.3108572516501,31,133.58342519884687,14.879999999999683,0.11139106500563163,1,False,close_below_ema20
A_nofilter,ANET,2018-02-07,2018-02-09,17.3744,16.09045760297502,104,133.5300092905979,-54.735200000000276,-0.40990935513889976,2,False,close_below_ema20
A_nofilter,ABBV,2018-02-07,2018-02-09,113.52,104.645440326036,15,133.11839510946,-59.25000000000004,-0.4450925054443468,2,False,close_below_ema20
A_nofilter,PANW,2018-02-08,2018-02-09,26.2067,24.9317433,105,133.87045350000005,-46.03200000000015,-0.3438548148341048,1,False,close_below_ema20
A_nofilter,LMT,2018-02-08,2018-02-09,350.34,334.5205726111743,8,126.55541911060527,-97.91999999999962,-0.7737321774772897,1,False,close_below_ema20
A_nofilter,MSFT,2018-02-13,2018-02-14,89.78,84.65175489809108,25,128.20612754772293,-31.7499999999999,-0.24764806961493638,1,False,close_below_ema20
A_nofilter,MA,2018-02-12,2018-02-28,166.8,157.5996920900326,14,128.8043107395439,132.85999999999973,1.0314872168265927,11,False,time_stop_10d
A_nofilter,LMT,2018-02-12,2018-02-28,344.88,327.18304475147175,7,123.87868673969768,87.36000000000013,0.7052060552075992,11,False,time_stop_10d
A_nofilter,AMZN,2018-02-13,2018-03-02,69.6905,64.24474361122006,24,130.69815333071858,90.34799999999996,0.6912722000852101,12,False,time_stop_10d
A_nofilter,BAC,2018-02-14,2018-03-02,31.4,29.704980283311382,78,132.21153790171206,-21.83999999999981,-0.16518981888128387,11,False,close_below_ema20
A_nofilter,ABBV,2018-03-05,2018-03-07,115.47,111.69819,36,135.78516000000008,-104.04000000000002,-0.7662103870555513,2,False,close_below_ema20
A_nofilter,BAC,2018-03-05,2018-03-20,31.69,30.59937,125,136.3287500000001,46.25000000000013,0.33925345900993076,11,False,close_below_ema20
A_nofilter,MS,2018-03-07,2018-03-22,56.71,53.84778605127834,48,137.38626953863968,-19.199999999999932,-0.13975195676013286,11,False,time_stop_10d
A_nofilter,INTU,2018-03-07,2018-03-22,171.09,162.42741,15,129.93884999999992,55.349999999999966,0.42596960031584086,11,False,time_stop_10d
A_nofilter,AMZN,2018-03-20,2018-03-23,78.083,76.1912325,73,138.09902750000003,-138.09902750000003,-1.0,3,False,stop
A_nofilter,NOW,2018-02-12,2018-03-26,29.394,27.49248,68,129.30335999999986,276.0473599999999,2.134881568429469,29,True,close_below_ema20
A_nofilter,INTC,2018-03-05,2018-03-26,49.05,46.91304,63,134.62847999999968,186.57151999999985,1.3858250497963007,15,True,close_below_ema20
A_nofilter,ADBE,2018-03-26,2018-03-27,222.46,214.56522,17,134.21125999999995,-134.21125999999995,-1.0,1,False,stop
A_nofilter,NOW,2018-03-27,2018-03-28,34.642,32.871096,77,136.35960800000012,-157.23400000000012,-1.1530833969543237,1,False,close_below_ema20
A_nofilter,INTU,2018-03-27,2018-03-28,176.12,169.67016,21,135.4466399999999,-56.28000000000014,-0.41551418329757156,1,False,close_below_ema20
A_nofilter,PGR,2018-03-27,2018-04-02,61.09,59.450489999999995,84,137.7188400000007,-137.7188400000007,-1.0,3,False,stop
A_nofilter,UNP,2018-04-02,2018-04-03,135.68,129.67020000000002,22,132.21559999999965,-34.10000000000025,-0.25791207694099894,1,False,close_below_ema20
A_nofilter,INTC,2018-04-05,2018-04-09,50.16,47.24271,45,131.27804999999972,-45.0,-0.34278388504399704,2,False,close_below_ema20
A_nofilter,PGR,2018-04-16,2018-04-25,60.98,59.6403,99,132.63029999999935,-17.819999999999972,-0.13435843845637127,7,False,close_below_ema20
A_nofilter,PANW,2018-04-12,2018-04-27,31.4017,30.409560000000003,134,132.94675999999987,131.7621999999995,0.9910899671417313,11,False,time_stop_10d
A_nofilter,TMO,2018-04-25,2018-04-30,217.85,210.27951000000002,17,128.69832999999963,-80.91999999999985,-0.6287571874475767,3,False,close_below_ema20
A_nofilter,INTC,2018-04-26,2018-04-30,52.26,50.5494,74,126.58439999999996,126.58439999999996,1.0,2,True,breakeven_stop
A_nofilter,ADBE,2018-04-27,2018-04-30,223.19,213.03675,13,131.9922499999998,1.0400000000001626,0.007879250486298733,1,False,close_below_ema20
A_nofilter,PGR,2018-04-30,2018-05-01,61.1,59.900040000000004,112,134.3955199999997,-87.36000000000013,-0.6500216673889154,1,False,close_below_ema20
A_nofilter,UNP,2018-04-30,2018-05-01,135.53,127.98512866081455,17,128.26281276615262,-23.290000000000077,-0.18158029983688379,1,False,close_below_ema20
A_nofilter,ADBE,2018-05-01,2018-05-03,224.14,213.03675,12,133.2389999999997,-49.559999999999945,-0.37196316393848694,2,False,close_below_ema20
A_nofilter,NFLX,2018-04-27,2018-05-04,31.663,29.232738,55,133.66440999999995,-43.56000000000009,-0.3258907887297756,5,False,close_below_ema20
A_nofilter,CRM,2018-05-01,2018-05-16,121.7,115.23082093422391,20,129.38358131552178,140.2000000000001,1.08359962349551,11,False,time_stop_10d
A_nofilter,PANW,2018-05-01,2018-05-17,32.3617,31.0971717,106,134.03999979999983,81.96979999999989,0.6115323793069716,12,False,time_stop_10d
A_nofilter,CSCO,2018-05-04,2018-05-17,44.81,43.39656,94,132.8633600000001,-157.91999999999996,-1.188589540412043,9,False,stop_gap
A_nofilter,NOW,2018-05-21,2018-05-22,35.054,33.724242000000004,79,105.05088199999986,-48.34800000000015,-0.4602341177868475,1,False,close_below_ema20
A_nofilter,MSFT,2018-05-10,2018-05-25,97.46,92.66726040945636,17,81.47657303924176,14.280000000000058,0.17526510341963386,11,False,time_stop_10d
A_nofilter,COP,2018-04-03,2018-05-29,59.3,56.51343,47,130.9687899999999,260.1822199999999,1.986597112182224,39,True,close_below_ema20
A_nofilter,ISRG,2018-05-24,2018-05-30,153.0733,149.85,25,80.58249999999987,-25.164999999999793,-0.31228864827971126,3,False,close_below_ema20
A_nofilter,COST,2018-05-30,2018-06-01,198.84,195.804,35,106.26000000000005,-118.65000000000052,-1.1166007905138384,2,False,stop_gap
A_nofilter,PANW,2018-05-18,2018-06-04,33.4683,32.8588083,221,134.6976656999999,135.4870000000004,1.005860044388286,10,True,breakeven_stop
A_nofilter,SCHW,2018-06-04,2018-06-05,57.09,54.75519,57,133.08417000000026,-32.490000000000016,-0.24413121410307442,1,False,close_below_ema20
A_nofilter,COP,2018-06-01,2018-06-06,68.34,64.86152765328544,39,135.66042152186816,-24.570000000000377,-0.18111398832738956,3,False,close_below_ema20
A_nofilter,PGR,2018-05-22,2018-06-07,61.92,60.1398,44,78.32880000000003,31.240000000000038,0.39883159195596035,11,False,time_stop_10d
A_nofilter,MU,2018-06-05,2018-06-18,59.8,56.563379999999995,41,132.7014200000001,-90.19999999999982,-0.6797214377962176,9,False,close_below_ema20
A_nofilter,DHR,2018-06-07,2018-06-19,91.3387,88.5980830840131,49,134.29022888335834,-112.50890000000048,-0.8378040676192706,8,False,close_below_ema20
A_nofilter,UNP,2018-06-11,2018-06-20,144.85,140.01984,15,72.4524000000001,-22.799999999999727,-0.31468936846812107,7,False,close_below_ema20
A_nofilter,PANW,2018-06-20,2018-06-22,35.4567,34.620345,158,132.1440899999996,-132.1440899999996,-1.0,2,False,stop
A_nofilter,ADBE,2018-06-20,2018-06-22,253.65,247.27248,13,82.90776000000005,-72.0199999999999,-0.8686762252411577,2,False,close_below_ema20
A_nofilter,UNH,2018-06-22,2018-06-25,253.65,250.66907999999998,34,101.35128000000088,-101.35128000000088,-1.0,1,False,stop
A_nofilter,SPGI,2018-06-01,2018-06-26,189.0918,184.66854659999998,22,97.31157480000047,85.54259999999971,0.8790588393601795,17,False,close_below_ema20
A_nofilter,AMD,2018-06-27,2018-06-28,15.65,14.525459999999999,114,128.19756000000015,-91.20000000000007,-0.7114019954825971,1,False,close_below_ema20
A_nofilter,AMZN,2018-06-27,2018-06-28,85.4055,82.4776479616519,43,125.89763764896858,-76.47550000000035,-0.6074418982604863,1,False,close_below_ema20
A_nofilter,CRM,2018-06-27,2018-06-28,137.17,131.53832999999997,22,123.8967400000003,-69.95999999999952,-0.5646637675858086,1,False,close_below_ema20
A_nofilter,AMD,2018-06-29,2018-07-02,15.41,14.525459999999999,142,125.60468000000017,-86.61999999999992,-0.689623985348315,1,False,close_below_ema20
A_nofilter,MSFT,2018-07-02,2018-07-05,99.91,97.16274,32,87.91231999999991,-13.11999999999989,-0.14923960600743905,2,False,close_below_ema20
A_nofilter,NFLX,2018-06-29,2018-07-16,39.919,37.837125,60,124.9124999999998,-1.2599999999996214,-0.010087060942656849,10,False,close_below_ema20
A_nofilter,BSX,2018-07-17,2018-07-25,33.35,32.877089999999995,183,86.54253000000108,-197.6399999999997,-2.283732634116396,6,False,stop_gap
A_nofilter,AMD,2018-07-24,2018-07-25,16.75,15.8841,101,87.45589999999999,-87.45589999999999,-1.0,1,False,stop
A_nofilter,CRM,2018-06-29,2018-07-30,136.28,131.53832999999997,26,123.28342000000072,218.14000000000001,1.7694187912697323,20,True,close_below_ema20
A_nofilter,MA,2018-07-05,2018-07-30,198.58,192.96684,16,89.81056000000035,124.77056000000016,1.3892638014950545,17,True,close_below_ema20
A_nofilter,AMZN,2018-06-29,2018-07-31,85.85,82.65955104856718,39,124.42750910587972,190.72706015444703,1.5328367619426562,21,True,close_below_ema20
A_nofilter,UNH,2018-07-25,2018-08-01,254.96,247.43062598266272,16,120.46998427739663,18.240000000000236,0.15140700905215063,5,False,close_below_ema20
A_nofilter,LOW,2018-07-30,2018-08-02,99.4,97.44246000000001,36,70.4714399999998,-61.2000000000001,-0.8684369157207554,3,False,close_below_ema20
A_nofilter,TJX,2018-08-01,2018-08-02,48.835,48.116835,121,86.89796499999989,-86.89796499999989,-1.0,1,False,stop
A_nofilter,COP,2018-07-25,2018-08-09,71.55,68.74119,46,129.20525999999973,29.90000000000026,0.23141472723324363,11,False,time_stop_10d
A_nofilter,COP,2018-08-13,2018-08-14,72.03,70.65927,73,100.06328999999961,-7.299999999999585,-0.07295382752255711,1,False,close_below_ema20
A_nofilter,ISRG,2018-08-02,2018-08-17,172.76,166.05378,18,120.71196000000003,28.319400000000314,0.23460309980883673,11,False,time_stop_10d
A_nofilter,V,2018-08-02,2018-08-17,138.74,135.17469,18,64.1755800000002,36.71999999999986,0.5721802592200919,11,False,time_stop_10d
A_nofilter,AMZN,2018-08-02,2018-09-18,89.922,86.87903399999999,41,124.76160600000028,247.93914000000044,1.9873032092902032,32,True,close_below_ema20
A_nofilter,COST,2018-08-14,2018-09-18,221.58,216.69308999999998,23,112.39893000000066,232.31202000000036,2.0668525937035076,24,True,close_below_ema20
A_nofilter,FISV,2018-08-31,2018-09-18,79.8,77.71221000000001,36,75.16043999999943,9.0,0.11974384396898247,11,False,time_stop_10d
A_nofilter,TMO,2018-08-17,2018-10-08,231.8,227.54223000000002,25,106.44424999999984,199.5564799999996,1.874751149075689,35,True,close_below_ema20
A_nofilter,INTU,2018-09-26,2018-10-08,222.65,217.47231,20,103.55380000000025,-4.600000000000364,-0.044421353924243755,8,False,close_below_ema20
A_nofilter,BSX,2018-08-24,2018-10-09,34.66,33.48648,76,89.18751999999972,190.3800000000002,2.134603585793178,31,True,close_below_ema20
A_nofilter,FISV,2018-10-08,2018-10-09,81.29,79.74018,89,137.933980000001,-55.180000000000405,-0.4000464570079107,1,False,close_below_ema20
A_nofilter,TJX,2018-09-18,2018-10-10,54.25,53.606339999999996,167,107.49122000000068,114.125,1.0617146219012052,16,True,breakeven_stop
A_nofilter,AAPL,2018-10-09,2018-10-10,56.2,54.994949999999996,114,137.3757000000008,-137.3757000000008,-1.0,1,False,stop
A_nofilter,BSX,2018-10-10,2018-10-11,37.58,36.74322,165,138.06869999999958,-242.5499999999998,-1.7567341475656724,1,False,close_below_ema20
A_nofilter,REGN,2018-10-10,2018-10-11,396.64,386.04357,13,137.75358999999997,-181.87000000000012,-1.3202559730022292,1,False,close_below_ema20
A_nofilter,LLY,2018-10-15,2018-10-24,111.02,106.49004168820791,28,126.83883273017841,-22.39999999999992,-0.17660206671604248,7,False,close_below_ema20
A_nofilter,PFE,2018-10-17,2018-10-24,41.7268,40.22149463836175,87,130.96156646252774,-130.96156646252774,-1.0,5,False,stop
A_nofilter,PGR,2018-10-17,2018-10-24,70.34,67.59485650435526,39,107.06059633014486,-42.90000000000033,-0.4007076503451257,5,False,close_below_ema20
A_nofilter,MRK,2018-10-17,2018-10-25,68.0439,65.59074330226083,53,130.0173049801755,-221.00469999999953,-1.6998098832589816,6,False,close_below_ema20
A_nofilter,PGR,2018-10-31,2018-11-02,70.16,67.41252,46,126.38407999999981,-24.839999999999634,-0.1965437419016673,2,False,close_below_ema20
A_nofilter,MRK,2018-10-29,2018-11-15,68.1011,65.077637985984,42,126.9854045886722,85.36499999999995,0.6722426114757993,13,False,time_stop_10d
A_nofilter,COST,2018-11-14,2018-11-15,237.12,232.53723000000002,27,123.73478999999952,-129.6000000000003,-1.0474014624342984,1,False,stop_gap
A_nofilter,UNH,2018-11-19,2018-11-20,271.8,260.58915,11,123.31934999999993,-67.98000000000008,-0.5512516892117912,1,False,close_below_ema20
A_nofilter,ABT,2018-11-16,2018-11-21,70.75,67.87206,43,123.7514199999998,-60.200000000000244,-0.48645906446972764,3,False,close_below_ema20
A_nofilter,LLY,2018-11-16,2018-12-10,112.23,108.43146,33,125.35182000000009,144.84327999999994,1.1554940327152796,14,True,close_below_ema20
A_nofilter,TSLA,2018-11-27,2018-12-13,23.0813,21.645033299999998,82,117.77386940000008,130.82280000000011,1.110796483689276,11,False,time_stop_10d
A_nofilter,MRK,2018-11-26,2018-12-17,71.8511,70.5495798,96,124.94593919999988,155.63713919999964,1.2456358341576241,14,True,close_below_ema20
A_nofilter,LLY,2018-12-11,2018-12-17,114.84,110.90898,33,129.7236600000001,-119.79000000000032,-0.923424454721677,4,False,close_below_ema20
A_nofilter,PFE,2018-12-13,2018-12-17,42.5522,40.8225366,49,84.75350659999998,-62.76410000000013,-0.7405487102288242,2,False,close_below_ema20
A_nofilter,PG,2018-12-11,2018-12-18,93.72,90.98892,38,103.78104000000022,-22.42000000000013,-0.21603175300613756,5,False,close_below_ema20
A_nofilter,PG,2018-12-28,2018-12-31,92.56,88.04167484226804,28,126.51310441649503,-26.04000000000019,-0.2058284801412639,1,False,close_below_ema20
A_nofilter,LLY,2019-01-07,2019-01-23,114.84,110.9889,32,123.23520000000008,72.63999999999987,0.5894419776167834,11,False,time_stop_10d
A_nofilter,NOW,2019-01-23,2019-01-24,37.936,36.919044,125,127.11950000000004,-135.74999999999983,-1.0678928095217475,1,False,close_below_ema20
A_nofilter,NOW,2019-01-25,2019-01-30,37.522,36.455507999999995,118,125.84605600000044,-9.911999999999537,-0.0787628974244493,3,False,close_below_ema20
A_nofilter,ISRG,2019-02-01,2019-02-08,175.32,163.6709686868915,11,128.13934444419328,-78.13629999999989,-0.6097760242095627,5,False,close_below_ema20
A_nofilter,REGN,2019-02-11,2019-02-12,409.37,398.89071,11,115.27218999999991,24.089999999999975,0.20898362389054978,1,False,close_below_ema20
A_nofilter,AVGO,2019-03-01,2019-03-04,27.773,26.836137,88,82.4439439999999,-24.023999999999972,-0.29139799522448856,1,False,close_below_ema20
A_nofilter,CRM,2019-01-31,2019-03-05,149.69,144.49535999999998,24,124.6713600000005,247.43136000000038,1.9846688124682315,22,True,close_below_ema20
A_nofilter,AVGO,2019-03-05,2019-03-07,27.658,26.836137,157,129.03249100000008,-100.48000000000009,-0.778718594218258,2,False,close_below_ema20
A_nofilter,BSX,2019-01-30,2019-03-08,37.15,36.55341000000001,120,71.59079999999904,202.39079999999902,2.8270504031244483,26,True,close_below_ema20
A_nofilter,PANW,2019-03-07,2019-03-08,39.535,38.4947667,107,111.30496309999968,-111.30496309999968,-1.0,1,False,stop
A_nofilter,LLY,2019-01-29,2019-03-12,115.11,113.42646,71,119.53133999999955,419.8877999999996,3.5127841786095693,29,True,close_below_ema20
A_nofilter,BSX,2019-03-12,2019-03-18,39.99,38.951010000000004,111,115.32788999999981,-115.32788999999981,-1.0,4,False,stop
A_nofilter,NOW,2019-03-11,2019-03-26,47.102,45.296658,74,133.5953079999997,141.04400000000044,1.055755640759485,11,False,time_stop_10d
A_nofilter,PANW,2019-03-11,2019-03-26,39.59,38.3549067,76,93.8670908000002,90.5691999999998,0.9648663789205194,11,False,time_stop_10d
A_nofilter,TMUS,2019-03-26,2019-03-28,72.58,71.56836,93,94.08251999999999,-94.08251999999999,-1.0,2,False,stop
A_nofilter,NOW,2019-03-28,2019-04-04,48.964,47.07288,72,136.16064000000006,-136.16064000000006,-1.0,5,False,stop
A_nofilter,MRK,2019-02-12,2019-04-05,74.2748,72.55137599999999,63,108.57571200000054,232.9610880000005,2.145609581634605,37,True,close_below_ema20
A_nofilter,ABT,2019-03-28,2019-04-05,79.31,77.54238000000001,40,70.70479999999975,-16.399999999999864,-0.2319503060612564,6,False,close_below_ema20
A_nofilter,SYK,2019-04-05,2019-04-08,195.45,193.12668,57,132.42923999999974,-132.42923999999974,-1.0,1,False,stop
A_nofilter,LLY,2019-04-08,2019-04-09,127.01,124.48539,53,133.8043300000005,-13.25,-0.09902519597086246,1,False,close_below_ema20
A_nofilter,ABT,2019-04-09,2019-04-10,78.91,77.87205,129,133.89554999999936,-24.509999999999707,-0.1830531335806143,1,False,close_below_ema20
A_nofilter,PLD,2019-04-10,2019-04-16,72.93,72.14778,152,118.89744000000144,120.83999999999918,1.0163381145968973,4,True,breakeven_stop
A_nofilter,AMD,2019-05-01,2019-05-02,28.95,26.99146754643809,72,141.01433665645737,-144.71999999999986,-1.0262786283395446,1,False,close_below_ema20
A_nofilter,KLAC,2019-04-16,2019-05-07,12.359,12.108879,526,131.563646,25.311646000000025,0.19239088281271882,14,True,close_below_ema20
A_nofilter,PANW,2019-04-23,2019-05-08,39.9483,38.5181433,62,88.6697154000003,-15.28920000000005,-0.17242865764290025,11,False,close_below_ema20
A_nofilter,PG,2019-05-03,2019-05-08,105.99,103.17397523692,30,84.48074289239983,-30.0,-0.3551105136256904,3,False,close_below_ema20
A_nofilter,ADP,2019-05-07,2019-05-08,160.69,155.33749360275937,20,107.05012794481263,-53.799999999999955,-0.5025682923773372,1,False,close_below_ema20
A_nofilter,CMCSA,2019-05-09,2019-05-10,40.2624,39.6603999,117,70.43401169999976,-70.43401169999976,-1.0,1,False,stop
A_nofilter,SBUX,2019-03-19,2019-05-14,71.12,69.14418702896289,60,118.5487782622269,287.44877826222677,2.424729992800072,39,True,close_below_ema20
A_nofilter,UNP,2019-04-15,2019-05-14,169.64,164.80503,28,135.37915999999996,175.27916000000027,1.2947277852809866,20,True,close_below_ema20
A_nofilter,AMD,2019-05-10,2019-05-14,27.38,26.003970000000002,98,134.85093999999967,-83.29999999999978,-0.6177190904268075,2,False,close_below_ema20
A_nofilter,NOW,2019-05-22,2019-05-24,54.6,52.655291999999996,40,77.78832000000023,-50.0,-0.6427700199721482,2,False,close_below_ema20
A_nofilter,PLD,2019-05-14,2019-05-28,75.23,73.45647,44,78.03532000000035,23.32000000000005,0.29883903852768134,9,False,close_below_ema20
A_nofilter,BX,2019-05-08,2019-05-29,39.42,38.10186,103,135.76841999999996,137.5702799999997,1.0132715693384349,14,True,close_below_ema20
A_nofilter,MDLZ,2019-05-14,2019-05-29,51.66,50.509440000000005,115,132.31439999999904,-79.34999999999974,-0.5997079682937029,10,False,close_below_ema20
A_nofilter,NOW,2019-05-28,2019-05-29,53.888,52.655291999999996,101,124.50350800000024,-124.50350800000024,-1.0,1,False,stop
A_nofilter,SPGI,2019-05-29,2019-06-03,205.5818,200.2631364,25,132.96658999999948,-68.82499999999965,-0.5176112285048441,3,False,close_below_ema20
A_nofilter,MA,2019-05-30,2019-06-03,254.27,248.08167,21,129.95493000000016,-129.95493000000016,-1.0,2,False,stop
A_nofilter,V,2019-06-03,2019-06-04,162.13,160.39944,39,67.49183999999988,-71.76000000000013,-1.063239644970418,1,False,close_below_ema20
A_nofilter,AMD,2019-06-03,2019-06-18,28.75,27.03294,76,130.49656,168.87656000000004,1.2941073695735739,11,True,close_below_ema20
A_nofilter,AMD,2019-06-20,2019-06-21,31.24,29.15082,48,100.28063999999995,-100.28063999999995,-1.0,1,False,stop
A_nofilter,PLD,2019-06-04,2019-06-27,75.5,72.80292106407617,47,126.76270998841986,200.3856310524962,1.580793208592669,17,True,close_below_ema20
A_nofilter,MRK,2019-06-04,2019-07-09,77.2137,75.0679569,36,77.24675160000015,134.2707516,1.7382057991937585,24,True,close_below_ema20
A_nofilter,DHR,2019-06-03,2019-07-15,117.7571,114.3889965,38,127.9879329999996,255.69250000000017,1.9977859944030893,29,True,close_below_ema20
A_nofilter,DIS,2019-06-27,2019-07-17,141.0,137.6622,23,76.7693999999997,82.79999999999987,1.0785547366528876,13,False,time_stop_10d
A_nofilter,NOW,2019-07-01,2019-07-22,56.398,54.557388,58,106.75549600000001,172.9334959999999,1.6199025106866618,14,True,close_below_ema20
A_nofilter,MDLZ,2019-07-17,2019-07-23,54.94,54.12582,103,83.86054000000004,-3.090000000000117,-0.03684688889434906,4,False,close_below_ema20
A_nofilter,NOW,2019-07-23,2019-07-25,59.004,57.634308,104,142.44796800000006,-142.44796800000006,-1.0,2,False,stop
A_nofilter,QCOM,2019-07-24,2019-07-31,75.59,73.23669,39,91.7790900000003,-29.6400000000002,-0.322949377685049,5,False,close_below_ema20
A_nofilter,MA,2019-06-18,2019-08-01,261.71,257.79195,25,97.95124999999985,258.2200000000007,2.6362093388292758,31,True,close_below_ema20
A_nofilter,ADI,2019-07-10,2019-08-01,114.68,111.19869,28,97.47668000000021,97.47668000000021,1.0,16,True,breakeven_stop
A_nofilter,DIS,2019-07-25,2019-08-01,141.59,139.60026000000002,42,83.5690799999993,84.0,1.005156452601856,5,True,breakeven_stop
A_nofilter,META,2019-07-31,2019-08-01,198.71,193.3065,22,118.87700000000018,-99.88000000000045,-0.8401961691496278,1,False,close_below_ema20
A_nofilter,COST,2019-08-01,2019-08-02,279.72,273.4570560222491,22,137.78476751052028,-119.24000000000035,-0.8654077090988742,1,False,close_below_ema20
A_nofilter,INTU,2019-08-01,2019-08-02,281.34,274.87485,22,142.23329999999987,-142.23329999999987,-1.0,1,False,stop
A_nofilter,PG,2019-07-29,2019-08-05,114.88,111.9703616831222,27,78.5602345557003,75.65059623882252,0.9629629629629629,5,True,breakeven_stop
A_nofilter,MCD,2019-08-02,2019-08-06,213.13,209.16063,35,138.92794999999992,-92.04999999999984,-0.662573657784484,2,False,close_below_ema20
A_nofilter,MA,2019-08-08,2019-08-13,272.0,259.367937393289,10,126.32062606710974,-21.70000000000016,-0.17178508906749484,3,False,close_below_ema20
A_nofilter,SYK,2019-08-07,2019-08-15,211.33,204.04575,10,72.84250000000014,11.999999999999886,0.16473899166008665,6,False,close_below_ema20
A_nofilter,KLAC,2019-08-13,2019-08-15,13.59,12.739273434305156,164,139.51915677395436,-75.11200000000002,-0.5383633454844822,2,False,close_below_ema20
A_nofilter,SBUX,2019-08-06,2019-08-21,95.52,92.93697,53,136.90058999999968,39.75,0.2903566741385124,11,False,time_stop_10d
A_nofilter,MCD,2019-08-16,2019-08-23,219.18,215.45433,25,93.1417500000002,-93.1417500000002,-1.0,5,False,stop
A_nofilter,SBUX,2019-08-23,2019-08-26,96.85,95.49441,104,140.9813599999992,-152.87999999999988,-1.0843986751156376,1,False,close_below_ema20
A_nofilter,SBUX,2019-08-27,2019-09-04,96.7,94.29561,57,137.05023000000037,-137.05023000000037,-1.0,5,False,stop
A_nofilter,FISV,2019-08-27,2019-09-10,107.19,104.23566000000001,45,132.94529999999946,-132.94529999999946,-1.0,9,False,stop
A_nofilter,V,2019-09-04,2019-09-10,181.25,174.84335046179498,17,108.91304214948528,-108.91304214948528,-1.0,4,False,stop
A_nofilter,SPGI,2019-08-07,2019-09-11,233.7275,228.9477231,28,133.83375320000005,212.6425532,1.5888559359329089,24,True,close_below_ema20
A_nofilter,PG,2019-09-11,2019-09-16,121.18,119.46042,56,96.29648000000043,-96.29648000000043,-1.0,3,False,stop
A_nofilter,QCOM,2019-09-04,2019-09-19,76.99,72.44748,30,136.27559999999988,67.5,0.4953197784489671,11,False,time_stop_10d
A_nofilter,FISV,2019-09-19,2019-09-23,105.0,101.23866000000001,22,82.74947999999978,-35.6400000000001,-0.43069757054666924,2,False,close_below_ema20
A_nofilter,LMT,2019-09-11,2019-09-26,381.32,370.08954,11,123.53505999999993,109.23000000000008,0.884202428039458,11,False,time_stop_10d
A_nofilter,MSFT,2019-09-26,2019-09-30,139.96,135.89397,30,121.98090000000036,-57.2999999999999,-0.4697456732980305,2,False,close_below_ema20
A_nofilter,PLD,2019-09-16,2019-10-01,85.14,82.04803936813309,43,132.95430717027716,4.729999999999976,0.03557613213645025,11,False,time_stop_10d
A_nofilter,PG,2019-09-17,2019-10-02,121.96,118.90097999999999,25,76.4755000000001,31.000000000000227,0.40535857889128135,11,False,time_stop_10d
A_nofilter,C,2019-09-25,2019-10-02,69.57,67.49244,34,70.6370399999997,-61.539999999999594,-0.8712143090933575,5,False,close_below_ema20
A_nofilter,MDT,2019-09-30,2019-10-02,108.52,106.17372,39,91.50491999999973,-15.599999999999667,-0.1704826363434853,2,False,close_below_ema20
A_nofilter,AMAT,2019-10-01,2019-10-02,50.41,49.10085,73,95.56794999999966,-75.91999999999993,-0.7944085857235632,1,False,close_below_ema20
A_nofilter,KLAC,2019-10-03,2019-10-09,15.75,15.347636999999999,328,131.97506400000037,-10.823999999999828,-0.08201549347231078,4,False,close_below_ema20
A_nofilter,LRCX,2019-10-04,2019-10-09,23.017,22.494483,252,131.67428400000014,46.11599999999996,0.3502278394769924,3,False,close_below_ema20
A_nofilter,PEP,2019-10-10,2019-10-15,138.17,136.69317,50,73.84149999999892,-73.84149999999892,-1.0,3,False,stop
A_nofilter,TMO,2019-10-15,2019-10-17,286.72,272.74751752364176,9,125.7523422872244,-42.480000000000246,-0.3378068291004384,2,False,close_below_ema20
A_nofilter,ICE,2019-10-07,2019-10-22,94.07,90.58129267101478,23,80.24026856665992,-18.399999999999935,-0.22931129629400557,11,False,close_below_ema20
A_nofilter,HD,2019-10-09,2019-10-24,228.78,221.89788000000001,18,123.87815999999975,108.54000000000002,0.8761835015954406,11,False,time_stop_10d
A_nofilter,LRCX,2019-10-22,2019-10-24,23.987,22.999977,135,133.2481049999996,169.83000000000035,1.2745397017090851,2,False,close_below_ema20
A_nofilter,ICE,2019-10-24,2019-10-25,93.27,91.66824000000001,68,108.91967999999895,-29.919999999999845,-0.2746978323843784,1,False,close_below_ema20
A_nofilter,NEE,2019-10-17,2019-11-04,57.585,56.588355,118,117.6041100000001,117.6041100000001,1.0,12,True,breakeven_stop
A_nofilter,TMUS,2019-11-06,2019-11-11,81.85,80.36955,82,121.39689999999922,-103.31999999999925,-0.8510925732040927,3,False,close_below_ema20
A_nofilter,KLAC,2019-10-24,2019-11-21,16.4,15.811173,226,133.07490199999964,133.07490199999964,1.0,20,True,breakeven_stop
A_nofilter,BX,2019-11-11,2019-11-21,51.91,51.1488,128,97.43359999999939,-44.79999999999927,-0.45980031529164017,8,False,close_below_ema20
A_nofilter,BMY,2019-11-21,2019-11-25,57.13,55.244699999999995,73,137.62690000000057,-15.330000000000062,-0.11138810799342279,2,False,close_below_ema20
A_nofilter,DE,2019-11-22,2019-11-27,176.3,170.02823376284428,21,131.70709098027035,-163.80000000000024,-1.243668801587436,3,False,stop_gap
A_nofilter,SPGI,2019-11-14,2019-12-02,245.667,236.6185881313768,8,72.38729494898553,41.92959999999994,0.579239768933893,11,False,time_stop_10d
A_nofilter,LRCX,2019-11-27,2019-12-02,27.141,25.985988,119,137.4464279999999,-58.66699999999983,-0.4268353921864006,2,False,close_below_ema20
A_nofilter,LIN,2019-10-25,2019-12-03,194.64,191.20860000000002,32,109.80479999999898,205.3247999999994,1.8699073264556862,26,True,close_below_ema20
A_nofilter,TSLA,2019-12-02,2019-12-06,22.084,21.7848933,249,74.47756829999985,62.07570000000041,0.8334818310656437,4,False,close_below_ema20
A_nofilter,ETN,2019-11-25,2019-12-11,91.37,89.06085,52,120.07580000000013,89.43999999999994,0.7448628283134474,11,False,time_stop_10d
A_nofilter,SCHW,2019-12-26,2019-12-30,48.81,47.8521,109,104.41110000000023,-33.79000000000025,-0.3236245954692573,2,False,close_below_ema20
A_nofilter,MA,2019-12-11,2019-12-31,290.17,281.5248465441267,15,129.67730183809948,88.9500000000001,0.685933457429991,13,False,time_stop_10d
A_nofilter,AVGO,2020-01-02,2020-01-06,31.932,31.243724999999998,141,97.04677500000012,-119.42699999999968,-1.230612763793537,2,False,close_below_ema20
A_nofilter,BAC,2019-12-06,2020-01-08,33.68,32.77015622531022,148,134.65687865408788,200.51687865408792,1.4890949549572132,21,True,close_below_ema20
A_nofilter,KLAC,2020-01-08,2020-01-10,17.777,17.391591,272,104.83124800000076,-104.83124800000076,-1.0,2,False,stop
A_nofilter,BAC,2020-01-09,2020-01-13,35.3,34.35333688627708,76,71.94639664294192,-34.959999999999525,-0.4859173166586817,2,False,close_below_ema20
A_nofilter,INTC,2020-01-10,2020-01-13,59.57,58.46148,79,87.57307999999989,-31.599999999999888,-0.3608414823368086,1,False,close_below_ema20
A_nofilter,GE,2020-01-13,2020-01-22,59.361,57.7083339,85,140.4766184999998,-84.72800000000004,-0.6031466368191384,6,False,close_below_ema20
A_nofilter,KLAC,2020-01-15,2020-01-27,17.822,17.177805,130,83.74534999999997,-83.74534999999997,-1.0,7,False,stop
A_nofilter,T,2020-01-22,2020-01-27,29.2145,28.583546080696404,170,107.26216628161143,-84.74499999999999,-0.790073545386975,3,False,close_below_ema20
A_nofilter,VRTX,2020-01-06,2020-01-28,219.89,214.33545,19,105.53644999999958,186.38189999999975,1.766042916925863,15,True,close_below_ema20
A_nofilter,MS,2020-01-28,2020-01-30,53.8,52.80714,140,139.00040000000004,-166.59999999999968,-1.1985577019922218,2,False,stop_gap
A_nofilter,MU,2020-01-29,2020-01-30,56.78,54.56538,32,70.86784000000011,-83.20000000000005,-1.1740163097958103,1,False,close_below_ema20
A_nofilter,LRCX,2020-01-30,2020-01-31,31.84,30.329620298945756,92,138.95493249699047,-138.95493249699047,-1.0,1,False,stop
A_nofilter,MDT,2019-12-30,2020-02-03,113.77,112.03785,46,79.67889999999954,129.8188999999997,1.6292757555639001,23,True,close_below_ema20
A_nofilter,FISV,2020-01-30,2020-02-03,121.05,118.10178,47,138.56633999999963,-51.23000000000016,-0.3697146074580616,2,False,close_below_ema20
A_nofilter,VRTX,2020-01-31,2020-02-03,238.65,230.14853220672896,13,110.51908131252361,-102.57000000000019,-0.9280750326720038,1,False,close_below_ema20
A_nofilter,GOOGL,2020-02-03,2020-02-04,73.4835,71.240622990173,59,132.32974357979373,-132.32974357979373,-1.0,1,False,stop
A_nofilter,BX,2020-02-04,2020-02-19,61.73,59.310629999999996,42,101.61354000000003,28.559999999999988,0.28106490532659306,10,False,close_below_ema20
A_nofilter,AAPL,2020-02-04,2020-02-20,78.8275,75.47944500000001,40,133.92219999999952,73.19999999999993,0.5465860029181137,11,False,time_stop_10d
A_nofilter,MS,2020-02-19,2020-02-20,55.96,54.885059999999996,67,72.02098000000035,-131.32000000000005,-1.8233575827487964,1,False,stop_gap
A_nofilter,MSFT,2019-12-04,2020-02-24,150.14,146.50335,21,76.36964999999947,266.6629999999998,3.4917405016259946,54,True,close_below_ema20
A_nofilter,AMD,2020-02-04,2020-02-24,49.21,46.0539,42,132.5562000000001,110.92620000000008,0.8368239282658977,13,True,stop_gap
A_nofilter,LLY,2020-02-20,2020-02-24,141.84,140.21964000000003,48,77.77727999999888,-122.88000000000011,-1.5798958256190223,2,False,stop_gap
A_nofilter,MA,2020-02-03,2020-02-25,324.46,313.0518659123252,11,125.48947496442275,-34.32000000000005,-0.2734890715713811,15,False,close_below_ema20
A_nofilter,NFLX,2020-02-27,2020-02-28,38.2,35.843384304747595,55,129.61386323888246,-129.61386323888246,-1.0,1,False,stop
A_nofilter,NFLX,2020-03-02,2020-03-04,37.677,35.64432,64,130.09151999999995,6.400000000000091,0.04919613515162321,2,False,close_below_ema20
A_nofilter,NOW,2020-03-03,2020-03-04,68.896,64.10878716900618,27,129.25474643683322,-41.79600000000005,-0.32336143276893703,1,False,close_below_ema20
A_nofilter,ADBE,2020-03-03,2020-03-04,361.76,340.03987183140214,6,130.32076901158712,-44.27999999999997,-0.3397770005183359,1,False,close_below_ema20
A_nofilter,TMUS,2020-03-03,2020-03-04,93.36,88.32504293134585,25,125.87392671635378,-73.24999999999982,-0.5819314762862883,1,False,close_below_ema20
A_nofilter,SPGI,2020-03-03,2020-03-04,275.5629,258.57873757823404,7,118.88913695236181,-41.32450000000006,-0.3475885270877065,1,False,close_below_ema20
A_nofilter,COST,2020-03-05,2020-03-09,320.97,302.2347535185537,6,112.41147888867795,-150.72000000000003,-1.3407883384334738,2,False,stop_gap
A_nofilter,REGN,2020-03-27,2020-03-30,452.7,423.58599,4,116.45604000000003,41.559999999999945,0.3568728594927316,1,False,close_below_ema20
A_nofilter,COST,2020-04-24,2020-04-29,309.64,299.05065,11,116.48284999999964,-51.589999999999975,-0.44289781714647375,3,False,close_below_ema20
A_nofilter,INTC,2020-04-27,2020-05-04,59.72,55.874069999999996,33,126.9156900000001,-85.80000000000004,-0.6760393454899073,5,False,close_below_ema20
A_nofilter,REGN,2020-05-01,2020-05-04,527.43,507.18231,6,121.48613999999986,4.5,0.03704126248475756,1,False,close_below_ema20
A_nofilter,PLD,2020-04-22,2020-05-07,89.67,83.62629,21,126.91791000000009,-32.34000000000013,-0.2548103730986439,11,False,time_stop_10d
A_nofilter,GILD,2020-04-27,2020-05-07,80.15,74.32560000000001,21,122.31239999999994,-47.25,-0.38630588558478146,8,False,close_below_ema20
A_nofilter,LLY,2020-05-04,2020-05-08,154.65,151.41843,38,122.79966000000019,-17.100000000000648,-0.13925119988117737,4,False,close_below_ema20
A_nofilter,BLK,2020-05-07,2020-05-12,494.87,472.63689,5,111.16555000000005,-111.16555000000005,-1.0,3,False,stop
A_nofilter,PLD,2020-05-08,2020-05-12,90.29,85.16475,24,123.0060000000002,-123.0060000000002,-1.0,2,False,stop
A_nofilter,INTC,2020-05-11,2020-05-13,59.78,56.25369,35,123.42085000000009,-46.54999999999994,-0.37716479833026517,2,False,close_below_ema20
A_nofilter,MSFT,2020-04-29,2020-05-14,175.67,165.94389,12,116.71331999999973,22.440000000000055,0.19226597272702128,11,False,time_stop_10d
A_nofilter,AMGN,2020-05-11,2020-05-19,235.73,227.772,15,119.36999999999998,-46.35000000000005,-0.388288514702187,6,False,close_below_ema20
A_nofilter,TMUS,2020-05-14,2020-05-21,94.53,91.4085,39,121.7384999999999,118.6169999999999,0.9743589743589743,5,True,breakeven_stop
A_nofilter,ABT,2020-05-22,2020-05-27,90.61,87.94197,46,122.72938000000008,-61.17999999999992,-0.4984951443574463,2,False,close_below_ema20
A_nofilter,MSFT,2020-05-15,2020-06-02,180.69,175.50432,23,119.27063999999979,81.88000000000005,0.6865059162925612,11,False,time_stop_10d
A_nofilter,ADBE,2020-05-18,2020-06-03,371.59,347.66199,5,119.64004999999986,96.15000000000009,0.8036606470826467,11,False,time_stop_10d
A_nofilter,NFLX,2020-06-02,2020-06-03,42.672,39.74787445770023,42,122.81327277659032,0.9660000000001361,0.007865599362028134,1,False,close_below_ema20
A_nofilter,INTC,2020-06-03,2020-06-11,62.45,60.769169999999995,74,124.38142000000055,-124.38142000000055,-1.0,6,False,stop
A_nofilter,PANW,2020-06-05,2020-06-11,38.6533,37.1511117,59,88.62910970000001,-88.62910970000001,-1.0,4,False,stop
A_nofilter,REGN,2020-06-09,2020-06-16,605.26,577.8515699999999,4,109.63372000000027,-109.63372000000027,-1.0,5,False,stop
A_nofilter,PLD,2020-06-15,2020-06-22,95.12,90.7092,28,123.50240000000025,-92.40000000000032,-0.7481635984401933,5,False,close_below_ema20
A_nofilter,SPGI,2020-06-15,2020-06-25,301.0596,289.6816284,10,113.77971599999967,1.5140000000002374,0.013306413948161391,8,False,close_below_ema20
A_nofilter,INTU,2020-06-22,2020-06-25,291.99,274.1066170520385,7,125.18368063573075,-40.180000000000064,-0.3209683546285795,3,False,close_below_ema20
A_nofilter,TMUS,2020-05-26,2020-07-01,96.92,92.907,22,88.28600000000012,184.64600000000019,2.091452778469972,26,True,close_below_ema20
A_nofilter,NOW,2020-06-16,2020-07-01,80.0,74.499426,22,121.012628,23.671999999999855,0.19561594844465202,11,False,time_stop_10d
A_nofilter,REGN,2020-07-02,2020-07-14,625.0,598.11129,4,107.55483999999979,-37.679999999999836,-0.350332909239602,7,False,close_below_ema20
A_nofilter,NFLX,2020-07-01,2020-07-22,45.759,43.170786,49,126.82248600000003,210.73427200000006,1.6616475409573663,14,True,close_below_ema20
A_nofilter,KLAC,2020-06-26,2020-07-24,19.271,18.550431,120,86.46828000000014,86.46828000000014,1.0,19,True,breakeven_stop
A_nofilter,META,2020-07-23,2020-07-24,241.9,231.79797,13,131.32639000000017,-152.2300000000001,-1.159172958306399,1,False,close_below_ema20
A_nofilter,UNP,2020-07-14,2020-07-29,170.96,164.50533,20,129.09340000000043,69.5999999999998,0.539144526366178,11,False,time_stop_10d
A_nofilter,SPGI,2020-07-29,2020-08-04,337.3415,324.7648101,10,125.7668990000002,-125.7668990000002,-1.0,4,False,stop
A_nofilter,MU,2020-08-04,2020-08-06,50.62,49.06089,64,99.7830399999998,-99.7830399999998,-1.0,2,False,stop
A_nofilter,SPGI,2020-08-06,2020-08-07,331.0785,323.3565198,9,69.49782180000017,-69.49782180000017,-1.0,1,False,stop
A_nofilter,NOW,2020-07-27,2020-08-11,86.062,82.83708,41,132.2217199999999,33.128000000000284,0.25054885082420886,11,False,time_stop_10d
A_nofilter,AMZN,2020-05-28,2020-08-12,120.679,116.3835,28,120.27400000000011,606.3680000000002,5.041555115818877,53,True,close_below_ema20
A_nofilter,AMAT,2020-07-29,2020-08-14,62.95,59.560379999999995,20,67.79240000000016,88.79999999999995,1.3098813436314358,12,False,time_stop_10d
A_nofilter,CAT,2020-08-10,2020-08-26,135.73,130.07979,22,124.30461999999972,104.5,0.8406767182104755,12,False,time_stop_10d
A_nofilter,TMO,2020-08-12,2020-08-27,410.16,400.81878,14,130.7770800000003,124.7570800000002,0.9539674689173356,11,True,stop_gap
A_nofilter,KLAC,2020-08-24,2020-08-28,20.75,20.190789,148,82.76322800000018,-40.10800000000012,-0.48461135421155915,4,False,close_below_ema20
A_nofilter,AMAT,2020-08-27,2020-08-28,64.29,61.85808,44,107.00448000000023,-98.12000000000018,-0.9169709529918744,1,False,close_below_ema20
A_nofilter,PANW,2020-09-01,2020-09-02,43.15,41.9762817,65,76.29168949999982,5.960500000000195,0.07812777563407099,1,False,close_below_ema20
A_nofilter,DHR,2020-06-26,2020-09-04,152.8812,149.30974080000001,35,125.00107199999974,577.0150127999995,4.616080514893509,49,True,close_below_ema20
A_nofilter,TMO,2020-08-28,2020-09-04,423.82,405.65194836180933,7,127.17636146733463,-29.329999999999984,-0.2306246197138878,5,False,close_below_ema20
A_nofilter,PEP,2020-08-26,2020-09-08,138.38,135.11475,26,84.89650000000023,-84.89650000000023,-1.0,8,False,stop
A_nofilter,ADBE,2020-08-17,2020-09-09,452.81,431.15840999999995,3,64.95477000000017,86.34000000000003,1.3292326337234326,16,True,close_below_ema20
A_nofilter,WMT,2020-09-09,2020-09-10,47.3,46.0406133,106,133.49499020000002,-133.49499020000002,-1.0,1,False,stop
A_nofilter,ETN,2020-09-09,2020-09-11,102.18,99.77013000000001,55,132.54284999999987,-28.600000000000563,-0.21577927440069827,2,False,close_below_ema20
A_nofilter,AMZN,2020-09-10,2020-09-11,165.361,155.4009435,13,129.48073449999973,-64.04449999999969,-0.4946257081975375,1,False,close_below_ema20
A_nofilter,LOW,2020-09-10,2020-09-11,161.19,151.93478028331964,14,129.573076033525,-11.760000000000048,-0.09075959574315678,1,False,close_below_ema20
A_nofilter,NOW,2020-09-10,2020-09-11,92.572,86.48343,22,133.9485400000001,-23.012000000000143,-0.17179731858219677,1,False,close_below_ema20
A_nofilter,UNP,2020-09-11,2020-09-22,194.64,188.3115,20,126.56999999999982,-5.999999999999659,-0.04740459824602724,7,False,close_below_ema20
A_nofilter,ABT,2020-09-11,2020-09-23,105.6,102.31758,38,124.73195999999953,-23.17999999999998,-0.18583849720633,8,False,close_below_ema20
A_nofilter,SBUX,2020-09-22,2020-09-23,84.05,81.66825,47,111.94224999999985,15.50999999999992,0.1385535845491755,1,False,close_below_ema20
A_nofilter,TMO,2020-09-11,2020-09-24,429.34,406.7388593969497,5,113.00570301525141,-49.24999999999983,-0.43581871255960397,9,False,close_below_ema20
A_nofilter,LOW,2020-09-23,2020-09-24,162.44,155.04479999999998,17,125.71840000000029,-62.38999999999979,-0.49626784941583446,1,False,close_below_ema20
A_nofilter,UNP,2020-09-23,2020-09-24,198.1,190.53927,17,128.5324100000001,-64.59999999999971,-0.5025969714564572,1,False,close_below_ema20
A_nofilter,ORCL,2020-09-11,2020-09-28,60.71,58.11448015651995,50,129.7759921740024,-33.999999999999986,-0.2619899060714798,11,False,time_stop_10d
A_nofilter,UNP,2020-09-25,2020-10-02,198.29,190.53927,9,69.75657000000004,-65.33999999999992,-0.9366859637737331,5,False,close_below_ema20
A_nofilter,PGR,2020-10-01,2020-10-02,95.08,90.98336855264004,29,118.80231197343866,-64.08999999999982,-0.5394676158686945,1,False,close_below_ema20
A_nofilter,PGR,2020-10-05,2020-10-19,95.3,90.9925983948784,30,129.22204815364793,64.50000000000017,0.49914082713894314,10,False,close_below_ema20
A_nofilter,AMD,2020-10-19,2020-10-20,83.99,82.26764999999999,71,122.28685000000041,-129.9299999999999,-1.0625018143815093,1,False,close_below_ema20
A_nofilter,ADBE,2020-10-08,2020-10-23,499.05,477.0225,3,66.0825000000001,-37.91999999999996,-0.5738281693337859,11,False,close_below_ema20
A_nofilter,WMT,2020-10-20,2020-10-26,48.4567,47.5357167,122,112.35996259999952,-112.35996259999952,-1.0,4,False,stop
A_nofilter,LOW,2020-09-28,2020-10-27,161.59,155.04479999999998,19,124.35880000000043,192.41360000000049,1.5472455507772656,21,True,close_below_ema20
A_nofilter,NVDA,2020-10-26,2020-10-27,13.5933,13.2184683,362,135.68907539999987,-104.00260000000004,-0.7664773283583016,1,False,close_below_ema20
A_nofilter,NOW,2020-10-26,2020-10-27,103.602,98.934966,22,102.67474800000002,-40.56800000000018,-0.395111756203192,1,False,close_below_ema20
A_nofilter,DE,2020-09-25,2020-10-28,219.38,209.96982,13,122.33233999999996,152.26216,1.2446599157671638,23,True,close_below_ema20
A_nofilter,COST,2020-10-27,2020-10-28,372.63,365.75388,19,130.64628000000027,-130.64628000000027,-1.0,1,False,stop
A_nofilter,ETN,2020-11-03,2020-11-05,109.26,103.74494366888327,23,126.846295615685,-34.04000000000009,-0.26835627981705856,2,False,close_below_ema20
A_nofilter,TMO,2020-11-02,2020-11-10,478.8,465.0345,9,123.88950000000028,110.12400000000025,0.8888888888888888,6,True,breakeven_stop
A_nofilter,NEE,2020-11-09,2020-11-10,81.09,77.31214453335998,36,136.0027967990407,-136.0027967990407,-1.0,1,False,stop
A_nofilter,DHR,2020-09-25,2020-11-11,183.0762,178.5092121,28,127.87566119999963,396.6690000000002,3.101989825723,33,True,close_below_ema20
A_nofilter,META,2020-11-12,2020-11-13,278.4,263.736,8,117.3119999999999,-5.4399999999996,-0.046372067648660024,1,False,close_below_ema20
A_nofilter,TMO,2020-11-12,2020-11-17,488.55,461.538,4,108.048,-37.799999999999955,-0.3498445135495331,3,False,close_below_ema20
A_nofilter,DHR,2020-11-13,2020-11-17,208.7677,199.1004003,13,125.67489610000001,-79.0594999999997,-0.629079493625296,2,False,close_below_ema20
A_nofilter,GOOGL,2020-10-30,2020-11-18,83.372,78.6513899908738,27,127.45647024640752,120.41999999999983,0.9447931499059694,13,False,time_stop_10d
A_nofilter,UNH,2020-11-04,2020-11-19,345.23,328.53955757723594,7,116.83309695934855,-20.579999999999984,-0.17614871586568218,11,False,time_stop_10d
A_nofilter,NVDA,2020-11-18,2020-11-23,13.5962,12.6156717,133,130.41026389999993,-56.51169999999989,-0.43333782410971655,3,False,close_below_ema20
A_nofilter,CRM,2020-11-17,2020-11-27,253.74,242.6571,11,121.91189999999995,-30.1400000000001,-0.2472277111586327,7,False,close_below_ema20
A_nofilter,UNP,2020-12-01,2020-12-02,206.75,202.68711,31,125.94959000000031,-150.34999999999982,-1.1937315556168102,1,False,stop_gap
A_nofilter,NOW,2020-11-17,2020-12-03,101.15,94.307598,19,130.00563800000015,83.75200000000002,0.6442182145977386,11,False,time_stop_10d
A_nofilter,ETN,2020-12-04,2020-12-08,119.44,116.2836,36,113.63039999999967,-113.63039999999967,-1.0,2,False,stop
A_nofilter,UNP,2020-12-08,2020-12-11,205.93,201.22857000000002,20,94.02859999999976,-105.0,-1.1166815203034,3,False,close_below_ema20
A_nofilter,TXN,2020-11-19,2020-12-14,156.34,150.86898000000002,23,125.83345999999958,117.52999999999966,0.9340123048352963,16,False,time_stop_10d
A_nofilter,GOOGL,2020-12-11,2020-12-15,88.7495,86.58982350000001,46,99.3451189999995,-34.79900000000012,-0.3502839429886867,2,False,close_below_ema20
A_nofilter,CAT,2020-12-03,2020-12-23,174.42,172.10772,48,110.98943999999938,183.7094399999994,1.6551974674347436,14,True,close_below_ema20
A_nofilter,AMD,2020-11-13,2020-12-24,83.0,77.55237,24,130.7431200000001,236.34312000000006,1.8076906838386593,28,True,close_below_ema20
A_nofilter,UBER,2020-12-22,2021-01-04,52.35,48.74121,37,133.52522999999997,-4.810000000000095,-0.036023154575357,7,False,close_below_ema20
A_nofilter,HON,2020-12-23,2021-01-05,208.7749,202.2858117,20,129.78176599999983,-83.6239999999998,-0.6443432122814533,7,False,close_below_ema20
A_nofilter,NOW,2021-01-04,2021-01-05,111.388,107.75214,31,112.71166000000025,-191.5800000000002,-1.6997354133547478,1,False,close_below_ema20
A_nofilter,AAPL,2020-12-15,2021-01-07,124.34,120.02985000000001,30,129.3044999999998,189.60449999999994,1.4663410786167554,15,True,close_below_ema20
A_nofilter,CMCSA,2021-01-07,2021-01-08,47.582,45.9708831,49,78.94472809999995,-18.825799999999994,-0.23846810867665785,1,False,close_below_ema20
A_nofilter,AAPL,2021-01-08,2021-01-12,132.43,126.25362,17,104.99846000000015,-66.81000000000012,-0.6362950466130648,2,False,close_below_ema20
A_nofilter,IBM,2021-01-05,2021-01-22,120.3824,117.51147089999999,46,132.06273860000056,17.28353860000037,0.13087369520898529,12,True,stop_gap
A_nofilter,TJX,2021-01-21,2021-01-22,68.72,66.97296,54,94.34015999999991,-94.34015999999991,-1.0,1,False,stop
A_nofilter,AXP,2021-01-13,2021-01-26,122.32,117.23264999999999,27,137.35845,-96.38999999999982,-0.7017405918602009,8,False,close_below_ema20
A_nofilter,SCHW,2020-12-14,2021-01-27,50.39,48.84111,73,113.06897000000001,329.01999999999975,2.909905343614607,29,True,close_below_ema20
A_nofilter,AMD,2021-01-22,2021-01-27,94.42,87.92604020350177,21,136.37315572646287,-136.37315572646287,-1.0,3,False,stop
A_nofilter,DHR,2021-01-22,2021-01-27,211.4628,206.0968968,20,107.31806399999982,-144.14999999999964,-1.34320350765925,3,False,close_below_ema20
A_nofilter,BMY,2021-01-26,2021-01-27,65.14,63.696239999999996,50,72.18800000000023,-72.18800000000023,-1.0,1,False,stop
A_nofilter,CSCO,2021-01-27,2021-02-01,45.35,44.18577,113,131.5579900000004,-48.58999999999997,-0.3693428274481833,3,False,close_below_ema20
A_nofilter,TMO,2021-01-29,2021-02-04,503.34,478.70082,5,123.19589999999977,-15.599999999999739,-0.12662759069092208,4,False,close_below_ema20
A_nofilter,ANET,2021-01-06,2021-02-18,18.2181,17.5093731,187,132.53193029999971,229.87460339999964,1.7344846851596798,29,True,close_below_ema20
A_nofilter,DE,2021-02-01,2021-02-19,292.95,278.67105,8,114.23160000000007,222.43160000000012,1.9471984984890343,13,True,close_below_ema20
A_nofilter,LOW,2021-02-18,2021-02-22,177.47,173.3265,33,136.73549999999963,-136.73549999999963,-1.0,2,False,stop
A_nofilter,UBER,2021-02-19,2021-02-22,60.29,58.171769999999995,49,103.7932700000002,-123.97000000000006,-1.1943934322523975,1,False,stop_gap
A_nofilter,TJX,2021-02-23,2021-02-25,70.35,66.94897269518347,41,139.44211949747745,-139.44211949747745,-1.0,2,False,stop
A_nofilter,GOOGL,2021-01-28,2021-02-26,94.0235,89.774136,30,127.48092,250.96500000000015,1.9686475434912154,20,True,close_below_ema20
A_nofilter,DIS,2021-02-22,2021-03-04,184.78,181.97784,49,137.30584000000073,211.44000000000005,1.5399199334857057,8,True,breakeven_stop
A_nofilter,LLY,2021-02-26,2021-03-04,206.7,197.76204,15,134.06939999999963,-43.64999999999995,-0.32557764859095417,4,False,close_below_ema20
A_nofilter,MU,2021-02-01,2021-03-05,79.59,74.25567,24,128.0239200000002,223.30392000000018,1.7442359209122782,23,True,close_below_ema20
A_nofilter,GE,2021-02-04,2021-03-12,56.3207,52.9781688,39,130.35871680000014,220.71818560000008,1.6931601585080949,25,True,close_below_ema20
A_nofilter,LLY,2021-03-08,2021-03-15,207.67,198.41139,14,129.62053999999966,-205.23999999999995,-1.5833910273788436,5,False,stop_gap
A_nofilter,BSX,2021-03-15,2021-03-18,39.04,38.471489999999996,151,85.84501000000051,-85.84501000000051,-1.0,3,False,stop
A_nofilter,DIS,2021-03-08,2021-03-19,197.31,185.23187778613558,11,132.8593443525086,-70.29000000000016,-0.5290557494661682,9,False,close_below_ema20
A_nofilter,BRK-B,2021-03-18,2021-03-19,254.28,249.57018,22,103.61604000000017,-103.61604000000017,-1.0,1,False,stop
A_nofilter,UBER,2021-03-22,2021-03-23,57.25,54.28566,46,136.35964,-74.51999999999988,-0.5464960159765739,1,False,close_below_ema20
A_nofilter,MSFT,2021-03-23,2021-03-26,237.49,229.12064999999998,10,83.69350000000026,-59.39999999999998,-0.7097325359794942,3,False,close_below_ema20
A_nofilter,CMCSA,2021-02-26,2021-03-29,50.0562,48.4706808,73,115.74290160000001,170.33448240000016,1.47166245225703,21,True,close_below_ema20
A_nofilter,GS,2021-03-26,2021-03-29,334.51,321.59808000000004,7,90.38343999999967,-99.11999999999978,-1.0966610697711898,1,False,close_below_ema20
A_nofilter,FISV,2021-03-04,2021-03-31,116.34,114.16572000000001,64,139.15391999999974,265.87391999999954,1.9106462829074455,19,True,close_below_ema20
A_nofilter,BKNG,2021-03-29,2021-04-14,93.1732,86.83308,21,133.14252,70.36680000000014,0.5285073468640983,11,False,time_stop_10d
A_nofilter,C,2021-03-31,2021-04-14,73.22,69.08085000000001,32,132.45279999999957,-47.36000000000013,-0.35756133505671667,9,False,close_below_ema20
A_nofilter,SBUX,2021-03-29,2021-04-15,110.0,104.68767411363693,21,111.55884361362446,107.09999999999988,0.9600314643896145,12,False,time_stop_10d
A_nofilter,INTC,2021-03-31,2021-04-15,64.01,60.919019999999996,24,74.18352000000021,-0.9600000000001501,-0.012940879591587826,10,False,close_below_ema20
A_nofilter,SCHW,2021-04-14,2021-04-15,67.67,66.01392,83,137.45464000000024,-137.45464000000024,-1.0,1,False,stop
A_nofilter,ADI,2021-04-15,2021-04-19,160.63,157.20264,40,137.09439999999972,-137.09439999999972,-1.0,2,False,stop
A_nofilter,C,2021-04-15,2021-04-20,74.45,70.99892999999999,39,134.5917300000006,-113.10000000000022,-0.8403190894418231,3,False,close_below_ema20
A_nofilter,BAC,2021-04-19,2021-04-20,39.42,38.01195,96,135.17280000000028,-135.17280000000028,-1.0,1,False,stop
A_nofilter,NFLX,2021-04-19,2021-04-21,55.198,53.799147000000005,72,100.71741599999967,-316.65600000000023,-3.1440044093267967,2,False,stop_gap
A_nofilter,ANET,2021-04-21,2021-05-04,19.595,19.2413394,375,132.62272499999915,-132.62272499999915,-1.0,9,False,stop
A_nofilter,BX,2021-03-22,2021-05-13,72.85,71.26866,71,112.27513999999981,539.4538000000002,4.804748406459357,37,True,close_below_ema20
A_nofilter,UNP,2021-05-04,2021-05-13,225.66,220.03974,24,134.88624000000004,-87.83999999999992,-0.6512154241974563,7,False,close_below_ema20
A_nofilter,ADP,2021-05-05,2021-05-13,194.38,187.2464430440843,9,64.20201260324137,-42.12000000000006,-0.6560541997381799,6,False,close_below_ema20
A_nofilter,XOM,2021-05-14,2021-05-19,60.45,58.69125,74,130.14750000000046,-130.14750000000046,-1.0,3,False,stop
A_nofilter,COP,2021-05-14,2021-05-26,55.43,53.51643,68,130.12276,-24.47999999999996,-0.18813003966408307,8,False,close_below_ema20
A_nofilter,ACN,2021-05-26,2021-05-27,286.2,277.5525780992999,15,129.711328510501,-30.44999999999959,-0.23475204787170503,1,False,close_below_ema20
A_nofilter,WFC,2021-05-27,2021-06-10,46.99,45.22473,74,130.62998000000007,-38.48000000000023,-0.2945725016569719,9,False,close_below_ema20
A_nofilter,GS,2021-04-26,2021-06-11,341.94,325.82385,4,64.46460000000002,131.9846,2.04739655562898,33,True,close_below_ema20
A_nofilter,ORCL,2021-05-20,2021-06-16,78.95,76.45347,52,129.81956000000037,104.85956000000016,0.8077331335894211,18,True,stop_gap
A_nofilter,RTX,2021-04-21,2021-06-18,77.91,75.99392999999999,35,67.06245000000017,208.96638000000033,3.115996805962201,41,True,close_below_ema20
A_nofilter,MS,2021-05-14,2021-06-18,85.65,83.27664,31,73.57416000000016,83.04080000000008,1.1286679997433866,24,True,close_below_ema20
A_nofilter,AMAT,2021-06-10,2021-06-18,137.47,134.43543,44,133.5210800000001,-133.5210800000001,-1.0,6,False,stop
A_nofilter,AVGO,2021-06-15,2021-06-21,47.656,45.974979,46,77.32696600000006,-70.79400000000007,-0.9155150352077698,4,False,close_below_ema20
A_nofilter,PLD,2021-06-18,2021-06-21,122.84,120.9789,71,132.13810000000052,-204.4800000000007,-1.547471925205523,1,False,close_below_ema20
A_nofilter,COP,2021-06-22,2021-06-30,60.53,57.42252,41,127.40668000000011,-2.050000000000175,-0.016090208142933896,6,False,close_below_ema20
A_nofilter,XOM,2021-06-22,2021-07-07,62.85,60.17976,48,128.17152,-80.16000000000008,-0.6254119479896945,10,False,close_below_ema20
A_nofilter,COP,2021-07-01,2021-07-07,62.69,59.439121228527064,39,126.7842720874444,-126.7842720874444,-1.0,3,False,stop
A_nofilter,AMAT,2021-07-06,2021-07-07,140.52,137.38248000000002,28,87.85055999999986,-56.28000000000054,-0.6406333664805396,1,False,close_below_ema20
A_nofilter,META,2021-07-12,2021-07-15,351.23,342.21744,14,126.17584000000011,-126.17584000000011,-1.0,3,False,stop
A_nofilter,SPGI,2021-07-16,2021-07-19,390.8326,385.2057087,12,67.52269560000013,-67.52269560000013,-1.0,1,False,stop
A_nofilter,GOOGL,2021-06-21,2021-07-20,121.603,119.35052999999999,56,126.13832000000014,236.0243200000004,1.8711547767561842,20,True,close_below_ema20
A_nofilter,SPGI,2021-07-20,2021-07-29,392.5923,383.8163994,14,122.8626084,63.97300000000007,0.5206873013124151,7,False,close_below_ema20
A_nofilter,AXP,2021-07-29,2021-08-02,173.45,169.54029,34,132.93013999999965,-132.93013999999965,-1.0,2,False,stop
A_nofilter,MA,2021-08-02,2021-08-03,389.3,381.94766999999996,17,124.98961000000088,-214.87999999999977,-1.719182898482508,1,False,close_below_ema20
A_nofilter,NVDA,2021-08-13,2021-08-17,20.029,19.41057,172,106.36996,-106.36996,-1.0,2,False,stop
A_nofilter,BX,2021-07-07,2021-08-19,97.94,96.44346,85,127.20589999999966,622.7893599999998,4.895915676867201,31,True,close_below_ema20
A_nofilter,ORCL,2021-08-03,2021-08-20,87.93,86.58333,77,103.69359000000024,136.27691999999985,1.3142270414207815,13,True,close_below_ema20
A_nofilter,UNH,2021-08-17,2021-08-27,417.42,404.6829094219595,8,101.89672462432418,4.7199999999998,0.04632141040255841,8,False,close_below_ema20
A_nofilter,WFC,2021-08-25,2021-08-31,48.62,46.78317,43,78.98368999999997,-78.98368999999997,-1.0,4,False,stop
A_nofilter,ETN,2021-07-20,2021-09-07,150.53,146.84301000000002,19,70.05280999999962,218.56581999999963,3.1200150286619595,34,True,close_below_ema20
A_nofilter,ORCL,2021-08-27,2021-09-08,89.18,87.96195,58,70.6469000000003,-60.32000000000036,-0.8538237346578562,7,False,close_below_ema20
A_nofilter,ADBE,2021-08-19,2021-09-14,637.14,625.42395,7,82.01234999999997,105.73630000000003,1.2892728960943085,17,True,close_below_ema20
A_nofilter,MS,2021-09-09,2021-09-14,104.57,102.96692999999999,49,78.55043000000012,-78.55043000000012,-1.0,3,False,stop
A_nofilter,GOOGL,2021-09-14,2021-09-17,142.9955,140.597262,56,134.30132799999956,-134.30132799999956,-1.0,3,False,stop
A_nofilter,META,2021-08-20,2021-09-20,357.57,350.649,10,69.20999999999992,77.86000000000001,1.1249819390261537,20,True,close_below_ema20
A_nofilter,SPGI,2021-09-21,2021-09-22,423.0274,415.1945898,8,62.662481599999865,13.92639999999983,0.22224462939239642,1,False,close_below_ema20
A_nofilter,DHR,2021-09-17,2021-09-27,289.6365,280.1716479,14,132.50792940000042,-132.50792940000042,-1.0,6,False,stop
A_nofilter,TMO,2021-09-17,2021-09-28,597.06,577.4848025066549,6,117.45118496007035,-117.45118496007035,-1.0,7,False,stop
A_nofilter,INTU,2021-09-22,2021-09-28,560.6,546.96249,6,81.82506000000012,-81.82506000000012,-1.0,4,False,stop
A_nofilter,KLAC,2021-09-07,2021-09-29,34.263,33.339627,108,99.72428399999978,132.394284,1.3276032545894267,16,True,close_below_ema20
A_nofilter,MS,2021-09-27,2021-09-29,104.13,99.67782992505235,30,133.56510224842935,-91.49999999999991,-0.6850591843205504,2,False,close_below_ema20
A_nofilter,TMO,2021-09-30,2021-10-01,585.94,569.58984,7,114.45112000000051,-107.59000000000003,-0.940051962794244,1,False,close_below_ema20
A_nofilter,NOW,2021-10-04,2021-10-05,127.082,121.314564,22,126.88359199999977,-56.935999999999865,-0.4487262624153954,1,False,close_below_ema20
A_nofilter,AXP,2021-10-01,2021-10-13,172.36,167.24259,24,122.81784000000016,-122.81784000000016,-1.0,8,False,stop
A_nofilter,BKNG,2021-10-01,2021-10-20,96.6736,94.1058,49,125.82219999999957,94.4132,0.7503699665082977,13,False,time_stop_10d
A_nofilter,IBM,2021-10-15,2021-10-21,137.5908,133.3846818,23,96.74071859999981,-228.9006000000001,-2.3661246609760096,4,False,stop_gap
A_nofilter,BKNG,2021-10-26,2021-10-28,96.916,94.6548504,56,126.62437759999978,6.988800000000424,0.05519316368983626,2,False,close_below_ema20
A_nofilter,ORCL,2021-10-05,2021-11-02,90.43,87.03288,37,125.69344000000004,184.99631999999997,1.4718056885068935,20,True,close_below_ema20
A_nofilter,JPM,2021-10-20,2021-11-04,168.65,162.00216617089367,19,126.30884275302031,25.649999999999892,0.2030736680103622,11,False,time_stop_10d
A_nofilter,PANW,2021-10-29,2021-11-05,83.325,79.78014,36,127.61496,-40.438800000000015,-0.3168813436919936,5,False,close_below_ema20
A_nofilter,SPGI,2021-11-05,2021-11-10,441.9111,427.66081110000005,8,114.00231119999944,-114.00231119999944,-1.0,3,False,stop
A_nofilter,COP,2021-11-04,2021-11-11,74.0,72.17775,43,78.35674999999986,-30.100000000000122,-0.38414048566333053,5,False,close_below_ema20
A_nofilter,GE,2021-11-02,2021-11-12,66.5195,64.168767,28,65.82052399999975,69.42880000000014,1.0548199221264236,8,True,breakeven_stop
A_nofilter,BAC,2021-10-14,2021-11-18,44.37,42.383930701340695,64,127.10843511419534,201.98843511419545,1.5891033111431767,25,True,close_below_ema20
A_nofilter,WFC,2021-11-11,2021-11-18,50.77,49.16079,79,127.12759000000035,-90.06000000000004,-0.7084221450276827,5,False,close_below_ema20
A_nofilter,NOW,2021-11-12,2021-11-19,137.0,132.631236,18,78.63775199999998,-16.883999999999787,-0.2147060358490384,5,False,close_below_ema20
A_nofilter,GOOGL,2021-11-18,2021-11-23,148.5595,144.39296249999998,30,124.99612500000097,-72.19500000000068,-0.5775779049150532,3,False,close_below_ema20
A_nofilter,ADI,2021-11-01,2021-11-24,173.86,169.83,18,72.54000000000002,157.31999999999965,2.168734491315131,17,True,close_below_ema20
A_nofilter,TMO,2021-11-10,2021-11-26,624.62,598.85055,5,128.84725000000003,140.45000000000016,1.0900504279291963,11,False,time_stop_10d
A_nofilter,CB,2021-11-23,2021-11-26,192.75,187.4124,23,122.7648000000002,-161.69000000000003,-1.3170713429256575,2,False,close_below_ema20
A_nofilter,NFLX,2021-11-26,2021-11-30,67.5,64.540395,42,124.30340999999984,-28.560000000000286,-0.22976039032235981,2,False,close_below_ema20
A_nofilter,BX,2021-11-29,2021-11-30,146.2,142.60725,24,86.22599999999989,-86.22599999999989,-1.0,1,False,stop
A_nofilter,CVX,2021-11-23,2021-12-01,115.19,111.14763811060308,29,117.22849479251053,-6.959999999999852,-0.059371230623738336,5,False,close_below_ema20
A_nofilter,ADI,2021-11-30,2021-12-01,183.69,176.60322,17,120.47526000000008,-23.969999999999942,-0.1989620109556097,1,False,close_below_ema20
A_nofilter,AMAT,2021-11-30,2021-12-01,151.56,142.07778,13,123.26886000000016,-4.03000000000003,-0.03269276604002036,1,False,close_below_ema20
A_nofilter,MSFT,2021-12-01,2021-12-02,337.78,327.79188,12,119.85743999999977,-89.75999999999954,-0.7488896809409554,1,False,close_below_ema20
A_nofilter,KLAC,2021-12-01,2021-12-03,41.843,39.664296,56,122.00742400000019,-60.53600000000017,-0.49616652835814384,2,False,close_below_ema20
A_nofilter,AVGO,2021-12-01,2021-12-03,56.499,54.277668,55,122.17326000000021,-0.2750000000001407,-0.0022509017112266644,2,False,close_below_ema20
A_nofilter,DHR,2021-11-26,2021-12-06,284.3085,272.7057213,10,116.02778699999988,-83.50999999999999,-0.719741384018641,6,False,close_below_ema20
A_nofilter,BX,2021-12-03,2021-12-06,142.61,135.53432999999998,17,120.28639000000052,-129.37000000000023,-1.0755165235235646,1,False,close_below_ema20
A_nofilter,TMO,2021-12-03,2021-12-06,634.15,618.2910899999999,7,111.01237000000026,-111.01237000000026,-1.0,1,False,stop
A_nofilter,COST,2021-12-03,2021-12-10,530.91,513.5259599999999,4,69.53616000000011,15.200000000000273,0.21859130558834783,5,False,close_below_ema20
A_nofilter,KLAC,2021-12-07,2021-12-14,40.656,38.977983,71,119.13920699999979,-76.46699999999987,-0.6418290160349985,5,False,close_below_ema20
A_nofilter,DHR,2021-12-10,2021-12-14,285.3723,270.90104254019735,8,115.77005967842115,-115.77005967842115,-1.0,2,False,stop
A_nofilter,ADP,2021-12-06,2021-12-15,233.15,224.32545000000002,13,114.71914999999984,-48.10000000000022,-0.4192848360539656,7,False,close_below_ema20
A_nofilter,LRCX,2021-12-15,2021-12-16,68.339,66.747186,41,65.26437399999998,-65.26437399999998,-1.0,1,False,stop
A_nofilter,HD,2021-12-15,2021-12-17,405.68,397.68192,14,111.97312000000022,-121.93999999999971,-1.0890113627270497,2,False,close_below_ema20
A_nofilter,GOOGL,2021-12-16,2021-12-17,147.1705,141.07378500000002,18,109.7408699999998,-84.06900000000007,-0.7660682843137677,1,False,close_below_ema20
A_nofilter,MRSH,2021-12-06,2021-12-20,169.92,163.70459765479907,19,118.09264455881737,-61.17999999999998,-0.5180678291062285,10,False,close_below_ema20
A_nofilter,MRSH,2021-12-21,2021-12-22,169.63,164.80503,23,110.97431000000017,-16.330000000000183,-0.1471511739969382,1,False,close_below_ema20
A_nofilter,INTU,2021-12-27,2021-12-31,639.09,598.6707299999999,2,80.8385400000002,10.480000000000018,0.12964113404324215,4,False,close_below_ema20
A_nofilter,AMD,2022-01-04,2022-01-05,151.65,143.40645,10,82.43549999999999,-88.30000000000013,-1.0711404673957232,1,False,close_below_ema20
A_nofilter,COST,2021-12-27,2022-01-06,552.61,535.5439200000001,6,102.39647999999966,-38.45999999999981,-0.3755988487104238,8,False,close_below_ema20
A_nofilter,AAPL,2021-12-21,2022-01-07,171.56,167.29254,26,110.95396,128.2439599999998,1.155830400284945,12,True,close_below_ema20
A_nofilter,QCOM,2021-12-22,2022-01-07,180.15,173.28654,16,109.81536000000006,103.19999999999982,0.939759246793889,11,False,time_stop_10d
A_nofilter,ADP,2021-12-21,2022-01-10,231.23,224.92485,13,81.96694999999997,111.43180000000007,1.359472323906161,13,True,close_below_ema20
A_nofilter,KLAC,2022-01-07,2022-01-10,43.505,41.718239999999994,64,114.35264000000052,-158.9760000000001,-1.3902258837224868,1,False,close_below_ema20
A_nofilter,LIN,2022-01-11,2022-01-12,335.55,330.31935,17,88.92105000000043,46.919999999999845,0.5276590863468168,1,False,close_below_ema20
A_nofilter,AAPL,2022-01-12,2022-01-14,176.12,168.00182999999998,9,73.06353000000018,-43.02000000000001,-0.5888026488728357,2,False,close_below_ema20
A_nofilter,CSCO,2022-01-07,2022-01-18,61.13,59.850089999999994,90,115.19190000000073,-115.19190000000073,-1.0,6,False,stop
A_nofilter,LRCX,2022-01-14,2022-01-18,73.066,68.4083057755413,23,107.1269671625503,-107.1269671625503,-1.0,1,False,stop
A_nofilter,QCOM,2022-01-12,2022-01-19,186.6,174.53888197628496,9,108.55006221343535,-54.27000000000001,-0.4999536517380545,4,False,close_below_ema20
A_nofilter,MU,2022-01-12,2022-01-19,95.16,90.94896,27,113.69807999999992,-38.87999999999994,-0.3419582810897068,4,False,close_below_ema20
A_nofilter,SCHW,2022-01-25,2022-01-26,89.06,85.09482000000001,28,111.0250399999997,26.039999999999793,0.23454168537115466,1,False,close_below_ema20
A_nofilter,BRK-B,2022-01-26,2022-01-28,310.4,298.13321814102744,9,110.40103673075282,-24.479999999999734,-0.22173704817375772,2,False,close_below_ema20
A_nofilter,SCHW,2022-01-27,2022-01-31,91.28,85.85028458187968,14,76.01601585368454,-47.73999999999995,-0.6280255478252084,2,False,close_below_ema20
A_nofilter,PEP,2022-01-31,2022-02-02,172.73,166.28355,17,109.58964999999998,0.5100000000000193,0.004653724142745409,2,False,close_below_ema20
A_nofilter,PG,2022-02-02,2022-02-08,161.3,156.22361999999998,22,111.68036000000063,-3.96000000000015,-0.035458338422262675,4,False,close_below_ema20
A_nofilter,WFC,2022-01-25,2022-02-18,53.49,51.12882,47,110.97546000000021,172.45428000000013,1.5539857190049025,18,True,close_below_ema20
A_nofilter,COP,2022-02-16,2022-02-22,89.92,87.64227000000001,51,116.16422999999955,-116.16422999999955,-1.0,3,False,stop
A_nofilter,XOM,2022-02-16,2022-02-22,78.79,76.34358,41,100.30322000000014,-100.30322000000014,-1.0,3,False,stop
A_nofilter,CVX,2022-02-22,2022-02-23,137.0,131.91795000000002,22,111.80509999999958,-89.53999999999985,-0.8008579215080545,1,False,close_below_ema20
A_nofilter,RTX,2022-01-25,2022-02-24,88.3,84.7152,31,111.12880000000004,191.1500000000001,1.7200761638747113,21,True,close_below_ema20
A_nofilter,CB,2022-02-22,2022-02-24,205.56,199.34045999999998,18,111.95172000000042,-158.94000000000023,-1.419719143216376,2,False,close_below_ema20
A_nofilter,BRK-B,2022-02-23,2022-02-24,316.08,310.23945000000003,16,93.44879999999921,-228.80000000000018,-2.4483995514121326,1,False,close_below_ema20
A_nofilter,AXP,2022-01-26,2022-03-01,176.95,166.13140546559038,10,108.18594534409613,108.18594534409613,1.0,23,True,breakeven_stop
A_nofilter,RTX,2022-03-10,2022-03-16,99.08,94.59531,22,98.66318000000001,-98.66318000000001,-1.0,4,False,stop
A_nofilter,UNH,2022-03-16,2022-03-31,499.94,474.5116110334029,4,101.71355586638833,68.6400000000001,0.6748363029424131,11,False,time_stop_10d
A_nofilter,COP,2022-03-17,2022-04-06,96.65,92.22767999999999,25,110.55800000000033,146.43568000000025,1.3245145534470577,14,True,close_below_ema20
A_nofilter,ABBV,2022-03-09,2022-04-14,149.89,146.21364000000003,30,110.2907999999988,229.69079999999892,2.0825925643843495,26,True,close_below_ema20
A_nofilter,ANET,2022-04-14,2022-04-18,32.99,31.703265,95,122.23982500000035,-139.65000000000023,-1.142426373728855,1,False,close_below_ema20
A_nofilter,LMT,2022-03-31,2022-04-20,447.06,428.89068,6,109.01592000000016,76.91999999999996,0.7055850191421569,13,False,time_stop_10d
A_nofilter,CVX,2022-02-24,2022-04-22,137.93,131.13986249292014,16,108.6422001132778,320.2422001132777,2.947677787999242,40,True,close_below_ema20
A_nofilter,COST,2022-04-19,2022-04-22,592.11,578.18124,6,83.57256000000007,-83.57256000000007,-1.0,3,False,stop
A_nofilter,VRTX,2022-03-10,2022-04-25,240.74,232.73703,13,104.03861000000006,300.85564,2.891769123020769,31,True,close_below_ema20
A_nofilter,XOM,2022-04-07,2022-04-25,84.7,79.68024000000001,24,120.47423999999978,-55.91999999999996,-0.4641656174797206,11,False,close_below_ema20
A_nofilter,PLD,2022-04-27,2022-04-29,169.42,163.24659,18,111.12137999999982,-111.12137999999982,-1.0,2,False,stop
A_nofilter,BMY,2022-04-28,2022-04-29,76.77,74.63529,54,115.27433999999991,-161.45999999999972,-1.4006586374730043,1,False,stop_gap
A_nofilter,BMY,2022-05-03,2022-05-04,75.97,73.27664999999999,42,113.1207000000004,-40.31999999999974,-0.3564334379118905,1,False,close_below_ema20
A_nofilter,XOM,2022-04-28,2022-05-10,85.48,80.1394730606175,21,112.15106572703249,3.3599999999999284,0.02995959047039217,8,False,close_below_ema20
A_nofilter,BMY,2022-05-24,2022-05-31,77.48,75.26466,37,81.96757999999991,-88.80000000000021,-1.0833551509023482,4,False,close_below_ema20
A_nofilter,LLY,2022-05-23,2022-06-06,300.6,284.08563,6,99.08622000000025,87.17999999999984,0.8798398001255837,9,False,close_below_ema20
A_nofilter,CVX,2022-05-23,2022-06-10,171.04,162.66717,13,108.84678999999991,69.29000000000016,0.6365828519150654,13,False,time_stop_10d
A_nofilter,PFE,2022-06-03,2022-06-10,52.74,50.98896,66,115.56864000000022,-94.37999999999998,-0.8166575292397644,5,False,close_below_ema20
A_nofilter,BMY,2022-06-08,2022-06-10,76.72,73.70363750643355,40,120.65449974265789,-52.79999999999973,-0.4376131856881926,2,False,close_below_ema20
A_nofilter,XOM,2022-05-13,2022-06-14,87.36,83.31660000000001,27,109.17179999999976,245.82839999999973,2.25175732194578,21,True,close_below_ema20
A_nofilter,COP,2022-05-23,2022-06-14,107.55,101.72816999999999,19,110.6147700000001,169.4929400000001,1.5322812676824256,15,True,close_below_ema20
A_nofilter,UNH,2022-07-06,2022-07-14,511.0,491.75775,6,115.45350000000008,-96.0,-0.8315035923553633,6,False,close_below_ema20
A_nofilter,ABBV,2022-07-08,2022-07-14,152.58,149.51033999999999,24,73.67184000000066,-88.56000000000063,-1.2020875276089187,4,False,stop_gap
A_nofilter,TMUS,2022-07-14,2022-07-19,136.32,132.33753,29,115.49163000000019,-6.0899999999994066,-0.052731094019535414,3,False,close_below_ema20
A_nofilter,MRK,2022-07-05,2022-07-20,92.49,90.29961,53,116.09066999999966,-6.889999999999759,-0.0593501613867831,11,False,time_stop_10d
A_nofilter,VRTX,2022-07-20,2022-07-21,290.13,281.96775,13,106.10924999999963,-106.10924999999963,-1.0,1,False,stop
A_nofilter,VRTX,2022-07-22,2022-07-25,286.96,280.77894,18,111.25908000000004,-89.27999999999963,-0.8024513594755556,1,False,close_below_ema20
A_nofilter,LLY,2022-07-15,2022-08-01,331.97,315.5715683887867,7,114.78902127849318,-31.220000000000255,-0.27197722963641663,11,False,time_stop_10d
A_nofilter,KLAC,2022-08-11,2022-08-22,37.55,35.532432,55,110.96623999999984,-64.89999999999998,-0.5848625672096313,7,False,close_below_ema20
A_nofilter,UNH,2022-08-08,2022-08-23,539.91,527.03244,8,103.02048000000013,27.039999999999964,0.2624720832207337,11,False,time_stop_10d
A_nofilter,VRTX,2022-08-19,2022-08-23,299.89,291.15855,12,104.77739999999994,-104.77739999999994,-1.0,2,False,stop
A_nofilter,VRTX,2022-08-25,2022-08-26,293.0,282.38733,7,74.28868999999986,-5.809999999999889,-0.07820840561328918,1,False,close_below_ema20
A_nofilter,NEE,2022-08-24,2022-08-29,88.65,87.54236999999999,100,110.76300000000145,-167.00000000000017,-1.5077236983469027,3,False,stop_gap
A_nofilter,COST,2022-08-26,2022-08-29,550.91,536.34312,4,58.26751999999988,-95.51999999999998,-1.6393352591632557,1,False,close_below_ema20
A_nofilter,TMUS,2022-09-02,2022-09-06,144.8,142.16769,41,107.92471000000074,-102.91000000000079,-0.9535351079470131,1,False,close_below_ema20
A_nofilter,COP,2022-09-02,2022-09-07,109.64,105.64425,21,83.91075000000002,-83.91075000000002,-1.0,2,False,stop
A_nofilter,CVX,2022-09-06,2022-09-07,159.89,153.07676999999998,15,102.19845000000007,-87.44999999999976,-0.8556881244284987,1,False,close_below_ema20
A_nofilter,XOM,2022-09-02,2022-09-08,96.35,92.19771,26,107.95953999999983,-43.93999999999994,-0.40700432773240797,3,False,close_below_ema20
A_nofilter,TMUS,2022-09-08,2022-09-13,145.95,140.79906,20,103.01879999999983,-103.01879999999983,-1.0,3,False,stop
A_nofilter,XOM,2022-09-09,2022-09-16,96.52,92.19771,24,103.73495999999989,-34.80000000000007,-0.33547031781763936,5,False,close_below_ema20
A_nofilter,CVX,2022-09-12,2022-09-19,162.81,154.47815869930247,12,99.9820956083704,-118.55999999999995,-1.1858123124804179,5,False,close_below_ema20
A_nofilter,PGR,2022-09-19,2022-09-20,127.02,124.51536,41,102.69023999999979,-102.69023999999979,-1.0,1,False,stop
A_nofilter,COP,2022-09-08,2022-09-23,107.51,104.65524,36,102.77135999999996,59.21135999999993,0.5761465061861588,11,True,close_below_ema20
A_nofilter,VRTX,2022-10-11,2022-10-12,296.58,291.2085,18,96.68699999999944,-96.68699999999944,-1.0,1,False,stop
A_nofilter,LLY,2022-10-04,2022-10-19,329.35,316.73295,8,100.93640000000005,47.19999999999982,0.4676211951288118,11,False,time_stop_10d
A_nofilter,VRTX,2022-10-13,2022-10-19,295.64,289.62009,16,96.3185599999997,-96.3185599999997,-1.0,4,False,stop
A_nofilter,REGN,2022-10-24,2022-11-03,718.18,696.78252,4,85.58991999999989,85.58991999999989,1.0,8,True,breakeven_stop
A_nofilter,VRTX,2022-11-08,2022-11-11,308.8,298.23146999999994,9,95.1167700000006,-95.1167700000006,-1.0,3,False,stop
A_nofilter,REGN,2022-11-07,2022-11-14,741.06,701.36793,2,79.38413999999989,-6.3599999999999,-0.08011675883872911,5,False,close_below_ema20
A_nofilter,PGR,2022-11-08,2022-11-14,127.56,124.71516,35,99.56940000000017,-99.56940000000017,-1.0,4,False,stop
A_nofilter,TMUS,2022-11-15,2022-11-16,147.59,144.51534,32,98.38911999999982,-72.96000000000004,-0.7415454066465903,1,False,close_below_ema20
A_nofilter,LMT,2022-11-15,2022-11-17,471.98,458.91063,4,52.27747999999997,-27.920000000000073,-0.5340731802680636,2,False,close_below_ema20
A_nofilter,BMY,2022-11-16,2022-11-17,76.77,74.47545,25,57.363750000000024,-28.249999999999886,-0.4924712906670131,1,False,close_below_ema20
A_nofilter,COP,2022-11-11,2022-11-21,131.2,124.76511,15,96.52334999999972,-96.52334999999972,-1.0,6,False,stop
A_nofilter,VRTX,2022-11-14,2022-11-30,309.8,288.54116999999997,4,85.03532000000018,38.87999999999988,0.45722177561041455,11,False,time_stop_10d
A_nofilter,PGR,2022-11-17,2022-12-05,126.35,120.13974,15,93.15389999999987,80.85000000000022,0.8679185734574756,11,False,time_stop_10d
A_nofilter,LLY,2022-11-17,2022-12-06,356.88,339.77988,5,85.50060000000002,50.60000000000002,0.59180871245348,12,False,time_stop_10d
A_nofilter,BMY,2022-11-21,2022-12-07,78.14,74.57440624022534,25,89.13984399436643,15.500000000000114,0.17388408264411706,11,False,time_stop_10d
A_nofilter,VRTX,2022-12-07,2022-12-12,317.28,309.72996,13,98.15051999999957,-26.77999999999929,-0.27284623657622403,3,False,close_below_ema20
A_nofilter,PGR,2022-12-07,2022-12-12,131.66,128.90097,33,91.04798999999986,-71.27999999999989,-0.7828838396102978,3,False,close_below_ema20
A_nofilter,ADP,2022-12-12,2022-12-14,260.38,256.69304999999997,27,99.54765000000066,175.62999999999988,1.7642807238543423,2,True,breakeven_stop
A_nofilter,ORCL,2022-12-13,2022-12-14,84.94,81.30118273042642,27,98.24806627848663,-111.50999999999988,-1.1349841704153438,1,False,stop_gap
A_nofilter,ANET,2022-12-13,2022-12-15,34.1775,31.996658269548533,46,100.31871960076758,-100.31871960076758,-1.0,2,False,stop
A_nofilter,REGN,2022-12-14,2022-12-16,753.94,727.272,3,80.00400000000002,-96.4200000000003,-1.205189740512978,2,False,close_below_ema20
A_nofilter,ORCL,2022-12-19,2022-12-29,80.46,79.38054,91,98.23085999999977,46.410000000000466,0.47245845144795207,7,False,close_below_ema20
A_nofilter,LMT,2022-12-29,2023-01-04,489.0,473.47605,6,93.14370000000008,-94.5,-1.0145613713004735,3,False,close_below_ema20
A_nofilter,MRK,2022-11-16,2023-01-10,100.74,97.23267,28,98.20523999999989,235.68524,2.3999252993017506,36,True,close_below_ema20
A_nofilter,PGR,2023-01-05,2023-01-18,131.62,128.30157,22,73.00546000000014,-37.620000000000175,-0.5153039238435058,8,False,close_below_ema20
A_nofilter,MRK,2023-01-12,2023-01-18,111.31,108.64125,37,98.7437500000001,-51.43000000000002,-0.5208430913348943,3,False,close_below_ema20
A_nofilter,CAT,2023-01-03,2023-01-20,240.68,237.4623,22,70.78940000000017,138.87940000000015,1.9618671722037453,12,True,close_below_ema20
A_nofilter,MA,2023-01-20,2023-01-30,370.8,363.2364,13,98.3268000000001,105.81999999999971,1.0762070971495015,6,True,stop_gap
A_nofilter,BSX,2023-01-25,2023-01-30,45.95,44.74521,59,71.08261000000016,-6.4899999999999665,-0.09130221864391237,3,False,close_below_ema20
A_nofilter,TJX,2023-02-01,2023-02-02,82.0,81.13878,94,80.95468000000028,-80.95468000000028,-1.0,1,False,stop
A_nofilter,ORCL,2023-01-20,2023-02-07,86.99,85.17474,54,98.02403999999973,98.02403999999973,1.0,12,True,breakeven_stop
A_nofilter,KLAC,2023-02-02,2023-02-07,41.401,38.67328800000001,37,100.92534399999988,-26.196000000000204,-0.2595581938269166,3,False,close_below_ema20
A_nofilter,TJX,2023-02-06,2023-02-07,81.08,79.73019000000001,42,56.692019999999616,-75.59999999999988,-1.3335210140686535,1,False,close_below_ema20
A_nofilter,MA,2023-02-02,2023-02-09,379.52,366.633,7,90.209,-43.53999999999979,-0.48265694110343527,5,False,close_below_ema20
A_nofilter,CAT,2023-02-09,2023-02-10,251.56,241.5582,9,90.01620000000003,-47.52000000000001,-0.5279049771041212,1,False,close_below_ema20
A_nofilter,SBUX,2023-02-09,2023-02-10,106.54,102.93696,27,97.28208000000019,-27.540000000000276,-0.28309427594476005,1,False,close_below_ema20
A_nofilter,REGN,2023-02-10,2023-02-16,757.52,742.9662900000001,6,87.32225999999946,-123.11999999999989,-1.4099497653862905,4,False,stop_gap
A_nofilter,XOM,2023-02-07,2023-02-21,113.09,109.72017,29,97.72507000000022,-66.12000000000003,-0.6765919942549019,9,False,close_below_ema20
A_nofilter,SBUX,2023-02-13,2023-02-22,107.45,103.14106767292098,18,77.56078188742237,-36.72000000000011,-0.4734351447526447,6,False,close_below_ema20
A_nofilter,GE,2023-02-22,2023-02-24,66.5443,65.22600870000001,72,94.91697359999989,-94.91697359999989,-1.0,2,False,stop
A_nofilter,UBER,2023-02-22,2023-02-27,34.39,32.691275999999995,56,95.12854400000032,-40.04000000000019,-0.42090416100555533,3,False,close_below_ema20
A_nofilter,ADI,2023-02-27,2023-03-02,185.58,181.42839,21,87.18381000000011,-93.45000000000036,-1.071873321434338,3,False,stop_gap
A_nofilter,ORCL,2023-03-03,2023-03-09,87.32,85.78413,61,93.6880699999993,92.15219999999931,0.9836065573770492,4,True,breakeven_stop
A_nofilter,BKNG,2023-02-24,2023-03-10,98.1616,95.206698,32,94.55686400000013,129.66086399999995,1.3712475066854983,10,True,close_below_ema20
A_nofilter,SYK,2023-03-09,2023-03-10,266.93,262.57716,22,95.76248000000032,-95.76248000000032,-1.0,1,False,stop
A_nofilter,AMAT,2023-03-14,2023-03-28,118.78,111.80808,13,90.63495999999996,1.4299999999999926,0.015777576334782883,10,False,close_below_ema20
A_nofilter,AVGO,2023-03-14,2023-03-29,62.439,60.627312,53,96.01946399999983,44.46699999999993,0.4631040223261401,11,False,time_stop_10d
A_nofilter,BSX,2023-03-14,2023-03-29,48.05,46.34957534858169,56,95.22378047942533,53.20000000000016,0.5586839729755835,11,False,time_stop_10d
A_nofilter,AMAT,2023-03-30,2023-04-06,122.0,115.46442,15,98.03369999999994,-117.2999999999999,-1.196527316626833,5,False,close_below_ema20
A_nofilter,ANET,2023-02-23,2023-04-10,34.465,33.09687,69,94.40097000000006,274.42033999999995,2.906965256818863,31,True,close_below_ema20
A_nofilter,ADI,2023-03-29,2023-04-10,186.04,180.69912,18,96.13583999999997,92.44584,0.9616168122107221,7,True,close_below_ema20
A_nofilter,AVGO,2023-03-31,2023-04-10,63.605,61.824114,46,81.92075599999978,-82.79999999999987,-1.0107328599360104,5,False,close_below_ema20
A_nofilter,BKNG,2023-03-29,2023-04-13,103.2572,98.5421592,20,94.30081599999994,-9.943999999999846,-0.10544977680786827,10,False,close_below_ema20
A_nofilter,LRCX,2023-04-11,2023-04-13,51.144,47.996955,30,94.41134999999996,-35.85000000000001,-0.3797212941028809,2,False,close_below_ema20
A_nofilter,PANW,2023-04-10,2023-04-20,96.155,94.26564,51,96.35735999999982,94.46799999999982,0.9803921568627451,8,True,breakeven_stop
A_nofilter,NVDA,2023-04-24,2023-04-25,27.183,26.695278000000002,125,60.96524999999975,-60.96524999999975,-1.0,1,False,stop
A_nofilter,CRM,2023-04-13,2023-04-26,191.89,187.12269,20,95.34619999999961,14.600000000000364,0.15312618646574716,9,False,close_below_ema20
A_nofilter,BKNG,2023-04-14,2023-04-27,105.244,101.27941919999999,24,95.14993920000018,-8.736000000000104,-0.09181298562511417,9,False,close_below_ema20
A_nofilter,META,2023-04-27,2023-05-12,239.89,229.28151229412623,9,95.4763893528638,-28.349999999999795,-0.2969320498204349,11,False,time_stop_10d
A_nofilter,NVDA,2023-04-27,2023-05-15,27.363,26.198775,83,96.63067499999985,95.03499999999997,0.9834868689471549,12,False,time_stop_10d
A_nofilter,GE,2023-05-12,2023-05-15,79.7925,77.6636586,27,57.47871779999997,-18.10080000000002,-0.3149130790109593,1,False,close_below_ema20
A_nofilter,ETN,2023-05-15,2023-05-16,170.29,166.54329,26,97.41445999999945,-97.41445999999945,-1.0,1,False,stop
A_nofilter,PANW,2023-05-17,2023-05-18,96.4,94.33557,42,86.70606000000006,-86.70606000000006,-1.0,1,False,stop
A_nofilter,V,2023-05-18,2023-05-23,233.89,228.04173,15,87.72404999999978,-87.72404999999978,-1.0,3,False,stop
A_nofilter,ORCL,2023-04-27,2023-07-07,94.81,93.24666,55,85.98369999999981,645.2603599999999,7.504449796880121,48,True,close_below_ema20
A_nofilter,AMAT,2023-05-25,2023-07-10,127.17,120.34558400396779,14,95.54182394445101,188.57999999999998,1.9737952680246331,29,True,close_below_ema20
A_nofilter,UBER,2023-07-07,2023-07-11,43.0,41.828129999999994,99,116.01513000000054,-116.01513000000054,-1.0,2,False,stop
A_nofilter,LRCX,2023-07-10,2023-07-11,62.936,61.104834,47,86.06480200000016,-86.06480200000016,-1.0,1,False,stop
A_nofilter,LIN,2023-07-11,2023-07-12,369.81,358.01163,9,106.1853299999998,5.0400000000000205,0.04746418361180429,1,False,close_below_ema20
A_nofilter,NFLX,2023-05-18,2023-07-21,34.725,32.929038000000006,55,98.77790999999976,349.3179479999998,3.5363974394680007,43,True,close_below_ema20
A_nofilter,AMZN,2023-07-24,2023-07-25,131.37,128.29157999999998,38,116.97996000000086,-78.28000000000009,-0.6691744466317096,1,False,close_below_ema20
A_nofilter,MSFT,2023-07-12,2023-07-26,336.6,326.673,11,109.19700000000023,99.27000000000021,0.9090909090909091,10,True,breakeven_stop
A_nofilter,ETN,2023-05-25,2023-07-28,174.51,167.16267000000002,10,73.47329999999971,220.47329999999974,3.0007267946315275,43,True,close_below_ema20
A_nofilter,PLTR,2023-07-25,2023-07-28,16.69,15.984,168,118.60800000000022,87.35999999999993,0.7365439093484399,3,False,close_below_ema20
A_nofilter,LLY,2023-07-28,2023-08-02,458.68,446.11344,9,113.09903999999983,-31.049999999999898,-0.27453813931577087,3,False,close_below_ema20
A_nofilter,NVDA,2023-05-16,2023-08-03,28.969,28.017954,104,98.90878400000017,870.120784,8.79720434132522,54,True,close_below_ema20
A_nofilter,NOW,2023-08-01,2023-08-03,116.73,111.230658,11,60.492761999999985,-56.49600000000011,-0.9339299137969618,2,False,close_below_ema20
A_nofilter,BKNG,2023-07-11,2023-08-04,109.5968,104.87502,24,113.32271999999989,312.5611199999999,2.758150527978857,18,True,close_below_ema20
A_nofilter,MDLZ,2023-08-03,2023-08-08,75.61,73.63628999999999,46,90.79066000000051,-90.79066000000051,-1.0,3,False,stop
A_nofilter,META,2023-07-26,2023-08-10,301.19,288.0117,9,118.60469999999981,60.75,0.5122056714447244,11,False,close_below_ema20
A_nofilter,ICE,2023-08-08,2023-08-10,116.19,111.95138216941213,28,118.68129925646036,-43.11999999999978,-0.3633259853923663,2,False,close_below_ema20
A_nofilter,LIN,2023-08-10,2023-08-16,383.87,377.15247,9,60.457770000000096,-45.99000000000012,-0.7606962678246328,4,False,close_below_ema20
A_nofilter,CSCO,2023-08-02,2023-08-17,52.78,51.68826,79,86.24746000000012,131.13999999999973,1.5205085459907985,11,False,time_stop_10d
A_nofilter,INTU,2023-08-10,2023-08-17,504.0,490.46904,8,108.24767999999995,-108.24767999999995,-1.0,5,False,stop
A_nofilter,GE,2023-08-21,2023-08-22,89.4174,87.7174947,69,117.29346569999983,6.058200000000099,0.05164993602879029,1,False,close_below_ema20
A_nofilter,XOM,2023-08-21,2023-08-23,110.36,106.17372,19,79.53931999999993,-79.53931999999993,-1.0,2,False,stop
A_nofilter,BKNG,2023-08-22,2023-08-25,122.9724,120.65002919999999,50,116.11854000000008,-95.83999999999975,-0.8253634604775403,3,False,close_below_ema20
A_nofilter,TJX,2023-08-16,2023-09-07,88.75,86.37263272771779,40,95.09469089128856,85.60000000000002,0.900155405077842,15,False,time_stop_10d
A_nofilter,AMAT,2023-08-28,2023-09-07,145.31,140.81904,25,112.27400000000003,110.27999999999997,0.9822398774426844,7,True,breakeven_stop
A_nofilter,ANET,2023-08-30,2023-09-14,46.7775,44.2781775,47,117.46815750000025,41.94749999999992,0.3570967732255427,10,False,close_below_ema20
A_nofilter,CMCSA,2023-09-14,2023-09-18,42.7366,41.429928600000004,77,100.61369779999993,-10.102399999999982,-0.10040779954317501,2,False,close_below_ema20
A_nofilter,GOOGL,2023-08-23,2023-09-21,130.28,126.25362,15,60.39570000000005,65.64932000000002,1.0869866563348047,20,True,close_below_ema20
A_nofilter,CAT,2023-09-18,2023-09-21,281.87,272.75696999999997,11,100.24333000000041,-62.260000000000275,-0.6210887048544778,3,False,close_below_ema20
A_nofilter,MRSH,2023-09-07,2023-09-22,194.45,191.57823000000002,39,111.99902999999881,31.980000000000842,0.28553818725038227,11,False,close_below_ema20
A_nofilter,GOOGL,2023-09-29,2023-10-02,133.3,127.65212353060474,21,118.6054058573007,-43.89000000000007,-0.3700505865036711,1,False,close_below_ema20
A_nofilter,BX,2023-09-29,2023-10-02,109.34,104.96493,24,105.00168000000019,-65.27999999999997,-0.6217043384448692,1,False,close_below_ema20
A_nofilter,XOM,2023-09-26,2023-10-03,116.65,114.4854,55,119.0530000000004,-66.55000000000044,-0.5589947334380504,5,False,close_below_ema20
A_nofilter,MU,2023-10-02,2023-10-03,68.73,64.5738620961545,28,116.37186130767412,-43.680000000000064,-0.3753484692018035,1,False,close_below_ema20
A_nofilter,MU,2023-10-12,2023-10-17,70.39,67.932,47,115.52599999999993,-115.52599999999993,-1.0,3,False,stop
A_nofilter,TSLA,2023-10-17,2023-10-18,255.4,248.23152,16,114.69568000000027,-43.20000000000027,-0.37664888511930156,1,False,close_below_ema20
A_nofilter,MU,2023-10-19,2023-10-20,69.68,67.55238,54,114.8914800000004,-114.48000000000025,-0.9964185333847196,1,False,close_below_ema20
A_nofilter,ANET,2023-10-06,2023-10-23,47.2375,45.74421,78,116.47661999999958,-82.67999999999962,-0.7098420266659516,11,False,close_below_ema20
A_nofilter,META,2023-10-24,2023-10-25,317.36,306.16353000000004,10,111.96469999999977,-73.60000000000014,-0.657350039789329,1,False,close_below_ema20
A_nofilter,LLY,2023-10-24,2023-10-26,588.34,575.56386,8,102.20912000000044,-102.20912000000044,-1.0,2,False,stop
A_nofilter,AVGO,2023-10-24,2023-10-26,87.36,84.197718,35,110.67987000000016,-89.91500000000009,-0.8123880159960429,2,False,close_below_ema20
A_nofilter,PANW,2023-10-25,2023-10-26,126.095,119.29059,16,108.87056000000007,-59.200000000000045,-0.5437649994635833,1,False,close_below_ema20
A_nofilter,MSFT,2023-10-25,2023-10-26,345.02,331.9761123157223,4,52.175550737110825,-52.175550737110825,-1.0,1,False,stop
A_nofilter,VRTX,2023-11-13,2023-11-15,375.88,366.65297999999996,12,110.72424000000046,-71.51999999999975,-0.6459290215042294,2,False,close_below_ema20
A_nofilter,LLY,2023-11-17,2023-11-28,595.09,577.5718499999999,6,105.10890000000063,-18.54000000000019,-0.17638848851048844,6,False,close_below_ema20
A_nofilter,NVDA,2023-11-29,2023-11-30,48.379,47.425527,64,61.0222719999997,-61.0222719999997,-1.0,1,False,stop
A_nofilter,PLTR,2023-11-28,2023-12-04,19.5,18.601380000000002,125,112.32749999999969,-112.32749999999969,-1.0,4,False,stop
A_nofilter,PGR,2023-10-30,2023-12-11,153.63,151.39845000000003,49,109.34594999999854,338.1143999999988,3.092152932961882,29,True,close_below_ema20
A_nofilter,ADBE,2023-12-11,2023-12-14,616.88,590.5788299999999,4,105.20468000000028,-105.20468000000028,-1.0,3,False,stop
A_nofilter,LIN,2023-12-18,2023-12-21,411.9,404.26533,9,68.71202999999974,-34.91999999999996,-0.5082079513587372,3,False,close_below_ema20
A_nofilter,NVDA,2023-12-22,2024-01-02,49.195,48.049901999999996,81,92.75293800000036,-92.75293800000036,-1.0,5,False,stop
A_nofilter,PANW,2023-11-21,2024-01-03,130.725,121.64529059535373,12,108.9565128557552,178.64651285575525,1.6396129811189983,28,True,close_below_ema20
A_nofilter,AMZN,2023-12-05,2024-01-03,145.35,142.66719,37,99.2639699999996,169.7311599999995,1.70989695455461,19,True,close_below_ema20
A_nofilter,GE,2023-12-14,2024-01-03,97.6536,94.57458224082875,25,76.97544397928127,55.06750000000018,0.7153904823832151,12,False,time_stop_10d
A_nofilter,GOOGL,2024-01-03,2024-01-05,139.45,136.34351999999998,36,111.83328000000017,-97.19999999999959,-0.869150936107744,2,False,close_below_ema20
A_nofilter,BKNG,2024-01-05,2024-01-08,137.9468,135.228636,41,111.44472400000006,-60.74559999999943,-0.5450738071727773,1,False,close_below_ema20
A_nofilter,MU,2024-01-04,2024-01-16,83.47,80.49942,38,112.88203999999993,-35.33999999999972,-0.3130701748480072,7,False,close_below_ema20
A_nofilter,INTC,2023-12-11,2024-01-17,43.16,41.12883,55,111.71434999999977,200.9631799999999,1.7989021106062053,24,True,close_below_ema20
A_nofilter,GOOGL,2024-01-18,2024-01-31,142.05,138.7611,30,98.66700000000037,98.66700000000037,1.0,9,True,breakeven_stop
A_nofilter,QCOM,2024-01-31,2024-02-01,148.8,145.42443,37,124.89609000000038,-293.41000000000025,-2.349232870300418,1,False,stop_gap
A_nofilter,VZ,2024-01-17,2024-02-08,39.35,37.82846707883467,77,117.1580349297305,152.68650200856501,1.303252500779344,16,True,close_below_ema20
A_nofilter,ANET,2024-01-08,2024-02-14,58.75,56.59335,52,112.14579999999995,339.64579999999995,3.028609185542393,26,True,close_below_ema20
A_nofilter,AMD,2024-01-08,2024-02-21,141.01,133.60626000000002,15,111.05609999999956,277.49235999999974,2.498668330690532,30,True,close_below_ema20
A_nofilter,BX,2024-02-08,2024-02-26,126.58,120.08993020065604,19,123.31132618753517,-27.73999999999988,-0.22495905978508532,11,False,close_below_ema20
A_nofilter,ANET,2024-02-26,2024-03-11,68.436,63.92072650040668,27,121.91238448901984,-29.862000000000236,-0.24494640249358576,10,False,close_below_ema20
A_nofilter,AVGO,2024-02-01,2024-03-12,119.722,117.313569,50,120.42154999999966,394.8715499999995,3.2790771253152,27,True,close_below_ema20
A_nofilter,REGN,2024-02-14,2024-03-12,947.46,922.1069699999999,4,101.41212000000041,135.37212000000045,1.3348712165764791,18,True,close_below_ema20
A_nofilter,BLK,2024-02-21,2024-03-12,801.53,775.0068294428235,2,53.04634111435303,57.180000000000064,1.0779254289515658,14,False,time_stop_10d
A_nofilter,CRM,2024-03-12,2024-03-15,307.61,295.84386,10,117.66140000000007,-117.66140000000007,-1.0,3,False,stop
A_nofilter,META,2024-01-08,2024-03-18,354.7,339.9254606924707,4,59.09815723011707,333.51815723011714,5.643461198484758,48,True,close_below_ema20
A_nofilter,ANET,2024-03-13,2024-03-28,70.4875,66.00064928495021,25,112.17126787624458,36.5000000000002,0.325395270028236,11,False,time_stop_10d
A_nofilter,NOW,2024-03-21,2024-03-28,156.0,147.0528,14,125.26080000000013,-56.979999999999905,-0.45489091559370404,5,False,close_below_ema20
A_nofilter,HD,2024-03-28,2024-04-01,387.13,379.0206,10,81.09399999999994,-81.09399999999994,-1.0,1,False,stop
A_nofilter,ANET,2024-04-01,2024-04-05,73.235,70.9464825,52,119.00290999999987,-24.960000000000207,-0.2097427701557906,4,False,close_below_ema20
A_nofilter,BSX,2024-03-21,2024-04-08,67.83,65.81071419353749,59,119.13786258128783,40.709999999999866,0.34170497202116085,11,False,time_stop_10d
A_nofilter,NVDA,2024-04-08,2024-04-09,88.7,85.79411999999999,46,133.67048000000048,-57.86800000000045,-0.4329153302958158,1,False,close_below_ema20
A_nofilter,GS,2024-04-08,2024-04-10,409.14,401.06853,9,72.64322999999979,-72.64322999999979,-1.0,2,False,stop
A_nofilter,ISRG,2024-04-10,2024-04-11,391.18,378.24138,10,129.38620000000014,-36.00000000000023,-0.2782367825935083,1,False,close_below_ema20
A_nofilter,AVGO,2024-04-11,2024-04-15,133.575,130.733136,47,133.56760799999938,-133.56760799999938,-1.0,2,False,stop
A_nofilter,QCOM,2024-04-15,2024-04-16,174.27,169.89992999999998,30,131.1021000000008,-143.1000000000003,-1.0915156965449022,1,False,close_below_ema20
A_nofilter,LRCX,2024-04-15,2024-04-16,97.588,94.30560000000001,24,78.77759999999955,-64.89599999999984,-0.823787472581041,1,False,close_below_ema20
A_nofilter,AMZN,2024-03-12,2024-04-18,174.47,171.29853,39,123.68732999999997,260.51586,2.1062453203573885,26,True,close_below_ema20
A_nofilter,MU,2024-03-15,2024-04-18,93.45,90.2097,31,100.44930000000015,659.5999999999999,6.56649673019124,23,True,close_below_ema20
A_nofilter,AVGO,2024-04-17,2024-04-18,134.311,130.4694,26,99.88159999999999,-143.2859999999999,-1.4345585172844637,1,False,close_below_ema20
A_nofilter,NFLX,2024-04-18,2024-04-19,62.097,60.326613,71,125.69747699999996,-376.9390000000003,-2.9987793629302555,1,False,close_below_ema20
A_nofilter,COP,2024-04-19,2024-04-22,129.22,127.12275,60,125.83500000000015,-125.83500000000015,-1.0,1,False,stop
A_nofilter,AMZN,2024-04-24,2024-04-25,179.94,173.26656,18,120.12191999999999,-184.67999999999984,-1.5374379630295607,1,False,close_below_ema20
A_nofilter,PGR,2024-04-16,2024-04-29,208.78,201.88791,18,124.05761999999993,-14.04000000000002,-0.11317321741300557,9,False,close_below_ema20
A_nofilter,COP,2024-04-25,2024-04-30,129.7,126.81306,27,77.94737999999988,-77.94737999999988,-1.0,3,False,stop
A_nofilter,PGR,2024-04-30,2024-05-01,208.03,205.03476,34,101.83815999999985,38.419999999999845,0.37726526088059625,1,False,close_below_ema20
A_nofilter,WFC,2024-05-01,2024-05-03,59.99,59.2407,120,89.91600000000062,-89.91600000000062,-1.0,2,False,stop
A_nofilter,GE,2024-04-23,2024-05-10,157.83,147.87031229868586,10,99.59687701314152,100.79999999999984,1.0120799268304324,13,False,time_stop_10d
A_nofilter,GE,2024-05-16,2024-05-20,163.74,157.87197,21,123.2286300000001,-80.22000000000045,-0.6509850835800122,2,False,close_below_ema20
A_nofilter,AMZN,2024-05-20,2024-05-21,185.3,182.54727,29,79.8291700000004,-87.0,-1.0898271897352754,1,False,close_below_ema20
A_nofilter,MRK,2024-05-21,2024-05-28,131.74,128.59128,40,125.94879999999989,-116.00000000000023,-0.9210091719809981,4,False,close_below_ema20
A_nofilter,PANW,2024-05-03,2024-05-30,147.89,141.858,12,72.38399999999979,72.38399999999979,1.0,18,True,breakeven_stop
A_nofilter,BAC,2024-05-03,2024-05-31,37.49,36.61335,142,124.48430000000072,210.39430000000078,1.6901271887298204,19,True,close_below_ema20
A_nofilter,ANET,2024-05-28,2024-06-03,78.0,72.6673591241798,23,122.65074014386468,-66.70000000000013,-0.5438206073747582,4,False,close_below_ema20
A_nofilter,GE,2024-06-03,2024-06-04,166.12,159.90993,20,124.20140000000004,-102.40000000000009,-0.8244673570507262,1,False,close_below_ema20
A_nofilter,JPM,2024-05-30,2024-06-06,198.99,195.2046,21,79.49340000000021,-36.33000000000038,-0.45701907328155905,5,False,close_below_ema20
A_nofilter,GE,2024-06-06,2024-06-07,162.94,158.19164999999998,25,118.7087500000004,-56.00000000000023,-0.4717428159255323,1,False,close_below_ema20
A_nofilter,TXN,2024-06-10,2024-06-17,197.39,190.06974,17,124.44441999999984,-71.73999999999998,-0.5764822560947295,5,False,close_below_ema20
A_nofilter,SYK,2024-06-17,2024-06-21,345.07,340.66899,18,79.21817999999973,-32.22000000000037,-0.4067248199845096,3,False,close_below_ema20
A_nofilter,MU,2024-06-03,2024-06-28,128.13,120.88899,9,65.1690899999999,82.08999999999997,1.2596462525408918,18,True,close_below_ema20
A_nofilter,BSX,2024-04-22,2024-07-02,68.08,66.84308999999999,100,123.69100000000088,668.5000000000002,5.404596939146708,49,True,close_below_ema20
A_nofilter,BKNG,2024-06-04,2024-07-02,151.3772,148.03461719999999,22,73.53682160000005,114.18402160000005,1.5527462176853177,19,True,close_below_ema20
A_nofilter,UBER,2024-07-09,2024-07-10,71.78,68.81111999999999,23,68.2842400000003,-68.2842400000003,-1.0,1,False,stop
A_nofilter,NFLX,2024-07-02,2024-07-11,67.502,66.16377,53,70.92618999999978,-70.92618999999978,-1.0,6,False,stop
A_nofilter,META,2024-06-25,2024-07-12,507.8,491.89761,6,95.41434000000015,65.29434000000026,0.6843241802018455,12,True,stop_gap
A_nofilter,INTU,2024-07-11,2024-07-12,638.59,622.02735,7,115.93855000000053,-48.65000000000032,-0.4196188411878542,1,False,close_below_ema20
A_nofilter,GOOGL,2024-06-21,2024-07-17,177.29,173.92589999999998,35,117.74350000000027,216.61940000000038,1.8397567593964839,17,True,close_below_ema20
A_nofilter,KLAC,2024-07-02,2024-07-17,82.894,79.06285799999999,33,126.42768600000046,-126.42768600000046,-1.0,10,False,stop
A_nofilter,PGR,2024-07-12,2024-07-17,212.43,207.2925,24,123.30000000000041,151.74000000000046,1.230656934306569,3,True,close_below_ema20
A_nofilter,NOW,2024-07-15,2024-07-17,153.39,146.16369,9,65.03678999999985,-65.03678999999985,-1.0,2,False,stop
A_nofilter,QCOM,2024-07-16,2024-07-17,210.0,199.57023,12,125.15723999999989,-125.15723999999989,-1.0,1,False,stop
A_nofilter,COST,2024-07-18,2024-07-19,849.95,837.54162,10,124.08380000000079,-134.40000000000055,-1.083138975434341,1,False,close_below_ema20
A_nofilter,AAPL,2024-07-22,2024-07-24,227.01,222.04773,24,119.09447999999975,-119.09447999999975,-1.0,2,False,stop
A_nofilter,NVDA,2024-07-23,2024-07-24,124.07,116.44344,16,122.02495999999996,-78.39999999999986,-0.6424915033776687,1,False,close_below_ema20
A_nofilter,BSX,2024-07-22,2024-07-25,77.69,75.19169657086066,49,122.4168680278277,-122.4168680278277,-1.0,3,False,stop
A_nofilter,PGR,2024-07-24,2024-07-25,216.55,212.95683,34,122.1677800000005,-122.1677800000005,-1.0,1,False,stop
A_nofilter,MS,2024-07-25,2024-08-01,104.0,101.62827,50,118.58649999999997,-118.58649999999997,-1.0,5,False,stop
A_nofilter,AXP,2024-07-26,2024-08-02,244.96,237.41235,15,113.21475000000007,-113.21475000000007,-1.0,5,False,stop
A_nofilter,ISRG,2024-08-01,2024-08-05,447.31,431.12844,7,113.27091999999993,-113.27091999999993,-1.0,2,False,stop
A_nofilter,T,2024-07-25,2024-08-06,19.23,18.44696821476984,153,119.80386314021466,-52.01999999999998,-0.4342097043992431,8,False,close_below_ema20
A_nofilter,LOW,2024-08-06,2024-08-07,240.99,232.50726,13,110.27562000000009,-110.27562000000009,-1.0,1,False,stop
A_nofilter,NOW,2024-08-06,2024-08-08,158.19,149.07077999999998,12,109.43064000000015,2.5200000000000955,0.02302828531387637,2,False,close_below_ema20
A_nofilter,FISV,2024-08-07,2024-08-08,159.39,154.01583,21,112.85756999999984,-52.5,-0.4651881127690422,1,False,close_below_ema20
A_nofilter,SPGI,2024-08-07,2024-08-08,460.8988,442.0267308,6,113.23241519999999,-47.56859999999983,-0.42009701829622226,1,False,close_below_ema20
A_nofilter,BLK,2024-08-06,2024-08-13,848.92,814.0891176781486,3,104.49264696555417,-13.319999999999823,-0.1274730843443055,5,False,close_below_ema20
A_nofilter,AXP,2024-08-12,2024-08-13,238.34,225.5183715337971,5,64.10814233101448,1.8500000000000227,0.028857488810824936,1,False,close_below_ema20
A_nofilter,TJX,2024-08-13,2024-08-14,111.55,107.87976467588688,30,110.10705972339366,-99.5999999999998,-0.9045741503788289,1,False,close_below_ema20
A_nofilter,CB,2024-08-08,2024-08-23,269.85,262.09764,14,108.53304000000014,48.71999999999946,0.4488955621255923,11,False,time_stop_10d
A_nofilter,GS,2024-08-09,2024-08-26,487.73,457.64221902904654,3,90.26334291286042,73.83000000000004,0.8179400143785389,11,False,time_stop_10d
A_nofilter,AAPL,2024-08-14,2024-08-29,221.89,209.25146828547582,8,101.1082537161933,65.68000000000006,0.6496007752676761,11,False,time_stop_10d
A_nofilter,MS,2024-08-30,2024-09-03,102.92,101.17872,42,73.13376000000014,-73.13376000000014,-1.0,1,False,stop
A_nofilter,PLTR,2024-08-29,2024-09-04,30.8,29.72025,107,115.53325000000007,-115.53325000000007,-1.0,3,False,stop
A_nofilter,META,2024-09-03,2024-09-04,523.54,511.93755000000004,8,92.81959999999935,-139.75999999999976,-1.505716465056957,1,False,close_below_ema20
A_nofilter,BLK,2024-08-23,2024-09-06,869.5,852.90624,6,99.56255999999985,99.56255999999985,1.0,9,True,breakeven_stop
A_nofilter,TJX,2024-09-05,2024-09-06,117.82,116.13375,62,104.54749999999919,-104.54749999999919,-1.0,1,False,stop
A_nofilter,JPM,2024-08-09,2024-09-09,204.91,194.69407115326038,11,112.37521731413577,163.83928846739616,1.457966377136311,20,True,close_below_ema20
A_nofilter,AXP,2024-09-06,2024-09-09,253.17,248.12163,22,111.0641399999995,-108.23999999999972,-0.9745719905632927,1,False,close_below_ema20
A_nofilter,RTX,2024-09-09,2024-09-11,120.77,117.95192999999999,38,107.08666000000022,-107.08666000000022,-1.0,2,False,stop
A_nofilter,COST,2024-09-06,2024-09-23,891.26,867.8313,4,93.71479999999974,62.88000000000011,0.6709719275930833,11,False,time_stop_10d
A_nofilter,AMGN,2024-09-11,2024-09-25,329.23,318.681,10,105.49000000000035,-2.300000000000182,-0.021803014503746082,10,False,close_below_ema20
A_nofilter,NEE,2024-09-23,2024-10-07,83.76,81.38853,43,101.9732100000001,-101.9732100000001,-1.0,10,False,stop
A_nofilter,BX,2024-09-09,2024-10-08,140.1,135.49437,20,92.11259999999982,191.5125999999998,2.07911404085869,21,True,close_below_ema20
A_nofilter,T,2024-10-08,2024-10-10,21.92,21.45852,123,56.762040000000205,-56.762040000000205,-1.0,2,False,stop
A_nofilter,UNH,2024-10-10,2024-10-15,595.18,578.9804399999999,4,64.79824000000008,-172.63999999999987,-2.6642698937501956,3,False,stop_gap
A_nofilter,AXP,2024-09-12,2024-10-22,254.63,241.43262652895618,4,52.78949388417527,84.76949388417529,1.6058023604122236,28,True,close_below_ema20
A_nofilter,NOW,2024-10-22,2024-10-24,183.726,179.774046,21,82.99103400000001,124.99199999999996,1.506090404898437,2,False,close_below_ema20
A_nofilter,UBER,2024-10-07,2024-10-25,74.32,71.8281,46,114.6273999999994,267.26000000000045,2.331554235723761,14,True,close_below_ema20
A_nofilter,NEE,2024-10-15,2024-10-25,83.19,79.88472454009342,36,118.98991655663696,-10.439999999999714,-0.08773852694510018,8,False,close_below_ema20
A_nofilter,ANET,2024-10-25,2024-10-28,99.975,95.4819225,26,116.82001499999996,-0.25999999999976353,-0.0022256460076619886,1,False,close_below_ema20
A_nofilter,ICE,2024-10-24,2024-10-31,166.03,163.15668,24,68.95968000000016,-161.0400000000002,-2.335277657900962,5,False,stop_gap
A_nofilter,PANW,2024-10-25,2024-10-31,183.865,178.61121,12,63.04548000000011,-18.300000000000068,-0.2902666456025085,4,False,close_below_ema20
A_nofilter,AAPL,2024-10-28,2024-10-31,233.32,227.53224,11,63.66535999999991,-43.77999999999989,-0.6876580922498506,3,False,close_below_ema20
A_nofilter,C,2024-11-06,2024-11-21,68.4,65.41981954180697,21,62.583789622053686,8.399999999999821,0.13422006003036566,11,False,time_stop_10d
A_nofilter,NVDA,2024-11-21,2024-11-25,149.35,139.8004853042433,9,85.94563226181029,-66.23999999999987,-0.7707197940928224,2,False,close_below_ema20
A_nofilter,PANW,2024-11-25,2024-11-29,197.005,187.4124,7,67.14820000000003,-27.159999999999968,-0.40447845214019074,3,False,close_below_ema20
A_nofilter,SYK,2024-11-05,2024-12-06,369.69,355.20444,8,115.88448000000017,107.19999999999982,0.925059162365829,22,False,close_below_ema20
A_nofilter,TMUS,2024-09-25,2024-12-10,203.73,196.0926242814014,15,114.56063577897865,355.8032600603802,3.105807310172666,53,True,close_below_ema20
A_nofilter,ORCL,2024-12-04,2024-12-10,188.0,179.44975501114027,7,59.85171492201812,-101.77999999999994,-1.7005360687260331,4,False,stop_gap
A_nofilter,BMY,2024-12-06,2024-12-11,59.23,57.532410000000006,52,88.27467999999953,-88.27467999999953,-1.0,3,False,stop
A_nofilter,ADP,2024-12-11,2024-12-12,302.77,295.32438,9,67.01057999999966,-16.469999999999857,-0.2457820839634568,1,False,close_below_ema20
A_nofilter,GILD,2024-12-10,2024-12-13,92.15,89.77014,34,80.91524000000027,-80.91524000000027,-1.0,3,False,stop
A_nofilter,T,2024-12-12,2024-12-16,23.58,23.08689,126,62.13185999999974,-62.13185999999974,-1.0,2,False,stop
A_nofilter,ISRG,2024-12-16,2024-12-17,547.1,531.60786,7,108.44498000000044,-108.44498000000044,-1.0,1,False,stop
A_nofilter,PANW,2024-12-16,2024-12-18,201.25,193.67113500000002,10,75.78864999999979,-75.78864999999979,-1.0,2,False,stop
A_nofilter,BKNG,2024-09-13,2024-12-19,155.84,149.16379923488464,11,73.43820841626905,331.0212076511536,4.507479346103182,68,True,close_below_ema20
A_nofilter,GILD,2024-12-17,2024-12-19,93.26,89.11490305417882,29,120.20781142881422,-82.93999999999998,-0.6899717997870393,2,False,close_below_ema20
A_nofilter,ISRG,2024-12-18,2024-12-19,546.01,530.8885799999999,5,75.60710000000029,-66.34999999999991,-0.8775630860064684,1,False,close_below_ema20
A_nofilter,WMT,2024-10-31,2024-12-23,81.83,81.2187,106,64.7978,577.3078,8.90937346638312,36,True,close_below_ema20
A_nofilter,AMZN,2024-12-23,2024-12-30,226.21,218.51127,8,61.589840000000095,-61.589840000000095,-1.0,4,False,stop
A_nofilter,NFLX,2024-12-20,2024-12-31,91.262,88.567344,43,115.87020799999978,-46.525999999999726,-0.40153548356450536,6,False,close_below_ema20
A_nofilter,GILD,2024-12-20,2024-12-31,91.48,89.06085,31,74.99365000000006,34.40999999999998,0.4588388483558269,6,False,close_below_ema20
A_nofilter,BLK,2024-12-23,2024-12-31,1036.77,1000.97802,3,107.3759399999999,-17.879700000000184,-0.16651495670259278,5,False,close_below_ema20
A_nofilter,TSLA,2024-12-31,2025-01-02,427.0,414.99459,9,108.04868999999985,-332.0999999999998,-3.0736143122142456,1,False,close_below_ema20
A_nofilter,DIS,2025-01-02,2025-01-03,111.7,109.72017,42,83.15286000000029,-13.859999999999928,-0.1666809776596966,1,False,close_below_ema20
A_nofilter,CSCO,2025-01-02,2025-01-06,59.38,58.351589999999995,110,113.12510000000088,-51.70000000000066,-0.45701617059344257,2,False,close_below_ema20
A_nofilter,PLTR,2025-01-03,2025-01-07,76.53,72.34758000000001,26,108.74291999999983,-108.74291999999983,-1.0,2,False,stop
A_nofilter,AXP,2025-01-03,2025-01-10,300.68,293.83587,9,61.59717000000006,-61.59717000000006,-1.0,4,False,stop
A_nofilter,TJX,2025-01-10,2025-01-13,122.01,119.39049,42,110.01942000000022,-81.90000000000012,-0.7444140316318697,1,False,close_below_ema20
A_nofilter,ANET,2025-01-14,2025-01-27,114.61,108.982908,19,106.91474800000009,54.23000000000012,0.5072265614842966,8,True,stop_gap
A_nofilter,GOOGL,2025-01-17,2025-01-28,196.53,187.17264,6,56.14416,-22.680000000000007,-0.4039600913078049,6,False,close_below_ema20
A_nofilter,AXP,2025-01-14,2025-02-11,299.6,290.86884000000003,12,104.77391999999986,158.35391999999956,1.5113868031281046,19,True,close_below_ema20
A_nofilter,ISRG,2025-01-30,2025-02-14,581.24,562.78665,6,110.7201,71.51999999999975,0.6459531738139666,11,False,time_stop_10d
A_nofilter,JPM,2025-01-14,2025-02-21,244.54,238.50126,18,108.69731999999982,322.7173200000001,2.968953788373077,26,True,close_below_ema20
A_nofilter,WFC,2025-02-14,2025-02-21,79.66,77.73219,45,86.75144999999972,-33.75,-0.3890424886269925,4,False,close_below_ema20
A_nofilter,META,2025-01-17,2025-02-24,624.05,588.8569356809286,3,105.5791929572141,197.23000000000013,1.8680764123659048,24,True,close_below_ema20
A_nofilter,SCHW,2025-02-21,2025-02-24,82.17,79.86006,54,124.73675999999986,-64.25999999999988,-0.5151648960579058,1,False,close_below_ema20
A_nofilter,COST,2025-02-24,2025-02-27,1036.21,1023.6554199000001,7,87.88206069999967,-87.88206069999967,-1.0,3,False,stop
A_nofilter,IBM,2025-01-28,2025-02-28,224.32,219.62016,23,108.09631999999988,600.9600000000003,5.559486206375952,22,True,close_below_ema20
A_nofilter,ORCL,2025-02-27,2025-02-28,173.87,164.27555999999998,12,115.13328000000024,-129.1199999999999,-1.121482858822398,1,False,close_below_ema20
A_nofilter,GE,2025-02-27,2025-02-28,204.6,194.7305752069446,7,69.08597355138781,-18.55000000000004,-0.26850602295127396,1,False,close_below_ema20
A_nofilter,MA,2025-02-27,2025-03-04,566.68,552.1373100000001,8,116.34151999999904,-116.34151999999904,-1.0,3,False,stop
A_nofilter,C,2025-03-03,2025-03-04,80.0,76.38354,33,119.34318000000012,-180.17999999999978,-1.509763691565782,1,False,close_below_ema20
A_nofilter,BKNG,2025-03-03,2025-03-04,200.6404,195.6485556,19,94.84504359999983,-126.60840000000005,-1.334897377810898,1,False,close_below_ema20
A_nofilter,UBER,2025-03-05,2025-03-07,76.68,71.52839999999999,22,113.33520000000036,-59.18000000000026,-0.5221678701762567,2,False,close_below_ema20
A_nofilter,TMUS,2025-03-07,2025-03-11,263.97,257.22252000000003,17,114.70715999999993,-114.70715999999993,-1.0,2,False,stop
A_nofilter,GILD,2025-02-12,2025-03-19,101.74,97.97935290871945,19,71.45229473433038,147.19164764304986,2.0599988872341886,24,True,close_below_ema20
A_nofilter,PM,2025-03-11,2025-03-20,151.66,149.50035,36,77.74739999999997,77.74739999999997,1.0,7,True,breakeven_stop
A_nofilter,BMY,2025-03-18,2025-03-26,60.13,58.30164,48,87.76128000000017,-38.88000000000011,-0.4430199741845155,6,False,close_below_ema20
A_nofilter,PGR,2025-03-26,2025-03-27,276.25,267.12261,7,63.89172999999994,-18.129999999999825,-0.2837612943020927,1,False,close_below_ema20
A_nofilter,RTX,2025-03-07,2025-04-04,128.86,125.83403999999999,38,114.986480000001,60.646480000000736,0.527422702216819,20,True,close_below_ema20
A_nofilter,PM,2025-03-26,2025-04-04,152.38,149.94989999999999,48,116.64480000000049,116.64480000000049,1.0,7,True,breakeven_stop
A_nofilter,TMUS,2025-04-03,2025-04-04,268.51,262.15758,18,114.34355999999991,-114.34355999999991,-1.0,1,False,stop
A_nofilter,PM,2025-04-10,2025-04-11,152.94,144.93492,14,112.0711199999999,-14.840000000000032,-0.1324159158934081,1,False,close_below_ema20
A_nofilter,BRK-B,2025-04-11,2025-04-17,521.41,486.7521026670912,3,103.97369199872628,-7.529999999999973,-0.07242216617730779,4,False,close_below_ema20
A_nofilter,T,2025-04-14,2025-04-17,26.9,25.157168490900187,66,115.02687960058759,18.480000000000075,0.16065810064716102,3,False,close_below_ema20
A_nofilter,PGR,2025-04-10,2025-04-21,272.85,253.31988134235718,5,97.65059328821422,-43.35000000000008,-0.4439297145082695,6,False,close_below_ema20
A_nofilter,VRTX,2025-04-25,2025-05-06,494.1,472.4271,5,108.36450000000013,-142.7000000000001,-1.316851921062709,7,False,stop_gap
A_nofilter,TJX,2025-04-23,2025-05-08,127.19,122.12775,23,116.43174999999981,43.239999999999895,0.37137636426490167,11,False,time_stop_10d
A_nofilter,MCD,2025-05-07,2025-05-09,317.24,310.36932,13,89.31883999999991,-56.420000000000414,-0.6316696455081646,2,False,close_below_ema20
A_nofilter,PM,2025-04-14,2025-05-13,155.44,146.619459123351,13,114.66703139643707,172.55649051978807,1.5048483284023497,20,True,close_below_ema20
A_nofilter,T,2025-04-30,2025-05-13,27.6,26.603369999999998,118,117.60234000000038,-64.90000000000009,-0.5518597674161916,9,False,close_below_ema20
A_nofilter,WMT,2025-05-12,2025-05-13,97.67,96.19371000000001,73,107.76916999999939,-107.76916999999939,-1.0,1,False,stop
A_nofilter,WMT,2025-05-14,2025-05-15,97.32,95.13477,52,113.63195999999948,-157.0399999999998,-1.3820055554792905,1,False,stop_gap
A_nofilter,UBER,2025-05-27,2025-05-29,89.17,86.61330000000001,39,99.7112999999997,-99.7112999999997,-1.0,2,False,stop
A_nofilter,BSX,2025-05-15,2025-06-02,103.48,101.71817999999999,64,112.75648000000092,112.75648000000092,1.0,11,True,breakeven_stop
A_nofilter,T,2025-06-02,2025-06-05,27.8,27.13284,126,84.06215999999989,-46.620000000000125,-0.5545896036932692,3,False,close_below_ema20
A_nofilter,ICE,2025-05-15,2025-06-10,174.0,170.40942,26,93.3550799999997,52.0,0.5570130730968273,17,False,close_below_ema20
A_nofilter,WMT,2025-06-10,2025-06-11,97.85,96.67322999999999,66,77.66682000000031,-36.95999999999921,-0.4758788888227825,1,False,close_below_ema20
A_nofilter,V,2025-05-29,2025-06-13,360.91,351.86778000000004,9,81.37997999999988,-81.37997999999988,-1.0,11,False,stop
A_nofilter,PM,2025-06-11,2025-06-26,181.29,178.10172,35,111.58979999999971,-15.39999999999992,-0.1380054449421001,10,False,close_below_ema20
A_nofilter,PLTR,2025-06-09,2025-06-30,128.13,118.81107,12,111.82715999999994,169.78715999999991,1.5182998477292995,14,True,close_below_ema20
A_nofilter,ICE,2025-06-13,2025-07-01,179.14,174.56526,18,82.34531999999984,74.88000000000045,0.9093412958987905,11,False,time_stop_10d
A_nofilter,ABT,2025-07-01,2025-07-03,136.26,132.24761999999998,28,112.3466400000002,-44.520000000000095,-0.39627353341408356,2,False,close_below_ema20
A_nofilter,PANW,2025-07-03,2025-07-10,197.92,194.71509,20,64.09819999999968,64.09819999999968,1.0,4,True,breakeven_stop
A_nofilter,META,2025-07-14,2025-07-16,725.16,708.9903,5,80.8484999999996,-58.94999999999982,-0.7291415425147048,2,False,close_below_ema20
A_nofilter,MS,2025-07-18,2025-08-01,141.69,136.3470380496309,18,96.17331510664383,-96.17331510664383,-1.0,10,False,stop
A_nofilter,C,2025-08-04,2025-08-06,92.03,87.85206,28,116.98232000000019,-4.200000000000159,-0.03590286121868803,2,False,close_below_ema20
A_nofilter,UBER,2025-08-06,2025-08-07,90.955,86.11757048056943,26,125.77316750519486,-6.109999999999985,-0.04857951915497096,1,False,close_below_ema20
A_nofilter,INTU,2025-08-07,2025-08-08,783.48,764.91432,3,55.69704000000013,-68.94000000000005,-1.2377677521103436,1,False,close_below_ema20
A_nofilter,GE,2025-07-08,2025-08-14,249.44,243.41634,14,84.3312400000001,249.18124000000017,2.9547916051038725,27,True,close_below_ema20
A_nofilter,SCHW,2025-07-17,2025-08-14,91.99,89.86005,55,117.14724999999966,265.37729999999976,2.265331025696297,20,True,close_below_ema20
A_nofilter,RTX,2025-06-26,2025-08-18,142.42,140.32953,51,106.61396999999909,416.7834999999996,3.909276617313877,36,True,close_below_ema20
A_nofilter,PLTR,2025-07-07,2025-08-20,135.62,128.38148999999999,16,115.81616000000031,249.25616000000036,2.152170819685264,32,True,close_below_ema20
A_nofilter,WMT,2025-08-18,2025-08-21,100.77,99.44046,52,69.13607999999971,-70.71999999999997,-1.0229101794605693,3,False,stop_gap
A_nofilter,GE,2025-08-21,2025-08-25,268.94,263.5362,23,124.28739999999976,-44.61999999999995,-0.35900662496761565,2,False,close_below_ema20
A_nofilter,MS,2025-08-08,2025-08-26,142.71,137.62167593997336,17,86.50150902045306,78.36999999999975,0.9059957553049088,12,False,time_stop_10d
A_nofilter,META,2025-08-25,2025-08-26,756.9,730.269,4,106.52399999999989,-24.40000000000009,-0.22905636288536027,1,False,close_below_ema20
A_nofilter,UBER,2025-08-14,2025-09-02,92.2,88.82109,37,125.01967000000018,2.220000000000084,0.01775720572610759,12,False,time_stop_10d
A_nofilter,NVDA,2025-08-25,2025-09-02,178.59,169.26842270928887,13,121.18050477924473,-111.67000000000004,-0.921517864638623,5,False,close_below_ema20
A_nofilter,AVGO,2025-08-26,2025-09-02,298.4,281.58813,7,117.68308999999999,-63.420000000000016,-0.5389049522747917,4,False,close_below_ema20
A_nofilter,TMUS,2025-09-02,2025-09-08,253.15,248.61114,27,122.54921999999999,-324.5400000000003,-2.6482420695945703,4,False,stop_gap
A_nofilter,NVDA,2025-09-11,2025-09-17,179.68,169.4058003203568,11,113.01619647607524,-77.44000000000023,-0.685211522017499,4,False,close_below_ema20
A_nofilter,AMZN,2025-09-16,2025-09-23,233.73,226.06371,10,76.66290000000004,-58.99999999999977,-0.7696030283226926,5,False,close_below_ema20
A_nofilter,BAC,2025-09-09,2025-10-02,49.91,48.831120000000006,110,118.676799999999,159.37679999999912,1.3429482426219823,17,True,close_below_ema20
A_nofilter,UBER,2025-09-22,2025-10-02,99.0,93.03313641442342,19,113.37040812595494,-36.48000000000003,-0.3217770898334477,8,False,close_below_ema20
A_nofilter,ANET,2025-09-18,2025-10-03,144.0,138.3615,21,118.40849999999986,42.20999999999981,0.3564777866453832,11,False,time_stop_10d
A_nofilter,QCOM,2025-10-02,2025-10-08,167.75,164.32551,27,92.46122999999977,-40.769999999999754,-0.440941570861645,4,False,close_below_ema20
A_nofilter,GS,2025-10-03,2025-10-09,791.0,771.6675600000001,4,77.32975999999962,-48.59999999999991,-0.6284773158483894,4,False,close_below_ema20
A_nofilter,GE,2025-08-26,2025-10-13,271.92,263.5362,14,117.37320000000011,294.2099999999998,2.5066199098260893,33,True,close_below_ema20
A_nofilter,BLK,2025-09-26,2025-10-13,1152.0,1116.882,2,70.23599999999988,-8.760000000000218,-0.12472236459935408,11,False,close_below_ema20
A_nofilter,TSLA,2025-10-10,2025-10-13,436.54,416.16342,5,101.88290000000023,-65.05000000000024,-0.6384780959317029,1,False,close_below_ema20
A_nofilter,ETN,2025-10-10,2025-10-13,381.87,367.12251000000003,8,117.97991999999977,-57.11999999999989,-0.48415018420083694,1,False,close_below_ema20
A_nofilter,BLK,2025-10-14,2025-10-21,1163.4399,1130.24862,3,99.57384000000002,-99.57384000000002,-1.0,5,False,stop
A_nofilter,PLTR,2025-10-14,2025-10-22,179.22,170.59923,13,112.07000999999991,-112.07000999999991,-1.0,6,False,stop
A_nofilter,NVDA,2025-10-22,2025-10-23,182.79,177.11271,19,107.86850999999999,-45.030000000000086,-0.41745269309829247,1,False,close_below_ema20
A_nofilter,TSLA,2025-10-15,2025-10-31,434.9,411.03855,5,119.30724999999995,59.250000000000114,0.49661692814141756,12,False,time_stop_10d
A_nofilter,JNJ,2025-10-31,2025-11-04,189.38,184.47534,22,107.90252000000015,-56.099999999999625,-0.5199137147121267,2,False,close_below_ema20
A_nofilter,RTX,2025-10-21,2025-11-05,171.81,165.42981328582636,19,121.22354756929928,58.89999999999989,0.4858791974086455,11,False,time_stop_10d
A_nofilter,ANET,2025-10-23,2025-11-06,147.49,136.65321,11,119.20469000000008,-75.24000000000004,-0.631183219385076,10,False,close_below_ema20
A_nofilter,MS,2025-11-04,2025-11-07,164.66,161.40842999999998,24,78.03768000000036,-78.03768000000036,-1.0,3,False,stop
A_nofilter,QCOM,2025-11-05,2025-11-07,179.34,168.65117999999998,11,117.57702000000023,-72.71000000000015,-0.6184031539496408,2,False,close_below_ema20
A_nofilter,INTC,2025-11-06,2025-11-07,38.69,36.59337,57,119.50790999999987,-81.50999999999999,-0.6820469038409264,1,False,close_below_ema20
A_nofilter,LRCX,2025-10-15,2025-11-14,144.0,133.15147509174994,11,119.33377399075061,129.5452490825005,1.0855707043384162,22,True,close_below_ema20
A_nofilter,GE,2025-11-07,2025-11-14,308.03,301.13856,17,117.15447999999981,-120.01999999999907,-1.0244593292548374,5,False,close_below_ema20
A_nofilter,PLD,2025-10-15,2025-11-17,116.67,111.96509612315312,20,94.0980775369377,162.6980775369377,1.7290265837054049,23,True,close_below_ema20
A_nofilter,PLD,2025-11-19,2025-11-20,124.25,122.18769,56,115.4893599999998,-33.59999999999968,-0.2909358922761347,1,False,close_below_ema20
A_nofilter,C,2025-11-20,2025-11-21,101.07,96.28362,24,114.87311999999986,-70.55999999999995,-0.6142429142692393,1,False,close_below_ema20
A_nofilter,MS,2025-11-20,2025-11-21,164.2,157.63221,10,65.67790000000002,-44.199999999999875,-0.6729813224844257,1,False,close_below_ema20
A_nofilter,NEE,2025-11-07,2025-11-24,82.97,80.51939999999999,48,117.62880000000041,38.399999999999864,0.32645066514322796,11,False,close_below_ema20
A_nofilter,ABBV,2025-11-21,2025-11-26,234.95,227.772,15,107.66999999999996,-107.66999999999996,-1.0,3,False,stop
A_nofilter,TMO,2025-11-20,2025-12-05,574.62,555.90354,6,112.2987599999999,20.279999999999973,0.18058970553192208,10,False,close_below_ema20
A_nofilter,NEE,2025-11-26,2025-12-05,85.34,81.64243621332777,31,114.62447738683925,-56.72999999999995,-0.4949204680649953,6,False,close_below_ema20
A_nofilter,REGN,2025-12-05,2025-12-08,735.0,719.3499300000001,7,109.5504899999994,-109.5504899999994,-1.0,1,False,stop
A_nofilter,AAPL,2025-11-24,2025-12-10,273.33,265.05468,13,107.57915999999955,57.46000000000021,0.534118318083172,11,False,time_stop_10d
A_nofilter,GS,2025-11-25,2025-12-10,797.0,753.246,1,43.75400000000002,87.50800000000004,2.0,10,False,target_2R_all
A_nofilter,JNJ,2025-12-09,2025-12-10,203.26,200.60919,33,87.47672999999929,-88.10999999999959,-1.0072392966678143,1,False,close_below_ema20
A_nofilter,PLD,2025-12-10,2025-12-17,128.23,126.48339,64,111.78303999999935,-45.4399999999996,-0.40650173765179287,5,False,close_below_ema20
A_nofilter,PLD,2025-12-18,2025-12-19,129.03,126.96291000000001,54,111.62285999999963,-40.5,-0.36282890440184146,1,False,close_below_ema20
A_nofilter,BAC,2025-12-11,2025-12-30,54.55,53.216730000000005,56,74.66311999999954,52.64000000000027,0.7050334890907398,12,False,time_stop_10d
A_nofilter,CSCO,2025-12-19,2025-12-31,77.81,75.84408,28,55.045759999999916,-13.159999999999968,-0.23907381785627063,7,False,close_below_ema20
A_nofilter,AMAT,2025-12-19,2026-01-02,260.82,246.67308,7,99.02843999999996,43.819999999999936,0.44249914469015117,8,False,close_below_ema20
A_nofilter,BAC,2026-01-02,2026-01-12,55.42,54.87507,129,70.2959700000001,61.30103999999994,0.8720420245997011,6,True,stop_gap
A_nofilter,JPM,2026-01-05,2026-01-13,325.73,320.41926,17,90.28258000000017,-90.28258000000017,-1.0,6,False,stop
A_nofilter,WFC,2026-01-13,2026-01-14,95.54,93.55635000000001,29,57.52584999999992,-138.9100000000002,-2.414740503617076,1,False,close_below_ema20
A_nofilter,MS,2025-12-19,2026-01-15,177.07,172.40742,23,107.2393399999998,149.7367599999999,1.3962857287260455,17,True,close_below_ema20
A_nofilter,GE,2026-01-12,2026-01-20,322.3,309.95973,9,111.06243000000029,-111.06243000000029,-1.0,5,False,stop
A_nofilter,PLD,2026-01-13,2026-01-23,130.05,125.90547143643074,27,111.90227121637021,-84.24000000000012,-0.7527997339492484,7,False,close_below_ema20
A_nofilter,TMO,2026-01-14,2026-01-29,620.22,593.7057,4,106.0572000000002,-137.6800000000003,-1.2981674040046318,10,False,close_below_ema20
A_nofilter,SCHW,2026-01-15,2026-02-02,102.2,99.5004,23,62.09080000000009,35.190000000000026,0.5667506297229216,11,False,time_stop_10d
A_nofilter,GS,2026-01-29,2026-02-02,937.3,916.1329499999999,3,63.50115000000005,-63.50115000000005,-1.0,2,False,stop
A_nofilter,AMD,2026-02-02,2026-02-04,245.24,234.31545,10,109.2455000000001,-302.4000000000001,-2.768077403645915,2,False,stop_gap
A_nofilter,GOOGL,2026-01-21,2026-02-05,327.73,320.10957,8,60.96343999999999,-1.0765599999999722,-0.017659108475505524,11,True,stop_gap
A_nofilter,AMZN,2026-01-23,2026-02-05,235.72,226.65312,12,108.80255999999997,-129.72000000000003,-1.1922513587915584,9,False,close_below_ema20
A_nofilter,MU,2026-02-06,2026-02-11,390.93,363.5361,3,82.18170000000009,13.379999999999939,0.1628099686426531,3,False,close_below_ema20
A_nofilter,MS,2026-02-10,2026-02-11,183.82,174.2517864875228,11,105.2503486372492,-44.54999999999981,-0.42327650764886016,1,False,close_below_ema20
A_nofilter,NVDA,2026-02-09,2026-02-17,187.0,174.06988924614825,8,103.440886030814,-42.0,-0.40602900469635017,5,False,close_below_ema20
A_nofilter,LOW,2026-02-20,2026-02-23,282.11,276.45327000000003,16,90.50767999999971,-90.50767999999971,-1.0,1,False,stop
A_nofilter,GS,2026-02-23,2026-02-24,922.37,868.131,2,108.47800000000007,-73.8599999999999,-0.6808753848706637,1,False,close_below_ema20
A_nofilter,CSCO,2026-02-23,2026-02-24,79.33,74.5523515607066,22,105.10826566445482,-34.980000000000075,-0.3327997068438881,1,False,close_below_ema20
A_nofilter,RTX,2026-02-11,2026-02-25,196.41,192.88692,29,102.1693199999998,129.39623999999998,1.2664882177937586,9,True,close_below_ema20
A_nofilter,REGN,2026-02-12,2026-02-25,784.8,744.32493,1,40.47506999999996,-10.669999999999959,-0.26361906230180626,8,False,close_below_ema20
A_nofilter,WMT,2026-02-24,2026-02-27,126.8,120.92895,18,105.67889999999994,-23.04000000000002,-0.21801892336123893,3,False,close_below_ema20
A_nofilter,REGN,2026-02-27,2026-03-04,784.5,753.03621,3,94.39137000000005,-52.350000000000136,-0.554605786524765,3,False,close_below_ema20
A_nofilter,LMT,2026-02-27,2026-03-05,648.09,633.4059599999999,7,102.78828000000067,112.2299999999999,1.0918559975903788,4,True,breakeven_stop
A_nofilter,WMT,2026-03-02,2026-03-05,128.6,121.72065366603202,15,103.1901950095196,-103.1901950095196,-1.0,3,False,stop
A_nofilter,RTX,2026-03-02,2026-03-05,210.65,201.10190229846225,7,66.8366839107643,-66.8366839107643,-1.0,3,False,stop
A_nofilter,ADI,2026-03-04,2026-03-05,344.04,334.74492,6,55.77048000000025,-55.77048000000025,-1.0,1,False,stop
A_nofilter,AMGN,2026-02-02,2026-03-06,345.5,337.73193,12,93.21684000000027,205.4168400000002,2.203645178274651,23,True,close_below_ema20
A_nofilter,GE,2026-03-05,2026-03-06,340.25,328.75092,9,103.49171999999993,-149.21999999999986,-1.4418544787930856,1,False,close_below_ema20
A_nofilter,LMT,2026-03-06,2026-03-10,663.0,646.58277,6,98.5033800000001,-98.5033800000001,-1.0,2,False,stop
A_nofilter,XOM,2026-03-06,2026-03-10,153.15,147.71214,18,97.88148000000001,-97.88148000000001,-1.0,2,False,stop
A_nofilter,BMY,2026-03-10,2026-03-11,60.64,59.19075,70,101.44749999999995,-44.80000000000004,-0.44160772813524296,1,False,close_below_ema20
A_nofilter,AMGN,2026-03-10,2026-03-13,378.82,361.0386,5,88.9070000000001,-40.69999999999993,-0.45778172697312797,3,False,close_below_ema20
A_nofilter,JNJ,2026-03-09,2026-03-16,240.87,235.19457,14,79.45602000000008,42.69999999999976,0.5374042143062252,5,False,close_below_ema20
A_nofilter,WMT,2026-03-13,2026-03-18,125.39,121.49838,25,97.29050000000008,-26.500000000000057,-0.27238013989032883,3,False,close_below_ema20
A_nofilter,RTX,2026-03-16,2026-03-18,206.29,199.8999,15,95.85149999999985,-29.699999999999847,-0.3098543058794061,2,False,close_below_ema20
A_nofilter,CSCO,2026-03-17,2026-03-19,79.18,75.1503828697809,17,68.50349121372484,-27.710000000000164,-0.40450493119463665,2,False,close_below_ema20
A_nofilter,NEE,2026-03-20,2026-03-23,92.74,90.2097,39,98.68169999999988,-66.29999999999956,-0.6718570920444179,1,False,close_below_ema20
A_nofilter,NEE,2026-03-25,2026-03-26,92.5,89.08083,29,99.15592999999983,-23.199999999999918,-0.23397491204005608,1,False,close_below_ema20
A_nofilter,JNJ,2026-03-26,2026-03-27,241.46,232.8725201151799,11,94.46227873302124,-2.9700000000001125,-0.03144112168195968,1,False,close_below_ema20
A_nofilter,PFE,2026-03-26,2026-03-30,27.53,26.41356,60,66.98640000000005,-6.599999999999966,-0.09852746229085249,2,False,close_below_ema20
A_nofilter,NEE,2026-03-27,2026-03-30,92.0,89.08083,28,81.73675999999983,19.879999999999825,0.2432198193322058,1,False,close_below_ema20
A_nofilter,VZ,2026-03-23,2026-04-02,50.46,48.86109,62,99.13242000000022,-40.29999999999991,-0.40652694648228926,8,False,close_below_ema20
A_nofilter,CVX,2026-04-07,2026-04-08,199.97,194.71509,19,99.84328999999991,-162.64000000000004,-1.6289527318260464,1,False,stop_gap
A_nofilter,XOM,2026-03-11,2026-04-09,150.4,147.5523,31,88.2787000000001,188.79100000000022,2.1385792948921996,20,True,close_below_ema20
A_nofilter,JNJ,2026-04-09,2026-04-13,241.33,233.6661,11,84.30290000000014,-39.82000000000005,-0.47234436775010097,2,False,close_below_ema20
A_nofilter,TJX,2026-04-08,2026-04-14,161.46,157.27257,21,87.93603000000013,-62.369999999999976,-0.7092655877232561,4,False,close_below_ema20
A_nofilter,MRK,2026-04-08,2026-04-16,119.6,116.3835,31,99.71149999999989,-76.56999999999996,-0.7679154360329556,6,False,close_below_ema20
A_nofilter,TJX,2026-04-20,2026-04-22,161.4,156.26358,19,97.59198000000029,-38.0,-0.3893762581720331,2,False,close_below_ema20
A_nofilter,SBUX,2026-04-23,2026-04-28,99.97,96.75314999999999,30,96.50550000000024,-96.50550000000024,-1.0,3,False,stop
A_nofilter,JPM,2026-04-28,2026-04-30,315.2,306.57312,11,94.89567999999969,-94.89567999999969,-1.0,2,False,stop
A_nofilter,LIN,2026-04-24,2026-05-01,508.26,488.9885148754101,5,96.3574256229495,-24.499999999999886,-0.2542616704587914,5,False,close_below_ema20
A_nofilter,WMT,2026-04-30,2026-05-11,128.08,125.78408999999999,32,73.46912000000066,73.46912000000066,1.0,7,True,breakeven_stop
A_nofilter,AMAT,2026-05-01,2026-05-19,396.01,376.69293,5,96.58535,102.34828000000005,1.059666709288728,12,True,close_below_ema20
A_nofilter,KLAC,2026-05-06,2026-05-19,178.469,164.4354,7,98.23520000000005,-53.206999999999994,-0.5416286626382393,9,False,close_below_ema20
A_nofilter,LRCX,2026-05-01,2026-05-20,258.58,241.3584,5,86.10799999999998,131.88639999999998,1.5316393366470016,13,True,close_below_ema20
A_nofilter,WMT,2026-05-12,2026-05-21,130.6,126.25362,24,104.31311999999991,-148.55999999999995,-1.4241736801660239,7,False,stop_gap
A_nofilter,CAT,2026-05-20,2026-05-22,871.22,844.70445,4,106.0622000000003,27.11999999999989,0.25569901435195397,2,False,close_below_ema20
A_nofilter,C,2026-05-21,2026-05-29,125.28,119.64024,16,90.23615999999993,-10.079999999999927,-0.11170688114387775,5,False,close_below_ema20
A_nofilter,PLD,2026-05-22,2026-06-01,145.43,140.21898389125593,20,104.22032217488152,-104.22032217488152,-1.0,5,False,stop
A_nofilter,TXN,2026-06-03,2026-06-05,308.64,289.64007,5,94.99965000000003,-94.99965000000003,-1.0,2,False,stop
A_nofilter,PLD,2026-06-04,2026-06-09,143.61,138.0669514317171,20,110.86097136565854,11.7999999999995,0.10643962302187433,3,False,close_below_ema20
A_nofilter,LIN,2026-06-05,2026-06-09,512.29,492.9894641303777,5,96.50267934811126,-21.699999999999875,-0.2248642229064139,2,False,close_below_ema20
A_nofilter,MRK,2026-06-11,2026-06-15,120.04,117.14274,35,101.4041000000001,-101.4041000000001,-1.0,2,False,stop
A_nofilter,CSCO,2026-04-15,2026-06-18,82.65,81.16875,65,96.28125000000018,1281.1499999999999,13.306329113924024,45,True,close_below_ema20
A_nofilter,AAPL,2026-06-16,2026-06-18,297.78,287.09262,10,106.87379999999962,3.3000000000004093,0.030877539677642424,2,False,close_below_ema20
A_nofilter,LLY,2026-06-18,2026-06-22,1121.49,1103.7951,6,106.16939999999977,-106.16939999999977,-1.0,1,False,stop
A_nofilter,AAPL,2026-06-22,2026-06-23,300.57,287.09262,5,67.38689999999991,-15.149999999999864,-0.224821144762556,1,False,close_below_ema20
A_nofilter,CAT,2026-06-15,2026-06-30,935.0,867.2279952842241,1,67.77200471577589,135.54400943155179,2.0,10,False,target_2R_all
A_nofilter,LIN,2026-06-23,2026-06-30,523.88,506.61288,3,51.80135999999993,-34.559999999999945,-0.6671639509078524,5,False,close_below_ema20
A_nofilter,ETN,2026-06-30,2026-07-02,411.74,397.72188,8,112.14496000000008,-112.14496000000008,-1.0,2,False,stop
A_nofilter,ANET,2026-06-30,2026-07-06,165.66,154.58526,10,110.74739999999991,-27.949999999999875,-0.2523761280174514,3,False,close_below_ema20
A_nofilter,AMAT,2026-05-21,2026-07-07,427.5,396.97263,3,91.58211000000006,296.7547400000001,3.2403134192911685,30,True,close_below_ema20
A_nofilter,C,2026-07-02,2026-07-08,141.88,138.12174,30,112.74780000000021,-112.74780000000021,-1.0,3,False,stop
A_nofilter,CB,2026-07-13,2026-07-15,352.5,342.73692,9,87.86772000000002,-98.00999999999988,-1.1154266891185962,2,False,stop_gap
A_nofilter,AMD,2026-07-09,2026-07-16,537.27,497.65184999999997,2,79.23630000000003,-79.23630000000003,-1.0,5,False,stop
A_nofilter,JNJ,2026-07-15,2026-07-16,256.39,251.88786,12,54.025679999999966,-89.87999999999977,-1.6636532848822971,1,False,close_below_ema20
A_nofilter,JNJ,2026-07-17,2026-07-21,253.55,245.80395000000001,8,61.968399999999974,-48.80000000000018,-0.7874981442154421,2,False,close_below_ema20
A_nofilter,SBUX,2026-07-09,2026-07-23,104.3,99.98991000000001,25,107.7522499999997,-37.9999999999999,-0.3526608493094112,10,False,close_below_ema20
A_nofilter,PANW,2026-06-10,2026-07-24,266.44,250.89885,6,93.24689999999993,278.19689999999986,2.9834439536327757,30,True,close_below_ema20
A_nofilter,UNH,2026-06-22,2026-07-27,406.2,398.19140999999996,13,104.11167000000034,210.27308000000033,2.0196878985804343,24,True,close_below_ema20
A_nofilter,GS,2026-07-21,2026-07-27,1087.9,1046.10285,1,41.7971500000001,-7.719900000000052,-0.18469919599781406,4,False,close_below_ema20
A_nofilter,SBUX,2026-07-27,2026-07-28,105.16,101.82807000000001,32,106.62175999999954,21.440000000000055,0.201084656640447,1,False,close_below_ema20
A_nofilter,UNH,2026-07-28,2026-07-30,422.88,412.12746000000004,9,96.77285999999958,-69.20999999999998,-0.7151798551784072,2,False,close_below_ema20
A_nofilter,ABBV,2026-07-16,2026-07-31,247.75,242.82693,16,78.76911999999993,78.76911999999993,1.0,11,True,breakeven_stop
A_nofilter,PLD,2026-07-24,2026-08-03,145.79,142.17767999999998,29,104.75728000000032,-29.579999999999472,-0.2823670106745744,6,False,close_below_ema20
A_nofilter,SBUX,2026-07-30,2026-08-04,107.22,101.92678536413149,20,105.86429271737018,-83.19999999999993,-0.7859118298000823,3,False,close_below_ema20
A_nofilter,MRK,2026-08-03,2026-08-04,131.04,127.12275,23,90.0967499999999,-90.0967499999999,-1.0,1,False,stop
A_nofilter,COP,2026-08-05,2026-08-06,118.8,113.09679,18,102.65777999999997,21.60000000000005,0.21040782296285832,1,False,close_below_ema20
A_nofilter,CB,2026-08-06,2026-08-10,356.23,341.87778000000003,5,71.76109999999994,-30.649999999999977,-0.4271116245431021,2,False,close_below_ema20
A_nofilter,GE,2026-08-03,2026-08-14,363.79,347.31234,6,98.86596000000009,-7.740000000000123,-0.07828781513880122,9,False,close_below_ema20
A_nofilter,UNP,2026-07-31,2026-08-17,293.87,284.50521000000003,11,103.01268999999968,16.2800000000002,0.1580387814355712,11,False,time_stop_10d
A_nofilter,DE,2026-08-04,2026-08-17,616.23,589.46994,3,80.2801800000002,-29.58000000000004,-0.3684595624972436,9,False,close_below_ema20
A_nofilter,LLY,2026-08-06,2026-08-17,1216.9399,1134.1737667045647,1,82.76613329543534,-41.739900000000034,-0.5043113449677374,7,False,close_below_ema20
A_nofilter,GE,2026-08-17,2026-08-19,368.69,359.19045,10,94.99549999999999,-94.99549999999999,-1.0,2,False,stop
A_nofilter,SBUX,2026-08-24,2026-08-26,107.41,102.86703,22,99.94533999999993,-28.160000000000025,-0.28175400674008455,2,False,close_below_ema20
A_nofilter,LLY,2026-08-19,2026-08-27,1245.8101,1164.8865679934638,1,80.9235320065361,-63.56009999999992,-0.7854340810886287,6,False,close_below_ema20
A_nofilter,JNJ,2026-08-10,2026-08-28,259.6,250.18956,7,65.87308000000016,43.25999999999965,0.6567174329786849,14,False,time_stop_10d
A_nofilter,PM,2026-08-26,2026-08-31,195.0,187.80201,14,100.77186000000006,-100.77186000000006,-1.0,3,False,stop
A_nofilter,COP,2026-08-28,2026-09-04,130.2,127.872,43,100.10399999999952,190.1200000000003,1.8992248062015624,5,True,end_of_test
A_nofilter,AAPL,2026-08-28,2026-09-04,316.85,306.70299,5,50.735050000000115,15.600000000000023,0.3074797403373011,5,False,end_of_test
A_nofilter,DE,2026-08-31,2026-09-04,648.0,616.59279,3,94.22162999999989,136.58999999999992,1.4496671305728852,4,False,end_of_test
A_nofilter,ABBV,2026-09-01,2026-09-04,260.99,252.07767,11,98.03562999999997,-49.830000000000325,-0.5082845900005981,3,False,end_of_test
A_nofilter,NVDA,2026-09-03,2026-09-04,227.95,214.8849,4,52.260400000000004,9.6400000000001,0.18446089199470533,1,False,end_of_test
